{"type": "FeatureCollection", "features": [{"type": "Feature", "properties": {"name": "New York Packaging District", "city": "New York", "state": "New York", "type": "Manufacturing Hub"}, "geometry": {"type": "Point", "coordinates": [-73.9479, 40.6835]}}, {"type": "Feature", "properties": {"name": "New York Industrial Park", "city": "New York", "state": "New York", "type": "Manufacturing Hub"}, "geometry": {"type": "Point", "coordinates": [-74.0025, 40.7373]}}, {"type": "Feature", "properties": {"name": "New York Industrial Park", "city": "New York", "state": "New York", "type": "Manufacturing Hub"}, "geometry": {"type": "Point", "coordinates": [-73.9556, 40.7735]}}, {"type": "Feature", "properties": {"name": "New York Assembly Plant District", "city": "New York", "state": "New York", "type": "Manufacturing Hub"}, "geometry": {"type": "Point", "coordinates": [-73.9167, 40.6947]}}, {"type": "Feature", "properties": {"name": "New York Packaging District", "city": "New York", "state": "New York", "type": "Manufacturing Hub"}, "geometry": {"type": "Point", "coordinates": [-73.9886, 40.744]}}, {"type": "Feature", "properties": {"name": "New York Manufacturing District", "city": "New York", "state": "New York", "type": "Manufacturing Hub"}, "geometry": {"type": "Point", "coordinates": [-74.006, 40.754]}}, {"type": "Feature", "properties": {"name": "New York Food Processing Hub", "city": "New York", "state": "New York", "type": "Manufacturing Hub"}, "geometry": {"type": "Point", "coordinates": [-74.0681, 40.7133]}}, {"type": "Feature", "properties": {"name": "New York Distribution Center", "city": "New York", "state": "New York", "type": "Manufacturing Hub"}, "geometry": {"type": "Point", "coordinates": [-74.0463, 40.6746]}}, {"type": "Feature", "properties": {"name": "New York Production Hub", "city": "New York", "state": "New York", "type": "Manufacturing Hub"}, "geometry": {"type": "Point", "coordinates": [-74.0354, 40.7289]}}, {"type": "Feature", "properties": {"name": "New York Assembly Plant District", "city": "New York", "state": "New York", "type": "Manufacturing Hub"}, "geometry": {"type": "Point", "coordinates": [-74.0382, 40.7665]}}, {"type": "Feature", "properties": {"name": "Los Angeles Warehouse District", "city": "Los Angeles", "state": "California", "type": "Manufacturing Hub"}, "geometry": {"type": "Point", "coordinates": [-118.3307, 34.0285]}}, {"type": "Feature", "properties": {"name": "Los Angeles Distribution Center", "city": "Los Angeles", "state": "California", "type": "Manufacturing Hub"}, "geometry": {"type": "Point", "coordinates": [-118.2497, 33.998]}}, {"type": "Feature", "properties": {"name": "Los Angeles Assembly Plant District", "city": "Los Angeles", "state": "California", "type": "Manufacturing Hub"}, "geometry": {"type": "Point", "coordinates": [-118.3148, 34.1196]}}, {"type": "Feature", "properties": {"name": "Los Angeles Aerospace Corridor", "city": "Los Angeles", "state": "California", "type": "Manufacturing Hub"}, "geometry": {"type": "Point", "coordinates": [-118.1525, 34.0061]}}, {"type": "Feature", "properties": {"name": "Los Angeles Industrial Park", "city": "Los Angeles", "state": "California", "type": "Manufacturing Hub"}, "geometry": {"type": "Point", "coordinates": [-118.1779, 34.0472]}}, {"type": "Feature", "properties": {"name": "Los Angeles Warehouse District", "city": "Los Angeles", "state": "California", "type": "Manufacturing Hub"}, "geometry": {"type": "Point", "coordinates": [-118.3171, 34.0449]}}, {"type": "Feature", "properties": {"name": "Los Angeles Steel District", "city": "Los Angeles", "state": "California", "type": "Manufacturing Hub"}, "geometry": {"type": "Point", "coordinates": [-118.2687, 34.0365]}}, {"type": "Feature", "properties": {"name": "Los Angeles Steel District", "city": "Los Angeles", "state": "California", "type": "Manufacturing Hub"}, "geometry": {"type": "Point", "coordinates": [-118.1743, 34.0064]}}, {"type": "Feature", "properties": {"name": "Los Angeles Manufacturing District", "city": "Los Angeles", "state": "California", "type": "Manufacturing Hub"}, "geometry": {"type": "Point", "coordinates": [-118.2302, 34.1199]}}, {"type": "Feature", "properties": {"name": "Los Angeles Logistics Park", "city": "Los Angeles", "state": "California", "type": "Manufacturing Hub"}, "geometry": {"type": "Point", "coordinates": [-118.2322, 34.0607]}}, {"type": "Feature", "properties": {"name": "Los Angeles Textile District", "city": "Los Angeles", "state": "California", "type": "Manufacturing Hub"}, "geometry": {"type": "Point", "coordinates": [-118.1543, 34.0931]}}, {"type": "Feature", "properties": {"name": "Los Angeles Aerospace Corridor", "city": "Los Angeles", "state": "California", "type": "Manufacturing Hub"}, "geometry": {"type": "Point", "coordinates": [-118.2393, 33.995]}}, {"type": "Feature", "properties": {"name": "Chicago Industrial Zone", "city": "Chicago", "state": "Illinois", "type": "Manufacturing Hub"}, "geometry": {"type": "Point", "coordinates": [-87.5319, 41.8094]}}, {"type": "Feature", "properties": {"name": "Chicago Logistics Park", "city": "Chicago", "state": "Illinois", "type": "Manufacturing Hub"}, "geometry": {"type": "Point", "coordinates": [-87.5416, 41.8415]}}, {"type": "Feature", "properties": {"name": "Chicago Industrial Park", "city": "Chicago", "state": "Illinois", "type": "Manufacturing Hub"}, "geometry": {"type": "Point", "coordinates": [-87.7025, 41.9019]}}, {"type": "Feature", "properties": {"name": "Chicago Warehouse District", "city": "Chicago", "state": "Illinois", "type": "Manufacturing Hub"}, "geometry": {"type": "Point", "coordinates": [-87.6591, 41.9099]}}, {"type": "Feature", "properties": {"name": "Chicago Manufacturing District", "city": "Chicago", "state": "Illinois", "type": "Manufacturing Hub"}, "geometry": {"type": "Point", "coordinates": [-87.5527, 41.937]}}, {"type": "Feature", "properties": {"name": "Chicago Industrial Complex", "city": "Chicago", "state": "Illinois", "type": "Manufacturing Hub"}, "geometry": {"type": "Point", "coordinates": [-87.6946, 41.8379]}}, {"type": "Feature", "properties": {"name": "Chicago Textile District", "city": "Chicago", "state": "Illinois", "type": "Manufacturing Hub"}, "geometry": {"type": "Point", "coordinates": [-87.6394, 41.8296]}}, {"type": "Feature", "properties": {"name": "Chicago Production Hub", "city": "Chicago", "state": "Illinois", "type": "Manufacturing Hub"}, "geometry": {"type": "Point", "coordinates": [-87.683, 41.9115]}}, {"type": "Feature", "properties": {"name": "Chicago Food Processing Hub", "city": "Chicago", "state": "Illinois", "type": "Manufacturing Hub"}, "geometry": {"type": "Point", "coordinates": [-87.6736, 41.8972]}}, {"type": "Feature", "properties": {"name": "Chicago Steel District", "city": "Chicago", "state": "Illinois", "type": "Manufacturing Hub"}, "geometry": {"type": "Point", "coordinates": [-87.6567, 41.9072]}}, {"type": "Feature", "properties": {"name": "Houston Steel District", "city": "Houston", "state": "Texas", "type": "Manufacturing Hub"}, "geometry": {"type": "Point", "coordinates": [-95.4322, 29.738]}}, {"type": "Feature", "properties": {"name": "Houston Industrial Complex", "city": "Houston", "state": "Texas", "type": "Manufacturing Hub"}, "geometry": {"type": "Point", "coordinates": [-95.388, 29.8254]}}, {"type": "Feature", "properties": {"name": "Houston Industrial Zone", "city": "Houston", "state": "Texas", "type": "Manufacturing Hub"}, "geometry": {"type": "Point", "coordinates": [-95.3506, 29.7912]}}, {"type": "Feature", "properties": {"name": "Houston Warehouse District", "city": "Houston", "state": "Texas", "type": "Manufacturing Hub"}, "geometry": {"type": "Point", "coordinates": [-95.3618, 29.8262]}}, {"type": "Feature", "properties": {"name": "Houston Auto Manufacturing Hub", "city": "Houston", "state": "Texas", "type": "Manufacturing Hub"}, "geometry": {"type": "Point", "coordinates": [-95.2851, 29.8204]}}, {"type": "Feature", "properties": {"name": "Houston Distribution Center", "city": "Houston", "state": "Texas", "type": "Manufacturing Hub"}, "geometry": {"type": "Point", "coordinates": [-95.333, 29.8144]}}, {"type": "Feature", "properties": {"name": "Houston Industrial Zone", "city": "Houston", "state": "Texas", "type": "Manufacturing Hub"}, "geometry": {"type": "Point", "coordinates": [-95.419, 29.7563]}}, {"type": "Feature", "properties": {"name": "Houston Aerospace Corridor", "city": "Houston", "state": "Texas", "type": "Manufacturing Hub"}, "geometry": {"type": "Point", "coordinates": [-95.2867, 29.7617]}}, {"type": "Feature", "properties": {"name": "Houston Industrial Park", "city": "Houston", "state": "Texas", "type": "Manufacturing Hub"}, "geometry": {"type": "Point", "coordinates": [-95.4007, 29.6907]}}, {"type": "Feature", "properties": {"name": "Philadelphia Assembly Plant District", "city": "Philadelphia", "state": "Pennsylvania", "type": "Manufacturing Hub"}, "geometry": {"type": "Point", "coordinates": [-75.1276, 39.9099]}}, {"type": "Feature", "properties": {"name": "Philadelphia Industrial Park", "city": "Philadelphia", "state": "Pennsylvania", "type": "Manufacturing Hub"}, "geometry": {"type": "Point", "coordinates": [-75.1837, 39.8897]}}, {"type": "Feature", "properties": {"name": "Philadelphia Production Hub", "city": "Philadelphia", "state": "Pennsylvania", "type": "Manufacturing Hub"}, "geometry": {"type": "Point", "coordinates": [-75.0813, 40.0016]}}, {"type": "Feature", "properties": {"name": "Philadelphia Packaging District", "city": "Philadelphia", "state": "Pennsylvania", "type": "Manufacturing Hub"}, "geometry": {"type": "Point", "coordinates": [-75.1448, 39.9848]}}, {"type": "Feature", "properties": {"name": "Philadelphia Auto Manufacturing Hub", "city": "Philadelphia", "state": "Pennsylvania", "type": "Manufacturing Hub"}, "geometry": {"type": "Point", "coordinates": [-75.1836, 39.9815]}}, {"type": "Feature", "properties": {"name": "Philadelphia Logistics Park", "city": "Philadelphia", "state": "Pennsylvania", "type": "Manufacturing Hub"}, "geometry": {"type": "Point", "coordinates": [-75.1333, 39.9938]}}, {"type": "Feature", "properties": {"name": "Philadelphia Chemical Plant Zone", "city": "Philadelphia", "state": "Pennsylvania", "type": "Manufacturing Hub"}, "geometry": {"type": "Point", "coordinates": [-75.0845, 39.9707]}}, {"type": "Feature", "properties": {"name": "Philadelphia Manufacturing District", "city": "Philadelphia", "state": "Pennsylvania", "type": "Manufacturing Hub"}, "geometry": {"type": "Point", "coordinates": [-75.1348, 39.9359]}}, {"type": "Feature", "properties": {"name": "Philadelphia Manufacturing District", "city": "Philadelphia", "state": "Pennsylvania", "type": "Manufacturing Hub"}, "geometry": {"type": "Point", "coordinates": [-75.1935, 39.9176]}}, {"type": "Feature", "properties": {"name": "Philadelphia Packaging District", "city": "Philadelphia", "state": "Pennsylvania", "type": "Manufacturing Hub"}, "geometry": {"type": "Point", "coordinates": [-75.1805, 39.9011]}}, {"type": "Feature", "properties": {"name": "Phoenix Food Processing Hub", "city": "Phoenix", "state": "Arizona", "type": "Manufacturing Hub"}, "geometry": {"type": "Point", "coordinates": [-112.0162, 33.3998]}}, {"type": "Feature", "properties": {"name": "Phoenix Food Processing Hub", "city": "Phoenix", "state": "Arizona", "type": "Manufacturing Hub"}, "geometry": {"type": "Point", "coordinates": [-112.0439, 33.4938]}}, {"type": "Feature", "properties": {"name": "Phoenix Textile District", "city": "Phoenix", "state": "Arizona", "type": "Manufacturing Hub"}, "geometry": {"type": "Point", "coordinates": [-112.1179, 33.5131]}}, {"type": "Feature", "properties": {"name": "Phoenix Manufacturing District", "city": "Phoenix", "state": "Arizona", "type": "Manufacturing Hub"}, "geometry": {"type": "Point", "coordinates": [-111.9776, 33.4036]}}, {"type": "Feature", "properties": {"name": "Phoenix Packaging District", "city": "Phoenix", "state": "Arizona", "type": "Manufacturing Hub"}, "geometry": {"type": "Point", "coordinates": [-112.0557, 33.3868]}}, {"type": "Feature", "properties": {"name": "Phoenix Distribution Center", "city": "Phoenix", "state": "Arizona", "type": "Manufacturing Hub"}, "geometry": {"type": "Point", "coordinates": [-112.1553, 33.4691]}}, {"type": "Feature", "properties": {"name": "Phoenix Assembly Plant District", "city": "Phoenix", "state": "Arizona", "type": "Manufacturing Hub"}, "geometry": {"type": "Point", "coordinates": [-112.0407, 33.5172]}}, {"type": "Feature", "properties": {"name": "San Antonio Textile District", "city": "San Antonio", "state": "Texas", "type": "Manufacturing Hub"}, "geometry": {"type": "Point", "coordinates": [-98.5766, 29.3778]}}, {"type": "Feature", "properties": {"name": "San Antonio Steel District", "city": "San Antonio", "state": "Texas", "type": "Manufacturing Hub"}, "geometry": {"type": "Point", "coordinates": [-98.5416, 29.4144]}}, {"type": "Feature", "properties": {"name": "San Antonio Auto Manufacturing Hub", "city": "San Antonio", "state": "Texas", "type": "Manufacturing Hub"}, "geometry": {"type": "Point", "coordinates": [-98.5171, 29.4835]}}, {"type": "Feature", "properties": {"name": "San Antonio Industrial Park", "city": "San Antonio", "state": "Texas", "type": "Manufacturing Hub"}, "geometry": {"type": "Point", "coordinates": [-98.4876, 29.3619]}}, {"type": "Feature", "properties": {"name": "San Antonio Industrial Park", "city": "San Antonio", "state": "Texas", "type": "Manufacturing Hub"}, "geometry": {"type": "Point", "coordinates": [-98.513, 29.4581]}}, {"type": "Feature", "properties": {"name": "San Antonio Aerospace Corridor", "city": "San Antonio", "state": "Texas", "type": "Manufacturing Hub"}, "geometry": {"type": "Point", "coordinates": [-98.5349, 29.4465]}}, {"type": "Feature", "properties": {"name": "San Antonio Steel District", "city": "San Antonio", "state": "Texas", "type": "Manufacturing Hub"}, "geometry": {"type": "Point", "coordinates": [-98.5602, 29.4389]}}, {"type": "Feature", "properties": {"name": "San Antonio Textile District", "city": "San Antonio", "state": "Texas", "type": "Manufacturing Hub"}, "geometry": {"type": "Point", "coordinates": [-98.4141, 29.4521]}}, {"type": "Feature", "properties": {"name": "San Diego Packaging District", "city": "San Diego", "state": "California", "type": "Manufacturing Hub"}, "geometry": {"type": "Point", "coordinates": [-117.078, 32.758]}}, {"type": "Feature", "properties": {"name": "San Diego Manufacturing District", "city": "San Diego", "state": "California", "type": "Manufacturing Hub"}, "geometry": {"type": "Point", "coordinates": [-117.0775, 32.6822]}}, {"type": "Feature", "properties": {"name": "San Diego Industrial Zone", "city": "San Diego", "state": "California", "type": "Manufacturing Hub"}, "geometry": {"type": "Point", "coordinates": [-117.2207, 32.7187]}}, {"type": "Feature", "properties": {"name": "San Diego Distribution Center", "city": "San Diego", "state": "California", "type": "Manufacturing Hub"}, "geometry": {"type": "Point", "coordinates": [-117.1444, 32.7804]}}, {"type": "Feature", "properties": {"name": "San Diego Textile District", "city": "San Diego", "state": "California", "type": "Manufacturing Hub"}, "geometry": {"type": "Point", "coordinates": [-117.214, 32.6679]}}, {"type": "Feature", "properties": {"name": "San Diego Logistics Park", "city": "San Diego", "state": "California", "type": "Manufacturing Hub"}, "geometry": {"type": "Point", "coordinates": [-117.2118, 32.7606]}}, {"type": "Feature", "properties": {"name": "San Diego Industrial Complex", "city": "San Diego", "state": "California", "type": "Manufacturing Hub"}, "geometry": {"type": "Point", "coordinates": [-117.1367, 32.719]}}, {"type": "Feature", "properties": {"name": "San Diego Textile District", "city": "San Diego", "state": "California", "type": "Manufacturing Hub"}, "geometry": {"type": "Point", "coordinates": [-117.2459, 32.7363]}}, {"type": "Feature", "properties": {"name": "San Diego Warehouse District", "city": "San Diego", "state": "California", "type": "Manufacturing Hub"}, "geometry": {"type": "Point", "coordinates": [-117.0875, 32.7721]}}, {"type": "Feature", "properties": {"name": "San Diego Assembly Plant District", "city": "San Diego", "state": "California", "type": "Manufacturing Hub"}, "geometry": {"type": "Point", "coordinates": [-117.2131, 32.7374]}}, {"type": "Feature", "properties": {"name": "San Diego Assembly Plant District", "city": "San Diego", "state": "California", "type": "Manufacturing Hub"}, "geometry": {"type": "Point", "coordinates": [-117.0745, 32.7367]}}, {"type": "Feature", "properties": {"name": "San Diego Food Processing Hub", "city": "San Diego", "state": "California", "type": "Manufacturing Hub"}, "geometry": {"type": "Point", "coordinates": [-117.0729, 32.6792]}}, {"type": "Feature", "properties": {"name": "San Diego Assembly Plant District", "city": "San Diego", "state": "California", "type": "Manufacturing Hub"}, "geometry": {"type": "Point", "coordinates": [-117.2424, 32.7403]}}, {"type": "Feature", "properties": {"name": "Dallas Production Hub", "city": "Dallas", "state": "Texas", "type": "Manufacturing Hub"}, "geometry": {"type": "Point", "coordinates": [-96.7458, 32.8012]}}, {"type": "Feature", "properties": {"name": "Dallas Warehouse District", "city": "Dallas", "state": "Texas", "type": "Manufacturing Hub"}, "geometry": {"type": "Point", "coordinates": [-96.728, 32.7432]}}, {"type": "Feature", "properties": {"name": "Dallas Chemical Plant Zone", "city": "Dallas", "state": "Texas", "type": "Manufacturing Hub"}, "geometry": {"type": "Point", "coordinates": [-96.7785, 32.8106]}}, {"type": "Feature", "properties": {"name": "Dallas Manufacturing District", "city": "Dallas", "state": "Texas", "type": "Manufacturing Hub"}, "geometry": {"type": "Point", "coordinates": [-96.7634, 32.829]}}, {"type": "Feature", "properties": {"name": "Dallas Food Processing Hub", "city": "Dallas", "state": "Texas", "type": "Manufacturing Hub"}, "geometry": {"type": "Point", "coordinates": [-96.8474, 32.8145]}}, {"type": "Feature", "properties": {"name": "Dallas Industrial Park", "city": "Dallas", "state": "Texas", "type": "Manufacturing Hub"}, "geometry": {"type": "Point", "coordinates": [-96.851, 32.7723]}}, {"type": "Feature", "properties": {"name": "San Jose Food Processing Hub", "city": "San Jose", "state": "California", "type": "Manufacturing Hub"}, "geometry": {"type": "Point", "coordinates": [-121.9348, 37.3517]}}, {"type": "Feature", "properties": {"name": "San Jose Assembly Plant District", "city": "San Jose", "state": "California", "type": "Manufacturing Hub"}, "geometry": {"type": "Point", "coordinates": [-121.9041, 37.3289]}}, {"type": "Feature", "properties": {"name": "San Jose Distribution Center", "city": "San Jose", "state": "California", "type": "Manufacturing Hub"}, "geometry": {"type": "Point", "coordinates": [-121.9323, 37.281]}}, {"type": "Feature", "properties": {"name": "San Jose Industrial Park", "city": "San Jose", "state": "California", "type": "Manufacturing Hub"}, "geometry": {"type": "Point", "coordinates": [-121.9662, 37.3361]}}, {"type": "Feature", "properties": {"name": "San Jose Textile District", "city": "San Jose", "state": "California", "type": "Manufacturing Hub"}, "geometry": {"type": "Point", "coordinates": [-121.8934, 37.3016]}}, {"type": "Feature", "properties": {"name": "San Jose Textile District", "city": "San Jose", "state": "California", "type": "Manufacturing Hub"}, "geometry": {"type": "Point", "coordinates": [-121.8026, 37.3797]}}, {"type": "Feature", "properties": {"name": "San Jose Manufacturing District", "city": "San Jose", "state": "California", "type": "Manufacturing Hub"}, "geometry": {"type": "Point", "coordinates": [-121.9606, 37.2773]}}, {"type": "Feature", "properties": {"name": "Austin Food Processing Hub", "city": "Austin", "state": "Texas", "type": "Manufacturing Hub"}, "geometry": {"type": "Point", "coordinates": [-97.8133, 30.3322]}}, {"type": "Feature", "properties": {"name": "Austin Textile District", "city": "Austin", "state": "Texas", "type": "Manufacturing Hub"}, "geometry": {"type": "Point", "coordinates": [-97.7164, 30.2985]}}, {"type": "Feature", "properties": {"name": "Austin Chemical Plant Zone", "city": "Austin", "state": "Texas", "type": "Manufacturing Hub"}, "geometry": {"type": "Point", "coordinates": [-97.6532, 30.2443]}}, {"type": "Feature", "properties": {"name": "Austin Textile District", "city": "Austin", "state": "Texas", "type": "Manufacturing Hub"}, "geometry": {"type": "Point", "coordinates": [-97.6981, 30.3131]}}, {"type": "Feature", "properties": {"name": "Austin Warehouse District", "city": "Austin", "state": "Texas", "type": "Manufacturing Hub"}, "geometry": {"type": "Point", "coordinates": [-97.774, 30.3059]}}, {"type": "Feature", "properties": {"name": "Austin Steel District", "city": "Austin", "state": "Texas", "type": "Manufacturing Hub"}, "geometry": {"type": "Point", "coordinates": [-97.6502, 30.277]}}, {"type": "Feature", "properties": {"name": "Austin Food Processing Hub", "city": "Austin", "state": "Texas", "type": "Manufacturing Hub"}, "geometry": {"type": "Point", "coordinates": [-97.7391, 30.2929]}}, {"type": "Feature", "properties": {"name": "Austin Assembly Plant District", "city": "Austin", "state": "Texas", "type": "Manufacturing Hub"}, "geometry": {"type": "Point", "coordinates": [-97.7599, 30.313]}}, {"type": "Feature", "properties": {"name": "Indianapolis Packaging District", "city": "Indianapolis", "state": "Indiana", "type": "Manufacturing Hub"}, "geometry": {"type": "Point", "coordinates": [-86.1278, 39.7412]}}, {"type": "Feature", "properties": {"name": "Indianapolis Packaging District", "city": "Indianapolis", "state": "Indiana", "type": "Manufacturing Hub"}, "geometry": {"type": "Point", "coordinates": [-86.1299, 39.7149]}}, {"type": "Feature", "properties": {"name": "Indianapolis Auto Manufacturing Hub", "city": "Indianapolis", "state": "Indiana", "type": "Manufacturing Hub"}, "geometry": {"type": "Point", "coordinates": [-86.1594, 39.7496]}}, {"type": "Feature", "properties": {"name": "Indianapolis Warehouse District", "city": "Indianapolis", "state": "Indiana", "type": "Manufacturing Hub"}, "geometry": {"type": "Point", "coordinates": [-86.0807, 39.7358]}}, {"type": "Feature", "properties": {"name": "Indianapolis Aerospace Corridor", "city": "Indianapolis", "state": "Indiana", "type": "Manufacturing Hub"}, "geometry": {"type": "Point", "coordinates": [-86.1823, 39.7906]}}, {"type": "Feature", "properties": {"name": "Indianapolis Food Processing Hub", "city": "Indianapolis", "state": "Indiana", "type": "Manufacturing Hub"}, "geometry": {"type": "Point", "coordinates": [-86.0968, 39.7377]}}, {"type": "Feature", "properties": {"name": "Indianapolis Chemical Plant Zone", "city": "Indianapolis", "state": "Indiana", "type": "Manufacturing Hub"}, "geometry": {"type": "Point", "coordinates": [-86.1371, 39.7112]}}, {"type": "Feature", "properties": {"name": "Jacksonville Packaging District", "city": "Jacksonville", "state": "Florida", "type": "Manufacturing Hub"}, "geometry": {"type": "Point", "coordinates": [-81.6922, 30.3567]}}, {"type": "Feature", "properties": {"name": "Jacksonville Industrial Zone", "city": "Jacksonville", "state": "Florida", "type": "Manufacturing Hub"}, "geometry": {"type": "Point", "coordinates": [-81.7176, 30.3271]}}, {"type": "Feature", "properties": {"name": "Jacksonville Auto Manufacturing Hub", "city": "Jacksonville", "state": "Florida", "type": "Manufacturing Hub"}, "geometry": {"type": "Point", "coordinates": [-81.5855, 30.2841]}}, {"type": "Feature", "properties": {"name": "Jacksonville Industrial Park", "city": "Jacksonville", "state": "Florida", "type": "Manufacturing Hub"}, "geometry": {"type": "Point", "coordinates": [-81.6376, 30.3837]}}, {"type": "Feature", "properties": {"name": "Jacksonville Industrial Zone", "city": "Jacksonville", "state": "Florida", "type": "Manufacturing Hub"}, "geometry": {"type": "Point", "coordinates": [-81.7167, 30.2859]}}, {"type": "Feature", "properties": {"name": "Jacksonville Logistics Park", "city": "Jacksonville", "state": "Florida", "type": "Manufacturing Hub"}, "geometry": {"type": "Point", "coordinates": [-81.6192, 30.2701]}}, {"type": "Feature", "properties": {"name": "Jacksonville Logistics Park", "city": "Jacksonville", "state": "Florida", "type": "Manufacturing Hub"}, "geometry": {"type": "Point", "coordinates": [-81.7246, 30.3917]}}, {"type": "Feature", "properties": {"name": "San Francisco Food Processing Hub", "city": "San Francisco", "state": "California", "type": "Manufacturing Hub"}, "geometry": {"type": "Point", "coordinates": [-122.4595, 37.8091]}}, {"type": "Feature", "properties": {"name": "San Francisco Food Processing Hub", "city": "San Francisco", "state": "California", "type": "Manufacturing Hub"}, "geometry": {"type": "Point", "coordinates": [-122.3451, 37.7226]}}, {"type": "Feature", "properties": {"name": "San Francisco Textile District", "city": "San Francisco", "state": "California", "type": "Manufacturing Hub"}, "geometry": {"type": "Point", "coordinates": [-122.4606, 37.7729]}}, {"type": "Feature", "properties": {"name": "San Francisco Production Hub", "city": "San Francisco", "state": "California", "type": "Manufacturing Hub"}, "geometry": {"type": "Point", "coordinates": [-122.4471, 37.7377]}}, {"type": "Feature", "properties": {"name": "San Francisco Aerospace Corridor", "city": "San Francisco", "state": "California", "type": "Manufacturing Hub"}, "geometry": {"type": "Point", "coordinates": [-122.4204, 37.8273]}}, {"type": "Feature", "properties": {"name": "San Francisco Food Processing Hub", "city": "San Francisco", "state": "California", "type": "Manufacturing Hub"}, "geometry": {"type": "Point", "coordinates": [-122.488, 37.7886]}}, {"type": "Feature", "properties": {"name": "Columbus Packaging District", "city": "Columbus", "state": "Ohio", "type": "Manufacturing Hub"}, "geometry": {"type": "Point", "coordinates": [-83.0414, 39.9673]}}, {"type": "Feature", "properties": {"name": "Columbus Auto Manufacturing Hub", "city": "Columbus", "state": "Ohio", "type": "Manufacturing Hub"}, "geometry": {"type": "Point", "coordinates": [-82.9164, 39.9751]}}, {"type": "Feature", "properties": {"name": "Columbus Manufacturing District", "city": "Columbus", "state": "Ohio", "type": "Manufacturing Hub"}, "geometry": {"type": "Point", "coordinates": [-82.9625, 40.0136]}}, {"type": "Feature", "properties": {"name": "Columbus Production Hub", "city": "Columbus", "state": "Ohio", "type": "Manufacturing Hub"}, "geometry": {"type": "Point", "coordinates": [-82.9992, 39.9899]}}, {"type": "Feature", "properties": {"name": "Columbus Industrial Complex", "city": "Columbus", "state": "Ohio", "type": "Manufacturing Hub"}, "geometry": {"type": "Point", "coordinates": [-83.0502, 39.975]}}, {"type": "Feature", "properties": {"name": "Columbus Textile District", "city": "Columbus", "state": "Ohio", "type": "Manufacturing Hub"}, "geometry": {"type": "Point", "coordinates": [-82.9961, 39.9887]}}, {"type": "Feature", "properties": {"name": "Columbus Assembly Plant District", "city": "Columbus", "state": "Ohio", "type": "Manufacturing Hub"}, "geometry": {"type": "Point", "coordinates": [-83.0468, 39.951]}}, {"type": "Feature", "properties": {"name": "Columbus Production Hub", "city": "Columbus", "state": "Ohio", "type": "Manufacturing Hub"}, "geometry": {"type": "Point", "coordinates": [-82.905, 39.949]}}, {"type": "Feature", "properties": {"name": "Charlotte Distribution Center", "city": "Charlotte", "state": "North Carolina", "type": "Manufacturing Hub"}, "geometry": {"type": "Point", "coordinates": [-80.8928, 35.2696]}}, {"type": "Feature", "properties": {"name": "Charlotte Production Hub", "city": "Charlotte", "state": "North Carolina", "type": "Manufacturing Hub"}, "geometry": {"type": "Point", "coordinates": [-80.8103, 35.2361]}}, {"type": "Feature", "properties": {"name": "Charlotte Packaging District", "city": "Charlotte", "state": "North Carolina", "type": "Manufacturing Hub"}, "geometry": {"type": "Point", "coordinates": [-80.7483, 35.2309]}}, {"type": "Feature", "properties": {"name": "Charlotte Warehouse District", "city": "Charlotte", "state": "North Carolina", "type": "Manufacturing Hub"}, "geometry": {"type": "Point", "coordinates": [-80.8639, 35.1999]}}, {"type": "Feature", "properties": {"name": "Charlotte Industrial Park", "city": "Charlotte", "state": "North Carolina", "type": "Manufacturing Hub"}, "geometry": {"type": "Point", "coordinates": [-80.8636, 35.2036]}}, {"type": "Feature", "properties": {"name": "Charlotte Food Processing Hub", "city": "Charlotte", "state": "North Carolina", "type": "Manufacturing Hub"}, "geometry": {"type": "Point", "coordinates": [-80.7572, 35.2471]}}, {"type": "Feature", "properties": {"name": "Charlotte Aerospace Corridor", "city": "Charlotte", "state": "North Carolina", "type": "Manufacturing Hub"}, "geometry": {"type": "Point", "coordinates": [-80.848, 35.2703]}}, {"type": "Feature", "properties": {"name": "Fort Worth Aerospace Corridor", "city": "Fort Worth", "state": "Texas", "type": "Manufacturing Hub"}, "geometry": {"type": "Point", "coordinates": [-97.3548, 32.8248]}}, {"type": "Feature", "properties": {"name": "Fort Worth Food Processing Hub", "city": "Fort Worth", "state": "Texas", "type": "Manufacturing Hub"}, "geometry": {"type": "Point", "coordinates": [-97.3544, 32.7863]}}, {"type": "Feature", "properties": {"name": "Fort Worth Distribution Center", "city": "Fort Worth", "state": "Texas", "type": "Manufacturing Hub"}, "geometry": {"type": "Point", "coordinates": [-97.2724, 32.7772]}}, {"type": "Feature", "properties": {"name": "Fort Worth Industrial Complex", "city": "Fort Worth", "state": "Texas", "type": "Manufacturing Hub"}, "geometry": {"type": "Point", "coordinates": [-97.2557, 32.7484]}}, {"type": "Feature", "properties": {"name": "Fort Worth Aerospace Corridor", "city": "Fort Worth", "state": "Texas", "type": "Manufacturing Hub"}, "geometry": {"type": "Point", "coordinates": [-97.2417, 32.6996]}}, {"type": "Feature", "properties": {"name": "Fort Worth Steel District", "city": "Fort Worth", "state": "Texas", "type": "Manufacturing Hub"}, "geometry": {"type": "Point", "coordinates": [-97.3254, 32.7647]}}, {"type": "Feature", "properties": {"name": "Fort Worth Aerospace Corridor", "city": "Fort Worth", "state": "Texas", "type": "Manufacturing Hub"}, "geometry": {"type": "Point", "coordinates": [-97.3136, 32.7967]}}, {"type": "Feature", "properties": {"name": "Fort Worth Aerospace Corridor", "city": "Fort Worth", "state": "Texas", "type": "Manufacturing Hub"}, "geometry": {"type": "Point", "coordinates": [-97.3694, 32.6986]}}, {"type": "Feature", "properties": {"name": "Detroit Packaging District", "city": "Detroit", "state": "Michigan", "type": "Manufacturing Hub"}, "geometry": {"type": "Point", "coordinates": [-83.0443, 42.3887]}}, {"type": "Feature", "properties": {"name": "Detroit Food Processing Hub", "city": "Detroit", "state": "Michigan", "type": "Manufacturing Hub"}, "geometry": {"type": "Point", "coordinates": [-82.9875, 42.3107]}}, {"type": "Feature", "properties": {"name": "Detroit Logistics Park", "city": "Detroit", "state": "Michigan", "type": "Manufacturing Hub"}, "geometry": {"type": "Point", "coordinates": [-83.0132, 42.3364]}}, {"type": "Feature", "properties": {"name": "Detroit Assembly Plant District", "city": "Detroit", "state": "Michigan", "type": "Manufacturing Hub"}, "geometry": {"type": "Point", "coordinates": [-82.9852, 42.3506]}}, {"type": "Feature", "properties": {"name": "Detroit Assembly Plant District", "city": "Detroit", "state": "Michigan", "type": "Manufacturing Hub"}, "geometry": {"type": "Point", "coordinates": [-82.9543, 42.2746]}}, {"type": "Feature", "properties": {"name": "Detroit Warehouse District", "city": "Detroit", "state": "Michigan", "type": "Manufacturing Hub"}, "geometry": {"type": "Point", "coordinates": [-83.0509, 42.2637]}}, {"type": "Feature", "properties": {"name": "Detroit Logistics Park", "city": "Detroit", "state": "Michigan", "type": "Manufacturing Hub"}, "geometry": {"type": "Point", "coordinates": [-83.0378, 42.2629]}}, {"type": "Feature", "properties": {"name": "Detroit Auto Manufacturing Hub", "city": "Detroit", "state": "Michigan", "type": "Manufacturing Hub"}, "geometry": {"type": "Point", "coordinates": [-82.9827, 42.2988]}}, {"type": "Feature", "properties": {"name": "El Paso Logistics Park", "city": "El Paso", "state": "Texas", "type": "Manufacturing Hub"}, "geometry": {"type": "Point", "coordinates": [-106.3944, 31.7537]}}, {"type": "Feature", "properties": {"name": "El Paso Distribution Center", "city": "El Paso", "state": "Texas", "type": "Manufacturing Hub"}, "geometry": {"type": "Point", "coordinates": [-106.5316, 31.7938]}}, {"type": "Feature", "properties": {"name": "El Paso Steel District", "city": "El Paso", "state": "Texas", "type": "Manufacturing Hub"}, "geometry": {"type": "Point", "coordinates": [-106.4768, 31.7208]}}, {"type": "Feature", "properties": {"name": "El Paso Warehouse District", "city": "El Paso", "state": "Texas", "type": "Manufacturing Hub"}, "geometry": {"type": "Point", "coordinates": [-106.5223, 31.721]}}, {"type": "Feature", "properties": {"name": "El Paso Auto Manufacturing Hub", "city": "El Paso", "state": "Texas", "type": "Manufacturing Hub"}, "geometry": {"type": "Point", "coordinates": [-106.5067, 31.7251]}}, {"type": "Feature", "properties": {"name": "El Paso Chemical Plant Zone", "city": "El Paso", "state": "Texas", "type": "Manufacturing Hub"}, "geometry": {"type": "Point", "coordinates": [-106.526, 31.7298]}}, {"type": "Feature", "properties": {"name": "Memphis Production Hub", "city": "Memphis", "state": "Tennessee", "type": "Manufacturing Hub"}, "geometry": {"type": "Point", "coordinates": [-90.0623, 35.0937]}}, {"type": "Feature", "properties": {"name": "Memphis Food Processing Hub", "city": "Memphis", "state": "Tennessee", "type": "Manufacturing Hub"}, "geometry": {"type": "Point", "coordinates": [-90.0454, 35.1975]}}, {"type": "Feature", "properties": {"name": "Memphis Textile District", "city": "Memphis", "state": "Tennessee", "type": "Manufacturing Hub"}, "geometry": {"type": "Point", "coordinates": [-90.1313, 35.1362]}}, {"type": "Feature", "properties": {"name": "Memphis Distribution Center", "city": "Memphis", "state": "Tennessee", "type": "Manufacturing Hub"}, "geometry": {"type": "Point", "coordinates": [-89.9744, 35.1642]}}, {"type": "Feature", "properties": {"name": "Memphis Packaging District", "city": "Memphis", "state": "Tennessee", "type": "Manufacturing Hub"}, "geometry": {"type": "Point", "coordinates": [-90.0532, 35.175]}}, {"type": "Feature", "properties": {"name": "Memphis Food Processing Hub", "city": "Memphis", "state": "Tennessee", "type": "Manufacturing Hub"}, "geometry": {"type": "Point", "coordinates": [-90.0166, 35.1962]}}, {"type": "Feature", "properties": {"name": "Memphis Packaging District", "city": "Memphis", "state": "Tennessee", "type": "Manufacturing Hub"}, "geometry": {"type": "Point", "coordinates": [-90.0369, 35.1386]}}, {"type": "Feature", "properties": {"name": "Seattle Manufacturing District", "city": "Seattle", "state": "Washington", "type": "Manufacturing Hub"}, "geometry": {"type": "Point", "coordinates": [-122.3654, 47.6338]}}, {"type": "Feature", "properties": {"name": "Seattle Industrial Complex", "city": "Seattle", "state": "Washington", "type": "Manufacturing Hub"}, "geometry": {"type": "Point", "coordinates": [-122.3073, 47.5452]}}, {"type": "Feature", "properties": {"name": "Seattle Aerospace Corridor", "city": "Seattle", "state": "Washington", "type": "Manufacturing Hub"}, "geometry": {"type": "Point", "coordinates": [-122.4191, 47.5656]}}, {"type": "Feature", "properties": {"name": "Seattle Distribution Center", "city": "Seattle", "state": "Washington", "type": "Manufacturing Hub"}, "geometry": {"type": "Point", "coordinates": [-122.3421, 47.5695]}}, {"type": "Feature", "properties": {"name": "Seattle Chemical Plant Zone", "city": "Seattle", "state": "Washington", "type": "Manufacturing Hub"}, "geometry": {"type": "Point", "coordinates": [-122.311, 47.6033]}}, {"type": "Feature", "properties": {"name": "Seattle Textile District", "city": "Seattle", "state": "Washington", "type": "Manufacturing Hub"}, "geometry": {"type": "Point", "coordinates": [-122.408, 47.608]}}, {"type": "Feature", "properties": {"name": "Denver Auto Manufacturing Hub", "city": "Denver", "state": "Colorado", "type": "Manufacturing Hub"}, "geometry": {"type": "Point", "coordinates": [-105.005, 39.6924]}}, {"type": "Feature", "properties": {"name": "Denver Assembly Plant District", "city": "Denver", "state": "Colorado", "type": "Manufacturing Hub"}, "geometry": {"type": "Point", "coordinates": [-105.0375, 39.7502]}}, {"type": "Feature", "properties": {"name": "Denver Assembly Plant District", "city": "Denver", "state": "Colorado", "type": "Manufacturing Hub"}, "geometry": {"type": "Point", "coordinates": [-105.056, 39.7555]}}, {"type": "Feature", "properties": {"name": "Denver Food Processing Hub", "city": "Denver", "state": "Colorado", "type": "Manufacturing Hub"}, "geometry": {"type": "Point", "coordinates": [-104.9836, 39.674]}}, {"type": "Feature", "properties": {"name": "Denver Distribution Center", "city": "Denver", "state": "Colorado", "type": "Manufacturing Hub"}, "geometry": {"type": "Point", "coordinates": [-105.022, 39.7599]}}, {"type": "Feature", "properties": {"name": "Washington Distribution Center", "city": "Washington", "state": "District of Columbia", "type": "Manufacturing Hub"}, "geometry": {"type": "Point", "coordinates": [-76.9796, 38.8705]}}, {"type": "Feature", "properties": {"name": "Washington Assembly Plant District", "city": "Washington", "state": "District of Columbia", "type": "Manufacturing Hub"}, "geometry": {"type": "Point", "coordinates": [-76.9526, 38.9216]}}, {"type": "Feature", "properties": {"name": "Washington Aerospace Corridor", "city": "Washington", "state": "District of Columbia", "type": "Manufacturing Hub"}, "geometry": {"type": "Point", "coordinates": [-77.0275, 38.9213]}}, {"type": "Feature", "properties": {"name": "Washington Auto Manufacturing Hub", "city": "Washington", "state": "District of Columbia", "type": "Manufacturing Hub"}, "geometry": {"type": "Point", "coordinates": [-77.1065, 38.846]}}, {"type": "Feature", "properties": {"name": "Washington Textile District", "city": "Washington", "state": "District of Columbia", "type": "Manufacturing Hub"}, "geometry": {"type": "Point", "coordinates": [-77.0437, 38.9097]}}, {"type": "Feature", "properties": {"name": "Washington Aerospace Corridor", "city": "Washington", "state": "District of Columbia", "type": "Manufacturing Hub"}, "geometry": {"type": "Point", "coordinates": [-76.9838, 38.943]}}, {"type": "Feature", "properties": {"name": "Washington Chemical Plant Zone", "city": "Washington", "state": "District of Columbia", "type": "Manufacturing Hub"}, "geometry": {"type": "Point", "coordinates": [-76.9495, 38.9533]}}, {"type": "Feature", "properties": {"name": "Washington Logistics Park", "city": "Washington", "state": "District of Columbia", "type": "Manufacturing Hub"}, "geometry": {"type": "Point", "coordinates": [-77.0828, 38.9014]}}, {"type": "Feature", "properties": {"name": "Boston Logistics Park", "city": "Boston", "state": "Massachusetts", "type": "Manufacturing Hub"}, "geometry": {"type": "Point", "coordinates": [-70.9732, 42.3288]}}, {"type": "Feature", "properties": {"name": "Boston Warehouse District", "city": "Boston", "state": "Massachusetts", "type": "Manufacturing Hub"}, "geometry": {"type": "Point", "coordinates": [-71.0253, 42.3]}}, {"type": "Feature", "properties": {"name": "Boston Aerospace Corridor", "city": "Boston", "state": "Massachusetts", "type": "Manufacturing Hub"}, "geometry": {"type": "Point", "coordinates": [-70.977, 42.381]}}, {"type": "Feature", "properties": {"name": "Boston Assembly Plant District", "city": "Boston", "state": "Massachusetts", "type": "Manufacturing Hub"}, "geometry": {"type": "Point", "coordinates": [-71.1486, 42.4088]}}, {"type": "Feature", "properties": {"name": "Boston Textile District", "city": "Boston", "state": "Massachusetts", "type": "Manufacturing Hub"}, "geometry": {"type": "Point", "coordinates": [-71.0684, 42.3988]}}, {"type": "Feature", "properties": {"name": "Boston Industrial Complex", "city": "Boston", "state": "Massachusetts", "type": "Manufacturing Hub"}, "geometry": {"type": "Point", "coordinates": [-70.9778, 42.3846]}}, {"type": "Feature", "properties": {"name": "Nashville Steel District", "city": "Nashville", "state": "Tennessee", "type": "Manufacturing Hub"}, "geometry": {"type": "Point", "coordinates": [-86.7251, 36.1568]}}, {"type": "Feature", "properties": {"name": "Nashville Manufacturing District", "city": "Nashville", "state": "Tennessee", "type": "Manufacturing Hub"}, "geometry": {"type": "Point", "coordinates": [-86.812, 36.1787]}}, {"type": "Feature", "properties": {"name": "Nashville Auto Manufacturing Hub", "city": "Nashville", "state": "Tennessee", "type": "Manufacturing Hub"}, "geometry": {"type": "Point", "coordinates": [-86.8528, 36.1012]}}, {"type": "Feature", "properties": {"name": "Nashville Industrial Complex", "city": "Nashville", "state": "Tennessee", "type": "Manufacturing Hub"}, "geometry": {"type": "Point", "coordinates": [-86.7878, 36.1083]}}, {"type": "Feature", "properties": {"name": "Nashville Distribution Center", "city": "Nashville", "state": "Tennessee", "type": "Manufacturing Hub"}, "geometry": {"type": "Point", "coordinates": [-86.8304, 36.0986]}}, {"type": "Feature", "properties": {"name": "Nashville Industrial Park", "city": "Nashville", "state": "Tennessee", "type": "Manufacturing Hub"}, "geometry": {"type": "Point", "coordinates": [-86.7532, 36.187]}}, {"type": "Feature", "properties": {"name": "Nashville Food Processing Hub", "city": "Nashville", "state": "Tennessee", "type": "Manufacturing Hub"}, "geometry": {"type": "Point", "coordinates": [-86.7619, 36.1701]}}, {"type": "Feature", "properties": {"name": "Baltimore Manufacturing District", "city": "Baltimore", "state": "Maryland", "type": "Manufacturing Hub"}, "geometry": {"type": "Point", "coordinates": [-76.5919, 39.2624]}}, {"type": "Feature", "properties": {"name": "Baltimore Manufacturing District", "city": "Baltimore", "state": "Maryland", "type": "Manufacturing Hub"}, "geometry": {"type": "Point", "coordinates": [-76.5962, 39.3531]}}, {"type": "Feature", "properties": {"name": "Baltimore Steel District", "city": "Baltimore", "state": "Maryland", "type": "Manufacturing Hub"}, "geometry": {"type": "Point", "coordinates": [-76.5582, 39.3171]}}, {"type": "Feature", "properties": {"name": "Baltimore Aerospace Corridor", "city": "Baltimore", "state": "Maryland", "type": "Manufacturing Hub"}, "geometry": {"type": "Point", "coordinates": [-76.5231, 39.2233]}}, {"type": "Feature", "properties": {"name": "Baltimore Distribution Center", "city": "Baltimore", "state": "Maryland", "type": "Manufacturing Hub"}, "geometry": {"type": "Point", "coordinates": [-76.6299, 39.2589]}}, {"type": "Feature", "properties": {"name": "Baltimore Warehouse District", "city": "Baltimore", "state": "Maryland", "type": "Manufacturing Hub"}, "geometry": {"type": "Point", "coordinates": [-76.6419, 39.25]}}, {"type": "Feature", "properties": {"name": "Baltimore Production Hub", "city": "Baltimore", "state": "Maryland", "type": "Manufacturing Hub"}, "geometry": {"type": "Point", "coordinates": [-76.6089, 39.2814]}}, {"type": "Feature", "properties": {"name": "Oklahoma City Assembly Plant District", "city": "Oklahoma City", "state": "Oklahoma", "type": "Manufacturing Hub"}, "geometry": {"type": "Point", "coordinates": [-97.4928, 35.4102]}}, {"type": "Feature", "properties": {"name": "Oklahoma City Assembly Plant District", "city": "Oklahoma City", "state": "Oklahoma", "type": "Manufacturing Hub"}, "geometry": {"type": "Point", "coordinates": [-97.5954, 35.4932]}}, {"type": "Feature", "properties": {"name": "Oklahoma City Aerospace Corridor", "city": "Oklahoma City", "state": "Oklahoma", "type": "Manufacturing Hub"}, "geometry": {"type": "Point", "coordinates": [-97.4509, 35.4704]}}, {"type": "Feature", "properties": {"name": "Oklahoma City Industrial Zone", "city": "Oklahoma City", "state": "Oklahoma", "type": "Manufacturing Hub"}, "geometry": {"type": "Point", "coordinates": [-97.4404, 35.445]}}, {"type": "Feature", "properties": {"name": "Louisville Industrial Zone", "city": "Louisville", "state": "Kentucky", "type": "Manufacturing Hub"}, "geometry": {"type": "Point", "coordinates": [-85.7583, 38.3011]}}, {"type": "Feature", "properties": {"name": "Louisville Chemical Plant Zone", "city": "Louisville", "state": "Kentucky", "type": "Manufacturing Hub"}, "geometry": {"type": "Point", "coordinates": [-85.7395, 38.2199]}}, {"type": "Feature", "properties": {"name": "Louisville Warehouse District", "city": "Louisville", "state": "Kentucky", "type": "Manufacturing Hub"}, "geometry": {"type": "Point", "coordinates": [-85.6965, 38.2959]}}, {"type": "Feature", "properties": {"name": "Louisville Production Hub", "city": "Louisville", "state": "Kentucky", "type": "Manufacturing Hub"}, "geometry": {"type": "Point", "coordinates": [-85.6732, 38.3225]}}, {"type": "Feature", "properties": {"name": "Louisville Industrial Complex", "city": "Louisville", "state": "Kentucky", "type": "Manufacturing Hub"}, "geometry": {"type": "Point", "coordinates": [-85.7559, 38.2484]}}, {"type": "Feature", "properties": {"name": "Louisville Food Processing Hub", "city": "Louisville", "state": "Kentucky", "type": "Manufacturing Hub"}, "geometry": {"type": "Point", "coordinates": [-85.8386, 38.2726]}}, {"type": "Feature", "properties": {"name": "Louisville Steel District", "city": "Louisville", "state": "Kentucky", "type": "Manufacturing Hub"}, "geometry": {"type": "Point", "coordinates": [-85.8465, 38.2739]}}, {"type": "Feature", "properties": {"name": "Louisville Auto Manufacturing Hub", "city": "Louisville", "state": "Kentucky", "type": "Manufacturing Hub"}, "geometry": {"type": "Point", "coordinates": [-85.6813, 38.195]}}, {"type": "Feature", "properties": {"name": "Louisville Manufacturing District", "city": "Louisville", "state": "Kentucky", "type": "Manufacturing Hub"}, "geometry": {"type": "Point", "coordinates": [-85.7453, 38.2527]}}, {"type": "Feature", "properties": {"name": "Louisville Manufacturing District", "city": "Louisville", "state": "Kentucky", "type": "Manufacturing Hub"}, "geometry": {"type": "Point", "coordinates": [-85.7288, 38.3135]}}, {"type": "Feature", "properties": {"name": "Portland Auto Manufacturing Hub", "city": "Portland", "state": "Oregon", "type": "Manufacturing Hub"}, "geometry": {"type": "Point", "coordinates": [-122.767, 45.5057]}}, {"type": "Feature", "properties": {"name": "Portland Manufacturing District", "city": "Portland", "state": "Oregon", "type": "Manufacturing Hub"}, "geometry": {"type": "Point", "coordinates": [-122.6976, 45.4631]}}, {"type": "Feature", "properties": {"name": "Portland Aerospace Corridor", "city": "Portland", "state": "Oregon", "type": "Manufacturing Hub"}, "geometry": {"type": "Point", "coordinates": [-122.6847, 45.5795]}}, {"type": "Feature", "properties": {"name": "Portland Chemical Plant Zone", "city": "Portland", "state": "Oregon", "type": "Manufacturing Hub"}, "geometry": {"type": "Point", "coordinates": [-122.6029, 45.4766]}}, {"type": "Feature", "properties": {"name": "Portland Distribution Center", "city": "Portland", "state": "Oregon", "type": "Manufacturing Hub"}, "geometry": {"type": "Point", "coordinates": [-122.6747, 45.5047]}}, {"type": "Feature", "properties": {"name": "Portland Logistics Park", "city": "Portland", "state": "Oregon", "type": "Manufacturing Hub"}, "geometry": {"type": "Point", "coordinates": [-122.6464, 45.5269]}}, {"type": "Feature", "properties": {"name": "Las Vegas Auto Manufacturing Hub", "city": "Las Vegas", "state": "Nevada", "type": "Manufacturing Hub"}, "geometry": {"type": "Point", "coordinates": [-115.1633, 36.1319]}}, {"type": "Feature", "properties": {"name": "Las Vegas Production Hub", "city": "Las Vegas", "state": "Nevada", "type": "Manufacturing Hub"}, "geometry": {"type": "Point", "coordinates": [-115.117, 36.159]}}, {"type": "Feature", "properties": {"name": "Las Vegas Food Processing Hub", "city": "Las Vegas", "state": "Nevada", "type": "Manufacturing Hub"}, "geometry": {"type": "Point", "coordinates": [-115.1418, 36.1487]}}, {"type": "Feature", "properties": {"name": "Las Vegas Distribution Center", "city": "Las Vegas", "state": "Nevada", "type": "Manufacturing Hub"}, "geometry": {"type": "Point", "coordinates": [-115.1803, 36.1189]}}, {"type": "Feature", "properties": {"name": "Las Vegas Packaging District", "city": "Las Vegas", "state": "Nevada", "type": "Manufacturing Hub"}, "geometry": {"type": "Point", "coordinates": [-115.0609, 36.2314]}}, {"type": "Feature", "properties": {"name": "Milwaukee Distribution Center", "city": "Milwaukee", "state": "Wisconsin", "type": "Manufacturing Hub"}, "geometry": {"type": "Point", "coordinates": [-87.9853, 42.9967]}}, {"type": "Feature", "properties": {"name": "Milwaukee Aerospace Corridor", "city": "Milwaukee", "state": "Wisconsin", "type": "Manufacturing Hub"}, "geometry": {"type": "Point", "coordinates": [-87.829, 43.0972]}}, {"type": "Feature", "properties": {"name": "Milwaukee Industrial Park", "city": "Milwaukee", "state": "Wisconsin", "type": "Manufacturing Hub"}, "geometry": {"type": "Point", "coordinates": [-87.9109, 43.0179]}}, {"type": "Feature", "properties": {"name": "Milwaukee Textile District", "city": "Milwaukee", "state": "Wisconsin", "type": "Manufacturing Hub"}, "geometry": {"type": "Point", "coordinates": [-88.0027, 43.0009]}}, {"type": "Feature", "properties": {"name": "Milwaukee Aerospace Corridor", "city": "Milwaukee", "state": "Wisconsin", "type": "Manufacturing Hub"}, "geometry": {"type": "Point", "coordinates": [-87.997, 43.0355]}}, {"type": "Feature", "properties": {"name": "Milwaukee Industrial Park", "city": "Milwaukee", "state": "Wisconsin", "type": "Manufacturing Hub"}, "geometry": {"type": "Point", "coordinates": [-87.9753, 42.997]}}, {"type": "Feature", "properties": {"name": "Milwaukee Auto Manufacturing Hub", "city": "Milwaukee", "state": "Wisconsin", "type": "Manufacturing Hub"}, "geometry": {"type": "Point", "coordinates": [-87.9473, 43.0687]}}, {"type": "Feature", "properties": {"name": "Albuquerque Assembly Plant District", "city": "Albuquerque", "state": "New Mexico", "type": "Manufacturing Hub"}, "geometry": {"type": "Point", "coordinates": [-106.5976, 35.147]}}, {"type": "Feature", "properties": {"name": "Albuquerque Logistics Park", "city": "Albuquerque", "state": "New Mexico", "type": "Manufacturing Hub"}, "geometry": {"type": "Point", "coordinates": [-106.566, 35.0461]}}, {"type": "Feature", "properties": {"name": "Albuquerque Steel District", "city": "Albuquerque", "state": "New Mexico", "type": "Manufacturing Hub"}, "geometry": {"type": "Point", "coordinates": [-106.5532, 35.0671]}}, {"type": "Feature", "properties": {"name": "Albuquerque Distribution Center", "city": "Albuquerque", "state": "New Mexico", "type": "Manufacturing Hub"}, "geometry": {"type": "Point", "coordinates": [-106.5676, 35.0731]}}, {"type": "Feature", "properties": {"name": "Tucson Manufacturing District", "city": "Tucson", "state": "Arizona", "type": "Manufacturing Hub"}, "geometry": {"type": "Point", "coordinates": [-110.9513, 32.2532]}}, {"type": "Feature", "properties": {"name": "Tucson Steel District", "city": "Tucson", "state": "Arizona", "type": "Manufacturing Hub"}, "geometry": {"type": "Point", "coordinates": [-110.8706, 32.2217]}}, {"type": "Feature", "properties": {"name": "Tucson Production Hub", "city": "Tucson", "state": "Arizona", "type": "Manufacturing Hub"}, "geometry": {"type": "Point", "coordinates": [-110.867, 32.2338]}}, {"type": "Feature", "properties": {"name": "Tucson Logistics Park", "city": "Tucson", "state": "Arizona", "type": "Manufacturing Hub"}, "geometry": {"type": "Point", "coordinates": [-110.9846, 32.2802]}}, {"type": "Feature", "properties": {"name": "Tucson Aerospace Corridor", "city": "Tucson", "state": "Arizona", "type": "Manufacturing Hub"}, "geometry": {"type": "Point", "coordinates": [-110.8863, 32.2581]}}, {"type": "Feature", "properties": {"name": "Tucson Logistics Park", "city": "Tucson", "state": "Arizona", "type": "Manufacturing Hub"}, "geometry": {"type": "Point", "coordinates": [-110.9167, 32.2834]}}, {"type": "Feature", "properties": {"name": "Fresno Aerospace Corridor", "city": "Fresno", "state": "California", "type": "Manufacturing Hub"}, "geometry": {"type": "Point", "coordinates": [-119.8089, 36.7205]}}, {"type": "Feature", "properties": {"name": "Fresno Distribution Center", "city": "Fresno", "state": "California", "type": "Manufacturing Hub"}, "geometry": {"type": "Point", "coordinates": [-119.6873, 36.6892]}}, {"type": "Feature", "properties": {"name": "Fresno Production Hub", "city": "Fresno", "state": "California", "type": "Manufacturing Hub"}, "geometry": {"type": "Point", "coordinates": [-119.7498, 36.7665]}}, {"type": "Feature", "properties": {"name": "Fresno Logistics Park", "city": "Fresno", "state": "California", "type": "Manufacturing Hub"}, "geometry": {"type": "Point", "coordinates": [-119.7717, 36.7386]}}, {"type": "Feature", "properties": {"name": "Fresno Distribution Center", "city": "Fresno", "state": "California", "type": "Manufacturing Hub"}, "geometry": {"type": "Point", "coordinates": [-119.7368, 36.8157]}}, {"type": "Feature", "properties": {"name": "Sacramento Assembly Plant District", "city": "Sacramento", "state": "California", "type": "Manufacturing Hub"}, "geometry": {"type": "Point", "coordinates": [-121.4351, 38.5344]}}, {"type": "Feature", "properties": {"name": "Sacramento Assembly Plant District", "city": "Sacramento", "state": "California", "type": "Manufacturing Hub"}, "geometry": {"type": "Point", "coordinates": [-121.5704, 38.5247]}}, {"type": "Feature", "properties": {"name": "Sacramento Industrial Zone", "city": "Sacramento", "state": "California", "type": "Manufacturing Hub"}, "geometry": {"type": "Point", "coordinates": [-121.4198, 38.5539]}}, {"type": "Feature", "properties": {"name": "Sacramento Textile District", "city": "Sacramento", "state": "California", "type": "Manufacturing Hub"}, "geometry": {"type": "Point", "coordinates": [-121.4538, 38.576]}}, {"type": "Feature", "properties": {"name": "Sacramento Industrial Park", "city": "Sacramento", "state": "California", "type": "Manufacturing Hub"}, "geometry": {"type": "Point", "coordinates": [-121.5478, 38.5263]}}, {"type": "Feature", "properties": {"name": "Sacramento Industrial Complex", "city": "Sacramento", "state": "California", "type": "Manufacturing Hub"}, "geometry": {"type": "Point", "coordinates": [-121.56, 38.5123]}}, {"type": "Feature", "properties": {"name": "Long Beach Chemical Plant Zone", "city": "Long Beach", "state": "California", "type": "Manufacturing Hub"}, "geometry": {"type": "Point", "coordinates": [-118.1527, 33.7445]}}, {"type": "Feature", "properties": {"name": "Long Beach Aerospace Corridor", "city": "Long Beach", "state": "California", "type": "Manufacturing Hub"}, "geometry": {"type": "Point", "coordinates": [-118.1121, 33.7758]}}, {"type": "Feature", "properties": {"name": "Long Beach Aerospace Corridor", "city": "Long Beach", "state": "California", "type": "Manufacturing Hub"}, "geometry": {"type": "Point", "coordinates": [-118.2611, 33.7247]}}, {"type": "Feature", "properties": {"name": "Long Beach Aerospace Corridor", "city": "Long Beach", "state": "California", "type": "Manufacturing Hub"}, "geometry": {"type": "Point", "coordinates": [-118.1984, 33.729]}}, {"type": "Feature", "properties": {"name": "Long Beach Aerospace Corridor", "city": "Long Beach", "state": "California", "type": "Manufacturing Hub"}, "geometry": {"type": "Point", "coordinates": [-118.2181, 33.762]}}, {"type": "Feature", "properties": {"name": "Long Beach Chemical Plant Zone", "city": "Long Beach", "state": "California", "type": "Manufacturing Hub"}, "geometry": {"type": "Point", "coordinates": [-118.1757, 33.8071]}}, {"type": "Feature", "properties": {"name": "Long Beach Industrial Zone", "city": "Long Beach", "state": "California", "type": "Manufacturing Hub"}, "geometry": {"type": "Point", "coordinates": [-118.2483, 33.791]}}, {"type": "Feature", "properties": {"name": "Kansas City Industrial Zone", "city": "Kansas City", "state": "Missouri", "type": "Manufacturing Hub"}, "geometry": {"type": "Point", "coordinates": [-94.6227, 39.1644]}}, {"type": "Feature", "properties": {"name": "Kansas City Industrial Park", "city": "Kansas City", "state": "Missouri", "type": "Manufacturing Hub"}, "geometry": {"type": "Point", "coordinates": [-94.5048, 39.106]}}, {"type": "Feature", "properties": {"name": "Kansas City Logistics Park", "city": "Kansas City", "state": "Missouri", "type": "Manufacturing Hub"}, "geometry": {"type": "Point", "coordinates": [-94.4831, 39.0711]}}, {"type": "Feature", "properties": {"name": "Kansas City Industrial Zone", "city": "Kansas City", "state": "Missouri", "type": "Manufacturing Hub"}, "geometry": {"type": "Point", "coordinates": [-94.6403, 39.0515]}}, {"type": "Feature", "properties": {"name": "Mesa Assembly Plant District", "city": "Mesa", "state": "Arizona", "type": "Manufacturing Hub"}, "geometry": {"type": "Point", "coordinates": [-111.8399, 33.4782]}}, {"type": "Feature", "properties": {"name": "Mesa Assembly Plant District", "city": "Mesa", "state": "Arizona", "type": "Manufacturing Hub"}, "geometry": {"type": "Point", "coordinates": [-111.7828, 33.4371]}}, {"type": "Feature", "properties": {"name": "Mesa Textile District", "city": "Mesa", "state": "Arizona", "type": "Manufacturing Hub"}, "geometry": {"type": "Point", "coordinates": [-111.8957, 33.3903]}}, {"type": "Feature", "properties": {"name": "Mesa Packaging District", "city": "Mesa", "state": "Arizona", "type": "Manufacturing Hub"}, "geometry": {"type": "Point", "coordinates": [-111.848, 33.3956]}}, {"type": "Feature", "properties": {"name": "Mesa Industrial Park", "city": "Mesa", "state": "Arizona", "type": "Manufacturing Hub"}, "geometry": {"type": "Point", "coordinates": [-111.7335, 33.4535]}}, {"type": "Feature", "properties": {"name": "Virginia Beach Warehouse District", "city": "Virginia Beach", "state": "Virginia", "type": "Manufacturing Hub"}, "geometry": {"type": "Point", "coordinates": [-75.8885, 36.8441]}}, {"type": "Feature", "properties": {"name": "Virginia Beach Warehouse District", "city": "Virginia Beach", "state": "Virginia", "type": "Manufacturing Hub"}, "geometry": {"type": "Point", "coordinates": [-76.0235, 36.9205]}}, {"type": "Feature", "properties": {"name": "Virginia Beach Assembly Plant District", "city": "Virginia Beach", "state": "Virginia", "type": "Manufacturing Hub"}, "geometry": {"type": "Point", "coordinates": [-76.0093, 36.7902]}}, {"type": "Feature", "properties": {"name": "Virginia Beach Warehouse District", "city": "Virginia Beach", "state": "Virginia", "type": "Manufacturing Hub"}, "geometry": {"type": "Point", "coordinates": [-75.9275, 36.8767]}}, {"type": "Feature", "properties": {"name": "Atlanta Food Processing Hub", "city": "Atlanta", "state": "Georgia", "type": "Manufacturing Hub"}, "geometry": {"type": "Point", "coordinates": [-84.4253, 33.8166]}}, {"type": "Feature", "properties": {"name": "Atlanta Aerospace Corridor", "city": "Atlanta", "state": "Georgia", "type": "Manufacturing Hub"}, "geometry": {"type": "Point", "coordinates": [-84.3879, 33.7807]}}, {"type": "Feature", "properties": {"name": "Atlanta Industrial Complex", "city": "Atlanta", "state": "Georgia", "type": "Manufacturing Hub"}, "geometry": {"type": "Point", "coordinates": [-84.3412, 33.682]}}, {"type": "Feature", "properties": {"name": "Atlanta Warehouse District", "city": "Atlanta", "state": "Georgia", "type": "Manufacturing Hub"}, "geometry": {"type": "Point", "coordinates": [-84.4618, 33.7244]}}, {"type": "Feature", "properties": {"name": "Atlanta Production Hub", "city": "Atlanta", "state": "Georgia", "type": "Manufacturing Hub"}, "geometry": {"type": "Point", "coordinates": [-84.2992, 33.7635]}}, {"type": "Feature", "properties": {"name": "Colorado Springs Chemical Plant Zone", "city": "Colorado Springs", "state": "Colorado", "type": "Manufacturing Hub"}, "geometry": {"type": "Point", "coordinates": [-104.8298, 38.8094]}}, {"type": "Feature", "properties": {"name": "Colorado Springs Industrial Complex", "city": "Colorado Springs", "state": "Colorado", "type": "Manufacturing Hub"}, "geometry": {"type": "Point", "coordinates": [-104.75, 38.8856]}}, {"type": "Feature", "properties": {"name": "Colorado Springs Aerospace Corridor", "city": "Colorado Springs", "state": "Colorado", "type": "Manufacturing Hub"}, "geometry": {"type": "Point", "coordinates": [-104.8072, 38.8086]}}, {"type": "Feature", "properties": {"name": "Omaha Industrial Park", "city": "Omaha", "state": "Nebraska", "type": "Manufacturing Hub"}, "geometry": {"type": "Point", "coordinates": [-96.0755, 41.2618]}}, {"type": "Feature", "properties": {"name": "Omaha Chemical Plant Zone", "city": "Omaha", "state": "Nebraska", "type": "Manufacturing Hub"}, "geometry": {"type": "Point", "coordinates": [-96.0009, 41.3094]}}, {"type": "Feature", "properties": {"name": "Omaha Industrial Park", "city": "Omaha", "state": "Nebraska", "type": "Manufacturing Hub"}, "geometry": {"type": "Point", "coordinates": [-95.972, 41.2235]}}, {"type": "Feature", "properties": {"name": "Omaha Logistics Park", "city": "Omaha", "state": "Nebraska", "type": "Manufacturing Hub"}, "geometry": {"type": "Point", "coordinates": [-95.948, 41.2268]}}, {"type": "Feature", "properties": {"name": "Raleigh Production Hub", "city": "Raleigh", "state": "North Carolina", "type": "Manufacturing Hub"}, "geometry": {"type": "Point", "coordinates": [-78.7188, 35.7875]}}, {"type": "Feature", "properties": {"name": "Raleigh Aerospace Corridor", "city": "Raleigh", "state": "North Carolina", "type": "Manufacturing Hub"}, "geometry": {"type": "Point", "coordinates": [-78.7039, 35.8302]}}, {"type": "Feature", "properties": {"name": "Raleigh Auto Manufacturing Hub", "city": "Raleigh", "state": "North Carolina", "type": "Manufacturing Hub"}, "geometry": {"type": "Point", "coordinates": [-78.6682, 35.8007]}}, {"type": "Feature", "properties": {"name": "Raleigh Aerospace Corridor", "city": "Raleigh", "state": "North Carolina", "type": "Manufacturing Hub"}, "geometry": {"type": "Point", "coordinates": [-78.5968, 35.7902]}}, {"type": "Feature", "properties": {"name": "Miami Packaging District", "city": "Miami", "state": "Florida", "type": "Manufacturing Hub"}, "geometry": {"type": "Point", "coordinates": [-80.1933, 25.8283]}}, {"type": "Feature", "properties": {"name": "Miami Industrial Park", "city": "Miami", "state": "Florida", "type": "Manufacturing Hub"}, "geometry": {"type": "Point", "coordinates": [-80.2284, 25.7363]}}, {"type": "Feature", "properties": {"name": "Miami Logistics Park", "city": "Miami", "state": "Florida", "type": "Manufacturing Hub"}, "geometry": {"type": "Point", "coordinates": [-80.2334, 25.7533]}}, {"type": "Feature", "properties": {"name": "Miami Industrial Zone", "city": "Miami", "state": "Florida", "type": "Manufacturing Hub"}, "geometry": {"type": "Point", "coordinates": [-80.212, 25.7466]}}, {"type": "Feature", "properties": {"name": "Miami Textile District", "city": "Miami", "state": "Florida", "type": "Manufacturing Hub"}, "geometry": {"type": "Point", "coordinates": [-80.2359, 25.8175]}}, {"type": "Feature", "properties": {"name": "Oakland Assembly Plant District", "city": "Oakland", "state": "California", "type": "Manufacturing Hub"}, "geometry": {"type": "Point", "coordinates": [-122.3644, 37.8717]}}, {"type": "Feature", "properties": {"name": "Oakland Industrial Park", "city": "Oakland", "state": "California", "type": "Manufacturing Hub"}, "geometry": {"type": "Point", "coordinates": [-122.1998, 37.8448]}}, {"type": "Feature", "properties": {"name": "Oakland Steel District", "city": "Oakland", "state": "California", "type": "Manufacturing Hub"}, "geometry": {"type": "Point", "coordinates": [-122.2471, 37.7519]}}, {"type": "Feature", "properties": {"name": "Minneapolis Distribution Center", "city": "Minneapolis", "state": "Minnesota", "type": "Manufacturing Hub"}, "geometry": {"type": "Point", "coordinates": [-93.3029, 44.9194]}}, {"type": "Feature", "properties": {"name": "Minneapolis Auto Manufacturing Hub", "city": "Minneapolis", "state": "Minnesota", "type": "Manufacturing Hub"}, "geometry": {"type": "Point", "coordinates": [-93.2497, 45.0353]}}, {"type": "Feature", "properties": {"name": "Minneapolis Distribution Center", "city": "Minneapolis", "state": "Minnesota", "type": "Manufacturing Hub"}, "geometry": {"type": "Point", "coordinates": [-93.3318, 45.0084]}}, {"type": "Feature", "properties": {"name": "Tulsa Chemical Plant Zone", "city": "Tulsa", "state": "Oklahoma", "type": "Manufacturing Hub"}, "geometry": {"type": "Point", "coordinates": [-95.9485, 36.1835]}}, {"type": "Feature", "properties": {"name": "Tulsa Industrial Zone", "city": "Tulsa", "state": "Oklahoma", "type": "Manufacturing Hub"}, "geometry": {"type": "Point", "coordinates": [-96.0144, 36.1422]}}, {"type": "Feature", "properties": {"name": "Tulsa Industrial Zone", "city": "Tulsa", "state": "Oklahoma", "type": "Manufacturing Hub"}, "geometry": {"type": "Point", "coordinates": [-95.9671, 36.1083]}}, {"type": "Feature", "properties": {"name": "Tulsa Industrial Complex", "city": "Tulsa", "state": "Oklahoma", "type": "Manufacturing Hub"}, "geometry": {"type": "Point", "coordinates": [-95.953, 36.1612]}}, {"type": "Feature", "properties": {"name": "Tulsa Logistics Park", "city": "Tulsa", "state": "Oklahoma", "type": "Manufacturing Hub"}, "geometry": {"type": "Point", "coordinates": [-96.0084, 36.0857]}}, {"type": "Feature", "properties": {"name": "Cleveland Textile District", "city": "Cleveland", "state": "Ohio", "type": "Manufacturing Hub"}, "geometry": {"type": "Point", "coordinates": [-81.6183, 41.4513]}}, {"type": "Feature", "properties": {"name": "Cleveland Industrial Zone", "city": "Cleveland", "state": "Ohio", "type": "Manufacturing Hub"}, "geometry": {"type": "Point", "coordinates": [-81.6485, 41.4344]}}, {"type": "Feature", "properties": {"name": "Cleveland Assembly Plant District", "city": "Cleveland", "state": "Ohio", "type": "Manufacturing Hub"}, "geometry": {"type": "Point", "coordinates": [-81.7069, 41.4773]}}, {"type": "Feature", "properties": {"name": "Cleveland Warehouse District", "city": "Cleveland", "state": "Ohio", "type": "Manufacturing Hub"}, "geometry": {"type": "Point", "coordinates": [-81.6686, 41.5257]}}, {"type": "Feature", "properties": {"name": "Cleveland Distribution Center", "city": "Cleveland", "state": "Ohio", "type": "Manufacturing Hub"}, "geometry": {"type": "Point", "coordinates": [-81.6036, 41.4312]}}, {"type": "Feature", "properties": {"name": "Wichita Warehouse District", "city": "Wichita", "state": "Kansas", "type": "Manufacturing Hub"}, "geometry": {"type": "Point", "coordinates": [-97.396, 37.6787]}}, {"type": "Feature", "properties": {"name": "Wichita Industrial Zone", "city": "Wichita", "state": "Kansas", "type": "Manufacturing Hub"}, "geometry": {"type": "Point", "coordinates": [-97.4242, 37.6741]}}, {"type": "Feature", "properties": {"name": "Wichita Food Processing Hub", "city": "Wichita", "state": "Kansas", "type": "Manufacturing Hub"}, "geometry": {"type": "Point", "coordinates": [-97.386, 37.7396]}}, {"type": "Feature", "properties": {"name": "Wichita Production Hub", "city": "Wichita", "state": "Kansas", "type": "Manufacturing Hub"}, "geometry": {"type": "Point", "coordinates": [-97.2869, 37.756]}}, {"type": "Feature", "properties": {"name": "Wichita Distribution Center", "city": "Wichita", "state": "Kansas", "type": "Manufacturing Hub"}, "geometry": {"type": "Point", "coordinates": [-97.3607, 37.6497]}}, {"type": "Feature", "properties": {"name": "Arlington Auto Manufacturing Hub", "city": "Arlington", "state": "Texas", "type": "Manufacturing Hub"}, "geometry": {"type": "Point", "coordinates": [-97.1703, 32.6752]}}, {"type": "Feature", "properties": {"name": "Arlington Logistics Park", "city": "Arlington", "state": "Texas", "type": "Manufacturing Hub"}, "geometry": {"type": "Point", "coordinates": [-97.1586, 32.7567]}}, {"type": "Feature", "properties": {"name": "New Orleans Textile District", "city": "New Orleans", "state": "Louisiana", "type": "Manufacturing Hub"}, "geometry": {"type": "Point", "coordinates": [-90.1431, 29.9686]}}, {"type": "Feature", "properties": {"name": "New Orleans Auto Manufacturing Hub", "city": "New Orleans", "state": "Louisiana", "type": "Manufacturing Hub"}, "geometry": {"type": "Point", "coordinates": [-90.1132, 29.9228]}}, {"type": "Feature", "properties": {"name": "New Orleans Steel District", "city": "New Orleans", "state": "Louisiana", "type": "Manufacturing Hub"}, "geometry": {"type": "Point", "coordinates": [-90.0989, 30.0147]}}, {"type": "Feature", "properties": {"name": "New Orleans Warehouse District", "city": "New Orleans", "state": "Louisiana", "type": "Manufacturing Hub"}, "geometry": {"type": "Point", "coordinates": [-90.1469, 29.9593]}}, {"type": "Feature", "properties": {"name": "New Orleans Chemical Plant Zone", "city": "New Orleans", "state": "Louisiana", "type": "Manufacturing Hub"}, "geometry": {"type": "Point", "coordinates": [-89.9953, 29.9171]}}, {"type": "Feature", "properties": {"name": "Bakersfield Steel District", "city": "Bakersfield", "state": "California", "type": "Manufacturing Hub"}, "geometry": {"type": "Point", "coordinates": [-118.9895, 35.3979]}}, {"type": "Feature", "properties": {"name": "Bakersfield Industrial Complex", "city": "Bakersfield", "state": "California", "type": "Manufacturing Hub"}, "geometry": {"type": "Point", "coordinates": [-119.1003, 35.3241]}}, {"type": "Feature", "properties": {"name": "Bakersfield Warehouse District", "city": "Bakersfield", "state": "California", "type": "Manufacturing Hub"}, "geometry": {"type": "Point", "coordinates": [-119.0177, 35.43]}}, {"type": "Feature", "properties": {"name": "Bakersfield Assembly Plant District", "city": "Bakersfield", "state": "California", "type": "Manufacturing Hub"}, "geometry": {"type": "Point", "coordinates": [-118.9617, 35.3315]}}, {"type": "Feature", "properties": {"name": "Bakersfield Auto Manufacturing Hub", "city": "Bakersfield", "state": "California", "type": "Manufacturing Hub"}, "geometry": {"type": "Point", "coordinates": [-119.1134, 35.3179]}}, {"type": "Feature", "properties": {"name": "Tampa Production Hub", "city": "Tampa", "state": "Florida", "type": "Manufacturing Hub"}, "geometry": {"type": "Point", "coordinates": [-82.4412, 28.0178]}}, {"type": "Feature", "properties": {"name": "Tampa Auto Manufacturing Hub", "city": "Tampa", "state": "Florida", "type": "Manufacturing Hub"}, "geometry": {"type": "Point", "coordinates": [-82.4433, 27.9232]}}, {"type": "Feature", "properties": {"name": "Tampa Aerospace Corridor", "city": "Tampa", "state": "Florida", "type": "Manufacturing Hub"}, "geometry": {"type": "Point", "coordinates": [-82.4059, 27.933]}}, {"type": "Feature", "properties": {"name": "Tampa Assembly Plant District", "city": "Tampa", "state": "Florida", "type": "Manufacturing Hub"}, "geometry": {"type": "Point", "coordinates": [-82.4724, 27.9638]}}, {"type": "Feature", "properties": {"name": "Tampa Chemical Plant Zone", "city": "Tampa", "state": "Florida", "type": "Manufacturing Hub"}, "geometry": {"type": "Point", "coordinates": [-82.4682, 28.0069]}}, {"type": "Feature", "properties": {"name": "Honolulu Aerospace Corridor", "city": "Honolulu", "state": "Hawaii", "type": "Manufacturing Hub"}, "geometry": {"type": "Point", "coordinates": [-157.7828, 21.376]}}, {"type": "Feature", "properties": {"name": "Honolulu Packaging District", "city": "Honolulu", "state": "Hawaii", "type": "Manufacturing Hub"}, "geometry": {"type": "Point", "coordinates": [-157.9159, 21.3063]}}, {"type": "Feature", "properties": {"name": "Aurora Warehouse District", "city": "Aurora", "state": "Colorado", "type": "Manufacturing Hub"}, "geometry": {"type": "Point", "coordinates": [-104.8823, 39.7269]}}, {"type": "Feature", "properties": {"name": "Aurora Production Hub", "city": "Aurora", "state": "Colorado", "type": "Manufacturing Hub"}, "geometry": {"type": "Point", "coordinates": [-104.8477, 39.7338]}}, {"type": "Feature", "properties": {"name": "Aurora Steel District", "city": "Aurora", "state": "Colorado", "type": "Manufacturing Hub"}, "geometry": {"type": "Point", "coordinates": [-104.7722, 39.6937]}}, {"type": "Feature", "properties": {"name": "Anaheim Auto Manufacturing Hub", "city": "Anaheim", "state": "California", "type": "Manufacturing Hub"}, "geometry": {"type": "Point", "coordinates": [-118.0079, 33.8061]}}, {"type": "Feature", "properties": {"name": "Anaheim Auto Manufacturing Hub", "city": "Anaheim", "state": "California", "type": "Manufacturing Hub"}, "geometry": {"type": "Point", "coordinates": [-117.9086, 33.8608]}}, {"type": "Feature", "properties": {"name": "Anaheim Production Hub", "city": "Anaheim", "state": "California", "type": "Manufacturing Hub"}, "geometry": {"type": "Point", "coordinates": [-117.9905, 33.8055]}}, {"type": "Feature", "properties": {"name": "Anaheim Chemical Plant Zone", "city": "Anaheim", "state": "California", "type": "Manufacturing Hub"}, "geometry": {"type": "Point", "coordinates": [-118.0106, 33.8258]}}, {"type": "Feature", "properties": {"name": "Anaheim Industrial Complex", "city": "Anaheim", "state": "California", "type": "Manufacturing Hub"}, "geometry": {"type": "Point", "coordinates": [-117.903, 33.8475]}}, {"type": "Feature", "properties": {"name": "Anaheim Steel District", "city": "Anaheim", "state": "California", "type": "Manufacturing Hub"}, "geometry": {"type": "Point", "coordinates": [-118.002, 33.8575]}}, {"type": "Feature", "properties": {"name": "Santa Ana Aerospace Corridor", "city": "Santa Ana", "state": "California", "type": "Manufacturing Hub"}, "geometry": {"type": "Point", "coordinates": [-117.8405, 33.701]}}, {"type": "Feature", "properties": {"name": "Santa Ana Industrial Park", "city": "Santa Ana", "state": "California", "type": "Manufacturing Hub"}, "geometry": {"type": "Point", "coordinates": [-117.8639, 33.6774]}}, {"type": "Feature", "properties": {"name": "Santa Ana Textile District", "city": "Santa Ana", "state": "California", "type": "Manufacturing Hub"}, "geometry": {"type": "Point", "coordinates": [-117.8352, 33.7951]}}, {"type": "Feature", "properties": {"name": "St. Louis Industrial Park", "city": "St. Louis", "state": "Missouri", "type": "Manufacturing Hub"}, "geometry": {"type": "Point", "coordinates": [-90.1469, 38.6906]}}, {"type": "Feature", "properties": {"name": "St. Louis Warehouse District", "city": "St. Louis", "state": "Missouri", "type": "Manufacturing Hub"}, "geometry": {"type": "Point", "coordinates": [-90.257, 38.6662]}}, {"type": "Feature", "properties": {"name": "St. Louis Steel District", "city": "St. Louis", "state": "Missouri", "type": "Manufacturing Hub"}, "geometry": {"type": "Point", "coordinates": [-90.2075, 38.6566]}}, {"type": "Feature", "properties": {"name": "St. Louis Production Hub", "city": "St. Louis", "state": "Missouri", "type": "Manufacturing Hub"}, "geometry": {"type": "Point", "coordinates": [-90.222, 38.5978]}}, {"type": "Feature", "properties": {"name": "Riverside Logistics Park", "city": "Riverside", "state": "California", "type": "Manufacturing Hub"}, "geometry": {"type": "Point", "coordinates": [-117.3095, 33.9032]}}, {"type": "Feature", "properties": {"name": "Riverside Logistics Park", "city": "Riverside", "state": "California", "type": "Manufacturing Hub"}, "geometry": {"type": "Point", "coordinates": [-117.3026, 33.9234]}}, {"type": "Feature", "properties": {"name": "Corpus Christi Logistics Park", "city": "Corpus Christi", "state": "Texas", "type": "Manufacturing Hub"}, "geometry": {"type": "Point", "coordinates": [-97.3069, 27.8572]}}, {"type": "Feature", "properties": {"name": "Corpus Christi Industrial Park", "city": "Corpus Christi", "state": "Texas", "type": "Manufacturing Hub"}, "geometry": {"type": "Point", "coordinates": [-97.494, 27.7433]}}, {"type": "Feature", "properties": {"name": "Corpus Christi Logistics Park", "city": "Corpus Christi", "state": "Texas", "type": "Manufacturing Hub"}, "geometry": {"type": "Point", "coordinates": [-97.3824, 27.8502]}}, {"type": "Feature", "properties": {"name": "Corpus Christi Food Processing Hub", "city": "Corpus Christi", "state": "Texas", "type": "Manufacturing Hub"}, "geometry": {"type": "Point", "coordinates": [-97.4674, 27.7712]}}, {"type": "Feature", "properties": {"name": "Corpus Christi Distribution Center", "city": "Corpus Christi", "state": "Texas", "type": "Manufacturing Hub"}, "geometry": {"type": "Point", "coordinates": [-97.4125, 27.7414]}}, {"type": "Feature", "properties": {"name": "Lexington-Fayette Food Processing Hub", "city": "Lexington-Fayette", "state": "Kentucky", "type": "Manufacturing Hub"}, "geometry": {"type": "Point", "coordinates": [-84.6006, 38.049]}}, {"type": "Feature", "properties": {"name": "Lexington-Fayette Logistics Park", "city": "Lexington-Fayette", "state": "Kentucky", "type": "Manufacturing Hub"}, "geometry": {"type": "Point", "coordinates": [-84.5685, 38.0508]}}, {"type": "Feature", "properties": {"name": "Lexington-Fayette Industrial Complex", "city": "Lexington-Fayette", "state": "Kentucky", "type": "Manufacturing Hub"}, "geometry": {"type": "Point", "coordinates": [-84.5365, 38.0646]}}, {"type": "Feature", "properties": {"name": "Lexington-Fayette Auto Manufacturing Hub", "city": "Lexington-Fayette", "state": "Kentucky", "type": "Manufacturing Hub"}, "geometry": {"type": "Point", "coordinates": [-84.5431, 38.0881]}}, {"type": "Feature", "properties": {"name": "Pittsburgh Industrial Park", "city": "Pittsburgh", "state": "Pennsylvania", "type": "Manufacturing Hub"}, "geometry": {"type": "Point", "coordinates": [-80.0907, 40.4049]}}, {"type": "Feature", "properties": {"name": "Pittsburgh Steel District", "city": "Pittsburgh", "state": "Pennsylvania", "type": "Manufacturing Hub"}, "geometry": {"type": "Point", "coordinates": [-80.0373, 40.4765]}}, {"type": "Feature", "properties": {"name": "Pittsburgh Distribution Center", "city": "Pittsburgh", "state": "Pennsylvania", "type": "Manufacturing Hub"}, "geometry": {"type": "Point", "coordinates": [-80.0845, 40.461]}}, {"type": "Feature", "properties": {"name": "Anchorage Industrial Park", "city": "Anchorage", "state": "Alaska", "type": "Manufacturing Hub"}, "geometry": {"type": "Point", "coordinates": [-149.8649, 61.1739]}}, {"type": "Feature", "properties": {"name": "Anchorage Textile District", "city": "Anchorage", "state": "Alaska", "type": "Manufacturing Hub"}, "geometry": {"type": "Point", "coordinates": [-149.9221, 61.2244]}}, {"type": "Feature", "properties": {"name": "Stockton Industrial Park", "city": "Stockton", "state": "California", "type": "Manufacturing Hub"}, "geometry": {"type": "Point", "coordinates": [-121.3232, 38.0138]}}, {"type": "Feature", "properties": {"name": "Stockton Steel District", "city": "Stockton", "state": "California", "type": "Manufacturing Hub"}, "geometry": {"type": "Point", "coordinates": [-121.2015, 37.9942]}}, {"type": "Feature", "properties": {"name": "Stockton Assembly Plant District", "city": "Stockton", "state": "California", "type": "Manufacturing Hub"}, "geometry": {"type": "Point", "coordinates": [-121.3674, 37.9018]}}, {"type": "Feature", "properties": {"name": "Stockton Auto Manufacturing Hub", "city": "Stockton", "state": "California", "type": "Manufacturing Hub"}, "geometry": {"type": "Point", "coordinates": [-121.3202, 37.8967]}}, {"type": "Feature", "properties": {"name": "Stockton Distribution Center", "city": "Stockton", "state": "California", "type": "Manufacturing Hub"}, "geometry": {"type": "Point", "coordinates": [-121.3767, 37.9489]}}, {"type": "Feature", "properties": {"name": "Cincinnati Logistics Park", "city": "Cincinnati", "state": "Ohio", "type": "Manufacturing Hub"}, "geometry": {"type": "Point", "coordinates": [-84.5717, 39.1346]}}, {"type": "Feature", "properties": {"name": "Cincinnati Logistics Park", "city": "Cincinnati", "state": "Ohio", "type": "Manufacturing Hub"}, "geometry": {"type": "Point", "coordinates": [-84.4669, 39.1675]}}, {"type": "Feature", "properties": {"name": "Cincinnati Food Processing Hub", "city": "Cincinnati", "state": "Ohio", "type": "Manufacturing Hub"}, "geometry": {"type": "Point", "coordinates": [-84.5439, 39.0564]}}, {"type": "Feature", "properties": {"name": "Cincinnati Logistics Park", "city": "Cincinnati", "state": "Ohio", "type": "Manufacturing Hub"}, "geometry": {"type": "Point", "coordinates": [-84.5173, 39.0363]}}, {"type": "Feature", "properties": {"name": "Cincinnati Warehouse District", "city": "Cincinnati", "state": "Ohio", "type": "Manufacturing Hub"}, "geometry": {"type": "Point", "coordinates": [-84.5854, 39.1087]}}, {"type": "Feature", "properties": {"name": "Cincinnati Distribution Center", "city": "Cincinnati", "state": "Ohio", "type": "Manufacturing Hub"}, "geometry": {"type": "Point", "coordinates": [-84.4291, 39.0692]}}, {"type": "Feature", "properties": {"name": "St. Paul Distribution Center", "city": "St. Paul", "state": "Minnesota", "type": "Manufacturing Hub"}, "geometry": {"type": "Point", "coordinates": [-93.0104, 44.9482]}}, {"type": "Feature", "properties": {"name": "St. Paul Industrial Zone", "city": "St. Paul", "state": "Minnesota", "type": "Manufacturing Hub"}, "geometry": {"type": "Point", "coordinates": [-93.0142, 44.916]}}, {"type": "Feature", "properties": {"name": "St. Paul Production Hub", "city": "St. Paul", "state": "Minnesota", "type": "Manufacturing Hub"}, "geometry": {"type": "Point", "coordinates": [-93.1349, 44.9052]}}, {"type": "Feature", "properties": {"name": "St. Paul Chemical Plant Zone", "city": "St. Paul", "state": "Minnesota", "type": "Manufacturing Hub"}, "geometry": {"type": "Point", "coordinates": [-93.1498, 44.9743]}}, {"type": "Feature", "properties": {"name": "Toledo Aerospace Corridor", "city": "Toledo", "state": "Ohio", "type": "Manufacturing Hub"}, "geometry": {"type": "Point", "coordinates": [-83.4916, 41.6492]}}, {"type": "Feature", "properties": {"name": "Toledo Industrial Complex", "city": "Toledo", "state": "Ohio", "type": "Manufacturing Hub"}, "geometry": {"type": "Point", "coordinates": [-83.5287, 41.645]}}, {"type": "Feature", "properties": {"name": "Toledo Distribution Center", "city": "Toledo", "state": "Ohio", "type": "Manufacturing Hub"}, "geometry": {"type": "Point", "coordinates": [-83.4721, 41.6616]}}, {"type": "Feature", "properties": {"name": "Toledo Aerospace Corridor", "city": "Toledo", "state": "Ohio", "type": "Manufacturing Hub"}, "geometry": {"type": "Point", "coordinates": [-83.6032, 41.6239]}}, {"type": "Feature", "properties": {"name": "Toledo Assembly Plant District", "city": "Toledo", "state": "Ohio", "type": "Manufacturing Hub"}, "geometry": {"type": "Point", "coordinates": [-83.5343, 41.6316]}}, {"type": "Feature", "properties": {"name": "Toledo Textile District", "city": "Toledo", "state": "Ohio", "type": "Manufacturing Hub"}, "geometry": {"type": "Point", "coordinates": [-83.481, 41.6639]}}, {"type": "Feature", "properties": {"name": "Toledo Textile District", "city": "Toledo", "state": "Ohio", "type": "Manufacturing Hub"}, "geometry": {"type": "Point", "coordinates": [-83.4712, 41.6098]}}, {"type": "Feature", "properties": {"name": "Greensboro Logistics Park", "city": "Greensboro", "state": "North Carolina", "type": "Manufacturing Hub"}, "geometry": {"type": "Point", "coordinates": [-79.789, 36.0762]}}, {"type": "Feature", "properties": {"name": "Greensboro Manufacturing District", "city": "Greensboro", "state": "North Carolina", "type": "Manufacturing Hub"}, "geometry": {"type": "Point", "coordinates": [-79.8306, 36.0615]}}, {"type": "Feature", "properties": {"name": "Greensboro Logistics Park", "city": "Greensboro", "state": "North Carolina", "type": "Manufacturing Hub"}, "geometry": {"type": "Point", "coordinates": [-79.6983, 36.0286]}}, {"type": "Feature", "properties": {"name": "Greensboro Production Hub", "city": "Greensboro", "state": "North Carolina", "type": "Manufacturing Hub"}, "geometry": {"type": "Point", "coordinates": [-79.7044, 36.1383]}}, {"type": "Feature", "properties": {"name": "Newark Distribution Center", "city": "Newark", "state": "New Jersey", "type": "Manufacturing Hub"}, "geometry": {"type": "Point", "coordinates": [-74.0875, 40.686]}}, {"type": "Feature", "properties": {"name": "Newark Manufacturing District", "city": "Newark", "state": "New Jersey", "type": "Manufacturing Hub"}, "geometry": {"type": "Point", "coordinates": [-74.2326, 40.7676]}}, {"type": "Feature", "properties": {"name": "Newark Industrial Complex", "city": "Newark", "state": "New Jersey", "type": "Manufacturing Hub"}, "geometry": {"type": "Point", "coordinates": [-74.1519, 40.6812]}}, {"type": "Feature", "properties": {"name": "Plano Auto Manufacturing Hub", "city": "Plano", "state": "Texas", "type": "Manufacturing Hub"}, "geometry": {"type": "Point", "coordinates": [-96.728, 33.0809]}}, {"type": "Feature", "properties": {"name": "Plano Warehouse District", "city": "Plano", "state": "Texas", "type": "Manufacturing Hub"}, "geometry": {"type": "Point", "coordinates": [-96.7518, 33.076]}}, {"type": "Feature", "properties": {"name": "Plano Textile District", "city": "Plano", "state": "Texas", "type": "Manufacturing Hub"}, "geometry": {"type": "Point", "coordinates": [-96.7267, 33.0745]}}, {"type": "Feature", "properties": {"name": "Henderson Warehouse District", "city": "Henderson", "state": "Nevada", "type": "Manufacturing Hub"}, "geometry": {"type": "Point", "coordinates": [-114.9933, 36.0792]}}, {"type": "Feature", "properties": {"name": "Henderson Chemical Plant Zone", "city": "Henderson", "state": "Nevada", "type": "Manufacturing Hub"}, "geometry": {"type": "Point", "coordinates": [-114.9829, 36.0633]}}, {"type": "Feature", "properties": {"name": "Henderson Packaging District", "city": "Henderson", "state": "Nevada", "type": "Manufacturing Hub"}, "geometry": {"type": "Point", "coordinates": [-114.9358, 36.0036]}}, {"type": "Feature", "properties": {"name": "Lincoln Production Hub", "city": "Lincoln", "state": "Nebraska", "type": "Manufacturing Hub"}, "geometry": {"type": "Point", "coordinates": [-96.7309, 40.842]}}, {"type": "Feature", "properties": {"name": "Lincoln Logistics Park", "city": "Lincoln", "state": "Nebraska", "type": "Manufacturing Hub"}, "geometry": {"type": "Point", "coordinates": [-96.5906, 40.7772]}}, {"type": "Feature", "properties": {"name": "Buffalo Chemical Plant Zone", "city": "Buffalo", "state": "New York", "type": "Manufacturing Hub"}, "geometry": {"type": "Point", "coordinates": [-78.9639, 42.8391]}}, {"type": "Feature", "properties": {"name": "Buffalo Packaging District", "city": "Buffalo", "state": "New York", "type": "Manufacturing Hub"}, "geometry": {"type": "Point", "coordinates": [-78.8912, 42.9162]}}, {"type": "Feature", "properties": {"name": "Buffalo Production Hub", "city": "Buffalo", "state": "New York", "type": "Manufacturing Hub"}, "geometry": {"type": "Point", "coordinates": [-78.9231, 42.8511]}}, {"type": "Feature", "properties": {"name": "Jersey City Distribution Center", "city": "Jersey City", "state": "New Jersey", "type": "Manufacturing Hub"}, "geometry": {"type": "Point", "coordinates": [-74.1479, 40.7963]}}, {"type": "Feature", "properties": {"name": "Jersey City Production Hub", "city": "Jersey City", "state": "New Jersey", "type": "Manufacturing Hub"}, "geometry": {"type": "Point", "coordinates": [-74.0, 40.7066]}}, {"type": "Feature", "properties": {"name": "Chula Vista Industrial Complex", "city": "Chula Vista", "state": "California", "type": "Manufacturing Hub"}, "geometry": {"type": "Point", "coordinates": [-117.0701, 32.7008]}}, {"type": "Feature", "properties": {"name": "Chula Vista Distribution Center", "city": "Chula Vista", "state": "California", "type": "Manufacturing Hub"}, "geometry": {"type": "Point", "coordinates": [-117.1253, 32.6689]}}, {"type": "Feature", "properties": {"name": "Chula Vista Food Processing Hub", "city": "Chula Vista", "state": "California", "type": "Manufacturing Hub"}, "geometry": {"type": "Point", "coordinates": [-116.9895, 32.5762]}}, {"type": "Feature", "properties": {"name": "Chula Vista Assembly Plant District", "city": "Chula Vista", "state": "California", "type": "Manufacturing Hub"}, "geometry": {"type": "Point", "coordinates": [-117.0107, 32.6601]}}, {"type": "Feature", "properties": {"name": "Chula Vista Industrial Complex", "city": "Chula Vista", "state": "California", "type": "Manufacturing Hub"}, "geometry": {"type": "Point", "coordinates": [-117.1379, 32.5826]}}, {"type": "Feature", "properties": {"name": "Fort Wayne Logistics Park", "city": "Fort Wayne", "state": "Indiana", "type": "Manufacturing Hub"}, "geometry": {"type": "Point", "coordinates": [-85.178, 41.024]}}, {"type": "Feature", "properties": {"name": "Fort Wayne Warehouse District", "city": "Fort Wayne", "state": "Indiana", "type": "Manufacturing Hub"}, "geometry": {"type": "Point", "coordinates": [-85.1099, 41.1418]}}, {"type": "Feature", "properties": {"name": "Fort Wayne Industrial Complex", "city": "Fort Wayne", "state": "Indiana", "type": "Manufacturing Hub"}, "geometry": {"type": "Point", "coordinates": [-85.1582, 41.1261]}}, {"type": "Feature", "properties": {"name": "Fort Wayne Packaging District", "city": "Fort Wayne", "state": "Indiana", "type": "Manufacturing Hub"}, "geometry": {"type": "Point", "coordinates": [-85.1246, 41.0742]}}, {"type": "Feature", "properties": {"name": "Orlando Industrial Park", "city": "Orlando", "state": "Florida", "type": "Manufacturing Hub"}, "geometry": {"type": "Point", "coordinates": [-81.4176, 28.5282]}}, {"type": "Feature", "properties": {"name": "Orlando Production Hub", "city": "Orlando", "state": "Florida", "type": "Manufacturing Hub"}, "geometry": {"type": "Point", "coordinates": [-81.3332, 28.4722]}}, {"type": "Feature", "properties": {"name": "Orlando Industrial Complex", "city": "Orlando", "state": "Florida", "type": "Manufacturing Hub"}, "geometry": {"type": "Point", "coordinates": [-81.343, 28.4937]}}, {"type": "Feature", "properties": {"name": "Orlando Packaging District", "city": "Orlando", "state": "Florida", "type": "Manufacturing Hub"}, "geometry": {"type": "Point", "coordinates": [-81.3777, 28.5775]}}, {"type": "Feature", "properties": {"name": "St. Petersburg Textile District", "city": "St. Petersburg", "state": "Florida", "type": "Manufacturing Hub"}, "geometry": {"type": "Point", "coordinates": [-82.696, 27.8407]}}, {"type": "Feature", "properties": {"name": "St. Petersburg Food Processing Hub", "city": "St. Petersburg", "state": "Florida", "type": "Manufacturing Hub"}, "geometry": {"type": "Point", "coordinates": [-82.6925, 27.7176]}}, {"type": "Feature", "properties": {"name": "Chandler Production Hub", "city": "Chandler", "state": "Arizona", "type": "Manufacturing Hub"}, "geometry": {"type": "Point", "coordinates": [-111.9046, 33.3327]}}, {"type": "Feature", "properties": {"name": "Chandler Assembly Plant District", "city": "Chandler", "state": "Arizona", "type": "Manufacturing Hub"}, "geometry": {"type": "Point", "coordinates": [-111.8679, 33.3633]}}, {"type": "Feature", "properties": {"name": "Chandler Aerospace Corridor", "city": "Chandler", "state": "Arizona", "type": "Manufacturing Hub"}, "geometry": {"type": "Point", "coordinates": [-111.9017, 33.2507]}}, {"type": "Feature", "properties": {"name": "Laredo Warehouse District", "city": "Laredo", "state": "Texas", "type": "Manufacturing Hub"}, "geometry": {"type": "Point", "coordinates": [-99.5505, 27.5783]}}, {"type": "Feature", "properties": {"name": "Laredo Industrial Zone", "city": "Laredo", "state": "Texas", "type": "Manufacturing Hub"}, "geometry": {"type": "Point", "coordinates": [-99.4191, 27.4684]}}, {"type": "Feature", "properties": {"name": "Norfolk Food Processing Hub", "city": "Norfolk", "state": "Virginia", "type": "Manufacturing Hub"}, "geometry": {"type": "Point", "coordinates": [-76.3575, 36.8093]}}, {"type": "Feature", "properties": {"name": "Durham Industrial Complex", "city": "Durham", "state": "North Carolina", "type": "Manufacturing Hub"}, "geometry": {"type": "Point", "coordinates": [-78.8136, 35.9684]}}, {"type": "Feature", "properties": {"name": "Madison Packaging District", "city": "Madison", "state": "Wisconsin", "type": "Manufacturing Hub"}, "geometry": {"type": "Point", "coordinates": [-89.4695, 43.0706]}}, {"type": "Feature", "properties": {"name": "Madison Assembly Plant District", "city": "Madison", "state": "Wisconsin", "type": "Manufacturing Hub"}, "geometry": {"type": "Point", "coordinates": [-89.4212, 43.0686]}}, {"type": "Feature", "properties": {"name": "Lubbock Manufacturing District", "city": "Lubbock", "state": "Texas", "type": "Manufacturing Hub"}, "geometry": {"type": "Point", "coordinates": [-101.9395, 33.5943]}}, {"type": "Feature", "properties": {"name": "Lubbock Industrial Park", "city": "Lubbock", "state": "Texas", "type": "Manufacturing Hub"}, "geometry": {"type": "Point", "coordinates": [-101.952, 33.6277]}}, {"type": "Feature", "properties": {"name": "Lubbock Industrial Zone", "city": "Lubbock", "state": "Texas", "type": "Manufacturing Hub"}, "geometry": {"type": "Point", "coordinates": [-101.8893, 33.5927]}}, {"type": "Feature", "properties": {"name": "Lubbock Food Processing Hub", "city": "Lubbock", "state": "Texas", "type": "Manufacturing Hub"}, "geometry": {"type": "Point", "coordinates": [-101.8935, 33.6166]}}, {"type": "Feature", "properties": {"name": "Irvine Industrial Zone", "city": "Irvine", "state": "California", "type": "Manufacturing Hub"}, "geometry": {"type": "Point", "coordinates": [-117.8087, 33.7333]}}, {"type": "Feature", "properties": {"name": "Irvine Production Hub", "city": "Irvine", "state": "California", "type": "Manufacturing Hub"}, "geometry": {"type": "Point", "coordinates": [-117.853, 33.7275]}}, {"type": "Feature", "properties": {"name": "Irvine Industrial Park", "city": "Irvine", "state": "California", "type": "Manufacturing Hub"}, "geometry": {"type": "Point", "coordinates": [-117.8495, 33.6721]}}, {"type": "Feature", "properties": {"name": "Irvine Industrial Complex", "city": "Irvine", "state": "California", "type": "Manufacturing Hub"}, "geometry": {"type": "Point", "coordinates": [-117.7369, 33.6945]}}, {"type": "Feature", "properties": {"name": "Irvine Industrial Park", "city": "Irvine", "state": "California", "type": "Manufacturing Hub"}, "geometry": {"type": "Point", "coordinates": [-117.8187, 33.7311]}}, {"type": "Feature", "properties": {"name": "Winston-Salem Food Processing Hub", "city": "Winston-Salem", "state": "North Carolina", "type": "Manufacturing Hub"}, "geometry": {"type": "Point", "coordinates": [-80.1896, 36.0792]}}, {"type": "Feature", "properties": {"name": "Glendale Warehouse District", "city": "Glendale", "state": "Arizona", "type": "Manufacturing Hub"}, "geometry": {"type": "Point", "coordinates": [-112.2034, 33.5355]}}, {"type": "Feature", "properties": {"name": "Garland Warehouse District", "city": "Garland", "state": "Texas", "type": "Manufacturing Hub"}, "geometry": {"type": "Point", "coordinates": [-96.5996, 32.8584]}}, {"type": "Feature", "properties": {"name": "Garland Logistics Park", "city": "Garland", "state": "Texas", "type": "Manufacturing Hub"}, "geometry": {"type": "Point", "coordinates": [-96.7223, 32.9429]}}, {"type": "Feature", "properties": {"name": "Hialeah Steel District", "city": "Hialeah", "state": "Florida", "type": "Manufacturing Hub"}, "geometry": {"type": "Point", "coordinates": [-80.2047, 25.7932]}}, {"type": "Feature", "properties": {"name": "Reno Packaging District", "city": "Reno", "state": "Nevada", "type": "Manufacturing Hub"}, "geometry": {"type": "Point", "coordinates": [-119.8149, 39.5954]}}, {"type": "Feature", "properties": {"name": "Reno Auto Manufacturing Hub", "city": "Reno", "state": "Nevada", "type": "Manufacturing Hub"}, "geometry": {"type": "Point", "coordinates": [-119.7222, 39.53]}}, {"type": "Feature", "properties": {"name": "Reno Logistics Park", "city": "Reno", "state": "Nevada", "type": "Manufacturing Hub"}, "geometry": {"type": "Point", "coordinates": [-119.7744, 39.4888]}}, {"type": "Feature", "properties": {"name": "Chesapeake Packaging District", "city": "Chesapeake", "state": "Virginia", "type": "Manufacturing Hub"}, "geometry": {"type": "Point", "coordinates": [-76.2272, 36.7393]}}, {"type": "Feature", "properties": {"name": "Chesapeake Production Hub", "city": "Chesapeake", "state": "Virginia", "type": "Manufacturing Hub"}, "geometry": {"type": "Point", "coordinates": [-76.2618, 36.7712]}}, {"type": "Feature", "properties": {"name": "Gilbert Auto Manufacturing Hub", "city": "Gilbert", "state": "Arizona", "type": "Manufacturing Hub"}, "geometry": {"type": "Point", "coordinates": [-111.8722, 33.2884]}}, {"type": "Feature", "properties": {"name": "Baton Rouge Aerospace Corridor", "city": "Baton Rouge", "state": "Louisiana", "type": "Manufacturing Hub"}, "geometry": {"type": "Point", "coordinates": [-91.0979, 30.3944]}}, {"type": "Feature", "properties": {"name": "Baton Rouge Manufacturing District", "city": "Baton Rouge", "state": "Louisiana", "type": "Manufacturing Hub"}, "geometry": {"type": "Point", "coordinates": [-91.1646, 30.4537]}}, {"type": "Feature", "properties": {"name": "Irving Warehouse District", "city": "Irving", "state": "Texas", "type": "Manufacturing Hub"}, "geometry": {"type": "Point", "coordinates": [-96.9555, 32.7576]}}, {"type": "Feature", "properties": {"name": "Irving Industrial Zone", "city": "Irving", "state": "Texas", "type": "Manufacturing Hub"}, "geometry": {"type": "Point", "coordinates": [-96.9129, 32.8663]}}, {"type": "Feature", "properties": {"name": "Irving Warehouse District", "city": "Irving", "state": "Texas", "type": "Manufacturing Hub"}, "geometry": {"type": "Point", "coordinates": [-96.9565, 32.7824]}}, {"type": "Feature", "properties": {"name": "Irving Warehouse District", "city": "Irving", "state": "Texas", "type": "Manufacturing Hub"}, "geometry": {"type": "Point", "coordinates": [-96.9004, 32.8051]}}, {"type": "Feature", "properties": {"name": "Scottsdale Manufacturing District", "city": "Scottsdale", "state": "Arizona", "type": "Manufacturing Hub"}, "geometry": {"type": "Point", "coordinates": [-111.8831, 33.5218]}}, {"type": "Feature", "properties": {"name": "North Las Vegas Industrial Park", "city": "North Las Vegas", "state": "Nevada", "type": "Manufacturing Hub"}, "geometry": {"type": "Point", "coordinates": [-115.0742, 36.2547]}}, {"type": "Feature", "properties": {"name": "North Las Vegas Auto Manufacturing Hub", "city": "North Las Vegas", "state": "Nevada", "type": "Manufacturing Hub"}, "geometry": {"type": "Point", "coordinates": [-115.0394, 36.2056]}}, {"type": "Feature", "properties": {"name": "Fremont Textile District", "city": "Fremont", "state": "California", "type": "Manufacturing Hub"}, "geometry": {"type": "Point", "coordinates": [-122.0173, 37.514]}}, {"type": "Feature", "properties": {"name": "Fremont Food Processing Hub", "city": "Fremont", "state": "California", "type": "Manufacturing Hub"}, "geometry": {"type": "Point", "coordinates": [-121.9798, 37.5602]}}, {"type": "Feature", "properties": {"name": "Fremont Auto Manufacturing Hub", "city": "Fremont", "state": "California", "type": "Manufacturing Hub"}, "geometry": {"type": "Point", "coordinates": [-121.9258, 37.5971]}}, {"type": "Feature", "properties": {"name": "Boise City Packaging District", "city": "Boise City", "state": "Idaho", "type": "Manufacturing Hub"}, "geometry": {"type": "Point", "coordinates": [-116.2964, 43.6119]}}, {"type": "Feature", "properties": {"name": "Boise City Packaging District", "city": "Boise City", "state": "Idaho", "type": "Manufacturing Hub"}, "geometry": {"type": "Point", "coordinates": [-116.1311, 43.5878]}}, {"type": "Feature", "properties": {"name": "Richmond Warehouse District", "city": "Richmond", "state": "Virginia", "type": "Manufacturing Hub"}, "geometry": {"type": "Point", "coordinates": [-77.3536, 37.6004]}}, {"type": "Feature", "properties": {"name": "Richmond Industrial Park", "city": "Richmond", "state": "Virginia", "type": "Manufacturing Hub"}, "geometry": {"type": "Point", "coordinates": [-77.4838, 37.5879]}}, {"type": "Feature", "properties": {"name": "Richmond Manufacturing District", "city": "Richmond", "state": "Virginia", "type": "Manufacturing Hub"}, "geometry": {"type": "Point", "coordinates": [-77.383, 37.4719]}}, {"type": "Feature", "properties": {"name": "San Bernardino Packaging District", "city": "San Bernardino", "state": "California", "type": "Manufacturing Hub"}, "geometry": {"type": "Point", "coordinates": [-117.212, 34.1519]}}, {"type": "Feature", "properties": {"name": "San Bernardino Aerospace Corridor", "city": "San Bernardino", "state": "California", "type": "Manufacturing Hub"}, "geometry": {"type": "Point", "coordinates": [-117.2582, 34.0744]}}, {"type": "Feature", "properties": {"name": "Birmingham Steel District", "city": "Birmingham", "state": "Alabama", "type": "Manufacturing Hub"}, "geometry": {"type": "Point", "coordinates": [-86.8756, 33.5774]}}, {"type": "Feature", "properties": {"name": "Birmingham Logistics Park", "city": "Birmingham", "state": "Alabama", "type": "Manufacturing Hub"}, "geometry": {"type": "Point", "coordinates": [-86.8423, 33.5697]}}, {"type": "Feature", "properties": {"name": "Spokane Production Hub", "city": "Spokane", "state": "Washington", "type": "Manufacturing Hub"}, "geometry": {"type": "Point", "coordinates": [-117.3861, 47.6826]}}, {"type": "Feature", "properties": {"name": "Spokane Assembly Plant District", "city": "Spokane", "state": "Washington", "type": "Manufacturing Hub"}, "geometry": {"type": "Point", "coordinates": [-117.4912, 47.6731]}}, {"type": "Feature", "properties": {"name": "Spokane Industrial Zone", "city": "Spokane", "state": "Washington", "type": "Manufacturing Hub"}, "geometry": {"type": "Point", "coordinates": [-117.3377, 47.6532]}}, {"type": "Feature", "properties": {"name": "Rochester Steel District", "city": "Rochester", "state": "New York", "type": "Manufacturing Hub"}, "geometry": {"type": "Point", "coordinates": [-77.5798, 43.2039]}}, {"type": "Feature", "properties": {"name": "Des Moines Manufacturing District", "city": "Des Moines", "state": "Iowa", "type": "Manufacturing Hub"}, "geometry": {"type": "Point", "coordinates": [-93.5242, 41.6255]}}, {"type": "Feature", "properties": {"name": "Modesto Packaging District", "city": "Modesto", "state": "California", "type": "Manufacturing Hub"}, "geometry": {"type": "Point", "coordinates": [-120.9009, 37.5869]}}, {"type": "Feature", "properties": {"name": "Modesto Production Hub", "city": "Modesto", "state": "California", "type": "Manufacturing Hub"}, "geometry": {"type": "Point", "coordinates": [-121.0572, 37.572]}}, {"type": "Feature", "properties": {"name": "Modesto Distribution Center", "city": "Modesto", "state": "California", "type": "Manufacturing Hub"}, "geometry": {"type": "Point", "coordinates": [-121.0336, 37.6843]}}, {"type": "Feature", "properties": {"name": "Modesto Chemical Plant Zone", "city": "Modesto", "state": "California", "type": "Manufacturing Hub"}, "geometry": {"type": "Point", "coordinates": [-120.9162, 37.6943]}}, {"type": "Feature", "properties": {"name": "Fayetteville Production Hub", "city": "Fayetteville", "state": "North Carolina", "type": "Manufacturing Hub"}, "geometry": {"type": "Point", "coordinates": [-78.9595, 35.0623]}}, {"type": "Feature", "properties": {"name": "Fayetteville Logistics Park", "city": "Fayetteville", "state": "North Carolina", "type": "Manufacturing Hub"}, "geometry": {"type": "Point", "coordinates": [-78.9708, 35.0496]}}, {"type": "Feature", "properties": {"name": "Tacoma Steel District", "city": "Tacoma", "state": "Washington", "type": "Manufacturing Hub"}, "geometry": {"type": "Point", "coordinates": [-122.4985, 47.2993]}}, {"type": "Feature", "properties": {"name": "Tacoma Aerospace Corridor", "city": "Tacoma", "state": "Washington", "type": "Manufacturing Hub"}, "geometry": {"type": "Point", "coordinates": [-122.5276, 47.2881]}}, {"type": "Feature", "properties": {"name": "Oxnard Aerospace Corridor", "city": "Oxnard", "state": "California", "type": "Manufacturing Hub"}, "geometry": {"type": "Point", "coordinates": [-119.0959, 34.1689]}}, {"type": "Feature", "properties": {"name": "Oxnard Food Processing Hub", "city": "Oxnard", "state": "California", "type": "Manufacturing Hub"}, "geometry": {"type": "Point", "coordinates": [-119.1358, 34.1754]}}, {"type": "Feature", "properties": {"name": "Oxnard Auto Manufacturing Hub", "city": "Oxnard", "state": "California", "type": "Manufacturing Hub"}, "geometry": {"type": "Point", "coordinates": [-119.1452, 34.1515]}}, {"type": "Feature", "properties": {"name": "Oxnard Assembly Plant District", "city": "Oxnard", "state": "California", "type": "Manufacturing Hub"}, "geometry": {"type": "Point", "coordinates": [-119.151, 34.1299]}}, {"type": "Feature", "properties": {"name": "Fontana Industrial Zone", "city": "Fontana", "state": "California", "type": "Manufacturing Hub"}, "geometry": {"type": "Point", "coordinates": [-117.5139, 34.1616]}}, {"type": "Feature", "properties": {"name": "Fontana Chemical Plant Zone", "city": "Fontana", "state": "California", "type": "Manufacturing Hub"}, "geometry": {"type": "Point", "coordinates": [-117.4439, 34.1003]}}, {"type": "Feature", "properties": {"name": "Columbus Packaging District", "city": "Columbus", "state": "Georgia", "type": "Manufacturing Hub"}, "geometry": {"type": "Point", "coordinates": [-84.9914, 32.4827]}}, {"type": "Feature", "properties": {"name": "Columbus Warehouse District", "city": "Columbus", "state": "Georgia", "type": "Manufacturing Hub"}, "geometry": {"type": "Point", "coordinates": [-85.0589, 32.4753]}}, {"type": "Feature", "properties": {"name": "Montgomery Industrial Zone", "city": "Montgomery", "state": "Alabama", "type": "Manufacturing Hub"}, "geometry": {"type": "Point", "coordinates": [-86.2799, 32.3932]}}, {"type": "Feature", "properties": {"name": "Montgomery Food Processing Hub", "city": "Montgomery", "state": "Alabama", "type": "Manufacturing Hub"}, "geometry": {"type": "Point", "coordinates": [-86.3794, 32.389]}}, {"type": "Feature", "properties": {"name": "Montgomery Industrial Park", "city": "Montgomery", "state": "Alabama", "type": "Manufacturing Hub"}, "geometry": {"type": "Point", "coordinates": [-86.2694, 32.3222]}}, {"type": "Feature", "properties": {"name": "Montgomery Logistics Park", "city": "Montgomery", "state": "Alabama", "type": "Manufacturing Hub"}, "geometry": {"type": "Point", "coordinates": [-86.3045, 32.3387]}}, {"type": "Feature", "properties": {"name": "Montgomery Textile District", "city": "Montgomery", "state": "Alabama", "type": "Manufacturing Hub"}, "geometry": {"type": "Point", "coordinates": [-86.3076, 32.3408]}}, {"type": "Feature", "properties": {"name": "Moreno Valley Chemical Plant Zone", "city": "Moreno Valley", "state": "California", "type": "Manufacturing Hub"}, "geometry": {"type": "Point", "coordinates": [-117.1728, 33.8791]}}, {"type": "Feature", "properties": {"name": "Moreno Valley Auto Manufacturing Hub", "city": "Moreno Valley", "state": "California", "type": "Manufacturing Hub"}, "geometry": {"type": "Point", "coordinates": [-117.3136, 33.9271]}}, {"type": "Feature", "properties": {"name": "Moreno Valley Chemical Plant Zone", "city": "Moreno Valley", "state": "California", "type": "Manufacturing Hub"}, "geometry": {"type": "Point", "coordinates": [-117.1785, 33.9256]}}, {"type": "Feature", "properties": {"name": "Shreveport Distribution Center", "city": "Shreveport", "state": "Louisiana", "type": "Manufacturing Hub"}, "geometry": {"type": "Point", "coordinates": [-93.6893, 32.4689]}}, {"type": "Feature", "properties": {"name": "Shreveport Textile District", "city": "Shreveport", "state": "Louisiana", "type": "Manufacturing Hub"}, "geometry": {"type": "Point", "coordinates": [-93.7783, 32.5576]}}, {"type": "Feature", "properties": {"name": "Shreveport Textile District", "city": "Shreveport", "state": "Louisiana", "type": "Manufacturing Hub"}, "geometry": {"type": "Point", "coordinates": [-93.7098, 32.4618]}}, {"type": "Feature", "properties": {"name": "Aurora Industrial Park", "city": "Aurora", "state": "Illinois", "type": "Manufacturing Hub"}, "geometry": {"type": "Point", "coordinates": [-88.2782, 41.8211]}}, {"type": "Feature", "properties": {"name": "Aurora Food Processing Hub", "city": "Aurora", "state": "Illinois", "type": "Manufacturing Hub"}, "geometry": {"type": "Point", "coordinates": [-88.2937, 41.7164]}}, {"type": "Feature", "properties": {"name": "Aurora Industrial Complex", "city": "Aurora", "state": "Illinois", "type": "Manufacturing Hub"}, "geometry": {"type": "Point", "coordinates": [-88.2371, 41.793]}}, {"type": "Feature", "properties": {"name": "Yonkers Distribution Center", "city": "Yonkers", "state": "New York", "type": "Manufacturing Hub"}, "geometry": {"type": "Point", "coordinates": [-73.9198, 40.8672]}}, {"type": "Feature", "properties": {"name": "Yonkers Distribution Center", "city": "Yonkers", "state": "New York", "type": "Manufacturing Hub"}, "geometry": {"type": "Point", "coordinates": [-73.9955, 40.9288]}}, {"type": "Feature", "properties": {"name": "Akron Manufacturing District", "city": "Akron", "state": "Ohio", "type": "Manufacturing Hub"}, "geometry": {"type": "Point", "coordinates": [-81.6139, 41.1242]}}, {"type": "Feature", "properties": {"name": "Akron Industrial Complex", "city": "Akron", "state": "Ohio", "type": "Manufacturing Hub"}, "geometry": {"type": "Point", "coordinates": [-81.534, 41.0923]}}, {"type": "Feature", "properties": {"name": "Akron Logistics Park", "city": "Akron", "state": "Ohio", "type": "Manufacturing Hub"}, "geometry": {"type": "Point", "coordinates": [-81.5967, 41.0915]}}, {"type": "Feature", "properties": {"name": "Huntington Beach Chemical Plant Zone", "city": "Huntington Beach", "state": "California", "type": "Manufacturing Hub"}, "geometry": {"type": "Point", "coordinates": [-118.0774, 33.6367]}}, {"type": "Feature", "properties": {"name": "Huntington Beach Steel District", "city": "Huntington Beach", "state": "California", "type": "Manufacturing Hub"}, "geometry": {"type": "Point", "coordinates": [-118.0111, 33.6116]}}, {"type": "Feature", "properties": {"name": "Huntington Beach Manufacturing District", "city": "Huntington Beach", "state": "California", "type": "Manufacturing Hub"}, "geometry": {"type": "Point", "coordinates": [-118.0467, 33.6746]}}, {"type": "Feature", "properties": {"name": "Huntington Beach Industrial Complex", "city": "Huntington Beach", "state": "California", "type": "Manufacturing Hub"}, "geometry": {"type": "Point", "coordinates": [-118.0722, 33.6644]}}, {"type": "Feature", "properties": {"name": "Little Rock Warehouse District", "city": "Little Rock", "state": "Arkansas", "type": "Manufacturing Hub"}, "geometry": {"type": "Point", "coordinates": [-92.2807, 34.7849]}}, {"type": "Feature", "properties": {"name": "Little Rock Food Processing Hub", "city": "Little Rock", "state": "Arkansas", "type": "Manufacturing Hub"}, "geometry": {"type": "Point", "coordinates": [-92.2355, 34.7543]}}, {"type": "Feature", "properties": {"name": "Augusta-Richmond County Logistics Park", "city": "Augusta-Richmond County", "state": "Georgia", "type": "Manufacturing Hub"}, "geometry": {"type": "Point", "coordinates": [-81.9925, 33.4363]}}, {"type": "Feature", "properties": {"name": "Amarillo Packaging District", "city": "Amarillo", "state": "Texas", "type": "Manufacturing Hub"}, "geometry": {"type": "Point", "coordinates": [-101.871, 35.2325]}}, {"type": "Feature", "properties": {"name": "Amarillo Industrial Complex", "city": "Amarillo", "state": "Texas", "type": "Manufacturing Hub"}, "geometry": {"type": "Point", "coordinates": [-101.8472, 35.2267]}}, {"type": "Feature", "properties": {"name": "Amarillo Food Processing Hub", "city": "Amarillo", "state": "Texas", "type": "Manufacturing Hub"}, "geometry": {"type": "Point", "coordinates": [-101.8241, 35.2851]}}, {"type": "Feature", "properties": {"name": "Amarillo Food Processing Hub", "city": "Amarillo", "state": "Texas", "type": "Manufacturing Hub"}, "geometry": {"type": "Point", "coordinates": [-101.8395, 35.1737]}}, {"type": "Feature", "properties": {"name": "Glendale Food Processing Hub", "city": "Glendale", "state": "California", "type": "Manufacturing Hub"}, "geometry": {"type": "Point", "coordinates": [-118.2497, 34.1415]}}, {"type": "Feature", "properties": {"name": "Glendale Distribution Center", "city": "Glendale", "state": "California", "type": "Manufacturing Hub"}, "geometry": {"type": "Point", "coordinates": [-118.1734, 34.1399]}}, {"type": "Feature", "properties": {"name": "Glendale Industrial Park", "city": "Glendale", "state": "California", "type": "Manufacturing Hub"}, "geometry": {"type": "Point", "coordinates": [-118.2462, 34.0972]}}, {"type": "Feature", "properties": {"name": "Glendale Warehouse District", "city": "Glendale", "state": "California", "type": "Manufacturing Hub"}, "geometry": {"type": "Point", "coordinates": [-118.1703, 34.1459]}}, {"type": "Feature", "properties": {"name": "Glendale Food Processing Hub", "city": "Glendale", "state": "California", "type": "Manufacturing Hub"}, "geometry": {"type": "Point", "coordinates": [-118.2958, 34.1632]}}, {"type": "Feature", "properties": {"name": "Mobile Production Hub", "city": "Mobile", "state": "Alabama", "type": "Manufacturing Hub"}, "geometry": {"type": "Point", "coordinates": [-88.0344, 30.6561]}}, {"type": "Feature", "properties": {"name": "Mobile Assembly Plant District", "city": "Mobile", "state": "Alabama", "type": "Manufacturing Hub"}, "geometry": {"type": "Point", "coordinates": [-88.0914, 30.6759]}}, {"type": "Feature", "properties": {"name": "Mobile Manufacturing District", "city": "Mobile", "state": "Alabama", "type": "Manufacturing Hub"}, "geometry": {"type": "Point", "coordinates": [-88.0768, 30.6656]}}, {"type": "Feature", "properties": {"name": "Grand Rapids Textile District", "city": "Grand Rapids", "state": "Michigan", "type": "Manufacturing Hub"}, "geometry": {"type": "Point", "coordinates": [-85.5943, 42.9802]}}, {"type": "Feature", "properties": {"name": "Grand Rapids Industrial Park", "city": "Grand Rapids", "state": "Michigan", "type": "Manufacturing Hub"}, "geometry": {"type": "Point", "coordinates": [-85.6385, 42.9894]}}, {"type": "Feature", "properties": {"name": "Grand Rapids Steel District", "city": "Grand Rapids", "state": "Michigan", "type": "Manufacturing Hub"}, "geometry": {"type": "Point", "coordinates": [-85.6597, 42.9986]}}, {"type": "Feature", "properties": {"name": "Salt Lake City Industrial Zone", "city": "Salt Lake City", "state": "Utah", "type": "Manufacturing Hub"}, "geometry": {"type": "Point", "coordinates": [-111.9052, 40.7196]}}, {"type": "Feature", "properties": {"name": "Tallahassee Assembly Plant District", "city": "Tallahassee", "state": "Florida", "type": "Manufacturing Hub"}, "geometry": {"type": "Point", "coordinates": [-84.2739, 30.3741]}}, {"type": "Feature", "properties": {"name": "Huntsville Warehouse District", "city": "Huntsville", "state": "Alabama", "type": "Manufacturing Hub"}, "geometry": {"type": "Point", "coordinates": [-86.64, 34.7748]}}, {"type": "Feature", "properties": {"name": "Grand Prairie Industrial Complex", "city": "Grand Prairie", "state": "Texas", "type": "Manufacturing Hub"}, "geometry": {"type": "Point", "coordinates": [-97.0812, 32.7502]}}, {"type": "Feature", "properties": {"name": "Grand Prairie Aerospace Corridor", "city": "Grand Prairie", "state": "Texas", "type": "Manufacturing Hub"}, "geometry": {"type": "Point", "coordinates": [-97.0378, 32.6893]}}, {"type": "Feature", "properties": {"name": "Knoxville Steel District", "city": "Knoxville", "state": "Tennessee", "type": "Manufacturing Hub"}, "geometry": {"type": "Point", "coordinates": [-84.0106, 35.9759]}}, {"type": "Feature", "properties": {"name": "Knoxville Auto Manufacturing Hub", "city": "Knoxville", "state": "Tennessee", "type": "Manufacturing Hub"}, "geometry": {"type": "Point", "coordinates": [-84.0158, 36.026]}}, {"type": "Feature", "properties": {"name": "Worcester Industrial Zone", "city": "Worcester", "state": "Massachusetts", "type": "Manufacturing Hub"}, "geometry": {"type": "Point", "coordinates": [-71.7608, 42.2625]}}, {"type": "Feature", "properties": {"name": "Newport News Steel District", "city": "Newport News", "state": "Virginia", "type": "Manufacturing Hub"}, "geometry": {"type": "Point", "coordinates": [-76.382, 37.0497]}}, {"type": "Feature", "properties": {"name": "Newport News Distribution Center", "city": "Newport News", "state": "Virginia", "type": "Manufacturing Hub"}, "geometry": {"type": "Point", "coordinates": [-76.3914, 37.0573]}}, {"type": "Feature", "properties": {"name": "Newport News Steel District", "city": "Newport News", "state": "Virginia", "type": "Manufacturing Hub"}, "geometry": {"type": "Point", "coordinates": [-76.456, 37.0441]}}, {"type": "Feature", "properties": {"name": "Brownsville Warehouse District", "city": "Brownsville", "state": "Texas", "type": "Manufacturing Hub"}, "geometry": {"type": "Point", "coordinates": [-97.5065, 25.8506]}}, {"type": "Feature", "properties": {"name": "Brownsville Auto Manufacturing Hub", "city": "Brownsville", "state": "Texas", "type": "Manufacturing Hub"}, "geometry": {"type": "Point", "coordinates": [-97.4397, 25.8435]}}, {"type": "Feature", "properties": {"name": "Brownsville Assembly Plant District", "city": "Brownsville", "state": "Texas", "type": "Manufacturing Hub"}, "geometry": {"type": "Point", "coordinates": [-97.402, 25.8713]}}, {"type": "Feature", "properties": {"name": "Overland Park Industrial Complex", "city": "Overland Park", "state": "Kansas", "type": "Manufacturing Hub"}, "geometry": {"type": "Point", "coordinates": [-94.6552, 39.0344]}}, {"type": "Feature", "properties": {"name": "Overland Park Packaging District", "city": "Overland Park", "state": "Kansas", "type": "Manufacturing Hub"}, "geometry": {"type": "Point", "coordinates": [-94.7498, 39.0229]}}, {"type": "Feature", "properties": {"name": "Overland Park Aerospace Corridor", "city": "Overland Park", "state": "Kansas", "type": "Manufacturing Hub"}, "geometry": {"type": "Point", "coordinates": [-94.5943, 39.0372]}}, {"type": "Feature", "properties": {"name": "Santa Clarita Industrial Complex", "city": "Santa Clarita", "state": "California", "type": "Manufacturing Hub"}, "geometry": {"type": "Point", "coordinates": [-118.4556, 34.4066]}}, {"type": "Feature", "properties": {"name": "Santa Clarita Packaging District", "city": "Santa Clarita", "state": "California", "type": "Manufacturing Hub"}, "geometry": {"type": "Point", "coordinates": [-118.588, 34.3596]}}, {"type": "Feature", "properties": {"name": "Santa Clarita Industrial Zone", "city": "Santa Clarita", "state": "California", "type": "Manufacturing Hub"}, "geometry": {"type": "Point", "coordinates": [-118.4582, 34.4443]}}, {"type": "Feature", "properties": {"name": "Santa Clarita Distribution Center", "city": "Santa Clarita", "state": "California", "type": "Manufacturing Hub"}, "geometry": {"type": "Point", "coordinates": [-118.5208, 34.3581]}}, {"type": "Feature", "properties": {"name": "Providence Production Hub", "city": "Providence", "state": "Rhode Island", "type": "Manufacturing Hub"}, "geometry": {"type": "Point", "coordinates": [-71.3682, 41.8362]}}, {"type": "Feature", "properties": {"name": "Providence Textile District", "city": "Providence", "state": "Rhode Island", "type": "Manufacturing Hub"}, "geometry": {"type": "Point", "coordinates": [-71.4276, 41.7985]}}, {"type": "Feature", "properties": {"name": "Providence Chemical Plant Zone", "city": "Providence", "state": "Rhode Island", "type": "Manufacturing Hub"}, "geometry": {"type": "Point", "coordinates": [-71.4062, 41.8116]}}, {"type": "Feature", "properties": {"name": "Garden Grove Industrial Park", "city": "Garden Grove", "state": "California", "type": "Manufacturing Hub"}, "geometry": {"type": "Point", "coordinates": [-118.0337, 33.7544]}}, {"type": "Feature", "properties": {"name": "Garden Grove Textile District", "city": "Garden Grove", "state": "California", "type": "Manufacturing Hub"}, "geometry": {"type": "Point", "coordinates": [-117.9272, 33.8087]}}, {"type": "Feature", "properties": {"name": "Chattanooga Food Processing Hub", "city": "Chattanooga", "state": "Tennessee", "type": "Manufacturing Hub"}, "geometry": {"type": "Point", "coordinates": [-85.3152, 35.0824]}}, {"type": "Feature", "properties": {"name": "Chattanooga Steel District", "city": "Chattanooga", "state": "Tennessee", "type": "Manufacturing Hub"}, "geometry": {"type": "Point", "coordinates": [-85.3953, 35.0342]}}, {"type": "Feature", "properties": {"name": "Chattanooga Auto Manufacturing Hub", "city": "Chattanooga", "state": "Tennessee", "type": "Manufacturing Hub"}, "geometry": {"type": "Point", "coordinates": [-85.3423, 35.0896]}}, {"type": "Feature", "properties": {"name": "Chattanooga Assembly Plant District", "city": "Chattanooga", "state": "Tennessee", "type": "Manufacturing Hub"}, "geometry": {"type": "Point", "coordinates": [-85.2129, 35.0939]}}, {"type": "Feature", "properties": {"name": "Chattanooga Warehouse District", "city": "Chattanooga", "state": "Tennessee", "type": "Manufacturing Hub"}, "geometry": {"type": "Point", "coordinates": [-85.3988, 35.0693]}}, {"type": "Feature", "properties": {"name": "Oceanside Chemical Plant Zone", "city": "Oceanside", "state": "California", "type": "Manufacturing Hub"}, "geometry": {"type": "Point", "coordinates": [-117.4551, 33.1448]}}, {"type": "Feature", "properties": {"name": "Oceanside Auto Manufacturing Hub", "city": "Oceanside", "state": "California", "type": "Manufacturing Hub"}, "geometry": {"type": "Point", "coordinates": [-117.4219, 33.2562]}}, {"type": "Feature", "properties": {"name": "Oceanside Auto Manufacturing Hub", "city": "Oceanside", "state": "California", "type": "Manufacturing Hub"}, "geometry": {"type": "Point", "coordinates": [-117.3134, 33.224]}}, {"type": "Feature", "properties": {"name": "Jackson Distribution Center", "city": "Jackson", "state": "Mississippi", "type": "Manufacturing Hub"}, "geometry": {"type": "Point", "coordinates": [-90.165, 32.3123]}}, {"type": "Feature", "properties": {"name": "Fort Lauderdale Packaging District", "city": "Fort Lauderdale", "state": "Florida", "type": "Manufacturing Hub"}, "geometry": {"type": "Point", "coordinates": [-80.1973, 26.0671]}}, {"type": "Feature", "properties": {"name": "Santa Rosa Industrial Zone", "city": "Santa Rosa", "state": "California", "type": "Manufacturing Hub"}, "geometry": {"type": "Point", "coordinates": [-122.7625, 38.4234]}}, {"type": "Feature", "properties": {"name": "Santa Rosa Production Hub", "city": "Santa Rosa", "state": "California", "type": "Manufacturing Hub"}, "geometry": {"type": "Point", "coordinates": [-122.7592, 38.4956]}}, {"type": "Feature", "properties": {"name": "Santa Rosa Assembly Plant District", "city": "Santa Rosa", "state": "California", "type": "Manufacturing Hub"}, "geometry": {"type": "Point", "coordinates": [-122.7927, 38.3735]}}, {"type": "Feature", "properties": {"name": "Rancho Cucamonga Industrial Zone", "city": "Rancho Cucamonga", "state": "California", "type": "Manufacturing Hub"}, "geometry": {"type": "Point", "coordinates": [-117.5824, 34.1163]}}, {"type": "Feature", "properties": {"name": "Port St. Lucie Industrial Complex", "city": "Port St. Lucie", "state": "Florida", "type": "Manufacturing Hub"}, "geometry": {"type": "Point", "coordinates": [-80.2915, 27.2486]}}, {"type": "Feature", "properties": {"name": "Port St. Lucie Industrial Complex", "city": "Port St. Lucie", "state": "Florida", "type": "Manufacturing Hub"}, "geometry": {"type": "Point", "coordinates": [-80.3968, 27.3007]}}, {"type": "Feature", "properties": {"name": "Port St. Lucie Packaging District", "city": "Port St. Lucie", "state": "Florida", "type": "Manufacturing Hub"}, "geometry": {"type": "Point", "coordinates": [-80.2673, 27.2195]}}, {"type": "Feature", "properties": {"name": "Tempe Textile District", "city": "Tempe", "state": "Arizona", "type": "Manufacturing Hub"}, "geometry": {"type": "Point", "coordinates": [-111.8678, 33.469]}}, {"type": "Feature", "properties": {"name": "Tempe Distribution Center", "city": "Tempe", "state": "Arizona", "type": "Manufacturing Hub"}, "geometry": {"type": "Point", "coordinates": [-111.8514, 33.3618]}}, {"type": "Feature", "properties": {"name": "Ontario Logistics Park", "city": "Ontario", "state": "California", "type": "Manufacturing Hub"}, "geometry": {"type": "Point", "coordinates": [-117.5993, 34.0195]}}, {"type": "Feature", "properties": {"name": "Ontario Packaging District", "city": "Ontario", "state": "California", "type": "Manufacturing Hub"}, "geometry": {"type": "Point", "coordinates": [-117.7416, 34.1056]}}, {"type": "Feature", "properties": {"name": "Vancouver Manufacturing District", "city": "Vancouver", "state": "Washington", "type": "Manufacturing Hub"}, "geometry": {"type": "Point", "coordinates": [-122.6922, 45.57]}}, {"type": "Feature", "properties": {"name": "Vancouver Assembly Plant District", "city": "Vancouver", "state": "Washington", "type": "Manufacturing Hub"}, "geometry": {"type": "Point", "coordinates": [-122.6128, 45.6826]}}, {"type": "Feature", "properties": {"name": "Cape Coral Chemical Plant Zone", "city": "Cape Coral", "state": "Florida", "type": "Manufacturing Hub"}, "geometry": {"type": "Point", "coordinates": [-81.9209, 26.4933]}}, {"type": "Feature", "properties": {"name": "Cape Coral Assembly Plant District", "city": "Cape Coral", "state": "Florida", "type": "Manufacturing Hub"}, "geometry": {"type": "Point", "coordinates": [-81.9803, 26.623]}}, {"type": "Feature", "properties": {"name": "Cape Coral Industrial Park", "city": "Cape Coral", "state": "Florida", "type": "Manufacturing Hub"}, "geometry": {"type": "Point", "coordinates": [-82.0321, 26.5486]}}, {"type": "Feature", "properties": {"name": "Sioux Falls Assembly Plant District", "city": "Sioux Falls", "state": "South Dakota", "type": "Manufacturing Hub"}, "geometry": {"type": "Point", "coordinates": [-96.6549, 43.6046]}}, {"type": "Feature", "properties": {"name": "Sioux Falls Industrial Complex", "city": "Sioux Falls", "state": "South Dakota", "type": "Manufacturing Hub"}, "geometry": {"type": "Point", "coordinates": [-96.6529, 43.5822]}}, {"type": "Feature", "properties": {"name": "Springfield Steel District", "city": "Springfield", "state": "Missouri", "type": "Manufacturing Hub"}, "geometry": {"type": "Point", "coordinates": [-93.2995, 37.18]}}, {"type": "Feature", "properties": {"name": "Springfield Industrial Complex", "city": "Springfield", "state": "Missouri", "type": "Manufacturing Hub"}, "geometry": {"type": "Point", "coordinates": [-93.33, 37.1985]}}, {"type": "Feature", "properties": {"name": "Peoria Assembly Plant District", "city": "Peoria", "state": "Arizona", "type": "Manufacturing Hub"}, "geometry": {"type": "Point", "coordinates": [-112.2858, 33.5663]}}, {"type": "Feature", "properties": {"name": "Peoria Auto Manufacturing Hub", "city": "Peoria", "state": "Arizona", "type": "Manufacturing Hub"}, "geometry": {"type": "Point", "coordinates": [-112.2904, 33.6469]}}, {"type": "Feature", "properties": {"name": "Pembroke Pines Logistics Park", "city": "Pembroke Pines", "state": "Florida", "type": "Manufacturing Hub"}, "geometry": {"type": "Point", "coordinates": [-80.2676, 25.9571]}}, {"type": "Feature", "properties": {"name": "Pembroke Pines Production Hub", "city": "Pembroke Pines", "state": "Florida", "type": "Manufacturing Hub"}, "geometry": {"type": "Point", "coordinates": [-80.3509, 26.0426]}}, {"type": "Feature", "properties": {"name": "Pembroke Pines Warehouse District", "city": "Pembroke Pines", "state": "Florida", "type": "Manufacturing Hub"}, "geometry": {"type": "Point", "coordinates": [-80.3087, 26.05]}}, {"type": "Feature", "properties": {"name": "Elk Grove Textile District", "city": "Elk Grove", "state": "California", "type": "Manufacturing Hub"}, "geometry": {"type": "Point", "coordinates": [-121.3038, 38.3992]}}, {"type": "Feature", "properties": {"name": "Elk Grove Auto Manufacturing Hub", "city": "Elk Grove", "state": "California", "type": "Manufacturing Hub"}, "geometry": {"type": "Point", "coordinates": [-121.4344, 38.3656]}}, {"type": "Feature", "properties": {"name": "Elk Grove Assembly Plant District", "city": "Elk Grove", "state": "California", "type": "Manufacturing Hub"}, "geometry": {"type": "Point", "coordinates": [-121.4555, 38.3437]}}, {"type": "Feature", "properties": {"name": "Salem Warehouse District", "city": "Salem", "state": "Oregon", "type": "Manufacturing Hub"}, "geometry": {"type": "Point", "coordinates": [-122.9585, 44.9549]}}, {"type": "Feature", "properties": {"name": "Salem Assembly Plant District", "city": "Salem", "state": "Oregon", "type": "Manufacturing Hub"}, "geometry": {"type": "Point", "coordinates": [-123.0556, 44.9827]}}, {"type": "Feature", "properties": {"name": "Salem Assembly Plant District", "city": "Salem", "state": "Oregon", "type": "Manufacturing Hub"}, "geometry": {"type": "Point", "coordinates": [-122.9936, 44.9279]}}, {"type": "Feature", "properties": {"name": "Lancaster Manufacturing District", "city": "Lancaster", "state": "California", "type": "Manufacturing Hub"}, "geometry": {"type": "Point", "coordinates": [-118.1676, 34.7041]}}, {"type": "Feature", "properties": {"name": "Lancaster Manufacturing District", "city": "Lancaster", "state": "California", "type": "Manufacturing Hub"}, "geometry": {"type": "Point", "coordinates": [-118.1675, 34.6659]}}, {"type": "Feature", "properties": {"name": "Lancaster Industrial Park", "city": "Lancaster", "state": "California", "type": "Manufacturing Hub"}, "geometry": {"type": "Point", "coordinates": [-118.222, 34.704]}}, {"type": "Feature", "properties": {"name": "Corona Warehouse District", "city": "Corona", "state": "California", "type": "Manufacturing Hub"}, "geometry": {"type": "Point", "coordinates": [-117.6624, 33.8497]}}, {"type": "Feature", "properties": {"name": "Corona Distribution Center", "city": "Corona", "state": "California", "type": "Manufacturing Hub"}, "geometry": {"type": "Point", "coordinates": [-117.5716, 33.9176]}}, {"type": "Feature", "properties": {"name": "Corona Industrial Complex", "city": "Corona", "state": "California", "type": "Manufacturing Hub"}, "geometry": {"type": "Point", "coordinates": [-117.6307, 33.9104]}}, {"type": "Feature", "properties": {"name": "Corona Assembly Plant District", "city": "Corona", "state": "California", "type": "Manufacturing Hub"}, "geometry": {"type": "Point", "coordinates": [-117.6437, 33.8933]}}, {"type": "Feature", "properties": {"name": "Eugene Logistics Park", "city": "Eugene", "state": "Oregon", "type": "Manufacturing Hub"}, "geometry": {"type": "Point", "coordinates": [-123.0893, 43.9853]}}, {"type": "Feature", "properties": {"name": "Palmdale Industrial Complex", "city": "Palmdale", "state": "California", "type": "Manufacturing Hub"}, "geometry": {"type": "Point", "coordinates": [-118.1595, 34.6208]}}, {"type": "Feature", "properties": {"name": "Palmdale Aerospace Corridor", "city": "Palmdale", "state": "California", "type": "Manufacturing Hub"}, "geometry": {"type": "Point", "coordinates": [-118.09, 34.5728]}}, {"type": "Feature", "properties": {"name": "Palmdale Industrial Park", "city": "Palmdale", "state": "California", "type": "Manufacturing Hub"}, "geometry": {"type": "Point", "coordinates": [-118.1474, 34.6341]}}, {"type": "Feature", "properties": {"name": "Salinas Chemical Plant Zone", "city": "Salinas", "state": "California", "type": "Manufacturing Hub"}, "geometry": {"type": "Point", "coordinates": [-121.6713, 36.7475]}}, {"type": "Feature", "properties": {"name": "Salinas Packaging District", "city": "Salinas", "state": "California", "type": "Manufacturing Hub"}, "geometry": {"type": "Point", "coordinates": [-121.7405, 36.7176]}}, {"type": "Feature", "properties": {"name": "Salinas Auto Manufacturing Hub", "city": "Salinas", "state": "California", "type": "Manufacturing Hub"}, "geometry": {"type": "Point", "coordinates": [-121.5829, 36.6912]}}, {"type": "Feature", "properties": {"name": "Salinas Steel District", "city": "Salinas", "state": "California", "type": "Manufacturing Hub"}, "geometry": {"type": "Point", "coordinates": [-121.7123, 36.6653]}}, {"type": "Feature", "properties": {"name": "Springfield Manufacturing District", "city": "Springfield", "state": "Massachusetts", "type": "Manufacturing Hub"}, "geometry": {"type": "Point", "coordinates": [-72.5315, 42.0992]}}, {"type": "Feature", "properties": {"name": "Springfield Textile District", "city": "Springfield", "state": "Massachusetts", "type": "Manufacturing Hub"}, "geometry": {"type": "Point", "coordinates": [-72.4949, 42.0613]}}, {"type": "Feature", "properties": {"name": "Pasadena Industrial Complex", "city": "Pasadena", "state": "Texas", "type": "Manufacturing Hub"}, "geometry": {"type": "Point", "coordinates": [-95.1488, 29.6392]}}, {"type": "Feature", "properties": {"name": "Pasadena Logistics Park", "city": "Pasadena", "state": "Texas", "type": "Manufacturing Hub"}, "geometry": {"type": "Point", "coordinates": [-95.1153, 29.7537]}}, {"type": "Feature", "properties": {"name": "Fort Collins Warehouse District", "city": "Fort Collins", "state": "Colorado", "type": "Manufacturing Hub"}, "geometry": {"type": "Point", "coordinates": [-105.1346, 40.6325]}}, {"type": "Feature", "properties": {"name": "Fort Collins Assembly Plant District", "city": "Fort Collins", "state": "Colorado", "type": "Manufacturing Hub"}, "geometry": {"type": "Point", "coordinates": [-105.0315, 40.5578]}}, {"type": "Feature", "properties": {"name": "Hayward Industrial Complex", "city": "Hayward", "state": "California", "type": "Manufacturing Hub"}, "geometry": {"type": "Point", "coordinates": [-122.1181, 37.6551]}}, {"type": "Feature", "properties": {"name": "Hayward Warehouse District", "city": "Hayward", "state": "California", "type": "Manufacturing Hub"}, "geometry": {"type": "Point", "coordinates": [-122.0652, 37.6982]}}, {"type": "Feature", "properties": {"name": "Hayward Packaging District", "city": "Hayward", "state": "California", "type": "Manufacturing Hub"}, "geometry": {"type": "Point", "coordinates": [-122.1455, 37.7087]}}, {"type": "Feature", "properties": {"name": "Hayward Distribution Center", "city": "Hayward", "state": "California", "type": "Manufacturing Hub"}, "geometry": {"type": "Point", "coordinates": [-121.9955, 37.6643]}}, {"type": "Feature", "properties": {"name": "Hayward Assembly Plant District", "city": "Hayward", "state": "California", "type": "Manufacturing Hub"}, "geometry": {"type": "Point", "coordinates": [-122.0736, 37.6752]}}, {"type": "Feature", "properties": {"name": "Pomona Aerospace Corridor", "city": "Pomona", "state": "California", "type": "Manufacturing Hub"}, "geometry": {"type": "Point", "coordinates": [-117.6955, 34.0077]}}, {"type": "Feature", "properties": {"name": "Cary Textile District", "city": "Cary", "state": "North Carolina", "type": "Manufacturing Hub"}, "geometry": {"type": "Point", "coordinates": [-78.7689, 35.7522]}}, {"type": "Feature", "properties": {"name": "Rockford Industrial Zone", "city": "Rockford", "state": "Illinois", "type": "Manufacturing Hub"}, "geometry": {"type": "Point", "coordinates": [-89.1, 42.3109]}}, {"type": "Feature", "properties": {"name": "Alexandria Industrial Park", "city": "Alexandria", "state": "Virginia", "type": "Manufacturing Hub"}, "geometry": {"type": "Point", "coordinates": [-77.109, 38.779]}}, {"type": "Feature", "properties": {"name": "Escondido Steel District", "city": "Escondido", "state": "California", "type": "Manufacturing Hub"}, "geometry": {"type": "Point", "coordinates": [-117.1782, 33.1027]}}, {"type": "Feature", "properties": {"name": "Escondido Food Processing Hub", "city": "Escondido", "state": "California", "type": "Manufacturing Hub"}, "geometry": {"type": "Point", "coordinates": [-117.1132, 33.0864]}}, {"type": "Feature", "properties": {"name": "Escondido Logistics Park", "city": "Escondido", "state": "California", "type": "Manufacturing Hub"}, "geometry": {"type": "Point", "coordinates": [-117.0856, 33.0971]}}, {"type": "Feature", "properties": {"name": "Escondido Packaging District", "city": "Escondido", "state": "California", "type": "Manufacturing Hub"}, "geometry": {"type": "Point", "coordinates": [-117.0089, 33.128]}}, {"type": "Feature", "properties": {"name": "Escondido Industrial Zone", "city": "Escondido", "state": "California", "type": "Manufacturing Hub"}, "geometry": {"type": "Point", "coordinates": [-117.1807, 33.1371]}}, {"type": "Feature", "properties": {"name": "McKinney Textile District", "city": "McKinney", "state": "Texas", "type": "Manufacturing Hub"}, "geometry": {"type": "Point", "coordinates": [-96.552, 33.1332]}}, {"type": "Feature", "properties": {"name": "McKinney Manufacturing District", "city": "McKinney", "state": "Texas", "type": "Manufacturing Hub"}, "geometry": {"type": "Point", "coordinates": [-96.6494, 33.2195]}}, {"type": "Feature", "properties": {"name": "McKinney Chemical Plant Zone", "city": "McKinney", "state": "Texas", "type": "Manufacturing Hub"}, "geometry": {"type": "Point", "coordinates": [-96.5717, 33.2093]}}, {"type": "Feature", "properties": {"name": "McKinney Packaging District", "city": "McKinney", "state": "Texas", "type": "Manufacturing Hub"}, "geometry": {"type": "Point", "coordinates": [-96.6366, 33.2463]}}, {"type": "Feature", "properties": {"name": "Kansas City Industrial Park", "city": "Kansas City", "state": "Kansas", "type": "Manufacturing Hub"}, "geometry": {"type": "Point", "coordinates": [-94.716, 39.1371]}}, {"type": "Feature", "properties": {"name": "Kansas City Aerospace Corridor", "city": "Kansas City", "state": "Kansas", "type": "Manufacturing Hub"}, "geometry": {"type": "Point", "coordinates": [-94.5432, 39.1489]}}, {"type": "Feature", "properties": {"name": "Kansas City Distribution Center", "city": "Kansas City", "state": "Kansas", "type": "Manufacturing Hub"}, "geometry": {"type": "Point", "coordinates": [-94.5472, 39.0907]}}, {"type": "Feature", "properties": {"name": "Joliet Chemical Plant Zone", "city": "Joliet", "state": "Illinois", "type": "Manufacturing Hub"}, "geometry": {"type": "Point", "coordinates": [-88.0957, 41.5686]}}, {"type": "Feature", "properties": {"name": "Sunnyvale Logistics Park", "city": "Sunnyvale", "state": "California", "type": "Manufacturing Hub"}, "geometry": {"type": "Point", "coordinates": [-121.985, 37.3077]}}, {"type": "Feature", "properties": {"name": "Sunnyvale Logistics Park", "city": "Sunnyvale", "state": "California", "type": "Manufacturing Hub"}, "geometry": {"type": "Point", "coordinates": [-121.9741, 37.3806]}}, {"type": "Feature", "properties": {"name": "Torrance Chemical Plant Zone", "city": "Torrance", "state": "California", "type": "Manufacturing Hub"}, "geometry": {"type": "Point", "coordinates": [-118.2636, 33.8219]}}, {"type": "Feature", "properties": {"name": "Torrance Distribution Center", "city": "Torrance", "state": "California", "type": "Manufacturing Hub"}, "geometry": {"type": "Point", "coordinates": [-118.304, 33.8997]}}, {"type": "Feature", "properties": {"name": "Torrance Auto Manufacturing Hub", "city": "Torrance", "state": "California", "type": "Manufacturing Hub"}, "geometry": {"type": "Point", "coordinates": [-118.3178, 33.8979]}}, {"type": "Feature", "properties": {"name": "Torrance Production Hub", "city": "Torrance", "state": "California", "type": "Manufacturing Hub"}, "geometry": {"type": "Point", "coordinates": [-118.3584, 33.8962]}}, {"type": "Feature", "properties": {"name": "Torrance Chemical Plant Zone", "city": "Torrance", "state": "California", "type": "Manufacturing Hub"}, "geometry": {"type": "Point", "coordinates": [-118.4377, 33.8175]}}, {"type": "Feature", "properties": {"name": "Bridgeport Industrial Park", "city": "Bridgeport", "state": "Connecticut", "type": "Manufacturing Hub"}, "geometry": {"type": "Point", "coordinates": [-73.2222, 41.2103]}}, {"type": "Feature", "properties": {"name": "Lakewood Industrial Park", "city": "Lakewood", "state": "Colorado", "type": "Manufacturing Hub"}, "geometry": {"type": "Point", "coordinates": [-105.1754, 39.7227]}}, {"type": "Feature", "properties": {"name": "Lakewood Auto Manufacturing Hub", "city": "Lakewood", "state": "Colorado", "type": "Manufacturing Hub"}, "geometry": {"type": "Point", "coordinates": [-105.0566, 39.7179]}}, {"type": "Feature", "properties": {"name": "Hollywood Steel District", "city": "Hollywood", "state": "Florida", "type": "Manufacturing Hub"}, "geometry": {"type": "Point", "coordinates": [-80.1369, 26.0392]}}, {"type": "Feature", "properties": {"name": "Hollywood Industrial Complex", "city": "Hollywood", "state": "Florida", "type": "Manufacturing Hub"}, "geometry": {"type": "Point", "coordinates": [-80.0724, 25.9542]}}, {"type": "Feature", "properties": {"name": "Paterson Warehouse District", "city": "Paterson", "state": "New Jersey", "type": "Manufacturing Hub"}, "geometry": {"type": "Point", "coordinates": [-74.2357, 40.9069]}}, {"type": "Feature", "properties": {"name": "Naperville Logistics Park", "city": "Naperville", "state": "Illinois", "type": "Manufacturing Hub"}, "geometry": {"type": "Point", "coordinates": [-88.0565, 41.7063]}}, {"type": "Feature", "properties": {"name": "Naperville Textile District", "city": "Naperville", "state": "Illinois", "type": "Manufacturing Hub"}, "geometry": {"type": "Point", "coordinates": [-88.1939, 41.7463]}}, {"type": "Feature", "properties": {"name": "Naperville Industrial Park", "city": "Naperville", "state": "Illinois", "type": "Manufacturing Hub"}, "geometry": {"type": "Point", "coordinates": [-88.1848, 41.6884]}}, {"type": "Feature", "properties": {"name": "Syracuse Industrial Park", "city": "Syracuse", "state": "New York", "type": "Manufacturing Hub"}, "geometry": {"type": "Point", "coordinates": [-76.1352, 43.063]}}, {"type": "Feature", "properties": {"name": "Mesquite Logistics Park", "city": "Mesquite", "state": "Texas", "type": "Manufacturing Hub"}, "geometry": {"type": "Point", "coordinates": [-96.6931, 32.7544]}}, {"type": "Feature", "properties": {"name": "Mesquite Textile District", "city": "Mesquite", "state": "Texas", "type": "Manufacturing Hub"}, "geometry": {"type": "Point", "coordinates": [-96.6637, 32.7598]}}, {"type": "Feature", "properties": {"name": "Dayton Auto Manufacturing Hub", "city": "Dayton", "state": "Ohio", "type": "Manufacturing Hub"}, "geometry": {"type": "Point", "coordinates": [-84.1651, 39.7128]}}, {"type": "Feature", "properties": {"name": "Dayton Logistics Park", "city": "Dayton", "state": "Ohio", "type": "Manufacturing Hub"}, "geometry": {"type": "Point", "coordinates": [-84.097, 39.767]}}, {"type": "Feature", "properties": {"name": "Savannah Industrial Zone", "city": "Savannah", "state": "Georgia", "type": "Manufacturing Hub"}, "geometry": {"type": "Point", "coordinates": [-81.114, 32.0385]}}, {"type": "Feature", "properties": {"name": "Savannah Assembly Plant District", "city": "Savannah", "state": "Georgia", "type": "Manufacturing Hub"}, "geometry": {"type": "Point", "coordinates": [-81.0487, 32.1205]}}, {"type": "Feature", "properties": {"name": "Savannah Industrial Park", "city": "Savannah", "state": "Georgia", "type": "Manufacturing Hub"}, "geometry": {"type": "Point", "coordinates": [-81.0849, 32.0319]}}, {"type": "Feature", "properties": {"name": "Clarksville Production Hub", "city": "Clarksville", "state": "Tennessee", "type": "Manufacturing Hub"}, "geometry": {"type": "Point", "coordinates": [-87.3543, 36.5922]}}, {"type": "Feature", "properties": {"name": "Clarksville Food Processing Hub", "city": "Clarksville", "state": "Tennessee", "type": "Manufacturing Hub"}, "geometry": {"type": "Point", "coordinates": [-87.297, 36.4962]}}, {"type": "Feature", "properties": {"name": "Orange Warehouse District", "city": "Orange", "state": "California", "type": "Manufacturing Hub"}, "geometry": {"type": "Point", "coordinates": [-117.8428, 33.7505]}}, {"type": "Feature", "properties": {"name": "Orange Aerospace Corridor", "city": "Orange", "state": "California", "type": "Manufacturing Hub"}, "geometry": {"type": "Point", "coordinates": [-117.8243, 33.7782]}}, {"type": "Feature", "properties": {"name": "Orange Warehouse District", "city": "Orange", "state": "California", "type": "Manufacturing Hub"}, "geometry": {"type": "Point", "coordinates": [-117.7651, 33.826]}}, {"type": "Feature", "properties": {"name": "Pasadena Distribution Center", "city": "Pasadena", "state": "California", "type": "Manufacturing Hub"}, "geometry": {"type": "Point", "coordinates": [-118.1564, 34.1287]}}, {"type": "Feature", "properties": {"name": "Pasadena Steel District", "city": "Pasadena", "state": "California", "type": "Manufacturing Hub"}, "geometry": {"type": "Point", "coordinates": [-118.1552, 34.1345]}}, {"type": "Feature", "properties": {"name": "Fullerton Industrial Complex", "city": "Fullerton", "state": "California", "type": "Manufacturing Hub"}, "geometry": {"type": "Point", "coordinates": [-117.931, 33.9353]}}, {"type": "Feature", "properties": {"name": "Fullerton Industrial Park", "city": "Fullerton", "state": "California", "type": "Manufacturing Hub"}, "geometry": {"type": "Point", "coordinates": [-117.9513, 33.87]}}, {"type": "Feature", "properties": {"name": "Fullerton Industrial Park", "city": "Fullerton", "state": "California", "type": "Manufacturing Hub"}, "geometry": {"type": "Point", "coordinates": [-117.9488, 33.8117]}}, {"type": "Feature", "properties": {"name": "Killeen Assembly Plant District", "city": "Killeen", "state": "Texas", "type": "Manufacturing Hub"}, "geometry": {"type": "Point", "coordinates": [-97.6688, 31.1791]}}, {"type": "Feature", "properties": {"name": "Killeen Manufacturing District", "city": "Killeen", "state": "Texas", "type": "Manufacturing Hub"}, "geometry": {"type": "Point", "coordinates": [-97.667, 31.0982]}}, {"type": "Feature", "properties": {"name": "Killeen Manufacturing District", "city": "Killeen", "state": "Texas", "type": "Manufacturing Hub"}, "geometry": {"type": "Point", "coordinates": [-97.6457, 31.1746]}}, {"type": "Feature", "properties": {"name": "Killeen Food Processing Hub", "city": "Killeen", "state": "Texas", "type": "Manufacturing Hub"}, "geometry": {"type": "Point", "coordinates": [-97.7067, 31.1447]}}, {"type": "Feature", "properties": {"name": "Frisco Textile District", "city": "Frisco", "state": "Texas", "type": "Manufacturing Hub"}, "geometry": {"type": "Point", "coordinates": [-96.7325, 33.1914]}}, {"type": "Feature", "properties": {"name": "Frisco Food Processing Hub", "city": "Frisco", "state": "Texas", "type": "Manufacturing Hub"}, "geometry": {"type": "Point", "coordinates": [-96.7388, 33.1342]}}, {"type": "Feature", "properties": {"name": "Frisco Aerospace Corridor", "city": "Frisco", "state": "Texas", "type": "Manufacturing Hub"}, "geometry": {"type": "Point", "coordinates": [-96.8752, 33.1223]}}, {"type": "Feature", "properties": {"name": "Frisco Manufacturing District", "city": "Frisco", "state": "Texas", "type": "Manufacturing Hub"}, "geometry": {"type": "Point", "coordinates": [-96.9057, 33.1216]}}, {"type": "Feature", "properties": {"name": "Frisco Food Processing Hub", "city": "Frisco", "state": "Texas", "type": "Manufacturing Hub"}, "geometry": {"type": "Point", "coordinates": [-96.7662, 33.0944]}}, {"type": "Feature", "properties": {"name": "Hampton Packaging District", "city": "Hampton", "state": "Virginia", "type": "Manufacturing Hub"}, "geometry": {"type": "Point", "coordinates": [-76.3903, 36.9806]}}, {"type": "Feature", "properties": {"name": "Hampton Industrial Zone", "city": "Hampton", "state": "Virginia", "type": "Manufacturing Hub"}, "geometry": {"type": "Point", "coordinates": [-76.3404, 37.0837]}}, {"type": "Feature", "properties": {"name": "McAllen Aerospace Corridor", "city": "McAllen", "state": "Texas", "type": "Manufacturing Hub"}, "geometry": {"type": "Point", "coordinates": [-98.1362, 26.2284]}}, {"type": "Feature", "properties": {"name": "McAllen Chemical Plant Zone", "city": "McAllen", "state": "Texas", "type": "Manufacturing Hub"}, "geometry": {"type": "Point", "coordinates": [-98.1675, 26.1956]}}, {"type": "Feature", "properties": {"name": "McAllen Logistics Park", "city": "McAllen", "state": "Texas", "type": "Manufacturing Hub"}, "geometry": {"type": "Point", "coordinates": [-98.2658, 26.1721]}}, {"type": "Feature", "properties": {"name": "Warren Auto Manufacturing Hub", "city": "Warren", "state": "Michigan", "type": "Manufacturing Hub"}, "geometry": {"type": "Point", "coordinates": [-82.9887, 42.5004]}}, {"type": "Feature", "properties": {"name": "Warren Textile District", "city": "Warren", "state": "Michigan", "type": "Manufacturing Hub"}, "geometry": {"type": "Point", "coordinates": [-82.93, 42.5715]}}, {"type": "Feature", "properties": {"name": "Bellevue Steel District", "city": "Bellevue", "state": "Washington", "type": "Manufacturing Hub"}, "geometry": {"type": "Point", "coordinates": [-122.1783, 47.5584]}}, {"type": "Feature", "properties": {"name": "Bellevue Steel District", "city": "Bellevue", "state": "Washington", "type": "Manufacturing Hub"}, "geometry": {"type": "Point", "coordinates": [-122.2511, 47.5542]}}, {"type": "Feature", "properties": {"name": "Bellevue Logistics Park", "city": "Bellevue", "state": "Washington", "type": "Manufacturing Hub"}, "geometry": {"type": "Point", "coordinates": [-122.2659, 47.5895]}}, {"type": "Feature", "properties": {"name": "West Valley City Manufacturing District", "city": "West Valley City", "state": "Utah", "type": "Manufacturing Hub"}, "geometry": {"type": "Point", "coordinates": [-111.9872, 40.7492]}}, {"type": "Feature", "properties": {"name": "Columbia Food Processing Hub", "city": "Columbia", "state": "South Carolina", "type": "Manufacturing Hub"}, "geometry": {"type": "Point", "coordinates": [-81.001, 34.01]}}, {"type": "Feature", "properties": {"name": "Columbia Warehouse District", "city": "Columbia", "state": "South Carolina", "type": "Manufacturing Hub"}, "geometry": {"type": "Point", "coordinates": [-81.0778, 34.0176]}}, {"type": "Feature", "properties": {"name": "Columbia Steel District", "city": "Columbia", "state": "South Carolina", "type": "Manufacturing Hub"}, "geometry": {"type": "Point", "coordinates": [-80.9816, 34.0424]}}, {"type": "Feature", "properties": {"name": "Columbia Textile District", "city": "Columbia", "state": "South Carolina", "type": "Manufacturing Hub"}, "geometry": {"type": "Point", "coordinates": [-81.066, 34.0598]}}, {"type": "Feature", "properties": {"name": "Olathe Packaging District", "city": "Olathe", "state": "Kansas", "type": "Manufacturing Hub"}, "geometry": {"type": "Point", "coordinates": [-94.838, 38.8533]}}, {"type": "Feature", "properties": {"name": "Sterling Heights Food Processing Hub", "city": "Sterling Heights", "state": "Michigan", "type": "Manufacturing Hub"}, "geometry": {"type": "Point", "coordinates": [-83.0523, 42.5571]}}, {"type": "Feature", "properties": {"name": "Sterling Heights Assembly Plant District", "city": "Sterling Heights", "state": "Michigan", "type": "Manufacturing Hub"}, "geometry": {"type": "Point", "coordinates": [-83.0287, 42.6381]}}, {"type": "Feature", "properties": {"name": "Sterling Heights Industrial Complex", "city": "Sterling Heights", "state": "Michigan", "type": "Manufacturing Hub"}, "geometry": {"type": "Point", "coordinates": [-83.0524, 42.6136]}}, {"type": "Feature", "properties": {"name": "New Haven Assembly Plant District", "city": "New Haven", "state": "Connecticut", "type": "Manufacturing Hub"}, "geometry": {"type": "Point", "coordinates": [-72.9371, 41.2636]}}, {"type": "Feature", "properties": {"name": "Miramar Packaging District", "city": "Miramar", "state": "Florida", "type": "Manufacturing Hub"}, "geometry": {"type": "Point", "coordinates": [-80.3611, 25.9666]}}, {"type": "Feature", "properties": {"name": "Miramar Assembly Plant District", "city": "Miramar", "state": "Florida", "type": "Manufacturing Hub"}, "geometry": {"type": "Point", "coordinates": [-80.3073, 25.9869]}}, {"type": "Feature", "properties": {"name": "Miramar Logistics Park", "city": "Miramar", "state": "Florida", "type": "Manufacturing Hub"}, "geometry": {"type": "Point", "coordinates": [-80.2573, 25.9227]}}, {"type": "Feature", "properties": {"name": "Waco Food Processing Hub", "city": "Waco", "state": "Texas", "type": "Manufacturing Hub"}, "geometry": {"type": "Point", "coordinates": [-97.2167, 31.6097]}}, {"type": "Feature", "properties": {"name": "Waco Food Processing Hub", "city": "Waco", "state": "Texas", "type": "Manufacturing Hub"}, "geometry": {"type": "Point", "coordinates": [-97.0535, 31.4885]}}, {"type": "Feature", "properties": {"name": "Waco Warehouse District", "city": "Waco", "state": "Texas", "type": "Manufacturing Hub"}, "geometry": {"type": "Point", "coordinates": [-97.0627, 31.5838]}}, {"type": "Feature", "properties": {"name": "Thousand Oaks Steel District", "city": "Thousand Oaks", "state": "California", "type": "Manufacturing Hub"}, "geometry": {"type": "Point", "coordinates": [-118.7586, 34.2309]}}, {"type": "Feature", "properties": {"name": "Thousand Oaks Industrial Complex", "city": "Thousand Oaks", "state": "California", "type": "Manufacturing Hub"}, "geometry": {"type": "Point", "coordinates": [-118.9075, 34.1897]}}, {"type": "Feature", "properties": {"name": "Thousand Oaks Packaging District", "city": "Thousand Oaks", "state": "California", "type": "Manufacturing Hub"}, "geometry": {"type": "Point", "coordinates": [-118.9052, 34.2298]}}, {"type": "Feature", "properties": {"name": "Thousand Oaks Distribution Center", "city": "Thousand Oaks", "state": "California", "type": "Manufacturing Hub"}, "geometry": {"type": "Point", "coordinates": [-118.771, 34.202]}}, {"type": "Feature", "properties": {"name": "Cedar Rapids Production Hub", "city": "Cedar Rapids", "state": "Iowa", "type": "Manufacturing Hub"}, "geometry": {"type": "Point", "coordinates": [-91.7257, 42.0366]}}, {"type": "Feature", "properties": {"name": "Cedar Rapids Assembly Plant District", "city": "Cedar Rapids", "state": "Iowa", "type": "Manufacturing Hub"}, "geometry": {"type": "Point", "coordinates": [-91.6752, 41.9257]}}, {"type": "Feature", "properties": {"name": "Cedar Rapids Packaging District", "city": "Cedar Rapids", "state": "Iowa", "type": "Manufacturing Hub"}, "geometry": {"type": "Point", "coordinates": [-91.6136, 41.9281]}}, {"type": "Feature", "properties": {"name": "Charleston Industrial Park", "city": "Charleston", "state": "South Carolina", "type": "Manufacturing Hub"}, "geometry": {"type": "Point", "coordinates": [-79.9468, 32.7102]}}, {"type": "Feature", "properties": {"name": "Charleston Packaging District", "city": "Charleston", "state": "South Carolina", "type": "Manufacturing Hub"}, "geometry": {"type": "Point", "coordinates": [-79.9992, 32.8028]}}, {"type": "Feature", "properties": {"name": "Visalia Industrial Zone", "city": "Visalia", "state": "California", "type": "Manufacturing Hub"}, "geometry": {"type": "Point", "coordinates": [-119.2251, 36.342]}}, {"type": "Feature", "properties": {"name": "Visalia Aerospace Corridor", "city": "Visalia", "state": "California", "type": "Manufacturing Hub"}, "geometry": {"type": "Point", "coordinates": [-119.3834, 36.3238]}}, {"type": "Feature", "properties": {"name": "Visalia Distribution Center", "city": "Visalia", "state": "California", "type": "Manufacturing Hub"}, "geometry": {"type": "Point", "coordinates": [-119.3876, 36.3756]}}, {"type": "Feature", "properties": {"name": "Topeka Distribution Center", "city": "Topeka", "state": "Kansas", "type": "Manufacturing Hub"}, "geometry": {"type": "Point", "coordinates": [-95.7508, 39.0262]}}, {"type": "Feature", "properties": {"name": "Topeka Food Processing Hub", "city": "Topeka", "state": "Kansas", "type": "Manufacturing Hub"}, "geometry": {"type": "Point", "coordinates": [-95.6575, 39.0742]}}, {"type": "Feature", "properties": {"name": "Elizabeth Industrial Complex", "city": "Elizabeth", "state": "New Jersey", "type": "Manufacturing Hub"}, "geometry": {"type": "Point", "coordinates": [-74.2216, 40.6898]}}, {"type": "Feature", "properties": {"name": "Elizabeth Distribution Center", "city": "Elizabeth", "state": "New Jersey", "type": "Manufacturing Hub"}, "geometry": {"type": "Point", "coordinates": [-74.2472, 40.6114]}}, {"type": "Feature", "properties": {"name": "Elizabeth Aerospace Corridor", "city": "Elizabeth", "state": "New Jersey", "type": "Manufacturing Hub"}, "geometry": {"type": "Point", "coordinates": [-74.2283, 40.7043]}}, {"type": "Feature", "properties": {"name": "Gainesville Packaging District", "city": "Gainesville", "state": "Florida", "type": "Manufacturing Hub"}, "geometry": {"type": "Point", "coordinates": [-82.3441, 29.6644]}}, {"type": "Feature", "properties": {"name": "Thornton Logistics Park", "city": "Thornton", "state": "Colorado", "type": "Manufacturing Hub"}, "geometry": {"type": "Point", "coordinates": [-104.936, 39.9173]}}, {"type": "Feature", "properties": {"name": "Roseville Chemical Plant Zone", "city": "Roseville", "state": "California", "type": "Manufacturing Hub"}, "geometry": {"type": "Point", "coordinates": [-121.3173, 38.6888]}}, {"type": "Feature", "properties": {"name": "Roseville Food Processing Hub", "city": "Roseville", "state": "California", "type": "Manufacturing Hub"}, "geometry": {"type": "Point", "coordinates": [-121.2626, 38.6984]}}, {"type": "Feature", "properties": {"name": "Roseville Aerospace Corridor", "city": "Roseville", "state": "California", "type": "Manufacturing Hub"}, "geometry": {"type": "Point", "coordinates": [-121.2579, 38.6891]}}, {"type": "Feature", "properties": {"name": "Carrollton Steel District", "city": "Carrollton", "state": "Texas", "type": "Manufacturing Hub"}, "geometry": {"type": "Point", "coordinates": [-96.9797, 32.9619]}}, {"type": "Feature", "properties": {"name": "Coral Springs Industrial Zone", "city": "Coral Springs", "state": "Florida", "type": "Manufacturing Hub"}, "geometry": {"type": "Point", "coordinates": [-80.2428, 26.3052]}}, {"type": "Feature", "properties": {"name": "Coral Springs Aerospace Corridor", "city": "Coral Springs", "state": "Florida", "type": "Manufacturing Hub"}, "geometry": {"type": "Point", "coordinates": [-80.2767, 26.2787]}}, {"type": "Feature", "properties": {"name": "Stamford Steel District", "city": "Stamford", "state": "Connecticut", "type": "Manufacturing Hub"}, "geometry": {"type": "Point", "coordinates": [-73.5639, 41.045]}}, {"type": "Feature", "properties": {"name": "Simi Valley Assembly Plant District", "city": "Simi Valley", "state": "California", "type": "Manufacturing Hub"}, "geometry": {"type": "Point", "coordinates": [-118.6859, 34.2612]}}, {"type": "Feature", "properties": {"name": "Simi Valley Industrial Zone", "city": "Simi Valley", "state": "California", "type": "Manufacturing Hub"}, "geometry": {"type": "Point", "coordinates": [-118.7232, 34.2271]}}, {"type": "Feature", "properties": {"name": "Simi Valley Assembly Plant District", "city": "Simi Valley", "state": "California", "type": "Manufacturing Hub"}, "geometry": {"type": "Point", "coordinates": [-118.8014, 34.2274]}}, {"type": "Feature", "properties": {"name": "Concord Industrial Park", "city": "Concord", "state": "California", "type": "Manufacturing Hub"}, "geometry": {"type": "Point", "coordinates": [-122.0953, 37.9695]}}, {"type": "Feature", "properties": {"name": "Concord Packaging District", "city": "Concord", "state": "California", "type": "Manufacturing Hub"}, "geometry": {"type": "Point", "coordinates": [-122.0395, 37.9432]}}, {"type": "Feature", "properties": {"name": "Concord Chemical Plant Zone", "city": "Concord", "state": "California", "type": "Manufacturing Hub"}, "geometry": {"type": "Point", "coordinates": [-122.0675, 38.0319]}}, {"type": "Feature", "properties": {"name": "Hartford Steel District", "city": "Hartford", "state": "Connecticut", "type": "Manufacturing Hub"}, "geometry": {"type": "Point", "coordinates": [-72.7467, 41.8071]}}, {"type": "Feature", "properties": {"name": "Hartford Distribution Center", "city": "Hartford", "state": "Connecticut", "type": "Manufacturing Hub"}, "geometry": {"type": "Point", "coordinates": [-72.6036, 41.7542]}}, {"type": "Feature", "properties": {"name": "Hartford Production Hub", "city": "Hartford", "state": "Connecticut", "type": "Manufacturing Hub"}, "geometry": {"type": "Point", "coordinates": [-72.7537, 41.7569]}}, {"type": "Feature", "properties": {"name": "Kent Industrial Park", "city": "Kent", "state": "Washington", "type": "Manufacturing Hub"}, "geometry": {"type": "Point", "coordinates": [-122.2522, 47.3424]}}, {"type": "Feature", "properties": {"name": "Lafayette Assembly Plant District", "city": "Lafayette", "state": "Louisiana", "type": "Manufacturing Hub"}, "geometry": {"type": "Point", "coordinates": [-92.0864, 30.2381]}}, {"type": "Feature", "properties": {"name": "Lafayette Assembly Plant District", "city": "Lafayette", "state": "Louisiana", "type": "Manufacturing Hub"}, "geometry": {"type": "Point", "coordinates": [-92.0577, 30.2907]}}, {"type": "Feature", "properties": {"name": "Lafayette Steel District", "city": "Lafayette", "state": "Louisiana", "type": "Manufacturing Hub"}, "geometry": {"type": "Point", "coordinates": [-92.0356, 30.2483]}}, {"type": "Feature", "properties": {"name": "Midland Packaging District", "city": "Midland", "state": "Texas", "type": "Manufacturing Hub"}, "geometry": {"type": "Point", "coordinates": [-102.1517, 32.011]}}, {"type": "Feature", "properties": {"name": "Surprise Packaging District", "city": "Surprise", "state": "Arizona", "type": "Manufacturing Hub"}, "geometry": {"type": "Point", "coordinates": [-112.2831, 33.6238]}}, {"type": "Feature", "properties": {"name": "Surprise Textile District", "city": "Surprise", "state": "Arizona", "type": "Manufacturing Hub"}, "geometry": {"type": "Point", "coordinates": [-112.4311, 33.66]}}, {"type": "Feature", "properties": {"name": "Denton Warehouse District", "city": "Denton", "state": "Texas", "type": "Manufacturing Hub"}, "geometry": {"type": "Point", "coordinates": [-97.1873, 33.2069]}}, {"type": "Feature", "properties": {"name": "Denton Chemical Plant Zone", "city": "Denton", "state": "Texas", "type": "Manufacturing Hub"}, "geometry": {"type": "Point", "coordinates": [-97.1379, 33.1921]}}, {"type": "Feature", "properties": {"name": "Denton Textile District", "city": "Denton", "state": "Texas", "type": "Manufacturing Hub"}, "geometry": {"type": "Point", "coordinates": [-97.1421, 33.2163]}}, {"type": "Feature", "properties": {"name": "Victorville Textile District", "city": "Victorville", "state": "California", "type": "Manufacturing Hub"}, "geometry": {"type": "Point", "coordinates": [-117.3049, 34.5157]}}, {"type": "Feature", "properties": {"name": "Victorville Manufacturing District", "city": "Victorville", "state": "California", "type": "Manufacturing Hub"}, "geometry": {"type": "Point", "coordinates": [-117.306, 34.4762]}}, {"type": "Feature", "properties": {"name": "Victorville Warehouse District", "city": "Victorville", "state": "California", "type": "Manufacturing Hub"}, "geometry": {"type": "Point", "coordinates": [-117.3735, 34.5203]}}, {"type": "Feature", "properties": {"name": "Victorville Chemical Plant Zone", "city": "Victorville", "state": "California", "type": "Manufacturing Hub"}, "geometry": {"type": "Point", "coordinates": [-117.3531, 34.5464]}}, {"type": "Feature", "properties": {"name": "Evansville Packaging District", "city": "Evansville", "state": "Indiana", "type": "Manufacturing Hub"}, "geometry": {"type": "Point", "coordinates": [-87.6157, 37.9772]}}, {"type": "Feature", "properties": {"name": "Evansville Logistics Park", "city": "Evansville", "state": "Indiana", "type": "Manufacturing Hub"}, "geometry": {"type": "Point", "coordinates": [-87.6079, 37.9923]}}, {"type": "Feature", "properties": {"name": "Evansville Industrial Complex", "city": "Evansville", "state": "Indiana", "type": "Manufacturing Hub"}, "geometry": {"type": "Point", "coordinates": [-87.6586, 37.9483]}}, {"type": "Feature", "properties": {"name": "Evansville Industrial Complex", "city": "Evansville", "state": "Indiana", "type": "Manufacturing Hub"}, "geometry": {"type": "Point", "coordinates": [-87.6029, 38.0101]}}, {"type": "Feature", "properties": {"name": "Evansville Packaging District", "city": "Evansville", "state": "Indiana", "type": "Manufacturing Hub"}, "geometry": {"type": "Point", "coordinates": [-87.5191, 37.9155]}}, {"type": "Feature", "properties": {"name": "Santa Clara Logistics Park", "city": "Santa Clara", "state": "California", "type": "Manufacturing Hub"}, "geometry": {"type": "Point", "coordinates": [-122.0171, 37.2848]}}, {"type": "Feature", "properties": {"name": "Santa Clara Aerospace Corridor", "city": "Santa Clara", "state": "California", "type": "Manufacturing Hub"}, "geometry": {"type": "Point", "coordinates": [-122.0284, 37.3532]}}, {"type": "Feature", "properties": {"name": "Santa Clara Industrial Park", "city": "Santa Clara", "state": "California", "type": "Manufacturing Hub"}, "geometry": {"type": "Point", "coordinates": [-121.9982, 37.4139]}}, {"type": "Feature", "properties": {"name": "Santa Clara Packaging District", "city": "Santa Clara", "state": "California", "type": "Manufacturing Hub"}, "geometry": {"type": "Point", "coordinates": [-121.9212, 37.3946]}}, {"type": "Feature", "properties": {"name": "Abilene Auto Manufacturing Hub", "city": "Abilene", "state": "Texas", "type": "Manufacturing Hub"}, "geometry": {"type": "Point", "coordinates": [-99.7277, 32.4062]}}, {"type": "Feature", "properties": {"name": "Abilene Textile District", "city": "Abilene", "state": "Texas", "type": "Manufacturing Hub"}, "geometry": {"type": "Point", "coordinates": [-99.6976, 32.4444]}}, {"type": "Feature", "properties": {"name": "Athens-Clarke County Warehouse District", "city": "Athens-Clarke County", "state": "Georgia", "type": "Manufacturing Hub"}, "geometry": {"type": "Point", "coordinates": [-83.4054, 33.9166]}}, {"type": "Feature", "properties": {"name": "Athens-Clarke County Textile District", "city": "Athens-Clarke County", "state": "Georgia", "type": "Manufacturing Hub"}, "geometry": {"type": "Point", "coordinates": [-83.4434, 33.8898]}}, {"type": "Feature", "properties": {"name": "Vallejo Manufacturing District", "city": "Vallejo", "state": "California", "type": "Manufacturing Hub"}, "geometry": {"type": "Point", "coordinates": [-122.2289, 38.1216]}}, {"type": "Feature", "properties": {"name": "Vallejo Distribution Center", "city": "Vallejo", "state": "California", "type": "Manufacturing Hub"}, "geometry": {"type": "Point", "coordinates": [-122.1724, 38.0478]}}, {"type": "Feature", "properties": {"name": "Vallejo Chemical Plant Zone", "city": "Vallejo", "state": "California", "type": "Manufacturing Hub"}, "geometry": {"type": "Point", "coordinates": [-122.2798, 38.1524]}}, {"type": "Feature", "properties": {"name": "Allentown Aerospace Corridor", "city": "Allentown", "state": "Pennsylvania", "type": "Manufacturing Hub"}, "geometry": {"type": "Point", "coordinates": [-75.5867, 40.5485]}}, {"type": "Feature", "properties": {"name": "Allentown Logistics Park", "city": "Allentown", "state": "Pennsylvania", "type": "Manufacturing Hub"}, "geometry": {"type": "Point", "coordinates": [-75.5693, 40.5482]}}, {"type": "Feature", "properties": {"name": "Norman Industrial Zone", "city": "Norman", "state": "Oklahoma", "type": "Manufacturing Hub"}, "geometry": {"type": "Point", "coordinates": [-97.3818, 35.1978]}}, {"type": "Feature", "properties": {"name": "Norman Industrial Park", "city": "Norman", "state": "Oklahoma", "type": "Manufacturing Hub"}, "geometry": {"type": "Point", "coordinates": [-97.3931, 35.224]}}, {"type": "Feature", "properties": {"name": "Beaumont Production Hub", "city": "Beaumont", "state": "Texas", "type": "Manufacturing Hub"}, "geometry": {"type": "Point", "coordinates": [-94.1249, 30.0283]}}, {"type": "Feature", "properties": {"name": "Beaumont Industrial Zone", "city": "Beaumont", "state": "Texas", "type": "Manufacturing Hub"}, "geometry": {"type": "Point", "coordinates": [-94.1955, 30.0649]}}, {"type": "Feature", "properties": {"name": "Beaumont Aerospace Corridor", "city": "Beaumont", "state": "Texas", "type": "Manufacturing Hub"}, "geometry": {"type": "Point", "coordinates": [-94.0299, 30.0803]}}, {"type": "Feature", "properties": {"name": "Independence Auto Manufacturing Hub", "city": "Independence", "state": "Missouri", "type": "Manufacturing Hub"}, "geometry": {"type": "Point", "coordinates": [-94.4919, 39.1576]}}, {"type": "Feature", "properties": {"name": "Independence Manufacturing District", "city": "Independence", "state": "Missouri", "type": "Manufacturing Hub"}, "geometry": {"type": "Point", "coordinates": [-94.4937, 39.0828]}}, {"type": "Feature", "properties": {"name": "Murfreesboro Logistics Park", "city": "Murfreesboro", "state": "Tennessee", "type": "Manufacturing Hub"}, "geometry": {"type": "Point", "coordinates": [-86.3774, 35.8891]}}, {"type": "Feature", "properties": {"name": "Murfreesboro Warehouse District", "city": "Murfreesboro", "state": "Tennessee", "type": "Manufacturing Hub"}, "geometry": {"type": "Point", "coordinates": [-86.449, 35.8435]}}, {"type": "Feature", "properties": {"name": "Ann Arbor Aerospace Corridor", "city": "Ann Arbor", "state": "Michigan", "type": "Manufacturing Hub"}, "geometry": {"type": "Point", "coordinates": [-83.7386, 42.2133]}}, {"type": "Feature", "properties": {"name": "Ann Arbor Industrial Zone", "city": "Ann Arbor", "state": "Michigan", "type": "Manufacturing Hub"}, "geometry": {"type": "Point", "coordinates": [-83.6891, 42.2224]}}, {"type": "Feature", "properties": {"name": "Ann Arbor Warehouse District", "city": "Ann Arbor", "state": "Michigan", "type": "Manufacturing Hub"}, "geometry": {"type": "Point", "coordinates": [-83.7832, 42.3405]}}, {"type": "Feature", "properties": {"name": "Ann Arbor Food Processing Hub", "city": "Ann Arbor", "state": "Michigan", "type": "Manufacturing Hub"}, "geometry": {"type": "Point", "coordinates": [-83.7791, 42.3252]}}, {"type": "Feature", "properties": {"name": "Springfield Logistics Park", "city": "Springfield", "state": "Illinois", "type": "Manufacturing Hub"}, "geometry": {"type": "Point", "coordinates": [-89.6412, 39.743]}}, {"type": "Feature", "properties": {"name": "Springfield Warehouse District", "city": "Springfield", "state": "Illinois", "type": "Manufacturing Hub"}, "geometry": {"type": "Point", "coordinates": [-89.6332, 39.7391]}}, {"type": "Feature", "properties": {"name": "Springfield Warehouse District", "city": "Springfield", "state": "Illinois", "type": "Manufacturing Hub"}, "geometry": {"type": "Point", "coordinates": [-89.6217, 39.8069]}}, {"type": "Feature", "properties": {"name": "Springfield Textile District", "city": "Springfield", "state": "Illinois", "type": "Manufacturing Hub"}, "geometry": {"type": "Point", "coordinates": [-89.6193, 39.7375]}}, {"type": "Feature", "properties": {"name": "Springfield Textile District", "city": "Springfield", "state": "Illinois", "type": "Manufacturing Hub"}, "geometry": {"type": "Point", "coordinates": [-89.6053, 39.7813]}}, {"type": "Feature", "properties": {"name": "Berkeley Production Hub", "city": "Berkeley", "state": "California", "type": "Manufacturing Hub"}, "geometry": {"type": "Point", "coordinates": [-122.3383, 37.9082]}}, {"type": "Feature", "properties": {"name": "Berkeley Aerospace Corridor", "city": "Berkeley", "state": "California", "type": "Manufacturing Hub"}, "geometry": {"type": "Point", "coordinates": [-122.2943, 37.8211]}}, {"type": "Feature", "properties": {"name": "Berkeley Auto Manufacturing Hub", "city": "Berkeley", "state": "California", "type": "Manufacturing Hub"}, "geometry": {"type": "Point", "coordinates": [-122.3285, 37.9412]}}, {"type": "Feature", "properties": {"name": "Berkeley Logistics Park", "city": "Berkeley", "state": "California", "type": "Manufacturing Hub"}, "geometry": {"type": "Point", "coordinates": [-122.3178, 37.9413]}}, {"type": "Feature", "properties": {"name": "Peoria Auto Manufacturing Hub", "city": "Peoria", "state": "Illinois", "type": "Manufacturing Hub"}, "geometry": {"type": "Point", "coordinates": [-89.6028, 40.721]}}, {"type": "Feature", "properties": {"name": "Peoria Warehouse District", "city": "Peoria", "state": "Illinois", "type": "Manufacturing Hub"}, "geometry": {"type": "Point", "coordinates": [-89.6786, 40.7267]}}, {"type": "Feature", "properties": {"name": "Peoria Steel District", "city": "Peoria", "state": "Illinois", "type": "Manufacturing Hub"}, "geometry": {"type": "Point", "coordinates": [-89.683, 40.7151]}}, {"type": "Feature", "properties": {"name": "Peoria Logistics Park", "city": "Peoria", "state": "Illinois", "type": "Manufacturing Hub"}, "geometry": {"type": "Point", "coordinates": [-89.5585, 40.7469]}}, {"type": "Feature", "properties": {"name": "Peoria Steel District", "city": "Peoria", "state": "Illinois", "type": "Manufacturing Hub"}, "geometry": {"type": "Point", "coordinates": [-89.6279, 40.6689]}}, {"type": "Feature", "properties": {"name": "Provo Food Processing Hub", "city": "Provo", "state": "Utah", "type": "Manufacturing Hub"}, "geometry": {"type": "Point", "coordinates": [-111.7023, 40.2401]}}, {"type": "Feature", "properties": {"name": "Provo Distribution Center", "city": "Provo", "state": "Utah", "type": "Manufacturing Hub"}, "geometry": {"type": "Point", "coordinates": [-111.7377, 40.1688]}}, {"type": "Feature", "properties": {"name": "Provo Production Hub", "city": "Provo", "state": "Utah", "type": "Manufacturing Hub"}, "geometry": {"type": "Point", "coordinates": [-111.7321, 40.1725]}}, {"type": "Feature", "properties": {"name": "El Monte Textile District", "city": "El Monte", "state": "California", "type": "Manufacturing Hub"}, "geometry": {"type": "Point", "coordinates": [-117.9441, 34.0398]}}, {"type": "Feature", "properties": {"name": "El Monte Industrial Complex", "city": "El Monte", "state": "California", "type": "Manufacturing Hub"}, "geometry": {"type": "Point", "coordinates": [-118.084, 34.0961]}}, {"type": "Feature", "properties": {"name": "El Monte Chemical Plant Zone", "city": "El Monte", "state": "California", "type": "Manufacturing Hub"}, "geometry": {"type": "Point", "coordinates": [-118.0146, 34.0469]}}, {"type": "Feature", "properties": {"name": "Columbia Steel District", "city": "Columbia", "state": "Missouri", "type": "Manufacturing Hub"}, "geometry": {"type": "Point", "coordinates": [-92.3047, 39.011]}}, {"type": "Feature", "properties": {"name": "Columbia Production Hub", "city": "Columbia", "state": "Missouri", "type": "Manufacturing Hub"}, "geometry": {"type": "Point", "coordinates": [-92.4115, 38.9953]}}, {"type": "Feature", "properties": {"name": "Columbia Industrial Complex", "city": "Columbia", "state": "Missouri", "type": "Manufacturing Hub"}, "geometry": {"type": "Point", "coordinates": [-92.43, 38.9256]}}, {"type": "Feature", "properties": {"name": "Lansing Industrial Park", "city": "Lansing", "state": "Michigan", "type": "Manufacturing Hub"}, "geometry": {"type": "Point", "coordinates": [-84.6258, 42.7355]}}, {"type": "Feature", "properties": {"name": "Lansing Production Hub", "city": "Lansing", "state": "Michigan", "type": "Manufacturing Hub"}, "geometry": {"type": "Point", "coordinates": [-84.6465, 42.7406]}}, {"type": "Feature", "properties": {"name": "Lansing Textile District", "city": "Lansing", "state": "Michigan", "type": "Manufacturing Hub"}, "geometry": {"type": "Point", "coordinates": [-84.5022, 42.6851]}}, {"type": "Feature", "properties": {"name": "Fargo Steel District", "city": "Fargo", "state": "North Dakota", "type": "Manufacturing Hub"}, "geometry": {"type": "Point", "coordinates": [-96.8406, 46.8526]}}, {"type": "Feature", "properties": {"name": "Downey Aerospace Corridor", "city": "Downey", "state": "California", "type": "Manufacturing Hub"}, "geometry": {"type": "Point", "coordinates": [-118.108, 34.001]}}, {"type": "Feature", "properties": {"name": "Downey Distribution Center", "city": "Downey", "state": "California", "type": "Manufacturing Hub"}, "geometry": {"type": "Point", "coordinates": [-118.0962, 33.8771]}}, {"type": "Feature", "properties": {"name": "Downey Steel District", "city": "Downey", "state": "California", "type": "Manufacturing Hub"}, "geometry": {"type": "Point", "coordinates": [-118.2144, 33.9589]}}, {"type": "Feature", "properties": {"name": "Downey Industrial Complex", "city": "Downey", "state": "California", "type": "Manufacturing Hub"}, "geometry": {"type": "Point", "coordinates": [-118.0991, 33.9145]}}, {"type": "Feature", "properties": {"name": "Costa Mesa Food Processing Hub", "city": "Costa Mesa", "state": "California", "type": "Manufacturing Hub"}, "geometry": {"type": "Point", "coordinates": [-117.9496, 33.5817]}}, {"type": "Feature", "properties": {"name": "Costa Mesa Steel District", "city": "Costa Mesa", "state": "California", "type": "Manufacturing Hub"}, "geometry": {"type": "Point", "coordinates": [-117.9796, 33.6326]}}, {"type": "Feature", "properties": {"name": "Costa Mesa Packaging District", "city": "Costa Mesa", "state": "California", "type": "Manufacturing Hub"}, "geometry": {"type": "Point", "coordinates": [-117.8758, 33.6102]}}, {"type": "Feature", "properties": {"name": "Wilmington Aerospace Corridor", "city": "Wilmington", "state": "North Carolina", "type": "Manufacturing Hub"}, "geometry": {"type": "Point", "coordinates": [-78.0057, 34.2839]}}, {"type": "Feature", "properties": {"name": "Arvada Food Processing Hub", "city": "Arvada", "state": "Colorado", "type": "Manufacturing Hub"}, "geometry": {"type": "Point", "coordinates": [-105.0127, 39.7337]}}, {"type": "Feature", "properties": {"name": "Arvada Steel District", "city": "Arvada", "state": "Colorado", "type": "Manufacturing Hub"}, "geometry": {"type": "Point", "coordinates": [-105.0172, 39.8676]}}, {"type": "Feature", "properties": {"name": "Arvada Industrial Complex", "city": "Arvada", "state": "Colorado", "type": "Manufacturing Hub"}, "geometry": {"type": "Point", "coordinates": [-105.1808, 39.8702]}}, {"type": "Feature", "properties": {"name": "Inglewood Distribution Center", "city": "Inglewood", "state": "California", "type": "Manufacturing Hub"}, "geometry": {"type": "Point", "coordinates": [-118.348, 33.9967]}}, {"type": "Feature", "properties": {"name": "Inglewood Textile District", "city": "Inglewood", "state": "California", "type": "Manufacturing Hub"}, "geometry": {"type": "Point", "coordinates": [-118.4316, 33.9707]}}, {"type": "Feature", "properties": {"name": "Miami Gardens Food Processing Hub", "city": "Miami Gardens", "state": "Florida", "type": "Manufacturing Hub"}, "geometry": {"type": "Point", "coordinates": [-80.3004, 25.9829]}}, {"type": "Feature", "properties": {"name": "Miami Gardens Auto Manufacturing Hub", "city": "Miami Gardens", "state": "Florida", "type": "Manufacturing Hub"}, "geometry": {"type": "Point", "coordinates": [-80.2605, 25.8877]}}, {"type": "Feature", "properties": {"name": "Miami Gardens Manufacturing District", "city": "Miami Gardens", "state": "Florida", "type": "Manufacturing Hub"}, "geometry": {"type": "Point", "coordinates": [-80.2094, 25.8753]}}, {"type": "Feature", "properties": {"name": "Carlsbad Manufacturing District", "city": "Carlsbad", "state": "California", "type": "Manufacturing Hub"}, "geometry": {"type": "Point", "coordinates": [-117.3764, 33.1367]}}, {"type": "Feature", "properties": {"name": "Carlsbad Industrial Complex", "city": "Carlsbad", "state": "California", "type": "Manufacturing Hub"}, "geometry": {"type": "Point", "coordinates": [-117.2905, 33.1623]}}, {"type": "Feature", "properties": {"name": "Westminster Steel District", "city": "Westminster", "state": "Colorado", "type": "Manufacturing Hub"}, "geometry": {"type": "Point", "coordinates": [-105.0629, 39.8886]}}, {"type": "Feature", "properties": {"name": "Westminster Auto Manufacturing Hub", "city": "Westminster", "state": "Colorado", "type": "Manufacturing Hub"}, "geometry": {"type": "Point", "coordinates": [-104.9998, 39.769]}}, {"type": "Feature", "properties": {"name": "Westminster Chemical Plant Zone", "city": "Westminster", "state": "Colorado", "type": "Manufacturing Hub"}, "geometry": {"type": "Point", "coordinates": [-105.095, 39.8904]}}, {"type": "Feature", "properties": {"name": "Rochester Production Hub", "city": "Rochester", "state": "Minnesota", "type": "Manufacturing Hub"}, "geometry": {"type": "Point", "coordinates": [-92.4474, 44.0763]}}, {"type": "Feature", "properties": {"name": "Rochester Auto Manufacturing Hub", "city": "Rochester", "state": "Minnesota", "type": "Manufacturing Hub"}, "geometry": {"type": "Point", "coordinates": [-92.3994, 44.0689]}}, {"type": "Feature", "properties": {"name": "Rochester Packaging District", "city": "Rochester", "state": "Minnesota", "type": "Manufacturing Hub"}, "geometry": {"type": "Point", "coordinates": [-92.4502, 44.0201]}}, {"type": "Feature", "properties": {"name": "Odessa Manufacturing District", "city": "Odessa", "state": "Texas", "type": "Manufacturing Hub"}, "geometry": {"type": "Point", "coordinates": [-102.4291, 31.8821]}}, {"type": "Feature", "properties": {"name": "Odessa Logistics Park", "city": "Odessa", "state": "Texas", "type": "Manufacturing Hub"}, "geometry": {"type": "Point", "coordinates": [-102.3477, 31.8294]}}, {"type": "Feature", "properties": {"name": "Odessa Textile District", "city": "Odessa", "state": "Texas", "type": "Manufacturing Hub"}, "geometry": {"type": "Point", "coordinates": [-102.3666, 31.8481]}}, {"type": "Feature", "properties": {"name": "Manchester Assembly Plant District", "city": "Manchester", "state": "New Hampshire", "type": "Manufacturing Hub"}, "geometry": {"type": "Point", "coordinates": [-71.4947, 42.9637]}}, {"type": "Feature", "properties": {"name": "Manchester Packaging District", "city": "Manchester", "state": "New Hampshire", "type": "Manufacturing Hub"}, "geometry": {"type": "Point", "coordinates": [-71.4855, 42.9389]}}, {"type": "Feature", "properties": {"name": "Manchester Industrial Zone", "city": "Manchester", "state": "New Hampshire", "type": "Manufacturing Hub"}, "geometry": {"type": "Point", "coordinates": [-71.3943, 42.9395]}}, {"type": "Feature", "properties": {"name": "Elgin Packaging District", "city": "Elgin", "state": "Illinois", "type": "Manufacturing Hub"}, "geometry": {"type": "Point", "coordinates": [-88.1962, 42.0694]}}, {"type": "Feature", "properties": {"name": "Elgin Warehouse District", "city": "Elgin", "state": "Illinois", "type": "Manufacturing Hub"}, "geometry": {"type": "Point", "coordinates": [-88.2943, 42.0364]}}, {"type": "Feature", "properties": {"name": "West Jordan Industrial Park", "city": "West Jordan", "state": "Utah", "type": "Manufacturing Hub"}, "geometry": {"type": "Point", "coordinates": [-111.9408, 40.5665]}}, {"type": "Feature", "properties": {"name": "Round Rock Packaging District", "city": "Round Rock", "state": "Texas", "type": "Manufacturing Hub"}, "geometry": {"type": "Point", "coordinates": [-97.7505, 30.5443]}}, {"type": "Feature", "properties": {"name": "Round Rock Assembly Plant District", "city": "Round Rock", "state": "Texas", "type": "Manufacturing Hub"}, "geometry": {"type": "Point", "coordinates": [-97.6768, 30.5056]}}, {"type": "Feature", "properties": {"name": "Round Rock Aerospace Corridor", "city": "Round Rock", "state": "Texas", "type": "Manufacturing Hub"}, "geometry": {"type": "Point", "coordinates": [-97.673, 30.5722]}}, {"type": "Feature", "properties": {"name": "Clearwater Assembly Plant District", "city": "Clearwater", "state": "Florida", "type": "Manufacturing Hub"}, "geometry": {"type": "Point", "coordinates": [-82.8121, 27.9759]}}, {"type": "Feature", "properties": {"name": "Waterbury Packaging District", "city": "Waterbury", "state": "Connecticut", "type": "Manufacturing Hub"}, "geometry": {"type": "Point", "coordinates": [-73.1138, 41.51]}}, {"type": "Feature", "properties": {"name": "Waterbury Packaging District", "city": "Waterbury", "state": "Connecticut", "type": "Manufacturing Hub"}, "geometry": {"type": "Point", "coordinates": [-72.9731, 41.5073]}}, {"type": "Feature", "properties": {"name": "Gresham Production Hub", "city": "Gresham", "state": "Oregon", "type": "Manufacturing Hub"}, "geometry": {"type": "Point", "coordinates": [-122.4992, 45.5002]}}, {"type": "Feature", "properties": {"name": "Gresham Packaging District", "city": "Gresham", "state": "Oregon", "type": "Manufacturing Hub"}, "geometry": {"type": "Point", "coordinates": [-122.4923, 45.4507]}}, {"type": "Feature", "properties": {"name": "Gresham Steel District", "city": "Gresham", "state": "Oregon", "type": "Manufacturing Hub"}, "geometry": {"type": "Point", "coordinates": [-122.5235, 45.5697]}}, {"type": "Feature", "properties": {"name": "Fairfield Assembly Plant District", "city": "Fairfield", "state": "California", "type": "Manufacturing Hub"}, "geometry": {"type": "Point", "coordinates": [-122.1265, 38.1823]}}, {"type": "Feature", "properties": {"name": "Fairfield Aerospace Corridor", "city": "Fairfield", "state": "California", "type": "Manufacturing Hub"}, "geometry": {"type": "Point", "coordinates": [-122.1208, 38.2953]}}, {"type": "Feature", "properties": {"name": "Fairfield Industrial Zone", "city": "Fairfield", "state": "California", "type": "Manufacturing Hub"}, "geometry": {"type": "Point", "coordinates": [-122.0439, 38.2404]}}, {"type": "Feature", "properties": {"name": "Billings Warehouse District", "city": "Billings", "state": "Montana", "type": "Manufacturing Hub"}, "geometry": {"type": "Point", "coordinates": [-108.5527, 45.8327]}}, {"type": "Feature", "properties": {"name": "Billings Auto Manufacturing Hub", "city": "Billings", "state": "Montana", "type": "Manufacturing Hub"}, "geometry": {"type": "Point", "coordinates": [-108.5583, 45.8221]}}, {"type": "Feature", "properties": {"name": "Billings Aerospace Corridor", "city": "Billings", "state": "Montana", "type": "Manufacturing Hub"}, "geometry": {"type": "Point", "coordinates": [-108.4797, 45.7667]}}, {"type": "Feature", "properties": {"name": "Lowell Manufacturing District", "city": "Lowell", "state": "Massachusetts", "type": "Manufacturing Hub"}, "geometry": {"type": "Point", "coordinates": [-71.2543, 42.6253]}}, {"type": "Feature", "properties": {"name": "Lowell Manufacturing District", "city": "Lowell", "state": "Massachusetts", "type": "Manufacturing Hub"}, "geometry": {"type": "Point", "coordinates": [-71.364, 42.6766]}}, {"type": "Feature", "properties": {"name": "San Buenaventura (Ventura) Manufacturing District", "city": "San Buenaventura (Ventura)", "state": "California", "type": "Manufacturing Hub"}, "geometry": {"type": "Point", "coordinates": [-119.2073, 34.2836]}}, {"type": "Feature", "properties": {"name": "San Buenaventura (Ventura) Food Processing Hub", "city": "San Buenaventura (Ventura)", "state": "California", "type": "Manufacturing Hub"}, "geometry": {"type": "Point", "coordinates": [-119.2916, 34.296]}}, {"type": "Feature", "properties": {"name": "San Buenaventura (Ventura) Industrial Park", "city": "San Buenaventura (Ventura)", "state": "California", "type": "Manufacturing Hub"}, "geometry": {"type": "Point", "coordinates": [-119.2911, 34.2318]}}, {"type": "Feature", "properties": {"name": "Pueblo Textile District", "city": "Pueblo", "state": "Colorado", "type": "Manufacturing Hub"}, "geometry": {"type": "Point", "coordinates": [-104.6402, 38.256]}}, {"type": "Feature", "properties": {"name": "Pueblo Textile District", "city": "Pueblo", "state": "Colorado", "type": "Manufacturing Hub"}, "geometry": {"type": "Point", "coordinates": [-104.5868, 38.2614]}}, {"type": "Feature", "properties": {"name": "Pueblo Packaging District", "city": "Pueblo", "state": "Colorado", "type": "Manufacturing Hub"}, "geometry": {"type": "Point", "coordinates": [-104.5789, 38.2833]}}, {"type": "Feature", "properties": {"name": "High Point Manufacturing District", "city": "High Point", "state": "North Carolina", "type": "Manufacturing Hub"}, "geometry": {"type": "Point", "coordinates": [-80.0593, 35.9508]}}, {"type": "Feature", "properties": {"name": "High Point Food Processing Hub", "city": "High Point", "state": "North Carolina", "type": "Manufacturing Hub"}, "geometry": {"type": "Point", "coordinates": [-79.9573, 35.9716]}}, {"type": "Feature", "properties": {"name": "High Point Food Processing Hub", "city": "High Point", "state": "North Carolina", "type": "Manufacturing Hub"}, "geometry": {"type": "Point", "coordinates": [-79.937, 36.0193]}}, {"type": "Feature", "properties": {"name": "West Covina Industrial Zone", "city": "West Covina", "state": "California", "type": "Manufacturing Hub"}, "geometry": {"type": "Point", "coordinates": [-117.9722, 34.0983]}}, {"type": "Feature", "properties": {"name": "Richmond Distribution Center", "city": "Richmond", "state": "California", "type": "Manufacturing Hub"}, "geometry": {"type": "Point", "coordinates": [-122.2924, 37.8791]}}, {"type": "Feature", "properties": {"name": "Richmond Chemical Plant Zone", "city": "Richmond", "state": "California", "type": "Manufacturing Hub"}, "geometry": {"type": "Point", "coordinates": [-122.3284, 37.9705]}}, {"type": "Feature", "properties": {"name": "Richmond Production Hub", "city": "Richmond", "state": "California", "type": "Manufacturing Hub"}, "geometry": {"type": "Point", "coordinates": [-122.3993, 37.9923]}}, {"type": "Feature", "properties": {"name": "Richmond Manufacturing District", "city": "Richmond", "state": "California", "type": "Manufacturing Hub"}, "geometry": {"type": "Point", "coordinates": [-122.2967, 37.87]}}, {"type": "Feature", "properties": {"name": "Richmond Industrial Zone", "city": "Richmond", "state": "California", "type": "Manufacturing Hub"}, "geometry": {"type": "Point", "coordinates": [-122.3758, 37.9021]}}, {"type": "Feature", "properties": {"name": "Murrieta Textile District", "city": "Murrieta", "state": "California", "type": "Manufacturing Hub"}, "geometry": {"type": "Point", "coordinates": [-117.2423, 33.5178]}}, {"type": "Feature", "properties": {"name": "Murrieta Packaging District", "city": "Murrieta", "state": "California", "type": "Manufacturing Hub"}, "geometry": {"type": "Point", "coordinates": [-117.192, 33.5568]}}, {"type": "Feature", "properties": {"name": "Murrieta Production Hub", "city": "Murrieta", "state": "California", "type": "Manufacturing Hub"}, "geometry": {"type": "Point", "coordinates": [-117.1798, 33.5265]}}, {"type": "Feature", "properties": {"name": "Cambridge Food Processing Hub", "city": "Cambridge", "state": "Massachusetts", "type": "Manufacturing Hub"}, "geometry": {"type": "Point", "coordinates": [-71.171, 42.3948]}}, {"type": "Feature", "properties": {"name": "Cambridge Packaging District", "city": "Cambridge", "state": "Massachusetts", "type": "Manufacturing Hub"}, "geometry": {"type": "Point", "coordinates": [-71.0125, 42.3489]}}, {"type": "Feature", "properties": {"name": "Antioch Industrial Park", "city": "Antioch", "state": "California", "type": "Manufacturing Hub"}, "geometry": {"type": "Point", "coordinates": [-121.8837, 38.0165]}}, {"type": "Feature", "properties": {"name": "Antioch Assembly Plant District", "city": "Antioch", "state": "California", "type": "Manufacturing Hub"}, "geometry": {"type": "Point", "coordinates": [-121.741, 37.9794]}}, {"type": "Feature", "properties": {"name": "Antioch Warehouse District", "city": "Antioch", "state": "California", "type": "Manufacturing Hub"}, "geometry": {"type": "Point", "coordinates": [-121.9034, 38.0145]}}, {"type": "Feature", "properties": {"name": "Temecula Production Hub", "city": "Temecula", "state": "California", "type": "Manufacturing Hub"}, "geometry": {"type": "Point", "coordinates": [-117.2444, 33.5249]}}, {"type": "Feature", "properties": {"name": "Temecula Industrial Complex", "city": "Temecula", "state": "California", "type": "Manufacturing Hub"}, "geometry": {"type": "Point", "coordinates": [-117.1309, 33.4741]}}, {"type": "Feature", "properties": {"name": "Temecula Auto Manufacturing Hub", "city": "Temecula", "state": "California", "type": "Manufacturing Hub"}, "geometry": {"type": "Point", "coordinates": [-117.1415, 33.4608]}}, {"type": "Feature", "properties": {"name": "Temecula Industrial Zone", "city": "Temecula", "state": "California", "type": "Manufacturing Hub"}, "geometry": {"type": "Point", "coordinates": [-117.1683, 33.504]}}, {"type": "Feature", "properties": {"name": "Norwalk Chemical Plant Zone", "city": "Norwalk", "state": "California", "type": "Manufacturing Hub"}, "geometry": {"type": "Point", "coordinates": [-118.01, 33.9419]}}, {"type": "Feature", "properties": {"name": "Norwalk Auto Manufacturing Hub", "city": "Norwalk", "state": "California", "type": "Manufacturing Hub"}, "geometry": {"type": "Point", "coordinates": [-118.0126, 33.849]}}, {"type": "Feature", "properties": {"name": "Norwalk Production Hub", "city": "Norwalk", "state": "California", "type": "Manufacturing Hub"}, "geometry": {"type": "Point", "coordinates": [-118.0518, 33.8448]}}, {"type": "Feature", "properties": {"name": "Norwalk Industrial Complex", "city": "Norwalk", "state": "California", "type": "Manufacturing Hub"}, "geometry": {"type": "Point", "coordinates": [-118.1028, 33.8365]}}, {"type": "Feature", "properties": {"name": "Norwalk Packaging District", "city": "Norwalk", "state": "California", "type": "Manufacturing Hub"}, "geometry": {"type": "Point", "coordinates": [-118.1198, 33.8592]}}, {"type": "Feature", "properties": {"name": "Centennial Steel District", "city": "Centennial", "state": "Colorado", "type": "Manufacturing Hub"}, "geometry": {"type": "Point", "coordinates": [-104.8732, 39.5989]}}, {"type": "Feature", "properties": {"name": "Everett Industrial Zone", "city": "Everett", "state": "Washington", "type": "Manufacturing Hub"}, "geometry": {"type": "Point", "coordinates": [-122.1183, 47.9988]}}, {"type": "Feature", "properties": {"name": "Wichita Falls Warehouse District", "city": "Wichita Falls", "state": "Texas", "type": "Manufacturing Hub"}, "geometry": {"type": "Point", "coordinates": [-98.4605, 33.98]}}, {"type": "Feature", "properties": {"name": "Wichita Falls Production Hub", "city": "Wichita Falls", "state": "Texas", "type": "Manufacturing Hub"}, "geometry": {"type": "Point", "coordinates": [-98.5369, 33.9263]}}, {"type": "Feature", "properties": {"name": "Wichita Falls Assembly Plant District", "city": "Wichita Falls", "state": "Texas", "type": "Manufacturing Hub"}, "geometry": {"type": "Point", "coordinates": [-98.5406, 33.952]}}, {"type": "Feature", "properties": {"name": "Palm Bay Industrial Zone", "city": "Palm Bay", "state": "Florida", "type": "Manufacturing Hub"}, "geometry": {"type": "Point", "coordinates": [-80.5767, 28.0214]}}, {"type": "Feature", "properties": {"name": "Green Bay Textile District", "city": "Green Bay", "state": "Wisconsin", "type": "Manufacturing Hub"}, "geometry": {"type": "Point", "coordinates": [-87.9458, 44.5693]}}, {"type": "Feature", "properties": {"name": "Green Bay Industrial Zone", "city": "Green Bay", "state": "Wisconsin", "type": "Manufacturing Hub"}, "geometry": {"type": "Point", "coordinates": [-88.0683, 44.5727]}}, {"type": "Feature", "properties": {"name": "Green Bay Food Processing Hub", "city": "Green Bay", "state": "Wisconsin", "type": "Manufacturing Hub"}, "geometry": {"type": "Point", "coordinates": [-88.0024, 44.49]}}, {"type": "Feature", "properties": {"name": "Green Bay Packaging District", "city": "Green Bay", "state": "Wisconsin", "type": "Manufacturing Hub"}, "geometry": {"type": "Point", "coordinates": [-88.0398, 44.4811]}}, {"type": "Feature", "properties": {"name": "Green Bay Industrial Park", "city": "Green Bay", "state": "Wisconsin", "type": "Manufacturing Hub"}, "geometry": {"type": "Point", "coordinates": [-88.0246, 44.4757]}}, {"type": "Feature", "properties": {"name": "Daly City Steel District", "city": "Daly City", "state": "California", "type": "Manufacturing Hub"}, "geometry": {"type": "Point", "coordinates": [-122.4897, 37.6607]}}, {"type": "Feature", "properties": {"name": "Daly City Food Processing Hub", "city": "Daly City", "state": "California", "type": "Manufacturing Hub"}, "geometry": {"type": "Point", "coordinates": [-122.3799, 37.6287]}}, {"type": "Feature", "properties": {"name": "Daly City Manufacturing District", "city": "Daly City", "state": "California", "type": "Manufacturing Hub"}, "geometry": {"type": "Point", "coordinates": [-122.411, 37.7545]}}, {"type": "Feature", "properties": {"name": "Daly City Assembly Plant District", "city": "Daly City", "state": "California", "type": "Manufacturing Hub"}, "geometry": {"type": "Point", "coordinates": [-122.464, 37.6851]}}, {"type": "Feature", "properties": {"name": "Burbank Industrial Complex", "city": "Burbank", "state": "California", "type": "Manufacturing Hub"}, "geometry": {"type": "Point", "coordinates": [-118.2551, 34.1676]}}, {"type": "Feature", "properties": {"name": "Burbank Industrial Zone", "city": "Burbank", "state": "California", "type": "Manufacturing Hub"}, "geometry": {"type": "Point", "coordinates": [-118.2247, 34.2506]}}, {"type": "Feature", "properties": {"name": "Richardson Logistics Park", "city": "Richardson", "state": "Texas", "type": "Manufacturing Hub"}, "geometry": {"type": "Point", "coordinates": [-96.7492, 32.9887]}}, {"type": "Feature", "properties": {"name": "Richardson Chemical Plant Zone", "city": "Richardson", "state": "Texas", "type": "Manufacturing Hub"}, "geometry": {"type": "Point", "coordinates": [-96.7572, 32.9619]}}, {"type": "Feature", "properties": {"name": "Richardson Production Hub", "city": "Richardson", "state": "Texas", "type": "Manufacturing Hub"}, "geometry": {"type": "Point", "coordinates": [-96.7403, 32.9215]}}, {"type": "Feature", "properties": {"name": "Richardson Assembly Plant District", "city": "Richardson", "state": "Texas", "type": "Manufacturing Hub"}, "geometry": {"type": "Point", "coordinates": [-96.81, 32.9323]}}, {"type": "Feature", "properties": {"name": "Pompano Beach Industrial Complex", "city": "Pompano Beach", "state": "Florida", "type": "Manufacturing Hub"}, "geometry": {"type": "Point", "coordinates": [-80.1117, 26.2188]}}, {"type": "Feature", "properties": {"name": "Pompano Beach Production Hub", "city": "Pompano Beach", "state": "Florida", "type": "Manufacturing Hub"}, "geometry": {"type": "Point", "coordinates": [-80.0457, 26.2304]}}, {"type": "Feature", "properties": {"name": "North Charleston Auto Manufacturing Hub", "city": "North Charleston", "state": "South Carolina", "type": "Manufacturing Hub"}, "geometry": {"type": "Point", "coordinates": [-80.069, 32.9192]}}, {"type": "Feature", "properties": {"name": "North Charleston Auto Manufacturing Hub", "city": "North Charleston", "state": "South Carolina", "type": "Manufacturing Hub"}, "geometry": {"type": "Point", "coordinates": [-79.9994, 32.8731]}}, {"type": "Feature", "properties": {"name": "North Charleston Packaging District", "city": "North Charleston", "state": "South Carolina", "type": "Manufacturing Hub"}, "geometry": {"type": "Point", "coordinates": [-80.0471, 32.8679]}}, {"type": "Feature", "properties": {"name": "North Charleston Industrial Park", "city": "North Charleston", "state": "South Carolina", "type": "Manufacturing Hub"}, "geometry": {"type": "Point", "coordinates": [-80.0555, 32.8762]}}, {"type": "Feature", "properties": {"name": "Broken Arrow Manufacturing District", "city": "Broken Arrow", "state": "Oklahoma", "type": "Manufacturing Hub"}, "geometry": {"type": "Point", "coordinates": [-95.7289, 36.1176]}}, {"type": "Feature", "properties": {"name": "Boulder Assembly Plant District", "city": "Boulder", "state": "Colorado", "type": "Manufacturing Hub"}, "geometry": {"type": "Point", "coordinates": [-105.2475, 39.9484]}}, {"type": "Feature", "properties": {"name": "Boulder Auto Manufacturing Hub", "city": "Boulder", "state": "Colorado", "type": "Manufacturing Hub"}, "geometry": {"type": "Point", "coordinates": [-105.2283, 39.9546]}}, {"type": "Feature", "properties": {"name": "West Palm Beach Industrial Zone", "city": "West Palm Beach", "state": "Florida", "type": "Manufacturing Hub"}, "geometry": {"type": "Point", "coordinates": [-80.0926, 26.706]}}, {"type": "Feature", "properties": {"name": "West Palm Beach Industrial Zone", "city": "West Palm Beach", "state": "Florida", "type": "Manufacturing Hub"}, "geometry": {"type": "Point", "coordinates": [-80.1327, 26.7097]}}, {"type": "Feature", "properties": {"name": "West Palm Beach Logistics Park", "city": "West Palm Beach", "state": "Florida", "type": "Manufacturing Hub"}, "geometry": {"type": "Point", "coordinates": [-80.0213, 26.7255]}}, {"type": "Feature", "properties": {"name": "Santa Maria Production Hub", "city": "Santa Maria", "state": "California", "type": "Manufacturing Hub"}, "geometry": {"type": "Point", "coordinates": [-120.3912, 34.9624]}}, {"type": "Feature", "properties": {"name": "Santa Maria Packaging District", "city": "Santa Maria", "state": "California", "type": "Manufacturing Hub"}, "geometry": {"type": "Point", "coordinates": [-120.4198, 35.0045]}}, {"type": "Feature", "properties": {"name": "Santa Maria Manufacturing District", "city": "Santa Maria", "state": "California", "type": "Manufacturing Hub"}, "geometry": {"type": "Point", "coordinates": [-120.4196, 34.9183]}}, {"type": "Feature", "properties": {"name": "El Cajon Aerospace Corridor", "city": "El Cajon", "state": "California", "type": "Manufacturing Hub"}, "geometry": {"type": "Point", "coordinates": [-117.036, 32.8287]}}, {"type": "Feature", "properties": {"name": "El Cajon Industrial Park", "city": "El Cajon", "state": "California", "type": "Manufacturing Hub"}, "geometry": {"type": "Point", "coordinates": [-116.8655, 32.7782]}}, {"type": "Feature", "properties": {"name": "El Cajon Aerospace Corridor", "city": "El Cajon", "state": "California", "type": "Manufacturing Hub"}, "geometry": {"type": "Point", "coordinates": [-117.0107, 32.8144]}}, {"type": "Feature", "properties": {"name": "Davenport Food Processing Hub", "city": "Davenport", "state": "Iowa", "type": "Manufacturing Hub"}, "geometry": {"type": "Point", "coordinates": [-90.5164, 41.4571]}}, {"type": "Feature", "properties": {"name": "Rialto Industrial Zone", "city": "Rialto", "state": "California", "type": "Manufacturing Hub"}, "geometry": {"type": "Point", "coordinates": [-117.4624, 34.0447]}}, {"type": "Feature", "properties": {"name": "Las Cruces Industrial Zone", "city": "Las Cruces", "state": "New Mexico", "type": "Manufacturing Hub"}, "geometry": {"type": "Point", "coordinates": [-106.6871, 32.326]}}, {"type": "Feature", "properties": {"name": "San Mateo Auto Manufacturing Hub", "city": "San Mateo", "state": "California", "type": "Manufacturing Hub"}, "geometry": {"type": "Point", "coordinates": [-122.3024, 37.5274]}}, {"type": "Feature", "properties": {"name": "San Mateo Textile District", "city": "San Mateo", "state": "California", "type": "Manufacturing Hub"}, "geometry": {"type": "Point", "coordinates": [-122.3105, 37.6072]}}, {"type": "Feature", "properties": {"name": "Lewisville Textile District", "city": "Lewisville", "state": "Texas", "type": "Manufacturing Hub"}, "geometry": {"type": "Point", "coordinates": [-96.9215, 33.1125]}}, {"type": "Feature", "properties": {"name": "Lewisville Packaging District", "city": "Lewisville", "state": "Texas", "type": "Manufacturing Hub"}, "geometry": {"type": "Point", "coordinates": [-97.0659, 33.062]}}, {"type": "Feature", "properties": {"name": "Lewisville Auto Manufacturing Hub", "city": "Lewisville", "state": "Texas", "type": "Manufacturing Hub"}, "geometry": {"type": "Point", "coordinates": [-96.9686, 33.0074]}}, {"type": "Feature", "properties": {"name": "South Bend Chemical Plant Zone", "city": "South Bend", "state": "Indiana", "type": "Manufacturing Hub"}, "geometry": {"type": "Point", "coordinates": [-86.2969, 41.6696]}}, {"type": "Feature", "properties": {"name": "South Bend Chemical Plant Zone", "city": "South Bend", "state": "Indiana", "type": "Manufacturing Hub"}, "geometry": {"type": "Point", "coordinates": [-86.3075, 41.6199]}}, {"type": "Feature", "properties": {"name": "South Bend Aerospace Corridor", "city": "South Bend", "state": "Indiana", "type": "Manufacturing Hub"}, "geometry": {"type": "Point", "coordinates": [-86.308, 41.6196]}}, {"type": "Feature", "properties": {"name": "Lakeland Logistics Park", "city": "Lakeland", "state": "Florida", "type": "Manufacturing Hub"}, "geometry": {"type": "Point", "coordinates": [-82.0075, 28.0234]}}, {"type": "Feature", "properties": {"name": "Lakeland Industrial Zone", "city": "Lakeland", "state": "Florida", "type": "Manufacturing Hub"}, "geometry": {"type": "Point", "coordinates": [-82.0113, 27.9994]}}, {"type": "Feature", "properties": {"name": "Lakeland Warehouse District", "city": "Lakeland", "state": "Florida", "type": "Manufacturing Hub"}, "geometry": {"type": "Point", "coordinates": [-81.8785, 28.0258]}}, {"type": "Feature", "properties": {"name": "Erie Warehouse District", "city": "Erie", "state": "Pennsylvania", "type": "Manufacturing Hub"}, "geometry": {"type": "Point", "coordinates": [-80.0848, 42.1367]}}, {"type": "Feature", "properties": {"name": "Erie Auto Manufacturing Hub", "city": "Erie", "state": "Pennsylvania", "type": "Manufacturing Hub"}, "geometry": {"type": "Point", "coordinates": [-80.0001, 42.1684]}}, {"type": "Feature", "properties": {"name": "Erie Packaging District", "city": "Erie", "state": "Pennsylvania", "type": "Manufacturing Hub"}, "geometry": {"type": "Point", "coordinates": [-80.1144, 42.1906]}}, {"type": "Feature", "properties": {"name": "Tyler Production Hub", "city": "Tyler", "state": "Texas", "type": "Manufacturing Hub"}, "geometry": {"type": "Point", "coordinates": [-95.3882, 32.4152]}}, {"type": "Feature", "properties": {"name": "Tyler Production Hub", "city": "Tyler", "state": "Texas", "type": "Manufacturing Hub"}, "geometry": {"type": "Point", "coordinates": [-95.2145, 32.3053]}}, {"type": "Feature", "properties": {"name": "Tyler Warehouse District", "city": "Tyler", "state": "Texas", "type": "Manufacturing Hub"}, "geometry": {"type": "Point", "coordinates": [-95.3482, 32.2871]}}, {"type": "Feature", "properties": {"name": "Pearland Industrial Park", "city": "Pearland", "state": "Texas", "type": "Manufacturing Hub"}, "geometry": {"type": "Point", "coordinates": [-95.3288, 29.5269]}}, {"type": "Feature", "properties": {"name": "Pearland Industrial Zone", "city": "Pearland", "state": "Texas", "type": "Manufacturing Hub"}, "geometry": {"type": "Point", "coordinates": [-95.211, 29.5041]}}, {"type": "Feature", "properties": {"name": "Pearland Distribution Center", "city": "Pearland", "state": "Texas", "type": "Manufacturing Hub"}, "geometry": {"type": "Point", "coordinates": [-95.2679, 29.562]}}, {"type": "Feature", "properties": {"name": "Pearland Food Processing Hub", "city": "Pearland", "state": "Texas", "type": "Manufacturing Hub"}, "geometry": {"type": "Point", "coordinates": [-95.375, 29.5588]}}, {"type": "Feature", "properties": {"name": "Pearland Chemical Plant Zone", "city": "Pearland", "state": "Texas", "type": "Manufacturing Hub"}, "geometry": {"type": "Point", "coordinates": [-95.2152, 29.5843]}}, {"type": "Feature", "properties": {"name": "College Station Steel District", "city": "College Station", "state": "Texas", "type": "Manufacturing Hub"}, "geometry": {"type": "Point", "coordinates": [-96.3397, 30.5678]}}, {"type": "Feature", "properties": {"name": "College Station Warehouse District", "city": "College Station", "state": "Texas", "type": "Manufacturing Hub"}, "geometry": {"type": "Point", "coordinates": [-96.4095, 30.6355]}}, {"type": "Feature", "properties": {"name": "Kenosha Textile District", "city": "Kenosha", "state": "Wisconsin", "type": "Manufacturing Hub"}, "geometry": {"type": "Point", "coordinates": [-87.8658, 42.6217]}}, {"type": "Feature", "properties": {"name": "Kenosha Packaging District", "city": "Kenosha", "state": "Wisconsin", "type": "Manufacturing Hub"}, "geometry": {"type": "Point", "coordinates": [-87.7441, 42.5175]}}, {"type": "Feature", "properties": {"name": "Sandy Springs Production Hub", "city": "Sandy Springs", "state": "Georgia", "type": "Manufacturing Hub"}, "geometry": {"type": "Point", "coordinates": [-84.4132, 33.9563]}}, {"type": "Feature", "properties": {"name": "Sandy Springs Chemical Plant Zone", "city": "Sandy Springs", "state": "Georgia", "type": "Manufacturing Hub"}, "geometry": {"type": "Point", "coordinates": [-84.3622, 33.9918]}}, {"type": "Feature", "properties": {"name": "Clovis Assembly Plant District", "city": "Clovis", "state": "California", "type": "Manufacturing Hub"}, "geometry": {"type": "Point", "coordinates": [-119.6258, 36.8046]}}, {"type": "Feature", "properties": {"name": "Clovis Production Hub", "city": "Clovis", "state": "California", "type": "Manufacturing Hub"}, "geometry": {"type": "Point", "coordinates": [-119.6613, 36.7675]}}, {"type": "Feature", "properties": {"name": "Roanoke Assembly Plant District", "city": "Roanoke", "state": "Virginia", "type": "Manufacturing Hub"}, "geometry": {"type": "Point", "coordinates": [-79.9735, 37.2725]}}, {"type": "Feature", "properties": {"name": "Roanoke Textile District", "city": "Roanoke", "state": "Virginia", "type": "Manufacturing Hub"}, "geometry": {"type": "Point", "coordinates": [-79.8853, 37.2422]}}, {"type": "Feature", "properties": {"name": "Albany Industrial Zone", "city": "Albany", "state": "New York", "type": "Manufacturing Hub"}, "geometry": {"type": "Point", "coordinates": [-73.7849, 42.6584]}}, {"type": "Feature", "properties": {"name": "Jurupa Valley Manufacturing District", "city": "Jurupa Valley", "state": "California", "type": "Manufacturing Hub"}, "geometry": {"type": "Point", "coordinates": [-117.4049, 33.9558]}}, {"type": "Feature", "properties": {"name": "Jurupa Valley Logistics Park", "city": "Jurupa Valley", "state": "California", "type": "Manufacturing Hub"}, "geometry": {"type": "Point", "coordinates": [-117.4434, 33.9661]}}, {"type": "Feature", "properties": {"name": "Compton Production Hub", "city": "Compton", "state": "California", "type": "Manufacturing Hub"}, "geometry": {"type": "Point", "coordinates": [-118.1686, 33.9037]}}, {"type": "Feature", "properties": {"name": "Compton Industrial Complex", "city": "Compton", "state": "California", "type": "Manufacturing Hub"}, "geometry": {"type": "Point", "coordinates": [-118.2829, 33.8581]}}, {"type": "Feature", "properties": {"name": "Hillsboro Production Hub", "city": "Hillsboro", "state": "Oregon", "type": "Manufacturing Hub"}, "geometry": {"type": "Point", "coordinates": [-123.0476, 45.5003]}}, {"type": "Feature", "properties": {"name": "Hillsboro Industrial Zone", "city": "Hillsboro", "state": "Oregon", "type": "Manufacturing Hub"}, "geometry": {"type": "Point", "coordinates": [-123.0671, 45.4589]}}, {"type": "Feature", "properties": {"name": "Lawton Steel District", "city": "Lawton", "state": "Oklahoma", "type": "Manufacturing Hub"}, "geometry": {"type": "Point", "coordinates": [-98.3266, 34.5941]}}, {"type": "Feature", "properties": {"name": "Lawton Textile District", "city": "Lawton", "state": "Oklahoma", "type": "Manufacturing Hub"}, "geometry": {"type": "Point", "coordinates": [-98.4584, 34.6337]}}, {"type": "Feature", "properties": {"name": "Davie Auto Manufacturing Hub", "city": "Davie", "state": "Florida", "type": "Manufacturing Hub"}, "geometry": {"type": "Point", "coordinates": [-80.2836, 26.0276]}}, {"type": "Feature", "properties": {"name": "Mission Viejo Industrial Complex", "city": "Mission Viejo", "state": "California", "type": "Manufacturing Hub"}, "geometry": {"type": "Point", "coordinates": [-117.6045, 33.5943]}}, {"type": "Feature", "properties": {"name": "Portsmouth Industrial Park", "city": "Portsmouth", "state": "Virginia", "type": "Manufacturing Hub"}, "geometry": {"type": "Point", "coordinates": [-76.3054, 36.7817]}}, {"type": "Feature", "properties": {"name": "Portsmouth Industrial Complex", "city": "Portsmouth", "state": "Virginia", "type": "Manufacturing Hub"}, "geometry": {"type": "Point", "coordinates": [-76.2614, 36.7957]}}, {"type": "Feature", "properties": {"name": "Tuscaloosa Packaging District", "city": "Tuscaloosa", "state": "Alabama", "type": "Manufacturing Hub"}, "geometry": {"type": "Point", "coordinates": [-87.637, 33.2199]}}, {"type": "Feature", "properties": {"name": "Tuscaloosa Industrial Park", "city": "Tuscaloosa", "state": "Alabama", "type": "Manufacturing Hub"}, "geometry": {"type": "Point", "coordinates": [-87.573, 33.2514]}}, {"type": "Feature", "properties": {"name": "Tuscaloosa Manufacturing District", "city": "Tuscaloosa", "state": "Alabama", "type": "Manufacturing Hub"}, "geometry": {"type": "Point", "coordinates": [-87.4747, 33.2361]}}, {"type": "Feature", "properties": {"name": "Tuscaloosa Distribution Center", "city": "Tuscaloosa", "state": "Alabama", "type": "Manufacturing Hub"}, "geometry": {"type": "Point", "coordinates": [-87.5119, 33.2463]}}, {"type": "Feature", "properties": {"name": "New Bedford Industrial Complex", "city": "New Bedford", "state": "Massachusetts", "type": "Manufacturing Hub"}, "geometry": {"type": "Point", "coordinates": [-70.8368, 41.5805]}}, {"type": "Feature", "properties": {"name": "New Bedford Production Hub", "city": "New Bedford", "state": "Massachusetts", "type": "Manufacturing Hub"}, "geometry": {"type": "Point", "coordinates": [-70.909, 41.5786]}}, {"type": "Feature", "properties": {"name": "Vacaville Manufacturing District", "city": "Vacaville", "state": "California", "type": "Manufacturing Hub"}, "geometry": {"type": "Point", "coordinates": [-121.9326, 38.3336]}}, {"type": "Feature", "properties": {"name": "Brockton Manufacturing District", "city": "Brockton", "state": "Massachusetts", "type": "Manufacturing Hub"}, "geometry": {"type": "Point", "coordinates": [-70.9838, 42.1006]}}, {"type": "Feature", "properties": {"name": "Roswell Industrial Park", "city": "Roswell", "state": "Georgia", "type": "Manufacturing Hub"}, "geometry": {"type": "Point", "coordinates": [-84.3707, 34.077]}}, {"type": "Feature", "properties": {"name": "Roswell Warehouse District", "city": "Roswell", "state": "Georgia", "type": "Manufacturing Hub"}, "geometry": {"type": "Point", "coordinates": [-84.2851, 34.0673]}}, {"type": "Feature", "properties": {"name": "Beaverton Aerospace Corridor", "city": "Beaverton", "state": "Oregon", "type": "Manufacturing Hub"}, "geometry": {"type": "Point", "coordinates": [-122.7421, 45.4331]}}, {"type": "Feature", "properties": {"name": "Quincy Assembly Plant District", "city": "Quincy", "state": "Massachusetts", "type": "Manufacturing Hub"}, "geometry": {"type": "Point", "coordinates": [-70.9345, 42.2921]}}, {"type": "Feature", "properties": {"name": "Quincy Auto Manufacturing Hub", "city": "Quincy", "state": "Massachusetts", "type": "Manufacturing Hub"}, "geometry": {"type": "Point", "coordinates": [-71.0967, 42.2414]}}, {"type": "Feature", "properties": {"name": "Sparks Logistics Park", "city": "Sparks", "state": "Nevada", "type": "Manufacturing Hub"}, "geometry": {"type": "Point", "coordinates": [-119.7635, 39.4894]}}, {"type": "Feature", "properties": {"name": "Sparks Distribution Center", "city": "Sparks", "state": "Nevada", "type": "Manufacturing Hub"}, "geometry": {"type": "Point", "coordinates": [-119.8037, 39.5524]}}, {"type": "Feature", "properties": {"name": "Federal Way Auto Manufacturing Hub", "city": "Federal Way", "state": "Washington", "type": "Manufacturing Hub"}, "geometry": {"type": "Point", "coordinates": [-122.2764, 47.2667]}}, {"type": "Feature", "properties": {"name": "Carson Logistics Park", "city": "Carson", "state": "California", "type": "Manufacturing Hub"}, "geometry": {"type": "Point", "coordinates": [-118.2549, 33.8068]}}, {"type": "Feature", "properties": {"name": "Hesperia Industrial Complex", "city": "Hesperia", "state": "California", "type": "Manufacturing Hub"}, "geometry": {"type": "Point", "coordinates": [-117.3136, 34.44]}}, {"type": "Feature", "properties": {"name": "Allen Packaging District", "city": "Allen", "state": "Texas", "type": "Manufacturing Hub"}, "geometry": {"type": "Point", "coordinates": [-96.669, 33.0693]}}, {"type": "Feature", "properties": {"name": "Allen Steel District", "city": "Allen", "state": "Texas", "type": "Manufacturing Hub"}, "geometry": {"type": "Point", "coordinates": [-96.6454, 33.1591]}}, {"type": "Feature", "properties": {"name": "Allen Manufacturing District", "city": "Allen", "state": "Texas", "type": "Manufacturing Hub"}, "geometry": {"type": "Point", "coordinates": [-96.7443, 33.1567]}}, {"type": "Feature", "properties": {"name": "Allen Auto Manufacturing Hub", "city": "Allen", "state": "Texas", "type": "Manufacturing Hub"}, "geometry": {"type": "Point", "coordinates": [-96.745, 33.0593]}}, {"type": "Feature", "properties": {"name": "Yuma Distribution Center", "city": "Yuma", "state": "Arizona", "type": "Manufacturing Hub"}, "geometry": {"type": "Point", "coordinates": [-114.6587, 32.6406]}}, {"type": "Feature", "properties": {"name": "Yuma Industrial Zone", "city": "Yuma", "state": "Arizona", "type": "Manufacturing Hub"}, "geometry": {"type": "Point", "coordinates": [-114.571, 32.724]}}, {"type": "Feature", "properties": {"name": "Orem Industrial Zone", "city": "Orem", "state": "Utah", "type": "Manufacturing Hub"}, "geometry": {"type": "Point", "coordinates": [-111.6979, 40.2364]}}, {"type": "Feature", "properties": {"name": "Lynn Steel District", "city": "Lynn", "state": "Massachusetts", "type": "Manufacturing Hub"}, "geometry": {"type": "Point", "coordinates": [-70.9631, 42.4487]}}, {"type": "Feature", "properties": {"name": "Spokane Valley Industrial Zone", "city": "Spokane Valley", "state": "Washington", "type": "Manufacturing Hub"}, "geometry": {"type": "Point", "coordinates": [-117.1692, 47.6571]}}, {"type": "Feature", "properties": {"name": "Spokane Valley Logistics Park", "city": "Spokane Valley", "state": "Washington", "type": "Manufacturing Hub"}, "geometry": {"type": "Point", "coordinates": [-117.2502, 47.7354]}}, {"type": "Feature", "properties": {"name": "Lawrence Manufacturing District", "city": "Lawrence", "state": "Kansas", "type": "Manufacturing Hub"}, "geometry": {"type": "Point", "coordinates": [-95.3098, 38.9805]}}, {"type": "Feature", "properties": {"name": "Plantation Logistics Park", "city": "Plantation", "state": "Florida", "type": "Manufacturing Hub"}, "geometry": {"type": "Point", "coordinates": [-80.2759, 26.0919]}}, {"type": "Feature", "properties": {"name": "Sandy Warehouse District", "city": "Sandy", "state": "Utah", "type": "Manufacturing Hub"}, "geometry": {"type": "Point", "coordinates": [-111.8065, 40.6144]}}, {"type": "Feature", "properties": {"name": "Sunrise Auto Manufacturing Hub", "city": "Sunrise", "state": "Florida", "type": "Manufacturing Hub"}, "geometry": {"type": "Point", "coordinates": [-80.302, 26.1485]}}, {"type": "Feature", "properties": {"name": "Sunrise Assembly Plant District", "city": "Sunrise", "state": "Florida", "type": "Manufacturing Hub"}, "geometry": {"type": "Point", "coordinates": [-80.1811, 26.1244]}}, {"type": "Feature", "properties": {"name": "Boca Raton Steel District", "city": "Boca Raton", "state": "Florida", "type": "Manufacturing Hub"}, "geometry": {"type": "Point", "coordinates": [-80.0738, 26.3219]}}, {"type": "Feature", "properties": {"name": "San Marcos Steel District", "city": "San Marcos", "state": "California", "type": "Manufacturing Hub"}, "geometry": {"type": "Point", "coordinates": [-117.178, 33.1219]}}, {"type": "Feature", "properties": {"name": "Greenville Assembly Plant District", "city": "Greenville", "state": "North Carolina", "type": "Manufacturing Hub"}, "geometry": {"type": "Point", "coordinates": [-77.3313, 35.6028]}}, {"type": "Feature", "properties": {"name": "Greenville Chemical Plant Zone", "city": "Greenville", "state": "North Carolina", "type": "Manufacturing Hub"}, "geometry": {"type": "Point", "coordinates": [-77.3299, 35.5593]}}, {"type": "Feature", "properties": {"name": "Waukegan Assembly Plant District", "city": "Waukegan", "state": "Illinois", "type": "Manufacturing Hub"}, "geometry": {"type": "Point", "coordinates": [-87.9067, 42.3524]}}, {"type": "Feature", "properties": {"name": "Waukegan Auto Manufacturing Hub", "city": "Waukegan", "state": "Illinois", "type": "Manufacturing Hub"}, "geometry": {"type": "Point", "coordinates": [-87.8759, 42.3052]}}, {"type": "Feature", "properties": {"name": "Fall River Industrial Complex", "city": "Fall River", "state": "Massachusetts", "type": "Manufacturing Hub"}, "geometry": {"type": "Point", "coordinates": [-71.2057, 41.7251]}}, {"type": "Feature", "properties": {"name": "Fall River Production Hub", "city": "Fall River", "state": "Massachusetts", "type": "Manufacturing Hub"}, "geometry": {"type": "Point", "coordinates": [-71.2123, 41.6964]}}, {"type": "Feature", "properties": {"name": "Chico Chemical Plant Zone", "city": "Chico", "state": "California", "type": "Manufacturing Hub"}, "geometry": {"type": "Point", "coordinates": [-121.8324, 39.7182]}}, {"type": "Feature", "properties": {"name": "Chico Food Processing Hub", "city": "Chico", "state": "California", "type": "Manufacturing Hub"}, "geometry": {"type": "Point", "coordinates": [-121.768, 39.7157]}}, {"type": "Feature", "properties": {"name": "Newton Textile District", "city": "Newton", "state": "Massachusetts", "type": "Manufacturing Hub"}, "geometry": {"type": "Point", "coordinates": [-71.1757, 42.3708]}}, {"type": "Feature", "properties": {"name": "San Leandro Industrial Zone", "city": "San Leandro", "state": "California", "type": "Manufacturing Hub"}, "geometry": {"type": "Point", "coordinates": [-122.0584, 37.6687]}}, {"type": "Feature", "properties": {"name": "San Leandro Food Processing Hub", "city": "San Leandro", "state": "California", "type": "Manufacturing Hub"}, "geometry": {"type": "Point", "coordinates": [-122.1997, 37.7174]}}, {"type": "Feature", "properties": {"name": "Reading Packaging District", "city": "Reading", "state": "Pennsylvania", "type": "Manufacturing Hub"}, "geometry": {"type": "Point", "coordinates": [-75.8428, 40.4039]}}, {"type": "Feature", "properties": {"name": "Norwalk Industrial Zone", "city": "Norwalk", "state": "Connecticut", "type": "Manufacturing Hub"}, "geometry": {"type": "Point", "coordinates": [-73.4031, 41.1281]}}, {"type": "Feature", "properties": {"name": "Norwalk Manufacturing District", "city": "Norwalk", "state": "Connecticut", "type": "Manufacturing Hub"}, "geometry": {"type": "Point", "coordinates": [-73.3624, 41.1447]}}, {"type": "Feature", "properties": {"name": "Fort Smith Warehouse District", "city": "Fort Smith", "state": "Arkansas", "type": "Manufacturing Hub"}, "geometry": {"type": "Point", "coordinates": [-94.457, 35.3383]}}, {"type": "Feature", "properties": {"name": "Fort Smith Industrial Zone", "city": "Fort Smith", "state": "Arkansas", "type": "Manufacturing Hub"}, "geometry": {"type": "Point", "coordinates": [-94.326, 35.3781]}}, {"type": "Feature", "properties": {"name": "Newport Beach Industrial Zone", "city": "Newport Beach", "state": "California", "type": "Manufacturing Hub"}, "geometry": {"type": "Point", "coordinates": [-117.867, 33.6706]}}, {"type": "Feature", "properties": {"name": "Newport Beach Industrial Zone", "city": "Newport Beach", "state": "California", "type": "Manufacturing Hub"}, "geometry": {"type": "Point", "coordinates": [-117.9704, 33.6429]}}, {"type": "Feature", "properties": {"name": "Newport Beach Auto Manufacturing Hub", "city": "Newport Beach", "state": "California", "type": "Manufacturing Hub"}, "geometry": {"type": "Point", "coordinates": [-118.0253, 33.6284]}}, {"type": "Feature", "properties": {"name": "Asheville Auto Manufacturing Hub", "city": "Asheville", "state": "North Carolina", "type": "Manufacturing Hub"}, "geometry": {"type": "Point", "coordinates": [-82.4723, 35.6267]}}, {"type": "Feature", "properties": {"name": "Asheville Production Hub", "city": "Asheville", "state": "North Carolina", "type": "Manufacturing Hub"}, "geometry": {"type": "Point", "coordinates": [-82.473, 35.5391]}}, {"type": "Feature", "properties": {"name": "Nashua Aerospace Corridor", "city": "Nashua", "state": "New Hampshire", "type": "Manufacturing Hub"}, "geometry": {"type": "Point", "coordinates": [-71.4967, 42.738]}}, {"type": "Feature", "properties": {"name": "Nampa Auto Manufacturing Hub", "city": "Nampa", "state": "Idaho", "type": "Manufacturing Hub"}, "geometry": {"type": "Point", "coordinates": [-116.5301, 43.4769]}}, {"type": "Feature", "properties": {"name": "Bloomington Warehouse District", "city": "Bloomington", "state": "Minnesota", "type": "Manufacturing Hub"}, "geometry": {"type": "Point", "coordinates": [-93.2451, 44.8521]}}, {"type": "Feature", "properties": {"name": "Deltona Assembly Plant District", "city": "Deltona", "state": "Florida", "type": "Manufacturing Hub"}, "geometry": {"type": "Point", "coordinates": [-81.3512, 28.8824]}}, {"type": "Feature", "properties": {"name": "Deltona Industrial Complex", "city": "Deltona", "state": "Florida", "type": "Manufacturing Hub"}, "geometry": {"type": "Point", "coordinates": [-81.2798, 28.9032]}}, {"type": "Feature", "properties": {"name": "Hawthorne Industrial Complex", "city": "Hawthorne", "state": "California", "type": "Manufacturing Hub"}, "geometry": {"type": "Point", "coordinates": [-118.3146, 33.8845]}}, {"type": "Feature", "properties": {"name": "Hawthorne Steel District", "city": "Hawthorne", "state": "California", "type": "Manufacturing Hub"}, "geometry": {"type": "Point", "coordinates": [-118.3938, 33.8914]}}, {"type": "Feature", "properties": {"name": "Hawthorne Production Hub", "city": "Hawthorne", "state": "California", "type": "Manufacturing Hub"}, "geometry": {"type": "Point", "coordinates": [-118.2743, 33.9412]}}, {"type": "Feature", "properties": {"name": "Carmel Distribution Center", "city": "Carmel", "state": "Indiana", "type": "Manufacturing Hub"}, "geometry": {"type": "Point", "coordinates": [-86.0614, 40.0151]}}, {"type": "Feature", "properties": {"name": "Suffolk Production Hub", "city": "Suffolk", "state": "Virginia", "type": "Manufacturing Hub"}, "geometry": {"type": "Point", "coordinates": [-76.6396, 36.6888]}}, {"type": "Feature", "properties": {"name": "Clifton Production Hub", "city": "Clifton", "state": "New Jersey", "type": "Manufacturing Hub"}, "geometry": {"type": "Point", "coordinates": [-74.0668, 40.8753]}}, {"type": "Feature", "properties": {"name": "Citrus Heights Industrial Zone", "city": "Citrus Heights", "state": "California", "type": "Manufacturing Hub"}, "geometry": {"type": "Point", "coordinates": [-121.185, 38.6859]}}, {"type": "Feature", "properties": {"name": "Tracy Manufacturing District", "city": "Tracy", "state": "California", "type": "Manufacturing Hub"}, "geometry": {"type": "Point", "coordinates": [-121.4292, 37.7651]}}, {"type": "Feature", "properties": {"name": "Tracy Industrial Complex", "city": "Tracy", "state": "California", "type": "Manufacturing Hub"}, "geometry": {"type": "Point", "coordinates": [-121.4702, 37.7513]}}, {"type": "Feature", "properties": {"name": "Tracy Textile District", "city": "Tracy", "state": "California", "type": "Manufacturing Hub"}, "geometry": {"type": "Point", "coordinates": [-121.4156, 37.726]}}, {"type": "Feature", "properties": {"name": "Tracy Assembly Plant District", "city": "Tracy", "state": "California", "type": "Manufacturing Hub"}, "geometry": {"type": "Point", "coordinates": [-121.3674, 37.7979]}}, {"type": "Feature", "properties": {"name": "Alhambra Warehouse District", "city": "Alhambra", "state": "California", "type": "Manufacturing Hub"}, "geometry": {"type": "Point", "coordinates": [-118.0713, 34.0869]}}, {"type": "Feature", "properties": {"name": "Alhambra Aerospace Corridor", "city": "Alhambra", "state": "California", "type": "Manufacturing Hub"}, "geometry": {"type": "Point", "coordinates": [-118.0436, 34.1535]}}, {"type": "Feature", "properties": {"name": "Alhambra Packaging District", "city": "Alhambra", "state": "California", "type": "Manufacturing Hub"}, "geometry": {"type": "Point", "coordinates": [-118.1544, 34.0672]}}, {"type": "Feature", "properties": {"name": "Trenton Logistics Park", "city": "Trenton", "state": "New Jersey", "type": "Manufacturing Hub"}, "geometry": {"type": "Point", "coordinates": [-74.8139, 40.1871]}}, {"type": "Feature", "properties": {"name": "Ogden Chemical Plant Zone", "city": "Ogden", "state": "Utah", "type": "Manufacturing Hub"}, "geometry": {"type": "Point", "coordinates": [-112.0696, 41.1612]}}, {"type": "Feature", "properties": {"name": "Hoover Manufacturing District", "city": "Hoover", "state": "Alabama", "type": "Manufacturing Hub"}, "geometry": {"type": "Point", "coordinates": [-86.7291, 33.3965]}}, {"type": "Feature", "properties": {"name": "Hoover Distribution Center", "city": "Hoover", "state": "Alabama", "type": "Manufacturing Hub"}, "geometry": {"type": "Point", "coordinates": [-86.8676, 33.4063]}}, {"type": "Feature", "properties": {"name": "Cicero Industrial Zone", "city": "Cicero", "state": "Illinois", "type": "Manufacturing Hub"}, "geometry": {"type": "Point", "coordinates": [-87.7632, 41.7845]}}, {"type": "Feature", "properties": {"name": "Cicero Chemical Plant Zone", "city": "Cicero", "state": "Illinois", "type": "Manufacturing Hub"}, "geometry": {"type": "Point", "coordinates": [-87.84, 41.7897]}}, {"type": "Feature", "properties": {"name": "Cicero Industrial Complex", "city": "Cicero", "state": "Illinois", "type": "Manufacturing Hub"}, "geometry": {"type": "Point", "coordinates": [-87.8444, 41.8024]}}, {"type": "Feature", "properties": {"name": "Fishers Assembly Plant District", "city": "Fishers", "state": "Indiana", "type": "Manufacturing Hub"}, "geometry": {"type": "Point", "coordinates": [-86.1039, 39.9427]}}, {"type": "Feature", "properties": {"name": "Sugar Land Chemical Plant Zone", "city": "Sugar Land", "state": "Texas", "type": "Manufacturing Hub"}, "geometry": {"type": "Point", "coordinates": [-95.5626, 29.6866]}}, {"type": "Feature", "properties": {"name": "Sugar Land Production Hub", "city": "Sugar Land", "state": "Texas", "type": "Manufacturing Hub"}, "geometry": {"type": "Point", "coordinates": [-95.7083, 29.6402]}}, {"type": "Feature", "properties": {"name": "Sugar Land Logistics Park", "city": "Sugar Land", "state": "Texas", "type": "Manufacturing Hub"}, "geometry": {"type": "Point", "coordinates": [-95.5704, 29.5666]}}, {"type": "Feature", "properties": {"name": "Sugar Land Auto Manufacturing Hub", "city": "Sugar Land", "state": "Texas", "type": "Manufacturing Hub"}, "geometry": {"type": "Point", "coordinates": [-95.5428, 29.6568]}}, {"type": "Feature", "properties": {"name": "Meridian Assembly Plant District", "city": "Meridian", "state": "Idaho", "type": "Manufacturing Hub"}, "geometry": {"type": "Point", "coordinates": [-116.453, 43.6115]}}, {"type": "Feature", "properties": {"name": "Concord Chemical Plant Zone", "city": "Concord", "state": "North Carolina", "type": "Manufacturing Hub"}, "geometry": {"type": "Point", "coordinates": [-80.61, 35.3524]}}, {"type": "Feature", "properties": {"name": "Concord Chemical Plant Zone", "city": "Concord", "state": "North Carolina", "type": "Manufacturing Hub"}, "geometry": {"type": "Point", "coordinates": [-80.5709, 35.4488]}}, {"type": "Feature", "properties": {"name": "Menifee Industrial Complex", "city": "Menifee", "state": "California", "type": "Manufacturing Hub"}, "geometry": {"type": "Point", "coordinates": [-117.1677, 33.6274]}}, {"type": "Feature", "properties": {"name": "Menifee Packaging District", "city": "Menifee", "state": "California", "type": "Manufacturing Hub"}, "geometry": {"type": "Point", "coordinates": [-117.213, 33.7625]}}, {"type": "Feature", "properties": {"name": "Champaign Production Hub", "city": "Champaign", "state": "Illinois", "type": "Manufacturing Hub"}, "geometry": {"type": "Point", "coordinates": [-88.1967, 40.1767]}}, {"type": "Feature", "properties": {"name": "Champaign Logistics Park", "city": "Champaign", "state": "Illinois", "type": "Manufacturing Hub"}, "geometry": {"type": "Point", "coordinates": [-88.1981, 40.1561]}}, {"type": "Feature", "properties": {"name": "Buena Park Chemical Plant Zone", "city": "Buena Park", "state": "California", "type": "Manufacturing Hub"}, "geometry": {"type": "Point", "coordinates": [-117.9592, 33.9052]}}, {"type": "Feature", "properties": {"name": "Troy Assembly Plant District", "city": "Troy", "state": "Michigan", "type": "Manufacturing Hub"}, "geometry": {"type": "Point", "coordinates": [-83.1103, 42.6155]}}, {"type": "Feature", "properties": {"name": "Troy Manufacturing District", "city": "Troy", "state": "Michigan", "type": "Manufacturing Hub"}, "geometry": {"type": "Point", "coordinates": [-83.1369, 42.5909]}}, {"type": "Feature", "properties": {"name": "O'Fallon Chemical Plant Zone", "city": "O'Fallon", "state": "Missouri", "type": "Manufacturing Hub"}, "geometry": {"type": "Point", "coordinates": [-90.6583, 38.741]}}, {"type": "Feature", "properties": {"name": "O'Fallon Warehouse District", "city": "O'Fallon", "state": "Missouri", "type": "Manufacturing Hub"}, "geometry": {"type": "Point", "coordinates": [-90.789, 38.8652]}}, {"type": "Feature", "properties": {"name": "Westland Distribution Center", "city": "Westland", "state": "Michigan", "type": "Manufacturing Hub"}, "geometry": {"type": "Point", "coordinates": [-83.389, 42.2643]}}, {"type": "Feature", "properties": {"name": "Westland Manufacturing District", "city": "Westland", "state": "Michigan", "type": "Manufacturing Hub"}, "geometry": {"type": "Point", "coordinates": [-83.4607, 42.2775]}}, {"type": "Feature", "properties": {"name": "Sioux City Food Processing Hub", "city": "Sioux City", "state": "Iowa", "type": "Manufacturing Hub"}, "geometry": {"type": "Point", "coordinates": [-96.3222, 42.5323]}}, {"type": "Feature", "properties": {"name": "Warwick Chemical Plant Zone", "city": "Warwick", "state": "Rhode Island", "type": "Manufacturing Hub"}, "geometry": {"type": "Point", "coordinates": [-71.4233, 41.7382]}}, {"type": "Feature", "properties": {"name": "Hemet Distribution Center", "city": "Hemet", "state": "California", "type": "Manufacturing Hub"}, "geometry": {"type": "Point", "coordinates": [-117.0497, 33.7484]}}, {"type": "Feature", "properties": {"name": "Hemet Logistics Park", "city": "Hemet", "state": "California", "type": "Manufacturing Hub"}, "geometry": {"type": "Point", "coordinates": [-116.9505, 33.6829]}}, {"type": "Feature", "properties": {"name": "Hemet Industrial Park", "city": "Hemet", "state": "California", "type": "Manufacturing Hub"}, "geometry": {"type": "Point", "coordinates": [-116.9843, 33.7209]}}, {"type": "Feature", "properties": {"name": "Hemet Aerospace Corridor", "city": "Hemet", "state": "California", "type": "Manufacturing Hub"}, "geometry": {"type": "Point", "coordinates": [-116.979, 33.7156]}}, {"type": "Feature", "properties": {"name": "Longview Production Hub", "city": "Longview", "state": "Texas", "type": "Manufacturing Hub"}, "geometry": {"type": "Point", "coordinates": [-94.7791, 32.4961]}}, {"type": "Feature", "properties": {"name": "Longview Logistics Park", "city": "Longview", "state": "Texas", "type": "Manufacturing Hub"}, "geometry": {"type": "Point", "coordinates": [-94.6648, 32.4361]}}, {"type": "Feature", "properties": {"name": "Longview Warehouse District", "city": "Longview", "state": "Texas", "type": "Manufacturing Hub"}, "geometry": {"type": "Point", "coordinates": [-94.7803, 32.5357]}}, {"type": "Feature", "properties": {"name": "Longview Chemical Plant Zone", "city": "Longview", "state": "Texas", "type": "Manufacturing Hub"}, "geometry": {"type": "Point", "coordinates": [-94.6739, 32.5461]}}, {"type": "Feature", "properties": {"name": "Bend Distribution Center", "city": "Bend", "state": "Oregon", "type": "Manufacturing Hub"}, "geometry": {"type": "Point", "coordinates": [-121.2928, 44.0258]}}, {"type": "Feature", "properties": {"name": "Lakewood Manufacturing District", "city": "Lakewood", "state": "California", "type": "Manufacturing Hub"}, "geometry": {"type": "Point", "coordinates": [-118.0926, 33.7859]}}, {"type": "Feature", "properties": {"name": "Mission Warehouse District", "city": "Mission", "state": "Texas", "type": "Manufacturing Hub"}, "geometry": {"type": "Point", "coordinates": [-98.335, 26.2738]}}, {"type": "Feature", "properties": {"name": "Mission Packaging District", "city": "Mission", "state": "Texas", "type": "Manufacturing Hub"}, "geometry": {"type": "Point", "coordinates": [-98.323, 26.2653]}}, {"type": "Feature", "properties": {"name": "Redwood City Industrial Zone", "city": "Redwood City", "state": "California", "type": "Manufacturing Hub"}, "geometry": {"type": "Point", "coordinates": [-122.2328, 37.4305]}}, {"type": "Feature", "properties": {"name": "Redwood City Industrial Complex", "city": "Redwood City", "state": "California", "type": "Manufacturing Hub"}, "geometry": {"type": "Point", "coordinates": [-122.3113, 37.5037]}}, {"type": "Feature", "properties": {"name": "Redwood City Industrial Complex", "city": "Redwood City", "state": "California", "type": "Manufacturing Hub"}, "geometry": {"type": "Point", "coordinates": [-122.1926, 37.4204]}}, {"type": "Feature", "properties": {"name": "Cranston Logistics Park", "city": "Cranston", "state": "Rhode Island", "type": "Manufacturing Hub"}, "geometry": {"type": "Point", "coordinates": [-71.4678, 41.7513]}}, {"type": "Feature", "properties": {"name": "Parma Warehouse District", "city": "Parma", "state": "Ohio", "type": "Manufacturing Hub"}, "geometry": {"type": "Point", "coordinates": [-81.699, 41.3394]}}, {"type": "Feature", "properties": {"name": "Parma Steel District", "city": "Parma", "state": "Ohio", "type": "Manufacturing Hub"}, "geometry": {"type": "Point", "coordinates": [-81.8006, 41.4588]}}, {"type": "Feature", "properties": {"name": "Parma Industrial Park", "city": "Parma", "state": "Ohio", "type": "Manufacturing Hub"}, "geometry": {"type": "Point", "coordinates": [-81.7218, 41.3954]}}, {"type": "Feature", "properties": {"name": "New Rochelle Chemical Plant Zone", "city": "New Rochelle", "state": "New York", "type": "Manufacturing Hub"}, "geometry": {"type": "Point", "coordinates": [-73.8712, 40.9454]}}, {"type": "Feature", "properties": {"name": "New Rochelle Industrial Zone", "city": "New Rochelle", "state": "New York", "type": "Manufacturing Hub"}, "geometry": {"type": "Point", "coordinates": [-73.6938, 40.9789]}}, {"type": "Feature", "properties": {"name": "Lake Forest Logistics Park", "city": "Lake Forest", "state": "California", "type": "Manufacturing Hub"}, "geometry": {"type": "Point", "coordinates": [-117.7059, 33.5889]}}, {"type": "Feature", "properties": {"name": "Lake Forest Packaging District", "city": "Lake Forest", "state": "California", "type": "Manufacturing Hub"}, "geometry": {"type": "Point", "coordinates": [-117.7653, 33.6961]}}, {"type": "Feature", "properties": {"name": "Napa Distribution Center", "city": "Napa", "state": "California", "type": "Manufacturing Hub"}, "geometry": {"type": "Point", "coordinates": [-122.2692, 38.291]}}, {"type": "Feature", "properties": {"name": "Napa Chemical Plant Zone", "city": "Napa", "state": "California", "type": "Manufacturing Hub"}, "geometry": {"type": "Point", "coordinates": [-122.2673, 38.2754]}}, {"type": "Feature", "properties": {"name": "Hammond Chemical Plant Zone", "city": "Hammond", "state": "Indiana", "type": "Manufacturing Hub"}, "geometry": {"type": "Point", "coordinates": [-87.4508, 41.532]}}, {"type": "Feature", "properties": {"name": "Hammond Production Hub", "city": "Hammond", "state": "Indiana", "type": "Manufacturing Hub"}, "geometry": {"type": "Point", "coordinates": [-87.4274, 41.528]}}, {"type": "Feature", "properties": {"name": "Hammond Warehouse District", "city": "Hammond", "state": "Indiana", "type": "Manufacturing Hub"}, "geometry": {"type": "Point", "coordinates": [-87.5864, 41.6432]}}, {"type": "Feature", "properties": {"name": "Hammond Warehouse District", "city": "Hammond", "state": "Indiana", "type": "Manufacturing Hub"}, "geometry": {"type": "Point", "coordinates": [-87.5591, 41.6331]}}, {"type": "Feature", "properties": {"name": "Bloomington Industrial Zone", "city": "Bloomington", "state": "Illinois", "type": "Manufacturing Hub"}, "geometry": {"type": "Point", "coordinates": [-88.9032, 40.4708]}}, {"type": "Feature", "properties": {"name": "Bloomington Chemical Plant Zone", "city": "Bloomington", "state": "Illinois", "type": "Manufacturing Hub"}, "geometry": {"type": "Point", "coordinates": [-88.9209, 40.5068]}}, {"type": "Feature", "properties": {"name": "Bloomington Distribution Center", "city": "Bloomington", "state": "Illinois", "type": "Manufacturing Hub"}, "geometry": {"type": "Point", "coordinates": [-89.0437, 40.4547]}}, {"type": "Feature", "properties": {"name": "Avondale Production Hub", "city": "Avondale", "state": "Arizona", "type": "Manufacturing Hub"}, "geometry": {"type": "Point", "coordinates": [-112.3503, 33.4633]}}, {"type": "Feature", "properties": {"name": "Avondale Food Processing Hub", "city": "Avondale", "state": "Arizona", "type": "Manufacturing Hub"}, "geometry": {"type": "Point", "coordinates": [-112.4344, 33.4142]}}, {"type": "Feature", "properties": {"name": "Palm Coast Textile District", "city": "Palm Coast", "state": "Florida", "type": "Manufacturing Hub"}, "geometry": {"type": "Point", "coordinates": [-81.1452, 29.6104]}}, {"type": "Feature", "properties": {"name": "Gary Assembly Plant District", "city": "Gary", "state": "Indiana", "type": "Manufacturing Hub"}, "geometry": {"type": "Point", "coordinates": [-87.3862, 41.5732]}}, {"type": "Feature", "properties": {"name": "Gary Packaging District", "city": "Gary", "state": "Indiana", "type": "Manufacturing Hub"}, "geometry": {"type": "Point", "coordinates": [-87.3897, 41.5339]}}, {"type": "Feature", "properties": {"name": "Gary Manufacturing District", "city": "Gary", "state": "Indiana", "type": "Manufacturing Hub"}, "geometry": {"type": "Point", "coordinates": [-87.4428, 41.5349]}}, {"type": "Feature", "properties": {"name": "Largo Industrial Zone", "city": "Largo", "state": "Florida", "type": "Manufacturing Hub"}, "geometry": {"type": "Point", "coordinates": [-82.851, 27.9729]}}, {"type": "Feature", "properties": {"name": "Brooklyn Park Auto Manufacturing Hub", "city": "Brooklyn Park", "state": "Minnesota", "type": "Manufacturing Hub"}, "geometry": {"type": "Point", "coordinates": [-93.4426, 45.042]}}, {"type": "Feature", "properties": {"name": "Tustin Assembly Plant District", "city": "Tustin", "state": "California", "type": "Manufacturing Hub"}, "geometry": {"type": "Point", "coordinates": [-117.844, 33.7259]}}, {"type": "Feature", "properties": {"name": "Tustin Chemical Plant Zone", "city": "Tustin", "state": "California", "type": "Manufacturing Hub"}, "geometry": {"type": "Point", "coordinates": [-117.8127, 33.8059]}}, {"type": "Feature", "properties": {"name": "Tustin Logistics Park", "city": "Tustin", "state": "California", "type": "Manufacturing Hub"}, "geometry": {"type": "Point", "coordinates": [-117.7403, 33.6816]}}, {"type": "Feature", "properties": {"name": "Racine Warehouse District", "city": "Racine", "state": "Wisconsin", "type": "Manufacturing Hub"}, "geometry": {"type": "Point", "coordinates": [-87.8015, 42.6662]}}, {"type": "Feature", "properties": {"name": "Racine Steel District", "city": "Racine", "state": "Wisconsin", "type": "Manufacturing Hub"}, "geometry": {"type": "Point", "coordinates": [-87.6868, 42.7891]}}, {"type": "Feature", "properties": {"name": "Racine Textile District", "city": "Racine", "state": "Wisconsin", "type": "Manufacturing Hub"}, "geometry": {"type": "Point", "coordinates": [-87.6881, 42.6827]}}, {"type": "Feature", "properties": {"name": "Deerfield Beach Warehouse District", "city": "Deerfield Beach", "state": "Florida", "type": "Manufacturing Hub"}, "geometry": {"type": "Point", "coordinates": [-80.006, 26.2927]}}, {"type": "Feature", "properties": {"name": "Deerfield Beach Auto Manufacturing Hub", "city": "Deerfield Beach", "state": "Florida", "type": "Manufacturing Hub"}, "geometry": {"type": "Point", "coordinates": [-80.1522, 26.3444]}}, {"type": "Feature", "properties": {"name": "Lynchburg Industrial Complex", "city": "Lynchburg", "state": "Virginia", "type": "Manufacturing Hub"}, "geometry": {"type": "Point", "coordinates": [-79.065, 37.4817]}}, {"type": "Feature", "properties": {"name": "Medford Industrial Zone", "city": "Medford", "state": "Oregon", "type": "Manufacturing Hub"}, "geometry": {"type": "Point", "coordinates": [-122.8901, 42.3746]}}, {"type": "Feature", "properties": {"name": "Bellflower Assembly Plant District", "city": "Bellflower", "state": "California", "type": "Manufacturing Hub"}, "geometry": {"type": "Point", "coordinates": [-118.1823, 33.8501]}}, {"type": "Feature", "properties": {"name": "Bellflower Industrial Zone", "city": "Bellflower", "state": "California", "type": "Manufacturing Hub"}, "geometry": {"type": "Point", "coordinates": [-118.0569, 33.8528]}}, {"type": "Feature", "properties": {"name": "Bellflower Industrial Zone", "city": "Bellflower", "state": "California", "type": "Manufacturing Hub"}, "geometry": {"type": "Point", "coordinates": [-118.1208, 33.9469]}}, {"type": "Feature", "properties": {"name": "Melbourne Warehouse District", "city": "Melbourne", "state": "Florida", "type": "Manufacturing Hub"}, "geometry": {"type": "Point", "coordinates": [-80.6147, 28.0732]}}, {"type": "Feature", "properties": {"name": "St. George Aerospace Corridor", "city": "St. George", "state": "Utah", "type": "Manufacturing Hub"}, "geometry": {"type": "Point", "coordinates": [-113.6191, 37.0661]}}, {"type": "Feature", "properties": {"name": "Chino Hills Distribution Center", "city": "Chino Hills", "state": "California", "type": "Manufacturing Hub"}, "geometry": {"type": "Point", "coordinates": [-117.723, 33.9447]}}, {"type": "Feature", "properties": {"name": "Chino Hills Packaging District", "city": "Chino Hills", "state": "California", "type": "Manufacturing Hub"}, "geometry": {"type": "Point", "coordinates": [-117.7716, 33.9561]}}, {"type": "Feature", "properties": {"name": "Chino Hills Warehouse District", "city": "Chino Hills", "state": "California", "type": "Manufacturing Hub"}, "geometry": {"type": "Point", "coordinates": [-117.7821, 33.9782]}}, {"type": "Feature", "properties": {"name": "Alameda Industrial Park", "city": "Alameda", "state": "California", "type": "Manufacturing Hub"}, "geometry": {"type": "Point", "coordinates": [-122.2458, 37.7238]}}, {"type": "Feature", "properties": {"name": "Alameda Distribution Center", "city": "Alameda", "state": "California", "type": "Manufacturing Hub"}, "geometry": {"type": "Point", "coordinates": [-122.2929, 37.7233]}}, {"type": "Feature", "properties": {"name": "Albany Manufacturing District", "city": "Albany", "state": "Georgia", "type": "Manufacturing Hub"}, "geometry": {"type": "Point", "coordinates": [-84.1904, 31.6363]}}, {"type": "Feature", "properties": {"name": "Scranton Manufacturing District", "city": "Scranton", "state": "Pennsylvania", "type": "Manufacturing Hub"}, "geometry": {"type": "Point", "coordinates": [-75.7517, 41.3548]}}, {"type": "Feature", "properties": {"name": "Scranton Industrial Complex", "city": "Scranton", "state": "Pennsylvania", "type": "Manufacturing Hub"}, "geometry": {"type": "Point", "coordinates": [-75.673, 41.4247]}}, {"type": "Feature", "properties": {"name": "Scranton Manufacturing District", "city": "Scranton", "state": "Pennsylvania", "type": "Manufacturing Hub"}, "geometry": {"type": "Point", "coordinates": [-75.6646, 41.3521]}}, {"type": "Feature", "properties": {"name": "Evanston Chemical Plant Zone", "city": "Evanston", "state": "Illinois", "type": "Manufacturing Hub"}, "geometry": {"type": "Point", "coordinates": [-87.7555, 42.1121]}}, {"type": "Feature", "properties": {"name": "Kalamazoo Auto Manufacturing Hub", "city": "Kalamazoo", "state": "Michigan", "type": "Manufacturing Hub"}, "geometry": {"type": "Point", "coordinates": [-85.5686, 42.3359]}}, {"type": "Feature", "properties": {"name": "Kalamazoo Production Hub", "city": "Kalamazoo", "state": "Michigan", "type": "Manufacturing Hub"}, "geometry": {"type": "Point", "coordinates": [-85.6305, 42.3074]}}, {"type": "Feature", "properties": {"name": "Baytown Aerospace Corridor", "city": "Baytown", "state": "Texas", "type": "Manufacturing Hub"}, "geometry": {"type": "Point", "coordinates": [-94.958, 29.724]}}, {"type": "Feature", "properties": {"name": "Baytown Packaging District", "city": "Baytown", "state": "Texas", "type": "Manufacturing Hub"}, "geometry": {"type": "Point", "coordinates": [-94.9919, 29.7532]}}, {"type": "Feature", "properties": {"name": "Bethlehem Packaging District", "city": "Bethlehem", "state": "Pennsylvania", "type": "Manufacturing Hub"}, "geometry": {"type": "Point", "coordinates": [-75.3226, 40.63]}}, {"type": "Feature", "properties": {"name": "Bethlehem Industrial Complex", "city": "Bethlehem", "state": "Pennsylvania", "type": "Manufacturing Hub"}, "geometry": {"type": "Point", "coordinates": [-75.4138, 40.5694]}}, {"type": "Feature", "properties": {"name": "Schaumburg Assembly Plant District", "city": "Schaumburg", "state": "Illinois", "type": "Manufacturing Hub"}, "geometry": {"type": "Point", "coordinates": [-88.138, 42.0747]}}, {"type": "Feature", "properties": {"name": "Schaumburg Production Hub", "city": "Schaumburg", "state": "Illinois", "type": "Manufacturing Hub"}, "geometry": {"type": "Point", "coordinates": [-88.0144, 42.0249]}}, {"type": "Feature", "properties": {"name": "Auburn Distribution Center", "city": "Auburn", "state": "Washington", "type": "Manufacturing Hub"}, "geometry": {"type": "Point", "coordinates": [-122.2749, 47.303]}}, {"type": "Feature", "properties": {"name": "San Ramon Industrial Park", "city": "San Ramon", "state": "California", "type": "Manufacturing Hub"}, "geometry": {"type": "Point", "coordinates": [-122.0181, 37.72]}}, {"type": "Feature", "properties": {"name": "San Ramon Industrial Park", "city": "San Ramon", "state": "California", "type": "Manufacturing Hub"}, "geometry": {"type": "Point", "coordinates": [-121.9496, 37.7485]}}, {"type": "Feature", "properties": {"name": "Wyoming Chemical Plant Zone", "city": "Wyoming", "state": "Michigan", "type": "Manufacturing Hub"}, "geometry": {"type": "Point", "coordinates": [-85.7308, 42.8711]}}, {"type": "Feature", "properties": {"name": "Wyoming Packaging District", "city": "Wyoming", "state": "Michigan", "type": "Manufacturing Hub"}, "geometry": {"type": "Point", "coordinates": [-85.7429, 42.88]}}, {"type": "Feature", "properties": {"name": "Wyoming Production Hub", "city": "Wyoming", "state": "Michigan", "type": "Manufacturing Hub"}, "geometry": {"type": "Point", "coordinates": [-85.6238, 42.898]}}, {"type": "Feature", "properties": {"name": "Lake Charles Textile District", "city": "Lake Charles", "state": "Louisiana", "type": "Manufacturing Hub"}, "geometry": {"type": "Point", "coordinates": [-93.15, 30.1575]}}, {"type": "Feature", "properties": {"name": "Plymouth Industrial Complex", "city": "Plymouth", "state": "Minnesota", "type": "Manufacturing Hub"}, "geometry": {"type": "Point", "coordinates": [-93.3817, 45.0033]}}, {"type": "Feature", "properties": {"name": "Bolingbrook Industrial Complex", "city": "Bolingbrook", "state": "Illinois", "type": "Manufacturing Hub"}, "geometry": {"type": "Point", "coordinates": [-88.0913, 41.7298]}}, {"type": "Feature", "properties": {"name": "Appleton Production Hub", "city": "Appleton", "state": "Wisconsin", "type": "Manufacturing Hub"}, "geometry": {"type": "Point", "coordinates": [-88.3443, 44.239]}}, {"type": "Feature", "properties": {"name": "Appleton Steel District", "city": "Appleton", "state": "Wisconsin", "type": "Manufacturing Hub"}, "geometry": {"type": "Point", "coordinates": [-88.3551, 44.2802]}}, {"type": "Feature", "properties": {"name": "Appleton Logistics Park", "city": "Appleton", "state": "Wisconsin", "type": "Manufacturing Hub"}, "geometry": {"type": "Point", "coordinates": [-88.3885, 44.1966]}}, {"type": "Feature", "properties": {"name": "Appleton Manufacturing District", "city": "Appleton", "state": "Wisconsin", "type": "Manufacturing Hub"}, "geometry": {"type": "Point", "coordinates": [-88.3602, 44.2312]}}, {"type": "Feature", "properties": {"name": "Gastonia Distribution Center", "city": "Gastonia", "state": "North Carolina", "type": "Manufacturing Hub"}, "geometry": {"type": "Point", "coordinates": [-81.2326, 35.3105]}}, {"type": "Feature", "properties": {"name": "Southfield Assembly Plant District", "city": "Southfield", "state": "Michigan", "type": "Manufacturing Hub"}, "geometry": {"type": "Point", "coordinates": [-83.2022, 42.4619]}}, {"type": "Feature", "properties": {"name": "Southfield Food Processing Hub", "city": "Southfield", "state": "Michigan", "type": "Manufacturing Hub"}, "geometry": {"type": "Point", "coordinates": [-83.1897, 42.4919]}}, {"type": "Feature", "properties": {"name": "Southfield Distribution Center", "city": "Southfield", "state": "Michigan", "type": "Manufacturing Hub"}, "geometry": {"type": "Point", "coordinates": [-83.2819, 42.4943]}}, {"type": "Feature", "properties": {"name": "Southfield Production Hub", "city": "Southfield", "state": "Michigan", "type": "Manufacturing Hub"}, "geometry": {"type": "Point", "coordinates": [-83.2538, 42.4842]}}, {"type": "Feature", "properties": {"name": "Rochester Hills Logistics Park", "city": "Rochester Hills", "state": "Michigan", "type": "Manufacturing Hub"}, "geometry": {"type": "Point", "coordinates": [-83.1412, 42.6879]}}, {"type": "Feature", "properties": {"name": "Goodyear Manufacturing District", "city": "Goodyear", "state": "Arizona", "type": "Manufacturing Hub"}, "geometry": {"type": "Point", "coordinates": [-112.2635, 33.376]}}, {"type": "Feature", "properties": {"name": "Canton Production Hub", "city": "Canton", "state": "Ohio", "type": "Manufacturing Hub"}, "geometry": {"type": "Point", "coordinates": [-81.3296, 40.8643]}}, {"type": "Feature", "properties": {"name": "Canton Textile District", "city": "Canton", "state": "Ohio", "type": "Manufacturing Hub"}, "geometry": {"type": "Point", "coordinates": [-81.3418, 40.76]}}, {"type": "Feature", "properties": {"name": "Warner Robins Logistics Park", "city": "Warner Robins", "state": "Georgia", "type": "Manufacturing Hub"}, "geometry": {"type": "Point", "coordinates": [-83.6047, 32.6121]}}, {"type": "Feature", "properties": {"name": "Union City Assembly Plant District", "city": "Union City", "state": "California", "type": "Manufacturing Hub"}, "geometry": {"type": "Point", "coordinates": [-122.0775, 37.5863]}}, {"type": "Feature", "properties": {"name": "Union City Aerospace Corridor", "city": "Union City", "state": "California", "type": "Manufacturing Hub"}, "geometry": {"type": "Point", "coordinates": [-122.1233, 37.5869]}}, {"type": "Feature", "properties": {"name": "Manteca Chemical Plant Zone", "city": "Manteca", "state": "California", "type": "Manufacturing Hub"}, "geometry": {"type": "Point", "coordinates": [-121.2681, 37.7471]}}, {"type": "Feature", "properties": {"name": "Manteca Auto Manufacturing Hub", "city": "Manteca", "state": "California", "type": "Manufacturing Hub"}, "geometry": {"type": "Point", "coordinates": [-121.2782, 37.8315]}}, {"type": "Feature", "properties": {"name": "Manteca Food Processing Hub", "city": "Manteca", "state": "California", "type": "Manufacturing Hub"}, "geometry": {"type": "Point", "coordinates": [-121.2236, 37.7475]}}, {"type": "Feature", "properties": {"name": "Jonesboro Assembly Plant District", "city": "Jonesboro", "state": "Arkansas", "type": "Manufacturing Hub"}, "geometry": {"type": "Point", "coordinates": [-90.7914, 35.8497]}}, {"type": "Feature", "properties": {"name": "Jonesboro Aerospace Corridor", "city": "Jonesboro", "state": "Arkansas", "type": "Manufacturing Hub"}, "geometry": {"type": "Point", "coordinates": [-90.7144, 35.8514]}}, {"type": "Feature", "properties": {"name": "Lynwood Chemical Plant Zone", "city": "Lynwood", "state": "California", "type": "Manufacturing Hub"}, "geometry": {"type": "Point", "coordinates": [-118.1431, 33.992]}}, {"type": "Feature", "properties": {"name": "Lynwood Industrial Zone", "city": "Lynwood", "state": "California", "type": "Manufacturing Hub"}, "geometry": {"type": "Point", "coordinates": [-118.292, 33.9322]}}, {"type": "Feature", "properties": {"name": "Loveland Auto Manufacturing Hub", "city": "Loveland", "state": "Colorado", "type": "Manufacturing Hub"}, "geometry": {"type": "Point", "coordinates": [-105.1708, 40.3819]}}, {"type": "Feature", "properties": {"name": "Boynton Beach Logistics Park", "city": "Boynton Beach", "state": "Florida", "type": "Manufacturing Hub"}, "geometry": {"type": "Point", "coordinates": [-80.0189, 26.5481]}}, {"type": "Feature", "properties": {"name": "Boynton Beach Distribution Center", "city": "Boynton Beach", "state": "Florida", "type": "Manufacturing Hub"}, "geometry": {"type": "Point", "coordinates": [-80.1751, 26.5935]}}, {"type": "Feature", "properties": {"name": "Waukesha Steel District", "city": "Waukesha", "state": "Wisconsin", "type": "Manufacturing Hub"}, "geometry": {"type": "Point", "coordinates": [-88.2112, 42.9831]}}, {"type": "Feature", "properties": {"name": "Waukesha Manufacturing District", "city": "Waukesha", "state": "Wisconsin", "type": "Manufacturing Hub"}, "geometry": {"type": "Point", "coordinates": [-88.1782, 42.9954]}}, {"type": "Feature", "properties": {"name": "Gulfport Textile District", "city": "Gulfport", "state": "Mississippi", "type": "Manufacturing Hub"}, "geometry": {"type": "Point", "coordinates": [-89.0862, 30.3866]}}, {"type": "Feature", "properties": {"name": "Apple Valley Steel District", "city": "Apple Valley", "state": "California", "type": "Manufacturing Hub"}, "geometry": {"type": "Point", "coordinates": [-117.2617, 34.5556]}}, {"type": "Feature", "properties": {"name": "Apple Valley Auto Manufacturing Hub", "city": "Apple Valley", "state": "California", "type": "Manufacturing Hub"}, "geometry": {"type": "Point", "coordinates": [-117.1311, 34.4742]}}, {"type": "Feature", "properties": {"name": "Passaic Warehouse District", "city": "Passaic", "state": "New Jersey", "type": "Manufacturing Hub"}, "geometry": {"type": "Point", "coordinates": [-74.0471, 40.8284]}}, {"type": "Feature", "properties": {"name": "Missouri City Packaging District", "city": "Missouri City", "state": "Texas", "type": "Manufacturing Hub"}, "geometry": {"type": "Point", "coordinates": [-95.5441, 29.5651]}}, {"type": "Feature", "properties": {"name": "Missouri City Distribution Center", "city": "Missouri City", "state": "Texas", "type": "Manufacturing Hub"}, "geometry": {"type": "Point", "coordinates": [-95.5901, 29.5841]}}, {"type": "Feature", "properties": {"name": "Missouri City Industrial Park", "city": "Missouri City", "state": "Texas", "type": "Manufacturing Hub"}, "geometry": {"type": "Point", "coordinates": [-95.5239, 29.6121]}}, {"type": "Feature", "properties": {"name": "Missouri City Assembly Plant District", "city": "Missouri City", "state": "Texas", "type": "Manufacturing Hub"}, "geometry": {"type": "Point", "coordinates": [-95.6156, 29.6522]}}, {"type": "Feature", "properties": {"name": "Redlands Steel District", "city": "Redlands", "state": "California", "type": "Manufacturing Hub"}, "geometry": {"type": "Point", "coordinates": [-117.1258, 34.0209]}}, {"type": "Feature", "properties": {"name": "Redlands Warehouse District", "city": "Redlands", "state": "California", "type": "Manufacturing Hub"}, "geometry": {"type": "Point", "coordinates": [-117.1421, 34.0582]}}, {"type": "Feature", "properties": {"name": "Santa Fe Textile District", "city": "Santa Fe", "state": "New Mexico", "type": "Manufacturing Hub"}, "geometry": {"type": "Point", "coordinates": [-106.0198, 35.6976]}}, {"type": "Feature", "properties": {"name": "Milpitas Manufacturing District", "city": "Milpitas", "state": "California", "type": "Manufacturing Hub"}, "geometry": {"type": "Point", "coordinates": [-121.9622, 37.4799]}}, {"type": "Feature", "properties": {"name": "Milpitas Auto Manufacturing Hub", "city": "Milpitas", "state": "California", "type": "Manufacturing Hub"}, "geometry": {"type": "Point", "coordinates": [-121.9957, 37.4949]}}, {"type": "Feature", "properties": {"name": "Palatine Chemical Plant Zone", "city": "Palatine", "state": "Illinois", "type": "Manufacturing Hub"}, "geometry": {"type": "Point", "coordinates": [-88.0428, 42.0598]}}, {"type": "Feature", "properties": {"name": "Palatine Production Hub", "city": "Palatine", "state": "Illinois", "type": "Manufacturing Hub"}, "geometry": {"type": "Point", "coordinates": [-88.0576, 42.167]}}, {"type": "Feature", "properties": {"name": "Palatine Assembly Plant District", "city": "Palatine", "state": "Illinois", "type": "Manufacturing Hub"}, "geometry": {"type": "Point", "coordinates": [-87.9833, 42.0552]}}, {"type": "Feature", "properties": {"name": "Missoula Production Hub", "city": "Missoula", "state": "Montana", "type": "Manufacturing Hub"}, "geometry": {"type": "Point", "coordinates": [-114.0174, 46.839]}}, {"type": "Feature", "properties": {"name": "Missoula Chemical Plant Zone", "city": "Missoula", "state": "Montana", "type": "Manufacturing Hub"}, "geometry": {"type": "Point", "coordinates": [-113.8989, 46.93]}}, {"type": "Feature", "properties": {"name": "Rock Hill Distribution Center", "city": "Rock Hill", "state": "South Carolina", "type": "Manufacturing Hub"}, "geometry": {"type": "Point", "coordinates": [-81.0255, 34.9404]}}, {"type": "Feature", "properties": {"name": "Jacksonville Food Processing Hub", "city": "Jacksonville", "state": "North Carolina", "type": "Manufacturing Hub"}, "geometry": {"type": "Point", "coordinates": [-77.3789, 34.7946]}}, {"type": "Feature", "properties": {"name": "Franklin Logistics Park", "city": "Franklin", "state": "Tennessee", "type": "Manufacturing Hub"}, "geometry": {"type": "Point", "coordinates": [-86.879, 35.9215]}}, {"type": "Feature", "properties": {"name": "Flagstaff Industrial Park", "city": "Flagstaff", "state": "Arizona", "type": "Manufacturing Hub"}, "geometry": {"type": "Point", "coordinates": [-111.6334, 35.1413]}}, {"type": "Feature", "properties": {"name": "Flagstaff Food Processing Hub", "city": "Flagstaff", "state": "Arizona", "type": "Manufacturing Hub"}, "geometry": {"type": "Point", "coordinates": [-111.5741, 35.2143]}}, {"type": "Feature", "properties": {"name": "Waterloo Warehouse District", "city": "Waterloo", "state": "Iowa", "type": "Manufacturing Hub"}, "geometry": {"type": "Point", "coordinates": [-92.3255, 42.4767]}}, {"type": "Feature", "properties": {"name": "Mount Vernon Steel District", "city": "Mount Vernon", "state": "New York", "type": "Manufacturing Hub"}, "geometry": {"type": "Point", "coordinates": [-73.8639, 40.9718]}}, {"type": "Feature", "properties": {"name": "Dothan Industrial Zone", "city": "Dothan", "state": "Alabama", "type": "Manufacturing Hub"}, "geometry": {"type": "Point", "coordinates": [-85.3948, 31.2123]}}, {"type": "Feature", "properties": {"name": "Dothan Steel District", "city": "Dothan", "state": "Alabama", "type": "Manufacturing Hub"}, "geometry": {"type": "Point", "coordinates": [-85.375, 31.2024]}}, {"type": "Feature", "properties": {"name": "Dothan Steel District", "city": "Dothan", "state": "Alabama", "type": "Manufacturing Hub"}, "geometry": {"type": "Point", "coordinates": [-85.3534, 31.2578]}}, {"type": "Feature", "properties": {"name": "Redondo Beach Logistics Park", "city": "Redondo Beach", "state": "California", "type": "Manufacturing Hub"}, "geometry": {"type": "Point", "coordinates": [-118.3698, 33.8234]}}, {"type": "Feature", "properties": {"name": "Redondo Beach Assembly Plant District", "city": "Redondo Beach", "state": "California", "type": "Manufacturing Hub"}, "geometry": {"type": "Point", "coordinates": [-118.3279, 33.8701]}}, {"type": "Feature", "properties": {"name": "Jackson Assembly Plant District", "city": "Jackson", "state": "Tennessee", "type": "Manufacturing Hub"}, "geometry": {"type": "Point", "coordinates": [-88.7189, 35.6715]}}, {"type": "Feature", "properties": {"name": "Jackson Textile District", "city": "Jackson", "state": "Tennessee", "type": "Manufacturing Hub"}, "geometry": {"type": "Point", "coordinates": [-88.865, 35.5862]}}, {"type": "Feature", "properties": {"name": "Pasco Distribution Center", "city": "Pasco", "state": "Washington", "type": "Manufacturing Hub"}, "geometry": {"type": "Point", "coordinates": [-119.0674, 46.2795]}}, {"type": "Feature", "properties": {"name": "Pasco Industrial Complex", "city": "Pasco", "state": "Washington", "type": "Manufacturing Hub"}, "geometry": {"type": "Point", "coordinates": [-119.181, 46.2818]}}, {"type": "Feature", "properties": {"name": "St. Charles Manufacturing District", "city": "St. Charles", "state": "Missouri", "type": "Manufacturing Hub"}, "geometry": {"type": "Point", "coordinates": [-90.5758, 38.7552]}}, {"type": "Feature", "properties": {"name": "St. Charles Assembly Plant District", "city": "St. Charles", "state": "Missouri", "type": "Manufacturing Hub"}, "geometry": {"type": "Point", "coordinates": [-90.458, 38.758]}}, {"type": "Feature", "properties": {"name": "Eau Claire Assembly Plant District", "city": "Eau Claire", "state": "Wisconsin", "type": "Manufacturing Hub"}, "geometry": {"type": "Point", "coordinates": [-91.4817, 44.7434]}}, {"type": "Feature", "properties": {"name": "Eau Claire Assembly Plant District", "city": "Eau Claire", "state": "Wisconsin", "type": "Manufacturing Hub"}, "geometry": {"type": "Point", "coordinates": [-91.4182, 44.8575]}}, {"type": "Feature", "properties": {"name": "Kenner Aerospace Corridor", "city": "Kenner", "state": "Louisiana", "type": "Manufacturing Hub"}, "geometry": {"type": "Point", "coordinates": [-90.1715, 30.035]}}, {"type": "Feature", "properties": {"name": "Kenner Distribution Center", "city": "Kenner", "state": "Louisiana", "type": "Manufacturing Hub"}, "geometry": {"type": "Point", "coordinates": [-90.2334, 29.9883]}}, {"type": "Feature", "properties": {"name": "Frederick Steel District", "city": "Frederick", "state": "Maryland", "type": "Manufacturing Hub"}, "geometry": {"type": "Point", "coordinates": [-77.4796, 39.3925]}}, {"type": "Feature", "properties": {"name": "Frederick Warehouse District", "city": "Frederick", "state": "Maryland", "type": "Manufacturing Hub"}, "geometry": {"type": "Point", "coordinates": [-77.388, 39.397]}}, {"type": "Feature", "properties": {"name": "Oshkosh Logistics Park", "city": "Oshkosh", "state": "Wisconsin", "type": "Manufacturing Hub"}, "geometry": {"type": "Point", "coordinates": [-88.6213, 44.084]}}, {"type": "Feature", "properties": {"name": "Oshkosh Warehouse District", "city": "Oshkosh", "state": "Wisconsin", "type": "Manufacturing Hub"}, "geometry": {"type": "Point", "coordinates": [-88.55, 44.0663]}}, {"type": "Feature", "properties": {"name": "Oshkosh Chemical Plant Zone", "city": "Oshkosh", "state": "Wisconsin", "type": "Manufacturing Hub"}, "geometry": {"type": "Point", "coordinates": [-88.4532, 43.9764]}}, {"type": "Feature", "properties": {"name": "Pittsburg Logistics Park", "city": "Pittsburg", "state": "California", "type": "Manufacturing Hub"}, "geometry": {"type": "Point", "coordinates": [-121.8587, 38.0812]}}, {"type": "Feature", "properties": {"name": "Pittsburg Textile District", "city": "Pittsburg", "state": "California", "type": "Manufacturing Hub"}, "geometry": {"type": "Point", "coordinates": [-121.9529, 37.9783]}}, {"type": "Feature", "properties": {"name": "Pittsburg Industrial Park", "city": "Pittsburg", "state": "California", "type": "Manufacturing Hub"}, "geometry": {"type": "Point", "coordinates": [-121.8633, 38.0341]}}, {"type": "Feature", "properties": {"name": "Palo Alto Food Processing Hub", "city": "Palo Alto", "state": "California", "type": "Manufacturing Hub"}, "geometry": {"type": "Point", "coordinates": [-122.1045, 37.4947]}}, {"type": "Feature", "properties": {"name": "Palo Alto Production Hub", "city": "Palo Alto", "state": "California", "type": "Manufacturing Hub"}, "geometry": {"type": "Point", "coordinates": [-122.0779, 37.5075]}}, {"type": "Feature", "properties": {"name": "Palo Alto Packaging District", "city": "Palo Alto", "state": "California", "type": "Manufacturing Hub"}, "geometry": {"type": "Point", "coordinates": [-122.228, 37.4796]}}, {"type": "Feature", "properties": {"name": "Portland Chemical Plant Zone", "city": "Portland", "state": "Maine", "type": "Manufacturing Hub"}, "geometry": {"type": "Point", "coordinates": [-70.2866, 43.5937]}}, {"type": "Feature", "properties": {"name": "Portland Industrial Zone", "city": "Portland", "state": "Maine", "type": "Manufacturing Hub"}, "geometry": {"type": "Point", "coordinates": [-70.1603, 43.6328]}}, {"type": "Feature", "properties": {"name": "St. Cloud Textile District", "city": "St. Cloud", "state": "Minnesota", "type": "Manufacturing Hub"}, "geometry": {"type": "Point", "coordinates": [-94.1054, 45.5988]}}, {"type": "Feature", "properties": {"name": "St. Cloud Assembly Plant District", "city": "St. Cloud", "state": "Minnesota", "type": "Manufacturing Hub"}, "geometry": {"type": "Point", "coordinates": [-94.1576, 45.5809]}}, {"type": "Feature", "properties": {"name": "Davis Manufacturing District", "city": "Davis", "state": "California", "type": "Manufacturing Hub"}, "geometry": {"type": "Point", "coordinates": [-121.754, 38.5776]}}, {"type": "Feature", "properties": {"name": "Davis Aerospace Corridor", "city": "Davis", "state": "California", "type": "Manufacturing Hub"}, "geometry": {"type": "Point", "coordinates": [-121.6743, 38.5925]}}, {"type": "Feature", "properties": {"name": "Camarillo Steel District", "city": "Camarillo", "state": "California", "type": "Manufacturing Hub"}, "geometry": {"type": "Point", "coordinates": [-119.0485, 34.2309]}}, {"type": "Feature", "properties": {"name": "Camarillo Industrial Zone", "city": "Camarillo", "state": "California", "type": "Manufacturing Hub"}, "geometry": {"type": "Point", "coordinates": [-119.1304, 34.1688]}}, {"type": "Feature", "properties": {"name": "North Little Rock Manufacturing District", "city": "North Little Rock", "state": "Arkansas", "type": "Manufacturing Hub"}, "geometry": {"type": "Point", "coordinates": [-92.3224, 34.7704]}}, {"type": "Feature", "properties": {"name": "North Little Rock Food Processing Hub", "city": "North Little Rock", "state": "Arkansas", "type": "Manufacturing Hub"}, "geometry": {"type": "Point", "coordinates": [-92.3592, 34.7]}}, {"type": "Feature", "properties": {"name": "Harlingen Industrial Complex", "city": "Harlingen", "state": "Texas", "type": "Manufacturing Hub"}, "geometry": {"type": "Point", "coordinates": [-97.7304, 26.2482]}}, {"type": "Feature", "properties": {"name": "Harlingen Industrial Zone", "city": "Harlingen", "state": "Texas", "type": "Manufacturing Hub"}, "geometry": {"type": "Point", "coordinates": [-97.7387, 26.1527]}}, {"type": "Feature", "properties": {"name": "Harlingen Industrial Zone", "city": "Harlingen", "state": "Texas", "type": "Manufacturing Hub"}, "geometry": {"type": "Point", "coordinates": [-97.6333, 26.127]}}, {"type": "Feature", "properties": {"name": "Woodbury Industrial Complex", "city": "Woodbury", "state": "Minnesota", "type": "Manufacturing Hub"}, "geometry": {"type": "Point", "coordinates": [-92.9382, 44.9617]}}, {"type": "Feature", "properties": {"name": "Eagan Packaging District", "city": "Eagan", "state": "Minnesota", "type": "Manufacturing Hub"}, "geometry": {"type": "Point", "coordinates": [-93.2017, 44.7698]}}, {"type": "Feature", "properties": {"name": "Yuba City Steel District", "city": "Yuba City", "state": "California", "type": "Manufacturing Hub"}, "geometry": {"type": "Point", "coordinates": [-121.5694, 39.2052]}}, {"type": "Feature", "properties": {"name": "Yuba City Manufacturing District", "city": "Yuba City", "state": "California", "type": "Manufacturing Hub"}, "geometry": {"type": "Point", "coordinates": [-121.6614, 39.0727]}}, {"type": "Feature", "properties": {"name": "Youngstown Aerospace Corridor", "city": "Youngstown", "state": "Ohio", "type": "Manufacturing Hub"}, "geometry": {"type": "Point", "coordinates": [-80.6888, 41.0355]}}, {"type": "Feature", "properties": {"name": "Youngstown Manufacturing District", "city": "Youngstown", "state": "Ohio", "type": "Manufacturing Hub"}, "geometry": {"type": "Point", "coordinates": [-80.7142, 41.169]}}, {"type": "Feature", "properties": {"name": "Skokie Warehouse District", "city": "Skokie", "state": "Illinois", "type": "Manufacturing Hub"}, "geometry": {"type": "Point", "coordinates": [-87.8376, 42.0801]}}, {"type": "Feature", "properties": {"name": "Skokie Production Hub", "city": "Skokie", "state": "Illinois", "type": "Manufacturing Hub"}, "geometry": {"type": "Point", "coordinates": [-87.656, 42.0083]}}, {"type": "Feature", "properties": {"name": "Kissimmee Production Hub", "city": "Kissimmee", "state": "Florida", "type": "Manufacturing Hub"}, "geometry": {"type": "Point", "coordinates": [-81.4208, 28.2488]}}, {"type": "Feature", "properties": {"name": "Kissimmee Auto Manufacturing Hub", "city": "Kissimmee", "state": "Florida", "type": "Manufacturing Hub"}, "geometry": {"type": "Point", "coordinates": [-81.346, 28.3436]}}, {"type": "Feature", "properties": {"name": "Victoria Warehouse District", "city": "Victoria", "state": "Texas", "type": "Manufacturing Hub"}, "geometry": {"type": "Point", "coordinates": [-96.9836, 28.8488]}}, {"type": "Feature", "properties": {"name": "Victoria Distribution Center", "city": "Victoria", "state": "Texas", "type": "Manufacturing Hub"}, "geometry": {"type": "Point", "coordinates": [-96.9906, 28.8363]}}, {"type": "Feature", "properties": {"name": "San Clemente Chemical Plant Zone", "city": "San Clemente", "state": "California", "type": "Manufacturing Hub"}, "geometry": {"type": "Point", "coordinates": [-117.5741, 33.3952]}}, {"type": "Feature", "properties": {"name": "San Clemente Auto Manufacturing Hub", "city": "San Clemente", "state": "California", "type": "Manufacturing Hub"}, "geometry": {"type": "Point", "coordinates": [-117.5319, 33.4864]}}, {"type": "Feature", "properties": {"name": "San Clemente Textile District", "city": "San Clemente", "state": "California", "type": "Manufacturing Hub"}, "geometry": {"type": "Point", "coordinates": [-117.5437, 33.3728]}}, {"type": "Feature", "properties": {"name": "Shawnee Manufacturing District", "city": "Shawnee", "state": "Kansas", "type": "Manufacturing Hub"}, "geometry": {"type": "Point", "coordinates": [-94.8038, 39.0152]}}, {"type": "Feature", "properties": {"name": "Homestead Manufacturing District", "city": "Homestead", "state": "Florida", "type": "Manufacturing Hub"}, "geometry": {"type": "Point", "coordinates": [-80.4379, 25.5113]}}, {"type": "Feature", "properties": {"name": "Delray Beach Steel District", "city": "Delray Beach", "state": "Florida", "type": "Manufacturing Hub"}, "geometry": {"type": "Point", "coordinates": [-79.9844, 26.4694]}}, {"type": "Feature", "properties": {"name": "Delray Beach Aerospace Corridor", "city": "Delray Beach", "state": "Florida", "type": "Manufacturing Hub"}, "geometry": {"type": "Point", "coordinates": [-80.0512, 26.4423]}}, {"type": "Feature", "properties": {"name": "Rockville Industrial Zone", "city": "Rockville", "state": "Maryland", "type": "Manufacturing Hub"}, "geometry": {"type": "Point", "coordinates": [-77.1942, 39.0193]}}, {"type": "Feature", "properties": {"name": "Rockville Industrial Zone", "city": "Rockville", "state": "Maryland", "type": "Manufacturing Hub"}, "geometry": {"type": "Point", "coordinates": [-77.2351, 39.0465]}}, {"type": "Feature", "properties": {"name": "Janesville Textile District", "city": "Janesville", "state": "Wisconsin", "type": "Manufacturing Hub"}, "geometry": {"type": "Point", "coordinates": [-89.0194, 42.6873]}}, {"type": "Feature", "properties": {"name": "Pico Rivera Aerospace Corridor", "city": "Pico Rivera", "state": "California", "type": "Manufacturing Hub"}, "geometry": {"type": "Point", "coordinates": [-118.0419, 33.9413]}}, {"type": "Feature", "properties": {"name": "Pico Rivera Manufacturing District", "city": "Pico Rivera", "state": "California", "type": "Manufacturing Hub"}, "geometry": {"type": "Point", "coordinates": [-118.0922, 34.0021]}}, {"type": "Feature", "properties": {"name": "Pico Rivera Assembly Plant District", "city": "Pico Rivera", "state": "California", "type": "Manufacturing Hub"}, "geometry": {"type": "Point", "coordinates": [-118.0501, 33.9883]}}, {"type": "Feature", "properties": {"name": "Montebello Warehouse District", "city": "Montebello", "state": "California", "type": "Manufacturing Hub"}, "geometry": {"type": "Point", "coordinates": [-118.1075, 34.0779]}}, {"type": "Feature", "properties": {"name": "Montebello Steel District", "city": "Montebello", "state": "California", "type": "Manufacturing Hub"}, "geometry": {"type": "Point", "coordinates": [-118.0707, 34.0415]}}, {"type": "Feature", "properties": {"name": "Lodi Assembly Plant District", "city": "Lodi", "state": "California", "type": "Manufacturing Hub"}, "geometry": {"type": "Point", "coordinates": [-121.255, 38.1022]}}, {"type": "Feature", "properties": {"name": "Lodi Auto Manufacturing Hub", "city": "Lodi", "state": "California", "type": "Manufacturing Hub"}, "geometry": {"type": "Point", "coordinates": [-121.3535, 38.2026]}}, {"type": "Feature", "properties": {"name": "Marysville Aerospace Corridor", "city": "Marysville", "state": "Washington", "type": "Manufacturing Hub"}, "geometry": {"type": "Point", "coordinates": [-122.2685, 48.1041]}}, {"type": "Feature", "properties": {"name": "Marysville Industrial Complex", "city": "Marysville", "state": "Washington", "type": "Manufacturing Hub"}, "geometry": {"type": "Point", "coordinates": [-122.1698, 48.0316]}}, {"type": "Feature", "properties": {"name": "Tamarac Food Processing Hub", "city": "Tamarac", "state": "Florida", "type": "Manufacturing Hub"}, "geometry": {"type": "Point", "coordinates": [-80.2115, 26.245]}}, {"type": "Feature", "properties": {"name": "Madera Distribution Center", "city": "Madera", "state": "California", "type": "Manufacturing Hub"}, "geometry": {"type": "Point", "coordinates": [-120.0999, 36.925]}}, {"type": "Feature", "properties": {"name": "Madera Manufacturing District", "city": "Madera", "state": "California", "type": "Manufacturing Hub"}, "geometry": {"type": "Point", "coordinates": [-120.1214, 36.9432]}}, {"type": "Feature", "properties": {"name": "Madera Assembly Plant District", "city": "Madera", "state": "California", "type": "Manufacturing Hub"}, "geometry": {"type": "Point", "coordinates": [-120.0475, 36.9958]}}, {"type": "Feature", "properties": {"name": "Conroe Textile District", "city": "Conroe", "state": "Texas", "type": "Manufacturing Hub"}, "geometry": {"type": "Point", "coordinates": [-95.4631, 30.3339]}}, {"type": "Feature", "properties": {"name": "Conroe Production Hub", "city": "Conroe", "state": "Texas", "type": "Manufacturing Hub"}, "geometry": {"type": "Point", "coordinates": [-95.488, 30.2558]}}, {"type": "Feature", "properties": {"name": "Conroe Production Hub", "city": "Conroe", "state": "Texas", "type": "Manufacturing Hub"}, "geometry": {"type": "Point", "coordinates": [-95.4733, 30.2482]}}, {"type": "Feature", "properties": {"name": "Conroe Warehouse District", "city": "Conroe", "state": "Texas", "type": "Manufacturing Hub"}, "geometry": {"type": "Point", "coordinates": [-95.3973, 30.3523]}}, {"type": "Feature", "properties": {"name": "Eden Prairie Distribution Center", "city": "Eden Prairie", "state": "Minnesota", "type": "Manufacturing Hub"}, "geometry": {"type": "Point", "coordinates": [-93.3785, 44.9171]}}, {"type": "Feature", "properties": {"name": "Cheyenne Food Processing Hub", "city": "Cheyenne", "state": "Wyoming", "type": "Manufacturing Hub"}, "geometry": {"type": "Point", "coordinates": [-104.7337, 41.0962]}}, {"type": "Feature", "properties": {"name": "Daytona Beach Industrial Complex", "city": "Daytona Beach", "state": "Florida", "type": "Manufacturing Hub"}, "geometry": {"type": "Point", "coordinates": [-81.0146, 29.2743]}}, {"type": "Feature", "properties": {"name": "Daytona Beach Chemical Plant Zone", "city": "Daytona Beach", "state": "Florida", "type": "Manufacturing Hub"}, "geometry": {"type": "Point", "coordinates": [-80.9372, 29.1523]}}, {"type": "Feature", "properties": {"name": "Hamilton Industrial Zone", "city": "Hamilton", "state": "Ohio", "type": "Manufacturing Hub"}, "geometry": {"type": "Point", "coordinates": [-84.6341, 39.4267]}}, {"type": "Feature", "properties": {"name": "Hamilton Steel District", "city": "Hamilton", "state": "Ohio", "type": "Manufacturing Hub"}, "geometry": {"type": "Point", "coordinates": [-84.5229, 39.4649]}}, {"type": "Feature", "properties": {"name": "Hamilton Aerospace Corridor", "city": "Hamilton", "state": "Ohio", "type": "Manufacturing Hub"}, "geometry": {"type": "Point", "coordinates": [-84.6362, 39.3971]}}, {"type": "Feature", "properties": {"name": "Hamilton Industrial Park", "city": "Hamilton", "state": "Ohio", "type": "Manufacturing Hub"}, "geometry": {"type": "Point", "coordinates": [-84.5677, 39.4311]}}, {"type": "Feature", "properties": {"name": "Coon Rapids Aerospace Corridor", "city": "Coon Rapids", "state": "Minnesota", "type": "Manufacturing Hub"}, "geometry": {"type": "Point", "coordinates": [-93.3684, 45.1938]}}, {"type": "Feature", "properties": {"name": "Coon Rapids Chemical Plant Zone", "city": "Coon Rapids", "state": "Minnesota", "type": "Manufacturing Hub"}, "geometry": {"type": "Point", "coordinates": [-93.2413, 45.1923]}}, {"type": "Feature", "properties": {"name": "Haverhill Industrial Park", "city": "Haverhill", "state": "Massachusetts", "type": "Manufacturing Hub"}, "geometry": {"type": "Point", "coordinates": [-70.9819, 42.7221]}}, {"type": "Feature", "properties": {"name": "Taylor Aerospace Corridor", "city": "Taylor", "state": "Michigan", "type": "Manufacturing Hub"}, "geometry": {"type": "Point", "coordinates": [-83.3631, 42.1797]}}, {"type": "Feature", "properties": {"name": "Taylor Warehouse District", "city": "Taylor", "state": "Michigan", "type": "Manufacturing Hub"}, "geometry": {"type": "Point", "coordinates": [-83.2857, 42.3096]}}, {"type": "Feature", "properties": {"name": "Taylor Food Processing Hub", "city": "Taylor", "state": "Michigan", "type": "Manufacturing Hub"}, "geometry": {"type": "Point", "coordinates": [-83.2096, 42.1878]}}, {"type": "Feature", "properties": {"name": "Taylor Industrial Complex", "city": "Taylor", "state": "Michigan", "type": "Manufacturing Hub"}, "geometry": {"type": "Point", "coordinates": [-83.2435, 42.2254]}}, {"type": "Feature", "properties": {"name": "Utica Packaging District", "city": "Utica", "state": "New York", "type": "Manufacturing Hub"}, "geometry": {"type": "Point", "coordinates": [-75.2453, 43.0727]}}, {"type": "Feature", "properties": {"name": "La Habra Packaging District", "city": "La Habra", "state": "California", "type": "Manufacturing Hub"}, "geometry": {"type": "Point", "coordinates": [-118.0383, 33.9039]}}, {"type": "Feature", "properties": {"name": "La Habra Industrial Park", "city": "La Habra", "state": "California", "type": "Manufacturing Hub"}, "geometry": {"type": "Point", "coordinates": [-117.9578, 33.8901]}}, {"type": "Feature", "properties": {"name": "Encinitas Industrial Complex", "city": "Encinitas", "state": "California", "type": "Manufacturing Hub"}, "geometry": {"type": "Point", "coordinates": [-117.3121, 32.9853]}}, {"type": "Feature", "properties": {"name": "Bowling Green Textile District", "city": "Bowling Green", "state": "Kentucky", "type": "Manufacturing Hub"}, "geometry": {"type": "Point", "coordinates": [-86.4173, 36.9968]}}, {"type": "Feature", "properties": {"name": "Bowling Green Distribution Center", "city": "Bowling Green", "state": "Kentucky", "type": "Manufacturing Hub"}, "geometry": {"type": "Point", "coordinates": [-86.5788, 37.0001]}}, {"type": "Feature", "properties": {"name": "Bowling Green Assembly Plant District", "city": "Bowling Green", "state": "Kentucky", "type": "Manufacturing Hub"}, "geometry": {"type": "Point", "coordinates": [-86.4976, 36.9065]}}, {"type": "Feature", "properties": {"name": "Burnsville Chemical Plant Zone", "city": "Burnsville", "state": "Minnesota", "type": "Manufacturing Hub"}, "geometry": {"type": "Point", "coordinates": [-93.2998, 44.7246]}}, {"type": "Feature", "properties": {"name": "Burnsville Steel District", "city": "Burnsville", "state": "Minnesota", "type": "Manufacturing Hub"}, "geometry": {"type": "Point", "coordinates": [-93.3479, 44.8168]}}, {"type": "Feature", "properties": {"name": "Greenville Chemical Plant Zone", "city": "Greenville", "state": "South Carolina", "type": "Manufacturing Hub"}, "geometry": {"type": "Point", "coordinates": [-82.3677, 34.9115]}}, {"type": "Feature", "properties": {"name": "Greenville Logistics Park", "city": "Greenville", "state": "South Carolina", "type": "Manufacturing Hub"}, "geometry": {"type": "Point", "coordinates": [-82.4748, 34.9034]}}, {"type": "Feature", "properties": {"name": "Greenville Aerospace Corridor", "city": "Greenville", "state": "South Carolina", "type": "Manufacturing Hub"}, "geometry": {"type": "Point", "coordinates": [-82.3224, 34.8155]}}, {"type": "Feature", "properties": {"name": "West Des Moines Warehouse District", "city": "West Des Moines", "state": "Iowa", "type": "Manufacturing Hub"}, "geometry": {"type": "Point", "coordinates": [-93.7175, 41.6268]}}, {"type": "Feature", "properties": {"name": "West Des Moines Steel District", "city": "West Des Moines", "state": "Iowa", "type": "Manufacturing Hub"}, "geometry": {"type": "Point", "coordinates": [-93.7908, 41.5555]}}, {"type": "Feature", "properties": {"name": "Cedar Park Assembly Plant District", "city": "Cedar Park", "state": "Texas", "type": "Manufacturing Hub"}, "geometry": {"type": "Point", "coordinates": [-97.7276, 30.486]}}, {"type": "Feature", "properties": {"name": "Cedar Park Textile District", "city": "Cedar Park", "state": "Texas", "type": "Manufacturing Hub"}, "geometry": {"type": "Point", "coordinates": [-97.8113, 30.5711]}}, {"type": "Feature", "properties": {"name": "Cedar Park Logistics Park", "city": "Cedar Park", "state": "Texas", "type": "Manufacturing Hub"}, "geometry": {"type": "Point", "coordinates": [-97.8278, 30.5751]}}, {"type": "Feature", "properties": {"name": "Monterey Park Textile District", "city": "Monterey Park", "state": "California", "type": "Manufacturing Hub"}, "geometry": {"type": "Point", "coordinates": [-118.1804, 34.113]}}, {"type": "Feature", "properties": {"name": "Monterey Park Textile District", "city": "Monterey Park", "state": "California", "type": "Manufacturing Hub"}, "geometry": {"type": "Point", "coordinates": [-118.0382, 34.1234]}}, {"type": "Feature", "properties": {"name": "Vineland Textile District", "city": "Vineland", "state": "New Jersey", "type": "Manufacturing Hub"}, "geometry": {"type": "Point", "coordinates": [-75.0044, 39.4395]}}, {"type": "Feature", "properties": {"name": "Vineland Industrial Park", "city": "Vineland", "state": "New Jersey", "type": "Manufacturing Hub"}, "geometry": {"type": "Point", "coordinates": [-75.0927, 39.5035]}}, {"type": "Feature", "properties": {"name": "Mansfield Logistics Park", "city": "Mansfield", "state": "Texas", "type": "Manufacturing Hub"}, "geometry": {"type": "Point", "coordinates": [-97.0521, 32.527]}}, {"type": "Feature", "properties": {"name": "Mansfield Distribution Center", "city": "Mansfield", "state": "Texas", "type": "Manufacturing Hub"}, "geometry": {"type": "Point", "coordinates": [-97.1113, 32.5725]}}, {"type": "Feature", "properties": {"name": "Bristol Auto Manufacturing Hub", "city": "Bristol", "state": "Connecticut", "type": "Manufacturing Hub"}, "geometry": {"type": "Point", "coordinates": [-73.0473, 41.6087]}}, {"type": "Feature", "properties": {"name": "Meriden Steel District", "city": "Meriden", "state": "Connecticut", "type": "Manufacturing Hub"}, "geometry": {"type": "Point", "coordinates": [-72.833, 41.5664]}}, {"type": "Feature", "properties": {"name": "Meriden Aerospace Corridor", "city": "Meriden", "state": "Connecticut", "type": "Manufacturing Hub"}, "geometry": {"type": "Point", "coordinates": [-72.8871, 41.5512]}}, {"type": "Feature", "properties": {"name": "Blaine Textile District", "city": "Blaine", "state": "Minnesota", "type": "Manufacturing Hub"}, "geometry": {"type": "Point", "coordinates": [-93.3046, 45.1709]}}, {"type": "Feature", "properties": {"name": "Cupertino Manufacturing District", "city": "Cupertino", "state": "California", "type": "Manufacturing Hub"}, "geometry": {"type": "Point", "coordinates": [-121.9862, 37.375]}}, {"type": "Feature", "properties": {"name": "Cupertino Industrial Zone", "city": "Cupertino", "state": "California", "type": "Manufacturing Hub"}, "geometry": {"type": "Point", "coordinates": [-121.9937, 37.3159]}}, {"type": "Feature", "properties": {"name": "Cupertino Manufacturing District", "city": "Cupertino", "state": "California", "type": "Manufacturing Hub"}, "geometry": {"type": "Point", "coordinates": [-121.9834, 37.3545]}}, {"type": "Feature", "properties": {"name": "Cupertino Steel District", "city": "Cupertino", "state": "California", "type": "Manufacturing Hub"}, "geometry": {"type": "Point", "coordinates": [-122.1027, 37.3187]}}, {"type": "Feature", "properties": {"name": "Rogers Steel District", "city": "Rogers", "state": "Arkansas", "type": "Manufacturing Hub"}, "geometry": {"type": "Point", "coordinates": [-94.2074, 36.3192]}}, {"type": "Feature", "properties": {"name": "St. Clair Shores Warehouse District", "city": "St. Clair Shores", "state": "Michigan", "type": "Manufacturing Hub"}, "geometry": {"type": "Point", "coordinates": [-82.8175, 42.5409]}}, {"type": "Feature", "properties": {"name": "St. Clair Shores Chemical Plant Zone", "city": "St. Clair Shores", "state": "Michigan", "type": "Manufacturing Hub"}, "geometry": {"type": "Point", "coordinates": [-82.8516, 42.5141]}}, {"type": "Feature", "properties": {"name": "St. Clair Shores Industrial Complex", "city": "St. Clair Shores", "state": "Michigan", "type": "Manufacturing Hub"}, "geometry": {"type": "Point", "coordinates": [-82.8131, 42.5155]}}, {"type": "Feature", "properties": {"name": "Pontiac Logistics Park", "city": "Pontiac", "state": "Michigan", "type": "Manufacturing Hub"}, "geometry": {"type": "Point", "coordinates": [-83.2894, 42.6983]}}, {"type": "Feature", "properties": {"name": "Pontiac Steel District", "city": "Pontiac", "state": "Michigan", "type": "Manufacturing Hub"}, "geometry": {"type": "Point", "coordinates": [-83.2962, 42.598]}}, {"type": "Feature", "properties": {"name": "Casper Industrial Zone", "city": "Casper", "state": "Wyoming", "type": "Manufacturing Hub"}, "geometry": {"type": "Point", "coordinates": [-106.3889, 42.8685]}}, {"type": "Feature", "properties": {"name": "Broomfield Production Hub", "city": "Broomfield", "state": "Colorado", "type": "Manufacturing Hub"}, "geometry": {"type": "Point", "coordinates": [-105.0834, 39.9443]}}, {"type": "Feature", "properties": {"name": "Broomfield Logistics Park", "city": "Broomfield", "state": "Colorado", "type": "Manufacturing Hub"}, "geometry": {"type": "Point", "coordinates": [-105.04, 39.9685]}}, {"type": "Feature", "properties": {"name": "Petaluma Packaging District", "city": "Petaluma", "state": "California", "type": "Manufacturing Hub"}, "geometry": {"type": "Point", "coordinates": [-122.7321, 38.2316]}}, {"type": "Feature", "properties": {"name": "Petaluma Auto Manufacturing Hub", "city": "Petaluma", "state": "California", "type": "Manufacturing Hub"}, "geometry": {"type": "Point", "coordinates": [-122.5465, 38.1913]}}, {"type": "Feature", "properties": {"name": "Petaluma Warehouse District", "city": "Petaluma", "state": "California", "type": "Manufacturing Hub"}, "geometry": {"type": "Point", "coordinates": [-122.6559, 38.1657]}}, {"type": "Feature", "properties": {"name": "South Jordan Distribution Center", "city": "South Jordan", "state": "Utah", "type": "Manufacturing Hub"}, "geometry": {"type": "Point", "coordinates": [-111.8618, 40.6067]}}, {"type": "Feature", "properties": {"name": "Great Falls Warehouse District", "city": "Great Falls", "state": "Montana", "type": "Manufacturing Hub"}, "geometry": {"type": "Point", "coordinates": [-111.1863, 47.4852]}}, {"type": "Feature", "properties": {"name": "Lancaster Logistics Park", "city": "Lancaster", "state": "Pennsylvania", "type": "Manufacturing Hub"}, "geometry": {"type": "Point", "coordinates": [-76.2719, 40.031]}}, {"type": "Feature", "properties": {"name": "Lancaster Industrial Complex", "city": "Lancaster", "state": "Pennsylvania", "type": "Manufacturing Hub"}, "geometry": {"type": "Point", "coordinates": [-76.2997, 40.0266]}}, {"type": "Feature", "properties": {"name": "Lancaster Steel District", "city": "Lancaster", "state": "Pennsylvania", "type": "Manufacturing Hub"}, "geometry": {"type": "Point", "coordinates": [-76.2963, 40.0998]}}, {"type": "Feature", "properties": {"name": "Lakewood Industrial Park", "city": "Lakewood", "state": "Washington", "type": "Manufacturing Hub"}, "geometry": {"type": "Point", "coordinates": [-122.5313, 47.1112]}}, {"type": "Feature", "properties": {"name": "Marietta Aerospace Corridor", "city": "Marietta", "state": "Georgia", "type": "Manufacturing Hub"}, "geometry": {"type": "Point", "coordinates": [-84.5517, 33.9951]}}, {"type": "Feature", "properties": {"name": "San Rafael Food Processing Hub", "city": "San Rafael", "state": "California", "type": "Manufacturing Hub"}, "geometry": {"type": "Point", "coordinates": [-122.5364, 38.0123]}}, {"type": "Feature", "properties": {"name": "San Rafael Industrial Zone", "city": "San Rafael", "state": "California", "type": "Manufacturing Hub"}, "geometry": {"type": "Point", "coordinates": [-122.5104, 37.9259]}}, {"type": "Feature", "properties": {"name": "San Rafael Warehouse District", "city": "San Rafael", "state": "California", "type": "Manufacturing Hub"}, "geometry": {"type": "Point", "coordinates": [-122.4477, 37.923]}}, {"type": "Feature", "properties": {"name": "San Rafael Logistics Park", "city": "San Rafael", "state": "California", "type": "Manufacturing Hub"}, "geometry": {"type": "Point", "coordinates": [-122.5527, 38.0079]}}, {"type": "Feature", "properties": {"name": "Royal Oak Distribution Center", "city": "Royal Oak", "state": "Michigan", "type": "Manufacturing Hub"}, "geometry": {"type": "Point", "coordinates": [-83.2018, 42.5087]}}, {"type": "Feature", "properties": {"name": "Royal Oak Textile District", "city": "Royal Oak", "state": "Michigan", "type": "Manufacturing Hub"}, "geometry": {"type": "Point", "coordinates": [-83.1465, 42.5593]}}, {"type": "Feature", "properties": {"name": "Royal Oak Distribution Center", "city": "Royal Oak", "state": "Michigan", "type": "Manufacturing Hub"}, "geometry": {"type": "Point", "coordinates": [-83.1271, 42.5095]}}, {"type": "Feature", "properties": {"name": "Des Plaines Production Hub", "city": "Des Plaines", "state": "Illinois", "type": "Manufacturing Hub"}, "geometry": {"type": "Point", "coordinates": [-87.943, 42.0503]}}, {"type": "Feature", "properties": {"name": "Des Plaines Aerospace Corridor", "city": "Des Plaines", "state": "Illinois", "type": "Manufacturing Hub"}, "geometry": {"type": "Point", "coordinates": [-87.8088, 42.0518]}}, {"type": "Feature", "properties": {"name": "Des Plaines Assembly Plant District", "city": "Des Plaines", "state": "Illinois", "type": "Manufacturing Hub"}, "geometry": {"type": "Point", "coordinates": [-87.8519, 42.014]}}, {"type": "Feature", "properties": {"name": "Huntington Park Assembly Plant District", "city": "Huntington Park", "state": "California", "type": "Manufacturing Hub"}, "geometry": {"type": "Point", "coordinates": [-118.2825, 33.9291]}}, {"type": "Feature", "properties": {"name": "Huntington Park Warehouse District", "city": "Huntington Park", "state": "California", "type": "Manufacturing Hub"}, "geometry": {"type": "Point", "coordinates": [-118.2551, 33.942]}}, {"type": "Feature", "properties": {"name": "Huntington Park Manufacturing District", "city": "Huntington Park", "state": "California", "type": "Manufacturing Hub"}, "geometry": {"type": "Point", "coordinates": [-118.2934, 33.9771]}}, {"type": "Feature", "properties": {"name": "La Mesa Industrial Complex", "city": "La Mesa", "state": "California", "type": "Manufacturing Hub"}, "geometry": {"type": "Point", "coordinates": [-117.0393, 32.7123]}}, {"type": "Feature", "properties": {"name": "Auburn Auto Manufacturing Hub", "city": "Auburn", "state": "Alabama", "type": "Manufacturing Hub"}, "geometry": {"type": "Point", "coordinates": [-85.5189, 32.6047]}}, {"type": "Feature", "properties": {"name": "Owensboro Manufacturing District", "city": "Owensboro", "state": "Kentucky", "type": "Manufacturing Hub"}, "geometry": {"type": "Point", "coordinates": [-87.1204, 37.7028]}}, {"type": "Feature", "properties": {"name": "Owensboro Packaging District", "city": "Owensboro", "state": "Kentucky", "type": "Manufacturing Hub"}, "geometry": {"type": "Point", "coordinates": [-87.1746, 37.7568]}}, {"type": "Feature", "properties": {"name": "Idaho Falls Industrial Zone", "city": "Idaho Falls", "state": "Idaho", "type": "Manufacturing Hub"}, "geometry": {"type": "Point", "coordinates": [-112.0037, 43.5325]}}, {"type": "Feature", "properties": {"name": "Dubuque Food Processing Hub", "city": "Dubuque", "state": "Iowa", "type": "Manufacturing Hub"}, "geometry": {"type": "Point", "coordinates": [-90.7027, 42.5054]}}, {"type": "Feature", "properties": {"name": "Dubuque Industrial Zone", "city": "Dubuque", "state": "Iowa", "type": "Manufacturing Hub"}, "geometry": {"type": "Point", "coordinates": [-90.7249, 42.5064]}}, {"type": "Feature", "properties": {"name": "Bartlett Auto Manufacturing Hub", "city": "Bartlett", "state": "Tennessee", "type": "Manufacturing Hub"}, "geometry": {"type": "Point", "coordinates": [-89.8387, 35.2073]}}, {"type": "Feature", "properties": {"name": "Bartlett Assembly Plant District", "city": "Bartlett", "state": "Tennessee", "type": "Manufacturing Hub"}, "geometry": {"type": "Point", "coordinates": [-89.7898, 35.1978]}}, {"type": "Feature", "properties": {"name": "Bartlett Aerospace Corridor", "city": "Bartlett", "state": "Tennessee", "type": "Manufacturing Hub"}, "geometry": {"type": "Point", "coordinates": [-89.8926, 35.1586]}}, {"type": "Feature", "properties": {"name": "Rowlett Manufacturing District", "city": "Rowlett", "state": "Texas", "type": "Manufacturing Hub"}, "geometry": {"type": "Point", "coordinates": [-96.6038, 32.9282]}}, {"type": "Feature", "properties": {"name": "Rowlett Logistics Park", "city": "Rowlett", "state": "Texas", "type": "Manufacturing Hub"}, "geometry": {"type": "Point", "coordinates": [-96.5656, 32.9161]}}, {"type": "Feature", "properties": {"name": "Rowlett Auto Manufacturing Hub", "city": "Rowlett", "state": "Texas", "type": "Manufacturing Hub"}, "geometry": {"type": "Point", "coordinates": [-96.4942, 32.9651]}}, {"type": "Feature", "properties": {"name": "Novi Textile District", "city": "Novi", "state": "Michigan", "type": "Manufacturing Hub"}, "geometry": {"type": "Point", "coordinates": [-83.5229, 42.4809]}}, {"type": "Feature", "properties": {"name": "Novi Industrial Complex", "city": "Novi", "state": "Michigan", "type": "Manufacturing Hub"}, "geometry": {"type": "Point", "coordinates": [-83.4347, 42.477]}}, {"type": "Feature", "properties": {"name": "Novi Packaging District", "city": "Novi", "state": "Michigan", "type": "Manufacturing Hub"}, "geometry": {"type": "Point", "coordinates": [-83.5365, 42.5474]}}, {"type": "Feature", "properties": {"name": "White Plains Production Hub", "city": "White Plains", "state": "New York", "type": "Manufacturing Hub"}, "geometry": {"type": "Point", "coordinates": [-73.8213, 40.9729]}}, {"type": "Feature", "properties": {"name": "Arcadia Auto Manufacturing Hub", "city": "Arcadia", "state": "California", "type": "Manufacturing Hub"}, "geometry": {"type": "Point", "coordinates": [-117.9395, 34.1449]}}, {"type": "Feature", "properties": {"name": "Arcadia Assembly Plant District", "city": "Arcadia", "state": "California", "type": "Manufacturing Hub"}, "geometry": {"type": "Point", "coordinates": [-117.9887, 34.2084]}}, {"type": "Feature", "properties": {"name": "Tinley Park Warehouse District", "city": "Tinley Park", "state": "Illinois", "type": "Manufacturing Hub"}, "geometry": {"type": "Point", "coordinates": [-87.8511, 41.5098]}}, {"type": "Feature", "properties": {"name": "Tinley Park Industrial Park", "city": "Tinley Park", "state": "Illinois", "type": "Manufacturing Hub"}, "geometry": {"type": "Point", "coordinates": [-87.8619, 41.5945]}}, {"type": "Feature", "properties": {"name": "Port Orange Textile District", "city": "Port Orange", "state": "Florida", "type": "Manufacturing Hub"}, "geometry": {"type": "Point", "coordinates": [-81.0212, 29.1099]}}, {"type": "Feature", "properties": {"name": "Port Orange Chemical Plant Zone", "city": "Port Orange", "state": "Florida", "type": "Manufacturing Hub"}, "geometry": {"type": "Point", "coordinates": [-81.065, 29.1099]}}, {"type": "Feature", "properties": {"name": "Oak Lawn Industrial Zone", "city": "Oak Lawn", "state": "Illinois", "type": "Manufacturing Hub"}, "geometry": {"type": "Point", "coordinates": [-87.8328, 41.6535]}}, {"type": "Feature", "properties": {"name": "Oak Lawn Auto Manufacturing Hub", "city": "Oak Lawn", "state": "Illinois", "type": "Manufacturing Hub"}, "geometry": {"type": "Point", "coordinates": [-87.6785, 41.7844]}}, {"type": "Feature", "properties": {"name": "Oak Lawn Logistics Park", "city": "Oak Lawn", "state": "Illinois", "type": "Manufacturing Hub"}, "geometry": {"type": "Point", "coordinates": [-87.7793, 41.7136]}}, {"type": "Feature", "properties": {"name": "Kokomo Industrial Park", "city": "Kokomo", "state": "Indiana", "type": "Manufacturing Hub"}, "geometry": {"type": "Point", "coordinates": [-86.0395, 40.4649]}}, {"type": "Feature", "properties": {"name": "Kokomo Textile District", "city": "Kokomo", "state": "Indiana", "type": "Manufacturing Hub"}, "geometry": {"type": "Point", "coordinates": [-86.0443, 40.4787]}}, {"type": "Feature", "properties": {"name": "Kokomo Distribution Center", "city": "Kokomo", "state": "Indiana", "type": "Manufacturing Hub"}, "geometry": {"type": "Point", "coordinates": [-86.1864, 40.4616]}}, {"type": "Feature", "properties": {"name": "Kokomo Textile District", "city": "Kokomo", "state": "Indiana", "type": "Manufacturing Hub"}, "geometry": {"type": "Point", "coordinates": [-86.0417, 40.4377]}}, {"type": "Feature", "properties": {"name": "Berwyn Auto Manufacturing Hub", "city": "Berwyn", "state": "Illinois", "type": "Manufacturing Hub"}, "geometry": {"type": "Point", "coordinates": [-87.8432, 41.7866]}}, {"type": "Feature", "properties": {"name": "Berwyn Industrial Complex", "city": "Berwyn", "state": "Illinois", "type": "Manufacturing Hub"}, "geometry": {"type": "Point", "coordinates": [-87.8271, 41.8896]}}, {"type": "Feature", "properties": {"name": "Fountain Valley Auto Manufacturing Hub", "city": "Fountain Valley", "state": "California", "type": "Manufacturing Hub"}, "geometry": {"type": "Point", "coordinates": [-118.0422, 33.7518]}}, {"type": "Feature", "properties": {"name": "Fountain Valley Chemical Plant Zone", "city": "Fountain Valley", "state": "California", "type": "Manufacturing Hub"}, "geometry": {"type": "Point", "coordinates": [-118.0046, 33.6577]}}, {"type": "Feature", "properties": {"name": "Fountain Valley Industrial Zone", "city": "Fountain Valley", "state": "California", "type": "Manufacturing Hub"}, "geometry": {"type": "Point", "coordinates": [-118.0312, 33.7529]}}, {"type": "Feature", "properties": {"name": "Buckeye Auto Manufacturing Hub", "city": "Buckeye", "state": "Arizona", "type": "Manufacturing Hub"}, "geometry": {"type": "Point", "coordinates": [-112.5102, 33.4345]}}, {"type": "Feature", "properties": {"name": "Buckeye Industrial Zone", "city": "Buckeye", "state": "Arizona", "type": "Manufacturing Hub"}, "geometry": {"type": "Point", "coordinates": [-112.5584, 33.3183]}}, {"type": "Feature", "properties": {"name": "Dearborn Heights Logistics Park", "city": "Dearborn Heights", "state": "Michigan", "type": "Manufacturing Hub"}, "geometry": {"type": "Point", "coordinates": [-83.2179, 42.2886]}}, {"type": "Feature", "properties": {"name": "Woodland Production Hub", "city": "Woodland", "state": "California", "type": "Manufacturing Hub"}, "geometry": {"type": "Point", "coordinates": [-121.7676, 38.7132]}}, {"type": "Feature", "properties": {"name": "Woodland Industrial Park", "city": "Woodland", "state": "California", "type": "Manufacturing Hub"}, "geometry": {"type": "Point", "coordinates": [-121.7447, 38.706]}}, {"type": "Feature", "properties": {"name": "Noblesville Industrial Complex", "city": "Noblesville", "state": "Indiana", "type": "Manufacturing Hub"}, "geometry": {"type": "Point", "coordinates": [-86.0965, 40.0145]}}, {"type": "Feature", "properties": {"name": "Noblesville Chemical Plant Zone", "city": "Noblesville", "state": "Indiana", "type": "Manufacturing Hub"}, "geometry": {"type": "Point", "coordinates": [-86.047, 40.0547]}}, {"type": "Feature", "properties": {"name": "Valdosta Production Hub", "city": "Valdosta", "state": "Georgia", "type": "Manufacturing Hub"}, "geometry": {"type": "Point", "coordinates": [-83.2144, 30.7839]}}, {"type": "Feature", "properties": {"name": "Manhattan Industrial Park", "city": "Manhattan", "state": "Kansas", "type": "Manufacturing Hub"}, "geometry": {"type": "Point", "coordinates": [-96.5115, 39.1464]}}, {"type": "Feature", "properties": {"name": "Manhattan Chemical Plant Zone", "city": "Manhattan", "state": "Kansas", "type": "Manufacturing Hub"}, "geometry": {"type": "Point", "coordinates": [-96.49, 39.1481]}}, {"type": "Feature", "properties": {"name": "Sanford Textile District", "city": "Sanford", "state": "Florida", "type": "Manufacturing Hub"}, "geometry": {"type": "Point", "coordinates": [-81.3309, 28.8566]}}, {"type": "Feature", "properties": {"name": "Sanford Industrial Complex", "city": "Sanford", "state": "Florida", "type": "Manufacturing Hub"}, "geometry": {"type": "Point", "coordinates": [-81.2757, 28.7362]}}, {"type": "Feature", "properties": {"name": "Kettering Production Hub", "city": "Kettering", "state": "Ohio", "type": "Manufacturing Hub"}, "geometry": {"type": "Point", "coordinates": [-84.1158, 39.7329]}}, {"type": "Feature", "properties": {"name": "Kettering Distribution Center", "city": "Kettering", "state": "Ohio", "type": "Manufacturing Hub"}, "geometry": {"type": "Point", "coordinates": [-84.0858, 39.7508]}}, {"type": "Feature", "properties": {"name": "Kettering Manufacturing District", "city": "Kettering", "state": "Ohio", "type": "Manufacturing Hub"}, "geometry": {"type": "Point", "coordinates": [-84.1124, 39.6596]}}, {"type": "Feature", "properties": {"name": "Kettering Logistics Park", "city": "Kettering", "state": "Ohio", "type": "Manufacturing Hub"}, "geometry": {"type": "Point", "coordinates": [-84.1117, 39.6579]}}, {"type": "Feature", "properties": {"name": "Decatur Aerospace Corridor", "city": "Decatur", "state": "Alabama", "type": "Manufacturing Hub"}, "geometry": {"type": "Point", "coordinates": [-86.9852, 34.5762]}}, {"type": "Feature", "properties": {"name": "Decatur Aerospace Corridor", "city": "Decatur", "state": "Alabama", "type": "Manufacturing Hub"}, "geometry": {"type": "Point", "coordinates": [-87.0396, 34.5868]}}, {"type": "Feature", "properties": {"name": "Decatur Aerospace Corridor", "city": "Decatur", "state": "Alabama", "type": "Manufacturing Hub"}, "geometry": {"type": "Point", "coordinates": [-86.9088, 34.5852]}}, {"type": "Feature", "properties": {"name": "Chicopee Industrial Park", "city": "Chicopee", "state": "Massachusetts", "type": "Manufacturing Hub"}, "geometry": {"type": "Point", "coordinates": [-72.687, 42.1579]}}, {"type": "Feature", "properties": {"name": "Chicopee Logistics Park", "city": "Chicopee", "state": "Massachusetts", "type": "Manufacturing Hub"}, "geometry": {"type": "Point", "coordinates": [-72.6638, 42.0841]}}, {"type": "Feature", "properties": {"name": "Margate Distribution Center", "city": "Margate", "state": "Florida", "type": "Manufacturing Hub"}, "geometry": {"type": "Point", "coordinates": [-80.2044, 26.1777]}}, {"type": "Feature", "properties": {"name": "Margate Chemical Plant Zone", "city": "Margate", "state": "Florida", "type": "Manufacturing Hub"}, "geometry": {"type": "Point", "coordinates": [-80.1475, 26.2575]}}, {"type": "Feature", "properties": {"name": "Weymouth Town Industrial Park", "city": "Weymouth Town", "state": "Massachusetts", "type": "Manufacturing Hub"}, "geometry": {"type": "Point", "coordinates": [-70.9676, 42.2802]}}, {"type": "Feature", "properties": {"name": "Hempstead Steel District", "city": "Hempstead", "state": "New York", "type": "Manufacturing Hub"}, "geometry": {"type": "Point", "coordinates": [-73.5468, 40.7554]}}, {"type": "Feature", "properties": {"name": "Hempstead Production Hub", "city": "Hempstead", "state": "New York", "type": "Manufacturing Hub"}, "geometry": {"type": "Point", "coordinates": [-73.6937, 40.6507]}}, {"type": "Feature", "properties": {"name": "Eastvale Chemical Plant Zone", "city": "Eastvale", "state": "California", "type": "Manufacturing Hub"}, "geometry": {"type": "Point", "coordinates": [-117.5136, 33.9377]}}, {"type": "Feature", "properties": {"name": "Eastvale Food Processing Hub", "city": "Eastvale", "state": "California", "type": "Manufacturing Hub"}, "geometry": {"type": "Point", "coordinates": [-117.675, 33.9305]}}, {"type": "Feature", "properties": {"name": "Porterville Aerospace Corridor", "city": "Porterville", "state": "California", "type": "Manufacturing Hub"}, "geometry": {"type": "Point", "coordinates": [-119.0889, 36.0983]}}, {"type": "Feature", "properties": {"name": "Porterville Packaging District", "city": "Porterville", "state": "California", "type": "Manufacturing Hub"}, "geometry": {"type": "Point", "coordinates": [-118.9277, 36.1072]}}, {"type": "Feature", "properties": {"name": "West Haven Food Processing Hub", "city": "West Haven", "state": "Connecticut", "type": "Manufacturing Hub"}, "geometry": {"type": "Point", "coordinates": [-72.8937, 41.2285]}}, {"type": "Feature", "properties": {"name": "Paramount Manufacturing District", "city": "Paramount", "state": "California", "type": "Manufacturing Hub"}, "geometry": {"type": "Point", "coordinates": [-118.2295, 33.8955]}}, {"type": "Feature", "properties": {"name": "Grand Forks Industrial Park", "city": "Grand Forks", "state": "North Dakota", "type": "Manufacturing Hub"}, "geometry": {"type": "Point", "coordinates": [-97.1211, 47.9441]}}, {"type": "Feature", "properties": {"name": "Shoreline Production Hub", "city": "Shoreline", "state": "Washington", "type": "Manufacturing Hub"}, "geometry": {"type": "Point", "coordinates": [-122.3313, 47.7021]}}, {"type": "Feature", "properties": {"name": "Mount Prospect Manufacturing District", "city": "Mount Prospect", "state": "Illinois", "type": "Manufacturing Hub"}, "geometry": {"type": "Point", "coordinates": [-87.9224, 42.1]}}, {"type": "Feature", "properties": {"name": "Mount Prospect Production Hub", "city": "Mount Prospect", "state": "Illinois", "type": "Manufacturing Hub"}, "geometry": {"type": "Point", "coordinates": [-87.9257, 42.0465]}}, {"type": "Feature", "properties": {"name": "Hanford Food Processing Hub", "city": "Hanford", "state": "California", "type": "Manufacturing Hub"}, "geometry": {"type": "Point", "coordinates": [-119.7359, 36.3668]}}, {"type": "Feature", "properties": {"name": "Hanford Industrial Zone", "city": "Hanford", "state": "California", "type": "Manufacturing Hub"}, "geometry": {"type": "Point", "coordinates": [-119.6549, 36.2963]}}, {"type": "Feature", "properties": {"name": "Normal Assembly Plant District", "city": "Normal", "state": "Illinois", "type": "Manufacturing Hub"}, "geometry": {"type": "Point", "coordinates": [-88.9684, 40.5211]}}, {"type": "Feature", "properties": {"name": "Normal Distribution Center", "city": "Normal", "state": "Illinois", "type": "Manufacturing Hub"}, "geometry": {"type": "Point", "coordinates": [-89.0107, 40.4536]}}, {"type": "Feature", "properties": {"name": "Lehi Warehouse District", "city": "Lehi", "state": "Utah", "type": "Manufacturing Hub"}, "geometry": {"type": "Point", "coordinates": [-111.8905, 40.385]}}, {"type": "Feature", "properties": {"name": "Lehi Logistics Park", "city": "Lehi", "state": "Utah", "type": "Manufacturing Hub"}, "geometry": {"type": "Point", "coordinates": [-111.7704, 40.434]}}, {"type": "Feature", "properties": {"name": "Pocatello Packaging District", "city": "Pocatello", "state": "Idaho", "type": "Manufacturing Hub"}, "geometry": {"type": "Point", "coordinates": [-112.5341, 42.8481]}}, {"type": "Feature", "properties": {"name": "Pocatello Industrial Zone", "city": "Pocatello", "state": "Idaho", "type": "Manufacturing Hub"}, "geometry": {"type": "Point", "coordinates": [-112.5418, 42.894]}}, {"type": "Feature", "properties": {"name": "Novato Food Processing Hub", "city": "Novato", "state": "California", "type": "Manufacturing Hub"}, "geometry": {"type": "Point", "coordinates": [-122.5372, 38.1084]}}, {"type": "Feature", "properties": {"name": "Novato Auto Manufacturing Hub", "city": "Novato", "state": "California", "type": "Manufacturing Hub"}, "geometry": {"type": "Point", "coordinates": [-122.6174, 38.0606]}}, {"type": "Feature", "properties": {"name": "Novato Logistics Park", "city": "Novato", "state": "California", "type": "Manufacturing Hub"}, "geometry": {"type": "Point", "coordinates": [-122.6502, 38.0939]}}, {"type": "Feature", "properties": {"name": "Novato Production Hub", "city": "Novato", "state": "California", "type": "Manufacturing Hub"}, "geometry": {"type": "Point", "coordinates": [-122.6197, 38.0632]}}, {"type": "Feature", "properties": {"name": "Port Arthur Manufacturing District", "city": "Port Arthur", "state": "Texas", "type": "Manufacturing Hub"}, "geometry": {"type": "Point", "coordinates": [-93.8777, 29.931]}}, {"type": "Feature", "properties": {"name": "Port Arthur Auto Manufacturing Hub", "city": "Port Arthur", "state": "Texas", "type": "Manufacturing Hub"}, "geometry": {"type": "Point", "coordinates": [-93.8636, 29.8228]}}, {"type": "Feature", "properties": {"name": "Port Arthur Manufacturing District", "city": "Port Arthur", "state": "Texas", "type": "Manufacturing Hub"}, "geometry": {"type": "Point", "coordinates": [-94.0374, 29.9475]}}, {"type": "Feature", "properties": {"name": "Pflugerville Industrial Complex", "city": "Pflugerville", "state": "Texas", "type": "Manufacturing Hub"}, "geometry": {"type": "Point", "coordinates": [-97.6279, 30.4752]}}, {"type": "Feature", "properties": {"name": "Pflugerville Production Hub", "city": "Pflugerville", "state": "Texas", "type": "Manufacturing Hub"}, "geometry": {"type": "Point", "coordinates": [-97.5527, 30.4099]}}, {"type": "Feature", "properties": {"name": "Greenwood Logistics Park", "city": "Greenwood", "state": "Indiana", "type": "Manufacturing Hub"}, "geometry": {"type": "Point", "coordinates": [-86.0093, 39.6502]}}, {"type": "Feature", "properties": {"name": "Greenwood Auto Manufacturing Hub", "city": "Greenwood", "state": "Indiana", "type": "Manufacturing Hub"}, "geometry": {"type": "Point", "coordinates": [-86.1097, 39.5652]}}, {"type": "Feature", "properties": {"name": "Greenwood Distribution Center", "city": "Greenwood", "state": "Indiana", "type": "Manufacturing Hub"}, "geometry": {"type": "Point", "coordinates": [-86.1337, 39.6282]}}, {"type": "Feature", "properties": {"name": "Greenwood Chemical Plant Zone", "city": "Greenwood", "state": "Indiana", "type": "Manufacturing Hub"}, "geometry": {"type": "Point", "coordinates": [-86.0129, 39.6209]}}, {"type": "Feature", "properties": {"name": "Bellevue Manufacturing District", "city": "Bellevue", "state": "Nebraska", "type": "Manufacturing Hub"}, "geometry": {"type": "Point", "coordinates": [-95.8966, 41.1669]}}, {"type": "Feature", "properties": {"name": "Wheaton Industrial Complex", "city": "Wheaton", "state": "Illinois", "type": "Manufacturing Hub"}, "geometry": {"type": "Point", "coordinates": [-88.1805, 41.8164]}}, {"type": "Feature", "properties": {"name": "Sarasota Assembly Plant District", "city": "Sarasota", "state": "Florida", "type": "Manufacturing Hub"}, "geometry": {"type": "Point", "coordinates": [-82.5692, 27.361]}}, {"type": "Feature", "properties": {"name": "Blue Springs Production Hub", "city": "Blue Springs", "state": "Missouri", "type": "Manufacturing Hub"}, "geometry": {"type": "Point", "coordinates": [-94.2992, 39.0617]}}, {"type": "Feature", "properties": {"name": "Blue Springs Manufacturing District", "city": "Blue Springs", "state": "Missouri", "type": "Manufacturing Hub"}, "geometry": {"type": "Point", "coordinates": [-94.2344, 39.0692]}}, {"type": "Feature", "properties": {"name": "Colton Manufacturing District", "city": "Colton", "state": "California", "type": "Manufacturing Hub"}, "geometry": {"type": "Point", "coordinates": [-117.3551, 34.071]}}, {"type": "Feature", "properties": {"name": "Colton Production Hub", "city": "Colton", "state": "California", "type": "Manufacturing Hub"}, "geometry": {"type": "Point", "coordinates": [-117.2464, 34.0781]}}, {"type": "Feature", "properties": {"name": "Colton Auto Manufacturing Hub", "city": "Colton", "state": "California", "type": "Manufacturing Hub"}, "geometry": {"type": "Point", "coordinates": [-117.2344, 34.0286]}}, {"type": "Feature", "properties": {"name": "Euless Distribution Center", "city": "Euless", "state": "Texas", "type": "Manufacturing Hub"}, "geometry": {"type": "Point", "coordinates": [-97.1395, 32.7771]}}, {"type": "Feature", "properties": {"name": "Euless Manufacturing District", "city": "Euless", "state": "Texas", "type": "Manufacturing Hub"}, "geometry": {"type": "Point", "coordinates": [-97.1118, 32.8388]}}, {"type": "Feature", "properties": {"name": "Castle Rock Auto Manufacturing Hub", "city": "Castle Rock", "state": "Colorado", "type": "Manufacturing Hub"}, "geometry": {"type": "Point", "coordinates": [-104.8696, 39.3276]}}, {"type": "Feature", "properties": {"name": "Castle Rock Distribution Center", "city": "Castle Rock", "state": "Colorado", "type": "Manufacturing Hub"}, "geometry": {"type": "Point", "coordinates": [-104.9482, 39.3641]}}, {"type": "Feature", "properties": {"name": "Cathedral City Auto Manufacturing Hub", "city": "Cathedral City", "state": "California", "type": "Manufacturing Hub"}, "geometry": {"type": "Point", "coordinates": [-116.5402, 33.7158]}}, {"type": "Feature", "properties": {"name": "Cathedral City Logistics Park", "city": "Cathedral City", "state": "California", "type": "Manufacturing Hub"}, "geometry": {"type": "Point", "coordinates": [-116.5244, 33.7391]}}, {"type": "Feature", "properties": {"name": "Kingsport Packaging District", "city": "Kingsport", "state": "Tennessee", "type": "Manufacturing Hub"}, "geometry": {"type": "Point", "coordinates": [-82.597, 36.5563]}}, {"type": "Feature", "properties": {"name": "Pensacola Distribution Center", "city": "Pensacola", "state": "Florida", "type": "Manufacturing Hub"}, "geometry": {"type": "Point", "coordinates": [-87.3104, 30.4363]}}, {"type": "Feature", "properties": {"name": "Pensacola Food Processing Hub", "city": "Pensacola", "state": "Florida", "type": "Manufacturing Hub"}, "geometry": {"type": "Point", "coordinates": [-87.1392, 30.4889]}}, {"type": "Feature", "properties": {"name": "Hoboken Industrial Zone", "city": "Hoboken", "state": "New Jersey", "type": "Manufacturing Hub"}, "geometry": {"type": "Point", "coordinates": [-74.0552, 40.6914]}}, {"type": "Feature", "properties": {"name": "Hoboken Textile District", "city": "Hoboken", "state": "New Jersey", "type": "Manufacturing Hub"}, "geometry": {"type": "Point", "coordinates": [-74.0832, 40.7822]}}, {"type": "Feature", "properties": {"name": "Yucaipa Textile District", "city": "Yucaipa", "state": "California", "type": "Manufacturing Hub"}, "geometry": {"type": "Point", "coordinates": [-117.1312, 33.9654]}}, {"type": "Feature", "properties": {"name": "Yucaipa Industrial Complex", "city": "Yucaipa", "state": "California", "type": "Manufacturing Hub"}, "geometry": {"type": "Point", "coordinates": [-117.129, 34.087]}}, {"type": "Feature", "properties": {"name": "Yucaipa Auto Manufacturing Hub", "city": "Yucaipa", "state": "California", "type": "Manufacturing Hub"}, "geometry": {"type": "Point", "coordinates": [-117.0483, 34.0771]}}, {"type": "Feature", "properties": {"name": "Watsonville Food Processing Hub", "city": "Watsonville", "state": "California", "type": "Manufacturing Hub"}, "geometry": {"type": "Point", "coordinates": [-121.7641, 36.8943]}}, {"type": "Feature", "properties": {"name": "Watsonville Auto Manufacturing Hub", "city": "Watsonville", "state": "California", "type": "Manufacturing Hub"}, "geometry": {"type": "Point", "coordinates": [-121.7298, 36.9676]}}, {"type": "Feature", "properties": {"name": "Richland Industrial Zone", "city": "Richland", "state": "Washington", "type": "Manufacturing Hub"}, "geometry": {"type": "Point", "coordinates": [-119.3298, 46.2924]}}, {"type": "Feature", "properties": {"name": "Delano Packaging District", "city": "Delano", "state": "California", "type": "Manufacturing Hub"}, "geometry": {"type": "Point", "coordinates": [-119.2476, 35.8043]}}, {"type": "Feature", "properties": {"name": "Delano Assembly Plant District", "city": "Delano", "state": "California", "type": "Manufacturing Hub"}, "geometry": {"type": "Point", "coordinates": [-119.3096, 35.8037]}}, {"type": "Feature", "properties": {"name": "Delano Industrial Complex", "city": "Delano", "state": "California", "type": "Manufacturing Hub"}, "geometry": {"type": "Point", "coordinates": [-119.2639, 35.7953]}}, {"type": "Feature", "properties": {"name": "Hoffman Estates Packaging District", "city": "Hoffman Estates", "state": "Illinois", "type": "Manufacturing Hub"}, "geometry": {"type": "Point", "coordinates": [-88.1043, 42.0296]}}, {"type": "Feature", "properties": {"name": "Florissant Aerospace Corridor", "city": "Florissant", "state": "Missouri", "type": "Manufacturing Hub"}, "geometry": {"type": "Point", "coordinates": [-90.4014, 38.8164]}}, {"type": "Feature", "properties": {"name": "Florissant Industrial Complex", "city": "Florissant", "state": "Missouri", "type": "Manufacturing Hub"}, "geometry": {"type": "Point", "coordinates": [-90.2272, 38.8338]}}, {"type": "Feature", "properties": {"name": "Dublin Industrial Zone", "city": "Dublin", "state": "California", "type": "Manufacturing Hub"}, "geometry": {"type": "Point", "coordinates": [-121.9032, 37.7171]}}, {"type": "Feature", "properties": {"name": "Dublin Logistics Park", "city": "Dublin", "state": "California", "type": "Manufacturing Hub"}, "geometry": {"type": "Point", "coordinates": [-121.9252, 37.6624]}}, {"type": "Feature", "properties": {"name": "Dublin Warehouse District", "city": "Dublin", "state": "California", "type": "Manufacturing Hub"}, "geometry": {"type": "Point", "coordinates": [-121.986, 37.7544]}}, {"type": "Feature", "properties": {"name": "Peabody Aerospace Corridor", "city": "Peabody", "state": "Massachusetts", "type": "Manufacturing Hub"}, "geometry": {"type": "Point", "coordinates": [-70.86, 42.5358]}}, {"type": "Feature", "properties": {"name": "Battle Creek Auto Manufacturing Hub", "city": "Battle Creek", "state": "Michigan", "type": "Manufacturing Hub"}, "geometry": {"type": "Point", "coordinates": [-85.2067, 42.283]}}, {"type": "Feature", "properties": {"name": "Battle Creek Industrial Complex", "city": "Battle Creek", "state": "Michigan", "type": "Manufacturing Hub"}, "geometry": {"type": "Point", "coordinates": [-85.2535, 42.2916]}}, {"type": "Feature", "properties": {"name": "Battle Creek Assembly Plant District", "city": "Battle Creek", "state": "Michigan", "type": "Manufacturing Hub"}, "geometry": {"type": "Point", "coordinates": [-85.2419, 42.343]}}, {"type": "Feature", "properties": {"name": "Battle Creek Warehouse District", "city": "Battle Creek", "state": "Michigan", "type": "Manufacturing Hub"}, "geometry": {"type": "Point", "coordinates": [-85.1344, 42.3849]}}, {"type": "Feature", "properties": {"name": "Bradenton Steel District", "city": "Bradenton", "state": "Florida", "type": "Manufacturing Hub"}, "geometry": {"type": "Point", "coordinates": [-82.4811, 27.4338]}}, {"type": "Feature", "properties": {"name": "Gilroy Industrial Complex", "city": "Gilroy", "state": "California", "type": "Manufacturing Hub"}, "geometry": {"type": "Point", "coordinates": [-121.5517, 37.0435]}}, {"type": "Feature", "properties": {"name": "Gilroy Auto Manufacturing Hub", "city": "Gilroy", "state": "California", "type": "Manufacturing Hub"}, "geometry": {"type": "Point", "coordinates": [-121.5592, 37.0073]}}, {"type": "Feature", "properties": {"name": "Milford Food Processing Hub", "city": "Milford", "state": "Connecticut", "type": "Manufacturing Hub"}, "geometry": {"type": "Point", "coordinates": [-73.0432, 41.2397]}}, {"type": "Feature", "properties": {"name": "La Crosse Textile District", "city": "La Crosse", "state": "Wisconsin", "type": "Manufacturing Hub"}, "geometry": {"type": "Point", "coordinates": [-91.3319, 43.7986]}}, {"type": "Feature", "properties": {"name": "La Crosse Aerospace Corridor", "city": "La Crosse", "state": "Wisconsin", "type": "Manufacturing Hub"}, "geometry": {"type": "Point", "coordinates": [-91.1519, 43.8349]}}, {"type": "Feature", "properties": {"name": "La Crosse Manufacturing District", "city": "La Crosse", "state": "Wisconsin", "type": "Manufacturing Hub"}, "geometry": {"type": "Point", "coordinates": [-91.1759, 43.8659]}}, {"type": "Feature", "properties": {"name": "Burlington Assembly Plant District", "city": "Burlington", "state": "North Carolina", "type": "Manufacturing Hub"}, "geometry": {"type": "Point", "coordinates": [-79.3489, 36.1642]}}, {"type": "Feature", "properties": {"name": "Burlington Auto Manufacturing Hub", "city": "Burlington", "state": "North Carolina", "type": "Manufacturing Hub"}, "geometry": {"type": "Point", "coordinates": [-79.376, 36.1626]}}, {"type": "Feature", "properties": {"name": "DeSoto Production Hub", "city": "DeSoto", "state": "Texas", "type": "Manufacturing Hub"}, "geometry": {"type": "Point", "coordinates": [-96.8972, 32.6369]}}, {"type": "Feature", "properties": {"name": "Lakewood Textile District", "city": "Lakewood", "state": "Ohio", "type": "Manufacturing Hub"}, "geometry": {"type": "Point", "coordinates": [-81.829, 41.472]}}, {"type": "Feature", "properties": {"name": "Lakewood Distribution Center", "city": "Lakewood", "state": "Ohio", "type": "Manufacturing Hub"}, "geometry": {"type": "Point", "coordinates": [-81.7496, 41.4475]}}, {"type": "Feature", "properties": {"name": "Lakewood Manufacturing District", "city": "Lakewood", "state": "Ohio", "type": "Manufacturing Hub"}, "geometry": {"type": "Point", "coordinates": [-81.8025, 41.4248]}}, {"type": "Feature", "properties": {"name": "Lakewood Chemical Plant Zone", "city": "Lakewood", "state": "Ohio", "type": "Manufacturing Hub"}, "geometry": {"type": "Point", "coordinates": [-81.7404, 41.5247]}}, {"type": "Feature", "properties": {"name": "Glendora Food Processing Hub", "city": "Glendora", "state": "California", "type": "Manufacturing Hub"}, "geometry": {"type": "Point", "coordinates": [-117.9611, 34.1742]}}, {"type": "Feature", "properties": {"name": "Glendora Aerospace Corridor", "city": "Glendora", "state": "California", "type": "Manufacturing Hub"}, "geometry": {"type": "Point", "coordinates": [-117.9059, 34.1555]}}, {"type": "Feature", "properties": {"name": "Glendora Distribution Center", "city": "Glendora", "state": "California", "type": "Manufacturing Hub"}, "geometry": {"type": "Point", "coordinates": [-117.8148, 34.1854]}}, {"type": "Feature", "properties": {"name": "Joplin Textile District", "city": "Joplin", "state": "Missouri", "type": "Manufacturing Hub"}, "geometry": {"type": "Point", "coordinates": [-94.4408, 37.1415]}}, {"type": "Feature", "properties": {"name": "Enid Manufacturing District", "city": "Enid", "state": "Oklahoma", "type": "Manufacturing Hub"}, "geometry": {"type": "Point", "coordinates": [-97.9586, 36.3323]}}, {"type": "Feature", "properties": {"name": "Palm Desert Chemical Plant Zone", "city": "Palm Desert", "state": "California", "type": "Manufacturing Hub"}, "geometry": {"type": "Point", "coordinates": [-116.3492, 33.7415]}}, {"type": "Feature", "properties": {"name": "Palm Desert Textile District", "city": "Palm Desert", "state": "California", "type": "Manufacturing Hub"}, "geometry": {"type": "Point", "coordinates": [-116.2811, 33.6645]}}, {"type": "Feature", "properties": {"name": "Huntersville Textile District", "city": "Huntersville", "state": "North Carolina", "type": "Manufacturing Hub"}, "geometry": {"type": "Point", "coordinates": [-80.8557, 35.4648]}}, {"type": "Feature", "properties": {"name": "Huntersville Manufacturing District", "city": "Huntersville", "state": "North Carolina", "type": "Manufacturing Hub"}, "geometry": {"type": "Point", "coordinates": [-80.8403, 35.36]}}, {"type": "Feature", "properties": {"name": "Tigard Auto Manufacturing Hub", "city": "Tigard", "state": "Oregon", "type": "Manufacturing Hub"}, "geometry": {"type": "Point", "coordinates": [-122.8688, 45.4883]}}, {"type": "Feature", "properties": {"name": "Doral Industrial Zone", "city": "Doral", "state": "Florida", "type": "Manufacturing Hub"}, "geometry": {"type": "Point", "coordinates": [-80.3008, 25.758]}}, {"type": "Feature", "properties": {"name": "Doral Assembly Plant District", "city": "Doral", "state": "Florida", "type": "Manufacturing Hub"}, "geometry": {"type": "Point", "coordinates": [-80.4531, 25.8865]}}, {"type": "Feature", "properties": {"name": "Apple Valley Logistics Park", "city": "Apple Valley", "state": "Minnesota", "type": "Manufacturing Hub"}, "geometry": {"type": "Point", "coordinates": [-93.1848, 44.7709]}}, {"type": "Feature", "properties": {"name": "Aliso Viejo Industrial Park", "city": "Aliso Viejo", "state": "California", "type": "Manufacturing Hub"}, "geometry": {"type": "Point", "coordinates": [-117.7817, 33.5429]}}, {"type": "Feature", "properties": {"name": "Sammamish Food Processing Hub", "city": "Sammamish", "state": "Washington", "type": "Manufacturing Hub"}, "geometry": {"type": "Point", "coordinates": [-121.9472, 47.6041]}}, {"type": "Feature", "properties": {"name": "Sammamish Auto Manufacturing Hub", "city": "Sammamish", "state": "Washington", "type": "Manufacturing Hub"}, "geometry": {"type": "Point", "coordinates": [-122.1058, 47.5475]}}, {"type": "Feature", "properties": {"name": "Casa Grande Packaging District", "city": "Casa Grande", "state": "Arizona", "type": "Manufacturing Hub"}, "geometry": {"type": "Point", "coordinates": [-111.8311, 32.8984]}}, {"type": "Feature", "properties": {"name": "Pinellas Park Packaging District", "city": "Pinellas Park", "state": "Florida", "type": "Manufacturing Hub"}, "geometry": {"type": "Point", "coordinates": [-82.6605, 27.7903]}}, {"type": "Feature", "properties": {"name": "West Sacramento Warehouse District", "city": "West Sacramento", "state": "California", "type": "Manufacturing Hub"}, "geometry": {"type": "Point", "coordinates": [-121.5694, 38.57]}}, {"type": "Feature", "properties": {"name": "West Sacramento Industrial Park", "city": "West Sacramento", "state": "California", "type": "Manufacturing Hub"}, "geometry": {"type": "Point", "coordinates": [-121.4675, 38.6489]}}, {"type": "Feature", "properties": {"name": "West Sacramento Manufacturing District", "city": "West Sacramento", "state": "California", "type": "Manufacturing Hub"}, "geometry": {"type": "Point", "coordinates": [-121.5915, 38.5365]}}, {"type": "Feature", "properties": {"name": "Cerritos Industrial Park", "city": "Cerritos", "state": "California", "type": "Manufacturing Hub"}, "geometry": {"type": "Point", "coordinates": [-117.9878, 33.8054]}}, {"type": "Feature", "properties": {"name": "Downers Grove Production Hub", "city": "Downers Grove", "state": "Illinois", "type": "Manufacturing Hub"}, "geometry": {"type": "Point", "coordinates": [-87.9785, 41.8326]}}, {"type": "Feature", "properties": {"name": "Wilson Production Hub", "city": "Wilson", "state": "North Carolina", "type": "Manufacturing Hub"}, "geometry": {"type": "Point", "coordinates": [-77.9061, 35.6766]}}, {"type": "Feature", "properties": {"name": "Niagara Falls Assembly Plant District", "city": "Niagara Falls", "state": "New York", "type": "Manufacturing Hub"}, "geometry": {"type": "Point", "coordinates": [-79.0896, 43.1395]}}, {"type": "Feature", "properties": {"name": "Poway Assembly Plant District", "city": "Poway", "state": "California", "type": "Manufacturing Hub"}, "geometry": {"type": "Point", "coordinates": [-117.0566, 32.8993]}}, {"type": "Feature", "properties": {"name": "Poway Packaging District", "city": "Poway", "state": "California", "type": "Manufacturing Hub"}, "geometry": {"type": "Point", "coordinates": [-116.9745, 32.9016]}}, {"type": "Feature", "properties": {"name": "Edina Distribution Center", "city": "Edina", "state": "Minnesota", "type": "Manufacturing Hub"}, "geometry": {"type": "Point", "coordinates": [-93.3248, 44.899]}}, {"type": "Feature", "properties": {"name": "Cuyahoga Falls Manufacturing District", "city": "Cuyahoga Falls", "state": "Ohio", "type": "Manufacturing Hub"}, "geometry": {"type": "Point", "coordinates": [-81.5769, 41.1776]}}, {"type": "Feature", "properties": {"name": "Cuyahoga Falls Industrial Zone", "city": "Cuyahoga Falls", "state": "Ohio", "type": "Manufacturing Hub"}, "geometry": {"type": "Point", "coordinates": [-81.4341, 41.1637]}}, {"type": "Feature", "properties": {"name": "Cuyahoga Falls Logistics Park", "city": "Cuyahoga Falls", "state": "Ohio", "type": "Manufacturing Hub"}, "geometry": {"type": "Point", "coordinates": [-81.4426, 41.0728]}}, {"type": "Feature", "properties": {"name": "Harrisburg Industrial Park", "city": "Harrisburg", "state": "Pennsylvania", "type": "Manufacturing Hub"}, "geometry": {"type": "Point", "coordinates": [-76.9429, 40.3079]}}, {"type": "Feature", "properties": {"name": "Harrisburg Food Processing Hub", "city": "Harrisburg", "state": "Pennsylvania", "type": "Manufacturing Hub"}, "geometry": {"type": "Point", "coordinates": [-76.9446, 40.2716]}}, {"type": "Feature", "properties": {"name": "Logan Packaging District", "city": "Logan", "state": "Utah", "type": "Manufacturing Hub"}, "geometry": {"type": "Point", "coordinates": [-111.8558, 41.8008]}}, {"type": "Feature", "properties": {"name": "Galveston Industrial Zone", "city": "Galveston", "state": "Texas", "type": "Manufacturing Hub"}, "geometry": {"type": "Point", "coordinates": [-94.778, 29.3037]}}, {"type": "Feature", "properties": {"name": "Galveston Logistics Park", "city": "Galveston", "state": "Texas", "type": "Manufacturing Hub"}, "geometry": {"type": "Point", "coordinates": [-94.7482, 29.2705]}}, {"type": "Feature", "properties": {"name": "Galveston Auto Manufacturing Hub", "city": "Galveston", "state": "Texas", "type": "Manufacturing Hub"}, "geometry": {"type": "Point", "coordinates": [-94.7091, 29.2782]}}, {"type": "Feature", "properties": {"name": "Murray Manufacturing District", "city": "Murray", "state": "Utah", "type": "Manufacturing Hub"}, "geometry": {"type": "Point", "coordinates": [-111.8759, 40.6445]}}, {"type": "Feature", "properties": {"name": "East Lansing Textile District", "city": "East Lansing", "state": "Michigan", "type": "Manufacturing Hub"}, "geometry": {"type": "Point", "coordinates": [-84.5164, 42.7375]}}, {"type": "Feature", "properties": {"name": "Alexandria Production Hub", "city": "Alexandria", "state": "Louisiana", "type": "Manufacturing Hub"}, "geometry": {"type": "Point", "coordinates": [-92.5364, 31.2697]}}, {"type": "Feature", "properties": {"name": "Euclid Chemical Plant Zone", "city": "Euclid", "state": "Ohio", "type": "Manufacturing Hub"}, "geometry": {"type": "Point", "coordinates": [-81.5586, 41.6625]}}, {"type": "Feature", "properties": {"name": "Euclid Textile District", "city": "Euclid", "state": "Ohio", "type": "Manufacturing Hub"}, "geometry": {"type": "Point", "coordinates": [-81.6091, 41.6462]}}, {"type": "Feature", "properties": {"name": "Euclid Aerospace Corridor", "city": "Euclid", "state": "Ohio", "type": "Manufacturing Hub"}, "geometry": {"type": "Point", "coordinates": [-81.6099, 41.5275]}}, {"type": "Feature", "properties": {"name": "Leesburg Distribution Center", "city": "Leesburg", "state": "Virginia", "type": "Manufacturing Hub"}, "geometry": {"type": "Point", "coordinates": [-77.6387, 39.1186]}}, {"type": "Feature", "properties": {"name": "Hattiesburg Industrial Complex", "city": "Hattiesburg", "state": "Mississippi", "type": "Manufacturing Hub"}, "geometry": {"type": "Point", "coordinates": [-89.229, 31.3698]}}, {"type": "Feature", "properties": {"name": "Roseville Aerospace Corridor", "city": "Roseville", "state": "Michigan", "type": "Manufacturing Hub"}, "geometry": {"type": "Point", "coordinates": [-82.9283, 42.4498]}}, {"type": "Feature", "properties": {"name": "Roseville Industrial Complex", "city": "Roseville", "state": "Michigan", "type": "Manufacturing Hub"}, "geometry": {"type": "Point", "coordinates": [-82.8476, 42.5354]}}, {"type": "Feature", "properties": {"name": "Roseville Logistics Park", "city": "Roseville", "state": "Michigan", "type": "Manufacturing Hub"}, "geometry": {"type": "Point", "coordinates": [-83.0341, 42.4987]}}, {"type": "Feature", "properties": {"name": "Bonita Springs Auto Manufacturing Hub", "city": "Bonita Springs", "state": "Florida", "type": "Manufacturing Hub"}, "geometry": {"type": "Point", "coordinates": [-81.8354, 26.3133]}}, {"type": "Feature", "properties": {"name": "Portage Steel District", "city": "Portage", "state": "Michigan", "type": "Manufacturing Hub"}, "geometry": {"type": "Point", "coordinates": [-85.5971, 42.2179]}}, {"type": "Feature", "properties": {"name": "Portage Industrial Zone", "city": "Portage", "state": "Michigan", "type": "Manufacturing Hub"}, "geometry": {"type": "Point", "coordinates": [-85.6451, 42.1453]}}, {"type": "Feature", "properties": {"name": "St. Louis Park Distribution Center", "city": "St. Louis Park", "state": "Minnesota", "type": "Manufacturing Hub"}, "geometry": {"type": "Point", "coordinates": [-93.277, 45.0282]}}, {"type": "Feature", "properties": {"name": "Middletown Logistics Park", "city": "Middletown", "state": "Connecticut", "type": "Manufacturing Hub"}, "geometry": {"type": "Point", "coordinates": [-72.6908, 41.5588]}}, {"type": "Feature", "properties": {"name": "Mentor Industrial Zone", "city": "Mentor", "state": "Ohio", "type": "Manufacturing Hub"}, "geometry": {"type": "Point", "coordinates": [-81.2706, 41.703]}}, {"type": "Feature", "properties": {"name": "Mentor Distribution Center", "city": "Mentor", "state": "Ohio", "type": "Manufacturing Hub"}, "geometry": {"type": "Point", "coordinates": [-81.3236, 41.7029]}}, {"type": "Feature", "properties": {"name": "Mansfield Warehouse District", "city": "Mansfield", "state": "Ohio", "type": "Manufacturing Hub"}, "geometry": {"type": "Point", "coordinates": [-82.5068, 40.7276]}}, {"type": "Feature", "properties": {"name": "Mansfield Production Hub", "city": "Mansfield", "state": "Ohio", "type": "Manufacturing Hub"}, "geometry": {"type": "Point", "coordinates": [-82.4393, 40.7937]}}, {"type": "Feature", "properties": {"name": "Mansfield Assembly Plant District", "city": "Mansfield", "state": "Ohio", "type": "Manufacturing Hub"}, "geometry": {"type": "Point", "coordinates": [-82.5551, 40.7489]}}, {"type": "Feature", "properties": {"name": "Binghamton Steel District", "city": "Binghamton", "state": "New York", "type": "Manufacturing Hub"}, "geometry": {"type": "Point", "coordinates": [-75.8382, 42.113]}}, {"type": "Feature", "properties": {"name": "San Luis Obispo Chemical Plant Zone", "city": "San Luis Obispo", "state": "California", "type": "Manufacturing Hub"}, "geometry": {"type": "Point", "coordinates": [-120.5942, 35.2163]}}, {"type": "Feature", "properties": {"name": "Minot Industrial Zone", "city": "Minot", "state": "North Dakota", "type": "Manufacturing Hub"}, "geometry": {"type": "Point", "coordinates": [-101.3659, 48.2553]}}, {"type": "Feature", "properties": {"name": "Pine Bluff Aerospace Corridor", "city": "Pine Bluff", "state": "Arkansas", "type": "Manufacturing Hub"}, "geometry": {"type": "Point", "coordinates": [-91.9811, 34.1967]}}, {"type": "Feature", "properties": {"name": "Texas City Aerospace Corridor", "city": "Texas City", "state": "Texas", "type": "Manufacturing Hub"}, "geometry": {"type": "Point", "coordinates": [-94.8693, 29.3576]}}, {"type": "Feature", "properties": {"name": "Summerville Logistics Park", "city": "Summerville", "state": "South Carolina", "type": "Manufacturing Hub"}, "geometry": {"type": "Point", "coordinates": [-80.0988, 33.0358]}}, {"type": "Feature", "properties": {"name": "Summerville Industrial Zone", "city": "Summerville", "state": "South Carolina", "type": "Manufacturing Hub"}, "geometry": {"type": "Point", "coordinates": [-80.0863, 32.9624]}}, {"type": "Feature", "properties": {"name": "Twin Falls Steel District", "city": "Twin Falls", "state": "Idaho", "type": "Manufacturing Hub"}, "geometry": {"type": "Point", "coordinates": [-114.4053, 42.6328]}}, {"type": "Feature", "properties": {"name": "Jeffersonville Chemical Plant Zone", "city": "Jeffersonville", "state": "Indiana", "type": "Manufacturing Hub"}, "geometry": {"type": "Point", "coordinates": [-85.6521, 38.2697]}}, {"type": "Feature", "properties": {"name": "San Jacinto Textile District", "city": "San Jacinto", "state": "California", "type": "Manufacturing Hub"}, "geometry": {"type": "Point", "coordinates": [-116.9501, 33.8238]}}, {"type": "Feature", "properties": {"name": "San Jacinto Industrial Zone", "city": "San Jacinto", "state": "California", "type": "Manufacturing Hub"}, "geometry": {"type": "Point", "coordinates": [-116.951, 33.815]}}, {"type": "Feature", "properties": {"name": "Madison Industrial Park", "city": "Madison", "state": "Alabama", "type": "Manufacturing Hub"}, "geometry": {"type": "Point", "coordinates": [-86.6774, 34.7346]}}, {"type": "Feature", "properties": {"name": "Madison Aerospace Corridor", "city": "Madison", "state": "Alabama", "type": "Manufacturing Hub"}, "geometry": {"type": "Point", "coordinates": [-86.8263, 34.6943]}}, {"type": "Feature", "properties": {"name": "Madison Logistics Park", "city": "Madison", "state": "Alabama", "type": "Manufacturing Hub"}, "geometry": {"type": "Point", "coordinates": [-86.689, 34.6883]}}, {"type": "Feature", "properties": {"name": "Altoona Aerospace Corridor", "city": "Altoona", "state": "Pennsylvania", "type": "Manufacturing Hub"}, "geometry": {"type": "Point", "coordinates": [-78.4352, 40.5538]}}, {"type": "Feature", "properties": {"name": "Altoona Food Processing Hub", "city": "Altoona", "state": "Pennsylvania", "type": "Manufacturing Hub"}, "geometry": {"type": "Point", "coordinates": [-78.4019, 40.4831]}}, {"type": "Feature", "properties": {"name": "Elmhurst Industrial Complex", "city": "Elmhurst", "state": "Illinois", "type": "Manufacturing Hub"}, "geometry": {"type": "Point", "coordinates": [-88.0257, 41.9463]}}, {"type": "Feature", "properties": {"name": "Maricopa Packaging District", "city": "Maricopa", "state": "Arizona", "type": "Manufacturing Hub"}, "geometry": {"type": "Point", "coordinates": [-112.0336, 32.9974]}}, {"type": "Feature", "properties": {"name": "Draper Textile District", "city": "Draper", "state": "Utah", "type": "Manufacturing Hub"}, "geometry": {"type": "Point", "coordinates": [-111.824, 40.462]}}, {"type": "Feature", "properties": {"name": "Lincoln Auto Manufacturing Hub", "city": "Lincoln", "state": "California", "type": "Manufacturing Hub"}, "geometry": {"type": "Point", "coordinates": [-121.2647, 38.8449]}}, {"type": "Feature", "properties": {"name": "Sierra Vista Industrial Park", "city": "Sierra Vista", "state": "Arizona", "type": "Manufacturing Hub"}, "geometry": {"type": "Point", "coordinates": [-110.2877, 31.5579]}}, {"type": "Feature", "properties": {"name": "Lacey Logistics Park", "city": "Lacey", "state": "Washington", "type": "Manufacturing Hub"}, "geometry": {"type": "Point", "coordinates": [-122.8659, 46.9862]}}, {"type": "Feature", "properties": {"name": "Wylie Packaging District", "city": "Wylie", "state": "Texas", "type": "Manufacturing Hub"}, "geometry": {"type": "Point", "coordinates": [-96.5528, 33.0816]}}, {"type": "Feature", "properties": {"name": "Wylie Aerospace Corridor", "city": "Wylie", "state": "Texas", "type": "Manufacturing Hub"}, "geometry": {"type": "Point", "coordinates": [-96.4438, 33.0443]}}, {"type": "Feature", "properties": {"name": "Sayreville Steel District", "city": "Sayreville", "state": "New Jersey", "type": "Manufacturing Hub"}, "geometry": {"type": "Point", "coordinates": [-74.3899, 40.42]}}, {"type": "Feature", "properties": {"name": "Charlottesville Distribution Center", "city": "Charlottesville", "state": "Virginia", "type": "Manufacturing Hub"}, "geometry": {"type": "Point", "coordinates": [-78.4469, 38.0577]}}, {"type": "Feature", "properties": {"name": "Titusville Production Hub", "city": "Titusville", "state": "Florida", "type": "Manufacturing Hub"}, "geometry": {"type": "Point", "coordinates": [-80.8234, 28.6068]}}, {"type": "Feature", "properties": {"name": "Hackensack Textile District", "city": "Hackensack", "state": "New Jersey", "type": "Manufacturing Hub"}, "geometry": {"type": "Point", "coordinates": [-73.9979, 40.9134]}}, {"type": "Feature", "properties": {"name": "York Food Processing Hub", "city": "York", "state": "Pennsylvania", "type": "Manufacturing Hub"}, "geometry": {"type": "Point", "coordinates": [-76.645, 40.0007]}}, {"type": "Feature", "properties": {"name": "York Steel District", "city": "York", "state": "Pennsylvania", "type": "Manufacturing Hub"}, "geometry": {"type": "Point", "coordinates": [-76.6855, 39.9635]}}, {"type": "Feature", "properties": {"name": "Blacksburg Distribution Center", "city": "Blacksburg", "state": "Virginia", "type": "Manufacturing Hub"}, "geometry": {"type": "Point", "coordinates": [-80.4567, 37.1679]}}, {"type": "Feature", "properties": {"name": "Dublin Industrial Complex", "city": "Dublin", "state": "Ohio", "type": "Manufacturing Hub"}, "geometry": {"type": "Point", "coordinates": [-83.0634, 40.1573]}}, {"type": "Feature", "properties": {"name": "Dublin Textile District", "city": "Dublin", "state": "Ohio", "type": "Manufacturing Hub"}, "geometry": {"type": "Point", "coordinates": [-83.0301, 40.1513]}}, {"type": "Feature", "properties": {"name": "Dublin Auto Manufacturing Hub", "city": "Dublin", "state": "Ohio", "type": "Manufacturing Hub"}, "geometry": {"type": "Point", "coordinates": [-83.1602, 40.1136]}}, {"type": "Feature", "properties": {"name": "Lompoc Industrial Complex", "city": "Lompoc", "state": "California", "type": "Manufacturing Hub"}, "geometry": {"type": "Point", "coordinates": [-120.4924, 34.6423]}}, {"type": "Feature", "properties": {"name": "Lompoc Food Processing Hub", "city": "Lompoc", "state": "California", "type": "Manufacturing Hub"}, "geometry": {"type": "Point", "coordinates": [-120.4521, 34.6125]}}, {"type": "Feature", "properties": {"name": "Lompoc Industrial Complex", "city": "Lompoc", "state": "California", "type": "Manufacturing Hub"}, "geometry": {"type": "Point", "coordinates": [-120.5005, 34.6947]}}, {"type": "Feature", "properties": {"name": "Jefferson City Industrial Zone", "city": "Jefferson City", "state": "Missouri", "type": "Manufacturing Hub"}, "geometry": {"type": "Point", "coordinates": [-92.2451, 38.5749]}}, {"type": "Feature", "properties": {"name": "North Miami Beach Industrial Complex", "city": "North Miami Beach", "state": "Florida", "type": "Manufacturing Hub"}, "geometry": {"type": "Point", "coordinates": [-80.2245, 25.9301]}}, {"type": "Feature", "properties": {"name": "Freeport Industrial Complex", "city": "Freeport", "state": "New York", "type": "Manufacturing Hub"}, "geometry": {"type": "Point", "coordinates": [-73.6502, 40.7246]}}, {"type": "Feature", "properties": {"name": "Fort Pierce Assembly Plant District", "city": "Fort Pierce", "state": "Florida", "type": "Manufacturing Hub"}, "geometry": {"type": "Point", "coordinates": [-80.2976, 27.4231]}}, {"type": "Feature", "properties": {"name": "Smyrna Food Processing Hub", "city": "Smyrna", "state": "Tennessee", "type": "Manufacturing Hub"}, "geometry": {"type": "Point", "coordinates": [-86.536, 35.9646]}}, {"type": "Feature", "properties": {"name": "Smyrna Warehouse District", "city": "Smyrna", "state": "Tennessee", "type": "Manufacturing Hub"}, "geometry": {"type": "Point", "coordinates": [-86.4924, 35.9882]}}, {"type": "Feature", "properties": {"name": "Smyrna Steel District", "city": "Smyrna", "state": "Tennessee", "type": "Manufacturing Hub"}, "geometry": {"type": "Point", "coordinates": [-86.6127, 36.0246]}}, {"type": "Feature", "properties": {"name": "Bountiful Food Processing Hub", "city": "Bountiful", "state": "Utah", "type": "Manufacturing Hub"}, "geometry": {"type": "Point", "coordinates": [-111.9785, 40.881]}}, {"type": "Feature", "properties": {"name": "Keller Steel District", "city": "Keller", "state": "Texas", "type": "Manufacturing Hub"}, "geometry": {"type": "Point", "coordinates": [-97.3091, 32.9112]}}, {"type": "Feature", "properties": {"name": "Keller Manufacturing District", "city": "Keller", "state": "Texas", "type": "Manufacturing Hub"}, "geometry": {"type": "Point", "coordinates": [-97.2799, 32.9228]}}, {"type": "Feature", "properties": {"name": "Cleveland Food Processing Hub", "city": "Cleveland", "state": "Tennessee", "type": "Manufacturing Hub"}, "geometry": {"type": "Point", "coordinates": [-84.9632, 35.1509]}}, {"type": "Feature", "properties": {"name": "Cleveland Industrial Complex", "city": "Cleveland", "state": "Tennessee", "type": "Manufacturing Hub"}, "geometry": {"type": "Point", "coordinates": [-84.8687, 35.1209]}}, {"type": "Feature", "properties": {"name": "North Lauderdale Logistics Park", "city": "North Lauderdale", "state": "Florida", "type": "Manufacturing Hub"}, "geometry": {"type": "Point", "coordinates": [-80.2063, 26.1562]}}, {"type": "Feature", "properties": {"name": "Rancho Palos Verdes Packaging District", "city": "Rancho Palos Verdes", "state": "California", "type": "Manufacturing Hub"}, "geometry": {"type": "Point", "coordinates": [-118.4614, 33.7068]}}, {"type": "Feature", "properties": {"name": "Midland Industrial Park", "city": "Midland", "state": "Michigan", "type": "Manufacturing Hub"}, "geometry": {"type": "Point", "coordinates": [-84.2453, 43.6509]}}, {"type": "Feature", "properties": {"name": "Urbandale Warehouse District", "city": "Urbandale", "state": "Iowa", "type": "Manufacturing Hub"}, "geometry": {"type": "Point", "coordinates": [-93.7636, 41.5855]}}, {"type": "Feature", "properties": {"name": "Urbana Warehouse District", "city": "Urbana", "state": "Illinois", "type": "Manufacturing Hub"}, "geometry": {"type": "Point", "coordinates": [-88.3039, 40.1681]}}, {"type": "Feature", "properties": {"name": "Manassas Industrial Complex", "city": "Manassas", "state": "Virginia", "type": "Manufacturing Hub"}, "geometry": {"type": "Point", "coordinates": [-77.4042, 38.6881]}}, {"type": "Feature", "properties": {"name": "Westfield Distribution Center", "city": "Westfield", "state": "Massachusetts", "type": "Manufacturing Hub"}, "geometry": {"type": "Point", "coordinates": [-72.7197, 42.1928]}}, {"type": "Feature", "properties": {"name": "Linden Manufacturing District", "city": "Linden", "state": "New Jersey", "type": "Manufacturing Hub"}, "geometry": {"type": "Point", "coordinates": [-74.1964, 40.5996]}}, {"type": "Feature", "properties": {"name": "Sumter Food Processing Hub", "city": "Sumter", "state": "South Carolina", "type": "Manufacturing Hub"}, "geometry": {"type": "Point", "coordinates": [-80.3943, 33.9065]}}, {"type": "Feature", "properties": {"name": "Woonsocket Packaging District", "city": "Woonsocket", "state": "Rhode Island", "type": "Manufacturing Hub"}, "geometry": {"type": "Point", "coordinates": [-71.5638, 41.9437]}}, {"type": "Feature", "properties": {"name": "Shelton Industrial Park", "city": "Shelton", "state": "Connecticut", "type": "Manufacturing Hub"}, "geometry": {"type": "Point", "coordinates": [-73.0492, 41.3021]}}, {"type": "Feature", "properties": {"name": "Brea Aerospace Corridor", "city": "Brea", "state": "California", "type": "Manufacturing Hub"}, "geometry": {"type": "Point", "coordinates": [-117.9296, 33.9247]}}, {"type": "Feature", "properties": {"name": "Brea Auto Manufacturing Hub", "city": "Brea", "state": "California", "type": "Manufacturing Hub"}, "geometry": {"type": "Point", "coordinates": [-117.831, 33.8921]}}, {"type": "Feature", "properties": {"name": "Covington Distribution Center", "city": "Covington", "state": "Kentucky", "type": "Manufacturing Hub"}, "geometry": {"type": "Point", "coordinates": [-84.5529, 39.0526]}}, {"type": "Feature", "properties": {"name": "Covington Production Hub", "city": "Covington", "state": "Kentucky", "type": "Manufacturing Hub"}, "geometry": {"type": "Point", "coordinates": [-84.477, 39.119]}}, {"type": "Feature", "properties": {"name": "Rockwall Logistics Park", "city": "Rockwall", "state": "Texas", "type": "Manufacturing Hub"}, "geometry": {"type": "Point", "coordinates": [-96.4991, 32.9055]}}, {"type": "Feature", "properties": {"name": "Rockwall Assembly Plant District", "city": "Rockwall", "state": "Texas", "type": "Manufacturing Hub"}, "geometry": {"type": "Point", "coordinates": [-96.4064, 32.9294]}}, {"type": "Feature", "properties": {"name": "Riverton Textile District", "city": "Riverton", "state": "Utah", "type": "Manufacturing Hub"}, "geometry": {"type": "Point", "coordinates": [-111.9657, 40.4996]}}, {"type": "Feature", "properties": {"name": "Quincy Chemical Plant Zone", "city": "Quincy", "state": "Illinois", "type": "Manufacturing Hub"}, "geometry": {"type": "Point", "coordinates": [-91.4533, 39.8974]}}, {"type": "Feature", "properties": {"name": "Quincy Auto Manufacturing Hub", "city": "Quincy", "state": "Illinois", "type": "Manufacturing Hub"}, "geometry": {"type": "Point", "coordinates": [-91.3894, 39.8843]}}, {"type": "Feature", "properties": {"name": "Warren Industrial Zone", "city": "Warren", "state": "Ohio", "type": "Manufacturing Hub"}, "geometry": {"type": "Point", "coordinates": [-80.8069, 41.2694]}}, {"type": "Feature", "properties": {"name": "Warren Packaging District", "city": "Warren", "state": "Ohio", "type": "Manufacturing Hub"}, "geometry": {"type": "Point", "coordinates": [-80.7233, 41.2967]}}, {"type": "Feature", "properties": {"name": "Warren Chemical Plant Zone", "city": "Warren", "state": "Ohio", "type": "Manufacturing Hub"}, "geometry": {"type": "Point", "coordinates": [-80.8559, 41.1718]}}, {"type": "Feature", "properties": {"name": "Edmonds Production Hub", "city": "Edmonds", "state": "Washington", "type": "Manufacturing Hub"}, "geometry": {"type": "Point", "coordinates": [-122.3863, 47.8228]}}, {"type": "Feature", "properties": {"name": "Burleson Aerospace Corridor", "city": "Burleson", "state": "Texas", "type": "Manufacturing Hub"}, "geometry": {"type": "Point", "coordinates": [-97.2373, 32.4842]}}, {"type": "Feature", "properties": {"name": "Burleson Warehouse District", "city": "Burleson", "state": "Texas", "type": "Manufacturing Hub"}, "geometry": {"type": "Point", "coordinates": [-97.2598, 32.4815]}}, {"type": "Feature", "properties": {"name": "Burleson Packaging District", "city": "Burleson", "state": "Texas", "type": "Manufacturing Hub"}, "geometry": {"type": "Point", "coordinates": [-97.2335, 32.5717]}}, {"type": "Feature", "properties": {"name": "Beverly Industrial Complex", "city": "Beverly", "state": "Massachusetts", "type": "Manufacturing Hub"}, "geometry": {"type": "Point", "coordinates": [-70.791, 42.4926]}}, {"type": "Feature", "properties": {"name": "Mankato Chemical Plant Zone", "city": "Mankato", "state": "Minnesota", "type": "Manufacturing Hub"}, "geometry": {"type": "Point", "coordinates": [-94.0665, 44.1291]}}, {"type": "Feature", "properties": {"name": "Hagerstown Textile District", "city": "Hagerstown", "state": "Maryland", "type": "Manufacturing Hub"}, "geometry": {"type": "Point", "coordinates": [-77.7351, 39.6014]}}, {"type": "Feature", "properties": {"name": "Campbell Manufacturing District", "city": "Campbell", "state": "California", "type": "Manufacturing Hub"}, "geometry": {"type": "Point", "coordinates": [-121.9398, 37.2727]}}, {"type": "Feature", "properties": {"name": "Campbell Logistics Park", "city": "Campbell", "state": "California", "type": "Manufacturing Hub"}, "geometry": {"type": "Point", "coordinates": [-122.0099, 37.3283]}}, {"type": "Feature", "properties": {"name": "Campbell Industrial Park", "city": "Campbell", "state": "California", "type": "Manufacturing Hub"}, "geometry": {"type": "Point", "coordinates": [-122.0076, 37.3547]}}, {"type": "Feature", "properties": {"name": "Beaumont Food Processing Hub", "city": "Beaumont", "state": "California", "type": "Manufacturing Hub"}, "geometry": {"type": "Point", "coordinates": [-117.0437, 33.9694]}}, {"type": "Feature", "properties": {"name": "Streamwood Industrial Park", "city": "Streamwood", "state": "Illinois", "type": "Manufacturing Hub"}, "geometry": {"type": "Point", "coordinates": [-88.0908, 41.9942]}}, {"type": "Feature", "properties": {"name": "San Gabriel Logistics Park", "city": "San Gabriel", "state": "California", "type": "Manufacturing Hub"}, "geometry": {"type": "Point", "coordinates": [-118.1347, 34.1003]}}, {"type": "Feature", "properties": {"name": "San Gabriel Distribution Center", "city": "San Gabriel", "state": "California", "type": "Manufacturing Hub"}, "geometry": {"type": "Point", "coordinates": [-118.0278, 34.0695]}}, {"type": "Feature", "properties": {"name": "San Gabriel Textile District", "city": "San Gabriel", "state": "California", "type": "Manufacturing Hub"}, "geometry": {"type": "Point", "coordinates": [-118.12, 34.1038]}}, {"type": "Feature", "properties": {"name": "Holyoke Packaging District", "city": "Holyoke", "state": "Massachusetts", "type": "Manufacturing Hub"}, "geometry": {"type": "Point", "coordinates": [-72.6741, 42.212]}}, {"type": "Feature", "properties": {"name": "New Berlin Manufacturing District", "city": "New Berlin", "state": "Wisconsin", "type": "Manufacturing Hub"}, "geometry": {"type": "Point", "coordinates": [-88.0933, 42.9249]}}, {"type": "Feature", "properties": {"name": "Goose Creek Distribution Center", "city": "Goose Creek", "state": "South Carolina", "type": "Manufacturing Hub"}, "geometry": {"type": "Point", "coordinates": [-80.0487, 32.9186]}}, {"type": "Feature", "properties": {"name": "Prescott Valley Chemical Plant Zone", "city": "Prescott Valley", "state": "Arizona", "type": "Manufacturing Hub"}, "geometry": {"type": "Point", "coordinates": [-112.2249, 34.5589]}}, {"type": "Feature", "properties": {"name": "Romeoville Manufacturing District", "city": "Romeoville", "state": "Illinois", "type": "Manufacturing Hub"}, "geometry": {"type": "Point", "coordinates": [-88.1574, 41.6479]}}, {"type": "Feature", "properties": {"name": "Romeoville Industrial Park", "city": "Romeoville", "state": "Illinois", "type": "Manufacturing Hub"}, "geometry": {"type": "Point", "coordinates": [-88.0793, 41.5929]}}, {"type": "Feature", "properties": {"name": "Romeoville Industrial Zone", "city": "Romeoville", "state": "Illinois", "type": "Manufacturing Hub"}, "geometry": {"type": "Point", "coordinates": [-88.0486, 41.6394]}}, {"type": "Feature", "properties": {"name": "Atlantic City Aerospace Corridor", "city": "Atlantic City", "state": "New Jersey", "type": "Manufacturing Hub"}, "geometry": {"type": "Point", "coordinates": [-74.4354, 39.3087]}}, {"type": "Feature", "properties": {"name": "Clovis Warehouse District", "city": "Clovis", "state": "New Mexico", "type": "Manufacturing Hub"}, "geometry": {"type": "Point", "coordinates": [-103.2476, 34.3516]}}, {"type": "Feature", "properties": {"name": "Culver City Food Processing Hub", "city": "Culver City", "state": "California", "type": "Manufacturing Hub"}, "geometry": {"type": "Point", "coordinates": [-118.4211, 34.049]}}, {"type": "Feature", "properties": {"name": "Bullhead City Production Hub", "city": "Bullhead City", "state": "Arizona", "type": "Manufacturing Hub"}, "geometry": {"type": "Point", "coordinates": [-114.5505, 35.1508]}}, {"type": "Feature", "properties": {"name": "Lancaster Industrial Zone", "city": "Lancaster", "state": "Ohio", "type": "Manufacturing Hub"}, "geometry": {"type": "Point", "coordinates": [-82.6959, 39.7037]}}, {"type": "Feature", "properties": {"name": "Wausau Textile District", "city": "Wausau", "state": "Wisconsin", "type": "Manufacturing Hub"}, "geometry": {"type": "Point", "coordinates": [-89.6703, 44.9945]}}, {"type": "Feature", "properties": {"name": "Wausau Aerospace Corridor", "city": "Wausau", "state": "Wisconsin", "type": "Manufacturing Hub"}, "geometry": {"type": "Point", "coordinates": [-89.6303, 44.9088]}}, {"type": "Feature", "properties": {"name": "Wausau Packaging District", "city": "Wausau", "state": "Wisconsin", "type": "Manufacturing Hub"}, "geometry": {"type": "Point", "coordinates": [-89.5885, 45.0123]}}, {"type": "Feature", "properties": {"name": "Sherman Warehouse District", "city": "Sherman", "state": "Texas", "type": "Manufacturing Hub"}, "geometry": {"type": "Point", "coordinates": [-96.5982, 33.6661]}}, {"type": "Feature", "properties": {"name": "Ocoee Food Processing Hub", "city": "Ocoee", "state": "Florida", "type": "Manufacturing Hub"}, "geometry": {"type": "Point", "coordinates": [-81.609, 28.6069]}}, {"type": "Feature", "properties": {"name": "Woburn Industrial Complex", "city": "Woburn", "state": "Massachusetts", "type": "Manufacturing Hub"}, "geometry": {"type": "Point", "coordinates": [-71.2093, 42.5291]}}, {"type": "Feature", "properties": {"name": "Bremerton Steel District", "city": "Bremerton", "state": "Washington", "type": "Manufacturing Hub"}, "geometry": {"type": "Point", "coordinates": [-122.6324, 47.6092]}}, {"type": "Feature", "properties": {"name": "Rock Island Assembly Plant District", "city": "Rock Island", "state": "Illinois", "type": "Manufacturing Hub"}, "geometry": {"type": "Point", "coordinates": [-90.4991, 41.5705]}}, {"type": "Feature", "properties": {"name": "Muskogee Industrial Complex", "city": "Muskogee", "state": "Oklahoma", "type": "Manufacturing Hub"}, "geometry": {"type": "Point", "coordinates": [-95.3162, 35.7298]}}, {"type": "Feature", "properties": {"name": "Greenacres Production Hub", "city": "Greenacres", "state": "Florida", "type": "Manufacturing Hub"}, "geometry": {"type": "Point", "coordinates": [-80.1709, 26.5949]}}, {"type": "Feature", "properties": {"name": "Ormond Beach Production Hub", "city": "Ormond Beach", "state": "Florida", "type": "Manufacturing Hub"}, "geometry": {"type": "Point", "coordinates": [-80.9597, 29.2238]}}, {"type": "Feature", "properties": {"name": "Hallandale Beach Industrial Zone", "city": "Hallandale Beach", "state": "Florida", "type": "Manufacturing Hub"}, "geometry": {"type": "Point", "coordinates": [-80.1069, 25.954]}}, {"type": "Feature", "properties": {"name": "Stanton Chemical Plant Zone", "city": "Stanton", "state": "California", "type": "Manufacturing Hub"}, "geometry": {"type": "Point", "coordinates": [-117.9812, 33.8545]}}, {"type": "Feature", "properties": {"name": "Hurst Distribution Center", "city": "Hurst", "state": "Texas", "type": "Manufacturing Hub"}, "geometry": {"type": "Point", "coordinates": [-97.2079, 32.8034]}}, {"type": "Feature", "properties": {"name": "Hurst Packaging District", "city": "Hurst", "state": "Texas", "type": "Manufacturing Hub"}, "geometry": {"type": "Point", "coordinates": [-97.1855, 32.8462]}}, {"type": "Feature", "properties": {"name": "Oakley Distribution Center", "city": "Oakley", "state": "California", "type": "Manufacturing Hub"}, "geometry": {"type": "Point", "coordinates": [-121.6428, 37.9955]}}, {"type": "Feature", "properties": {"name": "Oakley Production Hub", "city": "Oakley", "state": "California", "type": "Manufacturing Hub"}, "geometry": {"type": "Point", "coordinates": [-121.6974, 38.0189]}}, {"type": "Feature", "properties": {"name": "Huber Heights Aerospace Corridor", "city": "Huber Heights", "state": "Ohio", "type": "Manufacturing Hub"}, "geometry": {"type": "Point", "coordinates": [-84.2053, 39.8534]}}, {"type": "Feature", "properties": {"name": "Montclair Distribution Center", "city": "Montclair", "state": "California", "type": "Manufacturing Hub"}, "geometry": {"type": "Point", "coordinates": [-117.6728, 34.0076]}}, {"type": "Feature", "properties": {"name": "Park Ridge Industrial Complex", "city": "Park Ridge", "state": "Illinois", "type": "Manufacturing Hub"}, "geometry": {"type": "Point", "coordinates": [-87.7765, 42.0405]}}, {"type": "Feature", "properties": {"name": "Chelsea Aerospace Corridor", "city": "Chelsea", "state": "Massachusetts", "type": "Manufacturing Hub"}, "geometry": {"type": "Point", "coordinates": [-71.0564, 42.4075]}}, {"type": "Feature", "properties": {"name": "Valley Stream Logistics Park", "city": "Valley Stream", "state": "New York", "type": "Manufacturing Hub"}, "geometry": {"type": "Point", "coordinates": [-73.7725, 40.6579]}}, {"type": "Feature", "properties": {"name": "Lake Oswego Manufacturing District", "city": "Lake Oswego", "state": "Oregon", "type": "Manufacturing Hub"}, "geometry": {"type": "Point", "coordinates": [-122.7038, 45.422]}}, {"type": "Feature", "properties": {"name": "Northglenn Packaging District", "city": "Northglenn", "state": "Colorado", "type": "Manufacturing Hub"}, "geometry": {"type": "Point", "coordinates": [-105.0454, 39.8755]}}, {"type": "Feature", "properties": {"name": "Phenix City Steel District", "city": "Phenix City", "state": "Alabama", "type": "Manufacturing Hub"}, "geometry": {"type": "Point", "coordinates": [-85.0107, 32.4796]}}, {"type": "Feature", "properties": {"name": "Phenix City Textile District", "city": "Phenix City", "state": "Alabama", "type": "Manufacturing Hub"}, "geometry": {"type": "Point", "coordinates": [-84.914, 32.468]}}, {"type": "Feature", "properties": {"name": "Grove City Chemical Plant Zone", "city": "Grove City", "state": "Ohio", "type": "Manufacturing Hub"}, "geometry": {"type": "Point", "coordinates": [-83.0255, 39.8866]}}, {"type": "Feature", "properties": {"name": "Addison Auto Manufacturing Hub", "city": "Addison", "state": "Illinois", "type": "Manufacturing Hub"}, "geometry": {"type": "Point", "coordinates": [-88.0573, 41.9547]}}, {"type": "Feature", "properties": {"name": "Dover Industrial Park", "city": "Dover", "state": "Delaware", "type": "Manufacturing Hub"}, "geometry": {"type": "Point", "coordinates": [-75.4721, 39.1519]}}, {"type": "Feature", "properties": {"name": "Calumet City Industrial Park", "city": "Calumet City", "state": "Illinois", "type": "Manufacturing Hub"}, "geometry": {"type": "Point", "coordinates": [-87.5529, 41.6261]}}, {"type": "Feature", "properties": {"name": "Calumet City Textile District", "city": "Calumet City", "state": "Illinois", "type": "Manufacturing Hub"}, "geometry": {"type": "Point", "coordinates": [-87.5478, 41.626]}}, {"type": "Feature", "properties": {"name": "Calumet City Textile District", "city": "Calumet City", "state": "Illinois", "type": "Manufacturing Hub"}, "geometry": {"type": "Point", "coordinates": [-87.4388, 41.5877]}}, {"type": "Feature", "properties": {"name": "Muskegon Industrial Complex", "city": "Muskegon", "state": "Michigan", "type": "Manufacturing Hub"}, "geometry": {"type": "Point", "coordinates": [-86.2219, 43.2129]}}, {"type": "Feature", "properties": {"name": "Muskegon Textile District", "city": "Muskegon", "state": "Michigan", "type": "Manufacturing Hub"}, "geometry": {"type": "Point", "coordinates": [-86.1505, 43.2493]}}, {"type": "Feature", "properties": {"name": "Weslaco Production Hub", "city": "Weslaco", "state": "Texas", "type": "Manufacturing Hub"}, "geometry": {"type": "Point", "coordinates": [-97.989, 26.2121]}}, {"type": "Feature", "properties": {"name": "Weslaco Aerospace Corridor", "city": "Weslaco", "state": "Texas", "type": "Manufacturing Hub"}, "geometry": {"type": "Point", "coordinates": [-97.9104, 26.0895]}}, {"type": "Feature", "properties": {"name": "Beloit Industrial Complex", "city": "Beloit", "state": "Wisconsin", "type": "Manufacturing Hub"}, "geometry": {"type": "Point", "coordinates": [-88.9439, 42.5219]}}, {"type": "Feature", "properties": {"name": "Panama City Packaging District", "city": "Panama City", "state": "Florida", "type": "Manufacturing Hub"}, "geometry": {"type": "Point", "coordinates": [-85.7114, 30.1439]}}]}