{"type": "FeatureCollection", "features": [{"type": "Feature", "properties": {"name": "Los Angeles Crop Research Station", "city": "Los Angeles", "state": "California", "type": "Agriculture Hub"}, "geometry": {"type": "Point", "coordinates": [-118.2242, 34.0915]}}, {"type": "Feature", "properties": {"name": "Chicago Dairy Processing Hub", "city": "Chicago", "state": "Illinois", "type": "Agriculture Hub"}, "geometry": {"type": "Point", "coordinates": [-87.5209, 41.8221]}}, {"type": "Feature", "properties": {"name": "Houston Dairy Processing Hub", "city": "Houston", "state": "Texas", "type": "Agriculture Hub"}, "geometry": {"type": "Point", "coordinates": [-95.2835, 29.7037]}}, {"type": "Feature", "properties": {"name": "San Antonio Poultry Processing Hub", "city": "San Antonio", "state": "Texas", "type": "Agriculture Hub"}, "geometry": {"type": "Point", "coordinates": [-98.5937, 29.3509]}}, {"type": "Feature", "properties": {"name": "San Antonio Grain Elevator", "city": "San Antonio", "state": "Texas", "type": "Agriculture Hub"}, "geometry": {"type": "Point", "coordinates": [-98.5147, 29.3717]}}, {"type": "Feature", "properties": {"name": "San Diego Crop Research Station", "city": "San Diego", "state": "California", "type": "Agriculture Hub"}, "geometry": {"type": "Point", "coordinates": [-117.1374, 32.6958]}}, {"type": "Feature", "properties": {"name": "Dallas Produce Distribution Center", "city": "Dallas", "state": "Texas", "type": "Agriculture Hub"}, "geometry": {"type": "Point", "coordinates": [-96.8061, 32.7534]}}, {"type": "Feature", "properties": {"name": "San Jose Cotton Gin District", "city": "San Jose", "state": "California", "type": "Agriculture Hub"}, "geometry": {"type": "Point", "coordinates": [-121.838, 37.3365]}}, {"type": "Feature", "properties": {"name": "San Jose Produce Distribution Center", "city": "San Jose", "state": "California", "type": "Agriculture Hub"}, "geometry": {"type": "Point", "coordinates": [-121.8745, 37.4115]}}, {"type": "Feature", "properties": {"name": "Austin Livestock Market", "city": "Austin", "state": "Texas", "type": "Agriculture Hub"}, "geometry": {"type": "Point", "coordinates": [-97.7719, 30.2881]}}, {"type": "Feature", "properties": {"name": "Indianapolis Crop Research Station", "city": "Indianapolis", "state": "Indiana", "type": "Agriculture Hub"}, "geometry": {"type": "Point", "coordinates": [-86.2391, 39.7462]}}, {"type": "Feature", "properties": {"name": "Indianapolis Irrigation District", "city": "Indianapolis", "state": "Indiana", "type": "Agriculture Hub"}, "geometry": {"type": "Point", "coordinates": [-86.2583, 39.8232]}}, {"type": "Feature", "properties": {"name": "Jacksonville Dairy Processing Hub", "city": "Jacksonville", "state": "Florida", "type": "Agriculture Hub"}, "geometry": {"type": "Point", "coordinates": [-81.5758, 30.3856]}}, {"type": "Feature", "properties": {"name": "San Francisco Farmers Market Hub", "city": "San Francisco", "state": "California", "type": "Agriculture Hub"}, "geometry": {"type": "Point", "coordinates": [-122.3641, 37.8437]}}, {"type": "Feature", "properties": {"name": "San Francisco Livestock Market", "city": "San Francisco", "state": "California", "type": "Agriculture Hub"}, "geometry": {"type": "Point", "coordinates": [-122.5271, 37.8451]}}, {"type": "Feature", "properties": {"name": "Columbus Dairy Processing Hub", "city": "Columbus", "state": "Ohio", "type": "Agriculture Hub"}, "geometry": {"type": "Point", "coordinates": [-83.1028, 39.9344]}}, {"type": "Feature", "properties": {"name": "Columbus Farmers Market Hub", "city": "Columbus", "state": "Ohio", "type": "Agriculture Hub"}, "geometry": {"type": "Point", "coordinates": [-82.9163, 39.984]}}, {"type": "Feature", "properties": {"name": "Charlotte Produce Distribution Center", "city": "Charlotte", "state": "North Carolina", "type": "Agriculture Hub"}, "geometry": {"type": "Point", "coordinates": [-80.9018, 35.2919]}}, {"type": "Feature", "properties": {"name": "Fort Worth Dairy Processing Hub", "city": "Fort Worth", "state": "Texas", "type": "Agriculture Hub"}, "geometry": {"type": "Point", "coordinates": [-97.3825, 32.777]}}, {"type": "Feature", "properties": {"name": "Fort Worth Dairy Processing Hub", "city": "Fort Worth", "state": "Texas", "type": "Agriculture Hub"}, "geometry": {"type": "Point", "coordinates": [-97.342, 32.8083]}}, {"type": "Feature", "properties": {"name": "Detroit Irrigation District", "city": "Detroit", "state": "Michigan", "type": "Agriculture Hub"}, "geometry": {"type": "Point", "coordinates": [-83.1129, 42.2688]}}, {"type": "Feature", "properties": {"name": "El Paso Feed Lot", "city": "El Paso", "state": "Texas", "type": "Agriculture Hub"}, "geometry": {"type": "Point", "coordinates": [-106.5079, 31.7297]}}, {"type": "Feature", "properties": {"name": "El Paso Farm Bureau", "city": "El Paso", "state": "Texas", "type": "Agriculture Hub"}, "geometry": {"type": "Point", "coordinates": [-106.4663, 31.7006]}}, {"type": "Feature", "properties": {"name": "Memphis Citrus Packing District", "city": "Memphis", "state": "Tennessee", "type": "Agriculture Hub"}, "geometry": {"type": "Point", "coordinates": [-90.14, 35.0924]}}, {"type": "Feature", "properties": {"name": "Memphis Feed Lot", "city": "Memphis", "state": "Tennessee", "type": "Agriculture Hub"}, "geometry": {"type": "Point", "coordinates": [-90.063, 35.1575]}}, {"type": "Feature", "properties": {"name": "Seattle Produce Distribution Center", "city": "Seattle", "state": "Washington", "type": "Agriculture Hub"}, "geometry": {"type": "Point", "coordinates": [-122.29, 47.6771]}}, {"type": "Feature", "properties": {"name": "Seattle Livestock Market", "city": "Seattle", "state": "Washington", "type": "Agriculture Hub"}, "geometry": {"type": "Point", "coordinates": [-122.3218, 47.5644]}}, {"type": "Feature", "properties": {"name": "Denver Grain Elevator", "city": "Denver", "state": "Colorado", "type": "Agriculture Hub"}, "geometry": {"type": "Point", "coordinates": [-104.9523, 39.7171]}}, {"type": "Feature", "properties": {"name": "Nashville Crop Research Station", "city": "Nashville", "state": "Tennessee", "type": "Agriculture Hub"}, "geometry": {"type": "Point", "coordinates": [-86.7094, 36.0956]}}, {"type": "Feature", "properties": {"name": "Oklahoma City Farmers Market Hub", "city": "Oklahoma City", "state": "Oklahoma", "type": "Agriculture Hub"}, "geometry": {"type": "Point", "coordinates": [-97.5675, 35.4312]}}, {"type": "Feature", "properties": {"name": "Louisville Cotton Gin District", "city": "Louisville", "state": "Kentucky", "type": "Agriculture Hub"}, "geometry": {"type": "Point", "coordinates": [-85.7805, 38.1789]}}, {"type": "Feature", "properties": {"name": "Louisville Poultry Processing Hub", "city": "Louisville", "state": "Kentucky", "type": "Agriculture Hub"}, "geometry": {"type": "Point", "coordinates": [-85.853, 38.2503]}}, {"type": "Feature", "properties": {"name": "Portland Farm Bureau", "city": "Portland", "state": "Oregon", "type": "Agriculture Hub"}, "geometry": {"type": "Point", "coordinates": [-122.7156, 45.4742]}}, {"type": "Feature", "properties": {"name": "Milwaukee Agri-Business Park", "city": "Milwaukee", "state": "Wisconsin", "type": "Agriculture Hub"}, "geometry": {"type": "Point", "coordinates": [-87.8761, 43.024]}}, {"type": "Feature", "properties": {"name": "Milwaukee Feed Lot", "city": "Milwaukee", "state": "Wisconsin", "type": "Agriculture Hub"}, "geometry": {"type": "Point", "coordinates": [-87.9504, 43.003]}}, {"type": "Feature", "properties": {"name": "Fresno Farm Equipment Hub", "city": "Fresno", "state": "California", "type": "Agriculture Hub"}, "geometry": {"type": "Point", "coordinates": [-119.761, 36.6875]}}, {"type": "Feature", "properties": {"name": "Sacramento Cotton Gin District", "city": "Sacramento", "state": "California", "type": "Agriculture Hub"}, "geometry": {"type": "Point", "coordinates": [-121.5514, 38.5939]}}, {"type": "Feature", "properties": {"name": "Long Beach Irrigation District", "city": "Long Beach", "state": "California", "type": "Agriculture Hub"}, "geometry": {"type": "Point", "coordinates": [-118.2995, 33.8086]}}, {"type": "Feature", "properties": {"name": "Long Beach Agri-Business Park", "city": "Long Beach", "state": "California", "type": "Agriculture Hub"}, "geometry": {"type": "Point", "coordinates": [-118.282, 33.7266]}}, {"type": "Feature", "properties": {"name": "Kansas City Cotton Gin District", "city": "Kansas City", "state": "Missouri", "type": "Agriculture Hub"}, "geometry": {"type": "Point", "coordinates": [-94.6274, 39.163]}}, {"type": "Feature", "properties": {"name": "Atlanta Farm Bureau", "city": "Atlanta", "state": "Georgia", "type": "Agriculture Hub"}, "geometry": {"type": "Point", "coordinates": [-84.2891, 33.7897]}}, {"type": "Feature", "properties": {"name": "Colorado Springs Crop Research Station", "city": "Colorado Springs", "state": "Colorado", "type": "Agriculture Hub"}, "geometry": {"type": "Point", "coordinates": [-104.8649, 38.7753]}}, {"type": "Feature", "properties": {"name": "Colorado Springs Crop Research Station", "city": "Colorado Springs", "state": "Colorado", "type": "Agriculture Hub"}, "geometry": {"type": "Point", "coordinates": [-104.7663, 38.8036]}}, {"type": "Feature", "properties": {"name": "Omaha Livestock Market", "city": "Omaha", "state": "Nebraska", "type": "Agriculture Hub"}, "geometry": {"type": "Point", "coordinates": [-96.0241, 41.2095]}}, {"type": "Feature", "properties": {"name": "Omaha Wheat Storage Facility", "city": "Omaha", "state": "Nebraska", "type": "Agriculture Hub"}, "geometry": {"type": "Point", "coordinates": [-95.9027, 41.2349]}}, {"type": "Feature", "properties": {"name": "Raleigh Crop Research Station", "city": "Raleigh", "state": "North Carolina", "type": "Agriculture Hub"}, "geometry": {"type": "Point", "coordinates": [-78.531, 35.7567]}}, {"type": "Feature", "properties": {"name": "Miami Wheat Storage Facility", "city": "Miami", "state": "Florida", "type": "Agriculture Hub"}, "geometry": {"type": "Point", "coordinates": [-80.2291, 25.7942]}}, {"type": "Feature", "properties": {"name": "Oakland Produce Distribution Center", "city": "Oakland", "state": "California", "type": "Agriculture Hub"}, "geometry": {"type": "Point", "coordinates": [-122.1961, 37.8379]}}, {"type": "Feature", "properties": {"name": "Minneapolis Agri-Business Park", "city": "Minneapolis", "state": "Minnesota", "type": "Agriculture Hub"}, "geometry": {"type": "Point", "coordinates": [-93.3459, 44.9459]}}, {"type": "Feature", "properties": {"name": "Tulsa Dairy Processing Hub", "city": "Tulsa", "state": "Oklahoma", "type": "Agriculture Hub"}, "geometry": {"type": "Point", "coordinates": [-95.9948, 36.0986]}}, {"type": "Feature", "properties": {"name": "Cleveland Agri-Business Park", "city": "Cleveland", "state": "Ohio", "type": "Agriculture Hub"}, "geometry": {"type": "Point", "coordinates": [-81.7771, 41.4554]}}, {"type": "Feature", "properties": {"name": "Wichita Feed Lot", "city": "Wichita", "state": "Kansas", "type": "Agriculture Hub"}, "geometry": {"type": "Point", "coordinates": [-97.307, 37.7332]}}, {"type": "Feature", "properties": {"name": "Arlington Soybean Processing Plant", "city": "Arlington", "state": "Texas", "type": "Agriculture Hub"}, "geometry": {"type": "Point", "coordinates": [-97.1025, 32.7059]}}, {"type": "Feature", "properties": {"name": "Arlington Agricultural Processing Center", "city": "Arlington", "state": "Texas", "type": "Agriculture Hub"}, "geometry": {"type": "Point", "coordinates": [-97.046, 32.6691]}}, {"type": "Feature", "properties": {"name": "New Orleans Agri-Business Park", "city": "New Orleans", "state": "Louisiana", "type": "Agriculture Hub"}, "geometry": {"type": "Point", "coordinates": [-90.1067, 29.9247]}}, {"type": "Feature", "properties": {"name": "New Orleans Farm Equipment Hub", "city": "New Orleans", "state": "Louisiana", "type": "Agriculture Hub"}, "geometry": {"type": "Point", "coordinates": [-89.9757, 29.9173]}}, {"type": "Feature", "properties": {"name": "Bakersfield Cotton Gin District", "city": "Bakersfield", "state": "California", "type": "Agriculture Hub"}, "geometry": {"type": "Point", "coordinates": [-118.9777, 35.3584]}}, {"type": "Feature", "properties": {"name": "Bakersfield Agricultural Cooperative", "city": "Bakersfield", "state": "California", "type": "Agriculture Hub"}, "geometry": {"type": "Point", "coordinates": [-119.0308, 35.3738]}}, {"type": "Feature", "properties": {"name": "Tampa Grain Elevator", "city": "Tampa", "state": "Florida", "type": "Agriculture Hub"}, "geometry": {"type": "Point", "coordinates": [-82.5174, 27.9017]}}, {"type": "Feature", "properties": {"name": "Tampa Crop Research Station", "city": "Tampa", "state": "Florida", "type": "Agriculture Hub"}, "geometry": {"type": "Point", "coordinates": [-82.3797, 27.893]}}, {"type": "Feature", "properties": {"name": "Aurora Farmers Market Hub", "city": "Aurora", "state": "Colorado", "type": "Agriculture Hub"}, "geometry": {"type": "Point", "coordinates": [-104.8599, 39.7851]}}, {"type": "Feature", "properties": {"name": "Anaheim Poultry Processing Hub", "city": "Anaheim", "state": "California", "type": "Agriculture Hub"}, "geometry": {"type": "Point", "coordinates": [-117.9816, 33.8039]}}, {"type": "Feature", "properties": {"name": "Santa Ana Farmers Market Hub", "city": "Santa Ana", "state": "California", "type": "Agriculture Hub"}, "geometry": {"type": "Point", "coordinates": [-117.9176, 33.7705]}}, {"type": "Feature", "properties": {"name": "St. Louis Feed Lot", "city": "St. Louis", "state": "Missouri", "type": "Agriculture Hub"}, "geometry": {"type": "Point", "coordinates": [-90.2304, 38.6582]}}, {"type": "Feature", "properties": {"name": "Riverside Livestock Market", "city": "Riverside", "state": "California", "type": "Agriculture Hub"}, "geometry": {"type": "Point", "coordinates": [-117.3238, 33.8941]}}, {"type": "Feature", "properties": {"name": "Corpus Christi Agri-Business Park", "city": "Corpus Christi", "state": "Texas", "type": "Agriculture Hub"}, "geometry": {"type": "Point", "coordinates": [-97.429, 27.7983]}}, {"type": "Feature", "properties": {"name": "Lexington-Fayette Irrigation District", "city": "Lexington-Fayette", "state": "Kentucky", "type": "Agriculture Hub"}, "geometry": {"type": "Point", "coordinates": [-84.4235, 38.0745]}}, {"type": "Feature", "properties": {"name": "Stockton Agricultural Cooperative", "city": "Stockton", "state": "California", "type": "Agriculture Hub"}, "geometry": {"type": "Point", "coordinates": [-121.2181, 37.9945]}}, {"type": "Feature", "properties": {"name": "Stockton Farm Equipment Hub", "city": "Stockton", "state": "California", "type": "Agriculture Hub"}, "geometry": {"type": "Point", "coordinates": [-121.3008, 37.9688]}}, {"type": "Feature", "properties": {"name": "Cincinnati Agricultural Cooperative", "city": "Cincinnati", "state": "Ohio", "type": "Agriculture Hub"}, "geometry": {"type": "Point", "coordinates": [-84.4702, 39.058]}}, {"type": "Feature", "properties": {"name": "Cincinnati Crop Research Station", "city": "Cincinnati", "state": "Ohio", "type": "Agriculture Hub"}, "geometry": {"type": "Point", "coordinates": [-84.4836, 39.1377]}}, {"type": "Feature", "properties": {"name": "St. Paul Soybean Processing Plant", "city": "St. Paul", "state": "Minnesota", "type": "Agriculture Hub"}, "geometry": {"type": "Point", "coordinates": [-93.1637, 44.9635]}}, {"type": "Feature", "properties": {"name": "Toledo Produce Distribution Center", "city": "Toledo", "state": "Ohio", "type": "Agriculture Hub"}, "geometry": {"type": "Point", "coordinates": [-83.6244, 41.6077]}}, {"type": "Feature", "properties": {"name": "Toledo Produce Distribution Center", "city": "Toledo", "state": "Ohio", "type": "Agriculture Hub"}, "geometry": {"type": "Point", "coordinates": [-83.5976, 41.6591]}}, {"type": "Feature", "properties": {"name": "Greensboro Poultry Processing Hub", "city": "Greensboro", "state": "North Carolina", "type": "Agriculture Hub"}, "geometry": {"type": "Point", "coordinates": [-79.8962, 36.1351]}}, {"type": "Feature", "properties": {"name": "Plano Irrigation District", "city": "Plano", "state": "Texas", "type": "Agriculture Hub"}, "geometry": {"type": "Point", "coordinates": [-96.6399, 33.0214]}}, {"type": "Feature", "properties": {"name": "Lincoln Agricultural Cooperative", "city": "Lincoln", "state": "Nebraska", "type": "Agriculture Hub"}, "geometry": {"type": "Point", "coordinates": [-96.6934, 40.7839]}}, {"type": "Feature", "properties": {"name": "Chula Vista Grain Elevator", "city": "Chula Vista", "state": "California", "type": "Agriculture Hub"}, "geometry": {"type": "Point", "coordinates": [-117.0768, 32.6825]}}, {"type": "Feature", "properties": {"name": "Chula Vista Farm Equipment Hub", "city": "Chula Vista", "state": "California", "type": "Agriculture Hub"}, "geometry": {"type": "Point", "coordinates": [-117.0139, 32.6786]}}, {"type": "Feature", "properties": {"name": "Fort Wayne Irrigation District", "city": "Fort Wayne", "state": "Indiana", "type": "Agriculture Hub"}, "geometry": {"type": "Point", "coordinates": [-85.1738, 41.0787]}}, {"type": "Feature", "properties": {"name": "Orlando Wheat Storage Facility", "city": "Orlando", "state": "Florida", "type": "Agriculture Hub"}, "geometry": {"type": "Point", "coordinates": [-81.4802, 28.5875]}}, {"type": "Feature", "properties": {"name": "Orlando Poultry Processing Hub", "city": "Orlando", "state": "Florida", "type": "Agriculture Hub"}, "geometry": {"type": "Point", "coordinates": [-81.3603, 28.5954]}}, {"type": "Feature", "properties": {"name": "St. Petersburg Farm Equipment Hub", "city": "St. Petersburg", "state": "Florida", "type": "Agriculture Hub"}, "geometry": {"type": "Point", "coordinates": [-82.6021, 27.7078]}}, {"type": "Feature", "properties": {"name": "Laredo Produce Distribution Center", "city": "Laredo", "state": "Texas", "type": "Agriculture Hub"}, "geometry": {"type": "Point", "coordinates": [-99.4466, 27.5618]}}, {"type": "Feature", "properties": {"name": "Laredo Irrigation District", "city": "Laredo", "state": "Texas", "type": "Agriculture Hub"}, "geometry": {"type": "Point", "coordinates": [-99.4899, 27.4973]}}, {"type": "Feature", "properties": {"name": "Durham Farmers Market Hub", "city": "Durham", "state": "North Carolina", "type": "Agriculture Hub"}, "geometry": {"type": "Point", "coordinates": [-78.8799, 36.0644]}}, {"type": "Feature", "properties": {"name": "Durham Irrigation District", "city": "Durham", "state": "North Carolina", "type": "Agriculture Hub"}, "geometry": {"type": "Point", "coordinates": [-78.8933, 36.0273]}}, {"type": "Feature", "properties": {"name": "Madison Agri-Business Park", "city": "Madison", "state": "Wisconsin", "type": "Agriculture Hub"}, "geometry": {"type": "Point", "coordinates": [-89.435, 43.0636]}}, {"type": "Feature", "properties": {"name": "Madison Agricultural Processing Center", "city": "Madison", "state": "Wisconsin", "type": "Agriculture Hub"}, "geometry": {"type": "Point", "coordinates": [-89.3768, 43.0155]}}, {"type": "Feature", "properties": {"name": "Madison Feed Lot", "city": "Madison", "state": "Wisconsin", "type": "Agriculture Hub"}, "geometry": {"type": "Point", "coordinates": [-89.3869, 43.1044]}}, {"type": "Feature", "properties": {"name": "Lubbock Grain Elevator", "city": "Lubbock", "state": "Texas", "type": "Agriculture Hub"}, "geometry": {"type": "Point", "coordinates": [-101.8939, 33.5626]}}, {"type": "Feature", "properties": {"name": "Lubbock Agri-Business Park", "city": "Lubbock", "state": "Texas", "type": "Agriculture Hub"}, "geometry": {"type": "Point", "coordinates": [-101.7897, 33.5065]}}, {"type": "Feature", "properties": {"name": "Lubbock Farm Equipment Hub", "city": "Lubbock", "state": "Texas", "type": "Agriculture Hub"}, "geometry": {"type": "Point", "coordinates": [-101.8867, 33.5144]}}, {"type": "Feature", "properties": {"name": "Irvine Farm Equipment Hub", "city": "Irvine", "state": "California", "type": "Agriculture Hub"}, "geometry": {"type": "Point", "coordinates": [-117.8137, 33.7322]}}, {"type": "Feature", "properties": {"name": "Irvine Wheat Storage Facility", "city": "Irvine", "state": "California", "type": "Agriculture Hub"}, "geometry": {"type": "Point", "coordinates": [-117.6898, 33.6953]}}, {"type": "Feature", "properties": {"name": "Winston-Salem Crop Research Station", "city": "Winston-Salem", "state": "North Carolina", "type": "Agriculture Hub"}, "geometry": {"type": "Point", "coordinates": [-80.1833, 36.1458]}}, {"type": "Feature", "properties": {"name": "Garland Cotton Gin District", "city": "Garland", "state": "Texas", "type": "Agriculture Hub"}, "geometry": {"type": "Point", "coordinates": [-96.7142, 32.8942]}}, {"type": "Feature", "properties": {"name": "Hialeah Soybean Processing Plant", "city": "Hialeah", "state": "Florida", "type": "Agriculture Hub"}, "geometry": {"type": "Point", "coordinates": [-80.212, 25.798]}}, {"type": "Feature", "properties": {"name": "Baton Rouge Dairy Processing Hub", "city": "Baton Rouge", "state": "Louisiana", "type": "Agriculture Hub"}, "geometry": {"type": "Point", "coordinates": [-91.072, 30.4729]}}, {"type": "Feature", "properties": {"name": "Irving Farm Equipment Hub", "city": "Irving", "state": "Texas", "type": "Agriculture Hub"}, "geometry": {"type": "Point", "coordinates": [-96.9766, 32.8208]}}, {"type": "Feature", "properties": {"name": "Irving Agri-Business Park", "city": "Irving", "state": "Texas", "type": "Agriculture Hub"}, "geometry": {"type": "Point", "coordinates": [-97.0119, 32.8135]}}, {"type": "Feature", "properties": {"name": "Fremont Crop Research Station", "city": "Fremont", "state": "California", "type": "Agriculture Hub"}, "geometry": {"type": "Point", "coordinates": [-121.924, 37.5088]}}, {"type": "Feature", "properties": {"name": "Boise City Citrus Packing District", "city": "Boise City", "state": "Idaho", "type": "Agriculture Hub"}, "geometry": {"type": "Point", "coordinates": [-116.2062, 43.6299]}}, {"type": "Feature", "properties": {"name": "San Bernardino Soybean Processing Plant", "city": "San Bernardino", "state": "California", "type": "Agriculture Hub"}, "geometry": {"type": "Point", "coordinates": [-117.2576, 34.0491]}}, {"type": "Feature", "properties": {"name": "San Bernardino Agri-Business Park", "city": "San Bernardino", "state": "California", "type": "Agriculture Hub"}, "geometry": {"type": "Point", "coordinates": [-117.2296, 34.063]}}, {"type": "Feature", "properties": {"name": "San Bernardino Agricultural Processing Center", "city": "San Bernardino", "state": "California", "type": "Agriculture Hub"}, "geometry": {"type": "Point", "coordinates": [-117.1878, 34.176]}}, {"type": "Feature", "properties": {"name": "Birmingham Farmers Market Hub", "city": "Birmingham", "state": "Alabama", "type": "Agriculture Hub"}, "geometry": {"type": "Point", "coordinates": [-86.8927, 33.5796]}}, {"type": "Feature", "properties": {"name": "Spokane Soybean Processing Plant", "city": "Spokane", "state": "Washington", "type": "Agriculture Hub"}, "geometry": {"type": "Point", "coordinates": [-117.5172, 47.608]}}, {"type": "Feature", "properties": {"name": "Spokane Wheat Storage Facility", "city": "Spokane", "state": "Washington", "type": "Agriculture Hub"}, "geometry": {"type": "Point", "coordinates": [-117.4809, 47.7351]}}, {"type": "Feature", "properties": {"name": "Spokane Farm Equipment Hub", "city": "Spokane", "state": "Washington", "type": "Agriculture Hub"}, "geometry": {"type": "Point", "coordinates": [-117.375, 47.588]}}, {"type": "Feature", "properties": {"name": "Des Moines Citrus Packing District", "city": "Des Moines", "state": "Iowa", "type": "Agriculture Hub"}, "geometry": {"type": "Point", "coordinates": [-93.5019, 41.6266]}}, {"type": "Feature", "properties": {"name": "Modesto Farmers Market Hub", "city": "Modesto", "state": "California", "type": "Agriculture Hub"}, "geometry": {"type": "Point", "coordinates": [-120.9573, 37.6839]}}, {"type": "Feature", "properties": {"name": "Modesto Farm Equipment Hub", "city": "Modesto", "state": "California", "type": "Agriculture Hub"}, "geometry": {"type": "Point", "coordinates": [-121.0369, 37.6816]}}, {"type": "Feature", "properties": {"name": "Modesto Agricultural Processing Center", "city": "Modesto", "state": "California", "type": "Agriculture Hub"}, "geometry": {"type": "Point", "coordinates": [-120.9018, 37.5687]}}, {"type": "Feature", "properties": {"name": "Fayetteville Agricultural Processing Center", "city": "Fayetteville", "state": "North Carolina", "type": "Agriculture Hub"}, "geometry": {"type": "Point", "coordinates": [-78.8064, 34.9892]}}, {"type": "Feature", "properties": {"name": "Fayetteville Livestock Market", "city": "Fayetteville", "state": "North Carolina", "type": "Agriculture Hub"}, "geometry": {"type": "Point", "coordinates": [-78.7745, 35.1211]}}, {"type": "Feature", "properties": {"name": "Fayetteville Farm Bureau", "city": "Fayetteville", "state": "North Carolina", "type": "Agriculture Hub"}, "geometry": {"type": "Point", "coordinates": [-78.8598, 35.0403]}}, {"type": "Feature", "properties": {"name": "Tacoma Cotton Gin District", "city": "Tacoma", "state": "Washington", "type": "Agriculture Hub"}, "geometry": {"type": "Point", "coordinates": [-122.4605, 47.1959]}}, {"type": "Feature", "properties": {"name": "Tacoma Livestock Market", "city": "Tacoma", "state": "Washington", "type": "Agriculture Hub"}, "geometry": {"type": "Point", "coordinates": [-122.4606, 47.289]}}, {"type": "Feature", "properties": {"name": "Tacoma Citrus Packing District", "city": "Tacoma", "state": "Washington", "type": "Agriculture Hub"}, "geometry": {"type": "Point", "coordinates": [-122.4035, 47.2745]}}, {"type": "Feature", "properties": {"name": "Oxnard Soybean Processing Plant", "city": "Oxnard", "state": "California", "type": "Agriculture Hub"}, "geometry": {"type": "Point", "coordinates": [-119.1786, 34.2033]}}, {"type": "Feature", "properties": {"name": "Oxnard Feed Lot", "city": "Oxnard", "state": "California", "type": "Agriculture Hub"}, "geometry": {"type": "Point", "coordinates": [-119.1128, 34.1329]}}, {"type": "Feature", "properties": {"name": "Fontana Livestock Market", "city": "Fontana", "state": "California", "type": "Agriculture Hub"}, "geometry": {"type": "Point", "coordinates": [-117.4018, 34.0314]}}, {"type": "Feature", "properties": {"name": "Columbus Agricultural Processing Center", "city": "Columbus", "state": "Georgia", "type": "Agriculture Hub"}, "geometry": {"type": "Point", "coordinates": [-84.9711, 32.5008]}}, {"type": "Feature", "properties": {"name": "Columbus Cotton Gin District", "city": "Columbus", "state": "Georgia", "type": "Agriculture Hub"}, "geometry": {"type": "Point", "coordinates": [-85.0754, 32.5248]}}, {"type": "Feature", "properties": {"name": "Montgomery Soybean Processing Plant", "city": "Montgomery", "state": "Alabama", "type": "Agriculture Hub"}, "geometry": {"type": "Point", "coordinates": [-86.2774, 32.3461]}}, {"type": "Feature", "properties": {"name": "Montgomery Dairy Processing Hub", "city": "Montgomery", "state": "Alabama", "type": "Agriculture Hub"}, "geometry": {"type": "Point", "coordinates": [-86.2113, 32.2951]}}, {"type": "Feature", "properties": {"name": "Montgomery Irrigation District", "city": "Montgomery", "state": "Alabama", "type": "Agriculture Hub"}, "geometry": {"type": "Point", "coordinates": [-86.3721, 32.3037]}}, {"type": "Feature", "properties": {"name": "Moreno Valley Poultry Processing Hub", "city": "Moreno Valley", "state": "California", "type": "Agriculture Hub"}, "geometry": {"type": "Point", "coordinates": [-117.3289, 33.9893]}}, {"type": "Feature", "properties": {"name": "Moreno Valley Crop Research Station", "city": "Moreno Valley", "state": "California", "type": "Agriculture Hub"}, "geometry": {"type": "Point", "coordinates": [-117.3211, 33.9806]}}, {"type": "Feature", "properties": {"name": "Shreveport Produce Distribution Center", "city": "Shreveport", "state": "Louisiana", "type": "Agriculture Hub"}, "geometry": {"type": "Point", "coordinates": [-93.6675, 32.5545]}}, {"type": "Feature", "properties": {"name": "Shreveport Irrigation District", "city": "Shreveport", "state": "Louisiana", "type": "Agriculture Hub"}, "geometry": {"type": "Point", "coordinates": [-93.8156, 32.4616]}}, {"type": "Feature", "properties": {"name": "Shreveport Citrus Packing District", "city": "Shreveport", "state": "Louisiana", "type": "Agriculture Hub"}, "geometry": {"type": "Point", "coordinates": [-93.6442, 32.4502]}}, {"type": "Feature", "properties": {"name": "Aurora Produce Distribution Center", "city": "Aurora", "state": "Illinois", "type": "Agriculture Hub"}, "geometry": {"type": "Point", "coordinates": [-88.3343, 41.7936]}}, {"type": "Feature", "properties": {"name": "Akron Feed Lot", "city": "Akron", "state": "Ohio", "type": "Agriculture Hub"}, "geometry": {"type": "Point", "coordinates": [-81.5473, 41.1101]}}, {"type": "Feature", "properties": {"name": "Akron Poultry Processing Hub", "city": "Akron", "state": "Ohio", "type": "Agriculture Hub"}, "geometry": {"type": "Point", "coordinates": [-81.5158, 41.1308]}}, {"type": "Feature", "properties": {"name": "Huntington Beach Agricultural Cooperative", "city": "Huntington Beach", "state": "California", "type": "Agriculture Hub"}, "geometry": {"type": "Point", "coordinates": [-117.9988, 33.7188]}}, {"type": "Feature", "properties": {"name": "Huntington Beach Wheat Storage Facility", "city": "Huntington Beach", "state": "California", "type": "Agriculture Hub"}, "geometry": {"type": "Point", "coordinates": [-118.0409, 33.692]}}, {"type": "Feature", "properties": {"name": "Little Rock Feed Lot", "city": "Little Rock", "state": "Arkansas", "type": "Agriculture Hub"}, "geometry": {"type": "Point", "coordinates": [-92.2766, 34.8194]}}, {"type": "Feature", "properties": {"name": "Augusta-Richmond County Farmers Market Hub", "city": "Augusta-Richmond County", "state": "Georgia", "type": "Agriculture Hub"}, "geometry": {"type": "Point", "coordinates": [-81.9729, 33.4977]}}, {"type": "Feature", "properties": {"name": "Amarillo Citrus Packing District", "city": "Amarillo", "state": "Texas", "type": "Agriculture Hub"}, "geometry": {"type": "Point", "coordinates": [-101.7229, 35.2234]}}, {"type": "Feature", "properties": {"name": "Glendale Cotton Gin District", "city": "Glendale", "state": "California", "type": "Agriculture Hub"}, "geometry": {"type": "Point", "coordinates": [-118.1798, 34.2215]}}, {"type": "Feature", "properties": {"name": "Glendale Citrus Packing District", "city": "Glendale", "state": "California", "type": "Agriculture Hub"}, "geometry": {"type": "Point", "coordinates": [-118.2281, 34.1303]}}, {"type": "Feature", "properties": {"name": "Glendale Citrus Packing District", "city": "Glendale", "state": "California", "type": "Agriculture Hub"}, "geometry": {"type": "Point", "coordinates": [-118.3104, 34.1514]}}, {"type": "Feature", "properties": {"name": "Mobile Agri-Business Park", "city": "Mobile", "state": "Alabama", "type": "Agriculture Hub"}, "geometry": {"type": "Point", "coordinates": [-88.0401, 30.6372]}}, {"type": "Feature", "properties": {"name": "Mobile Cotton Gin District", "city": "Mobile", "state": "Alabama", "type": "Agriculture Hub"}, "geometry": {"type": "Point", "coordinates": [-87.9682, 30.7026]}}, {"type": "Feature", "properties": {"name": "Grand Rapids Grain Elevator", "city": "Grand Rapids", "state": "Michigan", "type": "Agriculture Hub"}, "geometry": {"type": "Point", "coordinates": [-85.758, 42.8854]}}, {"type": "Feature", "properties": {"name": "Grand Rapids Agri-Business Park", "city": "Grand Rapids", "state": "Michigan", "type": "Agriculture Hub"}, "geometry": {"type": "Point", "coordinates": [-85.7337, 42.9148]}}, {"type": "Feature", "properties": {"name": "Tallahassee Produce Distribution Center", "city": "Tallahassee", "state": "Florida", "type": "Agriculture Hub"}, "geometry": {"type": "Point", "coordinates": [-84.3257, 30.3878]}}, {"type": "Feature", "properties": {"name": "Tallahassee Poultry Processing Hub", "city": "Tallahassee", "state": "Florida", "type": "Agriculture Hub"}, "geometry": {"type": "Point", "coordinates": [-84.1834, 30.4346]}}, {"type": "Feature", "properties": {"name": "Huntsville Agricultural Processing Center", "city": "Huntsville", "state": "Alabama", "type": "Agriculture Hub"}, "geometry": {"type": "Point", "coordinates": [-86.5568, 34.7144]}}, {"type": "Feature", "properties": {"name": "Huntsville Livestock Market", "city": "Huntsville", "state": "Alabama", "type": "Agriculture Hub"}, "geometry": {"type": "Point", "coordinates": [-86.6696, 34.6799]}}, {"type": "Feature", "properties": {"name": "Grand Prairie Citrus Packing District", "city": "Grand Prairie", "state": "Texas", "type": "Agriculture Hub"}, "geometry": {"type": "Point", "coordinates": [-97.0376, 32.7918]}}, {"type": "Feature", "properties": {"name": "Knoxville Farmers Market Hub", "city": "Knoxville", "state": "Tennessee", "type": "Agriculture Hub"}, "geometry": {"type": "Point", "coordinates": [-83.9445, 35.9505]}}, {"type": "Feature", "properties": {"name": "Knoxville Agricultural Processing Center", "city": "Knoxville", "state": "Tennessee", "type": "Agriculture Hub"}, "geometry": {"type": "Point", "coordinates": [-83.9339, 35.9352]}}, {"type": "Feature", "properties": {"name": "Knoxville Farm Bureau", "city": "Knoxville", "state": "Tennessee", "type": "Agriculture Hub"}, "geometry": {"type": "Point", "coordinates": [-83.9449, 35.9907]}}, {"type": "Feature", "properties": {"name": "Brownsville Farmers Market Hub", "city": "Brownsville", "state": "Texas", "type": "Agriculture Hub"}, "geometry": {"type": "Point", "coordinates": [-97.4624, 25.8735]}}, {"type": "Feature", "properties": {"name": "Overland Park Grain Elevator", "city": "Overland Park", "state": "Kansas", "type": "Agriculture Hub"}, "geometry": {"type": "Point", "coordinates": [-94.7043, 39.0403]}}, {"type": "Feature", "properties": {"name": "Santa Clarita Dairy Processing Hub", "city": "Santa Clarita", "state": "California", "type": "Agriculture Hub"}, "geometry": {"type": "Point", "coordinates": [-118.5866, 34.4205]}}, {"type": "Feature", "properties": {"name": "Santa Clarita Agricultural Cooperative", "city": "Santa Clarita", "state": "California", "type": "Agriculture Hub"}, "geometry": {"type": "Point", "coordinates": [-118.5127, 34.3181]}}, {"type": "Feature", "properties": {"name": "Garden Grove Agri-Business Park", "city": "Garden Grove", "state": "California", "type": "Agriculture Hub"}, "geometry": {"type": "Point", "coordinates": [-117.9036, 33.7919]}}, {"type": "Feature", "properties": {"name": "Garden Grove Agricultural Cooperative", "city": "Garden Grove", "state": "California", "type": "Agriculture Hub"}, "geometry": {"type": "Point", "coordinates": [-118.0142, 33.851]}}, {"type": "Feature", "properties": {"name": "Chattanooga Wheat Storage Facility", "city": "Chattanooga", "state": "Tennessee", "type": "Agriculture Hub"}, "geometry": {"type": "Point", "coordinates": [-85.2066, 35.0347]}}, {"type": "Feature", "properties": {"name": "Chattanooga Farmers Market Hub", "city": "Chattanooga", "state": "Tennessee", "type": "Agriculture Hub"}, "geometry": {"type": "Point", "coordinates": [-85.293, 35.0807]}}, {"type": "Feature", "properties": {"name": "Chattanooga Poultry Processing Hub", "city": "Chattanooga", "state": "Tennessee", "type": "Agriculture Hub"}, "geometry": {"type": "Point", "coordinates": [-85.3237, 35.1123]}}, {"type": "Feature", "properties": {"name": "Oceanside Irrigation District", "city": "Oceanside", "state": "California", "type": "Agriculture Hub"}, "geometry": {"type": "Point", "coordinates": [-117.4129, 33.1719]}}, {"type": "Feature", "properties": {"name": "Oceanside Produce Distribution Center", "city": "Oceanside", "state": "California", "type": "Agriculture Hub"}, "geometry": {"type": "Point", "coordinates": [-117.4213, 33.1445]}}, {"type": "Feature", "properties": {"name": "Oceanside Livestock Market", "city": "Oceanside", "state": "California", "type": "Agriculture Hub"}, "geometry": {"type": "Point", "coordinates": [-117.3592, 33.2513]}}, {"type": "Feature", "properties": {"name": "Jackson Agricultural Cooperative", "city": "Jackson", "state": "Mississippi", "type": "Agriculture Hub"}, "geometry": {"type": "Point", "coordinates": [-90.2561, 32.3377]}}, {"type": "Feature", "properties": {"name": "Fort Lauderdale Soybean Processing Plant", "city": "Fort Lauderdale", "state": "Florida", "type": "Agriculture Hub"}, "geometry": {"type": "Point", "coordinates": [-80.2218, 26.1003]}}, {"type": "Feature", "properties": {"name": "Fort Lauderdale Farm Bureau", "city": "Fort Lauderdale", "state": "Florida", "type": "Agriculture Hub"}, "geometry": {"type": "Point", "coordinates": [-80.1958, 26.1104]}}, {"type": "Feature", "properties": {"name": "Santa Rosa Wheat Storage Facility", "city": "Santa Rosa", "state": "California", "type": "Agriculture Hub"}, "geometry": {"type": "Point", "coordinates": [-122.6982, 38.4661]}}, {"type": "Feature", "properties": {"name": "Rancho Cucamonga Livestock Market", "city": "Rancho Cucamonga", "state": "California", "type": "Agriculture Hub"}, "geometry": {"type": "Point", "coordinates": [-117.4895, 34.0876]}}, {"type": "Feature", "properties": {"name": "Port St. Lucie Grain Elevator", "city": "Port St. Lucie", "state": "Florida", "type": "Agriculture Hub"}, "geometry": {"type": "Point", "coordinates": [-80.2934, 27.212]}}, {"type": "Feature", "properties": {"name": "Ontario Livestock Market", "city": "Ontario", "state": "California", "type": "Agriculture Hub"}, "geometry": {"type": "Point", "coordinates": [-117.7214, 34.062]}}, {"type": "Feature", "properties": {"name": "Ontario Dairy Processing Hub", "city": "Ontario", "state": "California", "type": "Agriculture Hub"}, "geometry": {"type": "Point", "coordinates": [-117.6366, 34.0418]}}, {"type": "Feature", "properties": {"name": "Ontario Grain Elevator", "city": "Ontario", "state": "California", "type": "Agriculture Hub"}, "geometry": {"type": "Point", "coordinates": [-117.7526, 34.0511]}}, {"type": "Feature", "properties": {"name": "Vancouver Poultry Processing Hub", "city": "Vancouver", "state": "Washington", "type": "Agriculture Hub"}, "geometry": {"type": "Point", "coordinates": [-122.7447, 45.7045]}}, {"type": "Feature", "properties": {"name": "Vancouver Irrigation District", "city": "Vancouver", "state": "Washington", "type": "Agriculture Hub"}, "geometry": {"type": "Point", "coordinates": [-122.7041, 45.7109]}}, {"type": "Feature", "properties": {"name": "Cape Coral Cotton Gin District", "city": "Cape Coral", "state": "Florida", "type": "Agriculture Hub"}, "geometry": {"type": "Point", "coordinates": [-82.043, 26.5148]}}, {"type": "Feature", "properties": {"name": "Cape Coral Produce Distribution Center", "city": "Cape Coral", "state": "Florida", "type": "Agriculture Hub"}, "geometry": {"type": "Point", "coordinates": [-82.0223, 26.6203]}}, {"type": "Feature", "properties": {"name": "Sioux Falls Feed Lot", "city": "Sioux Falls", "state": "South Dakota", "type": "Agriculture Hub"}, "geometry": {"type": "Point", "coordinates": [-96.8248, 43.5109]}}, {"type": "Feature", "properties": {"name": "Sioux Falls Produce Distribution Center", "city": "Sioux Falls", "state": "South Dakota", "type": "Agriculture Hub"}, "geometry": {"type": "Point", "coordinates": [-96.7299, 43.6193]}}, {"type": "Feature", "properties": {"name": "Sioux Falls Farm Bureau", "city": "Sioux Falls", "state": "South Dakota", "type": "Agriculture Hub"}, "geometry": {"type": "Point", "coordinates": [-96.7579, 43.5117]}}, {"type": "Feature", "properties": {"name": "Springfield Farmers Market Hub", "city": "Springfield", "state": "Missouri", "type": "Agriculture Hub"}, "geometry": {"type": "Point", "coordinates": [-93.2427, 37.2057]}}, {"type": "Feature", "properties": {"name": "Springfield Wheat Storage Facility", "city": "Springfield", "state": "Missouri", "type": "Agriculture Hub"}, "geometry": {"type": "Point", "coordinates": [-93.27, 37.2332]}}, {"type": "Feature", "properties": {"name": "Springfield Irrigation District", "city": "Springfield", "state": "Missouri", "type": "Agriculture Hub"}, "geometry": {"type": "Point", "coordinates": [-93.1963, 37.1924]}}, {"type": "Feature", "properties": {"name": "Pembroke Pines Wheat Storage Facility", "city": "Pembroke Pines", "state": "Florida", "type": "Agriculture Hub"}, "geometry": {"type": "Point", "coordinates": [-80.3344, 26.0283]}}, {"type": "Feature", "properties": {"name": "Pembroke Pines Farm Bureau", "city": "Pembroke Pines", "state": "Florida", "type": "Agriculture Hub"}, "geometry": {"type": "Point", "coordinates": [-80.2198, 26.0692]}}, {"type": "Feature", "properties": {"name": "Pembroke Pines Agri-Business Park", "city": "Pembroke Pines", "state": "Florida", "type": "Agriculture Hub"}, "geometry": {"type": "Point", "coordinates": [-80.3941, 26.0675]}}, {"type": "Feature", "properties": {"name": "Elk Grove Dairy Processing Hub", "city": "Elk Grove", "state": "California", "type": "Agriculture Hub"}, "geometry": {"type": "Point", "coordinates": [-121.4144, 38.3379]}}, {"type": "Feature", "properties": {"name": "Salem Crop Research Station", "city": "Salem", "state": "Oregon", "type": "Agriculture Hub"}, "geometry": {"type": "Point", "coordinates": [-123.1453, 44.8856]}}, {"type": "Feature", "properties": {"name": "Salem Crop Research Station", "city": "Salem", "state": "Oregon", "type": "Agriculture Hub"}, "geometry": {"type": "Point", "coordinates": [-123.0184, 44.9729]}}, {"type": "Feature", "properties": {"name": "Lancaster Produce Distribution Center", "city": "Lancaster", "state": "California", "type": "Agriculture Hub"}, "geometry": {"type": "Point", "coordinates": [-118.1521, 34.6882]}}, {"type": "Feature", "properties": {"name": "Lancaster Irrigation District", "city": "Lancaster", "state": "California", "type": "Agriculture Hub"}, "geometry": {"type": "Point", "coordinates": [-118.154, 34.6771]}}, {"type": "Feature", "properties": {"name": "Corona Poultry Processing Hub", "city": "Corona", "state": "California", "type": "Agriculture Hub"}, "geometry": {"type": "Point", "coordinates": [-117.5074, 33.8603]}}, {"type": "Feature", "properties": {"name": "Corona Irrigation District", "city": "Corona", "state": "California", "type": "Agriculture Hub"}, "geometry": {"type": "Point", "coordinates": [-117.5662, 33.9488]}}, {"type": "Feature", "properties": {"name": "Eugene Agri-Business Park", "city": "Eugene", "state": "Oregon", "type": "Agriculture Hub"}, "geometry": {"type": "Point", "coordinates": [-123.0407, 43.9783]}}, {"type": "Feature", "properties": {"name": "Palmdale Dairy Processing Hub", "city": "Palmdale", "state": "California", "type": "Agriculture Hub"}, "geometry": {"type": "Point", "coordinates": [-118.0977, 34.6565]}}, {"type": "Feature", "properties": {"name": "Salinas Produce Distribution Center", "city": "Salinas", "state": "California", "type": "Agriculture Hub"}, "geometry": {"type": "Point", "coordinates": [-121.6862, 36.6966]}}, {"type": "Feature", "properties": {"name": "Pasadena Farm Bureau", "city": "Pasadena", "state": "Texas", "type": "Agriculture Hub"}, "geometry": {"type": "Point", "coordinates": [-95.2793, 29.6349]}}, {"type": "Feature", "properties": {"name": "Pasadena Wheat Storage Facility", "city": "Pasadena", "state": "Texas", "type": "Agriculture Hub"}, "geometry": {"type": "Point", "coordinates": [-95.2081, 29.7629]}}, {"type": "Feature", "properties": {"name": "Pasadena Irrigation District", "city": "Pasadena", "state": "Texas", "type": "Agriculture Hub"}, "geometry": {"type": "Point", "coordinates": [-95.1135, 29.6437]}}, {"type": "Feature", "properties": {"name": "Fort Collins Agri-Business Park", "city": "Fort Collins", "state": "Colorado", "type": "Agriculture Hub"}, "geometry": {"type": "Point", "coordinates": [-105.1161, 40.5823]}}, {"type": "Feature", "properties": {"name": "Fort Collins Wheat Storage Facility", "city": "Fort Collins", "state": "Colorado", "type": "Agriculture Hub"}, "geometry": {"type": "Point", "coordinates": [-105.1209, 40.6194]}}, {"type": "Feature", "properties": {"name": "Fort Collins Agri-Business Park", "city": "Fort Collins", "state": "Colorado", "type": "Agriculture Hub"}, "geometry": {"type": "Point", "coordinates": [-105.157, 40.5144]}}, {"type": "Feature", "properties": {"name": "Hayward Dairy Processing Hub", "city": "Hayward", "state": "California", "type": "Agriculture Hub"}, "geometry": {"type": "Point", "coordinates": [-122.0648, 37.6914]}}, {"type": "Feature", "properties": {"name": "Hayward Livestock Market", "city": "Hayward", "state": "California", "type": "Agriculture Hub"}, "geometry": {"type": "Point", "coordinates": [-122.0743, 37.6585]}}, {"type": "Feature", "properties": {"name": "Hayward Dairy Processing Hub", "city": "Hayward", "state": "California", "type": "Agriculture Hub"}, "geometry": {"type": "Point", "coordinates": [-121.9815, 37.6201]}}, {"type": "Feature", "properties": {"name": "Pomona Agricultural Cooperative", "city": "Pomona", "state": "California", "type": "Agriculture Hub"}, "geometry": {"type": "Point", "coordinates": [-117.8515, 34.0721]}}, {"type": "Feature", "properties": {"name": "Cary Farmers Market Hub", "city": "Cary", "state": "North Carolina", "type": "Agriculture Hub"}, "geometry": {"type": "Point", "coordinates": [-78.7269, 35.8335]}}, {"type": "Feature", "properties": {"name": "Cary Citrus Packing District", "city": "Cary", "state": "North Carolina", "type": "Agriculture Hub"}, "geometry": {"type": "Point", "coordinates": [-78.8253, 35.7427]}}, {"type": "Feature", "properties": {"name": "Cary Livestock Market", "city": "Cary", "state": "North Carolina", "type": "Agriculture Hub"}, "geometry": {"type": "Point", "coordinates": [-78.7235, 35.734]}}, {"type": "Feature", "properties": {"name": "Rockford Agri-Business Park", "city": "Rockford", "state": "Illinois", "type": "Agriculture Hub"}, "geometry": {"type": "Point", "coordinates": [-89.0219, 42.2725]}}, {"type": "Feature", "properties": {"name": "Rockford Poultry Processing Hub", "city": "Rockford", "state": "Illinois", "type": "Agriculture Hub"}, "geometry": {"type": "Point", "coordinates": [-89.0499, 42.2851]}}, {"type": "Feature", "properties": {"name": "Escondido Soybean Processing Plant", "city": "Escondido", "state": "California", "type": "Agriculture Hub"}, "geometry": {"type": "Point", "coordinates": [-117.1161, 33.1221]}}, {"type": "Feature", "properties": {"name": "McKinney Farmers Market Hub", "city": "McKinney", "state": "Texas", "type": "Agriculture Hub"}, "geometry": {"type": "Point", "coordinates": [-96.6782, 33.1813]}}, {"type": "Feature", "properties": {"name": "McKinney Agricultural Processing Center", "city": "McKinney", "state": "Texas", "type": "Agriculture Hub"}, "geometry": {"type": "Point", "coordinates": [-96.7243, 33.2216]}}, {"type": "Feature", "properties": {"name": "McKinney Farmers Market Hub", "city": "McKinney", "state": "Texas", "type": "Agriculture Hub"}, "geometry": {"type": "Point", "coordinates": [-96.7068, 33.1846]}}, {"type": "Feature", "properties": {"name": "Kansas City Poultry Processing Hub", "city": "Kansas City", "state": "Kansas", "type": "Agriculture Hub"}, "geometry": {"type": "Point", "coordinates": [-94.6811, 39.0607]}}, {"type": "Feature", "properties": {"name": "Kansas City Irrigation District", "city": "Kansas City", "state": "Kansas", "type": "Agriculture Hub"}, "geometry": {"type": "Point", "coordinates": [-94.6877, 39.1106]}}, {"type": "Feature", "properties": {"name": "Joliet Feed Lot", "city": "Joliet", "state": "Illinois", "type": "Agriculture Hub"}, "geometry": {"type": "Point", "coordinates": [-88.0108, 41.5233]}}, {"type": "Feature", "properties": {"name": "Joliet Crop Research Station", "city": "Joliet", "state": "Illinois", "type": "Agriculture Hub"}, "geometry": {"type": "Point", "coordinates": [-87.9971, 41.4929]}}, {"type": "Feature", "properties": {"name": "Sunnyvale Agricultural Cooperative", "city": "Sunnyvale", "state": "California", "type": "Agriculture Hub"}, "geometry": {"type": "Point", "coordinates": [-122.0974, 37.3888]}}, {"type": "Feature", "properties": {"name": "Sunnyvale Irrigation District", "city": "Sunnyvale", "state": "California", "type": "Agriculture Hub"}, "geometry": {"type": "Point", "coordinates": [-122.0254, 37.303]}}, {"type": "Feature", "properties": {"name": "Torrance Irrigation District", "city": "Torrance", "state": "California", "type": "Agriculture Hub"}, "geometry": {"type": "Point", "coordinates": [-118.446, 33.7891]}}, {"type": "Feature", "properties": {"name": "Lakewood Irrigation District", "city": "Lakewood", "state": "Colorado", "type": "Agriculture Hub"}, "geometry": {"type": "Point", "coordinates": [-105.1906, 39.7197]}}, {"type": "Feature", "properties": {"name": "Lakewood Feed Lot", "city": "Lakewood", "state": "Colorado", "type": "Agriculture Hub"}, "geometry": {"type": "Point", "coordinates": [-105.164, 39.6252]}}, {"type": "Feature", "properties": {"name": "Lakewood Poultry Processing Hub", "city": "Lakewood", "state": "Colorado", "type": "Agriculture Hub"}, "geometry": {"type": "Point", "coordinates": [-105.0126, 39.6461]}}, {"type": "Feature", "properties": {"name": "Hollywood Crop Research Station", "city": "Hollywood", "state": "Florida", "type": "Agriculture Hub"}, "geometry": {"type": "Point", "coordinates": [-80.114, 26.0057]}}, {"type": "Feature", "properties": {"name": "Naperville Grain Elevator", "city": "Naperville", "state": "Illinois", "type": "Agriculture Hub"}, "geometry": {"type": "Point", "coordinates": [-88.2568, 41.6783]}}, {"type": "Feature", "properties": {"name": "Naperville Farm Equipment Hub", "city": "Naperville", "state": "Illinois", "type": "Agriculture Hub"}, "geometry": {"type": "Point", "coordinates": [-88.1381, 41.7438]}}, {"type": "Feature", "properties": {"name": "Naperville Wheat Storage Facility", "city": "Naperville", "state": "Illinois", "type": "Agriculture Hub"}, "geometry": {"type": "Point", "coordinates": [-88.0583, 41.8211]}}, {"type": "Feature", "properties": {"name": "Mesquite Farm Equipment Hub", "city": "Mesquite", "state": "Texas", "type": "Agriculture Hub"}, "geometry": {"type": "Point", "coordinates": [-96.6508, 32.7343]}}, {"type": "Feature", "properties": {"name": "Mesquite Poultry Processing Hub", "city": "Mesquite", "state": "Texas", "type": "Agriculture Hub"}, "geometry": {"type": "Point", "coordinates": [-96.5941, 32.7287]}}, {"type": "Feature", "properties": {"name": "Mesquite Poultry Processing Hub", "city": "Mesquite", "state": "Texas", "type": "Agriculture Hub"}, "geometry": {"type": "Point", "coordinates": [-96.5453, 32.7768]}}, {"type": "Feature", "properties": {"name": "Dayton Irrigation District", "city": "Dayton", "state": "Ohio", "type": "Agriculture Hub"}, "geometry": {"type": "Point", "coordinates": [-84.1032, 39.6936]}}, {"type": "Feature", "properties": {"name": "Savannah Livestock Market", "city": "Savannah", "state": "Georgia", "type": "Agriculture Hub"}, "geometry": {"type": "Point", "coordinates": [-81.0439, 32.0578]}}, {"type": "Feature", "properties": {"name": "Savannah Dairy Processing Hub", "city": "Savannah", "state": "Georgia", "type": "Agriculture Hub"}, "geometry": {"type": "Point", "coordinates": [-81.0021, 32.1597]}}, {"type": "Feature", "properties": {"name": "Clarksville Poultry Processing Hub", "city": "Clarksville", "state": "Tennessee", "type": "Agriculture Hub"}, "geometry": {"type": "Point", "coordinates": [-87.397, 36.4649]}}, {"type": "Feature", "properties": {"name": "Orange Farmers Market Hub", "city": "Orange", "state": "California", "type": "Agriculture Hub"}, "geometry": {"type": "Point", "coordinates": [-117.9051, 33.8112]}}, {"type": "Feature", "properties": {"name": "Pasadena Produce Distribution Center", "city": "Pasadena", "state": "California", "type": "Agriculture Hub"}, "geometry": {"type": "Point", "coordinates": [-118.2132, 34.1865]}}, {"type": "Feature", "properties": {"name": "Pasadena Agri-Business Park", "city": "Pasadena", "state": "California", "type": "Agriculture Hub"}, "geometry": {"type": "Point", "coordinates": [-118.0903, 34.0858]}}, {"type": "Feature", "properties": {"name": "Fullerton Grain Elevator", "city": "Fullerton", "state": "California", "type": "Agriculture Hub"}, "geometry": {"type": "Point", "coordinates": [-117.8803, 33.8576]}}, {"type": "Feature", "properties": {"name": "Killeen Produce Distribution Center", "city": "Killeen", "state": "Texas", "type": "Agriculture Hub"}, "geometry": {"type": "Point", "coordinates": [-97.6731, 31.0823]}}, {"type": "Feature", "properties": {"name": "Frisco Agricultural Processing Center", "city": "Frisco", "state": "Texas", "type": "Agriculture Hub"}, "geometry": {"type": "Point", "coordinates": [-96.9089, 33.0886]}}, {"type": "Feature", "properties": {"name": "Frisco Wheat Storage Facility", "city": "Frisco", "state": "Texas", "type": "Agriculture Hub"}, "geometry": {"type": "Point", "coordinates": [-96.7866, 33.1]}}, {"type": "Feature", "properties": {"name": "McAllen Crop Research Station", "city": "McAllen", "state": "Texas", "type": "Agriculture Hub"}, "geometry": {"type": "Point", "coordinates": [-98.3238, 26.1856]}}, {"type": "Feature", "properties": {"name": "Warren Agricultural Cooperative", "city": "Warren", "state": "Michigan", "type": "Agriculture Hub"}, "geometry": {"type": "Point", "coordinates": [-82.9937, 42.4426]}}, {"type": "Feature", "properties": {"name": "Warren Farm Equipment Hub", "city": "Warren", "state": "Michigan", "type": "Agriculture Hub"}, "geometry": {"type": "Point", "coordinates": [-83.0857, 42.4794]}}, {"type": "Feature", "properties": {"name": "Bellevue Citrus Packing District", "city": "Bellevue", "state": "Washington", "type": "Agriculture Hub"}, "geometry": {"type": "Point", "coordinates": [-122.1323, 47.5763]}}, {"type": "Feature", "properties": {"name": "Bellevue Feed Lot", "city": "Bellevue", "state": "Washington", "type": "Agriculture Hub"}, "geometry": {"type": "Point", "coordinates": [-122.0948, 47.6538]}}, {"type": "Feature", "properties": {"name": "Bellevue Agri-Business Park", "city": "Bellevue", "state": "Washington", "type": "Agriculture Hub"}, "geometry": {"type": "Point", "coordinates": [-122.2102, 47.576]}}, {"type": "Feature", "properties": {"name": "Olathe Irrigation District", "city": "Olathe", "state": "Kansas", "type": "Agriculture Hub"}, "geometry": {"type": "Point", "coordinates": [-94.8609, 38.8614]}}, {"type": "Feature", "properties": {"name": "Olathe Livestock Market", "city": "Olathe", "state": "Kansas", "type": "Agriculture Hub"}, "geometry": {"type": "Point", "coordinates": [-94.8297, 38.8616]}}, {"type": "Feature", "properties": {"name": "Sterling Heights Citrus Packing District", "city": "Sterling Heights", "state": "Michigan", "type": "Agriculture Hub"}, "geometry": {"type": "Point", "coordinates": [-83.0067, 42.6083]}}, {"type": "Feature", "properties": {"name": "Sterling Heights Irrigation District", "city": "Sterling Heights", "state": "Michigan", "type": "Agriculture Hub"}, "geometry": {"type": "Point", "coordinates": [-83.09, 42.5877]}}, {"type": "Feature", "properties": {"name": "Sterling Heights Farmers Market Hub", "city": "Sterling Heights", "state": "Michigan", "type": "Agriculture Hub"}, "geometry": {"type": "Point", "coordinates": [-83.0908, 42.5539]}}, {"type": "Feature", "properties": {"name": "Miramar Agri-Business Park", "city": "Miramar", "state": "Florida", "type": "Agriculture Hub"}, "geometry": {"type": "Point", "coordinates": [-80.2829, 25.9761]}}, {"type": "Feature", "properties": {"name": "Miramar Irrigation District", "city": "Miramar", "state": "Florida", "type": "Agriculture Hub"}, "geometry": {"type": "Point", "coordinates": [-80.3437, 25.9871]}}, {"type": "Feature", "properties": {"name": "Waco Grain Elevator", "city": "Waco", "state": "Texas", "type": "Agriculture Hub"}, "geometry": {"type": "Point", "coordinates": [-97.0599, 31.5237]}}, {"type": "Feature", "properties": {"name": "Waco Wheat Storage Facility", "city": "Waco", "state": "Texas", "type": "Agriculture Hub"}, "geometry": {"type": "Point", "coordinates": [-97.2071, 31.5646]}}, {"type": "Feature", "properties": {"name": "Waco Livestock Market", "city": "Waco", "state": "Texas", "type": "Agriculture Hub"}, "geometry": {"type": "Point", "coordinates": [-97.1787, 31.6207]}}, {"type": "Feature", "properties": {"name": "Thousand Oaks Cotton Gin District", "city": "Thousand Oaks", "state": "California", "type": "Agriculture Hub"}, "geometry": {"type": "Point", "coordinates": [-118.8856, 34.2032]}}, {"type": "Feature", "properties": {"name": "Thousand Oaks Farmers Market Hub", "city": "Thousand Oaks", "state": "California", "type": "Agriculture Hub"}, "geometry": {"type": "Point", "coordinates": [-118.8019, 34.1482]}}, {"type": "Feature", "properties": {"name": "Thousand Oaks Farmers Market Hub", "city": "Thousand Oaks", "state": "California", "type": "Agriculture Hub"}, "geometry": {"type": "Point", "coordinates": [-118.8439, 34.1678]}}, {"type": "Feature", "properties": {"name": "Cedar Rapids Soybean Processing Plant", "city": "Cedar Rapids", "state": "Iowa", "type": "Agriculture Hub"}, "geometry": {"type": "Point", "coordinates": [-91.7715, 42.028]}}, {"type": "Feature", "properties": {"name": "Cedar Rapids Agricultural Processing Center", "city": "Cedar Rapids", "state": "Iowa", "type": "Agriculture Hub"}, "geometry": {"type": "Point", "coordinates": [-91.7157, 41.9783]}}, {"type": "Feature", "properties": {"name": "Visalia Livestock Market", "city": "Visalia", "state": "California", "type": "Agriculture Hub"}, "geometry": {"type": "Point", "coordinates": [-119.288, 36.3834]}}, {"type": "Feature", "properties": {"name": "Topeka Grain Elevator", "city": "Topeka", "state": "Kansas", "type": "Agriculture Hub"}, "geometry": {"type": "Point", "coordinates": [-95.6304, 39.1095]}}, {"type": "Feature", "properties": {"name": "Topeka Feed Lot", "city": "Topeka", "state": "Kansas", "type": "Agriculture Hub"}, "geometry": {"type": "Point", "coordinates": [-95.7539, 39.1243]}}, {"type": "Feature", "properties": {"name": "Topeka Citrus Packing District", "city": "Topeka", "state": "Kansas", "type": "Agriculture Hub"}, "geometry": {"type": "Point", "coordinates": [-95.7639, 39.119]}}, {"type": "Feature", "properties": {"name": "Gainesville Cotton Gin District", "city": "Gainesville", "state": "Florida", "type": "Agriculture Hub"}, "geometry": {"type": "Point", "coordinates": [-82.3909, 29.6225]}}, {"type": "Feature", "properties": {"name": "Gainesville Irrigation District", "city": "Gainesville", "state": "Florida", "type": "Agriculture Hub"}, "geometry": {"type": "Point", "coordinates": [-82.2854, 29.6387]}}, {"type": "Feature", "properties": {"name": "Gainesville Dairy Processing Hub", "city": "Gainesville", "state": "Florida", "type": "Agriculture Hub"}, "geometry": {"type": "Point", "coordinates": [-82.3676, 29.572]}}, {"type": "Feature", "properties": {"name": "Thornton Irrigation District", "city": "Thornton", "state": "Colorado", "type": "Agriculture Hub"}, "geometry": {"type": "Point", "coordinates": [-104.8773, 39.854]}}, {"type": "Feature", "properties": {"name": "Thornton Crop Research Station", "city": "Thornton", "state": "Colorado", "type": "Agriculture Hub"}, "geometry": {"type": "Point", "coordinates": [-104.9761, 39.897]}}, {"type": "Feature", "properties": {"name": "Thornton Farm Equipment Hub", "city": "Thornton", "state": "Colorado", "type": "Agriculture Hub"}, "geometry": {"type": "Point", "coordinates": [-104.8798, 39.7924]}}, {"type": "Feature", "properties": {"name": "Roseville Farm Bureau", "city": "Roseville", "state": "California", "type": "Agriculture Hub"}, "geometry": {"type": "Point", "coordinates": [-121.2211, 38.6896]}}, {"type": "Feature", "properties": {"name": "Roseville Farmers Market Hub", "city": "Roseville", "state": "California", "type": "Agriculture Hub"}, "geometry": {"type": "Point", "coordinates": [-121.3679, 38.711]}}, {"type": "Feature", "properties": {"name": "Carrollton Wheat Storage Facility", "city": "Carrollton", "state": "Texas", "type": "Agriculture Hub"}, "geometry": {"type": "Point", "coordinates": [-96.8154, 32.9158]}}, {"type": "Feature", "properties": {"name": "Coral Springs Soybean Processing Plant", "city": "Coral Springs", "state": "Florida", "type": "Agriculture Hub"}, "geometry": {"type": "Point", "coordinates": [-80.3392, 26.2434]}}, {"type": "Feature", "properties": {"name": "Coral Springs Wheat Storage Facility", "city": "Coral Springs", "state": "Florida", "type": "Agriculture Hub"}, "geometry": {"type": "Point", "coordinates": [-80.3062, 26.332]}}, {"type": "Feature", "properties": {"name": "Coral Springs Farmers Market Hub", "city": "Coral Springs", "state": "Florida", "type": "Agriculture Hub"}, "geometry": {"type": "Point", "coordinates": [-80.3774, 26.2342]}}, {"type": "Feature", "properties": {"name": "Simi Valley Poultry Processing Hub", "city": "Simi Valley", "state": "California", "type": "Agriculture Hub"}, "geometry": {"type": "Point", "coordinates": [-118.7265, 34.292]}}, {"type": "Feature", "properties": {"name": "Simi Valley Crop Research Station", "city": "Simi Valley", "state": "California", "type": "Agriculture Hub"}, "geometry": {"type": "Point", "coordinates": [-118.8064, 34.2881]}}, {"type": "Feature", "properties": {"name": "Simi Valley Farm Equipment Hub", "city": "Simi Valley", "state": "California", "type": "Agriculture Hub"}, "geometry": {"type": "Point", "coordinates": [-118.8066, 34.3046]}}, {"type": "Feature", "properties": {"name": "Concord Farmers Market Hub", "city": "Concord", "state": "California", "type": "Agriculture Hub"}, "geometry": {"type": "Point", "coordinates": [-122.1216, 37.9034]}}, {"type": "Feature", "properties": {"name": "Concord Agricultural Processing Center", "city": "Concord", "state": "California", "type": "Agriculture Hub"}, "geometry": {"type": "Point", "coordinates": [-122.1363, 37.9252]}}, {"type": "Feature", "properties": {"name": "Kent Livestock Market", "city": "Kent", "state": "Washington", "type": "Agriculture Hub"}, "geometry": {"type": "Point", "coordinates": [-122.2824, 47.3762]}}, {"type": "Feature", "properties": {"name": "Kent Farm Bureau", "city": "Kent", "state": "Washington", "type": "Agriculture Hub"}, "geometry": {"type": "Point", "coordinates": [-122.1428, 47.3626]}}, {"type": "Feature", "properties": {"name": "Lafayette Agricultural Cooperative", "city": "Lafayette", "state": "Louisiana", "type": "Agriculture Hub"}, "geometry": {"type": "Point", "coordinates": [-91.9842, 30.2635]}}, {"type": "Feature", "properties": {"name": "Lafayette Farmers Market Hub", "city": "Lafayette", "state": "Louisiana", "type": "Agriculture Hub"}, "geometry": {"type": "Point", "coordinates": [-91.9892, 30.2592]}}, {"type": "Feature", "properties": {"name": "Lafayette Citrus Packing District", "city": "Lafayette", "state": "Louisiana", "type": "Agriculture Hub"}, "geometry": {"type": "Point", "coordinates": [-91.9393, 30.2463]}}, {"type": "Feature", "properties": {"name": "Midland Agricultural Cooperative", "city": "Midland", "state": "Texas", "type": "Agriculture Hub"}, "geometry": {"type": "Point", "coordinates": [-102.105, 32.0651]}}, {"type": "Feature", "properties": {"name": "Midland Agri-Business Park", "city": "Midland", "state": "Texas", "type": "Agriculture Hub"}, "geometry": {"type": "Point", "coordinates": [-102.1396, 32.077]}}, {"type": "Feature", "properties": {"name": "Midland Grain Elevator", "city": "Midland", "state": "Texas", "type": "Agriculture Hub"}, "geometry": {"type": "Point", "coordinates": [-102.031, 32.0186]}}, {"type": "Feature", "properties": {"name": "Denton Soybean Processing Plant", "city": "Denton", "state": "Texas", "type": "Agriculture Hub"}, "geometry": {"type": "Point", "coordinates": [-97.0486, 33.2473]}}, {"type": "Feature", "properties": {"name": "Denton Farmers Market Hub", "city": "Denton", "state": "Texas", "type": "Agriculture Hub"}, "geometry": {"type": "Point", "coordinates": [-97.0308, 33.2143]}}, {"type": "Feature", "properties": {"name": "Victorville Dairy Processing Hub", "city": "Victorville", "state": "California", "type": "Agriculture Hub"}, "geometry": {"type": "Point", "coordinates": [-117.351, 34.4856]}}, {"type": "Feature", "properties": {"name": "Evansville Wheat Storage Facility", "city": "Evansville", "state": "Indiana", "type": "Agriculture Hub"}, "geometry": {"type": "Point", "coordinates": [-87.6448, 37.9279]}}, {"type": "Feature", "properties": {"name": "Santa Clara Soybean Processing Plant", "city": "Santa Clara", "state": "California", "type": "Agriculture Hub"}, "geometry": {"type": "Point", "coordinates": [-121.9239, 37.367]}}, {"type": "Feature", "properties": {"name": "Santa Clara Soybean Processing Plant", "city": "Santa Clara", "state": "California", "type": "Agriculture Hub"}, "geometry": {"type": "Point", "coordinates": [-121.9256, 37.3322]}}, {"type": "Feature", "properties": {"name": "Abilene Irrigation District", "city": "Abilene", "state": "Texas", "type": "Agriculture Hub"}, "geometry": {"type": "Point", "coordinates": [-99.7666, 32.4917]}}, {"type": "Feature", "properties": {"name": "Abilene Farm Bureau", "city": "Abilene", "state": "Texas", "type": "Agriculture Hub"}, "geometry": {"type": "Point", "coordinates": [-99.8126, 32.4045]}}, {"type": "Feature", "properties": {"name": "Athens-Clarke County Citrus Packing District", "city": "Athens-Clarke County", "state": "Georgia", "type": "Agriculture Hub"}, "geometry": {"type": "Point", "coordinates": [-83.276, 34.0178]}}, {"type": "Feature", "properties": {"name": "Athens-Clarke County Agri-Business Park", "city": "Athens-Clarke County", "state": "Georgia", "type": "Agriculture Hub"}, "geometry": {"type": "Point", "coordinates": [-83.396, 33.9531]}}, {"type": "Feature", "properties": {"name": "Vallejo Agricultural Processing Center", "city": "Vallejo", "state": "California", "type": "Agriculture Hub"}, "geometry": {"type": "Point", "coordinates": [-122.2822, 38.1683]}}, {"type": "Feature", "properties": {"name": "Vallejo Farm Equipment Hub", "city": "Vallejo", "state": "California", "type": "Agriculture Hub"}, "geometry": {"type": "Point", "coordinates": [-122.2819, 38.1326]}}, {"type": "Feature", "properties": {"name": "Norman Agricultural Processing Center", "city": "Norman", "state": "Oklahoma", "type": "Agriculture Hub"}, "geometry": {"type": "Point", "coordinates": [-97.4651, 35.1513]}}, {"type": "Feature", "properties": {"name": "Norman Crop Research Station", "city": "Norman", "state": "Oklahoma", "type": "Agriculture Hub"}, "geometry": {"type": "Point", "coordinates": [-97.3327, 35.2926]}}, {"type": "Feature", "properties": {"name": "Beaumont Cotton Gin District", "city": "Beaumont", "state": "Texas", "type": "Agriculture Hub"}, "geometry": {"type": "Point", "coordinates": [-94.1394, 30.0965]}}, {"type": "Feature", "properties": {"name": "Beaumont Irrigation District", "city": "Beaumont", "state": "Texas", "type": "Agriculture Hub"}, "geometry": {"type": "Point", "coordinates": [-94.0404, 30.0862]}}, {"type": "Feature", "properties": {"name": "Independence Crop Research Station", "city": "Independence", "state": "Missouri", "type": "Agriculture Hub"}, "geometry": {"type": "Point", "coordinates": [-94.4685, 39.1293]}}, {"type": "Feature", "properties": {"name": "Independence Cotton Gin District", "city": "Independence", "state": "Missouri", "type": "Agriculture Hub"}, "geometry": {"type": "Point", "coordinates": [-94.4618, 39.0229]}}, {"type": "Feature", "properties": {"name": "Independence Soybean Processing Plant", "city": "Independence", "state": "Missouri", "type": "Agriculture Hub"}, "geometry": {"type": "Point", "coordinates": [-94.4655, 39.0551]}}, {"type": "Feature", "properties": {"name": "Murfreesboro Produce Distribution Center", "city": "Murfreesboro", "state": "Tennessee", "type": "Agriculture Hub"}, "geometry": {"type": "Point", "coordinates": [-86.4967, 35.9207]}}, {"type": "Feature", "properties": {"name": "Ann Arbor Farm Bureau", "city": "Ann Arbor", "state": "Michigan", "type": "Agriculture Hub"}, "geometry": {"type": "Point", "coordinates": [-83.7756, 42.2982]}}, {"type": "Feature", "properties": {"name": "Ann Arbor Farm Equipment Hub", "city": "Ann Arbor", "state": "Michigan", "type": "Agriculture Hub"}, "geometry": {"type": "Point", "coordinates": [-83.6644, 42.2989]}}, {"type": "Feature", "properties": {"name": "Ann Arbor Grain Elevator", "city": "Ann Arbor", "state": "Michigan", "type": "Agriculture Hub"}, "geometry": {"type": "Point", "coordinates": [-83.6402, 42.2296]}}, {"type": "Feature", "properties": {"name": "Springfield Grain Elevator", "city": "Springfield", "state": "Illinois", "type": "Agriculture Hub"}, "geometry": {"type": "Point", "coordinates": [-89.5776, 39.7777]}}, {"type": "Feature", "properties": {"name": "Springfield Dairy Processing Hub", "city": "Springfield", "state": "Illinois", "type": "Agriculture Hub"}, "geometry": {"type": "Point", "coordinates": [-89.6396, 39.8101]}}, {"type": "Feature", "properties": {"name": "Springfield Crop Research Station", "city": "Springfield", "state": "Illinois", "type": "Agriculture Hub"}, "geometry": {"type": "Point", "coordinates": [-89.7127, 39.7901]}}, {"type": "Feature", "properties": {"name": "Berkeley Crop Research Station", "city": "Berkeley", "state": "California", "type": "Agriculture Hub"}, "geometry": {"type": "Point", "coordinates": [-122.3058, 37.9273]}}, {"type": "Feature", "properties": {"name": "Peoria Soybean Processing Plant", "city": "Peoria", "state": "Illinois", "type": "Agriculture Hub"}, "geometry": {"type": "Point", "coordinates": [-89.6466, 40.7691]}}, {"type": "Feature", "properties": {"name": "Peoria Farm Equipment Hub", "city": "Peoria", "state": "Illinois", "type": "Agriculture Hub"}, "geometry": {"type": "Point", "coordinates": [-89.5027, 40.6911]}}, {"type": "Feature", "properties": {"name": "Peoria Agri-Business Park", "city": "Peoria", "state": "Illinois", "type": "Agriculture Hub"}, "geometry": {"type": "Point", "coordinates": [-89.6488, 40.7424]}}, {"type": "Feature", "properties": {"name": "El Monte Agri-Business Park", "city": "El Monte", "state": "California", "type": "Agriculture Hub"}, "geometry": {"type": "Point", "coordinates": [-118.1203, 34.0605]}}, {"type": "Feature", "properties": {"name": "El Monte Feed Lot", "city": "El Monte", "state": "California", "type": "Agriculture Hub"}, "geometry": {"type": "Point", "coordinates": [-118.0941, 34.1336]}}, {"type": "Feature", "properties": {"name": "Columbia Crop Research Station", "city": "Columbia", "state": "Missouri", "type": "Agriculture Hub"}, "geometry": {"type": "Point", "coordinates": [-92.4392, 38.9131]}}, {"type": "Feature", "properties": {"name": "Lansing Agri-Business Park", "city": "Lansing", "state": "Michigan", "type": "Agriculture Hub"}, "geometry": {"type": "Point", "coordinates": [-84.6527, 42.6757]}}, {"type": "Feature", "properties": {"name": "Fargo Feed Lot", "city": "Fargo", "state": "North Dakota", "type": "Agriculture Hub"}, "geometry": {"type": "Point", "coordinates": [-96.8448, 46.857]}}, {"type": "Feature", "properties": {"name": "Downey Farm Bureau", "city": "Downey", "state": "California", "type": "Agriculture Hub"}, "geometry": {"type": "Point", "coordinates": [-118.0644, 33.9383]}}, {"type": "Feature", "properties": {"name": "Downey Farmers Market Hub", "city": "Downey", "state": "California", "type": "Agriculture Hub"}, "geometry": {"type": "Point", "coordinates": [-118.2371, 33.935]}}, {"type": "Feature", "properties": {"name": "Downey Wheat Storage Facility", "city": "Downey", "state": "California", "type": "Agriculture Hub"}, "geometry": {"type": "Point", "coordinates": [-118.2165, 33.9093]}}, {"type": "Feature", "properties": {"name": "Costa Mesa Irrigation District", "city": "Costa Mesa", "state": "California", "type": "Agriculture Hub"}, "geometry": {"type": "Point", "coordinates": [-117.9255, 33.6982]}}, {"type": "Feature", "properties": {"name": "Costa Mesa Agri-Business Park", "city": "Costa Mesa", "state": "California", "type": "Agriculture Hub"}, "geometry": {"type": "Point", "coordinates": [-117.8895, 33.6661]}}, {"type": "Feature", "properties": {"name": "Costa Mesa Poultry Processing Hub", "city": "Costa Mesa", "state": "California", "type": "Agriculture Hub"}, "geometry": {"type": "Point", "coordinates": [-117.9816, 33.7192]}}, {"type": "Feature", "properties": {"name": "Wilmington Agricultural Processing Center", "city": "Wilmington", "state": "North Carolina", "type": "Agriculture Hub"}, "geometry": {"type": "Point", "coordinates": [-78.0477, 34.2014]}}, {"type": "Feature", "properties": {"name": "Wilmington Farm Equipment Hub", "city": "Wilmington", "state": "North Carolina", "type": "Agriculture Hub"}, "geometry": {"type": "Point", "coordinates": [-77.8527, 34.1831]}}, {"type": "Feature", "properties": {"name": "Arvada Crop Research Station", "city": "Arvada", "state": "Colorado", "type": "Agriculture Hub"}, "geometry": {"type": "Point", "coordinates": [-105.1071, 39.839]}}, {"type": "Feature", "properties": {"name": "Inglewood Soybean Processing Plant", "city": "Inglewood", "state": "California", "type": "Agriculture Hub"}, "geometry": {"type": "Point", "coordinates": [-118.408, 33.9123]}}, {"type": "Feature", "properties": {"name": "Inglewood Farmers Market Hub", "city": "Inglewood", "state": "California", "type": "Agriculture Hub"}, "geometry": {"type": "Point", "coordinates": [-118.331, 33.883]}}, {"type": "Feature", "properties": {"name": "Inglewood Agricultural Processing Center", "city": "Inglewood", "state": "California", "type": "Agriculture Hub"}, "geometry": {"type": "Point", "coordinates": [-118.3136, 34.0064]}}, {"type": "Feature", "properties": {"name": "Miami Gardens Crop Research Station", "city": "Miami Gardens", "state": "Florida", "type": "Agriculture Hub"}, "geometry": {"type": "Point", "coordinates": [-80.2043, 25.9878]}}, {"type": "Feature", "properties": {"name": "Carlsbad Dairy Processing Hub", "city": "Carlsbad", "state": "California", "type": "Agriculture Hub"}, "geometry": {"type": "Point", "coordinates": [-117.3368, 33.1364]}}, {"type": "Feature", "properties": {"name": "Carlsbad Cotton Gin District", "city": "Carlsbad", "state": "California", "type": "Agriculture Hub"}, "geometry": {"type": "Point", "coordinates": [-117.3207, 33.0934]}}, {"type": "Feature", "properties": {"name": "Carlsbad Wheat Storage Facility", "city": "Carlsbad", "state": "California", "type": "Agriculture Hub"}, "geometry": {"type": "Point", "coordinates": [-117.4497, 33.2253]}}, {"type": "Feature", "properties": {"name": "Westminster Crop Research Station", "city": "Westminster", "state": "Colorado", "type": "Agriculture Hub"}, "geometry": {"type": "Point", "coordinates": [-105.1335, 39.7824]}}, {"type": "Feature", "properties": {"name": "Westminster Agricultural Processing Center", "city": "Westminster", "state": "Colorado", "type": "Agriculture Hub"}, "geometry": {"type": "Point", "coordinates": [-105.0959, 39.862]}}, {"type": "Feature", "properties": {"name": "Rochester Farmers Market Hub", "city": "Rochester", "state": "Minnesota", "type": "Agriculture Hub"}, "geometry": {"type": "Point", "coordinates": [-92.4059, 44.0313]}}, {"type": "Feature", "properties": {"name": "Rochester Agricultural Processing Center", "city": "Rochester", "state": "Minnesota", "type": "Agriculture Hub"}, "geometry": {"type": "Point", "coordinates": [-92.4988, 44.0876]}}, {"type": "Feature", "properties": {"name": "Rochester Agricultural Processing Center", "city": "Rochester", "state": "Minnesota", "type": "Agriculture Hub"}, "geometry": {"type": "Point", "coordinates": [-92.5086, 44.0297]}}, {"type": "Feature", "properties": {"name": "Odessa Farm Bureau", "city": "Odessa", "state": "Texas", "type": "Agriculture Hub"}, "geometry": {"type": "Point", "coordinates": [-102.2616, 31.852]}}, {"type": "Feature", "properties": {"name": "Odessa Irrigation District", "city": "Odessa", "state": "Texas", "type": "Agriculture Hub"}, "geometry": {"type": "Point", "coordinates": [-102.3049, 31.77]}}, {"type": "Feature", "properties": {"name": "Elgin Feed Lot", "city": "Elgin", "state": "Illinois", "type": "Agriculture Hub"}, "geometry": {"type": "Point", "coordinates": [-88.3244, 42.0165]}}, {"type": "Feature", "properties": {"name": "Elgin Poultry Processing Hub", "city": "Elgin", "state": "Illinois", "type": "Agriculture Hub"}, "geometry": {"type": "Point", "coordinates": [-88.2836, 42.0094]}}, {"type": "Feature", "properties": {"name": "Round Rock Agricultural Processing Center", "city": "Round Rock", "state": "Texas", "type": "Agriculture Hub"}, "geometry": {"type": "Point", "coordinates": [-97.7693, 30.5656]}}, {"type": "Feature", "properties": {"name": "Round Rock Farmers Market Hub", "city": "Round Rock", "state": "Texas", "type": "Agriculture Hub"}, "geometry": {"type": "Point", "coordinates": [-97.6832, 30.5168]}}, {"type": "Feature", "properties": {"name": "Clearwater Cotton Gin District", "city": "Clearwater", "state": "Florida", "type": "Agriculture Hub"}, "geometry": {"type": "Point", "coordinates": [-82.7153, 27.9382]}}, {"type": "Feature", "properties": {"name": "Gresham Cotton Gin District", "city": "Gresham", "state": "Oregon", "type": "Agriculture Hub"}, "geometry": {"type": "Point", "coordinates": [-122.4599, 45.4764]}}, {"type": "Feature", "properties": {"name": "Gresham Agricultural Processing Center", "city": "Gresham", "state": "Oregon", "type": "Agriculture Hub"}, "geometry": {"type": "Point", "coordinates": [-122.3196, 45.4456]}}, {"type": "Feature", "properties": {"name": "Fairfield Agricultural Processing Center", "city": "Fairfield", "state": "California", "type": "Agriculture Hub"}, "geometry": {"type": "Point", "coordinates": [-122.1468, 38.3222]}}, {"type": "Feature", "properties": {"name": "Fairfield Irrigation District", "city": "Fairfield", "state": "California", "type": "Agriculture Hub"}, "geometry": {"type": "Point", "coordinates": [-122.1352, 38.2468]}}, {"type": "Feature", "properties": {"name": "Fairfield Poultry Processing Hub", "city": "Fairfield", "state": "California", "type": "Agriculture Hub"}, "geometry": {"type": "Point", "coordinates": [-121.968, 38.2232]}}, {"type": "Feature", "properties": {"name": "Billings Crop Research Station", "city": "Billings", "state": "Montana", "type": "Agriculture Hub"}, "geometry": {"type": "Point", "coordinates": [-108.5, 45.7981]}}, {"type": "Feature", "properties": {"name": "Billings Irrigation District", "city": "Billings", "state": "Montana", "type": "Agriculture Hub"}, "geometry": {"type": "Point", "coordinates": [-108.4758, 45.7566]}}, {"type": "Feature", "properties": {"name": "San Buenaventura (Ventura) Feed Lot", "city": "San Buenaventura (Ventura)", "state": "California", "type": "Agriculture Hub"}, "geometry": {"type": "Point", "coordinates": [-119.2461, 34.3448]}}, {"type": "Feature", "properties": {"name": "San Buenaventura (Ventura) Soybean Processing Plant", "city": "San Buenaventura (Ventura)", "state": "California", "type": "Agriculture Hub"}, "geometry": {"type": "Point", "coordinates": [-119.2983, 34.2085]}}, {"type": "Feature", "properties": {"name": "Pueblo Irrigation District", "city": "Pueblo", "state": "Colorado", "type": "Agriculture Hub"}, "geometry": {"type": "Point", "coordinates": [-104.5748, 38.2599]}}, {"type": "Feature", "properties": {"name": "Pueblo Farm Bureau", "city": "Pueblo", "state": "Colorado", "type": "Agriculture Hub"}, "geometry": {"type": "Point", "coordinates": [-104.5227, 38.1846]}}, {"type": "Feature", "properties": {"name": "High Point Poultry Processing Hub", "city": "High Point", "state": "North Carolina", "type": "Agriculture Hub"}, "geometry": {"type": "Point", "coordinates": [-79.9442, 35.8783]}}, {"type": "Feature", "properties": {"name": "West Covina Livestock Market", "city": "West Covina", "state": "California", "type": "Agriculture Hub"}, "geometry": {"type": "Point", "coordinates": [-118.0188, 34.1117]}}, {"type": "Feature", "properties": {"name": "West Covina Irrigation District", "city": "West Covina", "state": "California", "type": "Agriculture Hub"}, "geometry": {"type": "Point", "coordinates": [-118.0158, 34.0833]}}, {"type": "Feature", "properties": {"name": "Richmond Dairy Processing Hub", "city": "Richmond", "state": "California", "type": "Agriculture Hub"}, "geometry": {"type": "Point", "coordinates": [-122.309, 37.9889]}}, {"type": "Feature", "properties": {"name": "Richmond Poultry Processing Hub", "city": "Richmond", "state": "California", "type": "Agriculture Hub"}, "geometry": {"type": "Point", "coordinates": [-122.2608, 37.8879]}}, {"type": "Feature", "properties": {"name": "Murrieta Crop Research Station", "city": "Murrieta", "state": "California", "type": "Agriculture Hub"}, "geometry": {"type": "Point", "coordinates": [-117.2972, 33.5319]}}, {"type": "Feature", "properties": {"name": "Murrieta Livestock Market", "city": "Murrieta", "state": "California", "type": "Agriculture Hub"}, "geometry": {"type": "Point", "coordinates": [-117.1566, 33.6206]}}, {"type": "Feature", "properties": {"name": "Antioch Livestock Market", "city": "Antioch", "state": "California", "type": "Agriculture Hub"}, "geometry": {"type": "Point", "coordinates": [-121.8717, 38.0616]}}, {"type": "Feature", "properties": {"name": "Antioch Citrus Packing District", "city": "Antioch", "state": "California", "type": "Agriculture Hub"}, "geometry": {"type": "Point", "coordinates": [-121.9042, 38.0763]}}, {"type": "Feature", "properties": {"name": "Temecula Livestock Market", "city": "Temecula", "state": "California", "type": "Agriculture Hub"}, "geometry": {"type": "Point", "coordinates": [-117.1814, 33.5189]}}, {"type": "Feature", "properties": {"name": "Temecula Farm Equipment Hub", "city": "Temecula", "state": "California", "type": "Agriculture Hub"}, "geometry": {"type": "Point", "coordinates": [-117.2017, 33.5358]}}, {"type": "Feature", "properties": {"name": "Norwalk Wheat Storage Facility", "city": "Norwalk", "state": "California", "type": "Agriculture Hub"}, "geometry": {"type": "Point", "coordinates": [-118.0951, 33.9512]}}, {"type": "Feature", "properties": {"name": "Norwalk Feed Lot", "city": "Norwalk", "state": "California", "type": "Agriculture Hub"}, "geometry": {"type": "Point", "coordinates": [-118.049, 33.9214]}}, {"type": "Feature", "properties": {"name": "Centennial Grain Elevator", "city": "Centennial", "state": "Colorado", "type": "Agriculture Hub"}, "geometry": {"type": "Point", "coordinates": [-104.9089, 39.5307]}}, {"type": "Feature", "properties": {"name": "Centennial Feed Lot", "city": "Centennial", "state": "Colorado", "type": "Agriculture Hub"}, "geometry": {"type": "Point", "coordinates": [-104.8471, 39.5951]}}, {"type": "Feature", "properties": {"name": "Centennial Citrus Packing District", "city": "Centennial", "state": "Colorado", "type": "Agriculture Hub"}, "geometry": {"type": "Point", "coordinates": [-104.9136, 39.6194]}}, {"type": "Feature", "properties": {"name": "Everett Livestock Market", "city": "Everett", "state": "Washington", "type": "Agriculture Hub"}, "geometry": {"type": "Point", "coordinates": [-122.2534, 47.991]}}, {"type": "Feature", "properties": {"name": "Wichita Falls Agricultural Cooperative", "city": "Wichita Falls", "state": "Texas", "type": "Agriculture Hub"}, "geometry": {"type": "Point", "coordinates": [-98.4147, 33.878]}}, {"type": "Feature", "properties": {"name": "Wichita Falls Wheat Storage Facility", "city": "Wichita Falls", "state": "Texas", "type": "Agriculture Hub"}, "geometry": {"type": "Point", "coordinates": [-98.4233, 33.9]}}, {"type": "Feature", "properties": {"name": "Wichita Falls Crop Research Station", "city": "Wichita Falls", "state": "Texas", "type": "Agriculture Hub"}, "geometry": {"type": "Point", "coordinates": [-98.5681, 33.9483]}}, {"type": "Feature", "properties": {"name": "Palm Bay Farmers Market Hub", "city": "Palm Bay", "state": "Florida", "type": "Agriculture Hub"}, "geometry": {"type": "Point", "coordinates": [-80.481, 28.0386]}}, {"type": "Feature", "properties": {"name": "Palm Bay Agricultural Cooperative", "city": "Palm Bay", "state": "Florida", "type": "Agriculture Hub"}, "geometry": {"type": "Point", "coordinates": [-80.6389, 28.0753]}}, {"type": "Feature", "properties": {"name": "Green Bay Agricultural Cooperative", "city": "Green Bay", "state": "Wisconsin", "type": "Agriculture Hub"}, "geometry": {"type": "Point", "coordinates": [-87.9229, 44.5448]}}, {"type": "Feature", "properties": {"name": "Green Bay Grain Elevator", "city": "Green Bay", "state": "Wisconsin", "type": "Agriculture Hub"}, "geometry": {"type": "Point", "coordinates": [-87.9769, 44.5101]}}, {"type": "Feature", "properties": {"name": "Green Bay Agri-Business Park", "city": "Green Bay", "state": "Wisconsin", "type": "Agriculture Hub"}, "geometry": {"type": "Point", "coordinates": [-87.9246, 44.5176]}}, {"type": "Feature", "properties": {"name": "Daly City Wheat Storage Facility", "city": "Daly City", "state": "California", "type": "Agriculture Hub"}, "geometry": {"type": "Point", "coordinates": [-122.4634, 37.6249]}}, {"type": "Feature", "properties": {"name": "Daly City Farm Equipment Hub", "city": "Daly City", "state": "California", "type": "Agriculture Hub"}, "geometry": {"type": "Point", "coordinates": [-122.533, 37.6588]}}, {"type": "Feature", "properties": {"name": "Daly City Grain Elevator", "city": "Daly City", "state": "California", "type": "Agriculture Hub"}, "geometry": {"type": "Point", "coordinates": [-122.5185, 37.6802]}}, {"type": "Feature", "properties": {"name": "Burbank Agricultural Cooperative", "city": "Burbank", "state": "California", "type": "Agriculture Hub"}, "geometry": {"type": "Point", "coordinates": [-118.2584, 34.1065]}}, {"type": "Feature", "properties": {"name": "Richardson Irrigation District", "city": "Richardson", "state": "Texas", "type": "Agriculture Hub"}, "geometry": {"type": "Point", "coordinates": [-96.6792, 32.9982]}}, {"type": "Feature", "properties": {"name": "Pompano Beach Dairy Processing Hub", "city": "Pompano Beach", "state": "Florida", "type": "Agriculture Hub"}, "geometry": {"type": "Point", "coordinates": [-80.1598, 26.2461]}}, {"type": "Feature", "properties": {"name": "Pompano Beach Farm Equipment Hub", "city": "Pompano Beach", "state": "Florida", "type": "Agriculture Hub"}, "geometry": {"type": "Point", "coordinates": [-80.0481, 26.1969]}}, {"type": "Feature", "properties": {"name": "Pompano Beach Wheat Storage Facility", "city": "Pompano Beach", "state": "Florida", "type": "Agriculture Hub"}, "geometry": {"type": "Point", "coordinates": [-80.1394, 26.2412]}}, {"type": "Feature", "properties": {"name": "Broken Arrow Farmers Market Hub", "city": "Broken Arrow", "state": "Oklahoma", "type": "Agriculture Hub"}, "geometry": {"type": "Point", "coordinates": [-95.813, 35.9924]}}, {"type": "Feature", "properties": {"name": "Broken Arrow Irrigation District", "city": "Broken Arrow", "state": "Oklahoma", "type": "Agriculture Hub"}, "geometry": {"type": "Point", "coordinates": [-95.8615, 36.0218]}}, {"type": "Feature", "properties": {"name": "Broken Arrow Agricultural Cooperative", "city": "Broken Arrow", "state": "Oklahoma", "type": "Agriculture Hub"}, "geometry": {"type": "Point", "coordinates": [-95.8852, 36.0644]}}, {"type": "Feature", "properties": {"name": "Boulder Agricultural Processing Center", "city": "Boulder", "state": "Colorado", "type": "Agriculture Hub"}, "geometry": {"type": "Point", "coordinates": [-105.3476, 40.0672]}}, {"type": "Feature", "properties": {"name": "Boulder Crop Research Station", "city": "Boulder", "state": "Colorado", "type": "Agriculture Hub"}, "geometry": {"type": "Point", "coordinates": [-105.2963, 40.0076]}}, {"type": "Feature", "properties": {"name": "Boulder Soybean Processing Plant", "city": "Boulder", "state": "Colorado", "type": "Agriculture Hub"}, "geometry": {"type": "Point", "coordinates": [-105.3746, 40.0702]}}, {"type": "Feature", "properties": {"name": "West Palm Beach Agricultural Cooperative", "city": "West Palm Beach", "state": "Florida", "type": "Agriculture Hub"}, "geometry": {"type": "Point", "coordinates": [-79.9431, 26.6883]}}, {"type": "Feature", "properties": {"name": "West Palm Beach Agricultural Processing Center", "city": "West Palm Beach", "state": "Florida", "type": "Agriculture Hub"}, "geometry": {"type": "Point", "coordinates": [-80.0653, 26.6406]}}, {"type": "Feature", "properties": {"name": "Santa Maria Farmers Market Hub", "city": "Santa Maria", "state": "California", "type": "Agriculture Hub"}, "geometry": {"type": "Point", "coordinates": [-120.3391, 34.9171]}}, {"type": "Feature", "properties": {"name": "El Cajon Feed Lot", "city": "El Cajon", "state": "California", "type": "Agriculture Hub"}, "geometry": {"type": "Point", "coordinates": [-116.9294, 32.8626]}}, {"type": "Feature", "properties": {"name": "El Cajon Agricultural Cooperative", "city": "El Cajon", "state": "California", "type": "Agriculture Hub"}, "geometry": {"type": "Point", "coordinates": [-116.8778, 32.7279]}}, {"type": "Feature", "properties": {"name": "Davenport Feed Lot", "city": "Davenport", "state": "Iowa", "type": "Agriculture Hub"}, "geometry": {"type": "Point", "coordinates": [-90.5358, 41.5932]}}, {"type": "Feature", "properties": {"name": "Davenport Feed Lot", "city": "Davenport", "state": "Iowa", "type": "Agriculture Hub"}, "geometry": {"type": "Point", "coordinates": [-90.4683, 41.4927]}}, {"type": "Feature", "properties": {"name": "Davenport Grain Elevator", "city": "Davenport", "state": "Iowa", "type": "Agriculture Hub"}, "geometry": {"type": "Point", "coordinates": [-90.5113, 41.4763]}}, {"type": "Feature", "properties": {"name": "Rialto Livestock Market", "city": "Rialto", "state": "California", "type": "Agriculture Hub"}, "geometry": {"type": "Point", "coordinates": [-117.3593, 34.1588]}}, {"type": "Feature", "properties": {"name": "Rialto Dairy Processing Hub", "city": "Rialto", "state": "California", "type": "Agriculture Hub"}, "geometry": {"type": "Point", "coordinates": [-117.3793, 34.1023]}}, {"type": "Feature", "properties": {"name": "Rialto Grain Elevator", "city": "Rialto", "state": "California", "type": "Agriculture Hub"}, "geometry": {"type": "Point", "coordinates": [-117.3158, 34.1243]}}, {"type": "Feature", "properties": {"name": "San Mateo Wheat Storage Facility", "city": "San Mateo", "state": "California", "type": "Agriculture Hub"}, "geometry": {"type": "Point", "coordinates": [-122.3047, 37.4969]}}, {"type": "Feature", "properties": {"name": "San Mateo Irrigation District", "city": "San Mateo", "state": "California", "type": "Agriculture Hub"}, "geometry": {"type": "Point", "coordinates": [-122.3617, 37.6362]}}, {"type": "Feature", "properties": {"name": "San Mateo Farm Bureau", "city": "San Mateo", "state": "California", "type": "Agriculture Hub"}, "geometry": {"type": "Point", "coordinates": [-122.2773, 37.5897]}}, {"type": "Feature", "properties": {"name": "Lewisville Irrigation District", "city": "Lewisville", "state": "Texas", "type": "Agriculture Hub"}, "geometry": {"type": "Point", "coordinates": [-96.9686, 33.0746]}}, {"type": "Feature", "properties": {"name": "Lewisville Feed Lot", "city": "Lewisville", "state": "Texas", "type": "Agriculture Hub"}, "geometry": {"type": "Point", "coordinates": [-96.909, 32.9928]}}, {"type": "Feature", "properties": {"name": "South Bend Farmers Market Hub", "city": "South Bend", "state": "Indiana", "type": "Agriculture Hub"}, "geometry": {"type": "Point", "coordinates": [-86.29, 41.6145]}}, {"type": "Feature", "properties": {"name": "South Bend Dairy Processing Hub", "city": "South Bend", "state": "Indiana", "type": "Agriculture Hub"}, "geometry": {"type": "Point", "coordinates": [-86.1814, 41.7259]}}, {"type": "Feature", "properties": {"name": "South Bend Farmers Market Hub", "city": "South Bend", "state": "Indiana", "type": "Agriculture Hub"}, "geometry": {"type": "Point", "coordinates": [-86.2909, 41.7135]}}, {"type": "Feature", "properties": {"name": "Lakeland Farm Bureau", "city": "Lakeland", "state": "Florida", "type": "Agriculture Hub"}, "geometry": {"type": "Point", "coordinates": [-81.86, 28.0711]}}, {"type": "Feature", "properties": {"name": "Tyler Cotton Gin District", "city": "Tyler", "state": "Texas", "type": "Agriculture Hub"}, "geometry": {"type": "Point", "coordinates": [-95.3673, 32.3809]}}, {"type": "Feature", "properties": {"name": "Pearland Wheat Storage Facility", "city": "Pearland", "state": "Texas", "type": "Agriculture Hub"}, "geometry": {"type": "Point", "coordinates": [-95.1815, 29.5723]}}, {"type": "Feature", "properties": {"name": "Pearland Poultry Processing Hub", "city": "Pearland", "state": "Texas", "type": "Agriculture Hub"}, "geometry": {"type": "Point", "coordinates": [-95.3451, 29.603]}}, {"type": "Feature", "properties": {"name": "Pearland Farm Equipment Hub", "city": "Pearland", "state": "Texas", "type": "Agriculture Hub"}, "geometry": {"type": "Point", "coordinates": [-95.3975, 29.6393]}}, {"type": "Feature", "properties": {"name": "College Station Irrigation District", "city": "College Station", "state": "Texas", "type": "Agriculture Hub"}, "geometry": {"type": "Point", "coordinates": [-96.2728, 30.6576]}}, {"type": "Feature", "properties": {"name": "Kenosha Grain Elevator", "city": "Kenosha", "state": "Wisconsin", "type": "Agriculture Hub"}, "geometry": {"type": "Point", "coordinates": [-87.8176, 42.5363]}}, {"type": "Feature", "properties": {"name": "Kenosha Agricultural Processing Center", "city": "Kenosha", "state": "Wisconsin", "type": "Agriculture Hub"}, "geometry": {"type": "Point", "coordinates": [-87.8978, 42.6477]}}, {"type": "Feature", "properties": {"name": "Sandy Springs Farm Bureau", "city": "Sandy Springs", "state": "Georgia", "type": "Agriculture Hub"}, "geometry": {"type": "Point", "coordinates": [-84.3855, 33.8768]}}, {"type": "Feature", "properties": {"name": "Sandy Springs Grain Elevator", "city": "Sandy Springs", "state": "Georgia", "type": "Agriculture Hub"}, "geometry": {"type": "Point", "coordinates": [-84.4761, 33.9519]}}, {"type": "Feature", "properties": {"name": "Clovis Feed Lot", "city": "Clovis", "state": "California", "type": "Agriculture Hub"}, "geometry": {"type": "Point", "coordinates": [-119.696, 36.8525]}}, {"type": "Feature", "properties": {"name": "Clovis Cotton Gin District", "city": "Clovis", "state": "California", "type": "Agriculture Hub"}, "geometry": {"type": "Point", "coordinates": [-119.7763, 36.8806]}}, {"type": "Feature", "properties": {"name": "Flint Agricultural Processing Center", "city": "Flint", "state": "Michigan", "type": "Agriculture Hub"}, "geometry": {"type": "Point", "coordinates": [-83.7771, 42.9459]}}, {"type": "Feature", "properties": {"name": "Jurupa Valley Produce Distribution Center", "city": "Jurupa Valley", "state": "California", "type": "Agriculture Hub"}, "geometry": {"type": "Point", "coordinates": [-117.3802, 34.0495]}}, {"type": "Feature", "properties": {"name": "Jurupa Valley Agricultural Processing Center", "city": "Jurupa Valley", "state": "California", "type": "Agriculture Hub"}, "geometry": {"type": "Point", "coordinates": [-117.5151, 34.0118]}}, {"type": "Feature", "properties": {"name": "Jurupa Valley Grain Elevator", "city": "Jurupa Valley", "state": "California", "type": "Agriculture Hub"}, "geometry": {"type": "Point", "coordinates": [-117.5137, 33.95]}}, {"type": "Feature", "properties": {"name": "Compton Poultry Processing Hub", "city": "Compton", "state": "California", "type": "Agriculture Hub"}, "geometry": {"type": "Point", "coordinates": [-118.2631, 33.9302]}}, {"type": "Feature", "properties": {"name": "Compton Livestock Market", "city": "Compton", "state": "California", "type": "Agriculture Hub"}, "geometry": {"type": "Point", "coordinates": [-118.2872, 33.9035]}}, {"type": "Feature", "properties": {"name": "San Angelo Agricultural Processing Center", "city": "San Angelo", "state": "Texas", "type": "Agriculture Hub"}, "geometry": {"type": "Point", "coordinates": [-100.4252, 31.4198]}}, {"type": "Feature", "properties": {"name": "San Angelo Produce Distribution Center", "city": "San Angelo", "state": "Texas", "type": "Agriculture Hub"}, "geometry": {"type": "Point", "coordinates": [-100.4697, 31.4523]}}, {"type": "Feature", "properties": {"name": "Hillsboro Poultry Processing Hub", "city": "Hillsboro", "state": "Oregon", "type": "Agriculture Hub"}, "geometry": {"type": "Point", "coordinates": [-122.9302, 45.5865]}}, {"type": "Feature", "properties": {"name": "Hillsboro Agricultural Processing Center", "city": "Hillsboro", "state": "Oregon", "type": "Agriculture Hub"}, "geometry": {"type": "Point", "coordinates": [-123.0281, 45.5058]}}, {"type": "Feature", "properties": {"name": "Hillsboro Farm Equipment Hub", "city": "Hillsboro", "state": "Oregon", "type": "Agriculture Hub"}, "geometry": {"type": "Point", "coordinates": [-122.9291, 45.4563]}}, {"type": "Feature", "properties": {"name": "Lawton Agricultural Processing Center", "city": "Lawton", "state": "Oklahoma", "type": "Agriculture Hub"}, "geometry": {"type": "Point", "coordinates": [-98.4107, 34.5482]}}, {"type": "Feature", "properties": {"name": "Renton Farmers Market Hub", "city": "Renton", "state": "Washington", "type": "Agriculture Hub"}, "geometry": {"type": "Point", "coordinates": [-122.1928, 47.407]}}, {"type": "Feature", "properties": {"name": "Renton Crop Research Station", "city": "Renton", "state": "Washington", "type": "Agriculture Hub"}, "geometry": {"type": "Point", "coordinates": [-122.2958, 47.4047]}}, {"type": "Feature", "properties": {"name": "Vista Agri-Business Park", "city": "Vista", "state": "California", "type": "Agriculture Hub"}, "geometry": {"type": "Point", "coordinates": [-117.14, 33.2048]}}, {"type": "Feature", "properties": {"name": "Vista Agri-Business Park", "city": "Vista", "state": "California", "type": "Agriculture Hub"}, "geometry": {"type": "Point", "coordinates": [-117.2232, 33.1818]}}, {"type": "Feature", "properties": {"name": "Vista Poultry Processing Hub", "city": "Vista", "state": "California", "type": "Agriculture Hub"}, "geometry": {"type": "Point", "coordinates": [-117.2105, 33.2456]}}, {"type": "Feature", "properties": {"name": "Davie Farm Equipment Hub", "city": "Davie", "state": "Florida", "type": "Agriculture Hub"}, "geometry": {"type": "Point", "coordinates": [-80.1421, 26.1319]}}, {"type": "Feature", "properties": {"name": "Davie Farm Equipment Hub", "city": "Davie", "state": "Florida", "type": "Agriculture Hub"}, "geometry": {"type": "Point", "coordinates": [-80.1729, 26.065]}}, {"type": "Feature", "properties": {"name": "Greeley Irrigation District", "city": "Greeley", "state": "Colorado", "type": "Agriculture Hub"}, "geometry": {"type": "Point", "coordinates": [-104.6189, 40.4582]}}, {"type": "Feature", "properties": {"name": "Greeley Citrus Packing District", "city": "Greeley", "state": "Colorado", "type": "Agriculture Hub"}, "geometry": {"type": "Point", "coordinates": [-104.7176, 40.4648]}}, {"type": "Feature", "properties": {"name": "Greeley Farmers Market Hub", "city": "Greeley", "state": "Colorado", "type": "Agriculture Hub"}, "geometry": {"type": "Point", "coordinates": [-104.7719, 40.4962]}}, {"type": "Feature", "properties": {"name": "Mission Viejo Wheat Storage Facility", "city": "Mission Viejo", "state": "California", "type": "Agriculture Hub"}, "geometry": {"type": "Point", "coordinates": [-117.5817, 33.5318]}}, {"type": "Feature", "properties": {"name": "Mission Viejo Citrus Packing District", "city": "Mission Viejo", "state": "California", "type": "Agriculture Hub"}, "geometry": {"type": "Point", "coordinates": [-117.6101, 33.6661]}}, {"type": "Feature", "properties": {"name": "Dearborn Poultry Processing Hub", "city": "Dearborn", "state": "Michigan", "type": "Agriculture Hub"}, "geometry": {"type": "Point", "coordinates": [-83.2377, 42.3301]}}, {"type": "Feature", "properties": {"name": "South Gate Feed Lot", "city": "South Gate", "state": "California", "type": "Agriculture Hub"}, "geometry": {"type": "Point", "coordinates": [-118.2004, 33.8978]}}, {"type": "Feature", "properties": {"name": "South Gate Produce Distribution Center", "city": "South Gate", "state": "California", "type": "Agriculture Hub"}, "geometry": {"type": "Point", "coordinates": [-118.2138, 33.9397]}}, {"type": "Feature", "properties": {"name": "South Gate Citrus Packing District", "city": "South Gate", "state": "California", "type": "Agriculture Hub"}, "geometry": {"type": "Point", "coordinates": [-118.1288, 33.9151]}}, {"type": "Feature", "properties": {"name": "Tuscaloosa Feed Lot", "city": "Tuscaloosa", "state": "Alabama", "type": "Agriculture Hub"}, "geometry": {"type": "Point", "coordinates": [-87.6625, 33.1582]}}, {"type": "Feature", "properties": {"name": "Tuscaloosa Citrus Packing District", "city": "Tuscaloosa", "state": "Alabama", "type": "Agriculture Hub"}, "geometry": {"type": "Point", "coordinates": [-87.5239, 33.1307]}}, {"type": "Feature", "properties": {"name": "Tuscaloosa Soybean Processing Plant", "city": "Tuscaloosa", "state": "Alabama", "type": "Agriculture Hub"}, "geometry": {"type": "Point", "coordinates": [-87.5326, 33.1417]}}, {"type": "Feature", "properties": {"name": "Livonia Grain Elevator", "city": "Livonia", "state": "Michigan", "type": "Agriculture Hub"}, "geometry": {"type": "Point", "coordinates": [-83.4247, 42.3604]}}, {"type": "Feature", "properties": {"name": "Vacaville Produce Distribution Center", "city": "Vacaville", "state": "California", "type": "Agriculture Hub"}, "geometry": {"type": "Point", "coordinates": [-122.0189, 38.4026]}}, {"type": "Feature", "properties": {"name": "Roswell Irrigation District", "city": "Roswell", "state": "Georgia", "type": "Agriculture Hub"}, "geometry": {"type": "Point", "coordinates": [-84.3046, 33.9666]}}, {"type": "Feature", "properties": {"name": "Roswell Crop Research Station", "city": "Roswell", "state": "Georgia", "type": "Agriculture Hub"}, "geometry": {"type": "Point", "coordinates": [-84.4694, 34.0191]}}, {"type": "Feature", "properties": {"name": "Beaverton Grain Elevator", "city": "Beaverton", "state": "Oregon", "type": "Agriculture Hub"}, "geometry": {"type": "Point", "coordinates": [-122.7457, 45.4343]}}, {"type": "Feature", "properties": {"name": "Beaverton Cotton Gin District", "city": "Beaverton", "state": "Oregon", "type": "Agriculture Hub"}, "geometry": {"type": "Point", "coordinates": [-122.7099, 45.478]}}, {"type": "Feature", "properties": {"name": "Beaverton Livestock Market", "city": "Beaverton", "state": "Oregon", "type": "Agriculture Hub"}, "geometry": {"type": "Point", "coordinates": [-122.8884, 45.5153]}}, {"type": "Feature", "properties": {"name": "Yakima Farm Equipment Hub", "city": "Yakima", "state": "Washington", "type": "Agriculture Hub"}, "geometry": {"type": "Point", "coordinates": [-120.4943, 46.6599]}}, {"type": "Feature", "properties": {"name": "Yakima Irrigation District", "city": "Yakima", "state": "Washington", "type": "Agriculture Hub"}, "geometry": {"type": "Point", "coordinates": [-120.5417, 46.5818]}}, {"type": "Feature", "properties": {"name": "Yakima Soybean Processing Plant", "city": "Yakima", "state": "Washington", "type": "Agriculture Hub"}, "geometry": {"type": "Point", "coordinates": [-120.4835, 46.5321]}}, {"type": "Feature", "properties": {"name": "Lee's Summit Soybean Processing Plant", "city": "Lee's Summit", "state": "Missouri", "type": "Agriculture Hub"}, "geometry": {"type": "Point", "coordinates": [-94.3965, 38.8947]}}, {"type": "Feature", "properties": {"name": "Lee's Summit Poultry Processing Hub", "city": "Lee's Summit", "state": "Missouri", "type": "Agriculture Hub"}, "geometry": {"type": "Point", "coordinates": [-94.4387, 38.8731]}}, {"type": "Feature", "properties": {"name": "Federal Way Wheat Storage Facility", "city": "Federal Way", "state": "Washington", "type": "Agriculture Hub"}, "geometry": {"type": "Point", "coordinates": [-122.2927, 47.3494]}}, {"type": "Feature", "properties": {"name": "Federal Way Agricultural Processing Center", "city": "Federal Way", "state": "Washington", "type": "Agriculture Hub"}, "geometry": {"type": "Point", "coordinates": [-122.3558, 47.2487]}}, {"type": "Feature", "properties": {"name": "Federal Way Agricultural Cooperative", "city": "Federal Way", "state": "Washington", "type": "Agriculture Hub"}, "geometry": {"type": "Point", "coordinates": [-122.398, 47.3857]}}, {"type": "Feature", "properties": {"name": "Carson Agricultural Cooperative", "city": "Carson", "state": "California", "type": "Agriculture Hub"}, "geometry": {"type": "Point", "coordinates": [-118.3768, 33.8748]}}, {"type": "Feature", "properties": {"name": "Carson Livestock Market", "city": "Carson", "state": "California", "type": "Agriculture Hub"}, "geometry": {"type": "Point", "coordinates": [-118.3168, 33.7893]}}, {"type": "Feature", "properties": {"name": "Santa Monica Poultry Processing Hub", "city": "Santa Monica", "state": "California", "type": "Agriculture Hub"}, "geometry": {"type": "Point", "coordinates": [-118.418, 34.0778]}}, {"type": "Feature", "properties": {"name": "Hesperia Grain Elevator", "city": "Hesperia", "state": "California", "type": "Agriculture Hub"}, "geometry": {"type": "Point", "coordinates": [-117.2572, 34.4885]}}, {"type": "Feature", "properties": {"name": "Hesperia Grain Elevator", "city": "Hesperia", "state": "California", "type": "Agriculture Hub"}, "geometry": {"type": "Point", "coordinates": [-117.3045, 34.4248]}}, {"type": "Feature", "properties": {"name": "Allen Agri-Business Park", "city": "Allen", "state": "Texas", "type": "Agriculture Hub"}, "geometry": {"type": "Point", "coordinates": [-96.5864, 33.1048]}}, {"type": "Feature", "properties": {"name": "Westminster Produce Distribution Center", "city": "Westminster", "state": "California", "type": "Agriculture Hub"}, "geometry": {"type": "Point", "coordinates": [-118.0852, 33.8229]}}, {"type": "Feature", "properties": {"name": "Redding Agricultural Processing Center", "city": "Redding", "state": "California", "type": "Agriculture Hub"}, "geometry": {"type": "Point", "coordinates": [-122.5011, 40.5559]}}, {"type": "Feature", "properties": {"name": "Redding Farm Equipment Hub", "city": "Redding", "state": "California", "type": "Agriculture Hub"}, "geometry": {"type": "Point", "coordinates": [-122.4542, 40.5977]}}, {"type": "Feature", "properties": {"name": "Redding Irrigation District", "city": "Redding", "state": "California", "type": "Agriculture Hub"}, "geometry": {"type": "Point", "coordinates": [-122.3172, 40.548]}}, {"type": "Feature", "properties": {"name": "Spokane Valley Citrus Packing District", "city": "Spokane Valley", "state": "Washington", "type": "Agriculture Hub"}, "geometry": {"type": "Point", "coordinates": [-117.3202, 47.6152]}}, {"type": "Feature", "properties": {"name": "Spokane Valley Livestock Market", "city": "Spokane Valley", "state": "Washington", "type": "Agriculture Hub"}, "geometry": {"type": "Point", "coordinates": [-117.3031, 47.6519]}}, {"type": "Feature", "properties": {"name": "Miami Beach Farm Bureau", "city": "Miami Beach", "state": "Florida", "type": "Agriculture Hub"}, "geometry": {"type": "Point", "coordinates": [-80.0547, 25.7252]}}, {"type": "Feature", "properties": {"name": "Miami Beach Livestock Market", "city": "Miami Beach", "state": "Florida", "type": "Agriculture Hub"}, "geometry": {"type": "Point", "coordinates": [-80.1, 25.7925]}}, {"type": "Feature", "properties": {"name": "Miami Beach Soybean Processing Plant", "city": "Miami Beach", "state": "Florida", "type": "Agriculture Hub"}, "geometry": {"type": "Point", "coordinates": [-80.224, 25.781]}}, {"type": "Feature", "properties": {"name": "League City Soybean Processing Plant", "city": "League City", "state": "Texas", "type": "Agriculture Hub"}, "geometry": {"type": "Point", "coordinates": [-95.1029, 29.4826]}}, {"type": "Feature", "properties": {"name": "League City Wheat Storage Facility", "city": "League City", "state": "Texas", "type": "Agriculture Hub"}, "geometry": {"type": "Point", "coordinates": [-95.097, 29.4394]}}, {"type": "Feature", "properties": {"name": "League City Soybean Processing Plant", "city": "League City", "state": "Texas", "type": "Agriculture Hub"}, "geometry": {"type": "Point", "coordinates": [-95.0066, 29.4528]}}, {"type": "Feature", "properties": {"name": "Lawrence Wheat Storage Facility", "city": "Lawrence", "state": "Kansas", "type": "Agriculture Hub"}, "geometry": {"type": "Point", "coordinates": [-95.1916, 38.9221]}}, {"type": "Feature", "properties": {"name": "Lawrence Crop Research Station", "city": "Lawrence", "state": "Kansas", "type": "Agriculture Hub"}, "geometry": {"type": "Point", "coordinates": [-95.1417, 38.9529]}}, {"type": "Feature", "properties": {"name": "Lawrence Produce Distribution Center", "city": "Lawrence", "state": "Kansas", "type": "Agriculture Hub"}, "geometry": {"type": "Point", "coordinates": [-95.1599, 38.938]}}, {"type": "Feature", "properties": {"name": "Santa Barbara Produce Distribution Center", "city": "Santa Barbara", "state": "California", "type": "Agriculture Hub"}, "geometry": {"type": "Point", "coordinates": [-119.6556, 34.4875]}}, {"type": "Feature", "properties": {"name": "Santa Barbara Produce Distribution Center", "city": "Santa Barbara", "state": "California", "type": "Agriculture Hub"}, "geometry": {"type": "Point", "coordinates": [-119.618, 34.4222]}}, {"type": "Feature", "properties": {"name": "Santa Barbara Farm Equipment Hub", "city": "Santa Barbara", "state": "California", "type": "Agriculture Hub"}, "geometry": {"type": "Point", "coordinates": [-119.6678, 34.4343]}}, {"type": "Feature", "properties": {"name": "Plantation Farm Equipment Hub", "city": "Plantation", "state": "Florida", "type": "Agriculture Hub"}, "geometry": {"type": "Point", "coordinates": [-80.2016, 26.0818]}}, {"type": "Feature", "properties": {"name": "Plantation Farm Bureau", "city": "Plantation", "state": "Florida", "type": "Agriculture Hub"}, "geometry": {"type": "Point", "coordinates": [-80.28, 26.0753]}}, {"type": "Feature", "properties": {"name": "Sunrise Citrus Packing District", "city": "Sunrise", "state": "Florida", "type": "Agriculture Hub"}, "geometry": {"type": "Point", "coordinates": [-80.1876, 26.1393]}}, {"type": "Feature", "properties": {"name": "Sunrise Dairy Processing Hub", "city": "Sunrise", "state": "Florida", "type": "Agriculture Hub"}, "geometry": {"type": "Point", "coordinates": [-80.2665, 26.167]}}, {"type": "Feature", "properties": {"name": "Macon Dairy Processing Hub", "city": "Macon", "state": "Georgia", "type": "Agriculture Hub"}, "geometry": {"type": "Point", "coordinates": [-83.7406, 32.8358]}}, {"type": "Feature", "properties": {"name": "Macon Produce Distribution Center", "city": "Macon", "state": "Georgia", "type": "Agriculture Hub"}, "geometry": {"type": "Point", "coordinates": [-83.6662, 32.8615]}}, {"type": "Feature", "properties": {"name": "Macon Grain Elevator", "city": "Macon", "state": "Georgia", "type": "Agriculture Hub"}, "geometry": {"type": "Point", "coordinates": [-83.6729, 32.8598]}}, {"type": "Feature", "properties": {"name": "Longmont Feed Lot", "city": "Longmont", "state": "Colorado", "type": "Agriculture Hub"}, "geometry": {"type": "Point", "coordinates": [-105.152, 40.0882]}}, {"type": "Feature", "properties": {"name": "Longmont Farmers Market Hub", "city": "Longmont", "state": "Colorado", "type": "Agriculture Hub"}, "geometry": {"type": "Point", "coordinates": [-105.0456, 40.1416]}}, {"type": "Feature", "properties": {"name": "Boca Raton Dairy Processing Hub", "city": "Boca Raton", "state": "Florida", "type": "Agriculture Hub"}, "geometry": {"type": "Point", "coordinates": [-80.2144, 26.3734]}}, {"type": "Feature", "properties": {"name": "Boca Raton Agricultural Cooperative", "city": "Boca Raton", "state": "Florida", "type": "Agriculture Hub"}, "geometry": {"type": "Point", "coordinates": [-80.0804, 26.3053]}}, {"type": "Feature", "properties": {"name": "Boca Raton Farm Bureau", "city": "Boca Raton", "state": "Florida", "type": "Agriculture Hub"}, "geometry": {"type": "Point", "coordinates": [-80.1662, 26.3292]}}, {"type": "Feature", "properties": {"name": "San Marcos Agricultural Processing Center", "city": "San Marcos", "state": "California", "type": "Agriculture Hub"}, "geometry": {"type": "Point", "coordinates": [-117.1044, 33.1334]}}, {"type": "Feature", "properties": {"name": "San Marcos Agri-Business Park", "city": "San Marcos", "state": "California", "type": "Agriculture Hub"}, "geometry": {"type": "Point", "coordinates": [-117.1954, 33.1562]}}, {"type": "Feature", "properties": {"name": "Greenville Farmers Market Hub", "city": "Greenville", "state": "North Carolina", "type": "Agriculture Hub"}, "geometry": {"type": "Point", "coordinates": [-77.3928, 35.5699]}}, {"type": "Feature", "properties": {"name": "Waukegan Agricultural Processing Center", "city": "Waukegan", "state": "Illinois", "type": "Agriculture Hub"}, "geometry": {"type": "Point", "coordinates": [-87.8007, 42.2866]}}, {"type": "Feature", "properties": {"name": "Waukegan Wheat Storage Facility", "city": "Waukegan", "state": "Illinois", "type": "Agriculture Hub"}, "geometry": {"type": "Point", "coordinates": [-87.7497, 42.3715]}}, {"type": "Feature", "properties": {"name": "Waukegan Cotton Gin District", "city": "Waukegan", "state": "Illinois", "type": "Agriculture Hub"}, "geometry": {"type": "Point", "coordinates": [-87.9237, 42.3003]}}, {"type": "Feature", "properties": {"name": "Chico Agricultural Cooperative", "city": "Chico", "state": "California", "type": "Agriculture Hub"}, "geometry": {"type": "Point", "coordinates": [-121.8354, 39.684]}}, {"type": "Feature", "properties": {"name": "San Leandro Feed Lot", "city": "San Leandro", "state": "California", "type": "Agriculture Hub"}, "geometry": {"type": "Point", "coordinates": [-122.2131, 37.718]}}, {"type": "Feature", "properties": {"name": "Fort Smith Dairy Processing Hub", "city": "Fort Smith", "state": "Arkansas", "type": "Agriculture Hub"}, "geometry": {"type": "Point", "coordinates": [-94.4889, 35.3106]}}, {"type": "Feature", "properties": {"name": "Fort Smith Agri-Business Park", "city": "Fort Smith", "state": "Arkansas", "type": "Agriculture Hub"}, "geometry": {"type": "Point", "coordinates": [-94.4211, 35.4141]}}, {"type": "Feature", "properties": {"name": "Newport Beach Crop Research Station", "city": "Newport Beach", "state": "California", "type": "Agriculture Hub"}, "geometry": {"type": "Point", "coordinates": [-117.8603, 33.5931]}}, {"type": "Feature", "properties": {"name": "Newport Beach Soybean Processing Plant", "city": "Newport Beach", "state": "California", "type": "Agriculture Hub"}, "geometry": {"type": "Point", "coordinates": [-117.9869, 33.569]}}, {"type": "Feature", "properties": {"name": "Newport Beach Dairy Processing Hub", "city": "Newport Beach", "state": "California", "type": "Agriculture Hub"}, "geometry": {"type": "Point", "coordinates": [-117.822, 33.6962]}}, {"type": "Feature", "properties": {"name": "Asheville Poultry Processing Hub", "city": "Asheville", "state": "North Carolina", "type": "Agriculture Hub"}, "geometry": {"type": "Point", "coordinates": [-82.484, 35.6125]}}, {"type": "Feature", "properties": {"name": "Asheville Farmers Market Hub", "city": "Asheville", "state": "North Carolina", "type": "Agriculture Hub"}, "geometry": {"type": "Point", "coordinates": [-82.5076, 35.6058]}}, {"type": "Feature", "properties": {"name": "Edmond Citrus Packing District", "city": "Edmond", "state": "Oklahoma", "type": "Agriculture Hub"}, "geometry": {"type": "Point", "coordinates": [-97.4943, 35.5785]}}, {"type": "Feature", "properties": {"name": "Edmond Farm Bureau", "city": "Edmond", "state": "Oklahoma", "type": "Agriculture Hub"}, "geometry": {"type": "Point", "coordinates": [-97.3778, 35.5895]}}, {"type": "Feature", "properties": {"name": "Whittier Farm Equipment Hub", "city": "Whittier", "state": "California", "type": "Agriculture Hub"}, "geometry": {"type": "Point", "coordinates": [-117.948, 33.9683]}}, {"type": "Feature", "properties": {"name": "Whittier Citrus Packing District", "city": "Whittier", "state": "California", "type": "Agriculture Hub"}, "geometry": {"type": "Point", "coordinates": [-118.072, 33.9966]}}, {"type": "Feature", "properties": {"name": "Nampa Farm Equipment Hub", "city": "Nampa", "state": "Idaho", "type": "Agriculture Hub"}, "geometry": {"type": "Point", "coordinates": [-116.6661, 43.6008]}}, {"type": "Feature", "properties": {"name": "Bloomington Feed Lot", "city": "Bloomington", "state": "Minnesota", "type": "Agriculture Hub"}, "geometry": {"type": "Point", "coordinates": [-93.2553, 44.8953]}}, {"type": "Feature", "properties": {"name": "Bloomington Irrigation District", "city": "Bloomington", "state": "Minnesota", "type": "Agriculture Hub"}, "geometry": {"type": "Point", "coordinates": [-93.3034, 44.8926]}}, {"type": "Feature", "properties": {"name": "Deltona Produce Distribution Center", "city": "Deltona", "state": "Florida", "type": "Agriculture Hub"}, "geometry": {"type": "Point", "coordinates": [-81.2968, 28.9216]}}, {"type": "Feature", "properties": {"name": "Hawthorne Produce Distribution Center", "city": "Hawthorne", "state": "California", "type": "Agriculture Hub"}, "geometry": {"type": "Point", "coordinates": [-118.4534, 33.978]}}, {"type": "Feature", "properties": {"name": "Hawthorne Agricultural Processing Center", "city": "Hawthorne", "state": "California", "type": "Agriculture Hub"}, "geometry": {"type": "Point", "coordinates": [-118.259, 33.9574]}}, {"type": "Feature", "properties": {"name": "Duluth Agri-Business Park", "city": "Duluth", "state": "Minnesota", "type": "Agriculture Hub"}, "geometry": {"type": "Point", "coordinates": [-92.074, 46.8238]}}, {"type": "Feature", "properties": {"name": "Carmel Citrus Packing District", "city": "Carmel", "state": "Indiana", "type": "Agriculture Hub"}, "geometry": {"type": "Point", "coordinates": [-86.1463, 39.9411]}}, {"type": "Feature", "properties": {"name": "Citrus Heights Crop Research Station", "city": "Citrus Heights", "state": "California", "type": "Agriculture Hub"}, "geometry": {"type": "Point", "coordinates": [-121.3075, 38.676]}}, {"type": "Feature", "properties": {"name": "Citrus Heights Agri-Business Park", "city": "Citrus Heights", "state": "California", "type": "Agriculture Hub"}, "geometry": {"type": "Point", "coordinates": [-121.377, 38.7644]}}, {"type": "Feature", "properties": {"name": "Livermore Wheat Storage Facility", "city": "Livermore", "state": "California", "type": "Agriculture Hub"}, "geometry": {"type": "Point", "coordinates": [-121.8485, 37.704]}}, {"type": "Feature", "properties": {"name": "Livermore Dairy Processing Hub", "city": "Livermore", "state": "California", "type": "Agriculture Hub"}, "geometry": {"type": "Point", "coordinates": [-121.7708, 37.7518]}}, {"type": "Feature", "properties": {"name": "Livermore Crop Research Station", "city": "Livermore", "state": "California", "type": "Agriculture Hub"}, "geometry": {"type": "Point", "coordinates": [-121.6563, 37.6074]}}, {"type": "Feature", "properties": {"name": "Tracy Agricultural Cooperative", "city": "Tracy", "state": "California", "type": "Agriculture Hub"}, "geometry": {"type": "Point", "coordinates": [-121.4398, 37.7415]}}, {"type": "Feature", "properties": {"name": "Tracy Livestock Market", "city": "Tracy", "state": "California", "type": "Agriculture Hub"}, "geometry": {"type": "Point", "coordinates": [-121.3317, 37.7964]}}, {"type": "Feature", "properties": {"name": "Tracy Feed Lot", "city": "Tracy", "state": "California", "type": "Agriculture Hub"}, "geometry": {"type": "Point", "coordinates": [-121.4822, 37.7622]}}, {"type": "Feature", "properties": {"name": "Alhambra Agricultural Cooperative", "city": "Alhambra", "state": "California", "type": "Agriculture Hub"}, "geometry": {"type": "Point", "coordinates": [-118.2355, 34.1552]}}, {"type": "Feature", "properties": {"name": "Alhambra Citrus Packing District", "city": "Alhambra", "state": "California", "type": "Agriculture Hub"}, "geometry": {"type": "Point", "coordinates": [-118.2237, 34.0214]}}, {"type": "Feature", "properties": {"name": "Kirkland Soybean Processing Plant", "city": "Kirkland", "state": "Washington", "type": "Agriculture Hub"}, "geometry": {"type": "Point", "coordinates": [-122.2833, 47.7544]}}, {"type": "Feature", "properties": {"name": "Kirkland Feed Lot", "city": "Kirkland", "state": "Washington", "type": "Agriculture Hub"}, "geometry": {"type": "Point", "coordinates": [-122.2305, 47.624]}}, {"type": "Feature", "properties": {"name": "Hoover Poultry Processing Hub", "city": "Hoover", "state": "Alabama", "type": "Agriculture Hub"}, "geometry": {"type": "Point", "coordinates": [-86.7035, 33.3672]}}, {"type": "Feature", "properties": {"name": "Hoover Agricultural Processing Center", "city": "Hoover", "state": "Alabama", "type": "Agriculture Hub"}, "geometry": {"type": "Point", "coordinates": [-86.9233, 33.4015]}}, {"type": "Feature", "properties": {"name": "Cicero Farm Bureau", "city": "Cicero", "state": "Illinois", "type": "Agriculture Hub"}, "geometry": {"type": "Point", "coordinates": [-87.6998, 41.8757]}}, {"type": "Feature", "properties": {"name": "Fishers Agri-Business Park", "city": "Fishers", "state": "Indiana", "type": "Agriculture Hub"}, "geometry": {"type": "Point", "coordinates": [-85.9475, 39.8803]}}, {"type": "Feature", "properties": {"name": "Sugar Land Citrus Packing District", "city": "Sugar Land", "state": "Texas", "type": "Agriculture Hub"}, "geometry": {"type": "Point", "coordinates": [-95.5647, 29.6444]}}, {"type": "Feature", "properties": {"name": "Sugar Land Farm Bureau", "city": "Sugar Land", "state": "Texas", "type": "Agriculture Hub"}, "geometry": {"type": "Point", "coordinates": [-95.6295, 29.6483]}}, {"type": "Feature", "properties": {"name": "Meridian Citrus Packing District", "city": "Meridian", "state": "Idaho", "type": "Agriculture Hub"}, "geometry": {"type": "Point", "coordinates": [-116.4829, 43.6343]}}, {"type": "Feature", "properties": {"name": "Indio Farmers Market Hub", "city": "Indio", "state": "California", "type": "Agriculture Hub"}, "geometry": {"type": "Point", "coordinates": [-116.1379, 33.7347]}}, {"type": "Feature", "properties": {"name": "Indio Agri-Business Park", "city": "Indio", "state": "California", "type": "Agriculture Hub"}, "geometry": {"type": "Point", "coordinates": [-116.1395, 33.7366]}}, {"type": "Feature", "properties": {"name": "Indio Farm Bureau", "city": "Indio", "state": "California", "type": "Agriculture Hub"}, "geometry": {"type": "Point", "coordinates": [-116.2434, 33.7305]}}, {"type": "Feature", "properties": {"name": "Concord Soybean Processing Plant", "city": "Concord", "state": "North Carolina", "type": "Agriculture Hub"}, "geometry": {"type": "Point", "coordinates": [-80.6345, 35.4187]}}, {"type": "Feature", "properties": {"name": "Concord Farmers Market Hub", "city": "Concord", "state": "North Carolina", "type": "Agriculture Hub"}, "geometry": {"type": "Point", "coordinates": [-80.498, 35.4311]}}, {"type": "Feature", "properties": {"name": "Concord Crop Research Station", "city": "Concord", "state": "North Carolina", "type": "Agriculture Hub"}, "geometry": {"type": "Point", "coordinates": [-80.4931, 35.4021]}}, {"type": "Feature", "properties": {"name": "Menifee Wheat Storage Facility", "city": "Menifee", "state": "California", "type": "Agriculture Hub"}, "geometry": {"type": "Point", "coordinates": [-117.1957, 33.7169]}}, {"type": "Feature", "properties": {"name": "Menifee Farm Equipment Hub", "city": "Menifee", "state": "California", "type": "Agriculture Hub"}, "geometry": {"type": "Point", "coordinates": [-117.2812, 33.6209]}}, {"type": "Feature", "properties": {"name": "Menifee Agri-Business Park", "city": "Menifee", "state": "California", "type": "Agriculture Hub"}, "geometry": {"type": "Point", "coordinates": [-117.2596, 33.6227]}}, {"type": "Feature", "properties": {"name": "Champaign Cotton Gin District", "city": "Champaign", "state": "Illinois", "type": "Agriculture Hub"}, "geometry": {"type": "Point", "coordinates": [-88.3002, 40.0887]}}, {"type": "Feature", "properties": {"name": "Champaign Agricultural Cooperative", "city": "Champaign", "state": "Illinois", "type": "Agriculture Hub"}, "geometry": {"type": "Point", "coordinates": [-88.1719, 40.1659]}}, {"type": "Feature", "properties": {"name": "Buena Park Agricultural Processing Center", "city": "Buena Park", "state": "California", "type": "Agriculture Hub"}, "geometry": {"type": "Point", "coordinates": [-118.014, 33.9312]}}, {"type": "Feature", "properties": {"name": "Buena Park Poultry Processing Hub", "city": "Buena Park", "state": "California", "type": "Agriculture Hub"}, "geometry": {"type": "Point", "coordinates": [-118.029, 33.8479]}}, {"type": "Feature", "properties": {"name": "Troy Poultry Processing Hub", "city": "Troy", "state": "Michigan", "type": "Agriculture Hub"}, "geometry": {"type": "Point", "coordinates": [-83.1167, 42.6841]}}, {"type": "Feature", "properties": {"name": "Troy Grain Elevator", "city": "Troy", "state": "Michigan", "type": "Agriculture Hub"}, "geometry": {"type": "Point", "coordinates": [-83.2458, 42.5307]}}, {"type": "Feature", "properties": {"name": "O'Fallon Poultry Processing Hub", "city": "O'Fallon", "state": "Missouri", "type": "Agriculture Hub"}, "geometry": {"type": "Point", "coordinates": [-90.7977, 38.779]}}, {"type": "Feature", "properties": {"name": "Johns Creek Irrigation District", "city": "Johns Creek", "state": "Georgia", "type": "Agriculture Hub"}, "geometry": {"type": "Point", "coordinates": [-84.1858, 34.0447]}}, {"type": "Feature", "properties": {"name": "Bellingham Agricultural Processing Center", "city": "Bellingham", "state": "Washington", "type": "Agriculture Hub"}, "geometry": {"type": "Point", "coordinates": [-122.4755, 48.7838]}}, {"type": "Feature", "properties": {"name": "Bellingham Farm Equipment Hub", "city": "Bellingham", "state": "Washington", "type": "Agriculture Hub"}, "geometry": {"type": "Point", "coordinates": [-122.5494, 48.7588]}}, {"type": "Feature", "properties": {"name": "Bellingham Dairy Processing Hub", "city": "Bellingham", "state": "Washington", "type": "Agriculture Hub"}, "geometry": {"type": "Point", "coordinates": [-122.3709, 48.7417]}}, {"type": "Feature", "properties": {"name": "Westland Feed Lot", "city": "Westland", "state": "Michigan", "type": "Agriculture Hub"}, "geometry": {"type": "Point", "coordinates": [-83.4646, 42.3714]}}, {"type": "Feature", "properties": {"name": "Westland Produce Distribution Center", "city": "Westland", "state": "Michigan", "type": "Agriculture Hub"}, "geometry": {"type": "Point", "coordinates": [-83.3835, 42.37]}}, {"type": "Feature", "properties": {"name": "Westland Dairy Processing Hub", "city": "Westland", "state": "Michigan", "type": "Agriculture Hub"}, "geometry": {"type": "Point", "coordinates": [-83.3125, 42.2603]}}, {"type": "Feature", "properties": {"name": "Bloomington Cotton Gin District", "city": "Bloomington", "state": "Indiana", "type": "Agriculture Hub"}, "geometry": {"type": "Point", "coordinates": [-86.5765, 39.1817]}}, {"type": "Feature", "properties": {"name": "Bloomington Cotton Gin District", "city": "Bloomington", "state": "Indiana", "type": "Agriculture Hub"}, "geometry": {"type": "Point", "coordinates": [-86.4459, 39.125]}}, {"type": "Feature", "properties": {"name": "Sioux City Citrus Packing District", "city": "Sioux City", "state": "Iowa", "type": "Agriculture Hub"}, "geometry": {"type": "Point", "coordinates": [-96.427, 42.4635]}}, {"type": "Feature", "properties": {"name": "Sioux City Crop Research Station", "city": "Sioux City", "state": "Iowa", "type": "Agriculture Hub"}, "geometry": {"type": "Point", "coordinates": [-96.3357, 42.57]}}, {"type": "Feature", "properties": {"name": "Sioux City Irrigation District", "city": "Sioux City", "state": "Iowa", "type": "Agriculture Hub"}, "geometry": {"type": "Point", "coordinates": [-96.3116, 42.5623]}}, {"type": "Feature", "properties": {"name": "Hemet Poultry Processing Hub", "city": "Hemet", "state": "California", "type": "Agriculture Hub"}, "geometry": {"type": "Point", "coordinates": [-116.9036, 33.6838]}}, {"type": "Feature", "properties": {"name": "Longview Farmers Market Hub", "city": "Longview", "state": "Texas", "type": "Agriculture Hub"}, "geometry": {"type": "Point", "coordinates": [-94.749, 32.5785]}}, {"type": "Feature", "properties": {"name": "Longview Farm Bureau", "city": "Longview", "state": "Texas", "type": "Agriculture Hub"}, "geometry": {"type": "Point", "coordinates": [-94.8519, 32.4395]}}, {"type": "Feature", "properties": {"name": "Farmington Hills Livestock Market", "city": "Farmington Hills", "state": "Michigan", "type": "Agriculture Hub"}, "geometry": {"type": "Point", "coordinates": [-83.4375, 42.5466]}}, {"type": "Feature", "properties": {"name": "Bend Soybean Processing Plant", "city": "Bend", "state": "Oregon", "type": "Agriculture Hub"}, "geometry": {"type": "Point", "coordinates": [-121.2689, 44.0695]}}, {"type": "Feature", "properties": {"name": "Bend Grain Elevator", "city": "Bend", "state": "Oregon", "type": "Agriculture Hub"}, "geometry": {"type": "Point", "coordinates": [-121.4041, 44.0516]}}, {"type": "Feature", "properties": {"name": "Lakewood Produce Distribution Center", "city": "Lakewood", "state": "California", "type": "Agriculture Hub"}, "geometry": {"type": "Point", "coordinates": [-118.1849, 33.8589]}}, {"type": "Feature", "properties": {"name": "Lakewood Cotton Gin District", "city": "Lakewood", "state": "California", "type": "Agriculture Hub"}, "geometry": {"type": "Point", "coordinates": [-118.0386, 33.8932]}}, {"type": "Feature", "properties": {"name": "Lakewood Farm Equipment Hub", "city": "Lakewood", "state": "California", "type": "Agriculture Hub"}, "geometry": {"type": "Point", "coordinates": [-118.114, 33.8522]}}, {"type": "Feature", "properties": {"name": "Merced Dairy Processing Hub", "city": "Merced", "state": "California", "type": "Agriculture Hub"}, "geometry": {"type": "Point", "coordinates": [-120.469, 37.3189]}}, {"type": "Feature", "properties": {"name": "Mission Irrigation District", "city": "Mission", "state": "Texas", "type": "Agriculture Hub"}, "geometry": {"type": "Point", "coordinates": [-98.2705, 26.1977]}}, {"type": "Feature", "properties": {"name": "Mission Crop Research Station", "city": "Mission", "state": "Texas", "type": "Agriculture Hub"}, "geometry": {"type": "Point", "coordinates": [-98.2859, 26.243]}}, {"type": "Feature", "properties": {"name": "Chino Farmers Market Hub", "city": "Chino", "state": "California", "type": "Agriculture Hub"}, "geometry": {"type": "Point", "coordinates": [-117.6185, 34.0085]}}, {"type": "Feature", "properties": {"name": "Redwood City Farmers Market Hub", "city": "Redwood City", "state": "California", "type": "Agriculture Hub"}, "geometry": {"type": "Point", "coordinates": [-122.1839, 37.4333]}}, {"type": "Feature", "properties": {"name": "Redwood City Cotton Gin District", "city": "Redwood City", "state": "California", "type": "Agriculture Hub"}, "geometry": {"type": "Point", "coordinates": [-122.1333, 37.4483]}}, {"type": "Feature", "properties": {"name": "Edinburg Farmers Market Hub", "city": "Edinburg", "state": "Texas", "type": "Agriculture Hub"}, "geometry": {"type": "Point", "coordinates": [-98.2172, 26.2991]}}, {"type": "Feature", "properties": {"name": "Parma Irrigation District", "city": "Parma", "state": "Ohio", "type": "Agriculture Hub"}, "geometry": {"type": "Point", "coordinates": [-81.615, 41.3703]}}, {"type": "Feature", "properties": {"name": "Parma Grain Elevator", "city": "Parma", "state": "Ohio", "type": "Agriculture Hub"}, "geometry": {"type": "Point", "coordinates": [-81.6809, 41.4814]}}, {"type": "Feature", "properties": {"name": "Parma Feed Lot", "city": "Parma", "state": "Ohio", "type": "Agriculture Hub"}, "geometry": {"type": "Point", "coordinates": [-81.6928, 41.3954]}}, {"type": "Feature", "properties": {"name": "Lake Forest Produce Distribution Center", "city": "Lake Forest", "state": "California", "type": "Agriculture Hub"}, "geometry": {"type": "Point", "coordinates": [-117.7036, 33.688]}}, {"type": "Feature", "properties": {"name": "Lake Forest Farm Equipment Hub", "city": "Lake Forest", "state": "California", "type": "Agriculture Hub"}, "geometry": {"type": "Point", "coordinates": [-117.6801, 33.7051]}}, {"type": "Feature", "properties": {"name": "Napa Livestock Market", "city": "Napa", "state": "California", "type": "Agriculture Hub"}, "geometry": {"type": "Point", "coordinates": [-122.393, 38.2675]}}, {"type": "Feature", "properties": {"name": "Hammond Farm Bureau", "city": "Hammond", "state": "Indiana", "type": "Agriculture Hub"}, "geometry": {"type": "Point", "coordinates": [-87.5231, 41.5796]}}, {"type": "Feature", "properties": {"name": "Hammond Agri-Business Park", "city": "Hammond", "state": "Indiana", "type": "Agriculture Hub"}, "geometry": {"type": "Point", "coordinates": [-87.5987, 41.5983]}}, {"type": "Feature", "properties": {"name": "Fayetteville Agricultural Processing Center", "city": "Fayetteville", "state": "Arkansas", "type": "Agriculture Hub"}, "geometry": {"type": "Point", "coordinates": [-94.1311, 36.1237]}}, {"type": "Feature", "properties": {"name": "Bloomington Grain Elevator", "city": "Bloomington", "state": "Illinois", "type": "Agriculture Hub"}, "geometry": {"type": "Point", "coordinates": [-89.1049, 40.5387]}}, {"type": "Feature", "properties": {"name": "Bloomington Farm Equipment Hub", "city": "Bloomington", "state": "Illinois", "type": "Agriculture Hub"}, "geometry": {"type": "Point", "coordinates": [-89.0918, 40.4261]}}, {"type": "Feature", "properties": {"name": "Palm Coast Livestock Market", "city": "Palm Coast", "state": "Florida", "type": "Agriculture Hub"}, "geometry": {"type": "Point", "coordinates": [-81.1913, 29.6374]}}, {"type": "Feature", "properties": {"name": "Bryan Wheat Storage Facility", "city": "Bryan", "state": "Texas", "type": "Agriculture Hub"}, "geometry": {"type": "Point", "coordinates": [-96.4531, 30.704]}}, {"type": "Feature", "properties": {"name": "Bryan Livestock Market", "city": "Bryan", "state": "Texas", "type": "Agriculture Hub"}, "geometry": {"type": "Point", "coordinates": [-96.3354, 30.7152]}}, {"type": "Feature", "properties": {"name": "Gary Citrus Packing District", "city": "Gary", "state": "Indiana", "type": "Agriculture Hub"}, "geometry": {"type": "Point", "coordinates": [-87.3826, 41.5416]}}, {"type": "Feature", "properties": {"name": "Gary Feed Lot", "city": "Gary", "state": "Indiana", "type": "Agriculture Hub"}, "geometry": {"type": "Point", "coordinates": [-87.2825, 41.6026]}}, {"type": "Feature", "properties": {"name": "Gary Soybean Processing Plant", "city": "Gary", "state": "Indiana", "type": "Agriculture Hub"}, "geometry": {"type": "Point", "coordinates": [-87.3672, 41.5145]}}, {"type": "Feature", "properties": {"name": "Largo Produce Distribution Center", "city": "Largo", "state": "Florida", "type": "Agriculture Hub"}, "geometry": {"type": "Point", "coordinates": [-82.7799, 27.8632]}}, {"type": "Feature", "properties": {"name": "Largo Grain Elevator", "city": "Largo", "state": "Florida", "type": "Agriculture Hub"}, "geometry": {"type": "Point", "coordinates": [-82.8677, 27.8755]}}, {"type": "Feature", "properties": {"name": "Largo Farmers Market Hub", "city": "Largo", "state": "Florida", "type": "Agriculture Hub"}, "geometry": {"type": "Point", "coordinates": [-82.8748, 27.8382]}}, {"type": "Feature", "properties": {"name": "Brooklyn Park Agricultural Cooperative", "city": "Brooklyn Park", "state": "Minnesota", "type": "Agriculture Hub"}, "geometry": {"type": "Point", "coordinates": [-93.2957, 45.1424]}}, {"type": "Feature", "properties": {"name": "Brooklyn Park Citrus Packing District", "city": "Brooklyn Park", "state": "Minnesota", "type": "Agriculture Hub"}, "geometry": {"type": "Point", "coordinates": [-93.393, 45.0616]}}, {"type": "Feature", "properties": {"name": "Tustin Wheat Storage Facility", "city": "Tustin", "state": "California", "type": "Agriculture Hub"}, "geometry": {"type": "Point", "coordinates": [-117.8279, 33.6975]}}, {"type": "Feature", "properties": {"name": "Tustin Agri-Business Park", "city": "Tustin", "state": "California", "type": "Agriculture Hub"}, "geometry": {"type": "Point", "coordinates": [-117.8607, 33.7494]}}, {"type": "Feature", "properties": {"name": "Tustin Agricultural Processing Center", "city": "Tustin", "state": "California", "type": "Agriculture Hub"}, "geometry": {"type": "Point", "coordinates": [-117.8694, 33.7762]}}, {"type": "Feature", "properties": {"name": "Racine Grain Elevator", "city": "Racine", "state": "Wisconsin", "type": "Agriculture Hub"}, "geometry": {"type": "Point", "coordinates": [-87.7589, 42.7864]}}, {"type": "Feature", "properties": {"name": "Deerfield Beach Soybean Processing Plant", "city": "Deerfield Beach", "state": "Florida", "type": "Agriculture Hub"}, "geometry": {"type": "Point", "coordinates": [-80.1767, 26.2935]}}, {"type": "Feature", "properties": {"name": "Deerfield Beach Citrus Packing District", "city": "Deerfield Beach", "state": "Florida", "type": "Agriculture Hub"}, "geometry": {"type": "Point", "coordinates": [-80.1907, 26.2391]}}, {"type": "Feature", "properties": {"name": "Deerfield Beach Poultry Processing Hub", "city": "Deerfield Beach", "state": "Florida", "type": "Agriculture Hub"}, "geometry": {"type": "Point", "coordinates": [-80.1411, 26.3846]}}, {"type": "Feature", "properties": {"name": "Mountain View Cotton Gin District", "city": "Mountain View", "state": "California", "type": "Agriculture Hub"}, "geometry": {"type": "Point", "coordinates": [-122.149, 37.3625]}}, {"type": "Feature", "properties": {"name": "Medford Farmers Market Hub", "city": "Medford", "state": "Oregon", "type": "Agriculture Hub"}, "geometry": {"type": "Point", "coordinates": [-122.8444, 42.3715]}}, {"type": "Feature", "properties": {"name": "Medford Feed Lot", "city": "Medford", "state": "Oregon", "type": "Agriculture Hub"}, "geometry": {"type": "Point", "coordinates": [-122.8315, 42.3033]}}, {"type": "Feature", "properties": {"name": "Bellflower Crop Research Station", "city": "Bellflower", "state": "California", "type": "Agriculture Hub"}, "geometry": {"type": "Point", "coordinates": [-118.0604, 33.9274]}}, {"type": "Feature", "properties": {"name": "Bellflower Feed Lot", "city": "Bellflower", "state": "California", "type": "Agriculture Hub"}, "geometry": {"type": "Point", "coordinates": [-118.1983, 33.9301]}}, {"type": "Feature", "properties": {"name": "Melbourne Irrigation District", "city": "Melbourne", "state": "Florida", "type": "Agriculture Hub"}, "geometry": {"type": "Point", "coordinates": [-80.6751, 28.1476]}}, {"type": "Feature", "properties": {"name": "Melbourne Irrigation District", "city": "Melbourne", "state": "Florida", "type": "Agriculture Hub"}, "geometry": {"type": "Point", "coordinates": [-80.7081, 28.0359]}}, {"type": "Feature", "properties": {"name": "St. Joseph Irrigation District", "city": "St. Joseph", "state": "Missouri", "type": "Agriculture Hub"}, "geometry": {"type": "Point", "coordinates": [-94.7991, 39.7795]}}, {"type": "Feature", "properties": {"name": "St. Joseph Poultry Processing Hub", "city": "St. Joseph", "state": "Missouri", "type": "Agriculture Hub"}, "geometry": {"type": "Point", "coordinates": [-94.8753, 39.7235]}}, {"type": "Feature", "properties": {"name": "Kennewick Irrigation District", "city": "Kennewick", "state": "Washington", "type": "Agriculture Hub"}, "geometry": {"type": "Point", "coordinates": [-119.1877, 46.2687]}}, {"type": "Feature", "properties": {"name": "Kennewick Crop Research Station", "city": "Kennewick", "state": "Washington", "type": "Agriculture Hub"}, "geometry": {"type": "Point", "coordinates": [-119.23, 46.1873]}}, {"type": "Feature", "properties": {"name": "Baldwin Park Soybean Processing Plant", "city": "Baldwin Park", "state": "California", "type": "Agriculture Hub"}, "geometry": {"type": "Point", "coordinates": [-117.9908, 34.0882]}}, {"type": "Feature", "properties": {"name": "Chino Hills Poultry Processing Hub", "city": "Chino Hills", "state": "California", "type": "Agriculture Hub"}, "geometry": {"type": "Point", "coordinates": [-117.666, 33.9409]}}, {"type": "Feature", "properties": {"name": "Alameda Grain Elevator", "city": "Alameda", "state": "California", "type": "Agriculture Hub"}, "geometry": {"type": "Point", "coordinates": [-122.2683, 37.7644]}}, {"type": "Feature", "properties": {"name": "Alameda Farmers Market Hub", "city": "Alameda", "state": "California", "type": "Agriculture Hub"}, "geometry": {"type": "Point", "coordinates": [-122.2547, 37.8123]}}, {"type": "Feature", "properties": {"name": "Albany Irrigation District", "city": "Albany", "state": "Georgia", "type": "Agriculture Hub"}, "geometry": {"type": "Point", "coordinates": [-84.134, 31.6507]}}, {"type": "Feature", "properties": {"name": "Albany Soybean Processing Plant", "city": "Albany", "state": "Georgia", "type": "Agriculture Hub"}, "geometry": {"type": "Point", "coordinates": [-84.1855, 31.5478]}}, {"type": "Feature", "properties": {"name": "Albany Poultry Processing Hub", "city": "Albany", "state": "Georgia", "type": "Agriculture Hub"}, "geometry": {"type": "Point", "coordinates": [-84.1276, 31.5448]}}, {"type": "Feature", "properties": {"name": "Arlington Heights Feed Lot", "city": "Arlington Heights", "state": "Illinois", "type": "Agriculture Hub"}, "geometry": {"type": "Point", "coordinates": [-87.9034, 42.0903]}}, {"type": "Feature", "properties": {"name": "Arlington Heights Farm Equipment Hub", "city": "Arlington Heights", "state": "Illinois", "type": "Agriculture Hub"}, "geometry": {"type": "Point", "coordinates": [-87.9388, 42.0564]}}, {"type": "Feature", "properties": {"name": "Arlington Heights Agri-Business Park", "city": "Arlington Heights", "state": "Illinois", "type": "Agriculture Hub"}, "geometry": {"type": "Point", "coordinates": [-88.0909, 42.0492]}}, {"type": "Feature", "properties": {"name": "Evanston Farm Equipment Hub", "city": "Evanston", "state": "Illinois", "type": "Agriculture Hub"}, "geometry": {"type": "Point", "coordinates": [-87.7301, 42.1045]}}, {"type": "Feature", "properties": {"name": "Evanston Farm Equipment Hub", "city": "Evanston", "state": "Illinois", "type": "Agriculture Hub"}, "geometry": {"type": "Point", "coordinates": [-87.689, 42.0155]}}, {"type": "Feature", "properties": {"name": "Kalamazoo Poultry Processing Hub", "city": "Kalamazoo", "state": "Michigan", "type": "Agriculture Hub"}, "geometry": {"type": "Point", "coordinates": [-85.623, 42.2366]}}, {"type": "Feature", "properties": {"name": "Kalamazoo Agricultural Processing Center", "city": "Kalamazoo", "state": "Michigan", "type": "Agriculture Hub"}, "geometry": {"type": "Point", "coordinates": [-85.5313, 42.3478]}}, {"type": "Feature", "properties": {"name": "Kalamazoo Citrus Packing District", "city": "Kalamazoo", "state": "Michigan", "type": "Agriculture Hub"}, "geometry": {"type": "Point", "coordinates": [-85.6215, 42.2518]}}, {"type": "Feature", "properties": {"name": "Baytown Farm Equipment Hub", "city": "Baytown", "state": "Texas", "type": "Agriculture Hub"}, "geometry": {"type": "Point", "coordinates": [-94.9987, 29.7103]}}, {"type": "Feature", "properties": {"name": "Baytown Farmers Market Hub", "city": "Baytown", "state": "Texas", "type": "Agriculture Hub"}, "geometry": {"type": "Point", "coordinates": [-94.9813, 29.6915]}}, {"type": "Feature", "properties": {"name": "Upland Livestock Market", "city": "Upland", "state": "California", "type": "Agriculture Hub"}, "geometry": {"type": "Point", "coordinates": [-117.7449, 34.1174]}}, {"type": "Feature", "properties": {"name": "Upland Farm Bureau", "city": "Upland", "state": "California", "type": "Agriculture Hub"}, "geometry": {"type": "Point", "coordinates": [-117.7529, 34.0816]}}, {"type": "Feature", "properties": {"name": "Springdale Agricultural Cooperative", "city": "Springdale", "state": "Arkansas", "type": "Agriculture Hub"}, "geometry": {"type": "Point", "coordinates": [-94.2148, 36.2542]}}, {"type": "Feature", "properties": {"name": "Schaumburg Produce Distribution Center", "city": "Schaumburg", "state": "Illinois", "type": "Agriculture Hub"}, "geometry": {"type": "Point", "coordinates": [-88.1181, 42.0164]}}, {"type": "Feature", "properties": {"name": "Schaumburg Farm Bureau", "city": "Schaumburg", "state": "Illinois", "type": "Agriculture Hub"}, "geometry": {"type": "Point", "coordinates": [-88.0134, 41.9816]}}, {"type": "Feature", "properties": {"name": "Schaumburg Produce Distribution Center", "city": "Schaumburg", "state": "Illinois", "type": "Agriculture Hub"}, "geometry": {"type": "Point", "coordinates": [-88.0638, 42.0352]}}, {"type": "Feature", "properties": {"name": "Auburn Grain Elevator", "city": "Auburn", "state": "Washington", "type": "Agriculture Hub"}, "geometry": {"type": "Point", "coordinates": [-122.2289, 47.3651]}}, {"type": "Feature", "properties": {"name": "Auburn Livestock Market", "city": "Auburn", "state": "Washington", "type": "Agriculture Hub"}, "geometry": {"type": "Point", "coordinates": [-122.1942, 47.3114]}}, {"type": "Feature", "properties": {"name": "Auburn Irrigation District", "city": "Auburn", "state": "Washington", "type": "Agriculture Hub"}, "geometry": {"type": "Point", "coordinates": [-122.1811, 47.2511]}}, {"type": "Feature", "properties": {"name": "Decatur Grain Elevator", "city": "Decatur", "state": "Illinois", "type": "Agriculture Hub"}, "geometry": {"type": "Point", "coordinates": [-89.0615, 39.8395]}}, {"type": "Feature", "properties": {"name": "Decatur Poultry Processing Hub", "city": "Decatur", "state": "Illinois", "type": "Agriculture Hub"}, "geometry": {"type": "Point", "coordinates": [-88.8745, 39.8236]}}, {"type": "Feature", "properties": {"name": "Decatur Wheat Storage Facility", "city": "Decatur", "state": "Illinois", "type": "Agriculture Hub"}, "geometry": {"type": "Point", "coordinates": [-89.0188, 39.8568]}}, {"type": "Feature", "properties": {"name": "San Ramon Grain Elevator", "city": "San Ramon", "state": "California", "type": "Agriculture Hub"}, "geometry": {"type": "Point", "coordinates": [-122.0462, 37.7939]}}, {"type": "Feature", "properties": {"name": "Pleasanton Soybean Processing Plant", "city": "Pleasanton", "state": "California", "type": "Agriculture Hub"}, "geometry": {"type": "Point", "coordinates": [-121.9054, 37.6755]}}, {"type": "Feature", "properties": {"name": "Pleasanton Irrigation District", "city": "Pleasanton", "state": "California", "type": "Agriculture Hub"}, "geometry": {"type": "Point", "coordinates": [-121.9235, 37.7361]}}, {"type": "Feature", "properties": {"name": "Pleasanton Soybean Processing Plant", "city": "Pleasanton", "state": "California", "type": "Agriculture Hub"}, "geometry": {"type": "Point", "coordinates": [-121.788, 37.6357]}}, {"type": "Feature", "properties": {"name": "Wyoming Citrus Packing District", "city": "Wyoming", "state": "Michigan", "type": "Agriculture Hub"}, "geometry": {"type": "Point", "coordinates": [-85.742, 42.9453]}}, {"type": "Feature", "properties": {"name": "Wyoming Agricultural Processing Center", "city": "Wyoming", "state": "Michigan", "type": "Agriculture Hub"}, "geometry": {"type": "Point", "coordinates": [-85.6583, 42.9562]}}, {"type": "Feature", "properties": {"name": "Wyoming Farm Equipment Hub", "city": "Wyoming", "state": "Michigan", "type": "Agriculture Hub"}, "geometry": {"type": "Point", "coordinates": [-85.7871, 42.9509]}}, {"type": "Feature", "properties": {"name": "Lake Charles Agricultural Processing Center", "city": "Lake Charles", "state": "Louisiana", "type": "Agriculture Hub"}, "geometry": {"type": "Point", "coordinates": [-93.1997, 30.2338]}}, {"type": "Feature", "properties": {"name": "Lake Charles Produce Distribution Center", "city": "Lake Charles", "state": "Louisiana", "type": "Agriculture Hub"}, "geometry": {"type": "Point", "coordinates": [-93.249, 30.1481]}}, {"type": "Feature", "properties": {"name": "Lake Charles Agri-Business Park", "city": "Lake Charles", "state": "Louisiana", "type": "Agriculture Hub"}, "geometry": {"type": "Point", "coordinates": [-93.2741, 30.1898]}}, {"type": "Feature", "properties": {"name": "Plymouth Poultry Processing Hub", "city": "Plymouth", "state": "Minnesota", "type": "Agriculture Hub"}, "geometry": {"type": "Point", "coordinates": [-93.4295, 44.9585]}}, {"type": "Feature", "properties": {"name": "Plymouth Cotton Gin District", "city": "Plymouth", "state": "Minnesota", "type": "Agriculture Hub"}, "geometry": {"type": "Point", "coordinates": [-93.5617, 44.9493]}}, {"type": "Feature", "properties": {"name": "Plymouth Farm Equipment Hub", "city": "Plymouth", "state": "Minnesota", "type": "Agriculture Hub"}, "geometry": {"type": "Point", "coordinates": [-93.3703, 44.9405]}}, {"type": "Feature", "properties": {"name": "Bolingbrook Cotton Gin District", "city": "Bolingbrook", "state": "Illinois", "type": "Agriculture Hub"}, "geometry": {"type": "Point", "coordinates": [-88.1539, 41.6741]}}, {"type": "Feature", "properties": {"name": "Bolingbrook Farmers Market Hub", "city": "Bolingbrook", "state": "Illinois", "type": "Agriculture Hub"}, "geometry": {"type": "Point", "coordinates": [-88.1764, 41.7088]}}, {"type": "Feature", "properties": {"name": "Pharr Grain Elevator", "city": "Pharr", "state": "Texas", "type": "Agriculture Hub"}, "geometry": {"type": "Point", "coordinates": [-98.1567, 26.1515]}}, {"type": "Feature", "properties": {"name": "Appleton Agri-Business Park", "city": "Appleton", "state": "Wisconsin", "type": "Agriculture Hub"}, "geometry": {"type": "Point", "coordinates": [-88.3523, 44.1853]}}, {"type": "Feature", "properties": {"name": "Appleton Farmers Market Hub", "city": "Appleton", "state": "Wisconsin", "type": "Agriculture Hub"}, "geometry": {"type": "Point", "coordinates": [-88.3554, 44.2399]}}, {"type": "Feature", "properties": {"name": "Gastonia Feed Lot", "city": "Gastonia", "state": "North Carolina", "type": "Agriculture Hub"}, "geometry": {"type": "Point", "coordinates": [-81.1433, 35.1954]}}, {"type": "Feature", "properties": {"name": "Folsom Poultry Processing Hub", "city": "Folsom", "state": "California", "type": "Agriculture Hub"}, "geometry": {"type": "Point", "coordinates": [-121.0859, 38.6509]}}, {"type": "Feature", "properties": {"name": "Folsom Soybean Processing Plant", "city": "Folsom", "state": "California", "type": "Agriculture Hub"}, "geometry": {"type": "Point", "coordinates": [-121.104, 38.715]}}, {"type": "Feature", "properties": {"name": "Southfield Citrus Packing District", "city": "Southfield", "state": "Michigan", "type": "Agriculture Hub"}, "geometry": {"type": "Point", "coordinates": [-83.1482, 42.5037]}}, {"type": "Feature", "properties": {"name": "Rochester Hills Farm Bureau", "city": "Rochester Hills", "state": "Michigan", "type": "Agriculture Hub"}, "geometry": {"type": "Point", "coordinates": [-83.1823, 42.6096]}}, {"type": "Feature", "properties": {"name": "Rochester Hills Feed Lot", "city": "Rochester Hills", "state": "Michigan", "type": "Agriculture Hub"}, "geometry": {"type": "Point", "coordinates": [-83.2331, 42.7126]}}, {"type": "Feature", "properties": {"name": "Rochester Hills Agricultural Processing Center", "city": "Rochester Hills", "state": "Michigan", "type": "Agriculture Hub"}, "geometry": {"type": "Point", "coordinates": [-83.0681, 42.6783]}}, {"type": "Feature", "properties": {"name": "Canton Poultry Processing Hub", "city": "Canton", "state": "Ohio", "type": "Agriculture Hub"}, "geometry": {"type": "Point", "coordinates": [-81.3847, 40.7633]}}, {"type": "Feature", "properties": {"name": "Canton Livestock Market", "city": "Canton", "state": "Ohio", "type": "Agriculture Hub"}, "geometry": {"type": "Point", "coordinates": [-81.4792, 40.8487]}}, {"type": "Feature", "properties": {"name": "Warner Robins Soybean Processing Plant", "city": "Warner Robins", "state": "Georgia", "type": "Agriculture Hub"}, "geometry": {"type": "Point", "coordinates": [-83.6068, 32.6919]}}, {"type": "Feature", "properties": {"name": "Warner Robins Livestock Market", "city": "Warner Robins", "state": "Georgia", "type": "Agriculture Hub"}, "geometry": {"type": "Point", "coordinates": [-83.5194, 32.5576]}}, {"type": "Feature", "properties": {"name": "Warner Robins Feed Lot", "city": "Warner Robins", "state": "Georgia", "type": "Agriculture Hub"}, "geometry": {"type": "Point", "coordinates": [-83.6451, 32.5834]}}, {"type": "Feature", "properties": {"name": "Union City Agri-Business Park", "city": "Union City", "state": "California", "type": "Agriculture Hub"}, "geometry": {"type": "Point", "coordinates": [-122.0418, 37.604]}}, {"type": "Feature", "properties": {"name": "Perris Cotton Gin District", "city": "Perris", "state": "California", "type": "Agriculture Hub"}, "geometry": {"type": "Point", "coordinates": [-117.2722, 33.8114]}}, {"type": "Feature", "properties": {"name": "Manteca Farmers Market Hub", "city": "Manteca", "state": "California", "type": "Agriculture Hub"}, "geometry": {"type": "Point", "coordinates": [-121.319, 37.7946]}}, {"type": "Feature", "properties": {"name": "Iowa City Farmers Market Hub", "city": "Iowa City", "state": "Iowa", "type": "Agriculture Hub"}, "geometry": {"type": "Point", "coordinates": [-91.5833, 41.6118]}}, {"type": "Feature", "properties": {"name": "Iowa City Farm Bureau", "city": "Iowa City", "state": "Iowa", "type": "Agriculture Hub"}, "geometry": {"type": "Point", "coordinates": [-91.4619, 41.6163]}}, {"type": "Feature", "properties": {"name": "Iowa City Feed Lot", "city": "Iowa City", "state": "Iowa", "type": "Agriculture Hub"}, "geometry": {"type": "Point", "coordinates": [-91.5703, 41.6241]}}, {"type": "Feature", "properties": {"name": "Jonesboro Farmers Market Hub", "city": "Jonesboro", "state": "Arkansas", "type": "Agriculture Hub"}, "geometry": {"type": "Point", "coordinates": [-90.6383, 35.9213]}}, {"type": "Feature", "properties": {"name": "Jonesboro Farm Equipment Hub", "city": "Jonesboro", "state": "Arkansas", "type": "Agriculture Hub"}, "geometry": {"type": "Point", "coordinates": [-90.7911, 35.9044]}}, {"type": "Feature", "properties": {"name": "Lynwood Feed Lot", "city": "Lynwood", "state": "California", "type": "Agriculture Hub"}, "geometry": {"type": "Point", "coordinates": [-118.1482, 33.9564]}}, {"type": "Feature", "properties": {"name": "Lynwood Agricultural Cooperative", "city": "Lynwood", "state": "California", "type": "Agriculture Hub"}, "geometry": {"type": "Point", "coordinates": [-118.3073, 33.8656]}}, {"type": "Feature", "properties": {"name": "Loveland Agricultural Processing Center", "city": "Loveland", "state": "Colorado", "type": "Agriculture Hub"}, "geometry": {"type": "Point", "coordinates": [-105.1005, 40.3592]}}, {"type": "Feature", "properties": {"name": "Loveland Cotton Gin District", "city": "Loveland", "state": "Colorado", "type": "Agriculture Hub"}, "geometry": {"type": "Point", "coordinates": [-104.9976, 40.4273]}}, {"type": "Feature", "properties": {"name": "Loveland Farmers Market Hub", "city": "Loveland", "state": "Colorado", "type": "Agriculture Hub"}, "geometry": {"type": "Point", "coordinates": [-105.1217, 40.3537]}}, {"type": "Feature", "properties": {"name": "Boynton Beach Agricultural Cooperative", "city": "Boynton Beach", "state": "Florida", "type": "Agriculture Hub"}, "geometry": {"type": "Point", "coordinates": [-80.0022, 26.5871]}}, {"type": "Feature", "properties": {"name": "Boynton Beach Crop Research Station", "city": "Boynton Beach", "state": "Florida", "type": "Agriculture Hub"}, "geometry": {"type": "Point", "coordinates": [-80.1309, 26.5546]}}, {"type": "Feature", "properties": {"name": "Waukesha Poultry Processing Hub", "city": "Waukesha", "state": "Wisconsin", "type": "Agriculture Hub"}, "geometry": {"type": "Point", "coordinates": [-88.2003, 42.9471]}}, {"type": "Feature", "properties": {"name": "Waukesha Dairy Processing Hub", "city": "Waukesha", "state": "Wisconsin", "type": "Agriculture Hub"}, "geometry": {"type": "Point", "coordinates": [-88.2957, 42.9779]}}, {"type": "Feature", "properties": {"name": "Waukesha Farm Bureau", "city": "Waukesha", "state": "Wisconsin", "type": "Agriculture Hub"}, "geometry": {"type": "Point", "coordinates": [-88.2073, 43.0811]}}, {"type": "Feature", "properties": {"name": "Gulfport Soybean Processing Plant", "city": "Gulfport", "state": "Mississippi", "type": "Agriculture Hub"}, "geometry": {"type": "Point", "coordinates": [-89.1648, 30.3391]}}, {"type": "Feature", "properties": {"name": "Apple Valley Farm Bureau", "city": "Apple Valley", "state": "California", "type": "Agriculture Hub"}, "geometry": {"type": "Point", "coordinates": [-117.2104, 34.4519]}}, {"type": "Feature", "properties": {"name": "Rapid City Poultry Processing Hub", "city": "Rapid City", "state": "South Dakota", "type": "Agriculture Hub"}, "geometry": {"type": "Point", "coordinates": [-103.2294, 44.0597]}}, {"type": "Feature", "properties": {"name": "Rapid City Livestock Market", "city": "Rapid City", "state": "South Dakota", "type": "Agriculture Hub"}, "geometry": {"type": "Point", "coordinates": [-103.3292, 44.0629]}}, {"type": "Feature", "properties": {"name": "Lafayette Dairy Processing Hub", "city": "Lafayette", "state": "Indiana", "type": "Agriculture Hub"}, "geometry": {"type": "Point", "coordinates": [-86.8988, 40.4243]}}, {"type": "Feature", "properties": {"name": "Lafayette Farm Equipment Hub", "city": "Lafayette", "state": "Indiana", "type": "Agriculture Hub"}, "geometry": {"type": "Point", "coordinates": [-86.8825, 40.4049]}}, {"type": "Feature", "properties": {"name": "Lafayette Produce Distribution Center", "city": "Lafayette", "state": "Indiana", "type": "Agriculture Hub"}, "geometry": {"type": "Point", "coordinates": [-86.9066, 40.3861]}}, {"type": "Feature", "properties": {"name": "Turlock Soybean Processing Plant", "city": "Turlock", "state": "California", "type": "Agriculture Hub"}, "geometry": {"type": "Point", "coordinates": [-120.9172, 37.5622]}}, {"type": "Feature", "properties": {"name": "Muncie Dairy Processing Hub", "city": "Muncie", "state": "Indiana", "type": "Agriculture Hub"}, "geometry": {"type": "Point", "coordinates": [-85.3604, 40.1326]}}, {"type": "Feature", "properties": {"name": "Muncie Agricultural Cooperative", "city": "Muncie", "state": "Indiana", "type": "Agriculture Hub"}, "geometry": {"type": "Point", "coordinates": [-85.3039, 40.1648]}}, {"type": "Feature", "properties": {"name": "Temple Cotton Gin District", "city": "Temple", "state": "Texas", "type": "Agriculture Hub"}, "geometry": {"type": "Point", "coordinates": [-97.3059, 31.1195]}}, {"type": "Feature", "properties": {"name": "Temple Agri-Business Park", "city": "Temple", "state": "Texas", "type": "Agriculture Hub"}, "geometry": {"type": "Point", "coordinates": [-97.3619, 31.1122]}}, {"type": "Feature", "properties": {"name": "Temple Soybean Processing Plant", "city": "Temple", "state": "Texas", "type": "Agriculture Hub"}, "geometry": {"type": "Point", "coordinates": [-97.3075, 31.0245]}}, {"type": "Feature", "properties": {"name": "Missouri City Farm Equipment Hub", "city": "Missouri City", "state": "Texas", "type": "Agriculture Hub"}, "geometry": {"type": "Point", "coordinates": [-95.599, 29.6741]}}, {"type": "Feature", "properties": {"name": "Missouri City Livestock Market", "city": "Missouri City", "state": "Texas", "type": "Agriculture Hub"}, "geometry": {"type": "Point", "coordinates": [-95.4565, 29.5467]}}, {"type": "Feature", "properties": {"name": "Redlands Farmers Market Hub", "city": "Redlands", "state": "California", "type": "Agriculture Hub"}, "geometry": {"type": "Point", "coordinates": [-117.2586, 34.0952]}}, {"type": "Feature", "properties": {"name": "Redlands Dairy Processing Hub", "city": "Redlands", "state": "California", "type": "Agriculture Hub"}, "geometry": {"type": "Point", "coordinates": [-117.1972, 34.0261]}}, {"type": "Feature", "properties": {"name": "Lauderhill Cotton Gin District", "city": "Lauderhill", "state": "Florida", "type": "Agriculture Hub"}, "geometry": {"type": "Point", "coordinates": [-80.2629, 26.0673]}}, {"type": "Feature", "properties": {"name": "Lauderhill Farm Bureau", "city": "Lauderhill", "state": "Florida", "type": "Agriculture Hub"}, "geometry": {"type": "Point", "coordinates": [-80.3061, 26.2142]}}, {"type": "Feature", "properties": {"name": "Lauderhill Feed Lot", "city": "Lauderhill", "state": "Florida", "type": "Agriculture Hub"}, "geometry": {"type": "Point", "coordinates": [-80.1727, 26.0782]}}, {"type": "Feature", "properties": {"name": "Milpitas Farmers Market Hub", "city": "Milpitas", "state": "California", "type": "Agriculture Hub"}, "geometry": {"type": "Point", "coordinates": [-121.8433, 37.4554]}}, {"type": "Feature", "properties": {"name": "Milpitas Farm Bureau", "city": "Milpitas", "state": "California", "type": "Agriculture Hub"}, "geometry": {"type": "Point", "coordinates": [-121.8606, 37.3983]}}, {"type": "Feature", "properties": {"name": "Milpitas Cotton Gin District", "city": "Milpitas", "state": "California", "type": "Agriculture Hub"}, "geometry": {"type": "Point", "coordinates": [-121.922, 37.4655]}}, {"type": "Feature", "properties": {"name": "Palatine Agri-Business Park", "city": "Palatine", "state": "Illinois", "type": "Agriculture Hub"}, "geometry": {"type": "Point", "coordinates": [-87.9519, 42.1572]}}, {"type": "Feature", "properties": {"name": "Missoula Feed Lot", "city": "Missoula", "state": "Montana", "type": "Agriculture Hub"}, "geometry": {"type": "Point", "coordinates": [-113.9169, 46.823]}}, {"type": "Feature", "properties": {"name": "Jacksonville Poultry Processing Hub", "city": "Jacksonville", "state": "North Carolina", "type": "Agriculture Hub"}, "geometry": {"type": "Point", "coordinates": [-77.3353, 34.772]}}, {"type": "Feature", "properties": {"name": "Jacksonville Agricultural Cooperative", "city": "Jacksonville", "state": "North Carolina", "type": "Agriculture Hub"}, "geometry": {"type": "Point", "coordinates": [-77.4885, 34.7651]}}, {"type": "Feature", "properties": {"name": "Jacksonville Crop Research Station", "city": "Jacksonville", "state": "North Carolina", "type": "Agriculture Hub"}, "geometry": {"type": "Point", "coordinates": [-77.3494, 34.7764]}}, {"type": "Feature", "properties": {"name": "Franklin Dairy Processing Hub", "city": "Franklin", "state": "Tennessee", "type": "Agriculture Hub"}, "geometry": {"type": "Point", "coordinates": [-86.8548, 35.8979]}}, {"type": "Feature", "properties": {"name": "Franklin Soybean Processing Plant", "city": "Franklin", "state": "Tennessee", "type": "Agriculture Hub"}, "geometry": {"type": "Point", "coordinates": [-86.8372, 35.9761]}}, {"type": "Feature", "properties": {"name": "Franklin Cotton Gin District", "city": "Franklin", "state": "Tennessee", "type": "Agriculture Hub"}, "geometry": {"type": "Point", "coordinates": [-86.8471, 35.931]}}, {"type": "Feature", "properties": {"name": "Flower Mound Wheat Storage Facility", "city": "Flower Mound", "state": "Texas", "type": "Agriculture Hub"}, "geometry": {"type": "Point", "coordinates": [-96.998, 32.9503]}}, {"type": "Feature", "properties": {"name": "Flower Mound Grain Elevator", "city": "Flower Mound", "state": "Texas", "type": "Agriculture Hub"}, "geometry": {"type": "Point", "coordinates": [-97.1219, 33.0429]}}, {"type": "Feature", "properties": {"name": "Flower Mound Citrus Packing District", "city": "Flower Mound", "state": "Texas", "type": "Agriculture Hub"}, "geometry": {"type": "Point", "coordinates": [-97.1957, 32.989]}}, {"type": "Feature", "properties": {"name": "Weston Livestock Market", "city": "Weston", "state": "Florida", "type": "Agriculture Hub"}, "geometry": {"type": "Point", "coordinates": [-80.392, 26.0969]}}, {"type": "Feature", "properties": {"name": "Weston Farm Equipment Hub", "city": "Weston", "state": "Florida", "type": "Agriculture Hub"}, "geometry": {"type": "Point", "coordinates": [-80.417, 26.1124]}}, {"type": "Feature", "properties": {"name": "Waterloo Agricultural Processing Center", "city": "Waterloo", "state": "Iowa", "type": "Agriculture Hub"}, "geometry": {"type": "Point", "coordinates": [-92.4323, 42.5463]}}, {"type": "Feature", "properties": {"name": "Fort Myers Citrus Packing District", "city": "Fort Myers", "state": "Florida", "type": "Agriculture Hub"}, "geometry": {"type": "Point", "coordinates": [-81.8674, 26.7202]}}, {"type": "Feature", "properties": {"name": "Fort Myers Farm Bureau", "city": "Fort Myers", "state": "Florida", "type": "Agriculture Hub"}, "geometry": {"type": "Point", "coordinates": [-81.9232, 26.6527]}}, {"type": "Feature", "properties": {"name": "Dothan Grain Elevator", "city": "Dothan", "state": "Alabama", "type": "Agriculture Hub"}, "geometry": {"type": "Point", "coordinates": [-85.4974, 31.2412]}}, {"type": "Feature", "properties": {"name": "Dothan Farmers Market Hub", "city": "Dothan", "state": "Alabama", "type": "Agriculture Hub"}, "geometry": {"type": "Point", "coordinates": [-85.3499, 31.2698]}}, {"type": "Feature", "properties": {"name": "Rancho Cordova Farm Bureau", "city": "Rancho Cordova", "state": "California", "type": "Agriculture Hub"}, "geometry": {"type": "Point", "coordinates": [-121.3487, 38.6125]}}, {"type": "Feature", "properties": {"name": "Rancho Cordova Crop Research Station", "city": "Rancho Cordova", "state": "California", "type": "Agriculture Hub"}, "geometry": {"type": "Point", "coordinates": [-121.3698, 38.6165]}}, {"type": "Feature", "properties": {"name": "Redondo Beach Feed Lot", "city": "Redondo Beach", "state": "California", "type": "Agriculture Hub"}, "geometry": {"type": "Point", "coordinates": [-118.2788, 33.8594]}}, {"type": "Feature", "properties": {"name": "Redondo Beach Soybean Processing Plant", "city": "Redondo Beach", "state": "California", "type": "Agriculture Hub"}, "geometry": {"type": "Point", "coordinates": [-118.4812, 33.8179]}}, {"type": "Feature", "properties": {"name": "Jackson Grain Elevator", "city": "Jackson", "state": "Tennessee", "type": "Agriculture Hub"}, "geometry": {"type": "Point", "coordinates": [-88.7881, 35.6464]}}, {"type": "Feature", "properties": {"name": "Pasco Agricultural Cooperative", "city": "Pasco", "state": "Washington", "type": "Agriculture Hub"}, "geometry": {"type": "Point", "coordinates": [-119.0318, 46.2824]}}, {"type": "Feature", "properties": {"name": "Pasco Farm Bureau", "city": "Pasco", "state": "Washington", "type": "Agriculture Hub"}, "geometry": {"type": "Point", "coordinates": [-119.1857, 46.1904]}}, {"type": "Feature", "properties": {"name": "Pasco Feed Lot", "city": "Pasco", "state": "Washington", "type": "Agriculture Hub"}, "geometry": {"type": "Point", "coordinates": [-118.9995, 46.2025]}}, {"type": "Feature", "properties": {"name": "St. Charles Agricultural Processing Center", "city": "St. Charles", "state": "Missouri", "type": "Agriculture Hub"}, "geometry": {"type": "Point", "coordinates": [-90.5083, 38.7957]}}, {"type": "Feature", "properties": {"name": "St. Charles Soybean Processing Plant", "city": "St. Charles", "state": "Missouri", "type": "Agriculture Hub"}, "geometry": {"type": "Point", "coordinates": [-90.4437, 38.8607]}}, {"type": "Feature", "properties": {"name": "Eau Claire Crop Research Station", "city": "Eau Claire", "state": "Wisconsin", "type": "Agriculture Hub"}, "geometry": {"type": "Point", "coordinates": [-91.4487, 44.8719]}}, {"type": "Feature", "properties": {"name": "North Richland Hills Agricultural Processing Center", "city": "North Richland Hills", "state": "Texas", "type": "Agriculture Hub"}, "geometry": {"type": "Point", "coordinates": [-97.3197, 32.773]}}, {"type": "Feature", "properties": {"name": "North Richland Hills Irrigation District", "city": "North Richland Hills", "state": "Texas", "type": "Agriculture Hub"}, "geometry": {"type": "Point", "coordinates": [-97.3216, 32.7855]}}, {"type": "Feature", "properties": {"name": "North Richland Hills Irrigation District", "city": "North Richland Hills", "state": "Texas", "type": "Agriculture Hub"}, "geometry": {"type": "Point", "coordinates": [-97.2502, 32.8831]}}, {"type": "Feature", "properties": {"name": "Bismarck Crop Research Station", "city": "Bismarck", "state": "North Dakota", "type": "Agriculture Hub"}, "geometry": {"type": "Point", "coordinates": [-100.8743, 46.7861]}}, {"type": "Feature", "properties": {"name": "Bismarck Livestock Market", "city": "Bismarck", "state": "North Dakota", "type": "Agriculture Hub"}, "geometry": {"type": "Point", "coordinates": [-100.8212, 46.7401]}}, {"type": "Feature", "properties": {"name": "Bismarck Poultry Processing Hub", "city": "Bismarck", "state": "North Dakota", "type": "Agriculture Hub"}, "geometry": {"type": "Point", "coordinates": [-100.8402, 46.76]}}, {"type": "Feature", "properties": {"name": "Yorba Linda Soybean Processing Plant", "city": "Yorba Linda", "state": "California", "type": "Agriculture Hub"}, "geometry": {"type": "Point", "coordinates": [-117.8484, 33.8697]}}, {"type": "Feature", "properties": {"name": "Kenner Agricultural Cooperative", "city": "Kenner", "state": "Louisiana", "type": "Agriculture Hub"}, "geometry": {"type": "Point", "coordinates": [-90.2851, 30.0581]}}, {"type": "Feature", "properties": {"name": "Walnut Creek Farm Bureau", "city": "Walnut Creek", "state": "California", "type": "Agriculture Hub"}, "geometry": {"type": "Point", "coordinates": [-122.1565, 37.9506]}}, {"type": "Feature", "properties": {"name": "Walnut Creek Poultry Processing Hub", "city": "Walnut Creek", "state": "California", "type": "Agriculture Hub"}, "geometry": {"type": "Point", "coordinates": [-122.1033, 37.9288]}}, {"type": "Feature", "properties": {"name": "Walnut Creek Soybean Processing Plant", "city": "Walnut Creek", "state": "California", "type": "Agriculture Hub"}, "geometry": {"type": "Point", "coordinates": [-122.0614, 37.9719]}}, {"type": "Feature", "properties": {"name": "Oshkosh Poultry Processing Hub", "city": "Oshkosh", "state": "Wisconsin", "type": "Agriculture Hub"}, "geometry": {"type": "Point", "coordinates": [-88.448, 44.0965]}}, {"type": "Feature", "properties": {"name": "Oshkosh Crop Research Station", "city": "Oshkosh", "state": "Wisconsin", "type": "Agriculture Hub"}, "geometry": {"type": "Point", "coordinates": [-88.6533, 44.0495]}}, {"type": "Feature", "properties": {"name": "Pittsburg Citrus Packing District", "city": "Pittsburg", "state": "California", "type": "Agriculture Hub"}, "geometry": {"type": "Point", "coordinates": [-121.8358, 37.971]}}, {"type": "Feature", "properties": {"name": "Palo Alto Farmers Market Hub", "city": "Palo Alto", "state": "California", "type": "Agriculture Hub"}, "geometry": {"type": "Point", "coordinates": [-122.1866, 37.4919]}}, {"type": "Feature", "properties": {"name": "Palo Alto Citrus Packing District", "city": "Palo Alto", "state": "California", "type": "Agriculture Hub"}, "geometry": {"type": "Point", "coordinates": [-122.088, 37.4832]}}, {"type": "Feature", "properties": {"name": "Palo Alto Agricultural Cooperative", "city": "Palo Alto", "state": "California", "type": "Agriculture Hub"}, "geometry": {"type": "Point", "coordinates": [-122.1237, 37.4303]}}, {"type": "Feature", "properties": {"name": "Bossier City Irrigation District", "city": "Bossier City", "state": "Louisiana", "type": "Agriculture Hub"}, "geometry": {"type": "Point", "coordinates": [-93.7714, 32.4423]}}, {"type": "Feature", "properties": {"name": "St. Cloud Grain Elevator", "city": "St. Cloud", "state": "Minnesota", "type": "Agriculture Hub"}, "geometry": {"type": "Point", "coordinates": [-94.2555, 45.5769]}}, {"type": "Feature", "properties": {"name": "Davis Cotton Gin District", "city": "Davis", "state": "California", "type": "Agriculture Hub"}, "geometry": {"type": "Point", "coordinates": [-121.7686, 38.548]}}, {"type": "Feature", "properties": {"name": "Davis Poultry Processing Hub", "city": "Davis", "state": "California", "type": "Agriculture Hub"}, "geometry": {"type": "Point", "coordinates": [-121.7725, 38.5596]}}, {"type": "Feature", "properties": {"name": "South San Francisco Crop Research Station", "city": "South San Francisco", "state": "California", "type": "Agriculture Hub"}, "geometry": {"type": "Point", "coordinates": [-122.3355, 37.6276]}}, {"type": "Feature", "properties": {"name": "Camarillo Poultry Processing Hub", "city": "Camarillo", "state": "California", "type": "Agriculture Hub"}, "geometry": {"type": "Point", "coordinates": [-119.117, 34.1895]}}, {"type": "Feature", "properties": {"name": "Camarillo Grain Elevator", "city": "Camarillo", "state": "California", "type": "Agriculture Hub"}, "geometry": {"type": "Point", "coordinates": [-119.0265, 34.1869]}}, {"type": "Feature", "properties": {"name": "North Little Rock Citrus Packing District", "city": "North Little Rock", "state": "Arkansas", "type": "Agriculture Hub"}, "geometry": {"type": "Point", "coordinates": [-92.2412, 34.7677]}}, {"type": "Feature", "properties": {"name": "North Little Rock Cotton Gin District", "city": "North Little Rock", "state": "Arkansas", "type": "Agriculture Hub"}, "geometry": {"type": "Point", "coordinates": [-92.2264, 34.8118]}}, {"type": "Feature", "properties": {"name": "Harlingen Farmers Market Hub", "city": "Harlingen", "state": "Texas", "type": "Agriculture Hub"}, "geometry": {"type": "Point", "coordinates": [-97.6949, 26.2266]}}, {"type": "Feature", "properties": {"name": "Harlingen Feed Lot", "city": "Harlingen", "state": "Texas", "type": "Agriculture Hub"}, "geometry": {"type": "Point", "coordinates": [-97.6869, 26.1186]}}, {"type": "Feature", "properties": {"name": "Woodbury Dairy Processing Hub", "city": "Woodbury", "state": "Minnesota", "type": "Agriculture Hub"}, "geometry": {"type": "Point", "coordinates": [-92.8756, 44.9572]}}, {"type": "Feature", "properties": {"name": "Woodbury Farm Bureau", "city": "Woodbury", "state": "Minnesota", "type": "Agriculture Hub"}, "geometry": {"type": "Point", "coordinates": [-92.9456, 44.9892]}}, {"type": "Feature", "properties": {"name": "Eagan Wheat Storage Facility", "city": "Eagan", "state": "Minnesota", "type": "Agriculture Hub"}, "geometry": {"type": "Point", "coordinates": [-93.2341, 44.863]}}, {"type": "Feature", "properties": {"name": "Yuba City Wheat Storage Facility", "city": "Yuba City", "state": "California", "type": "Agriculture Hub"}, "geometry": {"type": "Point", "coordinates": [-121.5314, 39.1366]}}, {"type": "Feature", "properties": {"name": "Yuba City Wheat Storage Facility", "city": "Yuba City", "state": "California", "type": "Agriculture Hub"}, "geometry": {"type": "Point", "coordinates": [-121.5886, 39.0881]}}, {"type": "Feature", "properties": {"name": "Maple Grove Grain Elevator", "city": "Maple Grove", "state": "Minnesota", "type": "Agriculture Hub"}, "geometry": {"type": "Point", "coordinates": [-93.3631, 45.0953]}}, {"type": "Feature", "properties": {"name": "Maple Grove Feed Lot", "city": "Maple Grove", "state": "Minnesota", "type": "Agriculture Hub"}, "geometry": {"type": "Point", "coordinates": [-93.4192, 44.9973]}}, {"type": "Feature", "properties": {"name": "Maple Grove Soybean Processing Plant", "city": "Maple Grove", "state": "Minnesota", "type": "Agriculture Hub"}, "geometry": {"type": "Point", "coordinates": [-93.4302, 45.0556]}}, {"type": "Feature", "properties": {"name": "Youngstown Crop Research Station", "city": "Youngstown", "state": "Ohio", "type": "Agriculture Hub"}, "geometry": {"type": "Point", "coordinates": [-80.736, 41.0446]}}, {"type": "Feature", "properties": {"name": "Youngstown Irrigation District", "city": "Youngstown", "state": "Ohio", "type": "Agriculture Hub"}, "geometry": {"type": "Point", "coordinates": [-80.7358, 41.1538]}}, {"type": "Feature", "properties": {"name": "Skokie Produce Distribution Center", "city": "Skokie", "state": "Illinois", "type": "Agriculture Hub"}, "geometry": {"type": "Point", "coordinates": [-87.6945, 41.9841]}}, {"type": "Feature", "properties": {"name": "Skokie Farm Bureau", "city": "Skokie", "state": "Illinois", "type": "Agriculture Hub"}, "geometry": {"type": "Point", "coordinates": [-87.8006, 41.9849]}}, {"type": "Feature", "properties": {"name": "Kissimmee Farm Bureau", "city": "Kissimmee", "state": "Florida", "type": "Agriculture Hub"}, "geometry": {"type": "Point", "coordinates": [-81.5012, 28.3701]}}, {"type": "Feature", "properties": {"name": "Kissimmee Farm Equipment Hub", "city": "Kissimmee", "state": "Florida", "type": "Agriculture Hub"}, "geometry": {"type": "Point", "coordinates": [-81.384, 28.3011]}}, {"type": "Feature", "properties": {"name": "Johnson City Wheat Storage Facility", "city": "Johnson City", "state": "Tennessee", "type": "Agriculture Hub"}, "geometry": {"type": "Point", "coordinates": [-82.4323, 36.3296]}}, {"type": "Feature", "properties": {"name": "Victoria Grain Elevator", "city": "Victoria", "state": "Texas", "type": "Agriculture Hub"}, "geometry": {"type": "Point", "coordinates": [-97.0212, 28.8259]}}, {"type": "Feature", "properties": {"name": "San Clemente Farm Bureau", "city": "San Clemente", "state": "California", "type": "Agriculture Hub"}, "geometry": {"type": "Point", "coordinates": [-117.7076, 33.3693]}}, {"type": "Feature", "properties": {"name": "San Clemente Crop Research Station", "city": "San Clemente", "state": "California", "type": "Agriculture Hub"}, "geometry": {"type": "Point", "coordinates": [-117.5246, 33.4156]}}, {"type": "Feature", "properties": {"name": "San Clemente Cotton Gin District", "city": "San Clemente", "state": "California", "type": "Agriculture Hub"}, "geometry": {"type": "Point", "coordinates": [-117.5733, 33.3801]}}, {"type": "Feature", "properties": {"name": "Laguna Niguel Produce Distribution Center", "city": "Laguna Niguel", "state": "California", "type": "Agriculture Hub"}, "geometry": {"type": "Point", "coordinates": [-117.781, 33.4649]}}, {"type": "Feature", "properties": {"name": "Laguna Niguel Agricultural Processing Center", "city": "Laguna Niguel", "state": "California", "type": "Agriculture Hub"}, "geometry": {"type": "Point", "coordinates": [-117.7711, 33.5933]}}, {"type": "Feature", "properties": {"name": "Laguna Niguel Agricultural Cooperative", "city": "Laguna Niguel", "state": "California", "type": "Agriculture Hub"}, "geometry": {"type": "Point", "coordinates": [-117.599, 33.5209]}}, {"type": "Feature", "properties": {"name": "Shawnee Poultry Processing Hub", "city": "Shawnee", "state": "Kansas", "type": "Agriculture Hub"}, "geometry": {"type": "Point", "coordinates": [-94.8228, 38.9832]}}, {"type": "Feature", "properties": {"name": "Homestead Grain Elevator", "city": "Homestead", "state": "Florida", "type": "Agriculture Hub"}, "geometry": {"type": "Point", "coordinates": [-80.4262, 25.425]}}, {"type": "Feature", "properties": {"name": "Homestead Cotton Gin District", "city": "Homestead", "state": "Florida", "type": "Agriculture Hub"}, "geometry": {"type": "Point", "coordinates": [-80.4779, 25.5221]}}, {"type": "Feature", "properties": {"name": "Delray Beach Wheat Storage Facility", "city": "Delray Beach", "state": "Florida", "type": "Agriculture Hub"}, "geometry": {"type": "Point", "coordinates": [-80.0286, 26.4138]}}, {"type": "Feature", "properties": {"name": "Janesville Dairy Processing Hub", "city": "Janesville", "state": "Wisconsin", "type": "Agriculture Hub"}, "geometry": {"type": "Point", "coordinates": [-88.9238, 42.6835]}}, {"type": "Feature", "properties": {"name": "Janesville Agricultural Processing Center", "city": "Janesville", "state": "Wisconsin", "type": "Agriculture Hub"}, "geometry": {"type": "Point", "coordinates": [-89.0912, 42.6088]}}, {"type": "Feature", "properties": {"name": "Conway Irrigation District", "city": "Conway", "state": "Arkansas", "type": "Agriculture Hub"}, "geometry": {"type": "Point", "coordinates": [-92.4123, 35.0307]}}, {"type": "Feature", "properties": {"name": "Pico Rivera Grain Elevator", "city": "Pico Rivera", "state": "California", "type": "Agriculture Hub"}, "geometry": {"type": "Point", "coordinates": [-118.0834, 34.0428]}}, {"type": "Feature", "properties": {"name": "Lorain Agricultural Cooperative", "city": "Lorain", "state": "Ohio", "type": "Agriculture Hub"}, "geometry": {"type": "Point", "coordinates": [-82.0743, 41.4069]}}, {"type": "Feature", "properties": {"name": "Lorain Livestock Market", "city": "Lorain", "state": "Ohio", "type": "Agriculture Hub"}, "geometry": {"type": "Point", "coordinates": [-82.143, 41.3779]}}, {"type": "Feature", "properties": {"name": "Lorain Citrus Packing District", "city": "Lorain", "state": "Ohio", "type": "Agriculture Hub"}, "geometry": {"type": "Point", "coordinates": [-82.2629, 41.4238]}}, {"type": "Feature", "properties": {"name": "Montebello Feed Lot", "city": "Montebello", "state": "California", "type": "Agriculture Hub"}, "geometry": {"type": "Point", "coordinates": [-118.2228, 33.9729]}}, {"type": "Feature", "properties": {"name": "Lodi Feed Lot", "city": "Lodi", "state": "California", "type": "Agriculture Hub"}, "geometry": {"type": "Point", "coordinates": [-121.2995, 38.1637]}}, {"type": "Feature", "properties": {"name": "Lodi Produce Distribution Center", "city": "Lodi", "state": "California", "type": "Agriculture Hub"}, "geometry": {"type": "Point", "coordinates": [-121.3256, 38.2105]}}, {"type": "Feature", "properties": {"name": "New Braunfels Dairy Processing Hub", "city": "New Braunfels", "state": "Texas", "type": "Agriculture Hub"}, "geometry": {"type": "Point", "coordinates": [-98.1915, 29.7328]}}, {"type": "Feature", "properties": {"name": "New Braunfels Cotton Gin District", "city": "New Braunfels", "state": "Texas", "type": "Agriculture Hub"}, "geometry": {"type": "Point", "coordinates": [-98.1684, 29.6429]}}, {"type": "Feature", "properties": {"name": "Marysville Livestock Market", "city": "Marysville", "state": "Washington", "type": "Agriculture Hub"}, "geometry": {"type": "Point", "coordinates": [-122.0725, 47.986]}}, {"type": "Feature", "properties": {"name": "Marysville Produce Distribution Center", "city": "Marysville", "state": "Washington", "type": "Agriculture Hub"}, "geometry": {"type": "Point", "coordinates": [-122.1297, 48.0557]}}, {"type": "Feature", "properties": {"name": "Marysville Agricultural Cooperative", "city": "Marysville", "state": "Washington", "type": "Agriculture Hub"}, "geometry": {"type": "Point", "coordinates": [-122.1669, 48.1154]}}, {"type": "Feature", "properties": {"name": "Tamarac Farmers Market Hub", "city": "Tamarac", "state": "Florida", "type": "Agriculture Hub"}, "geometry": {"type": "Point", "coordinates": [-80.1641, 26.2086]}}, {"type": "Feature", "properties": {"name": "Tamarac Agricultural Processing Center", "city": "Tamarac", "state": "Florida", "type": "Agriculture Hub"}, "geometry": {"type": "Point", "coordinates": [-80.2904, 26.2519]}}, {"type": "Feature", "properties": {"name": "Madera Crop Research Station", "city": "Madera", "state": "California", "type": "Agriculture Hub"}, "geometry": {"type": "Point", "coordinates": [-119.9611, 36.9527]}}, {"type": "Feature", "properties": {"name": "Conroe Farmers Market Hub", "city": "Conroe", "state": "Texas", "type": "Agriculture Hub"}, "geometry": {"type": "Point", "coordinates": [-95.5167, 30.2908]}}, {"type": "Feature", "properties": {"name": "Santa Cruz Farmers Market Hub", "city": "Santa Cruz", "state": "California", "type": "Agriculture Hub"}, "geometry": {"type": "Point", "coordinates": [-122.008, 37.0326]}}, {"type": "Feature", "properties": {"name": "Eden Prairie Wheat Storage Facility", "city": "Eden Prairie", "state": "Minnesota", "type": "Agriculture Hub"}, "geometry": {"type": "Point", "coordinates": [-93.3908, 44.7937]}}, {"type": "Feature", "properties": {"name": "Cheyenne Farmers Market Hub", "city": "Cheyenne", "state": "Wyoming", "type": "Agriculture Hub"}, "geometry": {"type": "Point", "coordinates": [-104.7992, 41.1954]}}, {"type": "Feature", "properties": {"name": "Cheyenne Agricultural Cooperative", "city": "Cheyenne", "state": "Wyoming", "type": "Agriculture Hub"}, "geometry": {"type": "Point", "coordinates": [-104.7605, 41.158]}}, {"type": "Feature", "properties": {"name": "Cheyenne Produce Distribution Center", "city": "Cheyenne", "state": "Wyoming", "type": "Agriculture Hub"}, "geometry": {"type": "Point", "coordinates": [-104.7163, 41.1788]}}, {"type": "Feature", "properties": {"name": "Daytona Beach Farm Equipment Hub", "city": "Daytona Beach", "state": "Florida", "type": "Agriculture Hub"}, "geometry": {"type": "Point", "coordinates": [-81.0964, 29.173]}}, {"type": "Feature", "properties": {"name": "Daytona Beach Produce Distribution Center", "city": "Daytona Beach", "state": "Florida", "type": "Agriculture Hub"}, "geometry": {"type": "Point", "coordinates": [-81.0738, 29.1851]}}, {"type": "Feature", "properties": {"name": "Alpharetta Farm Equipment Hub", "city": "Alpharetta", "state": "Georgia", "type": "Agriculture Hub"}, "geometry": {"type": "Point", "coordinates": [-84.2062, 34.0012]}}, {"type": "Feature", "properties": {"name": "Alpharetta Agri-Business Park", "city": "Alpharetta", "state": "Georgia", "type": "Agriculture Hub"}, "geometry": {"type": "Point", "coordinates": [-84.2022, 34.1337]}}, {"type": "Feature", "properties": {"name": "Hamilton Farm Equipment Hub", "city": "Hamilton", "state": "Ohio", "type": "Agriculture Hub"}, "geometry": {"type": "Point", "coordinates": [-84.6048, 39.361]}}, {"type": "Feature", "properties": {"name": "Hamilton Poultry Processing Hub", "city": "Hamilton", "state": "Ohio", "type": "Agriculture Hub"}, "geometry": {"type": "Point", "coordinates": [-84.5768, 39.4715]}}, {"type": "Feature", "properties": {"name": "Coon Rapids Agricultural Cooperative", "city": "Coon Rapids", "state": "Minnesota", "type": "Agriculture Hub"}, "geometry": {"type": "Point", "coordinates": [-93.2507, 45.1036]}}, {"type": "Feature", "properties": {"name": "Coon Rapids Agri-Business Park", "city": "Coon Rapids", "state": "Minnesota", "type": "Agriculture Hub"}, "geometry": {"type": "Point", "coordinates": [-93.2599, 45.1512]}}, {"type": "Feature", "properties": {"name": "Coon Rapids Crop Research Station", "city": "Coon Rapids", "state": "Minnesota", "type": "Agriculture Hub"}, "geometry": {"type": "Point", "coordinates": [-93.2239, 45.1567]}}, {"type": "Feature", "properties": {"name": "Council Bluffs Citrus Packing District", "city": "Council Bluffs", "state": "Iowa", "type": "Agriculture Hub"}, "geometry": {"type": "Point", "coordinates": [-95.7505, 41.3054]}}, {"type": "Feature", "properties": {"name": "Council Bluffs Agricultural Cooperative", "city": "Council Bluffs", "state": "Iowa", "type": "Agriculture Hub"}, "geometry": {"type": "Point", "coordinates": [-95.9178, 41.1962]}}, {"type": "Feature", "properties": {"name": "Taylor Agricultural Cooperative", "city": "Taylor", "state": "Michigan", "type": "Agriculture Hub"}, "geometry": {"type": "Point", "coordinates": [-83.3328, 42.191]}}, {"type": "Feature", "properties": {"name": "Ames Produce Distribution Center", "city": "Ames", "state": "Iowa", "type": "Agriculture Hub"}, "geometry": {"type": "Point", "coordinates": [-93.6738, 42.0034]}}, {"type": "Feature", "properties": {"name": "Ames Feed Lot", "city": "Ames", "state": "Iowa", "type": "Agriculture Hub"}, "geometry": {"type": "Point", "coordinates": [-93.6953, 42.0261]}}, {"type": "Feature", "properties": {"name": "Ames Dairy Processing Hub", "city": "Ames", "state": "Iowa", "type": "Agriculture Hub"}, "geometry": {"type": "Point", "coordinates": [-93.5552, 42.007]}}, {"type": "Feature", "properties": {"name": "La Habra Grain Elevator", "city": "La Habra", "state": "California", "type": "Agriculture Hub"}, "geometry": {"type": "Point", "coordinates": [-117.8687, 33.9545]}}, {"type": "Feature", "properties": {"name": "Encinitas Feed Lot", "city": "Encinitas", "state": "California", "type": "Agriculture Hub"}, "geometry": {"type": "Point", "coordinates": [-117.2016, 33.0634]}}, {"type": "Feature", "properties": {"name": "Encinitas Poultry Processing Hub", "city": "Encinitas", "state": "California", "type": "Agriculture Hub"}, "geometry": {"type": "Point", "coordinates": [-117.3801, 32.9654]}}, {"type": "Feature", "properties": {"name": "Bowling Green Agricultural Cooperative", "city": "Bowling Green", "state": "Kentucky", "type": "Agriculture Hub"}, "geometry": {"type": "Point", "coordinates": [-86.5268, 36.9246]}}, {"type": "Feature", "properties": {"name": "Burnsville Produce Distribution Center", "city": "Burnsville", "state": "Minnesota", "type": "Agriculture Hub"}, "geometry": {"type": "Point", "coordinates": [-93.2027, 44.7254]}}, {"type": "Feature", "properties": {"name": "Burnsville Soybean Processing Plant", "city": "Burnsville", "state": "Minnesota", "type": "Agriculture Hub"}, "geometry": {"type": "Point", "coordinates": [-93.3642, 44.7929]}}, {"type": "Feature", "properties": {"name": "West Des Moines Farm Bureau", "city": "West Des Moines", "state": "Iowa", "type": "Agriculture Hub"}, "geometry": {"type": "Point", "coordinates": [-93.6606, 41.6376]}}, {"type": "Feature", "properties": {"name": "West Des Moines Agri-Business Park", "city": "West Des Moines", "state": "Iowa", "type": "Agriculture Hub"}, "geometry": {"type": "Point", "coordinates": [-93.733, 41.5781]}}, {"type": "Feature", "properties": {"name": "West Des Moines Agricultural Processing Center", "city": "West Des Moines", "state": "Iowa", "type": "Agriculture Hub"}, "geometry": {"type": "Point", "coordinates": [-93.7749, 41.5915]}}, {"type": "Feature", "properties": {"name": "Cedar Park Soybean Processing Plant", "city": "Cedar Park", "state": "Texas", "type": "Agriculture Hub"}, "geometry": {"type": "Point", "coordinates": [-97.7735, 30.5377]}}, {"type": "Feature", "properties": {"name": "Cedar Park Soybean Processing Plant", "city": "Cedar Park", "state": "Texas", "type": "Agriculture Hub"}, "geometry": {"type": "Point", "coordinates": [-97.9278, 30.427]}}, {"type": "Feature", "properties": {"name": "Tulare Irrigation District", "city": "Tulare", "state": "California", "type": "Agriculture Hub"}, "geometry": {"type": "Point", "coordinates": [-119.325, 36.1607]}}, {"type": "Feature", "properties": {"name": "Tulare Grain Elevator", "city": "Tulare", "state": "California", "type": "Agriculture Hub"}, "geometry": {"type": "Point", "coordinates": [-119.4083, 36.2502]}}, {"type": "Feature", "properties": {"name": "Tulare Poultry Processing Hub", "city": "Tulare", "state": "California", "type": "Agriculture Hub"}, "geometry": {"type": "Point", "coordinates": [-119.2959, 36.204]}}, {"type": "Feature", "properties": {"name": "Monterey Park Agricultural Processing Center", "city": "Monterey Park", "state": "California", "type": "Agriculture Hub"}, "geometry": {"type": "Point", "coordinates": [-118.1693, 34.043]}}, {"type": "Feature", "properties": {"name": "Monterey Park Dairy Processing Hub", "city": "Monterey Park", "state": "California", "type": "Agriculture Hub"}, "geometry": {"type": "Point", "coordinates": [-118.1242, 34.001]}}, {"type": "Feature", "properties": {"name": "Terre Haute Feed Lot", "city": "Terre Haute", "state": "Indiana", "type": "Agriculture Hub"}, "geometry": {"type": "Point", "coordinates": [-87.3824, 39.463]}}, {"type": "Feature", "properties": {"name": "North Miami Cotton Gin District", "city": "North Miami", "state": "Florida", "type": "Agriculture Hub"}, "geometry": {"type": "Point", "coordinates": [-80.1619, 25.8812]}}, {"type": "Feature", "properties": {"name": "Mansfield Wheat Storage Facility", "city": "Mansfield", "state": "Texas", "type": "Agriculture Hub"}, "geometry": {"type": "Point", "coordinates": [-97.1219, 32.5736]}}, {"type": "Feature", "properties": {"name": "Mansfield Crop Research Station", "city": "Mansfield", "state": "Texas", "type": "Agriculture Hub"}, "geometry": {"type": "Point", "coordinates": [-97.1843, 32.5395]}}, {"type": "Feature", "properties": {"name": "Mansfield Agricultural Cooperative", "city": "Mansfield", "state": "Texas", "type": "Agriculture Hub"}, "geometry": {"type": "Point", "coordinates": [-97.1258, 32.541]}}, {"type": "Feature", "properties": {"name": "West Allis Cotton Gin District", "city": "West Allis", "state": "Wisconsin", "type": "Agriculture Hub"}, "geometry": {"type": "Point", "coordinates": [-87.9792, 42.9518]}}, {"type": "Feature", "properties": {"name": "Blaine Feed Lot", "city": "Blaine", "state": "Minnesota", "type": "Agriculture Hub"}, "geometry": {"type": "Point", "coordinates": [-93.3028, 45.1641]}}, {"type": "Feature", "properties": {"name": "Blaine Wheat Storage Facility", "city": "Blaine", "state": "Minnesota", "type": "Agriculture Hub"}, "geometry": {"type": "Point", "coordinates": [-93.2736, 45.1165]}}, {"type": "Feature", "properties": {"name": "Blaine Irrigation District", "city": "Blaine", "state": "Minnesota", "type": "Agriculture Hub"}, "geometry": {"type": "Point", "coordinates": [-93.3225, 45.0938]}}, {"type": "Feature", "properties": {"name": "Wellington Livestock Market", "city": "Wellington", "state": "Florida", "type": "Agriculture Hub"}, "geometry": {"type": "Point", "coordinates": [-80.1788, 26.6608]}}, {"type": "Feature", "properties": {"name": "Wellington Poultry Processing Hub", "city": "Wellington", "state": "Florida", "type": "Agriculture Hub"}, "geometry": {"type": "Point", "coordinates": [-80.2469, 26.6431]}}, {"type": "Feature", "properties": {"name": "Cupertino Wheat Storage Facility", "city": "Cupertino", "state": "California", "type": "Agriculture Hub"}, "geometry": {"type": "Point", "coordinates": [-122.0168, 37.3105]}}, {"type": "Feature", "properties": {"name": "Cupertino Grain Elevator", "city": "Cupertino", "state": "California", "type": "Agriculture Hub"}, "geometry": {"type": "Point", "coordinates": [-121.962, 37.2806]}}, {"type": "Feature", "properties": {"name": "Cupertino Feed Lot", "city": "Cupertino", "state": "California", "type": "Agriculture Hub"}, "geometry": {"type": "Point", "coordinates": [-122.1391, 37.2443]}}, {"type": "Feature", "properties": {"name": "Springfield Dairy Processing Hub", "city": "Springfield", "state": "Oregon", "type": "Agriculture Hub"}, "geometry": {"type": "Point", "coordinates": [-123.0307, 44.0851]}}, {"type": "Feature", "properties": {"name": "Springfield Produce Distribution Center", "city": "Springfield", "state": "Oregon", "type": "Agriculture Hub"}, "geometry": {"type": "Point", "coordinates": [-123.1327, 44.087]}}, {"type": "Feature", "properties": {"name": "Springfield Cotton Gin District", "city": "Springfield", "state": "Oregon", "type": "Agriculture Hub"}, "geometry": {"type": "Point", "coordinates": [-123.028, 43.9784]}}, {"type": "Feature", "properties": {"name": "Rogers Soybean Processing Plant", "city": "Rogers", "state": "Arkansas", "type": "Agriculture Hub"}, "geometry": {"type": "Point", "coordinates": [-94.014, 36.3095]}}, {"type": "Feature", "properties": {"name": "Rogers Agricultural Cooperative", "city": "Rogers", "state": "Arkansas", "type": "Agriculture Hub"}, "geometry": {"type": "Point", "coordinates": [-94.0356, 36.3889]}}, {"type": "Feature", "properties": {"name": "Rogers Agri-Business Park", "city": "Rogers", "state": "Arkansas", "type": "Agriculture Hub"}, "geometry": {"type": "Point", "coordinates": [-94.0134, 36.2687]}}, {"type": "Feature", "properties": {"name": "St. Clair Shores Cotton Gin District", "city": "St. Clair Shores", "state": "Michigan", "type": "Agriculture Hub"}, "geometry": {"type": "Point", "coordinates": [-82.8594, 42.4733]}}, {"type": "Feature", "properties": {"name": "St. Clair Shores Soybean Processing Plant", "city": "St. Clair Shores", "state": "Michigan", "type": "Agriculture Hub"}, "geometry": {"type": "Point", "coordinates": [-82.9799, 42.5514]}}, {"type": "Feature", "properties": {"name": "St. Clair Shores Agricultural Processing Center", "city": "St. Clair Shores", "state": "Michigan", "type": "Agriculture Hub"}, "geometry": {"type": "Point", "coordinates": [-82.8777, 42.4429]}}, {"type": "Feature", "properties": {"name": "Gardena Citrus Packing District", "city": "Gardena", "state": "California", "type": "Agriculture Hub"}, "geometry": {"type": "Point", "coordinates": [-118.3612, 33.9107]}}, {"type": "Feature", "properties": {"name": "Gardena Crop Research Station", "city": "Gardena", "state": "California", "type": "Agriculture Hub"}, "geometry": {"type": "Point", "coordinates": [-118.4108, 33.922]}}, {"type": "Feature", "properties": {"name": "Gardena Cotton Gin District", "city": "Gardena", "state": "California", "type": "Agriculture Hub"}, "geometry": {"type": "Point", "coordinates": [-118.2475, 33.9683]}}, {"type": "Feature", "properties": {"name": "Pontiac Farm Bureau", "city": "Pontiac", "state": "Michigan", "type": "Agriculture Hub"}, "geometry": {"type": "Point", "coordinates": [-83.2988, 42.5647]}}, {"type": "Feature", "properties": {"name": "Pontiac Poultry Processing Hub", "city": "Pontiac", "state": "Michigan", "type": "Agriculture Hub"}, "geometry": {"type": "Point", "coordinates": [-83.3842, 42.5955]}}, {"type": "Feature", "properties": {"name": "National City Farmers Market Hub", "city": "National City", "state": "California", "type": "Agriculture Hub"}, "geometry": {"type": "Point", "coordinates": [-117.1476, 32.7461]}}, {"type": "Feature", "properties": {"name": "Grand Junction Farm Bureau", "city": "Grand Junction", "state": "Colorado", "type": "Agriculture Hub"}, "geometry": {"type": "Point", "coordinates": [-108.5367, 39.1361]}}, {"type": "Feature", "properties": {"name": "Grand Junction Soybean Processing Plant", "city": "Grand Junction", "state": "Colorado", "type": "Agriculture Hub"}, "geometry": {"type": "Point", "coordinates": [-108.646, 39.0557]}}, {"type": "Feature", "properties": {"name": "Grand Junction Produce Distribution Center", "city": "Grand Junction", "state": "Colorado", "type": "Agriculture Hub"}, "geometry": {"type": "Point", "coordinates": [-108.4825, 39.138]}}, {"type": "Feature", "properties": {"name": "Rocklin Produce Distribution Center", "city": "Rocklin", "state": "California", "type": "Agriculture Hub"}, "geometry": {"type": "Point", "coordinates": [-121.3001, 38.7858]}}, {"type": "Feature", "properties": {"name": "Rocklin Cotton Gin District", "city": "Rocklin", "state": "California", "type": "Agriculture Hub"}, "geometry": {"type": "Point", "coordinates": [-121.255, 38.7568]}}, {"type": "Feature", "properties": {"name": "Rocklin Dairy Processing Hub", "city": "Rocklin", "state": "California", "type": "Agriculture Hub"}, "geometry": {"type": "Point", "coordinates": [-121.3248, 38.8212]}}, {"type": "Feature", "properties": {"name": "Chapel Hill Irrigation District", "city": "Chapel Hill", "state": "North Carolina", "type": "Agriculture Hub"}, "geometry": {"type": "Point", "coordinates": [-79.1514, 35.961]}}, {"type": "Feature", "properties": {"name": "Casper Farmers Market Hub", "city": "Casper", "state": "Wyoming", "type": "Agriculture Hub"}, "geometry": {"type": "Point", "coordinates": [-106.2637, 42.8088]}}, {"type": "Feature", "properties": {"name": "Casper Dairy Processing Hub", "city": "Casper", "state": "Wyoming", "type": "Agriculture Hub"}, "geometry": {"type": "Point", "coordinates": [-106.2423, 42.8592]}}, {"type": "Feature", "properties": {"name": "Casper Farm Equipment Hub", "city": "Casper", "state": "Wyoming", "type": "Agriculture Hub"}, "geometry": {"type": "Point", "coordinates": [-106.288, 42.889]}}, {"type": "Feature", "properties": {"name": "Broomfield Soybean Processing Plant", "city": "Broomfield", "state": "Colorado", "type": "Agriculture Hub"}, "geometry": {"type": "Point", "coordinates": [-105.029, 39.9279]}}, {"type": "Feature", "properties": {"name": "Broomfield Farmers Market Hub", "city": "Broomfield", "state": "Colorado", "type": "Agriculture Hub"}, "geometry": {"type": "Point", "coordinates": [-105.0608, 39.9412]}}, {"type": "Feature", "properties": {"name": "Broomfield Cotton Gin District", "city": "Broomfield", "state": "Colorado", "type": "Agriculture Hub"}, "geometry": {"type": "Point", "coordinates": [-105.0306, 39.9178]}}, {"type": "Feature", "properties": {"name": "Petaluma Agri-Business Park", "city": "Petaluma", "state": "California", "type": "Agriculture Hub"}, "geometry": {"type": "Point", "coordinates": [-122.6283, 38.2652]}}, {"type": "Feature", "properties": {"name": "Petaluma Livestock Market", "city": "Petaluma", "state": "California", "type": "Agriculture Hub"}, "geometry": {"type": "Point", "coordinates": [-122.7325, 38.1774]}}, {"type": "Feature", "properties": {"name": "Petaluma Irrigation District", "city": "Petaluma", "state": "California", "type": "Agriculture Hub"}, "geometry": {"type": "Point", "coordinates": [-122.6477, 38.2956]}}, {"type": "Feature", "properties": {"name": "Springfield Farm Bureau", "city": "Springfield", "state": "Ohio", "type": "Agriculture Hub"}, "geometry": {"type": "Point", "coordinates": [-83.8246, 39.9862]}}, {"type": "Feature", "properties": {"name": "Springfield Grain Elevator", "city": "Springfield", "state": "Ohio", "type": "Agriculture Hub"}, "geometry": {"type": "Point", "coordinates": [-83.8036, 39.8468]}}, {"type": "Feature", "properties": {"name": "Springfield Poultry Processing Hub", "city": "Springfield", "state": "Ohio", "type": "Agriculture Hub"}, "geometry": {"type": "Point", "coordinates": [-83.7511, 39.8461]}}, {"type": "Feature", "properties": {"name": "Great Falls Agri-Business Park", "city": "Great Falls", "state": "Montana", "type": "Agriculture Hub"}, "geometry": {"type": "Point", "coordinates": [-111.2977, 47.4766]}}, {"type": "Feature", "properties": {"name": "Great Falls Feed Lot", "city": "Great Falls", "state": "Montana", "type": "Agriculture Hub"}, "geometry": {"type": "Point", "coordinates": [-111.2605, 47.5687]}}, {"type": "Feature", "properties": {"name": "Great Falls Agri-Business Park", "city": "Great Falls", "state": "Montana", "type": "Agriculture Hub"}, "geometry": {"type": "Point", "coordinates": [-111.2912, 47.5572]}}, {"type": "Feature", "properties": {"name": "North Port Crop Research Station", "city": "North Port", "state": "Florida", "type": "Agriculture Hub"}, "geometry": {"type": "Point", "coordinates": [-82.1318, 27.0902]}}, {"type": "Feature", "properties": {"name": "North Port Agri-Business Park", "city": "North Port", "state": "Florida", "type": "Agriculture Hub"}, "geometry": {"type": "Point", "coordinates": [-82.2145, 26.9984]}}, {"type": "Feature", "properties": {"name": "North Port Crop Research Station", "city": "North Port", "state": "Florida", "type": "Agriculture Hub"}, "geometry": {"type": "Point", "coordinates": [-82.219, 27.0833]}}, {"type": "Feature", "properties": {"name": "Lakewood Poultry Processing Hub", "city": "Lakewood", "state": "Washington", "type": "Agriculture Hub"}, "geometry": {"type": "Point", "coordinates": [-122.4506, 47.245]}}, {"type": "Feature", "properties": {"name": "Lakewood Farm Equipment Hub", "city": "Lakewood", "state": "Washington", "type": "Agriculture Hub"}, "geometry": {"type": "Point", "coordinates": [-122.4164, 47.2459]}}, {"type": "Feature", "properties": {"name": "Marietta Wheat Storage Facility", "city": "Marietta", "state": "Georgia", "type": "Agriculture Hub"}, "geometry": {"type": "Point", "coordinates": [-84.6176, 34.011]}}, {"type": "Feature", "properties": {"name": "Marietta Grain Elevator", "city": "Marietta", "state": "Georgia", "type": "Agriculture Hub"}, "geometry": {"type": "Point", "coordinates": [-84.5686, 33.9849]}}, {"type": "Feature", "properties": {"name": "San Rafael Farmers Market Hub", "city": "San Rafael", "state": "California", "type": "Agriculture Hub"}, "geometry": {"type": "Point", "coordinates": [-122.5919, 37.928]}}, {"type": "Feature", "properties": {"name": "Royal Oak Livestock Market", "city": "Royal Oak", "state": "Michigan", "type": "Agriculture Hub"}, "geometry": {"type": "Point", "coordinates": [-83.143, 42.4909]}}, {"type": "Feature", "properties": {"name": "Royal Oak Crop Research Station", "city": "Royal Oak", "state": "Michigan", "type": "Agriculture Hub"}, "geometry": {"type": "Point", "coordinates": [-83.1349, 42.568]}}, {"type": "Feature", "properties": {"name": "Royal Oak Agricultural Processing Center", "city": "Royal Oak", "state": "Michigan", "type": "Agriculture Hub"}, "geometry": {"type": "Point", "coordinates": [-83.1763, 42.5289]}}, {"type": "Feature", "properties": {"name": "Des Plaines Agricultural Processing Center", "city": "Des Plaines", "state": "Illinois", "type": "Agriculture Hub"}, "geometry": {"type": "Point", "coordinates": [-87.8532, 42.0916]}}, {"type": "Feature", "properties": {"name": "Huntington Park Farm Bureau", "city": "Huntington Park", "state": "California", "type": "Agriculture Hub"}, "geometry": {"type": "Point", "coordinates": [-118.2387, 34.0358]}}, {"type": "Feature", "properties": {"name": "Huntington Park Feed Lot", "city": "Huntington Park", "state": "California", "type": "Agriculture Hub"}, "geometry": {"type": "Point", "coordinates": [-118.1927, 33.9733]}}, {"type": "Feature", "properties": {"name": "Huntington Park Citrus Packing District", "city": "Huntington Park", "state": "California", "type": "Agriculture Hub"}, "geometry": {"type": "Point", "coordinates": [-118.199, 33.93]}}, {"type": "Feature", "properties": {"name": "La Mesa Agri-Business Park", "city": "La Mesa", "state": "California", "type": "Agriculture Hub"}, "geometry": {"type": "Point", "coordinates": [-117.0413, 32.7509]}}, {"type": "Feature", "properties": {"name": "La Mesa Agricultural Cooperative", "city": "La Mesa", "state": "California", "type": "Agriculture Hub"}, "geometry": {"type": "Point", "coordinates": [-117.1126, 32.8319]}}, {"type": "Feature", "properties": {"name": "La Mesa Agricultural Processing Center", "city": "La Mesa", "state": "California", "type": "Agriculture Hub"}, "geometry": {"type": "Point", "coordinates": [-116.9879, 32.7972]}}, {"type": "Feature", "properties": {"name": "Orland Park Agricultural Cooperative", "city": "Orland Park", "state": "Illinois", "type": "Agriculture Hub"}, "geometry": {"type": "Point", "coordinates": [-87.9493, 41.6114]}}, {"type": "Feature", "properties": {"name": "Orland Park Poultry Processing Hub", "city": "Orland Park", "state": "Illinois", "type": "Agriculture Hub"}, "geometry": {"type": "Point", "coordinates": [-87.9609, 41.6931]}}, {"type": "Feature", "properties": {"name": "Orland Park Farm Equipment Hub", "city": "Orland Park", "state": "Illinois", "type": "Agriculture Hub"}, "geometry": {"type": "Point", "coordinates": [-87.9393, 41.627]}}, {"type": "Feature", "properties": {"name": "Auburn Produce Distribution Center", "city": "Auburn", "state": "Alabama", "type": "Agriculture Hub"}, "geometry": {"type": "Point", "coordinates": [-85.5411, 32.648]}}, {"type": "Feature", "properties": {"name": "Auburn Citrus Packing District", "city": "Auburn", "state": "Alabama", "type": "Agriculture Hub"}, "geometry": {"type": "Point", "coordinates": [-85.4057, 32.619]}}, {"type": "Feature", "properties": {"name": "Lakeville Livestock Market", "city": "Lakeville", "state": "Minnesota", "type": "Agriculture Hub"}, "geometry": {"type": "Point", "coordinates": [-93.3044, 44.6194]}}, {"type": "Feature", "properties": {"name": "Owensboro Agricultural Cooperative", "city": "Owensboro", "state": "Kentucky", "type": "Agriculture Hub"}, "geometry": {"type": "Point", "coordinates": [-87.0735, 37.7567]}}, {"type": "Feature", "properties": {"name": "Moore Feed Lot", "city": "Moore", "state": "Oklahoma", "type": "Agriculture Hub"}, "geometry": {"type": "Point", "coordinates": [-97.3831, 35.3982]}}, {"type": "Feature", "properties": {"name": "Moore Agricultural Processing Center", "city": "Moore", "state": "Oklahoma", "type": "Agriculture Hub"}, "geometry": {"type": "Point", "coordinates": [-97.4705, 35.3255]}}, {"type": "Feature", "properties": {"name": "Jupiter Crop Research Station", "city": "Jupiter", "state": "Florida", "type": "Agriculture Hub"}, "geometry": {"type": "Point", "coordinates": [-80.0032, 26.8843]}}, {"type": "Feature", "properties": {"name": "Jupiter Agricultural Cooperative", "city": "Jupiter", "state": "Florida", "type": "Agriculture Hub"}, "geometry": {"type": "Point", "coordinates": [-80.147, 26.8959]}}, {"type": "Feature", "properties": {"name": "Idaho Falls Agricultural Cooperative", "city": "Idaho Falls", "state": "Idaho", "type": "Agriculture Hub"}, "geometry": {"type": "Point", "coordinates": [-112.0822, 43.4692]}}, {"type": "Feature", "properties": {"name": "Dubuque Cotton Gin District", "city": "Dubuque", "state": "Iowa", "type": "Agriculture Hub"}, "geometry": {"type": "Point", "coordinates": [-90.7696, 42.4888]}}, {"type": "Feature", "properties": {"name": "Bartlett Grain Elevator", "city": "Bartlett", "state": "Tennessee", "type": "Agriculture Hub"}, "geometry": {"type": "Point", "coordinates": [-89.9178, 35.1382]}}, {"type": "Feature", "properties": {"name": "Rowlett Wheat Storage Facility", "city": "Rowlett", "state": "Texas", "type": "Agriculture Hub"}, "geometry": {"type": "Point", "coordinates": [-96.5886, 32.8962]}}, {"type": "Feature", "properties": {"name": "Novi Agricultural Cooperative", "city": "Novi", "state": "Michigan", "type": "Agriculture Hub"}, "geometry": {"type": "Point", "coordinates": [-83.5231, 42.5256]}}, {"type": "Feature", "properties": {"name": "Arcadia Poultry Processing Hub", "city": "Arcadia", "state": "California", "type": "Agriculture Hub"}, "geometry": {"type": "Point", "coordinates": [-118.076, 34.1164]}}, {"type": "Feature", "properties": {"name": "Redmond Livestock Market", "city": "Redmond", "state": "Washington", "type": "Agriculture Hub"}, "geometry": {"type": "Point", "coordinates": [-122.1542, 47.6319]}}, {"type": "Feature", "properties": {"name": "Redmond Wheat Storage Facility", "city": "Redmond", "state": "Washington", "type": "Agriculture Hub"}, "geometry": {"type": "Point", "coordinates": [-122.0775, 47.6566]}}, {"type": "Feature", "properties": {"name": "Lake Elsinore Grain Elevator", "city": "Lake Elsinore", "state": "California", "type": "Agriculture Hub"}, "geometry": {"type": "Point", "coordinates": [-117.2721, 33.6954]}}, {"type": "Feature", "properties": {"name": "Lake Elsinore Cotton Gin District", "city": "Lake Elsinore", "state": "California", "type": "Agriculture Hub"}, "geometry": {"type": "Point", "coordinates": [-117.3537, 33.7326]}}, {"type": "Feature", "properties": {"name": "Lake Elsinore Poultry Processing Hub", "city": "Lake Elsinore", "state": "California", "type": "Agriculture Hub"}, "geometry": {"type": "Point", "coordinates": [-117.2921, 33.7355]}}, {"type": "Feature", "properties": {"name": "Ocala Farm Bureau", "city": "Ocala", "state": "Florida", "type": "Agriculture Hub"}, "geometry": {"type": "Point", "coordinates": [-82.1887, 29.2633]}}, {"type": "Feature", "properties": {"name": "Ocala Livestock Market", "city": "Ocala", "state": "Florida", "type": "Agriculture Hub"}, "geometry": {"type": "Point", "coordinates": [-82.2369, 29.2165]}}, {"type": "Feature", "properties": {"name": "Ocala Livestock Market", "city": "Ocala", "state": "Florida", "type": "Agriculture Hub"}, "geometry": {"type": "Point", "coordinates": [-82.2207, 29.2514]}}, {"type": "Feature", "properties": {"name": "Tinley Park Produce Distribution Center", "city": "Tinley Park", "state": "Illinois", "type": "Agriculture Hub"}, "geometry": {"type": "Point", "coordinates": [-87.8227, 41.5252]}}, {"type": "Feature", "properties": {"name": "Port Orange Agricultural Processing Center", "city": "Port Orange", "state": "Florida", "type": "Agriculture Hub"}, "geometry": {"type": "Point", "coordinates": [-80.9565, 29.1428]}}, {"type": "Feature", "properties": {"name": "Port Orange Cotton Gin District", "city": "Port Orange", "state": "Florida", "type": "Agriculture Hub"}, "geometry": {"type": "Point", "coordinates": [-81.0413, 29.1357]}}, {"type": "Feature", "properties": {"name": "Oak Lawn Agri-Business Park", "city": "Oak Lawn", "state": "Illinois", "type": "Agriculture Hub"}, "geometry": {"type": "Point", "coordinates": [-87.6962, 41.7427]}}, {"type": "Feature", "properties": {"name": "Oak Lawn Cotton Gin District", "city": "Oak Lawn", "state": "Illinois", "type": "Agriculture Hub"}, "geometry": {"type": "Point", "coordinates": [-87.6374, 41.7857]}}, {"type": "Feature", "properties": {"name": "Rocky Mount Grain Elevator", "city": "Rocky Mount", "state": "North Carolina", "type": "Agriculture Hub"}, "geometry": {"type": "Point", "coordinates": [-77.861, 35.9573]}}, {"type": "Feature", "properties": {"name": "Rocky Mount Farm Equipment Hub", "city": "Rocky Mount", "state": "North Carolina", "type": "Agriculture Hub"}, "geometry": {"type": "Point", "coordinates": [-77.8798, 35.8913]}}, {"type": "Feature", "properties": {"name": "Kokomo Agricultural Processing Center", "city": "Kokomo", "state": "Indiana", "type": "Agriculture Hub"}, "geometry": {"type": "Point", "coordinates": [-86.0775, 40.4397]}}, {"type": "Feature", "properties": {"name": "Coconut Creek Crop Research Station", "city": "Coconut Creek", "state": "Florida", "type": "Agriculture Hub"}, "geometry": {"type": "Point", "coordinates": [-80.1598, 26.2621]}}, {"type": "Feature", "properties": {"name": "Coconut Creek Citrus Packing District", "city": "Coconut Creek", "state": "Florida", "type": "Agriculture Hub"}, "geometry": {"type": "Point", "coordinates": [-80.1124, 26.3033]}}, {"type": "Feature", "properties": {"name": "Coconut Creek Irrigation District", "city": "Coconut Creek", "state": "Florida", "type": "Agriculture Hub"}, "geometry": {"type": "Point", "coordinates": [-80.2344, 26.3047]}}, {"type": "Feature", "properties": {"name": "Berwyn Feed Lot", "city": "Berwyn", "state": "Illinois", "type": "Agriculture Hub"}, "geometry": {"type": "Point", "coordinates": [-87.8518, 41.8552]}}, {"type": "Feature", "properties": {"name": "Berwyn Soybean Processing Plant", "city": "Berwyn", "state": "Illinois", "type": "Agriculture Hub"}, "geometry": {"type": "Point", "coordinates": [-87.7829, 41.8118]}}, {"type": "Feature", "properties": {"name": "Midwest City Crop Research Station", "city": "Midwest City", "state": "Oklahoma", "type": "Agriculture Hub"}, "geometry": {"type": "Point", "coordinates": [-97.3158, 35.438]}}, {"type": "Feature", "properties": {"name": "Midwest City Dairy Processing Hub", "city": "Midwest City", "state": "Oklahoma", "type": "Agriculture Hub"}, "geometry": {"type": "Point", "coordinates": [-97.3471, 35.4056]}}, {"type": "Feature", "properties": {"name": "Midwest City Poultry Processing Hub", "city": "Midwest City", "state": "Oklahoma", "type": "Agriculture Hub"}, "geometry": {"type": "Point", "coordinates": [-97.3252, 35.4753]}}, {"type": "Feature", "properties": {"name": "Fountain Valley Citrus Packing District", "city": "Fountain Valley", "state": "California", "type": "Agriculture Hub"}, "geometry": {"type": "Point", "coordinates": [-117.9154, 33.6731]}}, {"type": "Feature", "properties": {"name": "Dearborn Heights Agri-Business Park", "city": "Dearborn Heights", "state": "Michigan", "type": "Agriculture Hub"}, "geometry": {"type": "Point", "coordinates": [-83.3061, 42.2662]}}, {"type": "Feature", "properties": {"name": "Woodland Soybean Processing Plant", "city": "Woodland", "state": "California", "type": "Agriculture Hub"}, "geometry": {"type": "Point", "coordinates": [-121.784, 38.6011]}}, {"type": "Feature", "properties": {"name": "Woodland Produce Distribution Center", "city": "Woodland", "state": "California", "type": "Agriculture Hub"}, "geometry": {"type": "Point", "coordinates": [-121.7451, 38.6839]}}, {"type": "Feature", "properties": {"name": "Woodland Irrigation District", "city": "Woodland", "state": "California", "type": "Agriculture Hub"}, "geometry": {"type": "Point", "coordinates": [-121.6687, 38.5987]}}, {"type": "Feature", "properties": {"name": "Noblesville Wheat Storage Facility", "city": "Noblesville", "state": "Indiana", "type": "Agriculture Hub"}, "geometry": {"type": "Point", "coordinates": [-85.9484, 40.0448]}}, {"type": "Feature", "properties": {"name": "Valdosta Farmers Market Hub", "city": "Valdosta", "state": "Georgia", "type": "Agriculture Hub"}, "geometry": {"type": "Point", "coordinates": [-83.3571, 30.779]}}, {"type": "Feature", "properties": {"name": "Valdosta Soybean Processing Plant", "city": "Valdosta", "state": "Georgia", "type": "Agriculture Hub"}, "geometry": {"type": "Point", "coordinates": [-83.2982, 30.767]}}, {"type": "Feature", "properties": {"name": "Diamond Bar Farmers Market Hub", "city": "Diamond Bar", "state": "California", "type": "Agriculture Hub"}, "geometry": {"type": "Point", "coordinates": [-117.8076, 34.0478]}}, {"type": "Feature", "properties": {"name": "Manhattan Farmers Market Hub", "city": "Manhattan", "state": "Kansas", "type": "Agriculture Hub"}, "geometry": {"type": "Point", "coordinates": [-96.4629, 39.1797]}}, {"type": "Feature", "properties": {"name": "Santee Feed Lot", "city": "Santee", "state": "California", "type": "Agriculture Hub"}, "geometry": {"type": "Point", "coordinates": [-116.8803, 32.8953]}}, {"type": "Feature", "properties": {"name": "Santee Farm Equipment Hub", "city": "Santee", "state": "California", "type": "Agriculture Hub"}, "geometry": {"type": "Point", "coordinates": [-117.0319, 32.7626]}}, {"type": "Feature", "properties": {"name": "Santee Farmers Market Hub", "city": "Santee", "state": "California", "type": "Agriculture Hub"}, "geometry": {"type": "Point", "coordinates": [-116.8693, 32.7722]}}, {"type": "Feature", "properties": {"name": "Sanford Agricultural Cooperative", "city": "Sanford", "state": "Florida", "type": "Agriculture Hub"}, "geometry": {"type": "Point", "coordinates": [-81.1605, 28.7768]}}, {"type": "Feature", "properties": {"name": "Sanford Cotton Gin District", "city": "Sanford", "state": "Florida", "type": "Agriculture Hub"}, "geometry": {"type": "Point", "coordinates": [-81.1729, 28.8499]}}, {"type": "Feature", "properties": {"name": "Sanford Farm Bureau", "city": "Sanford", "state": "Florida", "type": "Agriculture Hub"}, "geometry": {"type": "Point", "coordinates": [-81.2951, 28.8506]}}, {"type": "Feature", "properties": {"name": "Kettering Agricultural Cooperative", "city": "Kettering", "state": "Ohio", "type": "Agriculture Hub"}, "geometry": {"type": "Point", "coordinates": [-84.1829, 39.6824]}}, {"type": "Feature", "properties": {"name": "Kettering Agricultural Processing Center", "city": "Kettering", "state": "Ohio", "type": "Agriculture Hub"}, "geometry": {"type": "Point", "coordinates": [-84.254, 39.7504]}}, {"type": "Feature", "properties": {"name": "Decatur Livestock Market", "city": "Decatur", "state": "Alabama", "type": "Agriculture Hub"}, "geometry": {"type": "Point", "coordinates": [-86.8845, 34.5989]}}, {"type": "Feature", "properties": {"name": "Decatur Grain Elevator", "city": "Decatur", "state": "Alabama", "type": "Agriculture Hub"}, "geometry": {"type": "Point", "coordinates": [-86.9448, 34.6732]}}, {"type": "Feature", "properties": {"name": "Anderson Farm Bureau", "city": "Anderson", "state": "Indiana", "type": "Agriculture Hub"}, "geometry": {"type": "Point", "coordinates": [-85.7461, 40.1625]}}, {"type": "Feature", "properties": {"name": "Anderson Agricultural Processing Center", "city": "Anderson", "state": "Indiana", "type": "Agriculture Hub"}, "geometry": {"type": "Point", "coordinates": [-85.5721, 40.1436]}}, {"type": "Feature", "properties": {"name": "Margate Poultry Processing Hub", "city": "Margate", "state": "Florida", "type": "Agriculture Hub"}, "geometry": {"type": "Point", "coordinates": [-80.2562, 26.1656]}}, {"type": "Feature", "properties": {"name": "Margate Grain Elevator", "city": "Margate", "state": "Florida", "type": "Agriculture Hub"}, "geometry": {"type": "Point", "coordinates": [-80.2903, 26.3181]}}, {"type": "Feature", "properties": {"name": "Corvallis Feed Lot", "city": "Corvallis", "state": "Oregon", "type": "Agriculture Hub"}, "geometry": {"type": "Point", "coordinates": [-123.2306, 44.5108]}}, {"type": "Feature", "properties": {"name": "Corvallis Grain Elevator", "city": "Corvallis", "state": "Oregon", "type": "Agriculture Hub"}, "geometry": {"type": "Point", "coordinates": [-123.2656, 44.5309]}}, {"type": "Feature", "properties": {"name": "Corvallis Livestock Market", "city": "Corvallis", "state": "Oregon", "type": "Agriculture Hub"}, "geometry": {"type": "Point", "coordinates": [-123.3456, 44.5126]}}, {"type": "Feature", "properties": {"name": "Eastvale Wheat Storage Facility", "city": "Eastvale", "state": "California", "type": "Agriculture Hub"}, "geometry": {"type": "Point", "coordinates": [-117.6775, 33.8794]}}, {"type": "Feature", "properties": {"name": "Eastvale Poultry Processing Hub", "city": "Eastvale", "state": "California", "type": "Agriculture Hub"}, "geometry": {"type": "Point", "coordinates": [-117.5038, 33.9143]}}, {"type": "Feature", "properties": {"name": "Porterville Irrigation District", "city": "Porterville", "state": "California", "type": "Agriculture Hub"}, "geometry": {"type": "Point", "coordinates": [-119.0903, 36.0511]}}, {"type": "Feature", "properties": {"name": "Porterville Livestock Market", "city": "Porterville", "state": "California", "type": "Agriculture Hub"}, "geometry": {"type": "Point", "coordinates": [-119.065, 36.0388]}}, {"type": "Feature", "properties": {"name": "Porterville Agricultural Cooperative", "city": "Porterville", "state": "California", "type": "Agriculture Hub"}, "geometry": {"type": "Point", "coordinates": [-119.0744, 36.1171]}}, {"type": "Feature", "properties": {"name": "Brentwood Cotton Gin District", "city": "Brentwood", "state": "California", "type": "Agriculture Hub"}, "geometry": {"type": "Point", "coordinates": [-121.6715, 37.938]}}, {"type": "Feature", "properties": {"name": "Paramount Poultry Processing Hub", "city": "Paramount", "state": "California", "type": "Agriculture Hub"}, "geometry": {"type": "Point", "coordinates": [-118.1189, 33.8762]}}, {"type": "Feature", "properties": {"name": "Paramount Cotton Gin District", "city": "Paramount", "state": "California", "type": "Agriculture Hub"}, "geometry": {"type": "Point", "coordinates": [-118.2398, 33.9285]}}, {"type": "Feature", "properties": {"name": "Paramount Produce Distribution Center", "city": "Paramount", "state": "California", "type": "Agriculture Hub"}, "geometry": {"type": "Point", "coordinates": [-118.2392, 33.8973]}}, {"type": "Feature", "properties": {"name": "Grand Forks Livestock Market", "city": "Grand Forks", "state": "North Dakota", "type": "Agriculture Hub"}, "geometry": {"type": "Point", "coordinates": [-96.9964, 47.9935]}}, {"type": "Feature", "properties": {"name": "Grand Forks Poultry Processing Hub", "city": "Grand Forks", "state": "North Dakota", "type": "Agriculture Hub"}, "geometry": {"type": "Point", "coordinates": [-97.1031, 47.9274]}}, {"type": "Feature", "properties": {"name": "Georgetown Feed Lot", "city": "Georgetown", "state": "Texas", "type": "Agriculture Hub"}, "geometry": {"type": "Point", "coordinates": [-97.6248, 30.6317]}}, {"type": "Feature", "properties": {"name": "Georgetown Dairy Processing Hub", "city": "Georgetown", "state": "Texas", "type": "Agriculture Hub"}, "geometry": {"type": "Point", "coordinates": [-97.7893, 30.5796]}}, {"type": "Feature", "properties": {"name": "Georgetown Soybean Processing Plant", "city": "Georgetown", "state": "Texas", "type": "Agriculture Hub"}, "geometry": {"type": "Point", "coordinates": [-97.7014, 30.6731]}}, {"type": "Feature", "properties": {"name": "St. Peters Irrigation District", "city": "St. Peters", "state": "Missouri", "type": "Agriculture Hub"}, "geometry": {"type": "Point", "coordinates": [-90.7285, 38.8204]}}, {"type": "Feature", "properties": {"name": "St. Peters Grain Elevator", "city": "St. Peters", "state": "Missouri", "type": "Agriculture Hub"}, "geometry": {"type": "Point", "coordinates": [-90.6884, 38.7626]}}, {"type": "Feature", "properties": {"name": "St. Peters Livestock Market", "city": "St. Peters", "state": "Missouri", "type": "Agriculture Hub"}, "geometry": {"type": "Point", "coordinates": [-90.6488, 38.8409]}}, {"type": "Feature", "properties": {"name": "Shoreline Farm Bureau", "city": "Shoreline", "state": "Washington", "type": "Agriculture Hub"}, "geometry": {"type": "Point", "coordinates": [-122.2466, 47.722]}}, {"type": "Feature", "properties": {"name": "Shoreline Agricultural Processing Center", "city": "Shoreline", "state": "Washington", "type": "Agriculture Hub"}, "geometry": {"type": "Point", "coordinates": [-122.2808, 47.7719]}}, {"type": "Feature", "properties": {"name": "Mount Prospect Farm Bureau", "city": "Mount Prospect", "state": "Illinois", "type": "Agriculture Hub"}, "geometry": {"type": "Point", "coordinates": [-87.9854, 42.0195]}}, {"type": "Feature", "properties": {"name": "Mount Prospect Poultry Processing Hub", "city": "Mount Prospect", "state": "Illinois", "type": "Agriculture Hub"}, "geometry": {"type": "Point", "coordinates": [-87.8337, 42.0527]}}, {"type": "Feature", "properties": {"name": "Hanford Farmers Market Hub", "city": "Hanford", "state": "California", "type": "Agriculture Hub"}, "geometry": {"type": "Point", "coordinates": [-119.7048, 36.2553]}}, {"type": "Feature", "properties": {"name": "Hanford Poultry Processing Hub", "city": "Hanford", "state": "California", "type": "Agriculture Hub"}, "geometry": {"type": "Point", "coordinates": [-119.5938, 36.3535]}}, {"type": "Feature", "properties": {"name": "Hanford Farmers Market Hub", "city": "Hanford", "state": "California", "type": "Agriculture Hub"}, "geometry": {"type": "Point", "coordinates": [-119.7093, 36.3302]}}, {"type": "Feature", "properties": {"name": "Normal Grain Elevator", "city": "Normal", "state": "Illinois", "type": "Agriculture Hub"}, "geometry": {"type": "Point", "coordinates": [-89.0598, 40.4959]}}, {"type": "Feature", "properties": {"name": "Normal Agricultural Processing Center", "city": "Normal", "state": "Illinois", "type": "Agriculture Hub"}, "geometry": {"type": "Point", "coordinates": [-88.9152, 40.4363]}}, {"type": "Feature", "properties": {"name": "Normal Livestock Market", "city": "Normal", "state": "Illinois", "type": "Agriculture Hub"}, "geometry": {"type": "Point", "coordinates": [-88.9253, 40.5742]}}, {"type": "Feature", "properties": {"name": "Rosemead Soybean Processing Plant", "city": "Rosemead", "state": "California", "type": "Agriculture Hub"}, "geometry": {"type": "Point", "coordinates": [-118.1419, 34.1377]}}, {"type": "Feature", "properties": {"name": "Rosemead Grain Elevator", "city": "Rosemead", "state": "California", "type": "Agriculture Hub"}, "geometry": {"type": "Point", "coordinates": [-117.9879, 34.1115]}}, {"type": "Feature", "properties": {"name": "Rosemead Farmers Market Hub", "city": "Rosemead", "state": "California", "type": "Agriculture Hub"}, "geometry": {"type": "Point", "coordinates": [-118.062, 34.0154]}}, {"type": "Feature", "properties": {"name": "Pocatello Feed Lot", "city": "Pocatello", "state": "Idaho", "type": "Agriculture Hub"}, "geometry": {"type": "Point", "coordinates": [-112.3619, 42.8089]}}, {"type": "Feature", "properties": {"name": "Highland Grain Elevator", "city": "Highland", "state": "California", "type": "Agriculture Hub"}, "geometry": {"type": "Point", "coordinates": [-117.3186, 34.086]}}, {"type": "Feature", "properties": {"name": "Novato Feed Lot", "city": "Novato", "state": "California", "type": "Agriculture Hub"}, "geometry": {"type": "Point", "coordinates": [-122.5728, 38.1173]}}, {"type": "Feature", "properties": {"name": "Novato Feed Lot", "city": "Novato", "state": "California", "type": "Agriculture Hub"}, "geometry": {"type": "Point", "coordinates": [-122.5341, 38.1378]}}, {"type": "Feature", "properties": {"name": "Port Arthur Irrigation District", "city": "Port Arthur", "state": "Texas", "type": "Agriculture Hub"}, "geometry": {"type": "Point", "coordinates": [-94.0062, 29.9467]}}, {"type": "Feature", "properties": {"name": "San Marcos Dairy Processing Hub", "city": "San Marcos", "state": "Texas", "type": "Agriculture Hub"}, "geometry": {"type": "Point", "coordinates": [-97.9363, 29.8796]}}, {"type": "Feature", "properties": {"name": "Hendersonville Grain Elevator", "city": "Hendersonville", "state": "Tennessee", "type": "Agriculture Hub"}, "geometry": {"type": "Point", "coordinates": [-86.5849, 36.284]}}, {"type": "Feature", "properties": {"name": "Elyria Grain Elevator", "city": "Elyria", "state": "Ohio", "type": "Agriculture Hub"}, "geometry": {"type": "Point", "coordinates": [-82.1076, 41.3996]}}, {"type": "Feature", "properties": {"name": "Elyria Feed Lot", "city": "Elyria", "state": "Ohio", "type": "Agriculture Hub"}, "geometry": {"type": "Point", "coordinates": [-82.0556, 41.3387]}}, {"type": "Feature", "properties": {"name": "Elyria Produce Distribution Center", "city": "Elyria", "state": "Ohio", "type": "Agriculture Hub"}, "geometry": {"type": "Point", "coordinates": [-82.0207, 41.3851]}}, {"type": "Feature", "properties": {"name": "Pflugerville Soybean Processing Plant", "city": "Pflugerville", "state": "Texas", "type": "Agriculture Hub"}, "geometry": {"type": "Point", "coordinates": [-97.512, 30.3677]}}, {"type": "Feature", "properties": {"name": "Pflugerville Farm Equipment Hub", "city": "Pflugerville", "state": "Texas", "type": "Agriculture Hub"}, "geometry": {"type": "Point", "coordinates": [-97.5325, 30.4781]}}, {"type": "Feature", "properties": {"name": "Pflugerville Irrigation District", "city": "Pflugerville", "state": "Texas", "type": "Agriculture Hub"}, "geometry": {"type": "Point", "coordinates": [-97.6496, 30.4435]}}, {"type": "Feature", "properties": {"name": "Greenwood Agricultural Processing Center", "city": "Greenwood", "state": "Indiana", "type": "Agriculture Hub"}, "geometry": {"type": "Point", "coordinates": [-86.0007, 39.5833]}}, {"type": "Feature", "properties": {"name": "Greenwood Farm Equipment Hub", "city": "Greenwood", "state": "Indiana", "type": "Agriculture Hub"}, "geometry": {"type": "Point", "coordinates": [-86.1301, 39.6267]}}, {"type": "Feature", "properties": {"name": "Bellevue Produce Distribution Center", "city": "Bellevue", "state": "Nebraska", "type": "Agriculture Hub"}, "geometry": {"type": "Point", "coordinates": [-95.9568, 41.1895]}}, {"type": "Feature", "properties": {"name": "Bellevue Wheat Storage Facility", "city": "Bellevue", "state": "Nebraska", "type": "Agriculture Hub"}, "geometry": {"type": "Point", "coordinates": [-95.9051, 41.2178]}}, {"type": "Feature", "properties": {"name": "Wheaton Feed Lot", "city": "Wheaton", "state": "Illinois", "type": "Agriculture Hub"}, "geometry": {"type": "Point", "coordinates": [-88.1683, 41.9144]}}, {"type": "Feature", "properties": {"name": "Smyrna Feed Lot", "city": "Smyrna", "state": "Georgia", "type": "Agriculture Hub"}, "geometry": {"type": "Point", "coordinates": [-84.4786, 33.9315]}}, {"type": "Feature", "properties": {"name": "Sarasota Dairy Processing Hub", "city": "Sarasota", "state": "Florida", "type": "Agriculture Hub"}, "geometry": {"type": "Point", "coordinates": [-82.5407, 27.3455]}}, {"type": "Feature", "properties": {"name": "Sarasota Wheat Storage Facility", "city": "Sarasota", "state": "Florida", "type": "Agriculture Hub"}, "geometry": {"type": "Point", "coordinates": [-82.6129, 27.2951]}}, {"type": "Feature", "properties": {"name": "Sarasota Grain Elevator", "city": "Sarasota", "state": "Florida", "type": "Agriculture Hub"}, "geometry": {"type": "Point", "coordinates": [-82.5669, 27.3033]}}, {"type": "Feature", "properties": {"name": "Blue Springs Farm Equipment Hub", "city": "Blue Springs", "state": "Missouri", "type": "Agriculture Hub"}, "geometry": {"type": "Point", "coordinates": [-94.3274, 39.0576]}}, {"type": "Feature", "properties": {"name": "Colton Wheat Storage Facility", "city": "Colton", "state": "California", "type": "Agriculture Hub"}, "geometry": {"type": "Point", "coordinates": [-117.3163, 34.1178]}}, {"type": "Feature", "properties": {"name": "Colton Irrigation District", "city": "Colton", "state": "California", "type": "Agriculture Hub"}, "geometry": {"type": "Point", "coordinates": [-117.3412, 34.0755]}}, {"type": "Feature", "properties": {"name": "Colton Agri-Business Park", "city": "Colton", "state": "California", "type": "Agriculture Hub"}, "geometry": {"type": "Point", "coordinates": [-117.2431, 34.1257]}}, {"type": "Feature", "properties": {"name": "Euless Agricultural Processing Center", "city": "Euless", "state": "Texas", "type": "Agriculture Hub"}, "geometry": {"type": "Point", "coordinates": [-97.1158, 32.815]}}, {"type": "Feature", "properties": {"name": "Euless Livestock Market", "city": "Euless", "state": "Texas", "type": "Agriculture Hub"}, "geometry": {"type": "Point", "coordinates": [-97.0915, 32.8593]}}, {"type": "Feature", "properties": {"name": "Castle Rock Grain Elevator", "city": "Castle Rock", "state": "Colorado", "type": "Agriculture Hub"}, "geometry": {"type": "Point", "coordinates": [-104.9295, 39.3782]}}, {"type": "Feature", "properties": {"name": "Castle Rock Poultry Processing Hub", "city": "Castle Rock", "state": "Colorado", "type": "Agriculture Hub"}, "geometry": {"type": "Point", "coordinates": [-104.9321, 39.4201]}}, {"type": "Feature", "properties": {"name": "Cathedral City Livestock Market", "city": "Cathedral City", "state": "California", "type": "Agriculture Hub"}, "geometry": {"type": "Point", "coordinates": [-116.4278, 33.7016]}}, {"type": "Feature", "properties": {"name": "Cathedral City Farm Bureau", "city": "Cathedral City", "state": "California", "type": "Agriculture Hub"}, "geometry": {"type": "Point", "coordinates": [-116.4972, 33.8574]}}, {"type": "Feature", "properties": {"name": "Cathedral City Wheat Storage Facility", "city": "Cathedral City", "state": "California", "type": "Agriculture Hub"}, "geometry": {"type": "Point", "coordinates": [-116.491, 33.8418]}}, {"type": "Feature", "properties": {"name": "Kingsport Produce Distribution Center", "city": "Kingsport", "state": "Tennessee", "type": "Agriculture Hub"}, "geometry": {"type": "Point", "coordinates": [-82.673, 36.4942]}}, {"type": "Feature", "properties": {"name": "Kingsport Livestock Market", "city": "Kingsport", "state": "Tennessee", "type": "Agriculture Hub"}, "geometry": {"type": "Point", "coordinates": [-82.5254, 36.598]}}, {"type": "Feature", "properties": {"name": "Kingsport Wheat Storage Facility", "city": "Kingsport", "state": "Tennessee", "type": "Agriculture Hub"}, "geometry": {"type": "Point", "coordinates": [-82.6556, 36.565]}}, {"type": "Feature", "properties": {"name": "Pensacola Cotton Gin District", "city": "Pensacola", "state": "Florida", "type": "Agriculture Hub"}, "geometry": {"type": "Point", "coordinates": [-87.2893, 30.3555]}}, {"type": "Feature", "properties": {"name": "Yucaipa Farmers Market Hub", "city": "Yucaipa", "state": "California", "type": "Agriculture Hub"}, "geometry": {"type": "Point", "coordinates": [-117.0323, 33.9929]}}, {"type": "Feature", "properties": {"name": "Yucaipa Irrigation District", "city": "Yucaipa", "state": "California", "type": "Agriculture Hub"}, "geometry": {"type": "Point", "coordinates": [-117.1243, 34.0671]}}, {"type": "Feature", "properties": {"name": "Yucaipa Grain Elevator", "city": "Yucaipa", "state": "California", "type": "Agriculture Hub"}, "geometry": {"type": "Point", "coordinates": [-117.0932, 33.974]}}, {"type": "Feature", "properties": {"name": "Watsonville Cotton Gin District", "city": "Watsonville", "state": "California", "type": "Agriculture Hub"}, "geometry": {"type": "Point", "coordinates": [-121.72, 36.8679]}}, {"type": "Feature", "properties": {"name": "Richland Citrus Packing District", "city": "Richland", "state": "Washington", "type": "Agriculture Hub"}, "geometry": {"type": "Point", "coordinates": [-119.2413, 46.3424]}}, {"type": "Feature", "properties": {"name": "Richland Farm Bureau", "city": "Richland", "state": "Washington", "type": "Agriculture Hub"}, "geometry": {"type": "Point", "coordinates": [-119.2053, 46.2746]}}, {"type": "Feature", "properties": {"name": "Richland Farm Equipment Hub", "city": "Richland", "state": "Washington", "type": "Agriculture Hub"}, "geometry": {"type": "Point", "coordinates": [-119.2379, 46.2639]}}, {"type": "Feature", "properties": {"name": "Delano Agri-Business Park", "city": "Delano", "state": "California", "type": "Agriculture Hub"}, "geometry": {"type": "Point", "coordinates": [-119.252, 35.7182]}}, {"type": "Feature", "properties": {"name": "Delano Agri-Business Park", "city": "Delano", "state": "California", "type": "Agriculture Hub"}, "geometry": {"type": "Point", "coordinates": [-119.1937, 35.7725]}}, {"type": "Feature", "properties": {"name": "Hoffman Estates Farmers Market Hub", "city": "Hoffman Estates", "state": "Illinois", "type": "Agriculture Hub"}, "geometry": {"type": "Point", "coordinates": [-88.1621, 42.0899]}}, {"type": "Feature", "properties": {"name": "Hoffman Estates Farm Equipment Hub", "city": "Hoffman Estates", "state": "Illinois", "type": "Agriculture Hub"}, "geometry": {"type": "Point", "coordinates": [-88.2072, 41.9907]}}, {"type": "Feature", "properties": {"name": "Florissant Soybean Processing Plant", "city": "Florissant", "state": "Missouri", "type": "Agriculture Hub"}, "geometry": {"type": "Point", "coordinates": [-90.255, 38.8186]}}, {"type": "Feature", "properties": {"name": "Florissant Cotton Gin District", "city": "Florissant", "state": "Missouri", "type": "Agriculture Hub"}, "geometry": {"type": "Point", "coordinates": [-90.3126, 38.7483]}}, {"type": "Feature", "properties": {"name": "Florissant Irrigation District", "city": "Florissant", "state": "Missouri", "type": "Agriculture Hub"}, "geometry": {"type": "Point", "coordinates": [-90.2284, 38.7324]}}, {"type": "Feature", "properties": {"name": "Placentia Agri-Business Park", "city": "Placentia", "state": "California", "type": "Agriculture Hub"}, "geometry": {"type": "Point", "coordinates": [-117.9491, 33.8738]}}, {"type": "Feature", "properties": {"name": "Dublin Farmers Market Hub", "city": "Dublin", "state": "California", "type": "Agriculture Hub"}, "geometry": {"type": "Point", "coordinates": [-121.8267, 37.6699]}}, {"type": "Feature", "properties": {"name": "Dublin Citrus Packing District", "city": "Dublin", "state": "California", "type": "Agriculture Hub"}, "geometry": {"type": "Point", "coordinates": [-122.0016, 37.7087]}}, {"type": "Feature", "properties": {"name": "Dublin Soybean Processing Plant", "city": "Dublin", "state": "California", "type": "Agriculture Hub"}, "geometry": {"type": "Point", "coordinates": [-121.9391, 37.7387]}}, {"type": "Feature", "properties": {"name": "Oak Park Feed Lot", "city": "Oak Park", "state": "Illinois", "type": "Agriculture Hub"}, "geometry": {"type": "Point", "coordinates": [-87.7257, 41.8368]}}, {"type": "Feature", "properties": {"name": "Oak Park Farm Equipment Hub", "city": "Oak Park", "state": "Illinois", "type": "Agriculture Hub"}, "geometry": {"type": "Point", "coordinates": [-87.7788, 41.8699]}}, {"type": "Feature", "properties": {"name": "Battle Creek Poultry Processing Hub", "city": "Battle Creek", "state": "Michigan", "type": "Agriculture Hub"}, "geometry": {"type": "Point", "coordinates": [-85.098, 42.3415]}}, {"type": "Feature", "properties": {"name": "Battle Creek Farmers Market Hub", "city": "Battle Creek", "state": "Michigan", "type": "Agriculture Hub"}, "geometry": {"type": "Point", "coordinates": [-85.163, 42.3653]}}, {"type": "Feature", "properties": {"name": "Bradenton Farm Equipment Hub", "city": "Bradenton", "state": "Florida", "type": "Agriculture Hub"}, "geometry": {"type": "Point", "coordinates": [-82.6561, 27.4462]}}, {"type": "Feature", "properties": {"name": "Bradenton Grain Elevator", "city": "Bradenton", "state": "Florida", "type": "Agriculture Hub"}, "geometry": {"type": "Point", "coordinates": [-82.6525, 27.5613]}}, {"type": "Feature", "properties": {"name": "Gilroy Farm Bureau", "city": "Gilroy", "state": "California", "type": "Agriculture Hub"}, "geometry": {"type": "Point", "coordinates": [-121.4779, 36.9866]}}, {"type": "Feature", "properties": {"name": "Gilroy Irrigation District", "city": "Gilroy", "state": "California", "type": "Agriculture Hub"}, "geometry": {"type": "Point", "coordinates": [-121.4895, 36.9648]}}, {"type": "Feature", "properties": {"name": "Albany Farmers Market Hub", "city": "Albany", "state": "Oregon", "type": "Agriculture Hub"}, "geometry": {"type": "Point", "coordinates": [-123.1503, 44.7005]}}, {"type": "Feature", "properties": {"name": "Albany Farm Equipment Hub", "city": "Albany", "state": "Oregon", "type": "Agriculture Hub"}, "geometry": {"type": "Point", "coordinates": [-122.9999, 44.6312]}}, {"type": "Feature", "properties": {"name": "Ankeny Wheat Storage Facility", "city": "Ankeny", "state": "Iowa", "type": "Agriculture Hub"}, "geometry": {"type": "Point", "coordinates": [-93.6587, 41.6607]}}, {"type": "Feature", "properties": {"name": "La Crosse Cotton Gin District", "city": "La Crosse", "state": "Wisconsin", "type": "Agriculture Hub"}, "geometry": {"type": "Point", "coordinates": [-91.2919, 43.8198]}}, {"type": "Feature", "properties": {"name": "La Crosse Crop Research Station", "city": "La Crosse", "state": "Wisconsin", "type": "Agriculture Hub"}, "geometry": {"type": "Point", "coordinates": [-91.1682, 43.7626]}}, {"type": "Feature", "properties": {"name": "Burlington Dairy Processing Hub", "city": "Burlington", "state": "North Carolina", "type": "Agriculture Hub"}, "geometry": {"type": "Point", "coordinates": [-79.353, 36.0256]}}, {"type": "Feature", "properties": {"name": "DeSoto Agricultural Cooperative", "city": "DeSoto", "state": "Texas", "type": "Agriculture Hub"}, "geometry": {"type": "Point", "coordinates": [-96.8338, 32.6413]}}, {"type": "Feature", "properties": {"name": "DeSoto Dairy Processing Hub", "city": "DeSoto", "state": "Texas", "type": "Agriculture Hub"}, "geometry": {"type": "Point", "coordinates": [-96.955, 32.5997]}}, {"type": "Feature", "properties": {"name": "Minnetonka Irrigation District", "city": "Minnetonka", "state": "Minnesota", "type": "Agriculture Hub"}, "geometry": {"type": "Point", "coordinates": [-93.5402, 44.9772]}}, {"type": "Feature", "properties": {"name": "Elkhart Farmers Market Hub", "city": "Elkhart", "state": "Indiana", "type": "Agriculture Hub"}, "geometry": {"type": "Point", "coordinates": [-86.0848, 41.692]}}, {"type": "Feature", "properties": {"name": "Elkhart Produce Distribution Center", "city": "Elkhart", "state": "Indiana", "type": "Agriculture Hub"}, "geometry": {"type": "Point", "coordinates": [-85.9135, 41.6815]}}, {"type": "Feature", "properties": {"name": "Lakewood Farm Bureau", "city": "Lakewood", "state": "Ohio", "type": "Agriculture Hub"}, "geometry": {"type": "Point", "coordinates": [-81.7523, 41.5493]}}, {"type": "Feature", "properties": {"name": "Lakewood Agricultural Processing Center", "city": "Lakewood", "state": "Ohio", "type": "Agriculture Hub"}, "geometry": {"type": "Point", "coordinates": [-81.8326, 41.4416]}}, {"type": "Feature", "properties": {"name": "Lakewood Cotton Gin District", "city": "Lakewood", "state": "Ohio", "type": "Agriculture Hub"}, "geometry": {"type": "Point", "coordinates": [-81.7283, 41.4845]}}, {"type": "Feature", "properties": {"name": "Glendora Agri-Business Park", "city": "Glendora", "state": "California", "type": "Agriculture Hub"}, "geometry": {"type": "Point", "coordinates": [-117.8429, 34.1231]}}, {"type": "Feature", "properties": {"name": "Glendora Dairy Processing Hub", "city": "Glendora", "state": "California", "type": "Agriculture Hub"}, "geometry": {"type": "Point", "coordinates": [-117.9609, 34.062]}}, {"type": "Feature", "properties": {"name": "Glendora Agri-Business Park", "city": "Glendora", "state": "California", "type": "Agriculture Hub"}, "geometry": {"type": "Point", "coordinates": [-117.8779, 34.1862]}}, {"type": "Feature", "properties": {"name": "Southaven Farmers Market Hub", "city": "Southaven", "state": "Mississippi", "type": "Agriculture Hub"}, "geometry": {"type": "Point", "coordinates": [-90.0921, 34.9922]}}, {"type": "Feature", "properties": {"name": "Southaven Irrigation District", "city": "Southaven", "state": "Mississippi", "type": "Agriculture Hub"}, "geometry": {"type": "Point", "coordinates": [-89.9619, 34.9853]}}, {"type": "Feature", "properties": {"name": "Joplin Soybean Processing Plant", "city": "Joplin", "state": "Missouri", "type": "Agriculture Hub"}, "geometry": {"type": "Point", "coordinates": [-94.4356, 37.1566]}}, {"type": "Feature", "properties": {"name": "Enid Agricultural Processing Center", "city": "Enid", "state": "Oklahoma", "type": "Agriculture Hub"}, "geometry": {"type": "Point", "coordinates": [-97.864, 36.4482]}}, {"type": "Feature", "properties": {"name": "Palm Beach Gardens Crop Research Station", "city": "Palm Beach Gardens", "state": "Florida", "type": "Agriculture Hub"}, "geometry": {"type": "Point", "coordinates": [-80.1457, 26.8888]}}, {"type": "Feature", "properties": {"name": "Brookhaven Crop Research Station", "city": "Brookhaven", "state": "Georgia", "type": "Agriculture Hub"}, "geometry": {"type": "Point", "coordinates": [-84.4216, 33.8681]}}, {"type": "Feature", "properties": {"name": "Brookhaven Farm Equipment Hub", "city": "Brookhaven", "state": "Georgia", "type": "Agriculture Hub"}, "geometry": {"type": "Point", "coordinates": [-84.4444, 33.8923]}}, {"type": "Feature", "properties": {"name": "Grand Island Soybean Processing Plant", "city": "Grand Island", "state": "Nebraska", "type": "Agriculture Hub"}, "geometry": {"type": "Point", "coordinates": [-98.2928, 40.9977]}}, {"type": "Feature", "properties": {"name": "Palm Desert Agricultural Cooperative", "city": "Palm Desert", "state": "California", "type": "Agriculture Hub"}, "geometry": {"type": "Point", "coordinates": [-116.4334, 33.6727]}}, {"type": "Feature", "properties": {"name": "Palm Desert Agri-Business Park", "city": "Palm Desert", "state": "California", "type": "Agriculture Hub"}, "geometry": {"type": "Point", "coordinates": [-116.3412, 33.6953]}}, {"type": "Feature", "properties": {"name": "Huntersville Produce Distribution Center", "city": "Huntersville", "state": "North Carolina", "type": "Agriculture Hub"}, "geometry": {"type": "Point", "coordinates": [-80.8752, 35.4287]}}, {"type": "Feature", "properties": {"name": "Huntersville Soybean Processing Plant", "city": "Huntersville", "state": "North Carolina", "type": "Agriculture Hub"}, "geometry": {"type": "Point", "coordinates": [-80.931, 35.4594]}}, {"type": "Feature", "properties": {"name": "Tigard Livestock Market", "city": "Tigard", "state": "Oregon", "type": "Agriculture Hub"}, "geometry": {"type": "Point", "coordinates": [-122.8746, 45.5098]}}, {"type": "Feature", "properties": {"name": "Lenexa Wheat Storage Facility", "city": "Lenexa", "state": "Kansas", "type": "Agriculture Hub"}, "geometry": {"type": "Point", "coordinates": [-94.6385, 39.0097]}}, {"type": "Feature", "properties": {"name": "Saginaw Feed Lot", "city": "Saginaw", "state": "Michigan", "type": "Agriculture Hub"}, "geometry": {"type": "Point", "coordinates": [-84.0053, 43.4925]}}, {"type": "Feature", "properties": {"name": "Kentwood Soybean Processing Plant", "city": "Kentwood", "state": "Michigan", "type": "Agriculture Hub"}, "geometry": {"type": "Point", "coordinates": [-85.6402, 42.9242]}}, {"type": "Feature", "properties": {"name": "Doral Agri-Business Park", "city": "Doral", "state": "Florida", "type": "Agriculture Hub"}, "geometry": {"type": "Point", "coordinates": [-80.3051, 25.8949]}}, {"type": "Feature", "properties": {"name": "Apple Valley Livestock Market", "city": "Apple Valley", "state": "Minnesota", "type": "Agriculture Hub"}, "geometry": {"type": "Point", "coordinates": [-93.2435, 44.8091]}}, {"type": "Feature", "properties": {"name": "Apple Valley Irrigation District", "city": "Apple Valley", "state": "Minnesota", "type": "Agriculture Hub"}, "geometry": {"type": "Point", "coordinates": [-93.1341, 44.7299]}}, {"type": "Feature", "properties": {"name": "Apple Valley Crop Research Station", "city": "Apple Valley", "state": "Minnesota", "type": "Agriculture Hub"}, "geometry": {"type": "Point", "coordinates": [-93.1653, 44.7009]}}, {"type": "Feature", "properties": {"name": "Grapevine Farmers Market Hub", "city": "Grapevine", "state": "Texas", "type": "Agriculture Hub"}, "geometry": {"type": "Point", "coordinates": [-97.0759, 32.8586]}}, {"type": "Feature", "properties": {"name": "Aliso Viejo Farm Bureau", "city": "Aliso Viejo", "state": "California", "type": "Agriculture Hub"}, "geometry": {"type": "Point", "coordinates": [-117.7791, 33.5062]}}, {"type": "Feature", "properties": {"name": "Aliso Viejo Farm Bureau", "city": "Aliso Viejo", "state": "California", "type": "Agriculture Hub"}, "geometry": {"type": "Point", "coordinates": [-117.8306, 33.5649]}}, {"type": "Feature", "properties": {"name": "Sammamish Crop Research Station", "city": "Sammamish", "state": "Washington", "type": "Agriculture Hub"}, "geometry": {"type": "Point", "coordinates": [-122.0364, 47.6124]}}, {"type": "Feature", "properties": {"name": "Pinellas Park Soybean Processing Plant", "city": "Pinellas Park", "state": "Florida", "type": "Agriculture Hub"}, "geometry": {"type": "Point", "coordinates": [-82.6357, 27.8276]}}, {"type": "Feature", "properties": {"name": "West Sacramento Agri-Business Park", "city": "West Sacramento", "state": "California", "type": "Agriculture Hub"}, "geometry": {"type": "Point", "coordinates": [-121.5187, 38.6114]}}, {"type": "Feature", "properties": {"name": "West Sacramento Crop Research Station", "city": "West Sacramento", "state": "California", "type": "Agriculture Hub"}, "geometry": {"type": "Point", "coordinates": [-121.443, 38.5245]}}, {"type": "Feature", "properties": {"name": "Burien Produce Distribution Center", "city": "Burien", "state": "Washington", "type": "Agriculture Hub"}, "geometry": {"type": "Point", "coordinates": [-122.2641, 47.4979]}}, {"type": "Feature", "properties": {"name": "Burien Produce Distribution Center", "city": "Burien", "state": "Washington", "type": "Agriculture Hub"}, "geometry": {"type": "Point", "coordinates": [-122.2662, 47.4502]}}, {"type": "Feature", "properties": {"name": "Commerce City Wheat Storage Facility", "city": "Commerce City", "state": "Colorado", "type": "Agriculture Hub"}, "geometry": {"type": "Point", "coordinates": [-104.9143, 39.8787]}}, {"type": "Feature", "properties": {"name": "Monroe Irrigation District", "city": "Monroe", "state": "Louisiana", "type": "Agriculture Hub"}, "geometry": {"type": "Point", "coordinates": [-92.2043, 32.444]}}, {"type": "Feature", "properties": {"name": "Cerritos Farm Equipment Hub", "city": "Cerritos", "state": "California", "type": "Agriculture Hub"}, "geometry": {"type": "Point", "coordinates": [-117.9909, 33.8248]}}, {"type": "Feature", "properties": {"name": "Downers Grove Dairy Processing Hub", "city": "Downers Grove", "state": "Illinois", "type": "Agriculture Hub"}, "geometry": {"type": "Point", "coordinates": [-88.1209, 41.8649]}}, {"type": "Feature", "properties": {"name": "Downers Grove Farmers Market Hub", "city": "Downers Grove", "state": "Illinois", "type": "Agriculture Hub"}, "geometry": {"type": "Point", "coordinates": [-88.016, 41.7389]}}, {"type": "Feature", "properties": {"name": "Coral Gables Crop Research Station", "city": "Coral Gables", "state": "Florida", "type": "Agriculture Hub"}, "geometry": {"type": "Point", "coordinates": [-80.3551, 25.7189]}}, {"type": "Feature", "properties": {"name": "Wilson Agricultural Processing Center", "city": "Wilson", "state": "North Carolina", "type": "Agriculture Hub"}, "geometry": {"type": "Point", "coordinates": [-77.9613, 35.685]}}, {"type": "Feature", "properties": {"name": "Wilson Soybean Processing Plant", "city": "Wilson", "state": "North Carolina", "type": "Agriculture Hub"}, "geometry": {"type": "Point", "coordinates": [-77.8275, 35.754]}}, {"type": "Feature", "properties": {"name": "Poway Agri-Business Park", "city": "Poway", "state": "California", "type": "Agriculture Hub"}, "geometry": {"type": "Point", "coordinates": [-117.1143, 32.8907]}}, {"type": "Feature", "properties": {"name": "Poway Farmers Market Hub", "city": "Poway", "state": "California", "type": "Agriculture Hub"}, "geometry": {"type": "Point", "coordinates": [-116.9923, 32.9442]}}, {"type": "Feature", "properties": {"name": "Edina Livestock Market", "city": "Edina", "state": "Minnesota", "type": "Agriculture Hub"}, "geometry": {"type": "Point", "coordinates": [-93.445, 44.9561]}}, {"type": "Feature", "properties": {"name": "Cuyahoga Falls Agricultural Processing Center", "city": "Cuyahoga Falls", "state": "Ohio", "type": "Agriculture Hub"}, "geometry": {"type": "Point", "coordinates": [-81.5411, 41.1247]}}, {"type": "Feature", "properties": {"name": "Cuyahoga Falls Cotton Gin District", "city": "Cuyahoga Falls", "state": "Ohio", "type": "Agriculture Hub"}, "geometry": {"type": "Point", "coordinates": [-81.5458, 41.096]}}, {"type": "Feature", "properties": {"name": "Rancho Santa Margarita Cotton Gin District", "city": "Rancho Santa Margarita", "state": "California", "type": "Agriculture Hub"}, "geometry": {"type": "Point", "coordinates": [-117.6955, 33.6237]}}, {"type": "Feature", "properties": {"name": "La Mirada Livestock Market", "city": "La Mirada", "state": "California", "type": "Agriculture Hub"}, "geometry": {"type": "Point", "coordinates": [-118.0219, 33.9608]}}, {"type": "Feature", "properties": {"name": "La Mirada Cotton Gin District", "city": "La Mirada", "state": "California", "type": "Agriculture Hub"}, "geometry": {"type": "Point", "coordinates": [-117.9691, 33.9116]}}, {"type": "Feature", "properties": {"name": "Cypress Produce Distribution Center", "city": "Cypress", "state": "California", "type": "Agriculture Hub"}, "geometry": {"type": "Point", "coordinates": [-117.989, 33.7508]}}, {"type": "Feature", "properties": {"name": "Caldwell Farm Equipment Hub", "city": "Caldwell", "state": "Idaho", "type": "Agriculture Hub"}, "geometry": {"type": "Point", "coordinates": [-116.5983, 43.6105]}}, {"type": "Feature", "properties": {"name": "Caldwell Soybean Processing Plant", "city": "Caldwell", "state": "Idaho", "type": "Agriculture Hub"}, "geometry": {"type": "Point", "coordinates": [-116.7145, 43.6055]}}, {"type": "Feature", "properties": {"name": "Galveston Crop Research Station", "city": "Galveston", "state": "Texas", "type": "Agriculture Hub"}, "geometry": {"type": "Point", "coordinates": [-94.8747, 29.2275]}}, {"type": "Feature", "properties": {"name": "Sheboygan Produce Distribution Center", "city": "Sheboygan", "state": "Wisconsin", "type": "Agriculture Hub"}, "geometry": {"type": "Point", "coordinates": [-87.7437, 43.7041]}}, {"type": "Feature", "properties": {"name": "Middletown Feed Lot", "city": "Middletown", "state": "Ohio", "type": "Agriculture Hub"}, "geometry": {"type": "Point", "coordinates": [-84.3526, 39.5888]}}, {"type": "Feature", "properties": {"name": "Parker Agricultural Cooperative", "city": "Parker", "state": "Colorado", "type": "Agriculture Hub"}, "geometry": {"type": "Point", "coordinates": [-104.7619, 39.5654]}}, {"type": "Feature", "properties": {"name": "Parker Feed Lot", "city": "Parker", "state": "Colorado", "type": "Agriculture Hub"}, "geometry": {"type": "Point", "coordinates": [-104.8553, 39.5866]}}, {"type": "Feature", "properties": {"name": "Bedford Cotton Gin District", "city": "Bedford", "state": "Texas", "type": "Agriculture Hub"}, "geometry": {"type": "Point", "coordinates": [-97.0948, 32.8165]}}, {"type": "Feature", "properties": {"name": "East Lansing Cotton Gin District", "city": "East Lansing", "state": "Michigan", "type": "Agriculture Hub"}, "geometry": {"type": "Point", "coordinates": [-84.4016, 42.7679]}}, {"type": "Feature", "properties": {"name": "East Lansing Farm Equipment Hub", "city": "East Lansing", "state": "Michigan", "type": "Agriculture Hub"}, "geometry": {"type": "Point", "coordinates": [-84.5335, 42.6653]}}, {"type": "Feature", "properties": {"name": "Covina Agri-Business Park", "city": "Covina", "state": "California", "type": "Agriculture Hub"}, "geometry": {"type": "Point", "coordinates": [-117.9819, 34.1529]}}, {"type": "Feature", "properties": {"name": "Covina Cotton Gin District", "city": "Covina", "state": "California", "type": "Agriculture Hub"}, "geometry": {"type": "Point", "coordinates": [-117.9834, 34.1648]}}, {"type": "Feature", "properties": {"name": "Alexandria Farm Equipment Hub", "city": "Alexandria", "state": "Louisiana", "type": "Agriculture Hub"}, "geometry": {"type": "Point", "coordinates": [-92.4098, 31.2494]}}, {"type": "Feature", "properties": {"name": "Olympia Agricultural Cooperative", "city": "Olympia", "state": "Washington", "type": "Agriculture Hub"}, "geometry": {"type": "Point", "coordinates": [-122.8899, 47.0822]}}, {"type": "Feature", "properties": {"name": "Olympia Cotton Gin District", "city": "Olympia", "state": "Washington", "type": "Agriculture Hub"}, "geometry": {"type": "Point", "coordinates": [-122.9185, 46.981]}}, {"type": "Feature", "properties": {"name": "Euclid Farmers Market Hub", "city": "Euclid", "state": "Ohio", "type": "Agriculture Hub"}, "geometry": {"type": "Point", "coordinates": [-81.5992, 41.566]}}, {"type": "Feature", "properties": {"name": "Euclid Produce Distribution Center", "city": "Euclid", "state": "Ohio", "type": "Agriculture Hub"}, "geometry": {"type": "Point", "coordinates": [-81.604, 41.6504]}}, {"type": "Feature", "properties": {"name": "Mishawaka Livestock Market", "city": "Mishawaka", "state": "Indiana", "type": "Agriculture Hub"}, "geometry": {"type": "Point", "coordinates": [-86.0683, 41.6288]}}, {"type": "Feature", "properties": {"name": "Mishawaka Cotton Gin District", "city": "Mishawaka", "state": "Indiana", "type": "Agriculture Hub"}, "geometry": {"type": "Point", "coordinates": [-86.2204, 41.6589]}}, {"type": "Feature", "properties": {"name": "Salina Crop Research Station", "city": "Salina", "state": "Kansas", "type": "Agriculture Hub"}, "geometry": {"type": "Point", "coordinates": [-97.5486, 38.8035]}}, {"type": "Feature", "properties": {"name": "Azusa Farm Equipment Hub", "city": "Azusa", "state": "California", "type": "Agriculture Hub"}, "geometry": {"type": "Point", "coordinates": [-117.9961, 34.1172]}}, {"type": "Feature", "properties": {"name": "Newark Produce Distribution Center", "city": "Newark", "state": "Ohio", "type": "Agriculture Hub"}, "geometry": {"type": "Point", "coordinates": [-82.4278, 39.9853]}}, {"type": "Feature", "properties": {"name": "Chesterfield Citrus Packing District", "city": "Chesterfield", "state": "Missouri", "type": "Agriculture Hub"}, "geometry": {"type": "Point", "coordinates": [-90.6497, 38.5971]}}, {"type": "Feature", "properties": {"name": "Chesterfield Produce Distribution Center", "city": "Chesterfield", "state": "Missouri", "type": "Agriculture Hub"}, "geometry": {"type": "Point", "coordinates": [-90.6534, 38.6773]}}, {"type": "Feature", "properties": {"name": "Dunwoody Dairy Processing Hub", "city": "Dunwoody", "state": "Georgia", "type": "Agriculture Hub"}, "geometry": {"type": "Point", "coordinates": [-84.321, 33.8937]}}, {"type": "Feature", "properties": {"name": "Hattiesburg Grain Elevator", "city": "Hattiesburg", "state": "Mississippi", "type": "Agriculture Hub"}, "geometry": {"type": "Point", "coordinates": [-89.327, 31.3176]}}, {"type": "Feature", "properties": {"name": "Hattiesburg Farm Bureau", "city": "Hattiesburg", "state": "Mississippi", "type": "Agriculture Hub"}, "geometry": {"type": "Point", "coordinates": [-89.3762, 31.2934]}}, {"type": "Feature", "properties": {"name": "Roseville Irrigation District", "city": "Roseville", "state": "Michigan", "type": "Agriculture Hub"}, "geometry": {"type": "Point", "coordinates": [-82.9252, 42.574]}}, {"type": "Feature", "properties": {"name": "Roseville Feed Lot", "city": "Roseville", "state": "Michigan", "type": "Agriculture Hub"}, "geometry": {"type": "Point", "coordinates": [-82.8389, 42.4359]}}, {"type": "Feature", "properties": {"name": "Bonita Springs Agri-Business Park", "city": "Bonita Springs", "state": "Florida", "type": "Agriculture Hub"}, "geometry": {"type": "Point", "coordinates": [-81.6994, 26.3402]}}, {"type": "Feature", "properties": {"name": "Bonita Springs Livestock Market", "city": "Bonita Springs", "state": "Florida", "type": "Agriculture Hub"}, "geometry": {"type": "Point", "coordinates": [-81.7658, 26.4036]}}, {"type": "Feature", "properties": {"name": "Portage Soybean Processing Plant", "city": "Portage", "state": "Michigan", "type": "Agriculture Hub"}, "geometry": {"type": "Point", "coordinates": [-85.5388, 42.1737]}}, {"type": "Feature", "properties": {"name": "St. Louis Park Produce Distribution Center", "city": "St. Louis Park", "state": "Minnesota", "type": "Agriculture Hub"}, "geometry": {"type": "Point", "coordinates": [-93.4654, 44.9083]}}, {"type": "Feature", "properties": {"name": "Collierville Crop Research Station", "city": "Collierville", "state": "Tennessee", "type": "Agriculture Hub"}, "geometry": {"type": "Point", "coordinates": [-89.7214, 35.1112]}}, {"type": "Feature", "properties": {"name": "Collierville Wheat Storage Facility", "city": "Collierville", "state": "Tennessee", "type": "Agriculture Hub"}, "geometry": {"type": "Point", "coordinates": [-89.7674, 35.0901]}}, {"type": "Feature", "properties": {"name": "Stillwater Dairy Processing Hub", "city": "Stillwater", "state": "Oklahoma", "type": "Agriculture Hub"}, "geometry": {"type": "Point", "coordinates": [-97.1199, 36.0399]}}, {"type": "Feature", "properties": {"name": "Stillwater Soybean Processing Plant", "city": "Stillwater", "state": "Oklahoma", "type": "Agriculture Hub"}, "geometry": {"type": "Point", "coordinates": [-97.0268, 36.0562]}}, {"type": "Feature", "properties": {"name": "Lawrence Agricultural Processing Center", "city": "Lawrence", "state": "Indiana", "type": "Agriculture Hub"}, "geometry": {"type": "Point", "coordinates": [-86.1057, 39.8408]}}, {"type": "Feature", "properties": {"name": "Wauwatosa Dairy Processing Hub", "city": "Wauwatosa", "state": "Wisconsin", "type": "Agriculture Hub"}, "geometry": {"type": "Point", "coordinates": [-88.0978, 43.123]}}, {"type": "Feature", "properties": {"name": "Wauwatosa Grain Elevator", "city": "Wauwatosa", "state": "Wisconsin", "type": "Agriculture Hub"}, "geometry": {"type": "Point", "coordinates": [-87.9078, 43.102]}}, {"type": "Feature", "properties": {"name": "Mentor Agricultural Cooperative", "city": "Mentor", "state": "Ohio", "type": "Agriculture Hub"}, "geometry": {"type": "Point", "coordinates": [-81.4401, 41.6099]}}, {"type": "Feature", "properties": {"name": "Ceres Agri-Business Park", "city": "Ceres", "state": "California", "type": "Agriculture Hub"}, "geometry": {"type": "Point", "coordinates": [-121.0533, 37.5966]}}, {"type": "Feature", "properties": {"name": "Ceres Agricultural Processing Center", "city": "Ceres", "state": "California", "type": "Agriculture Hub"}, "geometry": {"type": "Point", "coordinates": [-120.8858, 37.5481]}}, {"type": "Feature", "properties": {"name": "Cedar Hill Poultry Processing Hub", "city": "Cedar Hill", "state": "Texas", "type": "Agriculture Hub"}, "geometry": {"type": "Point", "coordinates": [-96.8442, 32.5665]}}, {"type": "Feature", "properties": {"name": "Mansfield Soybean Processing Plant", "city": "Mansfield", "state": "Ohio", "type": "Agriculture Hub"}, "geometry": {"type": "Point", "coordinates": [-82.575, 40.7188]}}, {"type": "Feature", "properties": {"name": "Mansfield Agricultural Cooperative", "city": "Mansfield", "state": "Ohio", "type": "Agriculture Hub"}, "geometry": {"type": "Point", "coordinates": [-82.5481, 40.8095]}}, {"type": "Feature", "properties": {"name": "Coeur d'Alene Livestock Market", "city": "Coeur d'Alene", "state": "Idaho", "type": "Agriculture Hub"}, "geometry": {"type": "Point", "coordinates": [-116.8807, 47.6826]}}, {"type": "Feature", "properties": {"name": "San Luis Obispo Irrigation District", "city": "San Luis Obispo", "state": "California", "type": "Agriculture Hub"}, "geometry": {"type": "Point", "coordinates": [-120.7143, 35.3324]}}, {"type": "Feature", "properties": {"name": "Minot Agricultural Processing Center", "city": "Minot", "state": "North Dakota", "type": "Agriculture Hub"}, "geometry": {"type": "Point", "coordinates": [-101.2245, 48.2757]}}, {"type": "Feature", "properties": {"name": "Palm Springs Produce Distribution Center", "city": "Palm Springs", "state": "California", "type": "Agriculture Hub"}, "geometry": {"type": "Point", "coordinates": [-116.6322, 33.8138]}}, {"type": "Feature", "properties": {"name": "Palm Springs Soybean Processing Plant", "city": "Palm Springs", "state": "California", "type": "Agriculture Hub"}, "geometry": {"type": "Point", "coordinates": [-116.5386, 33.8492]}}, {"type": "Feature", "properties": {"name": "Pine Bluff Feed Lot", "city": "Pine Bluff", "state": "Arkansas", "type": "Agriculture Hub"}, "geometry": {"type": "Point", "coordinates": [-91.9657, 34.1846]}}, {"type": "Feature", "properties": {"name": "Pine Bluff Farm Bureau", "city": "Pine Bluff", "state": "Arkansas", "type": "Agriculture Hub"}, "geometry": {"type": "Point", "coordinates": [-92.0835, 34.279]}}, {"type": "Feature", "properties": {"name": "Texas City Agricultural Cooperative", "city": "Texas City", "state": "Texas", "type": "Agriculture Hub"}, "geometry": {"type": "Point", "coordinates": [-95.0019, 29.3185]}}, {"type": "Feature", "properties": {"name": "Twin Falls Wheat Storage Facility", "city": "Twin Falls", "state": "Idaho", "type": "Agriculture Hub"}, "geometry": {"type": "Point", "coordinates": [-114.5439, 42.523]}}, {"type": "Feature", "properties": {"name": "Jeffersonville Agricultural Processing Center", "city": "Jeffersonville", "state": "Indiana", "type": "Agriculture Hub"}, "geometry": {"type": "Point", "coordinates": [-85.684, 38.2135]}}, {"type": "Feature", "properties": {"name": "San Jacinto Agricultural Processing Center", "city": "San Jacinto", "state": "California", "type": "Agriculture Hub"}, "geometry": {"type": "Point", "coordinates": [-116.8938, 33.789]}}, {"type": "Feature", "properties": {"name": "San Jacinto Farmers Market Hub", "city": "San Jacinto", "state": "California", "type": "Agriculture Hub"}, "geometry": {"type": "Point", "coordinates": [-117.0262, 33.7159]}}, {"type": "Feature", "properties": {"name": "Madison Grain Elevator", "city": "Madison", "state": "Alabama", "type": "Agriculture Hub"}, "geometry": {"type": "Point", "coordinates": [-86.6823, 34.7088]}}, {"type": "Feature", "properties": {"name": "Madison Dairy Processing Hub", "city": "Madison", "state": "Alabama", "type": "Agriculture Hub"}, "geometry": {"type": "Point", "coordinates": [-86.8576, 34.7166]}}, {"type": "Feature", "properties": {"name": "Columbus Irrigation District", "city": "Columbus", "state": "Indiana", "type": "Agriculture Hub"}, "geometry": {"type": "Point", "coordinates": [-85.9316, 39.1375]}}, {"type": "Feature", "properties": {"name": "Columbus Grain Elevator", "city": "Columbus", "state": "Indiana", "type": "Agriculture Hub"}, "geometry": {"type": "Point", "coordinates": [-85.9928, 39.194]}}, {"type": "Feature", "properties": {"name": "Beavercreek Wheat Storage Facility", "city": "Beavercreek", "state": "Ohio", "type": "Agriculture Hub"}, "geometry": {"type": "Point", "coordinates": [-84.1742, 39.7471]}}, {"type": "Feature", "properties": {"name": "Beavercreek Agricultural Processing Center", "city": "Beavercreek", "state": "Ohio", "type": "Agriculture Hub"}, "geometry": {"type": "Point", "coordinates": [-84.0196, 39.7875]}}, {"type": "Feature", "properties": {"name": "Apopka Farm Bureau", "city": "Apopka", "state": "Florida", "type": "Agriculture Hub"}, "geometry": {"type": "Point", "coordinates": [-81.4928, 28.6818]}}, {"type": "Feature", "properties": {"name": "Elmhurst Farm Equipment Hub", "city": "Elmhurst", "state": "Illinois", "type": "Agriculture Hub"}, "geometry": {"type": "Point", "coordinates": [-88.0148, 41.8783]}}, {"type": "Feature", "properties": {"name": "Glenview Agricultural Processing Center", "city": "Glenview", "state": "Illinois", "type": "Agriculture Hub"}, "geometry": {"type": "Point", "coordinates": [-87.7069, 41.9941]}}, {"type": "Feature", "properties": {"name": "Cleveland Heights Farm Equipment Hub", "city": "Cleveland Heights", "state": "Ohio", "type": "Agriculture Hub"}, "geometry": {"type": "Point", "coordinates": [-81.4648, 41.4733]}}, {"type": "Feature", "properties": {"name": "Cleveland Heights Crop Research Station", "city": "Cleveland Heights", "state": "Ohio", "type": "Agriculture Hub"}, "geometry": {"type": "Point", "coordinates": [-81.471, 41.5963]}}, {"type": "Feature", "properties": {"name": "Lincoln Cotton Gin District", "city": "Lincoln", "state": "California", "type": "Agriculture Hub"}, "geometry": {"type": "Point", "coordinates": [-121.2031, 38.8515]}}, {"type": "Feature", "properties": {"name": "Lacey Grain Elevator", "city": "Lacey", "state": "Washington", "type": "Agriculture Hub"}, "geometry": {"type": "Point", "coordinates": [-122.885, 47.0285]}}, {"type": "Feature", "properties": {"name": "Biloxi Farmers Market Hub", "city": "Biloxi", "state": "Mississippi", "type": "Agriculture Hub"}, "geometry": {"type": "Point", "coordinates": [-88.9229, 30.3721]}}, {"type": "Feature", "properties": {"name": "Strongsville Soybean Processing Plant", "city": "Strongsville", "state": "Ohio", "type": "Agriculture Hub"}, "geometry": {"type": "Point", "coordinates": [-81.7835, 41.3012]}}, {"type": "Feature", "properties": {"name": "Wylie Farmers Market Hub", "city": "Wylie", "state": "Texas", "type": "Agriculture Hub"}, "geometry": {"type": "Point", "coordinates": [-96.4625, 33.019]}}, {"type": "Feature", "properties": {"name": "Wylie Farmers Market Hub", "city": "Wylie", "state": "Texas", "type": "Agriculture Hub"}, "geometry": {"type": "Point", "coordinates": [-96.4736, 32.9398]}}, {"type": "Feature", "properties": {"name": "Kannapolis Cotton Gin District", "city": "Kannapolis", "state": "North Carolina", "type": "Agriculture Hub"}, "geometry": {"type": "Point", "coordinates": [-80.7254, 35.5224]}}, {"type": "Feature", "properties": {"name": "Kannapolis Agricultural Cooperative", "city": "Kannapolis", "state": "North Carolina", "type": "Agriculture Hub"}, "geometry": {"type": "Point", "coordinates": [-80.7172, 35.5545]}}, {"type": "Feature", "properties": {"name": "Littleton Farmers Market Hub", "city": "Littleton", "state": "Colorado", "type": "Agriculture Hub"}, "geometry": {"type": "Point", "coordinates": [-104.9657, 39.6601]}}, {"type": "Feature", "properties": {"name": "Titusville Crop Research Station", "city": "Titusville", "state": "Florida", "type": "Agriculture Hub"}, "geometry": {"type": "Point", "coordinates": [-80.7211, 28.5394]}}, {"type": "Feature", "properties": {"name": "Titusville Poultry Processing Hub", "city": "Titusville", "state": "Florida", "type": "Agriculture Hub"}, "geometry": {"type": "Point", "coordinates": [-80.8202, 28.5546]}}, {"type": "Feature", "properties": {"name": "Newark Livestock Market", "city": "Newark", "state": "California", "type": "Agriculture Hub"}, "geometry": {"type": "Point", "coordinates": [-122.0507, 37.6086]}}, {"type": "Feature", "properties": {"name": "Newark Grain Elevator", "city": "Newark", "state": "California", "type": "Agriculture Hub"}, "geometry": {"type": "Point", "coordinates": [-122.1009, 37.5424]}}, {"type": "Feature", "properties": {"name": "Lombard Agricultural Processing Center", "city": "Lombard", "state": "Illinois", "type": "Agriculture Hub"}, "geometry": {"type": "Point", "coordinates": [-88.0018, 41.8436]}}, {"type": "Feature", "properties": {"name": "DeKalb Poultry Processing Hub", "city": "DeKalb", "state": "Illinois", "type": "Agriculture Hub"}, "geometry": {"type": "Point", "coordinates": [-88.809, 41.8981]}}, {"type": "Feature", "properties": {"name": "DeKalb Grain Elevator", "city": "DeKalb", "state": "Illinois", "type": "Agriculture Hub"}, "geometry": {"type": "Point", "coordinates": [-88.8562, 41.9726]}}, {"type": "Feature", "properties": {"name": "Dublin Produce Distribution Center", "city": "Dublin", "state": "Ohio", "type": "Agriculture Hub"}, "geometry": {"type": "Point", "coordinates": [-83.0106, 40.0242]}}, {"type": "Feature", "properties": {"name": "Dublin Crop Research Station", "city": "Dublin", "state": "Ohio", "type": "Agriculture Hub"}, "geometry": {"type": "Point", "coordinates": [-83.0979, 40.0911]}}, {"type": "Feature", "properties": {"name": "Haltom City Crop Research Station", "city": "Haltom City", "state": "Texas", "type": "Agriculture Hub"}, "geometry": {"type": "Point", "coordinates": [-97.3485, 32.7562]}}, {"type": "Feature", "properties": {"name": "Haltom City Livestock Market", "city": "Haltom City", "state": "Texas", "type": "Agriculture Hub"}, "geometry": {"type": "Point", "coordinates": [-97.3297, 32.8656]}}, {"type": "Feature", "properties": {"name": "Lompoc Grain Elevator", "city": "Lompoc", "state": "California", "type": "Agriculture Hub"}, "geometry": {"type": "Point", "coordinates": [-120.4492, 34.6346]}}, {"type": "Feature", "properties": {"name": "Lompoc Farm Equipment Hub", "city": "Lompoc", "state": "California", "type": "Agriculture Hub"}, "geometry": {"type": "Point", "coordinates": [-120.399, 34.6243]}}, {"type": "Feature", "properties": {"name": "El Centro Wheat Storage Facility", "city": "El Centro", "state": "California", "type": "Agriculture Hub"}, "geometry": {"type": "Point", "coordinates": [-115.6655, 32.7342]}}, {"type": "Feature", "properties": {"name": "Danville Agricultural Cooperative", "city": "Danville", "state": "California", "type": "Agriculture Hub"}, "geometry": {"type": "Point", "coordinates": [-121.9715, 37.8981]}}, {"type": "Feature", "properties": {"name": "Jefferson City Agricultural Processing Center", "city": "Jefferson City", "state": "Missouri", "type": "Agriculture Hub"}, "geometry": {"type": "Point", "coordinates": [-92.2515, 38.577]}}, {"type": "Feature", "properties": {"name": "Cutler Bay Dairy Processing Hub", "city": "Cutler Bay", "state": "Florida", "type": "Agriculture Hub"}, "geometry": {"type": "Point", "coordinates": [-80.4059, 25.6275]}}, {"type": "Feature", "properties": {"name": "Oakland Park Agri-Business Park", "city": "Oakland Park", "state": "Florida", "type": "Agriculture Hub"}, "geometry": {"type": "Point", "coordinates": [-80.1513, 26.1118]}}, {"type": "Feature", "properties": {"name": "Oakland Park Agricultural Processing Center", "city": "Oakland Park", "state": "Florida", "type": "Agriculture Hub"}, "geometry": {"type": "Point", "coordinates": [-80.1387, 26.1671]}}, {"type": "Feature", "properties": {"name": "North Miami Beach Agricultural Cooperative", "city": "North Miami Beach", "state": "Florida", "type": "Agriculture Hub"}, "geometry": {"type": "Point", "coordinates": [-80.2133, 25.9034]}}, {"type": "Feature", "properties": {"name": "North Miami Beach Farmers Market Hub", "city": "North Miami Beach", "state": "Florida", "type": "Agriculture Hub"}, "geometry": {"type": "Point", "coordinates": [-80.2181, 25.9845]}}, {"type": "Feature", "properties": {"name": "Moline Citrus Packing District", "city": "Moline", "state": "Illinois", "type": "Agriculture Hub"}, "geometry": {"type": "Point", "coordinates": [-90.593, 41.4623]}}, {"type": "Feature", "properties": {"name": "Moline Farmers Market Hub", "city": "Moline", "state": "Illinois", "type": "Agriculture Hub"}, "geometry": {"type": "Point", "coordinates": [-90.5664, 41.4344]}}, {"type": "Feature", "properties": {"name": "Coachella Grain Elevator", "city": "Coachella", "state": "California", "type": "Agriculture Hub"}, "geometry": {"type": "Point", "coordinates": [-116.1349, 33.6732]}}, {"type": "Feature", "properties": {"name": "Fort Pierce Soybean Processing Plant", "city": "Fort Pierce", "state": "Florida", "type": "Agriculture Hub"}, "geometry": {"type": "Point", "coordinates": [-80.4182, 27.388]}}, {"type": "Feature", "properties": {"name": "Smyrna Poultry Processing Hub", "city": "Smyrna", "state": "Tennessee", "type": "Agriculture Hub"}, "geometry": {"type": "Point", "coordinates": [-86.5253, 35.974]}}, {"type": "Feature", "properties": {"name": "Fond du Lac Farm Equipment Hub", "city": "Fond du Lac", "state": "Wisconsin", "type": "Agriculture Hub"}, "geometry": {"type": "Point", "coordinates": [-88.4341, 43.7191]}}, {"type": "Feature", "properties": {"name": "Fond du Lac Dairy Processing Hub", "city": "Fond du Lac", "state": "Wisconsin", "type": "Agriculture Hub"}, "geometry": {"type": "Point", "coordinates": [-88.5014, 43.8423]}}, {"type": "Feature", "properties": {"name": "Keller Agricultural Processing Center", "city": "Keller", "state": "Texas", "type": "Agriculture Hub"}, "geometry": {"type": "Point", "coordinates": [-97.2827, 32.9381]}}, {"type": "Feature", "properties": {"name": "Keller Crop Research Station", "city": "Keller", "state": "Texas", "type": "Agriculture Hub"}, "geometry": {"type": "Point", "coordinates": [-97.1425, 32.8554]}}, {"type": "Feature", "properties": {"name": "Belleville Crop Research Station", "city": "Belleville", "state": "Illinois", "type": "Agriculture Hub"}, "geometry": {"type": "Point", "coordinates": [-89.9388, 38.4974]}}, {"type": "Feature", "properties": {"name": "Belleville Agricultural Processing Center", "city": "Belleville", "state": "Illinois", "type": "Agriculture Hub"}, "geometry": {"type": "Point", "coordinates": [-90.0224, 38.5365]}}, {"type": "Feature", "properties": {"name": "Bell Gardens Agricultural Processing Center", "city": "Bell Gardens", "state": "California", "type": "Agriculture Hub"}, "geometry": {"type": "Point", "coordinates": [-118.0424, 34.0239]}}, {"type": "Feature", "properties": {"name": "Bell Gardens Feed Lot", "city": "Bell Gardens", "state": "California", "type": "Agriculture Hub"}, "geometry": {"type": "Point", "coordinates": [-118.1786, 33.9625]}}, {"type": "Feature", "properties": {"name": "Cleveland Produce Distribution Center", "city": "Cleveland", "state": "Tennessee", "type": "Agriculture Hub"}, "geometry": {"type": "Point", "coordinates": [-84.8414, 35.2289]}}, {"type": "Feature", "properties": {"name": "Cleveland Cotton Gin District", "city": "Cleveland", "state": "Tennessee", "type": "Agriculture Hub"}, "geometry": {"type": "Point", "coordinates": [-84.9668, 35.1622]}}, {"type": "Feature", "properties": {"name": "North Lauderdale Dairy Processing Hub", "city": "North Lauderdale", "state": "Florida", "type": "Agriculture Hub"}, "geometry": {"type": "Point", "coordinates": [-80.1477, 26.2757]}}, {"type": "Feature", "properties": {"name": "Fairfield Produce Distribution Center", "city": "Fairfield", "state": "Ohio", "type": "Agriculture Hub"}, "geometry": {"type": "Point", "coordinates": [-84.5048, 39.4187]}}, {"type": "Feature", "properties": {"name": "Rancho Palos Verdes Grain Elevator", "city": "Rancho Palos Verdes", "state": "California", "type": "Agriculture Hub"}, "geometry": {"type": "Point", "coordinates": [-118.4806, 33.7059]}}, {"type": "Feature", "properties": {"name": "San Bruno Crop Research Station", "city": "San Bruno", "state": "California", "type": "Agriculture Hub"}, "geometry": {"type": "Point", "coordinates": [-122.421, 37.5854]}}, {"type": "Feature", "properties": {"name": "San Bruno Agricultural Processing Center", "city": "San Bruno", "state": "California", "type": "Agriculture Hub"}, "geometry": {"type": "Point", "coordinates": [-122.3039, 37.6756]}}, {"type": "Feature", "properties": {"name": "Apex Agricultural Cooperative", "city": "Apex", "state": "North Carolina", "type": "Agriculture Hub"}, "geometry": {"type": "Point", "coordinates": [-78.8512, 35.7302]}}, {"type": "Feature", "properties": {"name": "Apex Poultry Processing Hub", "city": "Apex", "state": "North Carolina", "type": "Agriculture Hub"}, "geometry": {"type": "Point", "coordinates": [-78.8511, 35.7264]}}, {"type": "Feature", "properties": {"name": "Midland Wheat Storage Facility", "city": "Midland", "state": "Michigan", "type": "Agriculture Hub"}, "geometry": {"type": "Point", "coordinates": [-84.2656, 43.5872]}}, {"type": "Feature", "properties": {"name": "Altamonte Springs Soybean Processing Plant", "city": "Altamonte Springs", "state": "Florida", "type": "Agriculture Hub"}, "geometry": {"type": "Point", "coordinates": [-81.467, 28.6058]}}, {"type": "Feature", "properties": {"name": "Altamonte Springs Soybean Processing Plant", "city": "Altamonte Springs", "state": "Florida", "type": "Agriculture Hub"}, "geometry": {"type": "Point", "coordinates": [-81.2858, 28.7117]}}, {"type": "Feature", "properties": {"name": "Hutchinson Wheat Storage Facility", "city": "Hutchinson", "state": "Kansas", "type": "Agriculture Hub"}, "geometry": {"type": "Point", "coordinates": [-98.0345, 37.9874]}}, {"type": "Feature", "properties": {"name": "Hutchinson Cotton Gin District", "city": "Hutchinson", "state": "Kansas", "type": "Agriculture Hub"}, "geometry": {"type": "Point", "coordinates": [-98.0357, 38.1149]}}, {"type": "Feature", "properties": {"name": "Buffalo Grove Farm Equipment Hub", "city": "Buffalo Grove", "state": "Illinois", "type": "Agriculture Hub"}, "geometry": {"type": "Point", "coordinates": [-87.9111, 42.1424]}}, {"type": "Feature", "properties": {"name": "Buffalo Grove Agricultural Processing Center", "city": "Buffalo Grove", "state": "Illinois", "type": "Agriculture Hub"}, "geometry": {"type": "Point", "coordinates": [-87.8972, 42.1555]}}, {"type": "Feature", "properties": {"name": "Urbandale Soybean Processing Plant", "city": "Urbandale", "state": "Iowa", "type": "Agriculture Hub"}, "geometry": {"type": "Point", "coordinates": [-93.6907, 41.6779]}}, {"type": "Feature", "properties": {"name": "Urbandale Agri-Business Park", "city": "Urbandale", "state": "Iowa", "type": "Agriculture Hub"}, "geometry": {"type": "Point", "coordinates": [-93.8031, 41.6786]}}, {"type": "Feature", "properties": {"name": "Urbana Feed Lot", "city": "Urbana", "state": "Illinois", "type": "Agriculture Hub"}, "geometry": {"type": "Point", "coordinates": [-88.2298, 40.0833]}}, {"type": "Feature", "properties": {"name": "Urbana Agricultural Processing Center", "city": "Urbana", "state": "Illinois", "type": "Agriculture Hub"}, "geometry": {"type": "Point", "coordinates": [-88.1876, 40.0728]}}, {"type": "Feature", "properties": {"name": "Plainfield Grain Elevator", "city": "Plainfield", "state": "Illinois", "type": "Agriculture Hub"}, "geometry": {"type": "Point", "coordinates": [-88.1022, 41.6276]}}, {"type": "Feature", "properties": {"name": "Bartlett Cotton Gin District", "city": "Bartlett", "state": "Illinois", "type": "Agriculture Hub"}, "geometry": {"type": "Point", "coordinates": [-88.0802, 41.9683]}}, {"type": "Feature", "properties": {"name": "Findlay Grain Elevator", "city": "Findlay", "state": "Ohio", "type": "Agriculture Hub"}, "geometry": {"type": "Point", "coordinates": [-83.6049, 40.9649]}}, {"type": "Feature", "properties": {"name": "Findlay Farm Equipment Hub", "city": "Findlay", "state": "Ohio", "type": "Agriculture Hub"}, "geometry": {"type": "Point", "coordinates": [-83.699, 40.9995]}}, {"type": "Feature", "properties": {"name": "Rohnert Park Feed Lot", "city": "Rohnert Park", "state": "California", "type": "Agriculture Hub"}, "geometry": {"type": "Point", "coordinates": [-122.7666, 38.2885]}}, {"type": "Feature", "properties": {"name": "Brea Agricultural Processing Center", "city": "Brea", "state": "California", "type": "Agriculture Hub"}, "geometry": {"type": "Point", "coordinates": [-117.9658, 33.8421]}}, {"type": "Feature", "properties": {"name": "Brea Agricultural Processing Center", "city": "Brea", "state": "California", "type": "Agriculture Hub"}, "geometry": {"type": "Point", "coordinates": [-117.9628, 33.8945]}}, {"type": "Feature", "properties": {"name": "Covington Citrus Packing District", "city": "Covington", "state": "Kentucky", "type": "Agriculture Hub"}, "geometry": {"type": "Point", "coordinates": [-84.5452, 39.0215]}}, {"type": "Feature", "properties": {"name": "Covington Farm Equipment Hub", "city": "Covington", "state": "Kentucky", "type": "Agriculture Hub"}, "geometry": {"type": "Point", "coordinates": [-84.4527, 39.0628]}}, {"type": "Feature", "properties": {"name": "Rockwall Irrigation District", "city": "Rockwall", "state": "Texas", "type": "Agriculture Hub"}, "geometry": {"type": "Point", "coordinates": [-96.484, 32.9134]}}, {"type": "Feature", "properties": {"name": "Meridian Livestock Market", "city": "Meridian", "state": "Mississippi", "type": "Agriculture Hub"}, "geometry": {"type": "Point", "coordinates": [-88.749, 32.3434]}}, {"type": "Feature", "properties": {"name": "St. Cloud Irrigation District", "city": "St. Cloud", "state": "Florida", "type": "Agriculture Hub"}, "geometry": {"type": "Point", "coordinates": [-81.2797, 28.2067]}}, {"type": "Feature", "properties": {"name": "Quincy Wheat Storage Facility", "city": "Quincy", "state": "Illinois", "type": "Agriculture Hub"}, "geometry": {"type": "Point", "coordinates": [-91.3681, 39.9249]}}, {"type": "Feature", "properties": {"name": "Morgan Hill Farm Equipment Hub", "city": "Morgan Hill", "state": "California", "type": "Agriculture Hub"}, "geometry": {"type": "Point", "coordinates": [-121.6467, 37.0652]}}, {"type": "Feature", "properties": {"name": "Morgan Hill Citrus Packing District", "city": "Morgan Hill", "state": "California", "type": "Agriculture Hub"}, "geometry": {"type": "Point", "coordinates": [-121.6138, 37.0539]}}, {"type": "Feature", "properties": {"name": "Warren Citrus Packing District", "city": "Warren", "state": "Ohio", "type": "Agriculture Hub"}, "geometry": {"type": "Point", "coordinates": [-80.8416, 41.2111]}}, {"type": "Feature", "properties": {"name": "Edmonds Farm Bureau", "city": "Edmonds", "state": "Washington", "type": "Agriculture Hub"}, "geometry": {"type": "Point", "coordinates": [-122.326, 47.7715]}}, {"type": "Feature", "properties": {"name": "Edmonds Dairy Processing Hub", "city": "Edmonds", "state": "Washington", "type": "Agriculture Hub"}, "geometry": {"type": "Point", "coordinates": [-122.4101, 47.7312]}}, {"type": "Feature", "properties": {"name": "Burleson Agricultural Processing Center", "city": "Burleson", "state": "Texas", "type": "Agriculture Hub"}, "geometry": {"type": "Point", "coordinates": [-97.277, 32.5136]}}, {"type": "Feature", "properties": {"name": "Mankato Cotton Gin District", "city": "Mankato", "state": "Minnesota", "type": "Agriculture Hub"}, "geometry": {"type": "Point", "coordinates": [-94.0475, 44.1319]}}, {"type": "Feature", "properties": {"name": "Campbell Farm Equipment Hub", "city": "Campbell", "state": "California", "type": "Agriculture Hub"}, "geometry": {"type": "Point", "coordinates": [-122.0058, 37.3226]}}, {"type": "Feature", "properties": {"name": "Cedar Falls Citrus Packing District", "city": "Cedar Falls", "state": "Iowa", "type": "Agriculture Hub"}, "geometry": {"type": "Point", "coordinates": [-92.3335, 42.612]}}, {"type": "Feature", "properties": {"name": "Beaumont Citrus Packing District", "city": "Beaumont", "state": "California", "type": "Agriculture Hub"}, "geometry": {"type": "Point", "coordinates": [-116.9104, 33.9026]}}, {"type": "Feature", "properties": {"name": "La Puente Cotton Gin District", "city": "La Puente", "state": "California", "type": "Agriculture Hub"}, "geometry": {"type": "Point", "coordinates": [-118.0094, 34.0591]}}, {"type": "Feature", "properties": {"name": "Crystal Lake Feed Lot", "city": "Crystal Lake", "state": "Illinois", "type": "Agriculture Hub"}, "geometry": {"type": "Point", "coordinates": [-88.3882, 42.1979]}}, {"type": "Feature", "properties": {"name": "Carol Stream Agricultural Cooperative", "city": "Carol Stream", "state": "Illinois", "type": "Agriculture Hub"}, "geometry": {"type": "Point", "coordinates": [-88.1836, 41.9314]}}, {"type": "Feature", "properties": {"name": "Carol Stream Produce Distribution Center", "city": "Carol Stream", "state": "Illinois", "type": "Agriculture Hub"}, "geometry": {"type": "Point", "coordinates": [-88.1704, 41.8613]}}, {"type": "Feature", "properties": {"name": "Hickory Agricultural Cooperative", "city": "Hickory", "state": "North Carolina", "type": "Agriculture Hub"}, "geometry": {"type": "Point", "coordinates": [-81.2398, 35.7843]}}, {"type": "Feature", "properties": {"name": "Streamwood Citrus Packing District", "city": "Streamwood", "state": "Illinois", "type": "Agriculture Hub"}, "geometry": {"type": "Point", "coordinates": [-88.1926, 42.093]}}, {"type": "Feature", "properties": {"name": "Coppell Produce Distribution Center", "city": "Coppell", "state": "Texas", "type": "Agriculture Hub"}, "geometry": {"type": "Point", "coordinates": [-96.9442, 32.9246]}}, {"type": "Feature", "properties": {"name": "Coppell Produce Distribution Center", "city": "Coppell", "state": "Texas", "type": "Agriculture Hub"}, "geometry": {"type": "Point", "coordinates": [-97.0573, 33.0201]}}, {"type": "Feature", "properties": {"name": "San Gabriel Farmers Market Hub", "city": "San Gabriel", "state": "California", "type": "Agriculture Hub"}, "geometry": {"type": "Point", "coordinates": [-118.0799, 34.1065]}}, {"type": "Feature", "properties": {"name": "San Gabriel Irrigation District", "city": "San Gabriel", "state": "California", "type": "Agriculture Hub"}, "geometry": {"type": "Point", "coordinates": [-118.1673, 34.0191]}}, {"type": "Feature", "properties": {"name": "Bentonville Grain Elevator", "city": "Bentonville", "state": "Arkansas", "type": "Agriculture Hub"}, "geometry": {"type": "Point", "coordinates": [-94.1065, 36.2988]}}, {"type": "Feature", "properties": {"name": "Peachtree Corners Agri-Business Park", "city": "Peachtree Corners", "state": "Georgia", "type": "Agriculture Hub"}, "geometry": {"type": "Point", "coordinates": [-84.2181, 34.0066]}}, {"type": "Feature", "properties": {"name": "Peachtree Corners Cotton Gin District", "city": "Peachtree Corners", "state": "Georgia", "type": "Agriculture Hub"}, "geometry": {"type": "Point", "coordinates": [-84.2973, 33.9306]}}, {"type": "Feature", "properties": {"name": "Florence Farmers Market Hub", "city": "Florence", "state": "Alabama", "type": "Agriculture Hub"}, "geometry": {"type": "Point", "coordinates": [-87.673, 34.8223]}}, {"type": "Feature", "properties": {"name": "Brentwood Feed Lot", "city": "Brentwood", "state": "Tennessee", "type": "Agriculture Hub"}, "geometry": {"type": "Point", "coordinates": [-86.8706, 36.0862]}}, {"type": "Feature", "properties": {"name": "Bozeman Citrus Packing District", "city": "Bozeman", "state": "Montana", "type": "Agriculture Hub"}, "geometry": {"type": "Point", "coordinates": [-111.0601, 45.7439]}}, {"type": "Feature", "properties": {"name": "Bozeman Grain Elevator", "city": "Bozeman", "state": "Montana", "type": "Agriculture Hub"}, "geometry": {"type": "Point", "coordinates": [-111.1052, 45.6302]}}, {"type": "Feature", "properties": {"name": "New Berlin Cotton Gin District", "city": "New Berlin", "state": "Wisconsin", "type": "Agriculture Hub"}, "geometry": {"type": "Point", "coordinates": [-88.0498, 42.9647]}}, {"type": "Feature", "properties": {"name": "New Berlin Cotton Gin District", "city": "New Berlin", "state": "Wisconsin", "type": "Agriculture Hub"}, "geometry": {"type": "Point", "coordinates": [-88.0498, 43.016]}}, {"type": "Feature", "properties": {"name": "Huntsville Agricultural Processing Center", "city": "Huntsville", "state": "Texas", "type": "Agriculture Hub"}, "geometry": {"type": "Point", "coordinates": [-95.6521, 30.6726]}}, {"type": "Feature", "properties": {"name": "Maplewood Poultry Processing Hub", "city": "Maplewood", "state": "Minnesota", "type": "Agriculture Hub"}, "geometry": {"type": "Point", "coordinates": [-92.9875, 44.9468]}}, {"type": "Feature", "properties": {"name": "Romeoville Farm Bureau", "city": "Romeoville", "state": "Illinois", "type": "Agriculture Hub"}, "geometry": {"type": "Point", "coordinates": [-88.055, 41.6485]}}, {"type": "Feature", "properties": {"name": "Romeoville Dairy Processing Hub", "city": "Romeoville", "state": "Illinois", "type": "Agriculture Hub"}, "geometry": {"type": "Point", "coordinates": [-88.0354, 41.5827]}}, {"type": "Feature", "properties": {"name": "Duncanville Poultry Processing Hub", "city": "Duncanville", "state": "Texas", "type": "Agriculture Hub"}, "geometry": {"type": "Point", "coordinates": [-96.845, 32.6877]}}, {"type": "Feature", "properties": {"name": "The Colony Farmers Market Hub", "city": "The Colony", "state": "Texas", "type": "Agriculture Hub"}, "geometry": {"type": "Point", "coordinates": [-96.8752, 33.0455]}}, {"type": "Feature", "properties": {"name": "The Colony Farm Equipment Hub", "city": "The Colony", "state": "Texas", "type": "Agriculture Hub"}, "geometry": {"type": "Point", "coordinates": [-96.9783, 33.1231]}}, {"type": "Feature", "properties": {"name": "Culver City Agricultural Cooperative", "city": "Culver City", "state": "California", "type": "Agriculture Hub"}, "geometry": {"type": "Point", "coordinates": [-118.5001, 33.9989]}}, {"type": "Feature", "properties": {"name": "Culver City Wheat Storage Facility", "city": "Culver City", "state": "California", "type": "Agriculture Hub"}, "geometry": {"type": "Point", "coordinates": [-118.4974, 33.9908]}}, {"type": "Feature", "properties": {"name": "Moorhead Livestock Market", "city": "Moorhead", "state": "Minnesota", "type": "Agriculture Hub"}, "geometry": {"type": "Point", "coordinates": [-96.7677, 46.8718]}}, {"type": "Feature", "properties": {"name": "Moorhead Crop Research Station", "city": "Moorhead", "state": "Minnesota", "type": "Agriculture Hub"}, "geometry": {"type": "Point", "coordinates": [-96.8011, 46.9485]}}, {"type": "Feature", "properties": {"name": "Calexico Soybean Processing Plant", "city": "Calexico", "state": "California", "type": "Agriculture Hub"}, "geometry": {"type": "Point", "coordinates": [-115.4658, 32.6654]}}, {"type": "Feature", "properties": {"name": "Calexico Farmers Market Hub", "city": "Calexico", "state": "California", "type": "Agriculture Hub"}, "geometry": {"type": "Point", "coordinates": [-115.4895, 32.6278]}}, {"type": "Feature", "properties": {"name": "Germantown Poultry Processing Hub", "city": "Germantown", "state": "Tennessee", "type": "Agriculture Hub"}, "geometry": {"type": "Point", "coordinates": [-89.835, 35.0809]}}, {"type": "Feature", "properties": {"name": "La Quinta Agricultural Cooperative", "city": "La Quinta", "state": "California", "type": "Agriculture Hub"}, "geometry": {"type": "Point", "coordinates": [-116.2, 33.6607]}}, {"type": "Feature", "properties": {"name": "Lancaster Dairy Processing Hub", "city": "Lancaster", "state": "Ohio", "type": "Agriculture Hub"}, "geometry": {"type": "Point", "coordinates": [-82.5659, 39.6946]}}, {"type": "Feature", "properties": {"name": "Wausau Wheat Storage Facility", "city": "Wausau", "state": "Wisconsin", "type": "Agriculture Hub"}, "geometry": {"type": "Point", "coordinates": [-89.7293, 44.9839]}}, {"type": "Feature", "properties": {"name": "Sherman Farm Equipment Hub", "city": "Sherman", "state": "Texas", "type": "Agriculture Hub"}, "geometry": {"type": "Point", "coordinates": [-96.5501, 33.671]}}, {"type": "Feature", "properties": {"name": "Ocoee Feed Lot", "city": "Ocoee", "state": "Florida", "type": "Agriculture Hub"}, "geometry": {"type": "Point", "coordinates": [-81.6397, 28.4911]}}, {"type": "Feature", "properties": {"name": "Shakopee Dairy Processing Hub", "city": "Shakopee", "state": "Minnesota", "type": "Agriculture Hub"}, "geometry": {"type": "Point", "coordinates": [-93.4417, 44.8063]}}, {"type": "Feature", "properties": {"name": "Bremerton Farm Equipment Hub", "city": "Bremerton", "state": "Washington", "type": "Agriculture Hub"}, "geometry": {"type": "Point", "coordinates": [-122.5985, 47.5839]}}, {"type": "Feature", "properties": {"name": "Rock Island Poultry Processing Hub", "city": "Rock Island", "state": "Illinois", "type": "Agriculture Hub"}, "geometry": {"type": "Point", "coordinates": [-90.6892, 41.4694]}}, {"type": "Feature", "properties": {"name": "Rock Island Feed Lot", "city": "Rock Island", "state": "Illinois", "type": "Agriculture Hub"}, "geometry": {"type": "Point", "coordinates": [-90.5711, 41.5859]}}, {"type": "Feature", "properties": {"name": "Muskogee Agri-Business Park", "city": "Muskogee", "state": "Oklahoma", "type": "Agriculture Hub"}, "geometry": {"type": "Point", "coordinates": [-95.3508, 35.7568]}}, {"type": "Feature", "properties": {"name": "Cape Girardeau Cotton Gin District", "city": "Cape Girardeau", "state": "Missouri", "type": "Agriculture Hub"}, "geometry": {"type": "Point", "coordinates": [-89.6184, 37.3736]}}, {"type": "Feature", "properties": {"name": "Greenacres Cotton Gin District", "city": "Greenacres", "state": "Florida", "type": "Agriculture Hub"}, "geometry": {"type": "Point", "coordinates": [-80.1299, 26.6962]}}, {"type": "Feature", "properties": {"name": "Greenacres Wheat Storage Facility", "city": "Greenacres", "state": "Florida", "type": "Agriculture Hub"}, "geometry": {"type": "Point", "coordinates": [-80.0306, 26.6466]}}, {"type": "Feature", "properties": {"name": "Ormond Beach Irrigation District", "city": "Ormond Beach", "state": "Florida", "type": "Agriculture Hub"}, "geometry": {"type": "Point", "coordinates": [-81.1249, 29.3225]}}, {"type": "Feature", "properties": {"name": "Hallandale Beach Agri-Business Park", "city": "Hallandale Beach", "state": "Florida", "type": "Agriculture Hub"}, "geometry": {"type": "Point", "coordinates": [-80.2518, 25.9886]}}, {"type": "Feature", "properties": {"name": "Stanton Farmers Market Hub", "city": "Stanton", "state": "California", "type": "Agriculture Hub"}, "geometry": {"type": "Point", "coordinates": [-118.0494, 33.7953]}}, {"type": "Feature", "properties": {"name": "Stanton Grain Elevator", "city": "Stanton", "state": "California", "type": "Agriculture Hub"}, "geometry": {"type": "Point", "coordinates": [-118.0448, 33.7326]}}, {"type": "Feature", "properties": {"name": "Puyallup Farm Bureau", "city": "Puyallup", "state": "Washington", "type": "Agriculture Hub"}, "geometry": {"type": "Point", "coordinates": [-122.1839, 47.1425]}}, {"type": "Feature", "properties": {"name": "Puyallup Crop Research Station", "city": "Puyallup", "state": "Washington", "type": "Agriculture Hub"}, "geometry": {"type": "Point", "coordinates": [-122.3476, 47.1968]}}, {"type": "Feature", "properties": {"name": "Pacifica Dairy Processing Hub", "city": "Pacifica", "state": "California", "type": "Agriculture Hub"}, "geometry": {"type": "Point", "coordinates": [-122.4326, 37.6911]}}, {"type": "Feature", "properties": {"name": "Hanover Park Dairy Processing Hub", "city": "Hanover Park", "state": "Illinois", "type": "Agriculture Hub"}, "geometry": {"type": "Point", "coordinates": [-88.1148, 41.9857]}}, {"type": "Feature", "properties": {"name": "Hurst Crop Research Station", "city": "Hurst", "state": "Texas", "type": "Agriculture Hub"}, "geometry": {"type": "Point", "coordinates": [-97.2551, 32.8417]}}, {"type": "Feature", "properties": {"name": "Lima Agri-Business Park", "city": "Lima", "state": "Ohio", "type": "Agriculture Hub"}, "geometry": {"type": "Point", "coordinates": [-84.1803, 40.8146]}}, {"type": "Feature", "properties": {"name": "Lima Poultry Processing Hub", "city": "Lima", "state": "Ohio", "type": "Agriculture Hub"}, "geometry": {"type": "Point", "coordinates": [-84.0899, 40.674]}}, {"type": "Feature", "properties": {"name": "Carpentersville Cotton Gin District", "city": "Carpentersville", "state": "Illinois", "type": "Agriculture Hub"}, "geometry": {"type": "Point", "coordinates": [-88.2571, 42.182]}}, {"type": "Feature", "properties": {"name": "Carpentersville Soybean Processing Plant", "city": "Carpentersville", "state": "Illinois", "type": "Agriculture Hub"}, "geometry": {"type": "Point", "coordinates": [-88.2986, 42.1139]}}, {"type": "Feature", "properties": {"name": "Oakley Feed Lot", "city": "Oakley", "state": "California", "type": "Agriculture Hub"}, "geometry": {"type": "Point", "coordinates": [-121.8216, 38.0164]}}, {"type": "Feature", "properties": {"name": "Huber Heights Wheat Storage Facility", "city": "Huber Heights", "state": "Ohio", "type": "Agriculture Hub"}, "geometry": {"type": "Point", "coordinates": [-84.1261, 39.8633]}}, {"type": "Feature", "properties": {"name": "Huber Heights Crop Research Station", "city": "Huber Heights", "state": "Ohio", "type": "Agriculture Hub"}, "geometry": {"type": "Point", "coordinates": [-84.0711, 39.8113]}}, {"type": "Feature", "properties": {"name": "Lancaster Agri-Business Park", "city": "Lancaster", "state": "Texas", "type": "Agriculture Hub"}, "geometry": {"type": "Point", "coordinates": [-96.6892, 32.5785]}}, {"type": "Feature", "properties": {"name": "Montclair Farmers Market Hub", "city": "Montclair", "state": "California", "type": "Agriculture Hub"}, "geometry": {"type": "Point", "coordinates": [-117.7179, 34.0726]}}, {"type": "Feature", "properties": {"name": "Montclair Crop Research Station", "city": "Montclair", "state": "California", "type": "Agriculture Hub"}, "geometry": {"type": "Point", "coordinates": [-117.6514, 34.0457]}}, {"type": "Feature", "properties": {"name": "Wheeling Irrigation District", "city": "Wheeling", "state": "Illinois", "type": "Agriculture Hub"}, "geometry": {"type": "Point", "coordinates": [-87.9673, 42.1527]}}, {"type": "Feature", "properties": {"name": "Brookfield Crop Research Station", "city": "Brookfield", "state": "Wisconsin", "type": "Agriculture Hub"}, "geometry": {"type": "Point", "coordinates": [-88.0313, 42.9958]}}, {"type": "Feature", "properties": {"name": "Brookfield Livestock Market", "city": "Brookfield", "state": "Wisconsin", "type": "Agriculture Hub"}, "geometry": {"type": "Point", "coordinates": [-88.0093, 43.0128]}}, {"type": "Feature", "properties": {"name": "Park Ridge Dairy Processing Hub", "city": "Park Ridge", "state": "Illinois", "type": "Agriculture Hub"}, "geometry": {"type": "Point", "coordinates": [-87.774, 41.936]}}, {"type": "Feature", "properties": {"name": "Park Ridge Cotton Gin District", "city": "Park Ridge", "state": "Illinois", "type": "Agriculture Hub"}, "geometry": {"type": "Point", "coordinates": [-87.8319, 42.0689]}}, {"type": "Feature", "properties": {"name": "Winter Garden Soybean Processing Plant", "city": "Winter Garden", "state": "Florida", "type": "Agriculture Hub"}, "geometry": {"type": "Point", "coordinates": [-81.4884, 28.6258]}}, {"type": "Feature", "properties": {"name": "Winter Garden Agricultural Processing Center", "city": "Winter Garden", "state": "Florida", "type": "Agriculture Hub"}, "geometry": {"type": "Point", "coordinates": [-81.5604, 28.5834]}}, {"type": "Feature", "properties": {"name": "Lake Oswego Feed Lot", "city": "Lake Oswego", "state": "Oregon", "type": "Agriculture Hub"}, "geometry": {"type": "Point", "coordinates": [-122.7196, 45.3635]}}, {"type": "Feature", "properties": {"name": "Friendswood Agri-Business Park", "city": "Friendswood", "state": "Texas", "type": "Agriculture Hub"}, "geometry": {"type": "Point", "coordinates": [-95.0902, 29.5652]}}, {"type": "Feature", "properties": {"name": "Friendswood Agri-Business Park", "city": "Friendswood", "state": "Texas", "type": "Agriculture Hub"}, "geometry": {"type": "Point", "coordinates": [-95.0982, 29.5672]}}, {"type": "Feature", "properties": {"name": "Westerville Produce Distribution Center", "city": "Westerville", "state": "Ohio", "type": "Agriculture Hub"}, "geometry": {"type": "Point", "coordinates": [-82.8904, 40.1651]}}, {"type": "Feature", "properties": {"name": "Westerville Livestock Market", "city": "Westerville", "state": "Ohio", "type": "Agriculture Hub"}, "geometry": {"type": "Point", "coordinates": [-83.034, 40.1921]}}, {"type": "Feature", "properties": {"name": "Northglenn Crop Research Station", "city": "Northglenn", "state": "Colorado", "type": "Agriculture Hub"}, "geometry": {"type": "Point", "coordinates": [-105.0289, 39.8704]}}, {"type": "Feature", "properties": {"name": "Northglenn Farm Equipment Hub", "city": "Northglenn", "state": "Colorado", "type": "Agriculture Hub"}, "geometry": {"type": "Point", "coordinates": [-104.903, 39.8531]}}, {"type": "Feature", "properties": {"name": "Phenix City Agricultural Cooperative", "city": "Phenix City", "state": "Alabama", "type": "Agriculture Hub"}, "geometry": {"type": "Point", "coordinates": [-85.1109, 32.4759]}}, {"type": "Feature", "properties": {"name": "Phenix City Livestock Market", "city": "Phenix City", "state": "Alabama", "type": "Agriculture Hub"}, "geometry": {"type": "Point", "coordinates": [-84.934, 32.5279]}}, {"type": "Feature", "properties": {"name": "Grove City Feed Lot", "city": "Grove City", "state": "Ohio", "type": "Agriculture Hub"}, "geometry": {"type": "Point", "coordinates": [-83.1424, 39.9449]}}, {"type": "Feature", "properties": {"name": "Texarkana Feed Lot", "city": "Texarkana", "state": "Texas", "type": "Agriculture Hub"}, "geometry": {"type": "Point", "coordinates": [-94.0145, 33.3671]}}, {"type": "Feature", "properties": {"name": "Addison Cotton Gin District", "city": "Addison", "state": "Illinois", "type": "Agriculture Hub"}, "geometry": {"type": "Point", "coordinates": [-87.9352, 41.9712]}}, {"type": "Feature", "properties": {"name": "Lincoln Park Crop Research Station", "city": "Lincoln Park", "state": "Michigan", "type": "Agriculture Hub"}, "geometry": {"type": "Point", "coordinates": [-83.1442, 42.2786]}}, {"type": "Feature", "properties": {"name": "Lincoln Park Citrus Packing District", "city": "Lincoln Park", "state": "Michigan", "type": "Agriculture Hub"}, "geometry": {"type": "Point", "coordinates": [-83.1314, 42.258]}}, {"type": "Feature", "properties": {"name": "Calumet City Irrigation District", "city": "Calumet City", "state": "Illinois", "type": "Agriculture Hub"}, "geometry": {"type": "Point", "coordinates": [-87.4273, 41.6896]}}, {"type": "Feature", "properties": {"name": "Muskegon Agri-Business Park", "city": "Muskegon", "state": "Michigan", "type": "Agriculture Hub"}, "geometry": {"type": "Point", "coordinates": [-86.2338, 43.1612]}}, {"type": "Feature", "properties": {"name": "Aventura Grain Elevator", "city": "Aventura", "state": "Florida", "type": "Agriculture Hub"}, "geometry": {"type": "Point", "coordinates": [-80.111, 25.8998]}}, {"type": "Feature", "properties": {"name": "Aventura Cotton Gin District", "city": "Aventura", "state": "Florida", "type": "Agriculture Hub"}, "geometry": {"type": "Point", "coordinates": [-80.1731, 25.9154]}}, {"type": "Feature", "properties": {"name": "Martinez Wheat Storage Facility", "city": "Martinez", "state": "California", "type": "Agriculture Hub"}, "geometry": {"type": "Point", "coordinates": [-122.1418, 38.0992]}}, {"type": "Feature", "properties": {"name": "Greenfield Poultry Processing Hub", "city": "Greenfield", "state": "Wisconsin", "type": "Agriculture Hub"}, "geometry": {"type": "Point", "coordinates": [-87.9148, 43.0334]}}, {"type": "Feature", "properties": {"name": "Monrovia Grain Elevator", "city": "Monrovia", "state": "California", "type": "Agriculture Hub"}, "geometry": {"type": "Point", "coordinates": [-117.9614, 34.1657]}}, {"type": "Feature", "properties": {"name": "Monrovia Grain Elevator", "city": "Monrovia", "state": "California", "type": "Agriculture Hub"}, "geometry": {"type": "Point", "coordinates": [-117.9703, 34.1342]}}, {"type": "Feature", "properties": {"name": "Weslaco Agri-Business Park", "city": "Weslaco", "state": "Texas", "type": "Agriculture Hub"}, "geometry": {"type": "Point", "coordinates": [-98.0854, 26.1717]}}, {"type": "Feature", "properties": {"name": "Weslaco Farm Equipment Hub", "city": "Weslaco", "state": "Texas", "type": "Agriculture Hub"}, "geometry": {"type": "Point", "coordinates": [-97.9307, 26.1658]}}, {"type": "Feature", "properties": {"name": "Keizer Agricultural Cooperative", "city": "Keizer", "state": "Oregon", "type": "Agriculture Hub"}, "geometry": {"type": "Point", "coordinates": [-122.9857, 44.9429]}}, {"type": "Feature", "properties": {"name": "Keizer Farm Equipment Hub", "city": "Keizer", "state": "Oregon", "type": "Agriculture Hub"}, "geometry": {"type": "Point", "coordinates": [-123.0955, 44.9573]}}, {"type": "Feature", "properties": {"name": "Beloit Citrus Packing District", "city": "Beloit", "state": "Wisconsin", "type": "Agriculture Hub"}, "geometry": {"type": "Point", "coordinates": [-89.1001, 42.4587]}}, {"type": "Feature", "properties": {"name": "Panama City Soybean Processing Plant", "city": "Panama City", "state": "Florida", "type": "Agriculture Hub"}, "geometry": {"type": "Point", "coordinates": [-85.7039, 30.1847]}}]}