{"type": "FeatureCollection", "features": [{"type": "Feature", "properties": {"name": "New York Museum District", "city": "New York", "state": "New York", "type": "Cultural Hub"}, "geometry": {"type": "Point", "coordinates": [-74.0578, 40.717]}}, {"type": "Feature", "properties": {"name": "New York Museum District", "city": "New York", "state": "New York", "type": "Cultural Hub"}, "geometry": {"type": "Point", "coordinates": [-73.9679, 40.7387]}}, {"type": "Feature", "properties": {"name": "New York Symphony Hall", "city": "New York", "state": "New York", "type": "Cultural Hub"}, "geometry": {"type": "Point", "coordinates": [-74.0235, 40.7168]}}, {"type": "Feature", "properties": {"name": "New York Museum District", "city": "New York", "state": "New York", "type": "Cultural Hub"}, "geometry": {"type": "Point", "coordinates": [-74.0224, 40.7007]}}, {"type": "Feature", "properties": {"name": "New York Performing Arts Center", "city": "New York", "state": "New York", "type": "Cultural Hub"}, "geometry": {"type": "Point", "coordinates": [-73.9654, 40.6778]}}, {"type": "Feature", "properties": {"name": "New York Gallery District", "city": "New York", "state": "New York", "type": "Cultural Hub"}, "geometry": {"type": "Point", "coordinates": [-73.9677, 40.7397]}}, {"type": "Feature", "properties": {"name": "New York Library Arts Center", "city": "New York", "state": "New York", "type": "Cultural Hub"}, "geometry": {"type": "Point", "coordinates": [-73.9892, 40.6846]}}, {"type": "Feature", "properties": {"name": "New York Symphony Hall", "city": "New York", "state": "New York", "type": "Cultural Hub"}, "geometry": {"type": "Point", "coordinates": [-74.0134, 40.7323]}}, {"type": "Feature", "properties": {"name": "New York Museum District", "city": "New York", "state": "New York", "type": "Cultural Hub"}, "geometry": {"type": "Point", "coordinates": [-74.0202, 40.7283]}}, {"type": "Feature", "properties": {"name": "New York Cultural Center", "city": "New York", "state": "New York", "type": "Cultural Hub"}, "geometry": {"type": "Point", "coordinates": [-73.9713, 40.7071]}}, {"type": "Feature", "properties": {"name": "New York Library Arts Center", "city": "New York", "state": "New York", "type": "Cultural Hub"}, "geometry": {"type": "Point", "coordinates": [-73.995, 40.73]}}, {"type": "Feature", "properties": {"name": "Los Angeles Museum District", "city": "Los Angeles", "state": "California", "type": "Cultural Hub"}, "geometry": {"type": "Point", "coordinates": [-118.278, 34.0142]}}, {"type": "Feature", "properties": {"name": "Los Angeles Museum District", "city": "Los Angeles", "state": "California", "type": "Cultural Hub"}, "geometry": {"type": "Point", "coordinates": [-118.2193, 34.0908]}}, {"type": "Feature", "properties": {"name": "Los Angeles Convention Center", "city": "Los Angeles", "state": "California", "type": "Cultural Hub"}, "geometry": {"type": "Point", "coordinates": [-118.2575, 34.0738]}}, {"type": "Feature", "properties": {"name": "Los Angeles Entertainment District", "city": "Los Angeles", "state": "California", "type": "Cultural Hub"}, "geometry": {"type": "Point", "coordinates": [-118.2549, 34.0263]}}, {"type": "Feature", "properties": {"name": "Los Angeles Entertainment District", "city": "Los Angeles", "state": "California", "type": "Cultural Hub"}, "geometry": {"type": "Point", "coordinates": [-118.2221, 34.0296]}}, {"type": "Feature", "properties": {"name": "Los Angeles History Museum", "city": "Los Angeles", "state": "California", "type": "Cultural Hub"}, "geometry": {"type": "Point", "coordinates": [-118.2198, 34.0382]}}, {"type": "Feature", "properties": {"name": "Los Angeles Film Arts Center", "city": "Los Angeles", "state": "California", "type": "Cultural Hub"}, "geometry": {"type": "Point", "coordinates": [-118.2171, 34.0195]}}, {"type": "Feature", "properties": {"name": "Los Angeles Performing Arts Center", "city": "Los Angeles", "state": "California", "type": "Cultural Hub"}, "geometry": {"type": "Point", "coordinates": [-118.2176, 34.051]}}, {"type": "Feature", "properties": {"name": "Chicago Civic Theater", "city": "Chicago", "state": "Illinois", "type": "Cultural Hub"}, "geometry": {"type": "Point", "coordinates": [-87.643, 41.866]}}, {"type": "Feature", "properties": {"name": "Chicago Heritage Museum", "city": "Chicago", "state": "Illinois", "type": "Cultural Hub"}, "geometry": {"type": "Point", "coordinates": [-87.6581, 41.9154]}}, {"type": "Feature", "properties": {"name": "Chicago Cultural Center", "city": "Chicago", "state": "Illinois", "type": "Cultural Hub"}, "geometry": {"type": "Point", "coordinates": [-87.5799, 41.8899]}}, {"type": "Feature", "properties": {"name": "Chicago Film Arts Center", "city": "Chicago", "state": "Illinois", "type": "Cultural Hub"}, "geometry": {"type": "Point", "coordinates": [-87.6444, 41.8551]}}, {"type": "Feature", "properties": {"name": "Chicago Museum District", "city": "Chicago", "state": "Illinois", "type": "Cultural Hub"}, "geometry": {"type": "Point", "coordinates": [-87.5926, 41.9175]}}, {"type": "Feature", "properties": {"name": "Chicago Film Arts Center", "city": "Chicago", "state": "Illinois", "type": "Cultural Hub"}, "geometry": {"type": "Point", "coordinates": [-87.6024, 41.862]}}, {"type": "Feature", "properties": {"name": "Chicago Cultural Arts Campus", "city": "Chicago", "state": "Illinois", "type": "Cultural Hub"}, "geometry": {"type": "Point", "coordinates": [-87.6638, 41.9033]}}, {"type": "Feature", "properties": {"name": "Chicago Theater District", "city": "Chicago", "state": "Illinois", "type": "Cultural Hub"}, "geometry": {"type": "Point", "coordinates": [-87.5874, 41.8386]}}, {"type": "Feature", "properties": {"name": "Chicago Civic Theater", "city": "Chicago", "state": "Illinois", "type": "Cultural Hub"}, "geometry": {"type": "Point", "coordinates": [-87.5759, 41.91]}}, {"type": "Feature", "properties": {"name": "Chicago Convention Center", "city": "Chicago", "state": "Illinois", "type": "Cultural Hub"}, "geometry": {"type": "Point", "coordinates": [-87.5852, 41.8936]}}, {"type": "Feature", "properties": {"name": "Chicago Library Arts Center", "city": "Chicago", "state": "Illinois", "type": "Cultural Hub"}, "geometry": {"type": "Point", "coordinates": [-87.6731, 41.8946]}}, {"type": "Feature", "properties": {"name": "Chicago Arts District", "city": "Chicago", "state": "Illinois", "type": "Cultural Hub"}, "geometry": {"type": "Point", "coordinates": [-87.577, 41.8477]}}, {"type": "Feature", "properties": {"name": "Chicago Gallery District", "city": "Chicago", "state": "Illinois", "type": "Cultural Hub"}, "geometry": {"type": "Point", "coordinates": [-87.6854, 41.879]}}, {"type": "Feature", "properties": {"name": "Houston Performing Arts Center", "city": "Houston", "state": "Texas", "type": "Cultural Hub"}, "geometry": {"type": "Point", "coordinates": [-95.3979, 29.7516]}}, {"type": "Feature", "properties": {"name": "Houston Entertainment District", "city": "Houston", "state": "Texas", "type": "Cultural Hub"}, "geometry": {"type": "Point", "coordinates": [-95.3632, 29.7626]}}, {"type": "Feature", "properties": {"name": "Houston Art Museum", "city": "Houston", "state": "Texas", "type": "Cultural Hub"}, "geometry": {"type": "Point", "coordinates": [-95.4093, 29.7506]}}, {"type": "Feature", "properties": {"name": "Houston Science Center", "city": "Houston", "state": "Texas", "type": "Cultural Hub"}, "geometry": {"type": "Point", "coordinates": [-95.3318, 29.7831]}}, {"type": "Feature", "properties": {"name": "Houston Cultural Arts Campus", "city": "Houston", "state": "Texas", "type": "Cultural Hub"}, "geometry": {"type": "Point", "coordinates": [-95.3168, 29.7973]}}, {"type": "Feature", "properties": {"name": "Houston Cultural Arts Campus", "city": "Houston", "state": "Texas", "type": "Cultural Hub"}, "geometry": {"type": "Point", "coordinates": [-95.3287, 29.7983]}}, {"type": "Feature", "properties": {"name": "Houston Museum District", "city": "Houston", "state": "Texas", "type": "Cultural Hub"}, "geometry": {"type": "Point", "coordinates": [-95.3979, 29.7954]}}, {"type": "Feature", "properties": {"name": "Houston History Museum", "city": "Houston", "state": "Texas", "type": "Cultural Hub"}, "geometry": {"type": "Point", "coordinates": [-95.3257, 29.7665]}}, {"type": "Feature", "properties": {"name": "Houston Library Arts Center", "city": "Houston", "state": "Texas", "type": "Cultural Hub"}, "geometry": {"type": "Point", "coordinates": [-95.3503, 29.7247]}}, {"type": "Feature", "properties": {"name": "Houston Science Center", "city": "Houston", "state": "Texas", "type": "Cultural Hub"}, "geometry": {"type": "Point", "coordinates": [-95.3138, 29.7236]}}, {"type": "Feature", "properties": {"name": "Philadelphia Arts District", "city": "Philadelphia", "state": "Pennsylvania", "type": "Cultural Hub"}, "geometry": {"type": "Point", "coordinates": [-75.1137, 39.9525]}}, {"type": "Feature", "properties": {"name": "Philadelphia Gallery District", "city": "Philadelphia", "state": "Pennsylvania", "type": "Cultural Hub"}, "geometry": {"type": "Point", "coordinates": [-75.1819, 39.9799]}}, {"type": "Feature", "properties": {"name": "Philadelphia Science Center", "city": "Philadelphia", "state": "Pennsylvania", "type": "Cultural Hub"}, "geometry": {"type": "Point", "coordinates": [-75.1915, 39.9406]}}, {"type": "Feature", "properties": {"name": "Philadelphia Convention Center", "city": "Philadelphia", "state": "Pennsylvania", "type": "Cultural Hub"}, "geometry": {"type": "Point", "coordinates": [-75.1244, 39.934]}}, {"type": "Feature", "properties": {"name": "Philadelphia Performing Arts Center", "city": "Philadelphia", "state": "Pennsylvania", "type": "Cultural Hub"}, "geometry": {"type": "Point", "coordinates": [-75.1962, 39.9653]}}, {"type": "Feature", "properties": {"name": "Philadelphia Museum District", "city": "Philadelphia", "state": "Pennsylvania", "type": "Cultural Hub"}, "geometry": {"type": "Point", "coordinates": [-75.1647, 39.9528]}}, {"type": "Feature", "properties": {"name": "Philadelphia Opera House", "city": "Philadelphia", "state": "Pennsylvania", "type": "Cultural Hub"}, "geometry": {"type": "Point", "coordinates": [-75.1413, 39.9287]}}, {"type": "Feature", "properties": {"name": "Philadelphia Civic Theater", "city": "Philadelphia", "state": "Pennsylvania", "type": "Cultural Hub"}, "geometry": {"type": "Point", "coordinates": [-75.159, 39.9525]}}, {"type": "Feature", "properties": {"name": "Philadelphia Opera House", "city": "Philadelphia", "state": "Pennsylvania", "type": "Cultural Hub"}, "geometry": {"type": "Point", "coordinates": [-75.1995, 39.9398]}}, {"type": "Feature", "properties": {"name": "Philadelphia Heritage Museum", "city": "Philadelphia", "state": "Pennsylvania", "type": "Cultural Hub"}, "geometry": {"type": "Point", "coordinates": [-75.1552, 39.9623]}}, {"type": "Feature", "properties": {"name": "Phoenix Gallery District", "city": "Phoenix", "state": "Arizona", "type": "Cultural Hub"}, "geometry": {"type": "Point", "coordinates": [-112.0634, 33.4163]}}, {"type": "Feature", "properties": {"name": "Phoenix Science Center", "city": "Phoenix", "state": "Arizona", "type": "Cultural Hub"}, "geometry": {"type": "Point", "coordinates": [-112.084, 33.4592]}}, {"type": "Feature", "properties": {"name": "Phoenix Symphony Hall", "city": "Phoenix", "state": "Arizona", "type": "Cultural Hub"}, "geometry": {"type": "Point", "coordinates": [-112.021, 33.4605]}}, {"type": "Feature", "properties": {"name": "Phoenix Gallery District", "city": "Phoenix", "state": "Arizona", "type": "Cultural Hub"}, "geometry": {"type": "Point", "coordinates": [-112.1135, 33.4695]}}, {"type": "Feature", "properties": {"name": "Phoenix Theater District", "city": "Phoenix", "state": "Arizona", "type": "Cultural Hub"}, "geometry": {"type": "Point", "coordinates": [-112.0894, 33.4182]}}, {"type": "Feature", "properties": {"name": "Phoenix Science Center", "city": "Phoenix", "state": "Arizona", "type": "Cultural Hub"}, "geometry": {"type": "Point", "coordinates": [-112.0214, 33.4125]}}, {"type": "Feature", "properties": {"name": "Phoenix Entertainment District", "city": "Phoenix", "state": "Arizona", "type": "Cultural Hub"}, "geometry": {"type": "Point", "coordinates": [-112.0198, 33.4749]}}, {"type": "Feature", "properties": {"name": "Phoenix Performing Arts Center", "city": "Phoenix", "state": "Arizona", "type": "Cultural Hub"}, "geometry": {"type": "Point", "coordinates": [-112.1059, 33.424]}}, {"type": "Feature", "properties": {"name": "Phoenix Performing Arts Center", "city": "Phoenix", "state": "Arizona", "type": "Cultural Hub"}, "geometry": {"type": "Point", "coordinates": [-112.0801, 33.4137]}}, {"type": "Feature", "properties": {"name": "San Antonio History Museum", "city": "San Antonio", "state": "Texas", "type": "Cultural Hub"}, "geometry": {"type": "Point", "coordinates": [-98.4491, 29.3916]}}, {"type": "Feature", "properties": {"name": "San Antonio Theater District", "city": "San Antonio", "state": "Texas", "type": "Cultural Hub"}, "geometry": {"type": "Point", "coordinates": [-98.4788, 29.4171]}}, {"type": "Feature", "properties": {"name": "San Antonio Heritage Museum", "city": "San Antonio", "state": "Texas", "type": "Cultural Hub"}, "geometry": {"type": "Point", "coordinates": [-98.4703, 29.4542]}}, {"type": "Feature", "properties": {"name": "San Antonio Film Arts Center", "city": "San Antonio", "state": "Texas", "type": "Cultural Hub"}, "geometry": {"type": "Point", "coordinates": [-98.4389, 29.4417]}}, {"type": "Feature", "properties": {"name": "San Antonio Film Arts Center", "city": "San Antonio", "state": "Texas", "type": "Cultural Hub"}, "geometry": {"type": "Point", "coordinates": [-98.4537, 29.3866]}}, {"type": "Feature", "properties": {"name": "San Antonio Science Center", "city": "San Antonio", "state": "Texas", "type": "Cultural Hub"}, "geometry": {"type": "Point", "coordinates": [-98.5038, 29.3881]}}, {"type": "Feature", "properties": {"name": "San Antonio Arts District", "city": "San Antonio", "state": "Texas", "type": "Cultural Hub"}, "geometry": {"type": "Point", "coordinates": [-98.4653, 29.4638]}}, {"type": "Feature", "properties": {"name": "San Antonio Theater District", "city": "San Antonio", "state": "Texas", "type": "Cultural Hub"}, "geometry": {"type": "Point", "coordinates": [-98.4599, 29.454]}}, {"type": "Feature", "properties": {"name": "San Diego Cultural Arts Campus", "city": "San Diego", "state": "California", "type": "Cultural Hub"}, "geometry": {"type": "Point", "coordinates": [-117.1853, 32.7223]}}, {"type": "Feature", "properties": {"name": "San Diego Art Museum", "city": "San Diego", "state": "California", "type": "Cultural Hub"}, "geometry": {"type": "Point", "coordinates": [-117.1419, 32.7294]}}, {"type": "Feature", "properties": {"name": "San Diego Arts District", "city": "San Diego", "state": "California", "type": "Cultural Hub"}, "geometry": {"type": "Point", "coordinates": [-117.1295, 32.7064]}}, {"type": "Feature", "properties": {"name": "San Diego Art Museum", "city": "San Diego", "state": "California", "type": "Cultural Hub"}, "geometry": {"type": "Point", "coordinates": [-117.1511, 32.6885]}}, {"type": "Feature", "properties": {"name": "San Diego Arts District", "city": "San Diego", "state": "California", "type": "Cultural Hub"}, "geometry": {"type": "Point", "coordinates": [-117.1924, 32.6863]}}, {"type": "Feature", "properties": {"name": "San Diego Cultural Center", "city": "San Diego", "state": "California", "type": "Cultural Hub"}, "geometry": {"type": "Point", "coordinates": [-117.1733, 32.7222]}}, {"type": "Feature", "properties": {"name": "San Diego Heritage Museum", "city": "San Diego", "state": "California", "type": "Cultural Hub"}, "geometry": {"type": "Point", "coordinates": [-117.1224, 32.7316]}}, {"type": "Feature", "properties": {"name": "San Diego Film Arts Center", "city": "San Diego", "state": "California", "type": "Cultural Hub"}, "geometry": {"type": "Point", "coordinates": [-117.1287, 32.6803]}}, {"type": "Feature", "properties": {"name": "San Diego Opera House", "city": "San Diego", "state": "California", "type": "Cultural Hub"}, "geometry": {"type": "Point", "coordinates": [-117.198, 32.7305]}}, {"type": "Feature", "properties": {"name": "San Diego Library Arts Center", "city": "San Diego", "state": "California", "type": "Cultural Hub"}, "geometry": {"type": "Point", "coordinates": [-117.1829, 32.7256]}}, {"type": "Feature", "properties": {"name": "San Diego Cultural Center", "city": "San Diego", "state": "California", "type": "Cultural Hub"}, "geometry": {"type": "Point", "coordinates": [-117.1078, 32.7285]}}, {"type": "Feature", "properties": {"name": "San Diego Museum District", "city": "San Diego", "state": "California", "type": "Cultural Hub"}, "geometry": {"type": "Point", "coordinates": [-117.1208, 32.6978]}}, {"type": "Feature", "properties": {"name": "Dallas Arts District", "city": "Dallas", "state": "Texas", "type": "Cultural Hub"}, "geometry": {"type": "Point", "coordinates": [-96.8372, 32.7445]}}, {"type": "Feature", "properties": {"name": "Dallas Cultural Arts Campus", "city": "Dallas", "state": "Texas", "type": "Cultural Hub"}, "geometry": {"type": "Point", "coordinates": [-96.8251, 32.7871]}}, {"type": "Feature", "properties": {"name": "Dallas Cultural Center", "city": "Dallas", "state": "Texas", "type": "Cultural Hub"}, "geometry": {"type": "Point", "coordinates": [-96.84, 32.7945]}}, {"type": "Feature", "properties": {"name": "Dallas Entertainment District", "city": "Dallas", "state": "Texas", "type": "Cultural Hub"}, "geometry": {"type": "Point", "coordinates": [-96.7993, 32.781]}}, {"type": "Feature", "properties": {"name": "Dallas Theater District", "city": "Dallas", "state": "Texas", "type": "Cultural Hub"}, "geometry": {"type": "Point", "coordinates": [-96.7841, 32.7784]}}, {"type": "Feature", "properties": {"name": "Dallas Theater District", "city": "Dallas", "state": "Texas", "type": "Cultural Hub"}, "geometry": {"type": "Point", "coordinates": [-96.7802, 32.738]}}, {"type": "Feature", "properties": {"name": "Dallas Convention Center", "city": "Dallas", "state": "Texas", "type": "Cultural Hub"}, "geometry": {"type": "Point", "coordinates": [-96.7919, 32.7686]}}, {"type": "Feature", "properties": {"name": "Dallas Science Center", "city": "Dallas", "state": "Texas", "type": "Cultural Hub"}, "geometry": {"type": "Point", "coordinates": [-96.7762, 32.7892]}}, {"type": "Feature", "properties": {"name": "Dallas History Museum", "city": "Dallas", "state": "Texas", "type": "Cultural Hub"}, "geometry": {"type": "Point", "coordinates": [-96.8516, 32.7931]}}, {"type": "Feature", "properties": {"name": "Dallas Cultural Center", "city": "Dallas", "state": "Texas", "type": "Cultural Hub"}, "geometry": {"type": "Point", "coordinates": [-96.8016, 32.7863]}}, {"type": "Feature", "properties": {"name": "Dallas Performing Arts Center", "city": "Dallas", "state": "Texas", "type": "Cultural Hub"}, "geometry": {"type": "Point", "coordinates": [-96.7619, 32.8118]}}, {"type": "Feature", "properties": {"name": "Dallas Convention Center", "city": "Dallas", "state": "Texas", "type": "Cultural Hub"}, "geometry": {"type": "Point", "coordinates": [-96.7656, 32.7759]}}, {"type": "Feature", "properties": {"name": "Dallas Entertainment District", "city": "Dallas", "state": "Texas", "type": "Cultural Hub"}, "geometry": {"type": "Point", "coordinates": [-96.7489, 32.7431]}}, {"type": "Feature", "properties": {"name": "Dallas Gallery District", "city": "Dallas", "state": "Texas", "type": "Cultural Hub"}, "geometry": {"type": "Point", "coordinates": [-96.7989, 32.7886]}}, {"type": "Feature", "properties": {"name": "San Jose Opera House", "city": "San Jose", "state": "California", "type": "Cultural Hub"}, "geometry": {"type": "Point", "coordinates": [-121.841, 37.3257]}}, {"type": "Feature", "properties": {"name": "San Jose Performing Arts Center", "city": "San Jose", "state": "California", "type": "Cultural Hub"}, "geometry": {"type": "Point", "coordinates": [-121.838, 37.35]}}, {"type": "Feature", "properties": {"name": "San Jose Performing Arts Center", "city": "San Jose", "state": "California", "type": "Cultural Hub"}, "geometry": {"type": "Point", "coordinates": [-121.8355, 37.318]}}, {"type": "Feature", "properties": {"name": "San Jose Gallery District", "city": "San Jose", "state": "California", "type": "Cultural Hub"}, "geometry": {"type": "Point", "coordinates": [-121.8334, 37.3437]}}, {"type": "Feature", "properties": {"name": "San Jose Cultural Center", "city": "San Jose", "state": "California", "type": "Cultural Hub"}, "geometry": {"type": "Point", "coordinates": [-121.8475, 37.362]}}, {"type": "Feature", "properties": {"name": "San Jose Entertainment District", "city": "San Jose", "state": "California", "type": "Cultural Hub"}, "geometry": {"type": "Point", "coordinates": [-121.8409, 37.3409]}}, {"type": "Feature", "properties": {"name": "San Jose Convention Center", "city": "San Jose", "state": "California", "type": "Cultural Hub"}, "geometry": {"type": "Point", "coordinates": [-121.9341, 37.3034]}}, {"type": "Feature", "properties": {"name": "San Jose Convention Center", "city": "San Jose", "state": "California", "type": "Cultural Hub"}, "geometry": {"type": "Point", "coordinates": [-121.8417, 37.3315]}}, {"type": "Feature", "properties": {"name": "Austin Cultural Arts Campus", "city": "Austin", "state": "Texas", "type": "Cultural Hub"}, "geometry": {"type": "Point", "coordinates": [-97.7534, 30.2934]}}, {"type": "Feature", "properties": {"name": "Austin Cultural Center", "city": "Austin", "state": "Texas", "type": "Cultural Hub"}, "geometry": {"type": "Point", "coordinates": [-97.7953, 30.2383]}}, {"type": "Feature", "properties": {"name": "Austin Theater District", "city": "Austin", "state": "Texas", "type": "Cultural Hub"}, "geometry": {"type": "Point", "coordinates": [-97.7482, 30.2546]}}, {"type": "Feature", "properties": {"name": "Austin Convention Center", "city": "Austin", "state": "Texas", "type": "Cultural Hub"}, "geometry": {"type": "Point", "coordinates": [-97.7665, 30.2385]}}, {"type": "Feature", "properties": {"name": "Indianapolis Art Museum", "city": "Indianapolis", "state": "Indiana", "type": "Cultural Hub"}, "geometry": {"type": "Point", "coordinates": [-86.1063, 39.8038]}}, {"type": "Feature", "properties": {"name": "Indianapolis Convention Center", "city": "Indianapolis", "state": "Indiana", "type": "Cultural Hub"}, "geometry": {"type": "Point", "coordinates": [-86.1513, 39.7482]}}, {"type": "Feature", "properties": {"name": "Indianapolis Heritage Museum", "city": "Indianapolis", "state": "Indiana", "type": "Cultural Hub"}, "geometry": {"type": "Point", "coordinates": [-86.1527, 39.7885]}}, {"type": "Feature", "properties": {"name": "Indianapolis History Museum", "city": "Indianapolis", "state": "Indiana", "type": "Cultural Hub"}, "geometry": {"type": "Point", "coordinates": [-86.1637, 39.7621]}}, {"type": "Feature", "properties": {"name": "Indianapolis Entertainment District", "city": "Indianapolis", "state": "Indiana", "type": "Cultural Hub"}, "geometry": {"type": "Point", "coordinates": [-86.1736, 39.7832]}}, {"type": "Feature", "properties": {"name": "Jacksonville Arts District", "city": "Jacksonville", "state": "Florida", "type": "Cultural Hub"}, "geometry": {"type": "Point", "coordinates": [-81.6335, 30.3375]}}, {"type": "Feature", "properties": {"name": "Jacksonville Cultural Arts Campus", "city": "Jacksonville", "state": "Florida", "type": "Cultural Hub"}, "geometry": {"type": "Point", "coordinates": [-81.6906, 30.305]}}, {"type": "Feature", "properties": {"name": "Jacksonville Science Center", "city": "Jacksonville", "state": "Florida", "type": "Cultural Hub"}, "geometry": {"type": "Point", "coordinates": [-81.6546, 30.3096]}}, {"type": "Feature", "properties": {"name": "Jacksonville History Museum", "city": "Jacksonville", "state": "Florida", "type": "Cultural Hub"}, "geometry": {"type": "Point", "coordinates": [-81.7057, 30.308]}}, {"type": "Feature", "properties": {"name": "Jacksonville Art Museum", "city": "Jacksonville", "state": "Florida", "type": "Cultural Hub"}, "geometry": {"type": "Point", "coordinates": [-81.6953, 30.3311]}}, {"type": "Feature", "properties": {"name": "Jacksonville Civic Theater", "city": "Jacksonville", "state": "Florida", "type": "Cultural Hub"}, "geometry": {"type": "Point", "coordinates": [-81.651, 30.3708]}}, {"type": "Feature", "properties": {"name": "Jacksonville Art Museum", "city": "Jacksonville", "state": "Florida", "type": "Cultural Hub"}, "geometry": {"type": "Point", "coordinates": [-81.6505, 30.327]}}, {"type": "Feature", "properties": {"name": "Jacksonville Cultural Arts Campus", "city": "Jacksonville", "state": "Florida", "type": "Cultural Hub"}, "geometry": {"type": "Point", "coordinates": [-81.7021, 30.295]}}, {"type": "Feature", "properties": {"name": "San Francisco Performing Arts Center", "city": "San Francisco", "state": "California", "type": "Cultural Hub"}, "geometry": {"type": "Point", "coordinates": [-122.3915, 37.7741]}}, {"type": "Feature", "properties": {"name": "San Francisco Civic Theater", "city": "San Francisco", "state": "California", "type": "Cultural Hub"}, "geometry": {"type": "Point", "coordinates": [-122.4486, 37.8041]}}, {"type": "Feature", "properties": {"name": "San Francisco History Museum", "city": "San Francisco", "state": "California", "type": "Cultural Hub"}, "geometry": {"type": "Point", "coordinates": [-122.4157, 37.8042]}}, {"type": "Feature", "properties": {"name": "San Francisco Library Arts Center", "city": "San Francisco", "state": "California", "type": "Cultural Hub"}, "geometry": {"type": "Point", "coordinates": [-122.4172, 37.7629]}}, {"type": "Feature", "properties": {"name": "San Francisco History Museum", "city": "San Francisco", "state": "California", "type": "Cultural Hub"}, "geometry": {"type": "Point", "coordinates": [-122.423, 37.7894]}}, {"type": "Feature", "properties": {"name": "San Francisco Heritage Museum", "city": "San Francisco", "state": "California", "type": "Cultural Hub"}, "geometry": {"type": "Point", "coordinates": [-122.3981, 37.7743]}}, {"type": "Feature", "properties": {"name": "San Francisco Performing Arts Center", "city": "San Francisco", "state": "California", "type": "Cultural Hub"}, "geometry": {"type": "Point", "coordinates": [-122.3665, 37.7952]}}, {"type": "Feature", "properties": {"name": "San Francisco Cultural Arts Campus", "city": "San Francisco", "state": "California", "type": "Cultural Hub"}, "geometry": {"type": "Point", "coordinates": [-122.4087, 37.7631]}}, {"type": "Feature", "properties": {"name": "Columbus Arts District", "city": "Columbus", "state": "Ohio", "type": "Cultural Hub"}, "geometry": {"type": "Point", "coordinates": [-83.0341, 39.9602]}}, {"type": "Feature", "properties": {"name": "Columbus Film Arts Center", "city": "Columbus", "state": "Ohio", "type": "Cultural Hub"}, "geometry": {"type": "Point", "coordinates": [-83.0353, 39.9464]}}, {"type": "Feature", "properties": {"name": "Columbus Opera House", "city": "Columbus", "state": "Ohio", "type": "Cultural Hub"}, "geometry": {"type": "Point", "coordinates": [-83.041, 39.9988]}}, {"type": "Feature", "properties": {"name": "Columbus Gallery District", "city": "Columbus", "state": "Ohio", "type": "Cultural Hub"}, "geometry": {"type": "Point", "coordinates": [-83.0486, 39.9969]}}, {"type": "Feature", "properties": {"name": "Charlotte Library Arts Center", "city": "Charlotte", "state": "North Carolina", "type": "Cultural Hub"}, "geometry": {"type": "Point", "coordinates": [-80.7907, 35.2539]}}, {"type": "Feature", "properties": {"name": "Charlotte History Museum", "city": "Charlotte", "state": "North Carolina", "type": "Cultural Hub"}, "geometry": {"type": "Point", "coordinates": [-80.8686, 35.1971]}}, {"type": "Feature", "properties": {"name": "Charlotte Theater District", "city": "Charlotte", "state": "North Carolina", "type": "Cultural Hub"}, "geometry": {"type": "Point", "coordinates": [-80.8827, 35.2077]}}, {"type": "Feature", "properties": {"name": "Charlotte Arts District", "city": "Charlotte", "state": "North Carolina", "type": "Cultural Hub"}, "geometry": {"type": "Point", "coordinates": [-80.811, 35.2539]}}, {"type": "Feature", "properties": {"name": "Charlotte Film Arts Center", "city": "Charlotte", "state": "North Carolina", "type": "Cultural Hub"}, "geometry": {"type": "Point", "coordinates": [-80.8416, 35.1977]}}, {"type": "Feature", "properties": {"name": "Charlotte Cultural Arts Campus", "city": "Charlotte", "state": "North Carolina", "type": "Cultural Hub"}, "geometry": {"type": "Point", "coordinates": [-80.7937, 35.2173]}}, {"type": "Feature", "properties": {"name": "Charlotte Cultural Arts Campus", "city": "Charlotte", "state": "North Carolina", "type": "Cultural Hub"}, "geometry": {"type": "Point", "coordinates": [-80.8505, 35.211]}}, {"type": "Feature", "properties": {"name": "Charlotte Entertainment District", "city": "Charlotte", "state": "North Carolina", "type": "Cultural Hub"}, "geometry": {"type": "Point", "coordinates": [-80.8512, 35.1967]}}, {"type": "Feature", "properties": {"name": "Charlotte Cultural Center", "city": "Charlotte", "state": "North Carolina", "type": "Cultural Hub"}, "geometry": {"type": "Point", "coordinates": [-80.7904, 35.2237]}}, {"type": "Feature", "properties": {"name": "Fort Worth Heritage Museum", "city": "Fort Worth", "state": "Texas", "type": "Cultural Hub"}, "geometry": {"type": "Point", "coordinates": [-97.3723, 32.7943]}}, {"type": "Feature", "properties": {"name": "Fort Worth Civic Theater", "city": "Fort Worth", "state": "Texas", "type": "Cultural Hub"}, "geometry": {"type": "Point", "coordinates": [-97.3222, 32.7433]}}, {"type": "Feature", "properties": {"name": "Fort Worth Heritage Museum", "city": "Fort Worth", "state": "Texas", "type": "Cultural Hub"}, "geometry": {"type": "Point", "coordinates": [-97.2904, 32.7537]}}, {"type": "Feature", "properties": {"name": "Fort Worth Civic Theater", "city": "Fort Worth", "state": "Texas", "type": "Cultural Hub"}, "geometry": {"type": "Point", "coordinates": [-97.3809, 32.7402]}}, {"type": "Feature", "properties": {"name": "Fort Worth Entertainment District", "city": "Fort Worth", "state": "Texas", "type": "Cultural Hub"}, "geometry": {"type": "Point", "coordinates": [-97.3651, 32.753]}}, {"type": "Feature", "properties": {"name": "Fort Worth Convention Center", "city": "Fort Worth", "state": "Texas", "type": "Cultural Hub"}, "geometry": {"type": "Point", "coordinates": [-97.296, 32.7543]}}, {"type": "Feature", "properties": {"name": "Fort Worth Science Center", "city": "Fort Worth", "state": "Texas", "type": "Cultural Hub"}, "geometry": {"type": "Point", "coordinates": [-97.2868, 32.7473]}}, {"type": "Feature", "properties": {"name": "Fort Worth Theater District", "city": "Fort Worth", "state": "Texas", "type": "Cultural Hub"}, "geometry": {"type": "Point", "coordinates": [-97.295, 32.7155]}}, {"type": "Feature", "properties": {"name": "Fort Worth Museum District", "city": "Fort Worth", "state": "Texas", "type": "Cultural Hub"}, "geometry": {"type": "Point", "coordinates": [-97.3741, 32.7437]}}, {"type": "Feature", "properties": {"name": "Detroit Art Museum", "city": "Detroit", "state": "Michigan", "type": "Cultural Hub"}, "geometry": {"type": "Point", "coordinates": [-83.0114, 42.3157]}}, {"type": "Feature", "properties": {"name": "Detroit Performing Arts Center", "city": "Detroit", "state": "Michigan", "type": "Cultural Hub"}, "geometry": {"type": "Point", "coordinates": [-83.0948, 42.3098]}}, {"type": "Feature", "properties": {"name": "Detroit Film Arts Center", "city": "Detroit", "state": "Michigan", "type": "Cultural Hub"}, "geometry": {"type": "Point", "coordinates": [-83.0158, 42.335]}}, {"type": "Feature", "properties": {"name": "Detroit Library Arts Center", "city": "Detroit", "state": "Michigan", "type": "Cultural Hub"}, "geometry": {"type": "Point", "coordinates": [-83.0916, 42.3517]}}, {"type": "Feature", "properties": {"name": "El Paso Theater District", "city": "El Paso", "state": "Texas", "type": "Cultural Hub"}, "geometry": {"type": "Point", "coordinates": [-106.4197, 31.7442]}}, {"type": "Feature", "properties": {"name": "El Paso Art Museum", "city": "El Paso", "state": "Texas", "type": "Cultural Hub"}, "geometry": {"type": "Point", "coordinates": [-106.3876, 31.7866]}}, {"type": "Feature", "properties": {"name": "El Paso Cultural Arts Campus", "city": "El Paso", "state": "Texas", "type": "Cultural Hub"}, "geometry": {"type": "Point", "coordinates": [-106.4237, 31.7931]}}, {"type": "Feature", "properties": {"name": "El Paso Art Museum", "city": "El Paso", "state": "Texas", "type": "Cultural Hub"}, "geometry": {"type": "Point", "coordinates": [-106.4146, 31.8124]}}, {"type": "Feature", "properties": {"name": "El Paso Heritage Museum", "city": "El Paso", "state": "Texas", "type": "Cultural Hub"}, "geometry": {"type": "Point", "coordinates": [-106.436, 31.7494]}}, {"type": "Feature", "properties": {"name": "El Paso Performing Arts Center", "city": "El Paso", "state": "Texas", "type": "Cultural Hub"}, "geometry": {"type": "Point", "coordinates": [-106.3868, 31.7629]}}, {"type": "Feature", "properties": {"name": "Memphis History Museum", "city": "Memphis", "state": "Tennessee", "type": "Cultural Hub"}, "geometry": {"type": "Point", "coordinates": [-90.0735, 35.1513]}}, {"type": "Feature", "properties": {"name": "Memphis Library Arts Center", "city": "Memphis", "state": "Tennessee", "type": "Cultural Hub"}, "geometry": {"type": "Point", "coordinates": [-90.0408, 35.1138]}}, {"type": "Feature", "properties": {"name": "Memphis Heritage Museum", "city": "Memphis", "state": "Tennessee", "type": "Cultural Hub"}, "geometry": {"type": "Point", "coordinates": [-90.0897, 35.1805]}}, {"type": "Feature", "properties": {"name": "Memphis Library Arts Center", "city": "Memphis", "state": "Tennessee", "type": "Cultural Hub"}, "geometry": {"type": "Point", "coordinates": [-90.042, 35.131]}}, {"type": "Feature", "properties": {"name": "Memphis Cultural Center", "city": "Memphis", "state": "Tennessee", "type": "Cultural Hub"}, "geometry": {"type": "Point", "coordinates": [-90.0433, 35.1357]}}, {"type": "Feature", "properties": {"name": "Memphis Museum District", "city": "Memphis", "state": "Tennessee", "type": "Cultural Hub"}, "geometry": {"type": "Point", "coordinates": [-90.0037, 35.1351]}}, {"type": "Feature", "properties": {"name": "Seattle Library Arts Center", "city": "Seattle", "state": "Washington", "type": "Cultural Hub"}, "geometry": {"type": "Point", "coordinates": [-122.3585, 47.5828]}}, {"type": "Feature", "properties": {"name": "Seattle Theater District", "city": "Seattle", "state": "Washington", "type": "Cultural Hub"}, "geometry": {"type": "Point", "coordinates": [-122.2797, 47.6334]}}, {"type": "Feature", "properties": {"name": "Seattle Gallery District", "city": "Seattle", "state": "Washington", "type": "Cultural Hub"}, "geometry": {"type": "Point", "coordinates": [-122.3099, 47.6233]}}, {"type": "Feature", "properties": {"name": "Seattle Civic Theater", "city": "Seattle", "state": "Washington", "type": "Cultural Hub"}, "geometry": {"type": "Point", "coordinates": [-122.3374, 47.623]}}, {"type": "Feature", "properties": {"name": "Seattle Museum District", "city": "Seattle", "state": "Washington", "type": "Cultural Hub"}, "geometry": {"type": "Point", "coordinates": [-122.2936, 47.5987]}}, {"type": "Feature", "properties": {"name": "Seattle History Museum", "city": "Seattle", "state": "Washington", "type": "Cultural Hub"}, "geometry": {"type": "Point", "coordinates": [-122.3797, 47.5927]}}, {"type": "Feature", "properties": {"name": "Seattle Cultural Center", "city": "Seattle", "state": "Washington", "type": "Cultural Hub"}, "geometry": {"type": "Point", "coordinates": [-122.3655, 47.6118]}}, {"type": "Feature", "properties": {"name": "Seattle History Museum", "city": "Seattle", "state": "Washington", "type": "Cultural Hub"}, "geometry": {"type": "Point", "coordinates": [-122.3839, 47.625]}}, {"type": "Feature", "properties": {"name": "Denver History Museum", "city": "Denver", "state": "Colorado", "type": "Cultural Hub"}, "geometry": {"type": "Point", "coordinates": [-105.0027, 39.7131]}}, {"type": "Feature", "properties": {"name": "Denver History Museum", "city": "Denver", "state": "Colorado", "type": "Cultural Hub"}, "geometry": {"type": "Point", "coordinates": [-104.9975, 39.716]}}, {"type": "Feature", "properties": {"name": "Denver Cultural Center", "city": "Denver", "state": "Colorado", "type": "Cultural Hub"}, "geometry": {"type": "Point", "coordinates": [-105.0414, 39.7268]}}, {"type": "Feature", "properties": {"name": "Denver Gallery District", "city": "Denver", "state": "Colorado", "type": "Cultural Hub"}, "geometry": {"type": "Point", "coordinates": [-104.999, 39.7791]}}, {"type": "Feature", "properties": {"name": "Denver Cultural Center", "city": "Denver", "state": "Colorado", "type": "Cultural Hub"}, "geometry": {"type": "Point", "coordinates": [-105.0261, 39.7405]}}, {"type": "Feature", "properties": {"name": "Denver History Museum", "city": "Denver", "state": "Colorado", "type": "Cultural Hub"}, "geometry": {"type": "Point", "coordinates": [-105.034, 39.7013]}}, {"type": "Feature", "properties": {"name": "Denver Symphony Hall", "city": "Denver", "state": "Colorado", "type": "Cultural Hub"}, "geometry": {"type": "Point", "coordinates": [-105.0302, 39.7175]}}, {"type": "Feature", "properties": {"name": "Denver Performing Arts Center", "city": "Denver", "state": "Colorado", "type": "Cultural Hub"}, "geometry": {"type": "Point", "coordinates": [-104.9896, 39.7187]}}, {"type": "Feature", "properties": {"name": "Washington Opera House", "city": "Washington", "state": "District of Columbia", "type": "Cultural Hub"}, "geometry": {"type": "Point", "coordinates": [-77.0338, 38.916]}}, {"type": "Feature", "properties": {"name": "Washington Museum District", "city": "Washington", "state": "District of Columbia", "type": "Cultural Hub"}, "geometry": {"type": "Point", "coordinates": [-77.0736, 38.9111]}}, {"type": "Feature", "properties": {"name": "Washington Arts District", "city": "Washington", "state": "District of Columbia", "type": "Cultural Hub"}, "geometry": {"type": "Point", "coordinates": [-77.0284, 38.896]}}, {"type": "Feature", "properties": {"name": "Washington Symphony Hall", "city": "Washington", "state": "District of Columbia", "type": "Cultural Hub"}, "geometry": {"type": "Point", "coordinates": [-76.996, 38.9404]}}, {"type": "Feature", "properties": {"name": "Washington History Museum", "city": "Washington", "state": "District of Columbia", "type": "Cultural Hub"}, "geometry": {"type": "Point", "coordinates": [-77.0315, 38.8933]}}, {"type": "Feature", "properties": {"name": "Boston Opera House", "city": "Boston", "state": "Massachusetts", "type": "Cultural Hub"}, "geometry": {"type": "Point", "coordinates": [-71.0409, 42.3501]}}, {"type": "Feature", "properties": {"name": "Boston Theater District", "city": "Boston", "state": "Massachusetts", "type": "Cultural Hub"}, "geometry": {"type": "Point", "coordinates": [-71.0489, 42.3816]}}, {"type": "Feature", "properties": {"name": "Boston History Museum", "city": "Boston", "state": "Massachusetts", "type": "Cultural Hub"}, "geometry": {"type": "Point", "coordinates": [-71.0304, 42.3377]}}, {"type": "Feature", "properties": {"name": "Boston Symphony Hall", "city": "Boston", "state": "Massachusetts", "type": "Cultural Hub"}, "geometry": {"type": "Point", "coordinates": [-71.0398, 42.3434]}}, {"type": "Feature", "properties": {"name": "Boston Heritage Museum", "city": "Boston", "state": "Massachusetts", "type": "Cultural Hub"}, "geometry": {"type": "Point", "coordinates": [-71.065, 42.3343]}}, {"type": "Feature", "properties": {"name": "Boston Science Center", "city": "Boston", "state": "Massachusetts", "type": "Cultural Hub"}, "geometry": {"type": "Point", "coordinates": [-71.0992, 42.3706]}}, {"type": "Feature", "properties": {"name": "Boston Performing Arts Center", "city": "Boston", "state": "Massachusetts", "type": "Cultural Hub"}, "geometry": {"type": "Point", "coordinates": [-71.0807, 42.3835]}}, {"type": "Feature", "properties": {"name": "Nashville Museum District", "city": "Nashville", "state": "Tennessee", "type": "Cultural Hub"}, "geometry": {"type": "Point", "coordinates": [-86.755, 36.1711]}}, {"type": "Feature", "properties": {"name": "Nashville Museum District", "city": "Nashville", "state": "Tennessee", "type": "Cultural Hub"}, "geometry": {"type": "Point", "coordinates": [-86.7498, 36.1564]}}, {"type": "Feature", "properties": {"name": "Nashville Film Arts Center", "city": "Nashville", "state": "Tennessee", "type": "Cultural Hub"}, "geometry": {"type": "Point", "coordinates": [-86.8269, 36.1672]}}, {"type": "Feature", "properties": {"name": "Nashville Theater District", "city": "Nashville", "state": "Tennessee", "type": "Cultural Hub"}, "geometry": {"type": "Point", "coordinates": [-86.744, 36.1914]}}, {"type": "Feature", "properties": {"name": "Nashville Theater District", "city": "Nashville", "state": "Tennessee", "type": "Cultural Hub"}, "geometry": {"type": "Point", "coordinates": [-86.7997, 36.1877]}}, {"type": "Feature", "properties": {"name": "Nashville Cultural Center", "city": "Nashville", "state": "Tennessee", "type": "Cultural Hub"}, "geometry": {"type": "Point", "coordinates": [-86.837, 36.156]}}, {"type": "Feature", "properties": {"name": "Baltimore Theater District", "city": "Baltimore", "state": "Maryland", "type": "Cultural Hub"}, "geometry": {"type": "Point", "coordinates": [-76.6437, 39.2902]}}, {"type": "Feature", "properties": {"name": "Baltimore Museum District", "city": "Baltimore", "state": "Maryland", "type": "Cultural Hub"}, "geometry": {"type": "Point", "coordinates": [-76.5688, 39.2517]}}, {"type": "Feature", "properties": {"name": "Baltimore Gallery District", "city": "Baltimore", "state": "Maryland", "type": "Cultural Hub"}, "geometry": {"type": "Point", "coordinates": [-76.6087, 39.2769]}}, {"type": "Feature", "properties": {"name": "Baltimore Art Museum", "city": "Baltimore", "state": "Maryland", "type": "Cultural Hub"}, "geometry": {"type": "Point", "coordinates": [-76.5736, 39.3039]}}, {"type": "Feature", "properties": {"name": "Baltimore Entertainment District", "city": "Baltimore", "state": "Maryland", "type": "Cultural Hub"}, "geometry": {"type": "Point", "coordinates": [-76.6615, 39.3283]}}, {"type": "Feature", "properties": {"name": "Baltimore Museum District", "city": "Baltimore", "state": "Maryland", "type": "Cultural Hub"}, "geometry": {"type": "Point", "coordinates": [-76.5839, 39.2632]}}, {"type": "Feature", "properties": {"name": "Baltimore Performing Arts Center", "city": "Baltimore", "state": "Maryland", "type": "Cultural Hub"}, "geometry": {"type": "Point", "coordinates": [-76.6334, 39.3104]}}, {"type": "Feature", "properties": {"name": "Oklahoma City Gallery District", "city": "Oklahoma City", "state": "Oklahoma", "type": "Cultural Hub"}, "geometry": {"type": "Point", "coordinates": [-97.5287, 35.4803]}}, {"type": "Feature", "properties": {"name": "Oklahoma City Entertainment District", "city": "Oklahoma City", "state": "Oklahoma", "type": "Cultural Hub"}, "geometry": {"type": "Point", "coordinates": [-97.4841, 35.435]}}, {"type": "Feature", "properties": {"name": "Oklahoma City Entertainment District", "city": "Oklahoma City", "state": "Oklahoma", "type": "Cultural Hub"}, "geometry": {"type": "Point", "coordinates": [-97.5699, 35.4841]}}, {"type": "Feature", "properties": {"name": "Oklahoma City Museum District", "city": "Oklahoma City", "state": "Oklahoma", "type": "Cultural Hub"}, "geometry": {"type": "Point", "coordinates": [-97.4608, 35.4475]}}, {"type": "Feature", "properties": {"name": "Oklahoma City Art Museum", "city": "Oklahoma City", "state": "Oklahoma", "type": "Cultural Hub"}, "geometry": {"type": "Point", "coordinates": [-97.5215, 35.4818]}}, {"type": "Feature", "properties": {"name": "Oklahoma City Cultural Arts Campus", "city": "Oklahoma City", "state": "Oklahoma", "type": "Cultural Hub"}, "geometry": {"type": "Point", "coordinates": [-97.4831, 35.4801]}}, {"type": "Feature", "properties": {"name": "Oklahoma City Museum District", "city": "Oklahoma City", "state": "Oklahoma", "type": "Cultural Hub"}, "geometry": {"type": "Point", "coordinates": [-97.5171, 35.4469]}}, {"type": "Feature", "properties": {"name": "Oklahoma City Civic Theater", "city": "Oklahoma City", "state": "Oklahoma", "type": "Cultural Hub"}, "geometry": {"type": "Point", "coordinates": [-97.4766, 35.4302]}}, {"type": "Feature", "properties": {"name": "Oklahoma City Cultural Arts Campus", "city": "Oklahoma City", "state": "Oklahoma", "type": "Cultural Hub"}, "geometry": {"type": "Point", "coordinates": [-97.4928, 35.4415]}}, {"type": "Feature", "properties": {"name": "Louisville Cultural Arts Campus", "city": "Louisville", "state": "Kentucky", "type": "Cultural Hub"}, "geometry": {"type": "Point", "coordinates": [-85.7841, 38.2243]}}, {"type": "Feature", "properties": {"name": "Louisville Entertainment District", "city": "Louisville", "state": "Kentucky", "type": "Cultural Hub"}, "geometry": {"type": "Point", "coordinates": [-85.7814, 38.2435]}}, {"type": "Feature", "properties": {"name": "Louisville Cultural Arts Campus", "city": "Louisville", "state": "Kentucky", "type": "Cultural Hub"}, "geometry": {"type": "Point", "coordinates": [-85.7088, 38.2858]}}, {"type": "Feature", "properties": {"name": "Louisville Museum District", "city": "Louisville", "state": "Kentucky", "type": "Cultural Hub"}, "geometry": {"type": "Point", "coordinates": [-85.7453, 38.2239]}}, {"type": "Feature", "properties": {"name": "Portland Library Arts Center", "city": "Portland", "state": "Oregon", "type": "Cultural Hub"}, "geometry": {"type": "Point", "coordinates": [-122.7199, 45.5407]}}, {"type": "Feature", "properties": {"name": "Portland History Museum", "city": "Portland", "state": "Oregon", "type": "Cultural Hub"}, "geometry": {"type": "Point", "coordinates": [-122.7143, 45.5253]}}, {"type": "Feature", "properties": {"name": "Portland Symphony Hall", "city": "Portland", "state": "Oregon", "type": "Cultural Hub"}, "geometry": {"type": "Point", "coordinates": [-122.6952, 45.5138]}}, {"type": "Feature", "properties": {"name": "Portland Arts District", "city": "Portland", "state": "Oregon", "type": "Cultural Hub"}, "geometry": {"type": "Point", "coordinates": [-122.661, 45.5568]}}, {"type": "Feature", "properties": {"name": "Las Vegas Entertainment District", "city": "Las Vegas", "state": "Nevada", "type": "Cultural Hub"}, "geometry": {"type": "Point", "coordinates": [-115.1025, 36.2096]}}, {"type": "Feature", "properties": {"name": "Las Vegas Opera House", "city": "Las Vegas", "state": "Nevada", "type": "Cultural Hub"}, "geometry": {"type": "Point", "coordinates": [-115.1191, 36.2092]}}, {"type": "Feature", "properties": {"name": "Las Vegas Library Arts Center", "city": "Las Vegas", "state": "Nevada", "type": "Cultural Hub"}, "geometry": {"type": "Point", "coordinates": [-115.1625, 36.1732]}}, {"type": "Feature", "properties": {"name": "Las Vegas Library Arts Center", "city": "Las Vegas", "state": "Nevada", "type": "Cultural Hub"}, "geometry": {"type": "Point", "coordinates": [-115.0936, 36.1544]}}, {"type": "Feature", "properties": {"name": "Las Vegas Heritage Museum", "city": "Las Vegas", "state": "Nevada", "type": "Cultural Hub"}, "geometry": {"type": "Point", "coordinates": [-115.1621, 36.1815]}}, {"type": "Feature", "properties": {"name": "Las Vegas History Museum", "city": "Las Vegas", "state": "Nevada", "type": "Cultural Hub"}, "geometry": {"type": "Point", "coordinates": [-115.1035, 36.2025]}}, {"type": "Feature", "properties": {"name": "Las Vegas Civic Theater", "city": "Las Vegas", "state": "Nevada", "type": "Cultural Hub"}, "geometry": {"type": "Point", "coordinates": [-115.1215, 36.1504]}}, {"type": "Feature", "properties": {"name": "Las Vegas Performing Arts Center", "city": "Las Vegas", "state": "Nevada", "type": "Cultural Hub"}, "geometry": {"type": "Point", "coordinates": [-115.1352, 36.1878]}}, {"type": "Feature", "properties": {"name": "Las Vegas Library Arts Center", "city": "Las Vegas", "state": "Nevada", "type": "Cultural Hub"}, "geometry": {"type": "Point", "coordinates": [-115.1318, 36.1564]}}, {"type": "Feature", "properties": {"name": "Milwaukee Cultural Center", "city": "Milwaukee", "state": "Wisconsin", "type": "Cultural Hub"}, "geometry": {"type": "Point", "coordinates": [-87.8876, 43.0317]}}, {"type": "Feature", "properties": {"name": "Milwaukee Art Museum", "city": "Milwaukee", "state": "Wisconsin", "type": "Cultural Hub"}, "geometry": {"type": "Point", "coordinates": [-87.8964, 43.0787]}}, {"type": "Feature", "properties": {"name": "Milwaukee Science Center", "city": "Milwaukee", "state": "Wisconsin", "type": "Cultural Hub"}, "geometry": {"type": "Point", "coordinates": [-87.8925, 43.0416]}}, {"type": "Feature", "properties": {"name": "Milwaukee Symphony Hall", "city": "Milwaukee", "state": "Wisconsin", "type": "Cultural Hub"}, "geometry": {"type": "Point", "coordinates": [-87.8691, 43.0008]}}, {"type": "Feature", "properties": {"name": "Albuquerque Entertainment District", "city": "Albuquerque", "state": "New Mexico", "type": "Cultural Hub"}, "geometry": {"type": "Point", "coordinates": [-106.6207, 35.0818]}}, {"type": "Feature", "properties": {"name": "Albuquerque Cultural Center", "city": "Albuquerque", "state": "New Mexico", "type": "Cultural Hub"}, "geometry": {"type": "Point", "coordinates": [-106.5976, 35.0942]}}, {"type": "Feature", "properties": {"name": "Albuquerque Theater District", "city": "Albuquerque", "state": "New Mexico", "type": "Cultural Hub"}, "geometry": {"type": "Point", "coordinates": [-106.571, 35.0682]}}, {"type": "Feature", "properties": {"name": "Albuquerque Convention Center", "city": "Albuquerque", "state": "New Mexico", "type": "Cultural Hub"}, "geometry": {"type": "Point", "coordinates": [-106.578, 35.1191]}}, {"type": "Feature", "properties": {"name": "Albuquerque Cultural Center", "city": "Albuquerque", "state": "New Mexico", "type": "Cultural Hub"}, "geometry": {"type": "Point", "coordinates": [-106.6257, 35.1247]}}, {"type": "Feature", "properties": {"name": "Tucson Museum District", "city": "Tucson", "state": "Arizona", "type": "Cultural Hub"}, "geometry": {"type": "Point", "coordinates": [-110.9243, 32.2509]}}, {"type": "Feature", "properties": {"name": "Tucson Performing Arts Center", "city": "Tucson", "state": "Arizona", "type": "Cultural Hub"}, "geometry": {"type": "Point", "coordinates": [-110.8712, 32.2063]}}, {"type": "Feature", "properties": {"name": "Tucson Art Museum", "city": "Tucson", "state": "Arizona", "type": "Cultural Hub"}, "geometry": {"type": "Point", "coordinates": [-110.8709, 32.2288]}}, {"type": "Feature", "properties": {"name": "Tucson History Museum", "city": "Tucson", "state": "Arizona", "type": "Cultural Hub"}, "geometry": {"type": "Point", "coordinates": [-110.9817, 32.2158]}}, {"type": "Feature", "properties": {"name": "Tucson Film Arts Center", "city": "Tucson", "state": "Arizona", "type": "Cultural Hub"}, "geometry": {"type": "Point", "coordinates": [-110.9541, 32.2003]}}, {"type": "Feature", "properties": {"name": "Fresno Cultural Center", "city": "Fresno", "state": "California", "type": "Cultural Hub"}, "geometry": {"type": "Point", "coordinates": [-119.7453, 36.7285]}}, {"type": "Feature", "properties": {"name": "Fresno Civic Theater", "city": "Fresno", "state": "California", "type": "Cultural Hub"}, "geometry": {"type": "Point", "coordinates": [-119.7509, 36.7342]}}, {"type": "Feature", "properties": {"name": "Fresno Opera House", "city": "Fresno", "state": "California", "type": "Cultural Hub"}, "geometry": {"type": "Point", "coordinates": [-119.7284, 36.738]}}, {"type": "Feature", "properties": {"name": "Fresno Civic Theater", "city": "Fresno", "state": "California", "type": "Cultural Hub"}, "geometry": {"type": "Point", "coordinates": [-119.7804, 36.7785]}}, {"type": "Feature", "properties": {"name": "Fresno Civic Theater", "city": "Fresno", "state": "California", "type": "Cultural Hub"}, "geometry": {"type": "Point", "coordinates": [-119.788, 36.7748]}}, {"type": "Feature", "properties": {"name": "Fresno Cultural Arts Campus", "city": "Fresno", "state": "California", "type": "Cultural Hub"}, "geometry": {"type": "Point", "coordinates": [-119.7603, 36.7599]}}, {"type": "Feature", "properties": {"name": "Fresno Art Museum", "city": "Fresno", "state": "California", "type": "Cultural Hub"}, "geometry": {"type": "Point", "coordinates": [-119.7932, 36.7804]}}, {"type": "Feature", "properties": {"name": "Fresno Symphony Hall", "city": "Fresno", "state": "California", "type": "Cultural Hub"}, "geometry": {"type": "Point", "coordinates": [-119.733, 36.7218]}}, {"type": "Feature", "properties": {"name": "Fresno Cultural Center", "city": "Fresno", "state": "California", "type": "Cultural Hub"}, "geometry": {"type": "Point", "coordinates": [-119.8071, 36.7233]}}, {"type": "Feature", "properties": {"name": "Sacramento Opera House", "city": "Sacramento", "state": "California", "type": "Cultural Hub"}, "geometry": {"type": "Point", "coordinates": [-121.4386, 38.6148]}}, {"type": "Feature", "properties": {"name": "Sacramento Art Museum", "city": "Sacramento", "state": "California", "type": "Cultural Hub"}, "geometry": {"type": "Point", "coordinates": [-121.5084, 38.5971]}}, {"type": "Feature", "properties": {"name": "Sacramento Cultural Arts Campus", "city": "Sacramento", "state": "California", "type": "Cultural Hub"}, "geometry": {"type": "Point", "coordinates": [-121.5491, 38.5681]}}, {"type": "Feature", "properties": {"name": "Sacramento Performing Arts Center", "city": "Sacramento", "state": "California", "type": "Cultural Hub"}, "geometry": {"type": "Point", "coordinates": [-121.4998, 38.5896]}}, {"type": "Feature", "properties": {"name": "Long Beach Symphony Hall", "city": "Long Beach", "state": "California", "type": "Cultural Hub"}, "geometry": {"type": "Point", "coordinates": [-118.2047, 33.8091]}}, {"type": "Feature", "properties": {"name": "Long Beach Science Center", "city": "Long Beach", "state": "California", "type": "Cultural Hub"}, "geometry": {"type": "Point", "coordinates": [-118.2278, 33.8026]}}, {"type": "Feature", "properties": {"name": "Long Beach Film Arts Center", "city": "Long Beach", "state": "California", "type": "Cultural Hub"}, "geometry": {"type": "Point", "coordinates": [-118.1666, 33.8065]}}, {"type": "Feature", "properties": {"name": "Kansas City Science Center", "city": "Kansas City", "state": "Missouri", "type": "Cultural Hub"}, "geometry": {"type": "Point", "coordinates": [-94.5686, 39.0972]}}, {"type": "Feature", "properties": {"name": "Kansas City Cultural Center", "city": "Kansas City", "state": "Missouri", "type": "Cultural Hub"}, "geometry": {"type": "Point", "coordinates": [-94.5544, 39.1059]}}, {"type": "Feature", "properties": {"name": "Kansas City Convention Center", "city": "Kansas City", "state": "Missouri", "type": "Cultural Hub"}, "geometry": {"type": "Point", "coordinates": [-94.5849, 39.0691]}}, {"type": "Feature", "properties": {"name": "Kansas City Film Arts Center", "city": "Kansas City", "state": "Missouri", "type": "Cultural Hub"}, "geometry": {"type": "Point", "coordinates": [-94.5633, 39.0685]}}, {"type": "Feature", "properties": {"name": "Mesa Gallery District", "city": "Mesa", "state": "Arizona", "type": "Cultural Hub"}, "geometry": {"type": "Point", "coordinates": [-111.8266, 33.4141]}}, {"type": "Feature", "properties": {"name": "Mesa Cultural Center", "city": "Mesa", "state": "Arizona", "type": "Cultural Hub"}, "geometry": {"type": "Point", "coordinates": [-111.886, 33.4285]}}, {"type": "Feature", "properties": {"name": "Mesa Convention Center", "city": "Mesa", "state": "Arizona", "type": "Cultural Hub"}, "geometry": {"type": "Point", "coordinates": [-111.8151, 33.4482]}}, {"type": "Feature", "properties": {"name": "Virginia Beach Gallery District", "city": "Virginia Beach", "state": "Virginia", "type": "Cultural Hub"}, "geometry": {"type": "Point", "coordinates": [-76.0097, 36.832]}}, {"type": "Feature", "properties": {"name": "Virginia Beach Library Arts Center", "city": "Virginia Beach", "state": "Virginia", "type": "Cultural Hub"}, "geometry": {"type": "Point", "coordinates": [-75.9871, 36.8914]}}, {"type": "Feature", "properties": {"name": "Virginia Beach Heritage Museum", "city": "Virginia Beach", "state": "Virginia", "type": "Cultural Hub"}, "geometry": {"type": "Point", "coordinates": [-75.9371, 36.8153]}}, {"type": "Feature", "properties": {"name": "Virginia Beach Opera House", "city": "Virginia Beach", "state": "Virginia", "type": "Cultural Hub"}, "geometry": {"type": "Point", "coordinates": [-75.9699, 36.8368]}}, {"type": "Feature", "properties": {"name": "Virginia Beach Art Museum", "city": "Virginia Beach", "state": "Virginia", "type": "Cultural Hub"}, "geometry": {"type": "Point", "coordinates": [-76.0154, 36.8334]}}, {"type": "Feature", "properties": {"name": "Atlanta Museum District", "city": "Atlanta", "state": "Georgia", "type": "Cultural Hub"}, "geometry": {"type": "Point", "coordinates": [-84.3886, 33.7888]}}, {"type": "Feature", "properties": {"name": "Atlanta History Museum", "city": "Atlanta", "state": "Georgia", "type": "Cultural Hub"}, "geometry": {"type": "Point", "coordinates": [-84.387, 33.7104]}}, {"type": "Feature", "properties": {"name": "Atlanta Art Museum", "city": "Atlanta", "state": "Georgia", "type": "Cultural Hub"}, "geometry": {"type": "Point", "coordinates": [-84.4365, 33.7387]}}, {"type": "Feature", "properties": {"name": "Atlanta Entertainment District", "city": "Atlanta", "state": "Georgia", "type": "Cultural Hub"}, "geometry": {"type": "Point", "coordinates": [-84.3639, 33.7531]}}, {"type": "Feature", "properties": {"name": "Colorado Springs Civic Theater", "city": "Colorado Springs", "state": "Colorado", "type": "Cultural Hub"}, "geometry": {"type": "Point", "coordinates": [-104.7693, 38.851]}}, {"type": "Feature", "properties": {"name": "Colorado Springs Science Center", "city": "Colorado Springs", "state": "Colorado", "type": "Cultural Hub"}, "geometry": {"type": "Point", "coordinates": [-104.8553, 38.8461]}}, {"type": "Feature", "properties": {"name": "Colorado Springs Civic Theater", "city": "Colorado Springs", "state": "Colorado", "type": "Cultural Hub"}, "geometry": {"type": "Point", "coordinates": [-104.7688, 38.8384]}}, {"type": "Feature", "properties": {"name": "Colorado Springs Film Arts Center", "city": "Colorado Springs", "state": "Colorado", "type": "Cultural Hub"}, "geometry": {"type": "Point", "coordinates": [-104.8621, 38.8323]}}, {"type": "Feature", "properties": {"name": "Omaha Theater District", "city": "Omaha", "state": "Nebraska", "type": "Cultural Hub"}, "geometry": {"type": "Point", "coordinates": [-95.9836, 41.2226]}}, {"type": "Feature", "properties": {"name": "Omaha Art Museum", "city": "Omaha", "state": "Nebraska", "type": "Cultural Hub"}, "geometry": {"type": "Point", "coordinates": [-95.9628, 41.2312]}}, {"type": "Feature", "properties": {"name": "Omaha Cultural Center", "city": "Omaha", "state": "Nebraska", "type": "Cultural Hub"}, "geometry": {"type": "Point", "coordinates": [-95.9582, 41.2186]}}, {"type": "Feature", "properties": {"name": "Omaha Science Center", "city": "Omaha", "state": "Nebraska", "type": "Cultural Hub"}, "geometry": {"type": "Point", "coordinates": [-96.0288, 41.232]}}, {"type": "Feature", "properties": {"name": "Omaha History Museum", "city": "Omaha", "state": "Nebraska", "type": "Cultural Hub"}, "geometry": {"type": "Point", "coordinates": [-96.0325, 41.281]}}, {"type": "Feature", "properties": {"name": "Omaha Civic Theater", "city": "Omaha", "state": "Nebraska", "type": "Cultural Hub"}, "geometry": {"type": "Point", "coordinates": [-95.9576, 41.264]}}, {"type": "Feature", "properties": {"name": "Raleigh Museum District", "city": "Raleigh", "state": "North Carolina", "type": "Cultural Hub"}, "geometry": {"type": "Point", "coordinates": [-78.6385, 35.7659]}}, {"type": "Feature", "properties": {"name": "Raleigh Theater District", "city": "Raleigh", "state": "North Carolina", "type": "Cultural Hub"}, "geometry": {"type": "Point", "coordinates": [-78.5864, 35.7704]}}, {"type": "Feature", "properties": {"name": "Raleigh Entertainment District", "city": "Raleigh", "state": "North Carolina", "type": "Cultural Hub"}, "geometry": {"type": "Point", "coordinates": [-78.6092, 35.7622]}}, {"type": "Feature", "properties": {"name": "Raleigh Gallery District", "city": "Raleigh", "state": "North Carolina", "type": "Cultural Hub"}, "geometry": {"type": "Point", "coordinates": [-78.6464, 35.7463]}}, {"type": "Feature", "properties": {"name": "Raleigh Theater District", "city": "Raleigh", "state": "North Carolina", "type": "Cultural Hub"}, "geometry": {"type": "Point", "coordinates": [-78.6903, 35.7636]}}, {"type": "Feature", "properties": {"name": "Miami Cultural Center", "city": "Miami", "state": "Florida", "type": "Cultural Hub"}, "geometry": {"type": "Point", "coordinates": [-80.2368, 25.7991]}}, {"type": "Feature", "properties": {"name": "Miami Heritage Museum", "city": "Miami", "state": "Florida", "type": "Cultural Hub"}, "geometry": {"type": "Point", "coordinates": [-80.2321, 25.757]}}, {"type": "Feature", "properties": {"name": "Miami Film Arts Center", "city": "Miami", "state": "Florida", "type": "Cultural Hub"}, "geometry": {"type": "Point", "coordinates": [-80.1359, 25.7914]}}, {"type": "Feature", "properties": {"name": "Oakland Cultural Arts Campus", "city": "Oakland", "state": "California", "type": "Cultural Hub"}, "geometry": {"type": "Point", "coordinates": [-122.3026, 37.8248]}}, {"type": "Feature", "properties": {"name": "Oakland Civic Theater", "city": "Oakland", "state": "California", "type": "Cultural Hub"}, "geometry": {"type": "Point", "coordinates": [-122.2638, 37.8322]}}, {"type": "Feature", "properties": {"name": "Oakland Civic Theater", "city": "Oakland", "state": "California", "type": "Cultural Hub"}, "geometry": {"type": "Point", "coordinates": [-122.2565, 37.8022]}}, {"type": "Feature", "properties": {"name": "Oakland Theater District", "city": "Oakland", "state": "California", "type": "Cultural Hub"}, "geometry": {"type": "Point", "coordinates": [-122.2209, 37.8005]}}, {"type": "Feature", "properties": {"name": "Minneapolis Cultural Arts Campus", "city": "Minneapolis", "state": "Minnesota", "type": "Cultural Hub"}, "geometry": {"type": "Point", "coordinates": [-93.2376, 45.0139]}}, {"type": "Feature", "properties": {"name": "Minneapolis Film Arts Center", "city": "Minneapolis", "state": "Minnesota", "type": "Cultural Hub"}, "geometry": {"type": "Point", "coordinates": [-93.2372, 45.01]}}, {"type": "Feature", "properties": {"name": "Minneapolis Heritage Museum", "city": "Minneapolis", "state": "Minnesota", "type": "Cultural Hub"}, "geometry": {"type": "Point", "coordinates": [-93.2586, 44.9563]}}, {"type": "Feature", "properties": {"name": "Minneapolis Theater District", "city": "Minneapolis", "state": "Minnesota", "type": "Cultural Hub"}, "geometry": {"type": "Point", "coordinates": [-93.2785, 44.9657]}}, {"type": "Feature", "properties": {"name": "Tulsa Science Center", "city": "Tulsa", "state": "Oklahoma", "type": "Cultural Hub"}, "geometry": {"type": "Point", "coordinates": [-96.046, 36.1542]}}, {"type": "Feature", "properties": {"name": "Tulsa Entertainment District", "city": "Tulsa", "state": "Oklahoma", "type": "Cultural Hub"}, "geometry": {"type": "Point", "coordinates": [-96.0461, 36.1225]}}, {"type": "Feature", "properties": {"name": "Tulsa Museum District", "city": "Tulsa", "state": "Oklahoma", "type": "Cultural Hub"}, "geometry": {"type": "Point", "coordinates": [-95.957, 36.1391]}}, {"type": "Feature", "properties": {"name": "Cleveland Science Center", "city": "Cleveland", "state": "Ohio", "type": "Cultural Hub"}, "geometry": {"type": "Point", "coordinates": [-81.6859, 41.4863]}}, {"type": "Feature", "properties": {"name": "Cleveland Art Museum", "city": "Cleveland", "state": "Ohio", "type": "Cultural Hub"}, "geometry": {"type": "Point", "coordinates": [-81.7137, 41.5384]}}, {"type": "Feature", "properties": {"name": "Cleveland Arts District", "city": "Cleveland", "state": "Ohio", "type": "Cultural Hub"}, "geometry": {"type": "Point", "coordinates": [-81.6473, 41.509]}}, {"type": "Feature", "properties": {"name": "Cleveland Convention Center", "city": "Cleveland", "state": "Ohio", "type": "Cultural Hub"}, "geometry": {"type": "Point", "coordinates": [-81.7425, 41.537]}}, {"type": "Feature", "properties": {"name": "Wichita Performing Arts Center", "city": "Wichita", "state": "Kansas", "type": "Cultural Hub"}, "geometry": {"type": "Point", "coordinates": [-97.3219, 37.7204]}}, {"type": "Feature", "properties": {"name": "Wichita Art Museum", "city": "Wichita", "state": "Kansas", "type": "Cultural Hub"}, "geometry": {"type": "Point", "coordinates": [-97.3623, 37.6689]}}, {"type": "Feature", "properties": {"name": "Wichita Performing Arts Center", "city": "Wichita", "state": "Kansas", "type": "Cultural Hub"}, "geometry": {"type": "Point", "coordinates": [-97.3492, 37.6697]}}, {"type": "Feature", "properties": {"name": "Wichita Cultural Arts Campus", "city": "Wichita", "state": "Kansas", "type": "Cultural Hub"}, "geometry": {"type": "Point", "coordinates": [-97.3802, 37.6539]}}, {"type": "Feature", "properties": {"name": "Wichita History Museum", "city": "Wichita", "state": "Kansas", "type": "Cultural Hub"}, "geometry": {"type": "Point", "coordinates": [-97.3684, 37.7085]}}, {"type": "Feature", "properties": {"name": "Wichita Cultural Center", "city": "Wichita", "state": "Kansas", "type": "Cultural Hub"}, "geometry": {"type": "Point", "coordinates": [-97.3524, 37.6609]}}, {"type": "Feature", "properties": {"name": "Arlington Arts District", "city": "Arlington", "state": "Texas", "type": "Cultural Hub"}, "geometry": {"type": "Point", "coordinates": [-97.0555, 32.7387]}}, {"type": "Feature", "properties": {"name": "Arlington Arts District", "city": "Arlington", "state": "Texas", "type": "Cultural Hub"}, "geometry": {"type": "Point", "coordinates": [-97.1072, 32.7629]}}, {"type": "Feature", "properties": {"name": "Arlington Cultural Center", "city": "Arlington", "state": "Texas", "type": "Cultural Hub"}, "geometry": {"type": "Point", "coordinates": [-97.1566, 32.7083]}}, {"type": "Feature", "properties": {"name": "Arlington Civic Theater", "city": "Arlington", "state": "Texas", "type": "Cultural Hub"}, "geometry": {"type": "Point", "coordinates": [-97.1634, 32.7323]}}, {"type": "Feature", "properties": {"name": "Arlington Film Arts Center", "city": "Arlington", "state": "Texas", "type": "Cultural Hub"}, "geometry": {"type": "Point", "coordinates": [-97.0542, 32.7351]}}, {"type": "Feature", "properties": {"name": "New Orleans Performing Arts Center", "city": "New Orleans", "state": "Louisiana", "type": "Cultural Hub"}, "geometry": {"type": "Point", "coordinates": [-90.0646, 29.9127]}}, {"type": "Feature", "properties": {"name": "New Orleans Arts District", "city": "New Orleans", "state": "Louisiana", "type": "Cultural Hub"}, "geometry": {"type": "Point", "coordinates": [-90.0686, 29.9869]}}, {"type": "Feature", "properties": {"name": "New Orleans Theater District", "city": "New Orleans", "state": "Louisiana", "type": "Cultural Hub"}, "geometry": {"type": "Point", "coordinates": [-90.0712, 29.9903]}}, {"type": "Feature", "properties": {"name": "New Orleans Civic Theater", "city": "New Orleans", "state": "Louisiana", "type": "Cultural Hub"}, "geometry": {"type": "Point", "coordinates": [-90.0583, 29.9391]}}, {"type": "Feature", "properties": {"name": "New Orleans Museum District", "city": "New Orleans", "state": "Louisiana", "type": "Cultural Hub"}, "geometry": {"type": "Point", "coordinates": [-90.0552, 29.9582]}}, {"type": "Feature", "properties": {"name": "New Orleans Symphony Hall", "city": "New Orleans", "state": "Louisiana", "type": "Cultural Hub"}, "geometry": {"type": "Point", "coordinates": [-90.055, 29.9819]}}, {"type": "Feature", "properties": {"name": "Bakersfield Cultural Arts Campus", "city": "Bakersfield", "state": "California", "type": "Cultural Hub"}, "geometry": {"type": "Point", "coordinates": [-118.9718, 35.4109]}}, {"type": "Feature", "properties": {"name": "Bakersfield Science Center", "city": "Bakersfield", "state": "California", "type": "Cultural Hub"}, "geometry": {"type": "Point", "coordinates": [-118.9745, 35.4111]}}, {"type": "Feature", "properties": {"name": "Bakersfield Cultural Center", "city": "Bakersfield", "state": "California", "type": "Cultural Hub"}, "geometry": {"type": "Point", "coordinates": [-119.0194, 35.406]}}, {"type": "Feature", "properties": {"name": "Bakersfield Theater District", "city": "Bakersfield", "state": "California", "type": "Cultural Hub"}, "geometry": {"type": "Point", "coordinates": [-118.9968, 35.3997]}}, {"type": "Feature", "properties": {"name": "Bakersfield Civic Theater", "city": "Bakersfield", "state": "California", "type": "Cultural Hub"}, "geometry": {"type": "Point", "coordinates": [-119.0075, 35.3623]}}, {"type": "Feature", "properties": {"name": "Bakersfield Civic Theater", "city": "Bakersfield", "state": "California", "type": "Cultural Hub"}, "geometry": {"type": "Point", "coordinates": [-118.9726, 35.3953]}}, {"type": "Feature", "properties": {"name": "Tampa Cultural Arts Campus", "city": "Tampa", "state": "Florida", "type": "Cultural Hub"}, "geometry": {"type": "Point", "coordinates": [-82.4432, 27.911]}}, {"type": "Feature", "properties": {"name": "Tampa Library Arts Center", "city": "Tampa", "state": "Florida", "type": "Cultural Hub"}, "geometry": {"type": "Point", "coordinates": [-82.4916, 27.9547]}}, {"type": "Feature", "properties": {"name": "Tampa Performing Arts Center", "city": "Tampa", "state": "Florida", "type": "Cultural Hub"}, "geometry": {"type": "Point", "coordinates": [-82.4893, 27.9352]}}, {"type": "Feature", "properties": {"name": "Tampa Opera House", "city": "Tampa", "state": "Florida", "type": "Cultural Hub"}, "geometry": {"type": "Point", "coordinates": [-82.4346, 27.9367]}}, {"type": "Feature", "properties": {"name": "Tampa Convention Center", "city": "Tampa", "state": "Florida", "type": "Cultural Hub"}, "geometry": {"type": "Point", "coordinates": [-82.4563, 27.9901]}}, {"type": "Feature", "properties": {"name": "Honolulu Library Arts Center", "city": "Honolulu", "state": "Hawaii", "type": "Cultural Hub"}, "geometry": {"type": "Point", "coordinates": [-157.8605, 21.3438]}}, {"type": "Feature", "properties": {"name": "Honolulu Library Arts Center", "city": "Honolulu", "state": "Hawaii", "type": "Cultural Hub"}, "geometry": {"type": "Point", "coordinates": [-157.8365, 21.34]}}, {"type": "Feature", "properties": {"name": "Honolulu Film Arts Center", "city": "Honolulu", "state": "Hawaii", "type": "Cultural Hub"}, "geometry": {"type": "Point", "coordinates": [-157.9063, 21.3203]}}, {"type": "Feature", "properties": {"name": "Honolulu Film Arts Center", "city": "Honolulu", "state": "Hawaii", "type": "Cultural Hub"}, "geometry": {"type": "Point", "coordinates": [-157.8737, 21.2823]}}, {"type": "Feature", "properties": {"name": "Aurora Film Arts Center", "city": "Aurora", "state": "Colorado", "type": "Cultural Hub"}, "geometry": {"type": "Point", "coordinates": [-104.8285, 39.7369]}}, {"type": "Feature", "properties": {"name": "Aurora History Museum", "city": "Aurora", "state": "Colorado", "type": "Cultural Hub"}, "geometry": {"type": "Point", "coordinates": [-104.815, 39.7365]}}, {"type": "Feature", "properties": {"name": "Aurora Performing Arts Center", "city": "Aurora", "state": "Colorado", "type": "Cultural Hub"}, "geometry": {"type": "Point", "coordinates": [-104.8122, 39.7376]}}, {"type": "Feature", "properties": {"name": "Aurora History Museum", "city": "Aurora", "state": "Colorado", "type": "Cultural Hub"}, "geometry": {"type": "Point", "coordinates": [-104.8104, 39.7518]}}, {"type": "Feature", "properties": {"name": "Aurora History Museum", "city": "Aurora", "state": "Colorado", "type": "Cultural Hub"}, "geometry": {"type": "Point", "coordinates": [-104.8666, 39.724]}}, {"type": "Feature", "properties": {"name": "Anaheim Heritage Museum", "city": "Anaheim", "state": "California", "type": "Cultural Hub"}, "geometry": {"type": "Point", "coordinates": [-117.9027, 33.874]}}, {"type": "Feature", "properties": {"name": "Anaheim Gallery District", "city": "Anaheim", "state": "California", "type": "Cultural Hub"}, "geometry": {"type": "Point", "coordinates": [-117.925, 33.8634]}}, {"type": "Feature", "properties": {"name": "Anaheim Gallery District", "city": "Anaheim", "state": "California", "type": "Cultural Hub"}, "geometry": {"type": "Point", "coordinates": [-117.8777, 33.8327]}}, {"type": "Feature", "properties": {"name": "Anaheim Heritage Museum", "city": "Anaheim", "state": "California", "type": "Cultural Hub"}, "geometry": {"type": "Point", "coordinates": [-117.9531, 33.8466]}}, {"type": "Feature", "properties": {"name": "Anaheim Museum District", "city": "Anaheim", "state": "California", "type": "Cultural Hub"}, "geometry": {"type": "Point", "coordinates": [-117.9224, 33.8242]}}, {"type": "Feature", "properties": {"name": "Anaheim Entertainment District", "city": "Anaheim", "state": "California", "type": "Cultural Hub"}, "geometry": {"type": "Point", "coordinates": [-117.9289, 33.8242]}}, {"type": "Feature", "properties": {"name": "Santa Ana History Museum", "city": "Santa Ana", "state": "California", "type": "Cultural Hub"}, "geometry": {"type": "Point", "coordinates": [-117.9163, 33.7666]}}, {"type": "Feature", "properties": {"name": "Santa Ana Theater District", "city": "Santa Ana", "state": "California", "type": "Cultural Hub"}, "geometry": {"type": "Point", "coordinates": [-117.855, 33.7481]}}, {"type": "Feature", "properties": {"name": "Santa Ana Performing Arts Center", "city": "Santa Ana", "state": "California", "type": "Cultural Hub"}, "geometry": {"type": "Point", "coordinates": [-117.9117, 33.734]}}, {"type": "Feature", "properties": {"name": "St. Louis Opera House", "city": "St. Louis", "state": "Missouri", "type": "Cultural Hub"}, "geometry": {"type": "Point", "coordinates": [-90.1444, 38.5886]}}, {"type": "Feature", "properties": {"name": "St. Louis Entertainment District", "city": "St. Louis", "state": "Missouri", "type": "Cultural Hub"}, "geometry": {"type": "Point", "coordinates": [-90.2126, 38.6621]}}, {"type": "Feature", "properties": {"name": "St. Louis History Museum", "city": "St. Louis", "state": "Missouri", "type": "Cultural Hub"}, "geometry": {"type": "Point", "coordinates": [-90.1435, 38.6553]}}, {"type": "Feature", "properties": {"name": "St. Louis Gallery District", "city": "St. Louis", "state": "Missouri", "type": "Cultural Hub"}, "geometry": {"type": "Point", "coordinates": [-90.1962, 38.6592]}}, {"type": "Feature", "properties": {"name": "Riverside Heritage Museum", "city": "Riverside", "state": "California", "type": "Cultural Hub"}, "geometry": {"type": "Point", "coordinates": [-117.3677, 33.9351]}}, {"type": "Feature", "properties": {"name": "Riverside Theater District", "city": "Riverside", "state": "California", "type": "Cultural Hub"}, "geometry": {"type": "Point", "coordinates": [-117.3913, 33.9169]}}, {"type": "Feature", "properties": {"name": "Riverside Museum District", "city": "Riverside", "state": "California", "type": "Cultural Hub"}, "geometry": {"type": "Point", "coordinates": [-117.4147, 33.9621]}}, {"type": "Feature", "properties": {"name": "Riverside Arts District", "city": "Riverside", "state": "California", "type": "Cultural Hub"}, "geometry": {"type": "Point", "coordinates": [-117.4172, 33.9178]}}, {"type": "Feature", "properties": {"name": "Riverside Symphony Hall", "city": "Riverside", "state": "California", "type": "Cultural Hub"}, "geometry": {"type": "Point", "coordinates": [-117.4518, 33.9406]}}, {"type": "Feature", "properties": {"name": "Corpus Christi Science Center", "city": "Corpus Christi", "state": "Texas", "type": "Cultural Hub"}, "geometry": {"type": "Point", "coordinates": [-97.3883, 27.8357]}}, {"type": "Feature", "properties": {"name": "Corpus Christi Cultural Center", "city": "Corpus Christi", "state": "Texas", "type": "Cultural Hub"}, "geometry": {"type": "Point", "coordinates": [-97.3583, 27.8]}}, {"type": "Feature", "properties": {"name": "Corpus Christi Film Arts Center", "city": "Corpus Christi", "state": "Texas", "type": "Cultural Hub"}, "geometry": {"type": "Point", "coordinates": [-97.4092, 27.7886]}}, {"type": "Feature", "properties": {"name": "Corpus Christi Performing Arts Center", "city": "Corpus Christi", "state": "Texas", "type": "Cultural Hub"}, "geometry": {"type": "Point", "coordinates": [-97.426, 27.8262]}}, {"type": "Feature", "properties": {"name": "Corpus Christi Civic Theater", "city": "Corpus Christi", "state": "Texas", "type": "Cultural Hub"}, "geometry": {"type": "Point", "coordinates": [-97.4429, 27.8277]}}, {"type": "Feature", "properties": {"name": "Lexington-Fayette Library Arts Center", "city": "Lexington-Fayette", "state": "Kentucky", "type": "Cultural Hub"}, "geometry": {"type": "Point", "coordinates": [-84.4578, 38.0328]}}, {"type": "Feature", "properties": {"name": "Lexington-Fayette Library Arts Center", "city": "Lexington-Fayette", "state": "Kentucky", "type": "Cultural Hub"}, "geometry": {"type": "Point", "coordinates": [-84.5258, 38.0516]}}, {"type": "Feature", "properties": {"name": "Lexington-Fayette Entertainment District", "city": "Lexington-Fayette", "state": "Kentucky", "type": "Cultural Hub"}, "geometry": {"type": "Point", "coordinates": [-84.5124, 38.0206]}}, {"type": "Feature", "properties": {"name": "Lexington-Fayette Performing Arts Center", "city": "Lexington-Fayette", "state": "Kentucky", "type": "Cultural Hub"}, "geometry": {"type": "Point", "coordinates": [-84.4521, 38.037]}}, {"type": "Feature", "properties": {"name": "Pittsburgh Cultural Arts Campus", "city": "Pittsburgh", "state": "Pennsylvania", "type": "Cultural Hub"}, "geometry": {"type": "Point", "coordinates": [-80.0129, 40.4518]}}, {"type": "Feature", "properties": {"name": "Pittsburgh Science Center", "city": "Pittsburgh", "state": "Pennsylvania", "type": "Cultural Hub"}, "geometry": {"type": "Point", "coordinates": [-80.0002, 40.446]}}, {"type": "Feature", "properties": {"name": "Pittsburgh Library Arts Center", "city": "Pittsburgh", "state": "Pennsylvania", "type": "Cultural Hub"}, "geometry": {"type": "Point", "coordinates": [-79.9852, 40.475]}}, {"type": "Feature", "properties": {"name": "Pittsburgh History Museum", "city": "Pittsburgh", "state": "Pennsylvania", "type": "Cultural Hub"}, "geometry": {"type": "Point", "coordinates": [-79.9755, 40.4302]}}, {"type": "Feature", "properties": {"name": "Pittsburgh History Museum", "city": "Pittsburgh", "state": "Pennsylvania", "type": "Cultural Hub"}, "geometry": {"type": "Point", "coordinates": [-79.9404, 40.4679]}}, {"type": "Feature", "properties": {"name": "Anchorage Entertainment District", "city": "Anchorage", "state": "Alaska", "type": "Cultural Hub"}, "geometry": {"type": "Point", "coordinates": [-149.87, 61.2231]}}, {"type": "Feature", "properties": {"name": "Anchorage Cultural Center", "city": "Anchorage", "state": "Alaska", "type": "Cultural Hub"}, "geometry": {"type": "Point", "coordinates": [-149.8487, 61.2471]}}, {"type": "Feature", "properties": {"name": "Anchorage Cultural Arts Campus", "city": "Anchorage", "state": "Alaska", "type": "Cultural Hub"}, "geometry": {"type": "Point", "coordinates": [-149.8479, 61.1819]}}, {"type": "Feature", "properties": {"name": "Anchorage Science Center", "city": "Anchorage", "state": "Alaska", "type": "Cultural Hub"}, "geometry": {"type": "Point", "coordinates": [-149.8763, 61.1919]}}, {"type": "Feature", "properties": {"name": "Anchorage Performing Arts Center", "city": "Anchorage", "state": "Alaska", "type": "Cultural Hub"}, "geometry": {"type": "Point", "coordinates": [-149.9426, 61.2302]}}, {"type": "Feature", "properties": {"name": "Anchorage Performing Arts Center", "city": "Anchorage", "state": "Alaska", "type": "Cultural Hub"}, "geometry": {"type": "Point", "coordinates": [-149.9044, 61.1911]}}, {"type": "Feature", "properties": {"name": "Stockton Cultural Arts Campus", "city": "Stockton", "state": "California", "type": "Cultural Hub"}, "geometry": {"type": "Point", "coordinates": [-121.31, 37.9215]}}, {"type": "Feature", "properties": {"name": "Stockton Opera House", "city": "Stockton", "state": "California", "type": "Cultural Hub"}, "geometry": {"type": "Point", "coordinates": [-121.2513, 37.9352]}}, {"type": "Feature", "properties": {"name": "Stockton Theater District", "city": "Stockton", "state": "California", "type": "Cultural Hub"}, "geometry": {"type": "Point", "coordinates": [-121.3355, 37.941]}}, {"type": "Feature", "properties": {"name": "Cincinnati Cultural Arts Campus", "city": "Cincinnati", "state": "Ohio", "type": "Cultural Hub"}, "geometry": {"type": "Point", "coordinates": [-84.4836, 39.1149]}}, {"type": "Feature", "properties": {"name": "Cincinnati Entertainment District", "city": "Cincinnati", "state": "Ohio", "type": "Cultural Hub"}, "geometry": {"type": "Point", "coordinates": [-84.4732, 39.0818]}}, {"type": "Feature", "properties": {"name": "Cincinnati Civic Theater", "city": "Cincinnati", "state": "Ohio", "type": "Cultural Hub"}, "geometry": {"type": "Point", "coordinates": [-84.4892, 39.1206]}}, {"type": "Feature", "properties": {"name": "St. Paul Gallery District", "city": "St. Paul", "state": "Minnesota", "type": "Cultural Hub"}, "geometry": {"type": "Point", "coordinates": [-93.0553, 44.9877]}}, {"type": "Feature", "properties": {"name": "St. Paul History Museum", "city": "St. Paul", "state": "Minnesota", "type": "Cultural Hub"}, "geometry": {"type": "Point", "coordinates": [-93.0477, 44.9827]}}, {"type": "Feature", "properties": {"name": "St. Paul Science Center", "city": "St. Paul", "state": "Minnesota", "type": "Cultural Hub"}, "geometry": {"type": "Point", "coordinates": [-93.0516, 44.9158]}}, {"type": "Feature", "properties": {"name": "Toledo Gallery District", "city": "Toledo", "state": "Ohio", "type": "Cultural Hub"}, "geometry": {"type": "Point", "coordinates": [-83.5434, 41.652]}}, {"type": "Feature", "properties": {"name": "Toledo Science Center", "city": "Toledo", "state": "Ohio", "type": "Cultural Hub"}, "geometry": {"type": "Point", "coordinates": [-83.5435, 41.6483]}}, {"type": "Feature", "properties": {"name": "Toledo Entertainment District", "city": "Toledo", "state": "Ohio", "type": "Cultural Hub"}, "geometry": {"type": "Point", "coordinates": [-83.5783, 41.696]}}, {"type": "Feature", "properties": {"name": "Toledo Library Arts Center", "city": "Toledo", "state": "Ohio", "type": "Cultural Hub"}, "geometry": {"type": "Point", "coordinates": [-83.5333, 41.6667]}}, {"type": "Feature", "properties": {"name": "Toledo Cultural Arts Campus", "city": "Toledo", "state": "Ohio", "type": "Cultural Hub"}, "geometry": {"type": "Point", "coordinates": [-83.5016, 41.6393]}}, {"type": "Feature", "properties": {"name": "Greensboro Theater District", "city": "Greensboro", "state": "North Carolina", "type": "Cultural Hub"}, "geometry": {"type": "Point", "coordinates": [-79.7402, 36.1022]}}, {"type": "Feature", "properties": {"name": "Greensboro Performing Arts Center", "city": "Greensboro", "state": "North Carolina", "type": "Cultural Hub"}, "geometry": {"type": "Point", "coordinates": [-79.7952, 36.0986]}}, {"type": "Feature", "properties": {"name": "Greensboro Opera House", "city": "Greensboro", "state": "North Carolina", "type": "Cultural Hub"}, "geometry": {"type": "Point", "coordinates": [-79.8317, 36.0972]}}, {"type": "Feature", "properties": {"name": "Greensboro Arts District", "city": "Greensboro", "state": "North Carolina", "type": "Cultural Hub"}, "geometry": {"type": "Point", "coordinates": [-79.8189, 36.0769]}}, {"type": "Feature", "properties": {"name": "Greensboro Arts District", "city": "Greensboro", "state": "North Carolina", "type": "Cultural Hub"}, "geometry": {"type": "Point", "coordinates": [-79.8244, 36.0533]}}, {"type": "Feature", "properties": {"name": "Newark Film Arts Center", "city": "Newark", "state": "New Jersey", "type": "Cultural Hub"}, "geometry": {"type": "Point", "coordinates": [-74.2107, 40.6998]}}, {"type": "Feature", "properties": {"name": "Newark Film Arts Center", "city": "Newark", "state": "New Jersey", "type": "Cultural Hub"}, "geometry": {"type": "Point", "coordinates": [-74.1923, 40.7603]}}, {"type": "Feature", "properties": {"name": "Newark Heritage Museum", "city": "Newark", "state": "New Jersey", "type": "Cultural Hub"}, "geometry": {"type": "Point", "coordinates": [-74.2258, 40.7278]}}, {"type": "Feature", "properties": {"name": "Plano Performing Arts Center", "city": "Plano", "state": "Texas", "type": "Cultural Hub"}, "geometry": {"type": "Point", "coordinates": [-96.6758, 33.0477]}}, {"type": "Feature", "properties": {"name": "Plano Performing Arts Center", "city": "Plano", "state": "Texas", "type": "Cultural Hub"}, "geometry": {"type": "Point", "coordinates": [-96.6999, 32.9988]}}, {"type": "Feature", "properties": {"name": "Plano Film Arts Center", "city": "Plano", "state": "Texas", "type": "Cultural Hub"}, "geometry": {"type": "Point", "coordinates": [-96.7066, 33.009]}}, {"type": "Feature", "properties": {"name": "Plano Science Center", "city": "Plano", "state": "Texas", "type": "Cultural Hub"}, "geometry": {"type": "Point", "coordinates": [-96.7415, 32.9944]}}, {"type": "Feature", "properties": {"name": "Plano Heritage Museum", "city": "Plano", "state": "Texas", "type": "Cultural Hub"}, "geometry": {"type": "Point", "coordinates": [-96.7461, 33.018]}}, {"type": "Feature", "properties": {"name": "Henderson Theater District", "city": "Henderson", "state": "Nevada", "type": "Cultural Hub"}, "geometry": {"type": "Point", "coordinates": [-114.991, 36.0261]}}, {"type": "Feature", "properties": {"name": "Henderson Heritage Museum", "city": "Henderson", "state": "Nevada", "type": "Cultural Hub"}, "geometry": {"type": "Point", "coordinates": [-114.9374, 36.043]}}, {"type": "Feature", "properties": {"name": "Henderson Science Center", "city": "Henderson", "state": "Nevada", "type": "Cultural Hub"}, "geometry": {"type": "Point", "coordinates": [-115.0006, 36.0249]}}, {"type": "Feature", "properties": {"name": "Henderson Gallery District", "city": "Henderson", "state": "Nevada", "type": "Cultural Hub"}, "geometry": {"type": "Point", "coordinates": [-114.9931, 36.0647]}}, {"type": "Feature", "properties": {"name": "Henderson Gallery District", "city": "Henderson", "state": "Nevada", "type": "Cultural Hub"}, "geometry": {"type": "Point", "coordinates": [-115.0097, 36.0023]}}, {"type": "Feature", "properties": {"name": "Henderson Arts District", "city": "Henderson", "state": "Nevada", "type": "Cultural Hub"}, "geometry": {"type": "Point", "coordinates": [-114.9495, 36.0348]}}, {"type": "Feature", "properties": {"name": "Lincoln Museum District", "city": "Lincoln", "state": "Nebraska", "type": "Cultural Hub"}, "geometry": {"type": "Point", "coordinates": [-96.646, 40.8141]}}, {"type": "Feature", "properties": {"name": "Lincoln Library Arts Center", "city": "Lincoln", "state": "Nebraska", "type": "Cultural Hub"}, "geometry": {"type": "Point", "coordinates": [-96.7, 40.7859]}}, {"type": "Feature", "properties": {"name": "Lincoln Entertainment District", "city": "Lincoln", "state": "Nebraska", "type": "Cultural Hub"}, "geometry": {"type": "Point", "coordinates": [-96.6609, 40.8441]}}, {"type": "Feature", "properties": {"name": "Buffalo Library Arts Center", "city": "Buffalo", "state": "New York", "type": "Cultural Hub"}, "geometry": {"type": "Point", "coordinates": [-78.9322, 42.8695]}}, {"type": "Feature", "properties": {"name": "Buffalo Performing Arts Center", "city": "Buffalo", "state": "New York", "type": "Cultural Hub"}, "geometry": {"type": "Point", "coordinates": [-78.889, 42.8699]}}, {"type": "Feature", "properties": {"name": "Buffalo Convention Center", "city": "Buffalo", "state": "New York", "type": "Cultural Hub"}, "geometry": {"type": "Point", "coordinates": [-78.8509, 42.8616]}}, {"type": "Feature", "properties": {"name": "Buffalo Opera House", "city": "Buffalo", "state": "New York", "type": "Cultural Hub"}, "geometry": {"type": "Point", "coordinates": [-78.8896, 42.9207]}}, {"type": "Feature", "properties": {"name": "Buffalo Library Arts Center", "city": "Buffalo", "state": "New York", "type": "Cultural Hub"}, "geometry": {"type": "Point", "coordinates": [-78.8538, 42.8884]}}, {"type": "Feature", "properties": {"name": "Jersey City Civic Theater", "city": "Jersey City", "state": "New Jersey", "type": "Cultural Hub"}, "geometry": {"type": "Point", "coordinates": [-74.0646, 40.7219]}}, {"type": "Feature", "properties": {"name": "Jersey City Arts District", "city": "Jersey City", "state": "New Jersey", "type": "Cultural Hub"}, "geometry": {"type": "Point", "coordinates": [-74.1123, 40.6994]}}, {"type": "Feature", "properties": {"name": "Jersey City Convention Center", "city": "Jersey City", "state": "New Jersey", "type": "Cultural Hub"}, "geometry": {"type": "Point", "coordinates": [-74.0658, 40.7664]}}, {"type": "Feature", "properties": {"name": "Jersey City Convention Center", "city": "Jersey City", "state": "New Jersey", "type": "Cultural Hub"}, "geometry": {"type": "Point", "coordinates": [-74.077, 40.7298]}}, {"type": "Feature", "properties": {"name": "Jersey City Art Museum", "city": "Jersey City", "state": "New Jersey", "type": "Cultural Hub"}, "geometry": {"type": "Point", "coordinates": [-74.0557, 40.721]}}, {"type": "Feature", "properties": {"name": "Chula Vista Convention Center", "city": "Chula Vista", "state": "California", "type": "Cultural Hub"}, "geometry": {"type": "Point", "coordinates": [-117.1055, 32.6537]}}, {"type": "Feature", "properties": {"name": "Chula Vista Library Arts Center", "city": "Chula Vista", "state": "California", "type": "Cultural Hub"}, "geometry": {"type": "Point", "coordinates": [-117.0381, 32.6026]}}, {"type": "Feature", "properties": {"name": "Chula Vista Heritage Museum", "city": "Chula Vista", "state": "California", "type": "Cultural Hub"}, "geometry": {"type": "Point", "coordinates": [-117.0739, 32.6704]}}, {"type": "Feature", "properties": {"name": "Chula Vista Entertainment District", "city": "Chula Vista", "state": "California", "type": "Cultural Hub"}, "geometry": {"type": "Point", "coordinates": [-117.0573, 32.6724]}}, {"type": "Feature", "properties": {"name": "Chula Vista Heritage Museum", "city": "Chula Vista", "state": "California", "type": "Cultural Hub"}, "geometry": {"type": "Point", "coordinates": [-117.0457, 32.6075]}}, {"type": "Feature", "properties": {"name": "Fort Wayne Film Arts Center", "city": "Fort Wayne", "state": "Indiana", "type": "Cultural Hub"}, "geometry": {"type": "Point", "coordinates": [-85.1693, 41.0481]}}, {"type": "Feature", "properties": {"name": "Fort Wayne Library Arts Center", "city": "Fort Wayne", "state": "Indiana", "type": "Cultural Hub"}, "geometry": {"type": "Point", "coordinates": [-85.1451, 41.0707]}}, {"type": "Feature", "properties": {"name": "Fort Wayne Civic Theater", "city": "Fort Wayne", "state": "Indiana", "type": "Cultural Hub"}, "geometry": {"type": "Point", "coordinates": [-85.0892, 41.1136]}}, {"type": "Feature", "properties": {"name": "Orlando Performing Arts Center", "city": "Orlando", "state": "Florida", "type": "Cultural Hub"}, "geometry": {"type": "Point", "coordinates": [-81.398, 28.5481]}}, {"type": "Feature", "properties": {"name": "Orlando Art Museum", "city": "Orlando", "state": "Florida", "type": "Cultural Hub"}, "geometry": {"type": "Point", "coordinates": [-81.3921, 28.5426]}}, {"type": "Feature", "properties": {"name": "Orlando Science Center", "city": "Orlando", "state": "Florida", "type": "Cultural Hub"}, "geometry": {"type": "Point", "coordinates": [-81.3371, 28.5588]}}, {"type": "Feature", "properties": {"name": "Orlando Gallery District", "city": "Orlando", "state": "Florida", "type": "Cultural Hub"}, "geometry": {"type": "Point", "coordinates": [-81.4072, 28.5306]}}, {"type": "Feature", "properties": {"name": "St. Petersburg Performing Arts Center", "city": "St. Petersburg", "state": "Florida", "type": "Cultural Hub"}, "geometry": {"type": "Point", "coordinates": [-82.6865, 27.7962]}}, {"type": "Feature", "properties": {"name": "St. Petersburg Library Arts Center", "city": "St. Petersburg", "state": "Florida", "type": "Cultural Hub"}, "geometry": {"type": "Point", "coordinates": [-82.612, 27.741]}}, {"type": "Feature", "properties": {"name": "Chandler Cultural Arts Campus", "city": "Chandler", "state": "Arizona", "type": "Cultural Hub"}, "geometry": {"type": "Point", "coordinates": [-111.8942, 33.339]}}, {"type": "Feature", "properties": {"name": "Chandler Performing Arts Center", "city": "Chandler", "state": "Arizona", "type": "Cultural Hub"}, "geometry": {"type": "Point", "coordinates": [-111.8284, 33.3345]}}, {"type": "Feature", "properties": {"name": "Chandler Heritage Museum", "city": "Chandler", "state": "Arizona", "type": "Cultural Hub"}, "geometry": {"type": "Point", "coordinates": [-111.8127, 33.3293]}}, {"type": "Feature", "properties": {"name": "Laredo Performing Arts Center", "city": "Laredo", "state": "Texas", "type": "Cultural Hub"}, "geometry": {"type": "Point", "coordinates": [-99.4773, 27.5288]}}, {"type": "Feature", "properties": {"name": "Laredo Cultural Center", "city": "Laredo", "state": "Texas", "type": "Cultural Hub"}, "geometry": {"type": "Point", "coordinates": [-99.4626, 27.547]}}, {"type": "Feature", "properties": {"name": "Norfolk Library Arts Center", "city": "Norfolk", "state": "Virginia", "type": "Cultural Hub"}, "geometry": {"type": "Point", "coordinates": [-76.3109, 36.8494]}}, {"type": "Feature", "properties": {"name": "Norfolk Library Arts Center", "city": "Norfolk", "state": "Virginia", "type": "Cultural Hub"}, "geometry": {"type": "Point", "coordinates": [-76.2587, 36.8537]}}, {"type": "Feature", "properties": {"name": "Norfolk Film Arts Center", "city": "Norfolk", "state": "Virginia", "type": "Cultural Hub"}, "geometry": {"type": "Point", "coordinates": [-76.2435, 36.8514]}}, {"type": "Feature", "properties": {"name": "Durham Theater District", "city": "Durham", "state": "North Carolina", "type": "Cultural Hub"}, "geometry": {"type": "Point", "coordinates": [-78.9485, 35.9979]}}, {"type": "Feature", "properties": {"name": "Durham Arts District", "city": "Durham", "state": "North Carolina", "type": "Cultural Hub"}, "geometry": {"type": "Point", "coordinates": [-78.8844, 36.0031]}}, {"type": "Feature", "properties": {"name": "Madison Entertainment District", "city": "Madison", "state": "Wisconsin", "type": "Cultural Hub"}, "geometry": {"type": "Point", "coordinates": [-89.4427, 43.0376]}}, {"type": "Feature", "properties": {"name": "Madison Civic Theater", "city": "Madison", "state": "Wisconsin", "type": "Cultural Hub"}, "geometry": {"type": "Point", "coordinates": [-89.4456, 43.0394]}}, {"type": "Feature", "properties": {"name": "Madison Science Center", "city": "Madison", "state": "Wisconsin", "type": "Cultural Hub"}, "geometry": {"type": "Point", "coordinates": [-89.3916, 43.0464]}}, {"type": "Feature", "properties": {"name": "Madison Film Arts Center", "city": "Madison", "state": "Wisconsin", "type": "Cultural Hub"}, "geometry": {"type": "Point", "coordinates": [-89.4382, 43.0884]}}, {"type": "Feature", "properties": {"name": "Lubbock Entertainment District", "city": "Lubbock", "state": "Texas", "type": "Cultural Hub"}, "geometry": {"type": "Point", "coordinates": [-101.8186, 33.5834]}}, {"type": "Feature", "properties": {"name": "Lubbock Theater District", "city": "Lubbock", "state": "Texas", "type": "Cultural Hub"}, "geometry": {"type": "Point", "coordinates": [-101.8181, 33.587]}}, {"type": "Feature", "properties": {"name": "Lubbock Museum District", "city": "Lubbock", "state": "Texas", "type": "Cultural Hub"}, "geometry": {"type": "Point", "coordinates": [-101.8143, 33.5953]}}, {"type": "Feature", "properties": {"name": "Irvine Symphony Hall", "city": "Irvine", "state": "California", "type": "Cultural Hub"}, "geometry": {"type": "Point", "coordinates": [-117.7887, 33.713]}}, {"type": "Feature", "properties": {"name": "Irvine Gallery District", "city": "Irvine", "state": "California", "type": "Cultural Hub"}, "geometry": {"type": "Point", "coordinates": [-117.7391, 33.6498]}}, {"type": "Feature", "properties": {"name": "Irvine Symphony Hall", "city": "Irvine", "state": "California", "type": "Cultural Hub"}, "geometry": {"type": "Point", "coordinates": [-117.7958, 33.6456]}}, {"type": "Feature", "properties": {"name": "Irvine Science Center", "city": "Irvine", "state": "California", "type": "Cultural Hub"}, "geometry": {"type": "Point", "coordinates": [-117.7888, 33.6557]}}, {"type": "Feature", "properties": {"name": "Winston-Salem Symphony Hall", "city": "Winston-Salem", "state": "North Carolina", "type": "Cultural Hub"}, "geometry": {"type": "Point", "coordinates": [-80.2468, 36.06]}}, {"type": "Feature", "properties": {"name": "Winston-Salem Science Center", "city": "Winston-Salem", "state": "North Carolina", "type": "Cultural Hub"}, "geometry": {"type": "Point", "coordinates": [-80.2006, 36.1114]}}, {"type": "Feature", "properties": {"name": "Glendale Cultural Arts Campus", "city": "Glendale", "state": "Arizona", "type": "Cultural Hub"}, "geometry": {"type": "Point", "coordinates": [-112.198, 33.5466]}}, {"type": "Feature", "properties": {"name": "Glendale Convention Center", "city": "Glendale", "state": "Arizona", "type": "Cultural Hub"}, "geometry": {"type": "Point", "coordinates": [-112.1895, 33.5201]}}, {"type": "Feature", "properties": {"name": "Garland Performing Arts Center", "city": "Garland", "state": "Texas", "type": "Cultural Hub"}, "geometry": {"type": "Point", "coordinates": [-96.5927, 32.9322]}}, {"type": "Feature", "properties": {"name": "Garland Civic Theater", "city": "Garland", "state": "Texas", "type": "Cultural Hub"}, "geometry": {"type": "Point", "coordinates": [-96.6345, 32.9283]}}, {"type": "Feature", "properties": {"name": "Garland Symphony Hall", "city": "Garland", "state": "Texas", "type": "Cultural Hub"}, "geometry": {"type": "Point", "coordinates": [-96.6778, 32.8885]}}, {"type": "Feature", "properties": {"name": "Garland Library Arts Center", "city": "Garland", "state": "Texas", "type": "Cultural Hub"}, "geometry": {"type": "Point", "coordinates": [-96.6945, 32.9148]}}, {"type": "Feature", "properties": {"name": "Hialeah Cultural Center", "city": "Hialeah", "state": "Florida", "type": "Cultural Hub"}, "geometry": {"type": "Point", "coordinates": [-80.2969, 25.8794]}}, {"type": "Feature", "properties": {"name": "Hialeah Performing Arts Center", "city": "Hialeah", "state": "Florida", "type": "Cultural Hub"}, "geometry": {"type": "Point", "coordinates": [-80.3275, 25.883]}}, {"type": "Feature", "properties": {"name": "Hialeah Opera House", "city": "Hialeah", "state": "Florida", "type": "Cultural Hub"}, "geometry": {"type": "Point", "coordinates": [-80.3051, 25.8562]}}, {"type": "Feature", "properties": {"name": "Reno Entertainment District", "city": "Reno", "state": "Nevada", "type": "Cultural Hub"}, "geometry": {"type": "Point", "coordinates": [-119.8406, 39.5534]}}, {"type": "Feature", "properties": {"name": "Reno Theater District", "city": "Reno", "state": "Nevada", "type": "Cultural Hub"}, "geometry": {"type": "Point", "coordinates": [-119.8522, 39.5203]}}, {"type": "Feature", "properties": {"name": "Reno Art Museum", "city": "Reno", "state": "Nevada", "type": "Cultural Hub"}, "geometry": {"type": "Point", "coordinates": [-119.8072, 39.5417]}}, {"type": "Feature", "properties": {"name": "Chesapeake Entertainment District", "city": "Chesapeake", "state": "Virginia", "type": "Cultural Hub"}, "geometry": {"type": "Point", "coordinates": [-76.3388, 36.7525]}}, {"type": "Feature", "properties": {"name": "Chesapeake Cultural Center", "city": "Chesapeake", "state": "Virginia", "type": "Cultural Hub"}, "geometry": {"type": "Point", "coordinates": [-76.3274, 36.7963]}}, {"type": "Feature", "properties": {"name": "Gilbert Museum District", "city": "Gilbert", "state": "Arizona", "type": "Cultural Hub"}, "geometry": {"type": "Point", "coordinates": [-111.7913, 33.322]}}, {"type": "Feature", "properties": {"name": "Gilbert Opera House", "city": "Gilbert", "state": "Arizona", "type": "Cultural Hub"}, "geometry": {"type": "Point", "coordinates": [-111.7524, 33.3859]}}, {"type": "Feature", "properties": {"name": "Baton Rouge Civic Theater", "city": "Baton Rouge", "state": "Louisiana", "type": "Cultural Hub"}, "geometry": {"type": "Point", "coordinates": [-91.1351, 30.4742]}}, {"type": "Feature", "properties": {"name": "Baton Rouge Symphony Hall", "city": "Baton Rouge", "state": "Louisiana", "type": "Cultural Hub"}, "geometry": {"type": "Point", "coordinates": [-91.1869, 30.4379]}}, {"type": "Feature", "properties": {"name": "Baton Rouge Science Center", "city": "Baton Rouge", "state": "Louisiana", "type": "Cultural Hub"}, "geometry": {"type": "Point", "coordinates": [-91.1052, 30.4975]}}, {"type": "Feature", "properties": {"name": "Baton Rouge Opera House", "city": "Baton Rouge", "state": "Louisiana", "type": "Cultural Hub"}, "geometry": {"type": "Point", "coordinates": [-91.089, 30.4496]}}, {"type": "Feature", "properties": {"name": "Irving Gallery District", "city": "Irving", "state": "Texas", "type": "Cultural Hub"}, "geometry": {"type": "Point", "coordinates": [-96.9238, 32.8527]}}, {"type": "Feature", "properties": {"name": "Irving Arts District", "city": "Irving", "state": "Texas", "type": "Cultural Hub"}, "geometry": {"type": "Point", "coordinates": [-96.9974, 32.8308]}}, {"type": "Feature", "properties": {"name": "Irving Cultural Center", "city": "Irving", "state": "Texas", "type": "Cultural Hub"}, "geometry": {"type": "Point", "coordinates": [-97.0035, 32.7967]}}, {"type": "Feature", "properties": {"name": "Irving Symphony Hall", "city": "Irving", "state": "Texas", "type": "Cultural Hub"}, "geometry": {"type": "Point", "coordinates": [-96.9732, 32.7744]}}, {"type": "Feature", "properties": {"name": "Scottsdale Cultural Arts Campus", "city": "Scottsdale", "state": "Arizona", "type": "Cultural Hub"}, "geometry": {"type": "Point", "coordinates": [-111.8714, 33.5044]}}, {"type": "Feature", "properties": {"name": "Scottsdale Gallery District", "city": "Scottsdale", "state": "Arizona", "type": "Cultural Hub"}, "geometry": {"type": "Point", "coordinates": [-111.9118, 33.4618]}}, {"type": "Feature", "properties": {"name": "Scottsdale Art Museum", "city": "Scottsdale", "state": "Arizona", "type": "Cultural Hub"}, "geometry": {"type": "Point", "coordinates": [-111.974, 33.4858]}}, {"type": "Feature", "properties": {"name": "North Las Vegas Film Arts Center", "city": "North Las Vegas", "state": "Nevada", "type": "Cultural Hub"}, "geometry": {"type": "Point", "coordinates": [-115.1361, 36.1758]}}, {"type": "Feature", "properties": {"name": "North Las Vegas Convention Center", "city": "North Las Vegas", "state": "Nevada", "type": "Cultural Hub"}, "geometry": {"type": "Point", "coordinates": [-115.1421, 36.1726]}}, {"type": "Feature", "properties": {"name": "Fremont Arts District", "city": "Fremont", "state": "California", "type": "Cultural Hub"}, "geometry": {"type": "Point", "coordinates": [-121.9949, 37.5103]}}, {"type": "Feature", "properties": {"name": "Fremont Museum District", "city": "Fremont", "state": "California", "type": "Cultural Hub"}, "geometry": {"type": "Point", "coordinates": [-121.9689, 37.5365]}}, {"type": "Feature", "properties": {"name": "Boise City Gallery District", "city": "Boise City", "state": "Idaho", "type": "Cultural Hub"}, "geometry": {"type": "Point", "coordinates": [-116.2115, 43.5837]}}, {"type": "Feature", "properties": {"name": "Boise City Civic Theater", "city": "Boise City", "state": "Idaho", "type": "Cultural Hub"}, "geometry": {"type": "Point", "coordinates": [-116.2202, 43.6035]}}, {"type": "Feature", "properties": {"name": "Richmond Arts District", "city": "Richmond", "state": "Virginia", "type": "Cultural Hub"}, "geometry": {"type": "Point", "coordinates": [-77.4364, 37.5742]}}, {"type": "Feature", "properties": {"name": "Richmond History Museum", "city": "Richmond", "state": "Virginia", "type": "Cultural Hub"}, "geometry": {"type": "Point", "coordinates": [-77.4903, 37.5346]}}, {"type": "Feature", "properties": {"name": "Richmond Cultural Arts Campus", "city": "Richmond", "state": "Virginia", "type": "Cultural Hub"}, "geometry": {"type": "Point", "coordinates": [-77.4434, 37.5737]}}, {"type": "Feature", "properties": {"name": "San Bernardino Science Center", "city": "San Bernardino", "state": "California", "type": "Cultural Hub"}, "geometry": {"type": "Point", "coordinates": [-117.3072, 34.1108]}}, {"type": "Feature", "properties": {"name": "San Bernardino Arts District", "city": "San Bernardino", "state": "California", "type": "Cultural Hub"}, "geometry": {"type": "Point", "coordinates": [-117.2401, 34.0751]}}, {"type": "Feature", "properties": {"name": "San Bernardino Art Museum", "city": "San Bernardino", "state": "California", "type": "Cultural Hub"}, "geometry": {"type": "Point", "coordinates": [-117.2405, 34.145]}}, {"type": "Feature", "properties": {"name": "San Bernardino Civic Theater", "city": "San Bernardino", "state": "California", "type": "Cultural Hub"}, "geometry": {"type": "Point", "coordinates": [-117.332, 34.1335]}}, {"type": "Feature", "properties": {"name": "Birmingham History Museum", "city": "Birmingham", "state": "Alabama", "type": "Cultural Hub"}, "geometry": {"type": "Point", "coordinates": [-86.8375, 33.5061]}}, {"type": "Feature", "properties": {"name": "Birmingham Theater District", "city": "Birmingham", "state": "Alabama", "type": "Cultural Hub"}, "geometry": {"type": "Point", "coordinates": [-86.7967, 33.5114]}}, {"type": "Feature", "properties": {"name": "Birmingham Film Arts Center", "city": "Birmingham", "state": "Alabama", "type": "Cultural Hub"}, "geometry": {"type": "Point", "coordinates": [-86.7689, 33.5091]}}, {"type": "Feature", "properties": {"name": "Spokane Convention Center", "city": "Spokane", "state": "Washington", "type": "Cultural Hub"}, "geometry": {"type": "Point", "coordinates": [-117.4522, 47.6275]}}, {"type": "Feature", "properties": {"name": "Spokane Cultural Center", "city": "Spokane", "state": "Washington", "type": "Cultural Hub"}, "geometry": {"type": "Point", "coordinates": [-117.4485, 47.6927]}}, {"type": "Feature", "properties": {"name": "Spokane Art Museum", "city": "Spokane", "state": "Washington", "type": "Cultural Hub"}, "geometry": {"type": "Point", "coordinates": [-117.3927, 47.6427]}}, {"type": "Feature", "properties": {"name": "Spokane Arts District", "city": "Spokane", "state": "Washington", "type": "Cultural Hub"}, "geometry": {"type": "Point", "coordinates": [-117.3838, 47.6921]}}, {"type": "Feature", "properties": {"name": "Rochester Heritage Museum", "city": "Rochester", "state": "New York", "type": "Cultural Hub"}, "geometry": {"type": "Point", "coordinates": [-77.6187, 43.1971]}}, {"type": "Feature", "properties": {"name": "Rochester Opera House", "city": "Rochester", "state": "New York", "type": "Cultural Hub"}, "geometry": {"type": "Point", "coordinates": [-77.5935, 43.1914]}}, {"type": "Feature", "properties": {"name": "Rochester Film Arts Center", "city": "Rochester", "state": "New York", "type": "Cultural Hub"}, "geometry": {"type": "Point", "coordinates": [-77.5656, 43.167]}}, {"type": "Feature", "properties": {"name": "Des Moines Art Museum", "city": "Des Moines", "state": "Iowa", "type": "Cultural Hub"}, "geometry": {"type": "Point", "coordinates": [-93.6154, 41.6197]}}, {"type": "Feature", "properties": {"name": "Des Moines Museum District", "city": "Des Moines", "state": "Iowa", "type": "Cultural Hub"}, "geometry": {"type": "Point", "coordinates": [-93.6302, 41.6235]}}, {"type": "Feature", "properties": {"name": "Modesto Heritage Museum", "city": "Modesto", "state": "California", "type": "Cultural Hub"}, "geometry": {"type": "Point", "coordinates": [-121.0495, 37.6096]}}, {"type": "Feature", "properties": {"name": "Modesto Opera House", "city": "Modesto", "state": "California", "type": "Cultural Hub"}, "geometry": {"type": "Point", "coordinates": [-120.9912, 37.6118]}}, {"type": "Feature", "properties": {"name": "Fayetteville Cultural Arts Campus", "city": "Fayetteville", "state": "North Carolina", "type": "Cultural Hub"}, "geometry": {"type": "Point", "coordinates": [-78.8726, 35.0686]}}, {"type": "Feature", "properties": {"name": "Fayetteville Opera House", "city": "Fayetteville", "state": "North Carolina", "type": "Cultural Hub"}, "geometry": {"type": "Point", "coordinates": [-78.8946, 35.0586]}}, {"type": "Feature", "properties": {"name": "Fayetteville Theater District", "city": "Fayetteville", "state": "North Carolina", "type": "Cultural Hub"}, "geometry": {"type": "Point", "coordinates": [-78.9311, 35.0392]}}, {"type": "Feature", "properties": {"name": "Fayetteville Civic Theater", "city": "Fayetteville", "state": "North Carolina", "type": "Cultural Hub"}, "geometry": {"type": "Point", "coordinates": [-78.8984, 35.0914]}}, {"type": "Feature", "properties": {"name": "Tacoma Performing Arts Center", "city": "Tacoma", "state": "Washington", "type": "Cultural Hub"}, "geometry": {"type": "Point", "coordinates": [-122.4718, 47.218]}}, {"type": "Feature", "properties": {"name": "Tacoma Entertainment District", "city": "Tacoma", "state": "Washington", "type": "Cultural Hub"}, "geometry": {"type": "Point", "coordinates": [-122.4865, 47.2918]}}, {"type": "Feature", "properties": {"name": "Oxnard Symphony Hall", "city": "Oxnard", "state": "California", "type": "Cultural Hub"}, "geometry": {"type": "Point", "coordinates": [-119.1871, 34.1839]}}, {"type": "Feature", "properties": {"name": "Oxnard Arts District", "city": "Oxnard", "state": "California", "type": "Cultural Hub"}, "geometry": {"type": "Point", "coordinates": [-119.124, 34.1656]}}, {"type": "Feature", "properties": {"name": "Fontana Art Museum", "city": "Fontana", "state": "California", "type": "Cultural Hub"}, "geometry": {"type": "Point", "coordinates": [-117.4192, 34.1]}}, {"type": "Feature", "properties": {"name": "Fontana Arts District", "city": "Fontana", "state": "California", "type": "Cultural Hub"}, "geometry": {"type": "Point", "coordinates": [-117.4004, 34.0997]}}, {"type": "Feature", "properties": {"name": "Fontana Entertainment District", "city": "Fontana", "state": "California", "type": "Cultural Hub"}, "geometry": {"type": "Point", "coordinates": [-117.433, 34.0835]}}, {"type": "Feature", "properties": {"name": "Columbus Symphony Hall", "city": "Columbus", "state": "Georgia", "type": "Cultural Hub"}, "geometry": {"type": "Point", "coordinates": [-84.9982, 32.4845]}}, {"type": "Feature", "properties": {"name": "Columbus Cultural Arts Campus", "city": "Columbus", "state": "Georgia", "type": "Cultural Hub"}, "geometry": {"type": "Point", "coordinates": [-84.9594, 32.4563]}}, {"type": "Feature", "properties": {"name": "Columbus Entertainment District", "city": "Columbus", "state": "Georgia", "type": "Cultural Hub"}, "geometry": {"type": "Point", "coordinates": [-85.0146, 32.4814]}}, {"type": "Feature", "properties": {"name": "Columbus Entertainment District", "city": "Columbus", "state": "Georgia", "type": "Cultural Hub"}, "geometry": {"type": "Point", "coordinates": [-84.9751, 32.4251]}}, {"type": "Feature", "properties": {"name": "Montgomery Symphony Hall", "city": "Montgomery", "state": "Alabama", "type": "Cultural Hub"}, "geometry": {"type": "Point", "coordinates": [-86.2742, 32.3324]}}, {"type": "Feature", "properties": {"name": "Montgomery Entertainment District", "city": "Montgomery", "state": "Alabama", "type": "Cultural Hub"}, "geometry": {"type": "Point", "coordinates": [-86.3395, 32.3519]}}, {"type": "Feature", "properties": {"name": "Montgomery Art Museum", "city": "Montgomery", "state": "Alabama", "type": "Cultural Hub"}, "geometry": {"type": "Point", "coordinates": [-86.2669, 32.3913]}}, {"type": "Feature", "properties": {"name": "Montgomery Heritage Museum", "city": "Montgomery", "state": "Alabama", "type": "Cultural Hub"}, "geometry": {"type": "Point", "coordinates": [-86.2546, 32.328]}}, {"type": "Feature", "properties": {"name": "Moreno Valley Science Center", "city": "Moreno Valley", "state": "California", "type": "Cultural Hub"}, "geometry": {"type": "Point", "coordinates": [-117.1801, 33.9617]}}, {"type": "Feature", "properties": {"name": "Moreno Valley History Museum", "city": "Moreno Valley", "state": "California", "type": "Cultural Hub"}, "geometry": {"type": "Point", "coordinates": [-117.224, 33.9322]}}, {"type": "Feature", "properties": {"name": "Moreno Valley Convention Center", "city": "Moreno Valley", "state": "California", "type": "Cultural Hub"}, "geometry": {"type": "Point", "coordinates": [-117.2526, 33.9733]}}, {"type": "Feature", "properties": {"name": "Moreno Valley Convention Center", "city": "Moreno Valley", "state": "California", "type": "Cultural Hub"}, "geometry": {"type": "Point", "coordinates": [-117.1888, 33.9289]}}, {"type": "Feature", "properties": {"name": "Shreveport Arts District", "city": "Shreveport", "state": "Louisiana", "type": "Cultural Hub"}, "geometry": {"type": "Point", "coordinates": [-93.7672, 32.5313]}}, {"type": "Feature", "properties": {"name": "Shreveport Arts District", "city": "Shreveport", "state": "Louisiana", "type": "Cultural Hub"}, "geometry": {"type": "Point", "coordinates": [-93.7962, 32.5108]}}, {"type": "Feature", "properties": {"name": "Aurora Cultural Arts Campus", "city": "Aurora", "state": "Illinois", "type": "Cultural Hub"}, "geometry": {"type": "Point", "coordinates": [-88.3503, 41.7919]}}, {"type": "Feature", "properties": {"name": "Aurora Library Arts Center", "city": "Aurora", "state": "Illinois", "type": "Cultural Hub"}, "geometry": {"type": "Point", "coordinates": [-88.3419, 41.7856]}}, {"type": "Feature", "properties": {"name": "Aurora Cultural Arts Campus", "city": "Aurora", "state": "Illinois", "type": "Cultural Hub"}, "geometry": {"type": "Point", "coordinates": [-88.366, 41.7917]}}, {"type": "Feature", "properties": {"name": "Yonkers Civic Theater", "city": "Yonkers", "state": "New York", "type": "Cultural Hub"}, "geometry": {"type": "Point", "coordinates": [-73.8456, 40.8934]}}, {"type": "Feature", "properties": {"name": "Yonkers Civic Theater", "city": "Yonkers", "state": "New York", "type": "Cultural Hub"}, "geometry": {"type": "Point", "coordinates": [-73.8809, 40.937]}}, {"type": "Feature", "properties": {"name": "Yonkers Heritage Museum", "city": "Yonkers", "state": "New York", "type": "Cultural Hub"}, "geometry": {"type": "Point", "coordinates": [-73.8904, 40.9248]}}, {"type": "Feature", "properties": {"name": "Yonkers Performing Arts Center", "city": "Yonkers", "state": "New York", "type": "Cultural Hub"}, "geometry": {"type": "Point", "coordinates": [-73.9377, 40.9616]}}, {"type": "Feature", "properties": {"name": "Akron Opera House", "city": "Akron", "state": "Ohio", "type": "Cultural Hub"}, "geometry": {"type": "Point", "coordinates": [-81.4944, 41.1062]}}, {"type": "Feature", "properties": {"name": "Akron Arts District", "city": "Akron", "state": "Ohio", "type": "Cultural Hub"}, "geometry": {"type": "Point", "coordinates": [-81.5165, 41.0833]}}, {"type": "Feature", "properties": {"name": "Akron Art Museum", "city": "Akron", "state": "Ohio", "type": "Cultural Hub"}, "geometry": {"type": "Point", "coordinates": [-81.5229, 41.109]}}, {"type": "Feature", "properties": {"name": "Huntington Beach History Museum", "city": "Huntington Beach", "state": "California", "type": "Cultural Hub"}, "geometry": {"type": "Point", "coordinates": [-118.0116, 33.693]}}, {"type": "Feature", "properties": {"name": "Huntington Beach Civic Theater", "city": "Huntington Beach", "state": "California", "type": "Cultural Hub"}, "geometry": {"type": "Point", "coordinates": [-117.9973, 33.6793]}}, {"type": "Feature", "properties": {"name": "Huntington Beach Arts District", "city": "Huntington Beach", "state": "California", "type": "Cultural Hub"}, "geometry": {"type": "Point", "coordinates": [-118.0209, 33.6905]}}, {"type": "Feature", "properties": {"name": "Little Rock Entertainment District", "city": "Little Rock", "state": "Arkansas", "type": "Cultural Hub"}, "geometry": {"type": "Point", "coordinates": [-92.3125, 34.7429]}}, {"type": "Feature", "properties": {"name": "Little Rock History Museum", "city": "Little Rock", "state": "Arkansas", "type": "Cultural Hub"}, "geometry": {"type": "Point", "coordinates": [-92.3423, 34.7357]}}, {"type": "Feature", "properties": {"name": "Little Rock Civic Theater", "city": "Little Rock", "state": "Arkansas", "type": "Cultural Hub"}, "geometry": {"type": "Point", "coordinates": [-92.3402, 34.7541]}}, {"type": "Feature", "properties": {"name": "Little Rock Entertainment District", "city": "Little Rock", "state": "Arkansas", "type": "Cultural Hub"}, "geometry": {"type": "Point", "coordinates": [-92.28, 34.7307]}}, {"type": "Feature", "properties": {"name": "Augusta-Richmond County Art Museum", "city": "Augusta-Richmond County", "state": "Georgia", "type": "Cultural Hub"}, "geometry": {"type": "Point", "coordinates": [-82.0337, 33.5008]}}, {"type": "Feature", "properties": {"name": "Augusta-Richmond County Civic Theater", "city": "Augusta-Richmond County", "state": "Georgia", "type": "Cultural Hub"}, "geometry": {"type": "Point", "coordinates": [-82.0373, 33.4749]}}, {"type": "Feature", "properties": {"name": "Augusta-Richmond County Science Center", "city": "Augusta-Richmond County", "state": "Georgia", "type": "Cultural Hub"}, "geometry": {"type": "Point", "coordinates": [-81.9937, 33.4929]}}, {"type": "Feature", "properties": {"name": "Augusta-Richmond County Science Center", "city": "Augusta-Richmond County", "state": "Georgia", "type": "Cultural Hub"}, "geometry": {"type": "Point", "coordinates": [-82.0452, 33.4583]}}, {"type": "Feature", "properties": {"name": "Amarillo Gallery District", "city": "Amarillo", "state": "Texas", "type": "Cultural Hub"}, "geometry": {"type": "Point", "coordinates": [-101.8425, 35.2472]}}, {"type": "Feature", "properties": {"name": "Amarillo Convention Center", "city": "Amarillo", "state": "Texas", "type": "Cultural Hub"}, "geometry": {"type": "Point", "coordinates": [-101.8409, 35.258]}}, {"type": "Feature", "properties": {"name": "Amarillo Cultural Center", "city": "Amarillo", "state": "Texas", "type": "Cultural Hub"}, "geometry": {"type": "Point", "coordinates": [-101.7826, 35.2472]}}, {"type": "Feature", "properties": {"name": "Amarillo Cultural Arts Campus", "city": "Amarillo", "state": "Texas", "type": "Cultural Hub"}, "geometry": {"type": "Point", "coordinates": [-101.8226, 35.2353]}}, {"type": "Feature", "properties": {"name": "Glendale Museum District", "city": "Glendale", "state": "California", "type": "Cultural Hub"}, "geometry": {"type": "Point", "coordinates": [-118.2462, 34.1404]}}, {"type": "Feature", "properties": {"name": "Glendale Arts District", "city": "Glendale", "state": "California", "type": "Cultural Hub"}, "geometry": {"type": "Point", "coordinates": [-118.2352, 34.1248]}}, {"type": "Feature", "properties": {"name": "Mobile Arts District", "city": "Mobile", "state": "Alabama", "type": "Cultural Hub"}, "geometry": {"type": "Point", "coordinates": [-88.0524, 30.68]}}, {"type": "Feature", "properties": {"name": "Mobile Arts District", "city": "Mobile", "state": "Alabama", "type": "Cultural Hub"}, "geometry": {"type": "Point", "coordinates": [-87.9906, 30.691]}}, {"type": "Feature", "properties": {"name": "Mobile Heritage Museum", "city": "Mobile", "state": "Alabama", "type": "Cultural Hub"}, "geometry": {"type": "Point", "coordinates": [-88.0011, 30.6894]}}, {"type": "Feature", "properties": {"name": "Grand Rapids Cultural Arts Campus", "city": "Grand Rapids", "state": "Michigan", "type": "Cultural Hub"}, "geometry": {"type": "Point", "coordinates": [-85.7035, 42.9807]}}, {"type": "Feature", "properties": {"name": "Grand Rapids Cultural Center", "city": "Grand Rapids", "state": "Michigan", "type": "Cultural Hub"}, "geometry": {"type": "Point", "coordinates": [-85.6877, 42.9904]}}, {"type": "Feature", "properties": {"name": "Salt Lake City Arts District", "city": "Salt Lake City", "state": "Utah", "type": "Cultural Hub"}, "geometry": {"type": "Point", "coordinates": [-111.8606, 40.7471]}}, {"type": "Feature", "properties": {"name": "Salt Lake City Science Center", "city": "Salt Lake City", "state": "Utah", "type": "Cultural Hub"}, "geometry": {"type": "Point", "coordinates": [-111.8708, 40.7791]}}, {"type": "Feature", "properties": {"name": "Salt Lake City Heritage Museum", "city": "Salt Lake City", "state": "Utah", "type": "Cultural Hub"}, "geometry": {"type": "Point", "coordinates": [-111.8702, 40.7984]}}, {"type": "Feature", "properties": {"name": "Tallahassee Cultural Arts Campus", "city": "Tallahassee", "state": "Florida", "type": "Cultural Hub"}, "geometry": {"type": "Point", "coordinates": [-84.3341, 30.4226]}}, {"type": "Feature", "properties": {"name": "Tallahassee Entertainment District", "city": "Tallahassee", "state": "Florida", "type": "Cultural Hub"}, "geometry": {"type": "Point", "coordinates": [-84.2454, 30.4198]}}, {"type": "Feature", "properties": {"name": "Tallahassee Performing Arts Center", "city": "Tallahassee", "state": "Florida", "type": "Cultural Hub"}, "geometry": {"type": "Point", "coordinates": [-84.3086, 30.4601]}}, {"type": "Feature", "properties": {"name": "Huntsville Convention Center", "city": "Huntsville", "state": "Alabama", "type": "Cultural Hub"}, "geometry": {"type": "Point", "coordinates": [-86.6173, 34.7436]}}, {"type": "Feature", "properties": {"name": "Huntsville Museum District", "city": "Huntsville", "state": "Alabama", "type": "Cultural Hub"}, "geometry": {"type": "Point", "coordinates": [-86.5988, 34.7226]}}, {"type": "Feature", "properties": {"name": "Grand Prairie Civic Theater", "city": "Grand Prairie", "state": "Texas", "type": "Cultural Hub"}, "geometry": {"type": "Point", "coordinates": [-96.9466, 32.7707]}}, {"type": "Feature", "properties": {"name": "Grand Prairie Museum District", "city": "Grand Prairie", "state": "Texas", "type": "Cultural Hub"}, "geometry": {"type": "Point", "coordinates": [-97.0015, 32.7618]}}, {"type": "Feature", "properties": {"name": "Grand Prairie Film Arts Center", "city": "Grand Prairie", "state": "Texas", "type": "Cultural Hub"}, "geometry": {"type": "Point", "coordinates": [-96.9645, 32.7386]}}, {"type": "Feature", "properties": {"name": "Knoxville Performing Arts Center", "city": "Knoxville", "state": "Tennessee", "type": "Cultural Hub"}, "geometry": {"type": "Point", "coordinates": [-83.8652, 35.9799]}}, {"type": "Feature", "properties": {"name": "Knoxville Cultural Center", "city": "Knoxville", "state": "Tennessee", "type": "Cultural Hub"}, "geometry": {"type": "Point", "coordinates": [-83.9575, 35.9829]}}, {"type": "Feature", "properties": {"name": "Knoxville Civic Theater", "city": "Knoxville", "state": "Tennessee", "type": "Cultural Hub"}, "geometry": {"type": "Point", "coordinates": [-83.8711, 35.9448]}}, {"type": "Feature", "properties": {"name": "Worcester Convention Center", "city": "Worcester", "state": "Massachusetts", "type": "Cultural Hub"}, "geometry": {"type": "Point", "coordinates": [-71.8197, 42.2958]}}, {"type": "Feature", "properties": {"name": "Worcester Convention Center", "city": "Worcester", "state": "Massachusetts", "type": "Cultural Hub"}, "geometry": {"type": "Point", "coordinates": [-71.8502, 42.2423]}}, {"type": "Feature", "properties": {"name": "Newport News Arts District", "city": "Newport News", "state": "Virginia", "type": "Cultural Hub"}, "geometry": {"type": "Point", "coordinates": [-76.4531, 37.0745]}}, {"type": "Feature", "properties": {"name": "Newport News Performing Arts Center", "city": "Newport News", "state": "Virginia", "type": "Cultural Hub"}, "geometry": {"type": "Point", "coordinates": [-76.4807, 37.0836]}}, {"type": "Feature", "properties": {"name": "Newport News Arts District", "city": "Newport News", "state": "Virginia", "type": "Cultural Hub"}, "geometry": {"type": "Point", "coordinates": [-76.431, 37.0507]}}, {"type": "Feature", "properties": {"name": "Newport News Museum District", "city": "Newport News", "state": "Virginia", "type": "Cultural Hub"}, "geometry": {"type": "Point", "coordinates": [-76.4253, 37.0911]}}, {"type": "Feature", "properties": {"name": "Brownsville Opera House", "city": "Brownsville", "state": "Texas", "type": "Cultural Hub"}, "geometry": {"type": "Point", "coordinates": [-97.4546, 25.8717]}}, {"type": "Feature", "properties": {"name": "Brownsville Entertainment District", "city": "Brownsville", "state": "Texas", "type": "Cultural Hub"}, "geometry": {"type": "Point", "coordinates": [-97.4747, 25.9274]}}, {"type": "Feature", "properties": {"name": "Brownsville Convention Center", "city": "Brownsville", "state": "Texas", "type": "Cultural Hub"}, "geometry": {"type": "Point", "coordinates": [-97.4827, 25.8945]}}, {"type": "Feature", "properties": {"name": "Brownsville Entertainment District", "city": "Brownsville", "state": "Texas", "type": "Cultural Hub"}, "geometry": {"type": "Point", "coordinates": [-97.449, 25.9337]}}, {"type": "Feature", "properties": {"name": "Overland Park Science Center", "city": "Overland Park", "state": "Kansas", "type": "Cultural Hub"}, "geometry": {"type": "Point", "coordinates": [-94.6663, 39.0158]}}, {"type": "Feature", "properties": {"name": "Overland Park Science Center", "city": "Overland Park", "state": "Kansas", "type": "Cultural Hub"}, "geometry": {"type": "Point", "coordinates": [-94.6895, 38.9535]}}, {"type": "Feature", "properties": {"name": "Santa Clarita Art Museum", "city": "Santa Clarita", "state": "California", "type": "Cultural Hub"}, "geometry": {"type": "Point", "coordinates": [-118.5287, 34.4015]}}, {"type": "Feature", "properties": {"name": "Santa Clarita Heritage Museum", "city": "Santa Clarita", "state": "California", "type": "Cultural Hub"}, "geometry": {"type": "Point", "coordinates": [-118.5481, 34.3918]}}, {"type": "Feature", "properties": {"name": "Santa Clarita Art Museum", "city": "Santa Clarita", "state": "California", "type": "Cultural Hub"}, "geometry": {"type": "Point", "coordinates": [-118.522, 34.3937]}}, {"type": "Feature", "properties": {"name": "Santa Clarita Theater District", "city": "Santa Clarita", "state": "California", "type": "Cultural Hub"}, "geometry": {"type": "Point", "coordinates": [-118.5206, 34.3718]}}, {"type": "Feature", "properties": {"name": "Providence Cultural Center", "city": "Providence", "state": "Rhode Island", "type": "Cultural Hub"}, "geometry": {"type": "Point", "coordinates": [-71.4572, 41.7952]}}, {"type": "Feature", "properties": {"name": "Providence Museum District", "city": "Providence", "state": "Rhode Island", "type": "Cultural Hub"}, "geometry": {"type": "Point", "coordinates": [-71.4403, 41.8222]}}, {"type": "Feature", "properties": {"name": "Providence Entertainment District", "city": "Providence", "state": "Rhode Island", "type": "Cultural Hub"}, "geometry": {"type": "Point", "coordinates": [-71.4425, 41.8434]}}, {"type": "Feature", "properties": {"name": "Providence Theater District", "city": "Providence", "state": "Rhode Island", "type": "Cultural Hub"}, "geometry": {"type": "Point", "coordinates": [-71.4151, 41.8243]}}, {"type": "Feature", "properties": {"name": "Garden Grove Library Arts Center", "city": "Garden Grove", "state": "California", "type": "Cultural Hub"}, "geometry": {"type": "Point", "coordinates": [-117.9142, 33.7959]}}, {"type": "Feature", "properties": {"name": "Garden Grove Heritage Museum", "city": "Garden Grove", "state": "California", "type": "Cultural Hub"}, "geometry": {"type": "Point", "coordinates": [-117.8913, 33.7717]}}, {"type": "Feature", "properties": {"name": "Garden Grove Performing Arts Center", "city": "Garden Grove", "state": "California", "type": "Cultural Hub"}, "geometry": {"type": "Point", "coordinates": [-117.95, 33.7419]}}, {"type": "Feature", "properties": {"name": "Chattanooga Museum District", "city": "Chattanooga", "state": "Tennessee", "type": "Cultural Hub"}, "geometry": {"type": "Point", "coordinates": [-85.326, 35.078]}}, {"type": "Feature", "properties": {"name": "Chattanooga Entertainment District", "city": "Chattanooga", "state": "Tennessee", "type": "Cultural Hub"}, "geometry": {"type": "Point", "coordinates": [-85.3014, 35.0354]}}, {"type": "Feature", "properties": {"name": "Chattanooga Convention Center", "city": "Chattanooga", "state": "Tennessee", "type": "Cultural Hub"}, "geometry": {"type": "Point", "coordinates": [-85.2996, 35.0089]}}, {"type": "Feature", "properties": {"name": "Oceanside Cultural Arts Campus", "city": "Oceanside", "state": "California", "type": "Cultural Hub"}, "geometry": {"type": "Point", "coordinates": [-117.3477, 33.189]}}, {"type": "Feature", "properties": {"name": "Oceanside Science Center", "city": "Oceanside", "state": "California", "type": "Cultural Hub"}, "geometry": {"type": "Point", "coordinates": [-117.4352, 33.2333]}}, {"type": "Feature", "properties": {"name": "Jackson Cultural Center", "city": "Jackson", "state": "Mississippi", "type": "Cultural Hub"}, "geometry": {"type": "Point", "coordinates": [-90.193, 32.2664]}}, {"type": "Feature", "properties": {"name": "Jackson Heritage Museum", "city": "Jackson", "state": "Mississippi", "type": "Cultural Hub"}, "geometry": {"type": "Point", "coordinates": [-90.2262, 32.3322]}}, {"type": "Feature", "properties": {"name": "Jackson Film Arts Center", "city": "Jackson", "state": "Mississippi", "type": "Cultural Hub"}, "geometry": {"type": "Point", "coordinates": [-90.2272, 32.3186]}}, {"type": "Feature", "properties": {"name": "Fort Lauderdale Opera House", "city": "Fort Lauderdale", "state": "Florida", "type": "Cultural Hub"}, "geometry": {"type": "Point", "coordinates": [-80.1778, 26.1411]}}, {"type": "Feature", "properties": {"name": "Fort Lauderdale Film Arts Center", "city": "Fort Lauderdale", "state": "Florida", "type": "Cultural Hub"}, "geometry": {"type": "Point", "coordinates": [-80.1051, 26.1052]}}, {"type": "Feature", "properties": {"name": "Fort Lauderdale Gallery District", "city": "Fort Lauderdale", "state": "Florida", "type": "Cultural Hub"}, "geometry": {"type": "Point", "coordinates": [-80.0822, 26.0834]}}, {"type": "Feature", "properties": {"name": "Santa Rosa Art Museum", "city": "Santa Rosa", "state": "California", "type": "Cultural Hub"}, "geometry": {"type": "Point", "coordinates": [-122.6723, 38.4051]}}, {"type": "Feature", "properties": {"name": "Santa Rosa Symphony Hall", "city": "Santa Rosa", "state": "California", "type": "Cultural Hub"}, "geometry": {"type": "Point", "coordinates": [-122.6991, 38.4222]}}, {"type": "Feature", "properties": {"name": "Santa Rosa Heritage Museum", "city": "Santa Rosa", "state": "California", "type": "Cultural Hub"}, "geometry": {"type": "Point", "coordinates": [-122.7284, 38.4007]}}, {"type": "Feature", "properties": {"name": "Santa Rosa Library Arts Center", "city": "Santa Rosa", "state": "California", "type": "Cultural Hub"}, "geometry": {"type": "Point", "coordinates": [-122.6838, 38.4769]}}, {"type": "Feature", "properties": {"name": "Rancho Cucamonga Symphony Hall", "city": "Rancho Cucamonga", "state": "California", "type": "Cultural Hub"}, "geometry": {"type": "Point", "coordinates": [-117.595, 34.1268]}}, {"type": "Feature", "properties": {"name": "Rancho Cucamonga Convention Center", "city": "Rancho Cucamonga", "state": "California", "type": "Cultural Hub"}, "geometry": {"type": "Point", "coordinates": [-117.6229, 34.1424]}}, {"type": "Feature", "properties": {"name": "Port St. Lucie Film Arts Center", "city": "Port St. Lucie", "state": "Florida", "type": "Cultural Hub"}, "geometry": {"type": "Point", "coordinates": [-80.3381, 27.2806]}}, {"type": "Feature", "properties": {"name": "Port St. Lucie Library Arts Center", "city": "Port St. Lucie", "state": "Florida", "type": "Cultural Hub"}, "geometry": {"type": "Point", "coordinates": [-80.4084, 27.3006]}}, {"type": "Feature", "properties": {"name": "Tempe History Museum", "city": "Tempe", "state": "Arizona", "type": "Cultural Hub"}, "geometry": {"type": "Point", "coordinates": [-111.9756, 33.4074]}}, {"type": "Feature", "properties": {"name": "Tempe Cultural Arts Campus", "city": "Tempe", "state": "Arizona", "type": "Cultural Hub"}, "geometry": {"type": "Point", "coordinates": [-111.9552, 33.4212]}}, {"type": "Feature", "properties": {"name": "Tempe Science Center", "city": "Tempe", "state": "Arizona", "type": "Cultural Hub"}, "geometry": {"type": "Point", "coordinates": [-111.9891, 33.4566]}}, {"type": "Feature", "properties": {"name": "Tempe Performing Arts Center", "city": "Tempe", "state": "Arizona", "type": "Cultural Hub"}, "geometry": {"type": "Point", "coordinates": [-111.9907, 33.4253]}}, {"type": "Feature", "properties": {"name": "Ontario History Museum", "city": "Ontario", "state": "California", "type": "Cultural Hub"}, "geometry": {"type": "Point", "coordinates": [-117.6659, 34.0367]}}, {"type": "Feature", "properties": {"name": "Ontario Heritage Museum", "city": "Ontario", "state": "California", "type": "Cultural Hub"}, "geometry": {"type": "Point", "coordinates": [-117.6135, 34.029]}}, {"type": "Feature", "properties": {"name": "Vancouver Library Arts Center", "city": "Vancouver", "state": "Washington", "type": "Cultural Hub"}, "geometry": {"type": "Point", "coordinates": [-122.6324, 45.6582]}}, {"type": "Feature", "properties": {"name": "Vancouver Theater District", "city": "Vancouver", "state": "Washington", "type": "Cultural Hub"}, "geometry": {"type": "Point", "coordinates": [-122.6734, 45.5987]}}, {"type": "Feature", "properties": {"name": "Vancouver Performing Arts Center", "city": "Vancouver", "state": "Washington", "type": "Cultural Hub"}, "geometry": {"type": "Point", "coordinates": [-122.6861, 45.6318]}}, {"type": "Feature", "properties": {"name": "Vancouver Theater District", "city": "Vancouver", "state": "Washington", "type": "Cultural Hub"}, "geometry": {"type": "Point", "coordinates": [-122.6992, 45.6116]}}, {"type": "Feature", "properties": {"name": "Cape Coral History Museum", "city": "Cape Coral", "state": "Florida", "type": "Cultural Hub"}, "geometry": {"type": "Point", "coordinates": [-81.961, 26.5368]}}, {"type": "Feature", "properties": {"name": "Cape Coral Convention Center", "city": "Cape Coral", "state": "Florida", "type": "Cultural Hub"}, "geometry": {"type": "Point", "coordinates": [-82.0036, 26.5519]}}, {"type": "Feature", "properties": {"name": "Sioux Falls Convention Center", "city": "Sioux Falls", "state": "South Dakota", "type": "Cultural Hub"}, "geometry": {"type": "Point", "coordinates": [-96.7235, 43.5223]}}, {"type": "Feature", "properties": {"name": "Sioux Falls Symphony Hall", "city": "Sioux Falls", "state": "South Dakota", "type": "Cultural Hub"}, "geometry": {"type": "Point", "coordinates": [-96.6852, 43.5622]}}, {"type": "Feature", "properties": {"name": "Sioux Falls Theater District", "city": "Sioux Falls", "state": "South Dakota", "type": "Cultural Hub"}, "geometry": {"type": "Point", "coordinates": [-96.7594, 43.5446]}}, {"type": "Feature", "properties": {"name": "Springfield Film Arts Center", "city": "Springfield", "state": "Missouri", "type": "Cultural Hub"}, "geometry": {"type": "Point", "coordinates": [-93.2565, 37.1947]}}, {"type": "Feature", "properties": {"name": "Springfield Gallery District", "city": "Springfield", "state": "Missouri", "type": "Cultural Hub"}, "geometry": {"type": "Point", "coordinates": [-93.2739, 37.2343]}}, {"type": "Feature", "properties": {"name": "Springfield Theater District", "city": "Springfield", "state": "Missouri", "type": "Cultural Hub"}, "geometry": {"type": "Point", "coordinates": [-93.2861, 37.1801]}}, {"type": "Feature", "properties": {"name": "Peoria Performing Arts Center", "city": "Peoria", "state": "Arizona", "type": "Cultural Hub"}, "geometry": {"type": "Point", "coordinates": [-112.2168, 33.5999]}}, {"type": "Feature", "properties": {"name": "Peoria Opera House", "city": "Peoria", "state": "Arizona", "type": "Cultural Hub"}, "geometry": {"type": "Point", "coordinates": [-112.2414, 33.5777]}}, {"type": "Feature", "properties": {"name": "Pembroke Pines Heritage Museum", "city": "Pembroke Pines", "state": "Florida", "type": "Cultural Hub"}, "geometry": {"type": "Point", "coordinates": [-80.294, 26.0088]}}, {"type": "Feature", "properties": {"name": "Pembroke Pines History Museum", "city": "Pembroke Pines", "state": "Florida", "type": "Cultural Hub"}, "geometry": {"type": "Point", "coordinates": [-80.315, 26.0347]}}, {"type": "Feature", "properties": {"name": "Pembroke Pines Opera House", "city": "Pembroke Pines", "state": "Florida", "type": "Cultural Hub"}, "geometry": {"type": "Point", "coordinates": [-80.337, 26.0016]}}, {"type": "Feature", "properties": {"name": "Elk Grove Gallery District", "city": "Elk Grove", "state": "California", "type": "Cultural Hub"}, "geometry": {"type": "Point", "coordinates": [-121.345, 38.4234]}}, {"type": "Feature", "properties": {"name": "Elk Grove Opera House", "city": "Elk Grove", "state": "California", "type": "Cultural Hub"}, "geometry": {"type": "Point", "coordinates": [-121.3867, 38.4224]}}, {"type": "Feature", "properties": {"name": "Salem Symphony Hall", "city": "Salem", "state": "Oregon", "type": "Cultural Hub"}, "geometry": {"type": "Point", "coordinates": [-123.0189, 44.9391]}}, {"type": "Feature", "properties": {"name": "Salem Performing Arts Center", "city": "Salem", "state": "Oregon", "type": "Cultural Hub"}, "geometry": {"type": "Point", "coordinates": [-123.0604, 44.9333]}}, {"type": "Feature", "properties": {"name": "Salem Opera House", "city": "Salem", "state": "Oregon", "type": "Cultural Hub"}, "geometry": {"type": "Point", "coordinates": [-123.0177, 44.9136]}}, {"type": "Feature", "properties": {"name": "Salem Cultural Center", "city": "Salem", "state": "Oregon", "type": "Cultural Hub"}, "geometry": {"type": "Point", "coordinates": [-123.0372, 44.9577]}}, {"type": "Feature", "properties": {"name": "Lancaster Film Arts Center", "city": "Lancaster", "state": "California", "type": "Cultural Hub"}, "geometry": {"type": "Point", "coordinates": [-118.1332, 34.6657]}}, {"type": "Feature", "properties": {"name": "Lancaster Arts District", "city": "Lancaster", "state": "California", "type": "Cultural Hub"}, "geometry": {"type": "Point", "coordinates": [-118.194, 34.708]}}, {"type": "Feature", "properties": {"name": "Lancaster Opera House", "city": "Lancaster", "state": "California", "type": "Cultural Hub"}, "geometry": {"type": "Point", "coordinates": [-118.1391, 34.7122]}}, {"type": "Feature", "properties": {"name": "Lancaster Cultural Center", "city": "Lancaster", "state": "California", "type": "Cultural Hub"}, "geometry": {"type": "Point", "coordinates": [-118.2082, 34.6914]}}, {"type": "Feature", "properties": {"name": "Corona Library Arts Center", "city": "Corona", "state": "California", "type": "Cultural Hub"}, "geometry": {"type": "Point", "coordinates": [-117.6174, 33.8759]}}, {"type": "Feature", "properties": {"name": "Corona Gallery District", "city": "Corona", "state": "California", "type": "Cultural Hub"}, "geometry": {"type": "Point", "coordinates": [-117.5487, 33.8372]}}, {"type": "Feature", "properties": {"name": "Corona Performing Arts Center", "city": "Corona", "state": "California", "type": "Cultural Hub"}, "geometry": {"type": "Point", "coordinates": [-117.549, 33.8526]}}, {"type": "Feature", "properties": {"name": "Corona Heritage Museum", "city": "Corona", "state": "California", "type": "Cultural Hub"}, "geometry": {"type": "Point", "coordinates": [-117.615, 33.8375]}}, {"type": "Feature", "properties": {"name": "Eugene Film Arts Center", "city": "Eugene", "state": "Oregon", "type": "Cultural Hub"}, "geometry": {"type": "Point", "coordinates": [-123.0566, 44.0214]}}, {"type": "Feature", "properties": {"name": "Eugene Convention Center", "city": "Eugene", "state": "Oregon", "type": "Cultural Hub"}, "geometry": {"type": "Point", "coordinates": [-123.086, 44.0901]}}, {"type": "Feature", "properties": {"name": "Palmdale Film Arts Center", "city": "Palmdale", "state": "California", "type": "Cultural Hub"}, "geometry": {"type": "Point", "coordinates": [-118.1123, 34.5617]}}, {"type": "Feature", "properties": {"name": "Palmdale Convention Center", "city": "Palmdale", "state": "California", "type": "Cultural Hub"}, "geometry": {"type": "Point", "coordinates": [-118.1489, 34.6067]}}, {"type": "Feature", "properties": {"name": "Palmdale Gallery District", "city": "Palmdale", "state": "California", "type": "Cultural Hub"}, "geometry": {"type": "Point", "coordinates": [-118.1696, 34.5767]}}, {"type": "Feature", "properties": {"name": "Salinas Performing Arts Center", "city": "Salinas", "state": "California", "type": "Cultural Hub"}, "geometry": {"type": "Point", "coordinates": [-121.7022, 36.7097]}}, {"type": "Feature", "properties": {"name": "Salinas Gallery District", "city": "Salinas", "state": "California", "type": "Cultural Hub"}, "geometry": {"type": "Point", "coordinates": [-121.6073, 36.7076]}}, {"type": "Feature", "properties": {"name": "Springfield Cultural Center", "city": "Springfield", "state": "Massachusetts", "type": "Cultural Hub"}, "geometry": {"type": "Point", "coordinates": [-72.5812, 42.1235]}}, {"type": "Feature", "properties": {"name": "Springfield Opera House", "city": "Springfield", "state": "Massachusetts", "type": "Cultural Hub"}, "geometry": {"type": "Point", "coordinates": [-72.6092, 42.0693]}}, {"type": "Feature", "properties": {"name": "Springfield Science Center", "city": "Springfield", "state": "Massachusetts", "type": "Cultural Hub"}, "geometry": {"type": "Point", "coordinates": [-72.5604, 42.0622]}}, {"type": "Feature", "properties": {"name": "Pasadena Gallery District", "city": "Pasadena", "state": "Texas", "type": "Cultural Hub"}, "geometry": {"type": "Point", "coordinates": [-95.2628, 29.6987]}}, {"type": "Feature", "properties": {"name": "Pasadena Museum District", "city": "Pasadena", "state": "Texas", "type": "Cultural Hub"}, "geometry": {"type": "Point", "coordinates": [-95.2124, 29.6738]}}, {"type": "Feature", "properties": {"name": "Pasadena Opera House", "city": "Pasadena", "state": "Texas", "type": "Cultural Hub"}, "geometry": {"type": "Point", "coordinates": [-95.2402, 29.6536]}}, {"type": "Feature", "properties": {"name": "Pasadena Arts District", "city": "Pasadena", "state": "Texas", "type": "Cultural Hub"}, "geometry": {"type": "Point", "coordinates": [-95.2452, 29.7078]}}, {"type": "Feature", "properties": {"name": "Fort Collins Performing Arts Center", "city": "Fort Collins", "state": "Colorado", "type": "Cultural Hub"}, "geometry": {"type": "Point", "coordinates": [-105.0673, 40.5495]}}, {"type": "Feature", "properties": {"name": "Fort Collins Symphony Hall", "city": "Fort Collins", "state": "Colorado", "type": "Cultural Hub"}, "geometry": {"type": "Point", "coordinates": [-105.1404, 40.609]}}, {"type": "Feature", "properties": {"name": "Fort Collins Art Museum", "city": "Fort Collins", "state": "Colorado", "type": "Cultural Hub"}, "geometry": {"type": "Point", "coordinates": [-105.0506, 40.5995]}}, {"type": "Feature", "properties": {"name": "Fort Collins Film Arts Center", "city": "Fort Collins", "state": "Colorado", "type": "Cultural Hub"}, "geometry": {"type": "Point", "coordinates": [-105.1079, 40.5685]}}, {"type": "Feature", "properties": {"name": "Hayward Art Museum", "city": "Hayward", "state": "California", "type": "Cultural Hub"}, "geometry": {"type": "Point", "coordinates": [-122.0448, 37.6694]}}, {"type": "Feature", "properties": {"name": "Hayward Opera House", "city": "Hayward", "state": "California", "type": "Cultural Hub"}, "geometry": {"type": "Point", "coordinates": [-122.0865, 37.7034]}}, {"type": "Feature", "properties": {"name": "Pomona Arts District", "city": "Pomona", "state": "California", "type": "Cultural Hub"}, "geometry": {"type": "Point", "coordinates": [-117.7006, 34.0169]}}, {"type": "Feature", "properties": {"name": "Pomona Performing Arts Center", "city": "Pomona", "state": "California", "type": "Cultural Hub"}, "geometry": {"type": "Point", "coordinates": [-117.7175, 34.0798]}}, {"type": "Feature", "properties": {"name": "Pomona Cultural Center", "city": "Pomona", "state": "California", "type": "Cultural Hub"}, "geometry": {"type": "Point", "coordinates": [-117.7674, 34.0567]}}, {"type": "Feature", "properties": {"name": "Cary Performing Arts Center", "city": "Cary", "state": "North Carolina", "type": "Cultural Hub"}, "geometry": {"type": "Point", "coordinates": [-78.7909, 35.7604]}}, {"type": "Feature", "properties": {"name": "Cary Opera House", "city": "Cary", "state": "North Carolina", "type": "Cultural Hub"}, "geometry": {"type": "Point", "coordinates": [-78.7657, 35.7583]}}, {"type": "Feature", "properties": {"name": "Cary Civic Theater", "city": "Cary", "state": "North Carolina", "type": "Cultural Hub"}, "geometry": {"type": "Point", "coordinates": [-78.7988, 35.7908]}}, {"type": "Feature", "properties": {"name": "Rockford Civic Theater", "city": "Rockford", "state": "Illinois", "type": "Cultural Hub"}, "geometry": {"type": "Point", "coordinates": [-89.0986, 42.2899]}}, {"type": "Feature", "properties": {"name": "Rockford Entertainment District", "city": "Rockford", "state": "Illinois", "type": "Cultural Hub"}, "geometry": {"type": "Point", "coordinates": [-89.1109, 42.2391]}}, {"type": "Feature", "properties": {"name": "Rockford Cultural Arts Campus", "city": "Rockford", "state": "Illinois", "type": "Cultural Hub"}, "geometry": {"type": "Point", "coordinates": [-89.1051, 42.2564]}}, {"type": "Feature", "properties": {"name": "Rockford Convention Center", "city": "Rockford", "state": "Illinois", "type": "Cultural Hub"}, "geometry": {"type": "Point", "coordinates": [-89.0467, 42.3047]}}, {"type": "Feature", "properties": {"name": "Alexandria Symphony Hall", "city": "Alexandria", "state": "Virginia", "type": "Cultural Hub"}, "geometry": {"type": "Point", "coordinates": [-77.0514, 38.8287]}}, {"type": "Feature", "properties": {"name": "Alexandria Opera House", "city": "Alexandria", "state": "Virginia", "type": "Cultural Hub"}, "geometry": {"type": "Point", "coordinates": [-77.0781, 38.8119]}}, {"type": "Feature", "properties": {"name": "Escondido Art Museum", "city": "Escondido", "state": "California", "type": "Cultural Hub"}, "geometry": {"type": "Point", "coordinates": [-117.1147, 33.0887]}}, {"type": "Feature", "properties": {"name": "Escondido Film Arts Center", "city": "Escondido", "state": "California", "type": "Cultural Hub"}, "geometry": {"type": "Point", "coordinates": [-117.1353, 33.1293]}}, {"type": "Feature", "properties": {"name": "Escondido Film Arts Center", "city": "Escondido", "state": "California", "type": "Cultural Hub"}, "geometry": {"type": "Point", "coordinates": [-117.0804, 33.1157]}}, {"type": "Feature", "properties": {"name": "McKinney Performing Arts Center", "city": "McKinney", "state": "Texas", "type": "Cultural Hub"}, "geometry": {"type": "Point", "coordinates": [-96.6612, 33.2047]}}, {"type": "Feature", "properties": {"name": "McKinney Art Museum", "city": "McKinney", "state": "Texas", "type": "Cultural Hub"}, "geometry": {"type": "Point", "coordinates": [-96.6745, 33.1576]}}, {"type": "Feature", "properties": {"name": "Kansas City Performing Arts Center", "city": "Kansas City", "state": "Kansas", "type": "Cultural Hub"}, "geometry": {"type": "Point", "coordinates": [-94.6685, 39.0759]}}, {"type": "Feature", "properties": {"name": "Kansas City Opera House", "city": "Kansas City", "state": "Kansas", "type": "Cultural Hub"}, "geometry": {"type": "Point", "coordinates": [-94.6384, 39.0839]}}, {"type": "Feature", "properties": {"name": "Kansas City Convention Center", "city": "Kansas City", "state": "Kansas", "type": "Cultural Hub"}, "geometry": {"type": "Point", "coordinates": [-94.5747, 39.1327]}}, {"type": "Feature", "properties": {"name": "Kansas City Symphony Hall", "city": "Kansas City", "state": "Kansas", "type": "Cultural Hub"}, "geometry": {"type": "Point", "coordinates": [-94.6516, 39.0888]}}, {"type": "Feature", "properties": {"name": "Joliet Science Center", "city": "Joliet", "state": "Illinois", "type": "Cultural Hub"}, "geometry": {"type": "Point", "coordinates": [-88.1186, 41.5437]}}, {"type": "Feature", "properties": {"name": "Joliet Library Arts Center", "city": "Joliet", "state": "Illinois", "type": "Cultural Hub"}, "geometry": {"type": "Point", "coordinates": [-88.1211, 41.4994]}}, {"type": "Feature", "properties": {"name": "Sunnyvale Convention Center", "city": "Sunnyvale", "state": "California", "type": "Cultural Hub"}, "geometry": {"type": "Point", "coordinates": [-122.0586, 37.3519]}}, {"type": "Feature", "properties": {"name": "Sunnyvale Heritage Museum", "city": "Sunnyvale", "state": "California", "type": "Cultural Hub"}, "geometry": {"type": "Point", "coordinates": [-122.0923, 37.3928]}}, {"type": "Feature", "properties": {"name": "Torrance Film Arts Center", "city": "Torrance", "state": "California", "type": "Cultural Hub"}, "geometry": {"type": "Point", "coordinates": [-118.3644, 33.8297]}}, {"type": "Feature", "properties": {"name": "Torrance Cultural Arts Campus", "city": "Torrance", "state": "California", "type": "Cultural Hub"}, "geometry": {"type": "Point", "coordinates": [-118.3245, 33.8525]}}, {"type": "Feature", "properties": {"name": "Bridgeport Library Arts Center", "city": "Bridgeport", "state": "Connecticut", "type": "Cultural Hub"}, "geometry": {"type": "Point", "coordinates": [-73.2309, 41.1758]}}, {"type": "Feature", "properties": {"name": "Bridgeport Museum District", "city": "Bridgeport", "state": "Connecticut", "type": "Cultural Hub"}, "geometry": {"type": "Point", "coordinates": [-73.234, 41.1758]}}, {"type": "Feature", "properties": {"name": "Bridgeport Library Arts Center", "city": "Bridgeport", "state": "Connecticut", "type": "Cultural Hub"}, "geometry": {"type": "Point", "coordinates": [-73.1906, 41.2165]}}, {"type": "Feature", "properties": {"name": "Bridgeport Symphony Hall", "city": "Bridgeport", "state": "Connecticut", "type": "Cultural Hub"}, "geometry": {"type": "Point", "coordinates": [-73.2011, 41.1997]}}, {"type": "Feature", "properties": {"name": "Lakewood Theater District", "city": "Lakewood", "state": "Colorado", "type": "Cultural Hub"}, "geometry": {"type": "Point", "coordinates": [-105.0603, 39.7376]}}, {"type": "Feature", "properties": {"name": "Lakewood Symphony Hall", "city": "Lakewood", "state": "Colorado", "type": "Cultural Hub"}, "geometry": {"type": "Point", "coordinates": [-105.0874, 39.7095]}}, {"type": "Feature", "properties": {"name": "Lakewood Art Museum", "city": "Lakewood", "state": "Colorado", "type": "Cultural Hub"}, "geometry": {"type": "Point", "coordinates": [-105.1214, 39.7305]}}, {"type": "Feature", "properties": {"name": "Hollywood Library Arts Center", "city": "Hollywood", "state": "Florida", "type": "Cultural Hub"}, "geometry": {"type": "Point", "coordinates": [-80.1842, 26.0239]}}, {"type": "Feature", "properties": {"name": "Hollywood Civic Theater", "city": "Hollywood", "state": "Florida", "type": "Cultural Hub"}, "geometry": {"type": "Point", "coordinates": [-80.1537, 26.0107]}}, {"type": "Feature", "properties": {"name": "Hollywood Gallery District", "city": "Hollywood", "state": "Florida", "type": "Cultural Hub"}, "geometry": {"type": "Point", "coordinates": [-80.2033, 26.0103]}}, {"type": "Feature", "properties": {"name": "Paterson Convention Center", "city": "Paterson", "state": "New Jersey", "type": "Cultural Hub"}, "geometry": {"type": "Point", "coordinates": [-74.1228, 40.9546]}}, {"type": "Feature", "properties": {"name": "Paterson Film Arts Center", "city": "Paterson", "state": "New Jersey", "type": "Cultural Hub"}, "geometry": {"type": "Point", "coordinates": [-74.1231, 40.8873]}}, {"type": "Feature", "properties": {"name": "Naperville Museum District", "city": "Naperville", "state": "Illinois", "type": "Cultural Hub"}, "geometry": {"type": "Point", "coordinates": [-88.207, 41.7475]}}, {"type": "Feature", "properties": {"name": "Naperville Cultural Arts Campus", "city": "Naperville", "state": "Illinois", "type": "Cultural Hub"}, "geometry": {"type": "Point", "coordinates": [-88.143, 41.7407]}}, {"type": "Feature", "properties": {"name": "Syracuse Art Museum", "city": "Syracuse", "state": "New York", "type": "Cultural Hub"}, "geometry": {"type": "Point", "coordinates": [-76.1043, 43.0568]}}, {"type": "Feature", "properties": {"name": "Syracuse History Museum", "city": "Syracuse", "state": "New York", "type": "Cultural Hub"}, "geometry": {"type": "Point", "coordinates": [-76.1844, 43.0601]}}, {"type": "Feature", "properties": {"name": "Syracuse Heritage Museum", "city": "Syracuse", "state": "New York", "type": "Cultural Hub"}, "geometry": {"type": "Point", "coordinates": [-76.1932, 43.0221]}}, {"type": "Feature", "properties": {"name": "Syracuse Performing Arts Center", "city": "Syracuse", "state": "New York", "type": "Cultural Hub"}, "geometry": {"type": "Point", "coordinates": [-76.1849, 43.0632]}}, {"type": "Feature", "properties": {"name": "Mesquite Science Center", "city": "Mesquite", "state": "Texas", "type": "Cultural Hub"}, "geometry": {"type": "Point", "coordinates": [-96.6526, 32.7984]}}, {"type": "Feature", "properties": {"name": "Mesquite Theater District", "city": "Mesquite", "state": "Texas", "type": "Cultural Hub"}, "geometry": {"type": "Point", "coordinates": [-96.5874, 32.8055]}}, {"type": "Feature", "properties": {"name": "Mesquite Convention Center", "city": "Mesquite", "state": "Texas", "type": "Cultural Hub"}, "geometry": {"type": "Point", "coordinates": [-96.5925, 32.7859]}}, {"type": "Feature", "properties": {"name": "Mesquite Museum District", "city": "Mesquite", "state": "Texas", "type": "Cultural Hub"}, "geometry": {"type": "Point", "coordinates": [-96.5534, 32.8042]}}, {"type": "Feature", "properties": {"name": "Dayton History Museum", "city": "Dayton", "state": "Ohio", "type": "Cultural Hub"}, "geometry": {"type": "Point", "coordinates": [-84.1676, 39.7652]}}, {"type": "Feature", "properties": {"name": "Dayton Film Arts Center", "city": "Dayton", "state": "Ohio", "type": "Cultural Hub"}, "geometry": {"type": "Point", "coordinates": [-84.2159, 39.7899]}}, {"type": "Feature", "properties": {"name": "Dayton Museum District", "city": "Dayton", "state": "Ohio", "type": "Cultural Hub"}, "geometry": {"type": "Point", "coordinates": [-84.2197, 39.7477]}}, {"type": "Feature", "properties": {"name": "Savannah Civic Theater", "city": "Savannah", "state": "Georgia", "type": "Cultural Hub"}, "geometry": {"type": "Point", "coordinates": [-81.1523, 32.0754]}}, {"type": "Feature", "properties": {"name": "Savannah Symphony Hall", "city": "Savannah", "state": "Georgia", "type": "Cultural Hub"}, "geometry": {"type": "Point", "coordinates": [-81.1312, 32.1215]}}, {"type": "Feature", "properties": {"name": "Savannah Performing Arts Center", "city": "Savannah", "state": "Georgia", "type": "Cultural Hub"}, "geometry": {"type": "Point", "coordinates": [-81.0442, 32.0798]}}, {"type": "Feature", "properties": {"name": "Savannah Art Museum", "city": "Savannah", "state": "Georgia", "type": "Cultural Hub"}, "geometry": {"type": "Point", "coordinates": [-81.1492, 32.0713]}}, {"type": "Feature", "properties": {"name": "Clarksville Cultural Center", "city": "Clarksville", "state": "Tennessee", "type": "Cultural Hub"}, "geometry": {"type": "Point", "coordinates": [-87.3617, 36.5112]}}, {"type": "Feature", "properties": {"name": "Clarksville Art Museum", "city": "Clarksville", "state": "Tennessee", "type": "Cultural Hub"}, "geometry": {"type": "Point", "coordinates": [-87.3151, 36.4928]}}, {"type": "Feature", "properties": {"name": "Orange Library Arts Center", "city": "Orange", "state": "California", "type": "Cultural Hub"}, "geometry": {"type": "Point", "coordinates": [-117.8242, 33.7654]}}, {"type": "Feature", "properties": {"name": "Orange Science Center", "city": "Orange", "state": "California", "type": "Cultural Hub"}, "geometry": {"type": "Point", "coordinates": [-117.839, 33.7877]}}, {"type": "Feature", "properties": {"name": "Orange Film Arts Center", "city": "Orange", "state": "California", "type": "Cultural Hub"}, "geometry": {"type": "Point", "coordinates": [-117.8802, 33.779]}}, {"type": "Feature", "properties": {"name": "Pasadena Art Museum", "city": "Pasadena", "state": "California", "type": "Cultural Hub"}, "geometry": {"type": "Point", "coordinates": [-118.1955, 34.1827]}}, {"type": "Feature", "properties": {"name": "Pasadena Arts District", "city": "Pasadena", "state": "California", "type": "Cultural Hub"}, "geometry": {"type": "Point", "coordinates": [-118.1521, 34.1302]}}, {"type": "Feature", "properties": {"name": "Pasadena Science Center", "city": "Pasadena", "state": "California", "type": "Cultural Hub"}, "geometry": {"type": "Point", "coordinates": [-118.1676, 34.1523]}}, {"type": "Feature", "properties": {"name": "Fullerton Science Center", "city": "Fullerton", "state": "California", "type": "Cultural Hub"}, "geometry": {"type": "Point", "coordinates": [-117.8922, 33.8344]}}, {"type": "Feature", "properties": {"name": "Fullerton Science Center", "city": "Fullerton", "state": "California", "type": "Cultural Hub"}, "geometry": {"type": "Point", "coordinates": [-117.9752, 33.853]}}, {"type": "Feature", "properties": {"name": "Killeen Symphony Hall", "city": "Killeen", "state": "Texas", "type": "Cultural Hub"}, "geometry": {"type": "Point", "coordinates": [-97.747, 31.1066]}}, {"type": "Feature", "properties": {"name": "Killeen Arts District", "city": "Killeen", "state": "Texas", "type": "Cultural Hub"}, "geometry": {"type": "Point", "coordinates": [-97.7662, 31.1421]}}, {"type": "Feature", "properties": {"name": "Frisco Library Arts Center", "city": "Frisco", "state": "Texas", "type": "Cultural Hub"}, "geometry": {"type": "Point", "coordinates": [-96.8319, 33.1592]}}, {"type": "Feature", "properties": {"name": "Frisco Performing Arts Center", "city": "Frisco", "state": "Texas", "type": "Cultural Hub"}, "geometry": {"type": "Point", "coordinates": [-96.8754, 33.1427]}}, {"type": "Feature", "properties": {"name": "Hampton Performing Arts Center", "city": "Hampton", "state": "Virginia", "type": "Cultural Hub"}, "geometry": {"type": "Point", "coordinates": [-76.3086, 37.0042]}}, {"type": "Feature", "properties": {"name": "Hampton Science Center", "city": "Hampton", "state": "Virginia", "type": "Cultural Hub"}, "geometry": {"type": "Point", "coordinates": [-76.2961, 37.0355]}}, {"type": "Feature", "properties": {"name": "Hampton Convention Center", "city": "Hampton", "state": "Virginia", "type": "Cultural Hub"}, "geometry": {"type": "Point", "coordinates": [-76.3629, 37.0495]}}, {"type": "Feature", "properties": {"name": "Hampton Art Museum", "city": "Hampton", "state": "Virginia", "type": "Cultural Hub"}, "geometry": {"type": "Point", "coordinates": [-76.3206, 37.068]}}, {"type": "Feature", "properties": {"name": "McAllen Cultural Center", "city": "McAllen", "state": "Texas", "type": "Cultural Hub"}, "geometry": {"type": "Point", "coordinates": [-98.2368, 26.1786]}}, {"type": "Feature", "properties": {"name": "McAllen Theater District", "city": "McAllen", "state": "Texas", "type": "Cultural Hub"}, "geometry": {"type": "Point", "coordinates": [-98.2184, 26.2202]}}, {"type": "Feature", "properties": {"name": "McAllen History Museum", "city": "McAllen", "state": "Texas", "type": "Cultural Hub"}, "geometry": {"type": "Point", "coordinates": [-98.2649, 26.1905]}}, {"type": "Feature", "properties": {"name": "McAllen Entertainment District", "city": "McAllen", "state": "Texas", "type": "Cultural Hub"}, "geometry": {"type": "Point", "coordinates": [-98.2099, 26.1666]}}, {"type": "Feature", "properties": {"name": "Warren Art Museum", "city": "Warren", "state": "Michigan", "type": "Cultural Hub"}, "geometry": {"type": "Point", "coordinates": [-83.0255, 42.5311]}}, {"type": "Feature", "properties": {"name": "Warren Symphony Hall", "city": "Warren", "state": "Michigan", "type": "Cultural Hub"}, "geometry": {"type": "Point", "coordinates": [-83.0009, 42.532]}}, {"type": "Feature", "properties": {"name": "Warren Theater District", "city": "Warren", "state": "Michigan", "type": "Cultural Hub"}, "geometry": {"type": "Point", "coordinates": [-83.0371, 42.4852]}}, {"type": "Feature", "properties": {"name": "Bellevue Gallery District", "city": "Bellevue", "state": "Washington", "type": "Cultural Hub"}, "geometry": {"type": "Point", "coordinates": [-122.1794, 47.5957]}}, {"type": "Feature", "properties": {"name": "Bellevue Art Museum", "city": "Bellevue", "state": "Washington", "type": "Cultural Hub"}, "geometry": {"type": "Point", "coordinates": [-122.2169, 47.5803]}}, {"type": "Feature", "properties": {"name": "Bellevue History Museum", "city": "Bellevue", "state": "Washington", "type": "Cultural Hub"}, "geometry": {"type": "Point", "coordinates": [-122.1884, 47.639]}}, {"type": "Feature", "properties": {"name": "Bellevue Convention Center", "city": "Bellevue", "state": "Washington", "type": "Cultural Hub"}, "geometry": {"type": "Point", "coordinates": [-122.1975, 47.6416]}}, {"type": "Feature", "properties": {"name": "West Valley City Cultural Arts Campus", "city": "West Valley City", "state": "Utah", "type": "Cultural Hub"}, "geometry": {"type": "Point", "coordinates": [-111.9851, 40.6522]}}, {"type": "Feature", "properties": {"name": "West Valley City Science Center", "city": "West Valley City", "state": "Utah", "type": "Cultural Hub"}, "geometry": {"type": "Point", "coordinates": [-111.9952, 40.7215]}}, {"type": "Feature", "properties": {"name": "West Valley City Science Center", "city": "West Valley City", "state": "Utah", "type": "Cultural Hub"}, "geometry": {"type": "Point", "coordinates": [-111.969, 40.6724]}}, {"type": "Feature", "properties": {"name": "Columbia Convention Center", "city": "Columbia", "state": "South Carolina", "type": "Cultural Hub"}, "geometry": {"type": "Point", "coordinates": [-80.982, 33.9914]}}, {"type": "Feature", "properties": {"name": "Columbia Gallery District", "city": "Columbia", "state": "South Carolina", "type": "Cultural Hub"}, "geometry": {"type": "Point", "coordinates": [-81.0202, 34.0264]}}, {"type": "Feature", "properties": {"name": "Olathe Entertainment District", "city": "Olathe", "state": "Kansas", "type": "Cultural Hub"}, "geometry": {"type": "Point", "coordinates": [-94.7691, 38.9032]}}, {"type": "Feature", "properties": {"name": "Olathe Cultural Center", "city": "Olathe", "state": "Kansas", "type": "Cultural Hub"}, "geometry": {"type": "Point", "coordinates": [-94.7892, 38.8516]}}, {"type": "Feature", "properties": {"name": "Olathe Heritage Museum", "city": "Olathe", "state": "Kansas", "type": "Cultural Hub"}, "geometry": {"type": "Point", "coordinates": [-94.7898, 38.8916]}}, {"type": "Feature", "properties": {"name": "Sterling Heights Museum District", "city": "Sterling Heights", "state": "Michigan", "type": "Cultural Hub"}, "geometry": {"type": "Point", "coordinates": [-83.0181, 42.5468]}}, {"type": "Feature", "properties": {"name": "Sterling Heights Heritage Museum", "city": "Sterling Heights", "state": "Michigan", "type": "Cultural Hub"}, "geometry": {"type": "Point", "coordinates": [-83.0534, 42.552]}}, {"type": "Feature", "properties": {"name": "New Haven Art Museum", "city": "New Haven", "state": "Connecticut", "type": "Cultural Hub"}, "geometry": {"type": "Point", "coordinates": [-72.9212, 41.3436]}}, {"type": "Feature", "properties": {"name": "New Haven Performing Arts Center", "city": "New Haven", "state": "Connecticut", "type": "Cultural Hub"}, "geometry": {"type": "Point", "coordinates": [-72.9807, 41.3479]}}, {"type": "Feature", "properties": {"name": "New Haven Convention Center", "city": "New Haven", "state": "Connecticut", "type": "Cultural Hub"}, "geometry": {"type": "Point", "coordinates": [-72.9442, 41.3169]}}, {"type": "Feature", "properties": {"name": "New Haven Performing Arts Center", "city": "New Haven", "state": "Connecticut", "type": "Cultural Hub"}, "geometry": {"type": "Point", "coordinates": [-72.9536, 41.3321]}}, {"type": "Feature", "properties": {"name": "Miramar Performing Arts Center", "city": "Miramar", "state": "Florida", "type": "Cultural Hub"}, "geometry": {"type": "Point", "coordinates": [-80.3004, 25.973]}}, {"type": "Feature", "properties": {"name": "Miramar Cultural Arts Campus", "city": "Miramar", "state": "Florida", "type": "Cultural Hub"}, "geometry": {"type": "Point", "coordinates": [-80.2559, 25.9826]}}, {"type": "Feature", "properties": {"name": "Miramar Gallery District", "city": "Miramar", "state": "Florida", "type": "Cultural Hub"}, "geometry": {"type": "Point", "coordinates": [-80.3465, 25.9851]}}, {"type": "Feature", "properties": {"name": "Waco Opera House", "city": "Waco", "state": "Texas", "type": "Cultural Hub"}, "geometry": {"type": "Point", "coordinates": [-97.199, 31.5676]}}, {"type": "Feature", "properties": {"name": "Waco Cultural Arts Campus", "city": "Waco", "state": "Texas", "type": "Cultural Hub"}, "geometry": {"type": "Point", "coordinates": [-97.1698, 31.5188]}}, {"type": "Feature", "properties": {"name": "Waco Cultural Arts Campus", "city": "Waco", "state": "Texas", "type": "Cultural Hub"}, "geometry": {"type": "Point", "coordinates": [-97.155, 31.5854]}}, {"type": "Feature", "properties": {"name": "Waco Civic Theater", "city": "Waco", "state": "Texas", "type": "Cultural Hub"}, "geometry": {"type": "Point", "coordinates": [-97.1356, 31.5752]}}, {"type": "Feature", "properties": {"name": "Thousand Oaks Cultural Center", "city": "Thousand Oaks", "state": "California", "type": "Cultural Hub"}, "geometry": {"type": "Point", "coordinates": [-118.8063, 34.1509]}}, {"type": "Feature", "properties": {"name": "Thousand Oaks History Museum", "city": "Thousand Oaks", "state": "California", "type": "Cultural Hub"}, "geometry": {"type": "Point", "coordinates": [-118.8025, 34.1315]}}, {"type": "Feature", "properties": {"name": "Thousand Oaks Civic Theater", "city": "Thousand Oaks", "state": "California", "type": "Cultural Hub"}, "geometry": {"type": "Point", "coordinates": [-118.8552, 34.1337]}}, {"type": "Feature", "properties": {"name": "Cedar Rapids Performing Arts Center", "city": "Cedar Rapids", "state": "Iowa", "type": "Cultural Hub"}, "geometry": {"type": "Point", "coordinates": [-91.6816, 41.944]}}, {"type": "Feature", "properties": {"name": "Cedar Rapids Science Center", "city": "Cedar Rapids", "state": "Iowa", "type": "Cultural Hub"}, "geometry": {"type": "Point", "coordinates": [-91.72, 42.0161]}}, {"type": "Feature", "properties": {"name": "Charleston Art Museum", "city": "Charleston", "state": "South Carolina", "type": "Cultural Hub"}, "geometry": {"type": "Point", "coordinates": [-79.8863, 32.7687]}}, {"type": "Feature", "properties": {"name": "Charleston Cultural Arts Campus", "city": "Charleston", "state": "South Carolina", "type": "Cultural Hub"}, "geometry": {"type": "Point", "coordinates": [-79.9307, 32.7978]}}, {"type": "Feature", "properties": {"name": "Charleston Cultural Arts Campus", "city": "Charleston", "state": "South Carolina", "type": "Cultural Hub"}, "geometry": {"type": "Point", "coordinates": [-79.8877, 32.7655]}}, {"type": "Feature", "properties": {"name": "Charleston Opera House", "city": "Charleston", "state": "South Carolina", "type": "Cultural Hub"}, "geometry": {"type": "Point", "coordinates": [-79.9822, 32.786]}}, {"type": "Feature", "properties": {"name": "Visalia Museum District", "city": "Visalia", "state": "California", "type": "Cultural Hub"}, "geometry": {"type": "Point", "coordinates": [-119.3125, 36.3521]}}, {"type": "Feature", "properties": {"name": "Visalia History Museum", "city": "Visalia", "state": "California", "type": "Cultural Hub"}, "geometry": {"type": "Point", "coordinates": [-119.255, 36.2911]}}, {"type": "Feature", "properties": {"name": "Visalia Cultural Center", "city": "Visalia", "state": "California", "type": "Cultural Hub"}, "geometry": {"type": "Point", "coordinates": [-119.2879, 36.3306]}}, {"type": "Feature", "properties": {"name": "Visalia History Museum", "city": "Visalia", "state": "California", "type": "Cultural Hub"}, "geometry": {"type": "Point", "coordinates": [-119.2724, 36.3193]}}, {"type": "Feature", "properties": {"name": "Topeka Theater District", "city": "Topeka", "state": "Kansas", "type": "Cultural Hub"}, "geometry": {"type": "Point", "coordinates": [-95.6349, 39.0602]}}, {"type": "Feature", "properties": {"name": "Topeka Cultural Arts Campus", "city": "Topeka", "state": "Kansas", "type": "Cultural Hub"}, "geometry": {"type": "Point", "coordinates": [-95.7275, 39.0474]}}, {"type": "Feature", "properties": {"name": "Elizabeth Art Museum", "city": "Elizabeth", "state": "New Jersey", "type": "Cultural Hub"}, "geometry": {"type": "Point", "coordinates": [-74.1754, 40.6888]}}, {"type": "Feature", "properties": {"name": "Elizabeth Library Arts Center", "city": "Elizabeth", "state": "New Jersey", "type": "Cultural Hub"}, "geometry": {"type": "Point", "coordinates": [-74.1947, 40.7006]}}, {"type": "Feature", "properties": {"name": "Elizabeth Heritage Museum", "city": "Elizabeth", "state": "New Jersey", "type": "Cultural Hub"}, "geometry": {"type": "Point", "coordinates": [-74.1945, 40.6938]}}, {"type": "Feature", "properties": {"name": "Elizabeth Theater District", "city": "Elizabeth", "state": "New Jersey", "type": "Cultural Hub"}, "geometry": {"type": "Point", "coordinates": [-74.2107, 40.6681]}}, {"type": "Feature", "properties": {"name": "Gainesville Heritage Museum", "city": "Gainesville", "state": "Florida", "type": "Cultural Hub"}, "geometry": {"type": "Point", "coordinates": [-82.3466, 29.6319]}}, {"type": "Feature", "properties": {"name": "Gainesville Science Center", "city": "Gainesville", "state": "Florida", "type": "Cultural Hub"}, "geometry": {"type": "Point", "coordinates": [-82.3746, 29.6257]}}, {"type": "Feature", "properties": {"name": "Thornton Symphony Hall", "city": "Thornton", "state": "Colorado", "type": "Cultural Hub"}, "geometry": {"type": "Point", "coordinates": [-104.9622, 39.852]}}, {"type": "Feature", "properties": {"name": "Thornton Library Arts Center", "city": "Thornton", "state": "Colorado", "type": "Cultural Hub"}, "geometry": {"type": "Point", "coordinates": [-104.9264, 39.8296]}}, {"type": "Feature", "properties": {"name": "Thornton Cultural Center", "city": "Thornton", "state": "Colorado", "type": "Cultural Hub"}, "geometry": {"type": "Point", "coordinates": [-104.983, 39.9042]}}, {"type": "Feature", "properties": {"name": "Thornton Gallery District", "city": "Thornton", "state": "Colorado", "type": "Cultural Hub"}, "geometry": {"type": "Point", "coordinates": [-104.9883, 39.8814]}}, {"type": "Feature", "properties": {"name": "Roseville Civic Theater", "city": "Roseville", "state": "California", "type": "Cultural Hub"}, "geometry": {"type": "Point", "coordinates": [-121.3081, 38.7529]}}, {"type": "Feature", "properties": {"name": "Roseville Opera House", "city": "Roseville", "state": "California", "type": "Cultural Hub"}, "geometry": {"type": "Point", "coordinates": [-121.2679, 38.7569]}}, {"type": "Feature", "properties": {"name": "Roseville Cultural Center", "city": "Roseville", "state": "California", "type": "Cultural Hub"}, "geometry": {"type": "Point", "coordinates": [-121.3408, 38.7429]}}, {"type": "Feature", "properties": {"name": "Carrollton Heritage Museum", "city": "Carrollton", "state": "Texas", "type": "Cultural Hub"}, "geometry": {"type": "Point", "coordinates": [-96.9408, 33.0075]}}, {"type": "Feature", "properties": {"name": "Carrollton Civic Theater", "city": "Carrollton", "state": "Texas", "type": "Cultural Hub"}, "geometry": {"type": "Point", "coordinates": [-96.8367, 33.0133]}}, {"type": "Feature", "properties": {"name": "Carrollton Art Museum", "city": "Carrollton", "state": "Texas", "type": "Cultural Hub"}, "geometry": {"type": "Point", "coordinates": [-96.9035, 32.9954]}}, {"type": "Feature", "properties": {"name": "Carrollton Symphony Hall", "city": "Carrollton", "state": "Texas", "type": "Cultural Hub"}, "geometry": {"type": "Point", "coordinates": [-96.8705, 33.0024]}}, {"type": "Feature", "properties": {"name": "Coral Springs Heritage Museum", "city": "Coral Springs", "state": "Florida", "type": "Cultural Hub"}, "geometry": {"type": "Point", "coordinates": [-80.3051, 26.2746]}}, {"type": "Feature", "properties": {"name": "Coral Springs Cultural Arts Campus", "city": "Coral Springs", "state": "Florida", "type": "Cultural Hub"}, "geometry": {"type": "Point", "coordinates": [-80.2547, 26.2529]}}, {"type": "Feature", "properties": {"name": "Coral Springs Museum District", "city": "Coral Springs", "state": "Florida", "type": "Cultural Hub"}, "geometry": {"type": "Point", "coordinates": [-80.2645, 26.2757]}}, {"type": "Feature", "properties": {"name": "Coral Springs Civic Theater", "city": "Coral Springs", "state": "Florida", "type": "Cultural Hub"}, "geometry": {"type": "Point", "coordinates": [-80.2831, 26.3052]}}, {"type": "Feature", "properties": {"name": "Stamford Civic Theater", "city": "Stamford", "state": "Connecticut", "type": "Cultural Hub"}, "geometry": {"type": "Point", "coordinates": [-73.5074, 41.06]}}, {"type": "Feature", "properties": {"name": "Stamford Art Museum", "city": "Stamford", "state": "Connecticut", "type": "Cultural Hub"}, "geometry": {"type": "Point", "coordinates": [-73.543, 41.0882]}}, {"type": "Feature", "properties": {"name": "Stamford Science Center", "city": "Stamford", "state": "Connecticut", "type": "Cultural Hub"}, "geometry": {"type": "Point", "coordinates": [-73.5819, 41.025]}}, {"type": "Feature", "properties": {"name": "Stamford Museum District", "city": "Stamford", "state": "Connecticut", "type": "Cultural Hub"}, "geometry": {"type": "Point", "coordinates": [-73.578, 41.0528]}}, {"type": "Feature", "properties": {"name": "Simi Valley Theater District", "city": "Simi Valley", "state": "California", "type": "Cultural Hub"}, "geometry": {"type": "Point", "coordinates": [-118.8288, 34.2914]}}, {"type": "Feature", "properties": {"name": "Simi Valley Arts District", "city": "Simi Valley", "state": "California", "type": "Cultural Hub"}, "geometry": {"type": "Point", "coordinates": [-118.7799, 34.2386]}}, {"type": "Feature", "properties": {"name": "Simi Valley Heritage Museum", "city": "Simi Valley", "state": "California", "type": "Cultural Hub"}, "geometry": {"type": "Point", "coordinates": [-118.8234, 34.2338]}}, {"type": "Feature", "properties": {"name": "Simi Valley Cultural Center", "city": "Simi Valley", "state": "California", "type": "Cultural Hub"}, "geometry": {"type": "Point", "coordinates": [-118.7907, 34.2343]}}, {"type": "Feature", "properties": {"name": "Concord Symphony Hall", "city": "Concord", "state": "California", "type": "Cultural Hub"}, "geometry": {"type": "Point", "coordinates": [-122.0644, 37.9703]}}, {"type": "Feature", "properties": {"name": "Concord Opera House", "city": "Concord", "state": "California", "type": "Cultural Hub"}, "geometry": {"type": "Point", "coordinates": [-122.0721, 37.9603]}}, {"type": "Feature", "properties": {"name": "Concord Film Arts Center", "city": "Concord", "state": "California", "type": "Cultural Hub"}, "geometry": {"type": "Point", "coordinates": [-121.9881, 37.9775]}}, {"type": "Feature", "properties": {"name": "Concord Science Center", "city": "Concord", "state": "California", "type": "Cultural Hub"}, "geometry": {"type": "Point", "coordinates": [-122.0005, 37.9595]}}, {"type": "Feature", "properties": {"name": "Hartford Civic Theater", "city": "Hartford", "state": "Connecticut", "type": "Cultural Hub"}, "geometry": {"type": "Point", "coordinates": [-72.7151, 41.7492]}}, {"type": "Feature", "properties": {"name": "Hartford Museum District", "city": "Hartford", "state": "Connecticut", "type": "Cultural Hub"}, "geometry": {"type": "Point", "coordinates": [-72.6303, 41.731]}}, {"type": "Feature", "properties": {"name": "Hartford Cultural Arts Campus", "city": "Hartford", "state": "Connecticut", "type": "Cultural Hub"}, "geometry": {"type": "Point", "coordinates": [-72.6546, 41.8022]}}, {"type": "Feature", "properties": {"name": "Hartford History Museum", "city": "Hartford", "state": "Connecticut", "type": "Cultural Hub"}, "geometry": {"type": "Point", "coordinates": [-72.6501, 41.7542]}}, {"type": "Feature", "properties": {"name": "Kent Cultural Center", "city": "Kent", "state": "Washington", "type": "Cultural Hub"}, "geometry": {"type": "Point", "coordinates": [-122.225, 47.4058]}}, {"type": "Feature", "properties": {"name": "Kent Library Arts Center", "city": "Kent", "state": "Washington", "type": "Cultural Hub"}, "geometry": {"type": "Point", "coordinates": [-122.2511, 47.4079]}}, {"type": "Feature", "properties": {"name": "Kent Cultural Arts Campus", "city": "Kent", "state": "Washington", "type": "Cultural Hub"}, "geometry": {"type": "Point", "coordinates": [-122.2153, 47.3504]}}, {"type": "Feature", "properties": {"name": "Kent Museum District", "city": "Kent", "state": "Washington", "type": "Cultural Hub"}, "geometry": {"type": "Point", "coordinates": [-122.2561, 47.4062]}}, {"type": "Feature", "properties": {"name": "Lafayette Art Museum", "city": "Lafayette", "state": "Louisiana", "type": "Cultural Hub"}, "geometry": {"type": "Point", "coordinates": [-91.9661, 30.2073]}}, {"type": "Feature", "properties": {"name": "Lafayette Cultural Arts Campus", "city": "Lafayette", "state": "Louisiana", "type": "Cultural Hub"}, "geometry": {"type": "Point", "coordinates": [-92.0107, 30.2131]}}, {"type": "Feature", "properties": {"name": "Lafayette Theater District", "city": "Lafayette", "state": "Louisiana", "type": "Cultural Hub"}, "geometry": {"type": "Point", "coordinates": [-91.9947, 30.2227]}}, {"type": "Feature", "properties": {"name": "Lafayette Science Center", "city": "Lafayette", "state": "Louisiana", "type": "Cultural Hub"}, "geometry": {"type": "Point", "coordinates": [-92.0412, 30.1892]}}, {"type": "Feature", "properties": {"name": "Midland Museum District", "city": "Midland", "state": "Texas", "type": "Cultural Hub"}, "geometry": {"type": "Point", "coordinates": [-102.0374, 32.0001]}}, {"type": "Feature", "properties": {"name": "Midland Theater District", "city": "Midland", "state": "Texas", "type": "Cultural Hub"}, "geometry": {"type": "Point", "coordinates": [-102.0221, 31.9714]}}, {"type": "Feature", "properties": {"name": "Midland Heritage Museum", "city": "Midland", "state": "Texas", "type": "Cultural Hub"}, "geometry": {"type": "Point", "coordinates": [-102.0968, 32.0074]}}, {"type": "Feature", "properties": {"name": "Midland Convention Center", "city": "Midland", "state": "Texas", "type": "Cultural Hub"}, "geometry": {"type": "Point", "coordinates": [-102.0331, 32.0208]}}, {"type": "Feature", "properties": {"name": "Surprise Convention Center", "city": "Surprise", "state": "Arizona", "type": "Cultural Hub"}, "geometry": {"type": "Point", "coordinates": [-112.3341, 33.6295]}}, {"type": "Feature", "properties": {"name": "Surprise Museum District", "city": "Surprise", "state": "Arizona", "type": "Cultural Hub"}, "geometry": {"type": "Point", "coordinates": [-112.4177, 33.6147]}}, {"type": "Feature", "properties": {"name": "Surprise History Museum", "city": "Surprise", "state": "Arizona", "type": "Cultural Hub"}, "geometry": {"type": "Point", "coordinates": [-112.3423, 33.5918]}}, {"type": "Feature", "properties": {"name": "Denton Opera House", "city": "Denton", "state": "Texas", "type": "Cultural Hub"}, "geometry": {"type": "Point", "coordinates": [-97.1094, 33.2235]}}, {"type": "Feature", "properties": {"name": "Denton Convention Center", "city": "Denton", "state": "Texas", "type": "Cultural Hub"}, "geometry": {"type": "Point", "coordinates": [-97.1305, 33.2279]}}, {"type": "Feature", "properties": {"name": "Victorville Gallery District", "city": "Victorville", "state": "California", "type": "Cultural Hub"}, "geometry": {"type": "Point", "coordinates": [-117.3427, 34.5682]}}, {"type": "Feature", "properties": {"name": "Victorville Museum District", "city": "Victorville", "state": "California", "type": "Cultural Hub"}, "geometry": {"type": "Point", "coordinates": [-117.2776, 34.5261]}}, {"type": "Feature", "properties": {"name": "Victorville Opera House", "city": "Victorville", "state": "California", "type": "Cultural Hub"}, "geometry": {"type": "Point", "coordinates": [-117.3157, 34.5539]}}, {"type": "Feature", "properties": {"name": "Victorville Library Arts Center", "city": "Victorville", "state": "California", "type": "Cultural Hub"}, "geometry": {"type": "Point", "coordinates": [-117.3068, 34.5443]}}, {"type": "Feature", "properties": {"name": "Evansville Symphony Hall", "city": "Evansville", "state": "Indiana", "type": "Cultural Hub"}, "geometry": {"type": "Point", "coordinates": [-87.626, 38.0024]}}, {"type": "Feature", "properties": {"name": "Evansville Cultural Arts Campus", "city": "Evansville", "state": "Indiana", "type": "Cultural Hub"}, "geometry": {"type": "Point", "coordinates": [-87.5274, 37.9479]}}, {"type": "Feature", "properties": {"name": "Evansville Library Arts Center", "city": "Evansville", "state": "Indiana", "type": "Cultural Hub"}, "geometry": {"type": "Point", "coordinates": [-87.5501, 37.9933]}}, {"type": "Feature", "properties": {"name": "Santa Clara Art Museum", "city": "Santa Clara", "state": "California", "type": "Cultural Hub"}, "geometry": {"type": "Point", "coordinates": [-121.977, 37.3598]}}, {"type": "Feature", "properties": {"name": "Santa Clara Art Museum", "city": "Santa Clara", "state": "California", "type": "Cultural Hub"}, "geometry": {"type": "Point", "coordinates": [-121.9823, 37.3647]}}, {"type": "Feature", "properties": {"name": "Santa Clara Civic Theater", "city": "Santa Clara", "state": "California", "type": "Cultural Hub"}, "geometry": {"type": "Point", "coordinates": [-121.9432, 37.3654]}}, {"type": "Feature", "properties": {"name": "Abilene Museum District", "city": "Abilene", "state": "Texas", "type": "Cultural Hub"}, "geometry": {"type": "Point", "coordinates": [-99.6818, 32.4121]}}, {"type": "Feature", "properties": {"name": "Abilene Cultural Arts Campus", "city": "Abilene", "state": "Texas", "type": "Cultural Hub"}, "geometry": {"type": "Point", "coordinates": [-99.6816, 32.4512]}}, {"type": "Feature", "properties": {"name": "Athens-Clarke County Entertainment District", "city": "Athens-Clarke County", "state": "Georgia", "type": "Cultural Hub"}, "geometry": {"type": "Point", "coordinates": [-83.3035, 33.9762]}}, {"type": "Feature", "properties": {"name": "Athens-Clarke County Theater District", "city": "Athens-Clarke County", "state": "Georgia", "type": "Cultural Hub"}, "geometry": {"type": "Point", "coordinates": [-83.3399, 33.9698]}}, {"type": "Feature", "properties": {"name": "Athens-Clarke County Convention Center", "city": "Athens-Clarke County", "state": "Georgia", "type": "Cultural Hub"}, "geometry": {"type": "Point", "coordinates": [-83.3858, 33.9823]}}, {"type": "Feature", "properties": {"name": "Athens-Clarke County Civic Theater", "city": "Athens-Clarke County", "state": "Georgia", "type": "Cultural Hub"}, "geometry": {"type": "Point", "coordinates": [-83.314, 33.9374]}}, {"type": "Feature", "properties": {"name": "Vallejo Arts District", "city": "Vallejo", "state": "California", "type": "Cultural Hub"}, "geometry": {"type": "Point", "coordinates": [-122.2109, 38.1417]}}, {"type": "Feature", "properties": {"name": "Vallejo Cultural Arts Campus", "city": "Vallejo", "state": "California", "type": "Cultural Hub"}, "geometry": {"type": "Point", "coordinates": [-122.2956, 38.1207]}}, {"type": "Feature", "properties": {"name": "Allentown Heritage Museum", "city": "Allentown", "state": "Pennsylvania", "type": "Cultural Hub"}, "geometry": {"type": "Point", "coordinates": [-75.545, 40.5757]}}, {"type": "Feature", "properties": {"name": "Allentown Museum District", "city": "Allentown", "state": "Pennsylvania", "type": "Cultural Hub"}, "geometry": {"type": "Point", "coordinates": [-75.4358, 40.6394]}}, {"type": "Feature", "properties": {"name": "Allentown Museum District", "city": "Allentown", "state": "Pennsylvania", "type": "Cultural Hub"}, "geometry": {"type": "Point", "coordinates": [-75.5016, 40.6337]}}, {"type": "Feature", "properties": {"name": "Allentown Civic Theater", "city": "Allentown", "state": "Pennsylvania", "type": "Cultural Hub"}, "geometry": {"type": "Point", "coordinates": [-75.5005, 40.6427]}}, {"type": "Feature", "properties": {"name": "Norman Symphony Hall", "city": "Norman", "state": "Oklahoma", "type": "Cultural Hub"}, "geometry": {"type": "Point", "coordinates": [-97.4199, 35.2193]}}, {"type": "Feature", "properties": {"name": "Norman Arts District", "city": "Norman", "state": "Oklahoma", "type": "Cultural Hub"}, "geometry": {"type": "Point", "coordinates": [-97.4001, 35.2558]}}, {"type": "Feature", "properties": {"name": "Norman Theater District", "city": "Norman", "state": "Oklahoma", "type": "Cultural Hub"}, "geometry": {"type": "Point", "coordinates": [-97.4122, 35.2387]}}, {"type": "Feature", "properties": {"name": "Norman Science Center", "city": "Norman", "state": "Oklahoma", "type": "Cultural Hub"}, "geometry": {"type": "Point", "coordinates": [-97.4047, 35.2258]}}, {"type": "Feature", "properties": {"name": "Beaumont Arts District", "city": "Beaumont", "state": "Texas", "type": "Cultural Hub"}, "geometry": {"type": "Point", "coordinates": [-94.1395, 30.1065]}}, {"type": "Feature", "properties": {"name": "Beaumont Cultural Center", "city": "Beaumont", "state": "Texas", "type": "Cultural Hub"}, "geometry": {"type": "Point", "coordinates": [-94.1257, 30.1138]}}, {"type": "Feature", "properties": {"name": "Beaumont History Museum", "city": "Beaumont", "state": "Texas", "type": "Cultural Hub"}, "geometry": {"type": "Point", "coordinates": [-94.176, 30.116]}}, {"type": "Feature", "properties": {"name": "Beaumont Entertainment District", "city": "Beaumont", "state": "Texas", "type": "Cultural Hub"}, "geometry": {"type": "Point", "coordinates": [-94.1749, 30.084]}}, {"type": "Feature", "properties": {"name": "Independence Library Arts Center", "city": "Independence", "state": "Missouri", "type": "Cultural Hub"}, "geometry": {"type": "Point", "coordinates": [-94.371, 39.066]}}, {"type": "Feature", "properties": {"name": "Independence Arts District", "city": "Independence", "state": "Missouri", "type": "Cultural Hub"}, "geometry": {"type": "Point", "coordinates": [-94.3905, 39.104]}}, {"type": "Feature", "properties": {"name": "Murfreesboro Film Arts Center", "city": "Murfreesboro", "state": "Tennessee", "type": "Cultural Hub"}, "geometry": {"type": "Point", "coordinates": [-86.3581, 35.8586]}}, {"type": "Feature", "properties": {"name": "Murfreesboro Gallery District", "city": "Murfreesboro", "state": "Tennessee", "type": "Cultural Hub"}, "geometry": {"type": "Point", "coordinates": [-86.3656, 35.8156]}}, {"type": "Feature", "properties": {"name": "Ann Arbor Symphony Hall", "city": "Ann Arbor", "state": "Michigan", "type": "Cultural Hub"}, "geometry": {"type": "Point", "coordinates": [-83.7145, 42.3089]}}, {"type": "Feature", "properties": {"name": "Ann Arbor Theater District", "city": "Ann Arbor", "state": "Michigan", "type": "Cultural Hub"}, "geometry": {"type": "Point", "coordinates": [-83.6979, 42.2689]}}, {"type": "Feature", "properties": {"name": "Springfield Gallery District", "city": "Springfield", "state": "Illinois", "type": "Cultural Hub"}, "geometry": {"type": "Point", "coordinates": [-89.651, 39.7663]}}, {"type": "Feature", "properties": {"name": "Springfield Cultural Arts Campus", "city": "Springfield", "state": "Illinois", "type": "Cultural Hub"}, "geometry": {"type": "Point", "coordinates": [-89.6046, 39.7438]}}, {"type": "Feature", "properties": {"name": "Springfield Cultural Arts Campus", "city": "Springfield", "state": "Illinois", "type": "Cultural Hub"}, "geometry": {"type": "Point", "coordinates": [-89.6317, 39.7875]}}, {"type": "Feature", "properties": {"name": "Springfield Civic Theater", "city": "Springfield", "state": "Illinois", "type": "Cultural Hub"}, "geometry": {"type": "Point", "coordinates": [-89.6632, 39.7483]}}, {"type": "Feature", "properties": {"name": "Berkeley Heritage Museum", "city": "Berkeley", "state": "California", "type": "Cultural Hub"}, "geometry": {"type": "Point", "coordinates": [-122.3227, 37.8571]}}, {"type": "Feature", "properties": {"name": "Berkeley Art Museum", "city": "Berkeley", "state": "California", "type": "Cultural Hub"}, "geometry": {"type": "Point", "coordinates": [-122.2467, 37.9046]}}, {"type": "Feature", "properties": {"name": "Berkeley Civic Theater", "city": "Berkeley", "state": "California", "type": "Cultural Hub"}, "geometry": {"type": "Point", "coordinates": [-122.3226, 37.8629]}}, {"type": "Feature", "properties": {"name": "Berkeley Museum District", "city": "Berkeley", "state": "California", "type": "Cultural Hub"}, "geometry": {"type": "Point", "coordinates": [-122.2714, 37.8597]}}, {"type": "Feature", "properties": {"name": "Peoria Library Arts Center", "city": "Peoria", "state": "Illinois", "type": "Cultural Hub"}, "geometry": {"type": "Point", "coordinates": [-89.6078, 40.6573]}}, {"type": "Feature", "properties": {"name": "Peoria History Museum", "city": "Peoria", "state": "Illinois", "type": "Cultural Hub"}, "geometry": {"type": "Point", "coordinates": [-89.6092, 40.6622]}}, {"type": "Feature", "properties": {"name": "Provo Arts District", "city": "Provo", "state": "Utah", "type": "Cultural Hub"}, "geometry": {"type": "Point", "coordinates": [-111.6808, 40.2549]}}, {"type": "Feature", "properties": {"name": "Provo Performing Arts Center", "city": "Provo", "state": "Utah", "type": "Cultural Hub"}, "geometry": {"type": "Point", "coordinates": [-111.7085, 40.2126]}}, {"type": "Feature", "properties": {"name": "Provo Art Museum", "city": "Provo", "state": "Utah", "type": "Cultural Hub"}, "geometry": {"type": "Point", "coordinates": [-111.6719, 40.1946]}}, {"type": "Feature", "properties": {"name": "Provo Cultural Center", "city": "Provo", "state": "Utah", "type": "Cultural Hub"}, "geometry": {"type": "Point", "coordinates": [-111.637, 40.2548]}}, {"type": "Feature", "properties": {"name": "El Monte Symphony Hall", "city": "El Monte", "state": "California", "type": "Cultural Hub"}, "geometry": {"type": "Point", "coordinates": [-118.0675, 34.0538]}}, {"type": "Feature", "properties": {"name": "El Monte Cultural Arts Campus", "city": "El Monte", "state": "California", "type": "Cultural Hub"}, "geometry": {"type": "Point", "coordinates": [-118.0033, 34.0538]}}, {"type": "Feature", "properties": {"name": "El Monte Convention Center", "city": "El Monte", "state": "California", "type": "Cultural Hub"}, "geometry": {"type": "Point", "coordinates": [-118.0789, 34.0824]}}, {"type": "Feature", "properties": {"name": "El Monte Heritage Museum", "city": "El Monte", "state": "California", "type": "Cultural Hub"}, "geometry": {"type": "Point", "coordinates": [-118.0287, 34.076]}}, {"type": "Feature", "properties": {"name": "Columbia History Museum", "city": "Columbia", "state": "Missouri", "type": "Cultural Hub"}, "geometry": {"type": "Point", "coordinates": [-92.279, 38.9189]}}, {"type": "Feature", "properties": {"name": "Columbia Entertainment District", "city": "Columbia", "state": "Missouri", "type": "Cultural Hub"}, "geometry": {"type": "Point", "coordinates": [-92.317, 38.9128]}}, {"type": "Feature", "properties": {"name": "Columbia Civic Theater", "city": "Columbia", "state": "Missouri", "type": "Cultural Hub"}, "geometry": {"type": "Point", "coordinates": [-92.3576, 38.9693]}}, {"type": "Feature", "properties": {"name": "Lansing Opera House", "city": "Lansing", "state": "Michigan", "type": "Cultural Hub"}, "geometry": {"type": "Point", "coordinates": [-84.5329, 42.7362]}}, {"type": "Feature", "properties": {"name": "Lansing Gallery District", "city": "Lansing", "state": "Michigan", "type": "Cultural Hub"}, "geometry": {"type": "Point", "coordinates": [-84.5379, 42.7472]}}, {"type": "Feature", "properties": {"name": "Lansing Symphony Hall", "city": "Lansing", "state": "Michigan", "type": "Cultural Hub"}, "geometry": {"type": "Point", "coordinates": [-84.5296, 42.742]}}, {"type": "Feature", "properties": {"name": "Lansing Convention Center", "city": "Lansing", "state": "Michigan", "type": "Cultural Hub"}, "geometry": {"type": "Point", "coordinates": [-84.5516, 42.7021]}}, {"type": "Feature", "properties": {"name": "Fargo Museum District", "city": "Fargo", "state": "North Dakota", "type": "Cultural Hub"}, "geometry": {"type": "Point", "coordinates": [-96.7375, 46.868]}}, {"type": "Feature", "properties": {"name": "Fargo Symphony Hall", "city": "Fargo", "state": "North Dakota", "type": "Cultural Hub"}, "geometry": {"type": "Point", "coordinates": [-96.8135, 46.8941]}}, {"type": "Feature", "properties": {"name": "Downey History Museum", "city": "Downey", "state": "California", "type": "Cultural Hub"}, "geometry": {"type": "Point", "coordinates": [-118.1546, 33.9156]}}, {"type": "Feature", "properties": {"name": "Downey Cultural Center", "city": "Downey", "state": "California", "type": "Cultural Hub"}, "geometry": {"type": "Point", "coordinates": [-118.1834, 33.9696]}}, {"type": "Feature", "properties": {"name": "Costa Mesa Civic Theater", "city": "Costa Mesa", "state": "California", "type": "Cultural Hub"}, "geometry": {"type": "Point", "coordinates": [-117.9301, 33.6659]}}, {"type": "Feature", "properties": {"name": "Costa Mesa Performing Arts Center", "city": "Costa Mesa", "state": "California", "type": "Cultural Hub"}, "geometry": {"type": "Point", "coordinates": [-117.874, 33.6516]}}, {"type": "Feature", "properties": {"name": "Costa Mesa Theater District", "city": "Costa Mesa", "state": "California", "type": "Cultural Hub"}, "geometry": {"type": "Point", "coordinates": [-117.9401, 33.633]}}, {"type": "Feature", "properties": {"name": "Wilmington Library Arts Center", "city": "Wilmington", "state": "North Carolina", "type": "Cultural Hub"}, "geometry": {"type": "Point", "coordinates": [-77.9438, 34.2488]}}, {"type": "Feature", "properties": {"name": "Wilmington Art Museum", "city": "Wilmington", "state": "North Carolina", "type": "Cultural Hub"}, "geometry": {"type": "Point", "coordinates": [-77.9031, 34.2076]}}, {"type": "Feature", "properties": {"name": "Wilmington Arts District", "city": "Wilmington", "state": "North Carolina", "type": "Cultural Hub"}, "geometry": {"type": "Point", "coordinates": [-77.9159, 34.2616]}}, {"type": "Feature", "properties": {"name": "Arvada Theater District", "city": "Arvada", "state": "Colorado", "type": "Cultural Hub"}, "geometry": {"type": "Point", "coordinates": [-105.0511, 39.8388]}}, {"type": "Feature", "properties": {"name": "Arvada Theater District", "city": "Arvada", "state": "Colorado", "type": "Cultural Hub"}, "geometry": {"type": "Point", "coordinates": [-105.0319, 39.8077]}}, {"type": "Feature", "properties": {"name": "Arvada Gallery District", "city": "Arvada", "state": "Colorado", "type": "Cultural Hub"}, "geometry": {"type": "Point", "coordinates": [-105.0643, 39.7737]}}, {"type": "Feature", "properties": {"name": "Arvada Symphony Hall", "city": "Arvada", "state": "Colorado", "type": "Cultural Hub"}, "geometry": {"type": "Point", "coordinates": [-105.0417, 39.7767]}}, {"type": "Feature", "properties": {"name": "Inglewood Film Arts Center", "city": "Inglewood", "state": "California", "type": "Cultural Hub"}, "geometry": {"type": "Point", "coordinates": [-118.4082, 33.9294]}}, {"type": "Feature", "properties": {"name": "Inglewood Heritage Museum", "city": "Inglewood", "state": "California", "type": "Cultural Hub"}, "geometry": {"type": "Point", "coordinates": [-118.3679, 33.9394]}}, {"type": "Feature", "properties": {"name": "Inglewood Science Center", "city": "Inglewood", "state": "California", "type": "Cultural Hub"}, "geometry": {"type": "Point", "coordinates": [-118.3111, 33.9613]}}, {"type": "Feature", "properties": {"name": "Miami Gardens Cultural Arts Campus", "city": "Miami Gardens", "state": "Florida", "type": "Cultural Hub"}, "geometry": {"type": "Point", "coordinates": [-80.2652, 25.9507]}}, {"type": "Feature", "properties": {"name": "Miami Gardens Cultural Center", "city": "Miami Gardens", "state": "Florida", "type": "Cultural Hub"}, "geometry": {"type": "Point", "coordinates": [-80.2837, 25.9376]}}, {"type": "Feature", "properties": {"name": "Miami Gardens Arts District", "city": "Miami Gardens", "state": "Florida", "type": "Cultural Hub"}, "geometry": {"type": "Point", "coordinates": [-80.258, 25.9351]}}, {"type": "Feature", "properties": {"name": "Miami Gardens Museum District", "city": "Miami Gardens", "state": "Florida", "type": "Cultural Hub"}, "geometry": {"type": "Point", "coordinates": [-80.2954, 25.9358]}}, {"type": "Feature", "properties": {"name": "Carlsbad Cultural Center", "city": "Carlsbad", "state": "California", "type": "Cultural Hub"}, "geometry": {"type": "Point", "coordinates": [-117.3383, 33.1226]}}, {"type": "Feature", "properties": {"name": "Carlsbad Performing Arts Center", "city": "Carlsbad", "state": "California", "type": "Cultural Hub"}, "geometry": {"type": "Point", "coordinates": [-117.3609, 33.1204]}}, {"type": "Feature", "properties": {"name": "Westminster Film Arts Center", "city": "Westminster", "state": "Colorado", "type": "Cultural Hub"}, "geometry": {"type": "Point", "coordinates": [-105.0229, 39.8418]}}, {"type": "Feature", "properties": {"name": "Westminster Symphony Hall", "city": "Westminster", "state": "Colorado", "type": "Cultural Hub"}, "geometry": {"type": "Point", "coordinates": [-105.0224, 39.8495]}}, {"type": "Feature", "properties": {"name": "Rochester Entertainment District", "city": "Rochester", "state": "Minnesota", "type": "Cultural Hub"}, "geometry": {"type": "Point", "coordinates": [-92.5313, 44.0061]}}, {"type": "Feature", "properties": {"name": "Rochester Science Center", "city": "Rochester", "state": "Minnesota", "type": "Cultural Hub"}, "geometry": {"type": "Point", "coordinates": [-92.4896, 43.9944]}}, {"type": "Feature", "properties": {"name": "Rochester Film Arts Center", "city": "Rochester", "state": "Minnesota", "type": "Cultural Hub"}, "geometry": {"type": "Point", "coordinates": [-92.4291, 43.9875]}}, {"type": "Feature", "properties": {"name": "Odessa Arts District", "city": "Odessa", "state": "Texas", "type": "Cultural Hub"}, "geometry": {"type": "Point", "coordinates": [-102.3231, 31.8791]}}, {"type": "Feature", "properties": {"name": "Odessa Cultural Arts Campus", "city": "Odessa", "state": "Texas", "type": "Cultural Hub"}, "geometry": {"type": "Point", "coordinates": [-102.4198, 31.8472]}}, {"type": "Feature", "properties": {"name": "Odessa Entertainment District", "city": "Odessa", "state": "Texas", "type": "Cultural Hub"}, "geometry": {"type": "Point", "coordinates": [-102.384, 31.8486]}}, {"type": "Feature", "properties": {"name": "Odessa Civic Theater", "city": "Odessa", "state": "Texas", "type": "Cultural Hub"}, "geometry": {"type": "Point", "coordinates": [-102.3965, 31.8451]}}, {"type": "Feature", "properties": {"name": "Manchester Heritage Museum", "city": "Manchester", "state": "New Hampshire", "type": "Cultural Hub"}, "geometry": {"type": "Point", "coordinates": [-71.4793, 42.9713]}}, {"type": "Feature", "properties": {"name": "Manchester Library Arts Center", "city": "Manchester", "state": "New Hampshire", "type": "Cultural Hub"}, "geometry": {"type": "Point", "coordinates": [-71.4203, 42.9727]}}, {"type": "Feature", "properties": {"name": "Manchester Arts District", "city": "Manchester", "state": "New Hampshire", "type": "Cultural Hub"}, "geometry": {"type": "Point", "coordinates": [-71.4031, 43.0129]}}, {"type": "Feature", "properties": {"name": "Elgin Library Arts Center", "city": "Elgin", "state": "Illinois", "type": "Cultural Hub"}, "geometry": {"type": "Point", "coordinates": [-88.2489, 42.0659]}}, {"type": "Feature", "properties": {"name": "Elgin Theater District", "city": "Elgin", "state": "Illinois", "type": "Cultural Hub"}, "geometry": {"type": "Point", "coordinates": [-88.2736, 42.07]}}, {"type": "Feature", "properties": {"name": "Elgin Library Arts Center", "city": "Elgin", "state": "Illinois", "type": "Cultural Hub"}, "geometry": {"type": "Point", "coordinates": [-88.241, 42.0173]}}, {"type": "Feature", "properties": {"name": "Elgin Library Arts Center", "city": "Elgin", "state": "Illinois", "type": "Cultural Hub"}, "geometry": {"type": "Point", "coordinates": [-88.2635, 42.0481]}}, {"type": "Feature", "properties": {"name": "West Jordan Opera House", "city": "West Jordan", "state": "Utah", "type": "Cultural Hub"}, "geometry": {"type": "Point", "coordinates": [-111.8902, 40.5705]}}, {"type": "Feature", "properties": {"name": "West Jordan Heritage Museum", "city": "West Jordan", "state": "Utah", "type": "Cultural Hub"}, "geometry": {"type": "Point", "coordinates": [-111.8966, 40.6249]}}, {"type": "Feature", "properties": {"name": "West Jordan Science Center", "city": "West Jordan", "state": "Utah", "type": "Cultural Hub"}, "geometry": {"type": "Point", "coordinates": [-111.916, 40.6185]}}, {"type": "Feature", "properties": {"name": "Round Rock Performing Arts Center", "city": "Round Rock", "state": "Texas", "type": "Cultural Hub"}, "geometry": {"type": "Point", "coordinates": [-97.6322, 30.5381]}}, {"type": "Feature", "properties": {"name": "Round Rock Science Center", "city": "Round Rock", "state": "Texas", "type": "Cultural Hub"}, "geometry": {"type": "Point", "coordinates": [-97.7109, 30.5249]}}, {"type": "Feature", "properties": {"name": "Round Rock Convention Center", "city": "Round Rock", "state": "Texas", "type": "Cultural Hub"}, "geometry": {"type": "Point", "coordinates": [-97.69, 30.5313]}}, {"type": "Feature", "properties": {"name": "Round Rock Performing Arts Center", "city": "Round Rock", "state": "Texas", "type": "Cultural Hub"}, "geometry": {"type": "Point", "coordinates": [-97.7075, 30.5304]}}, {"type": "Feature", "properties": {"name": "Clearwater Museum District", "city": "Clearwater", "state": "Florida", "type": "Cultural Hub"}, "geometry": {"type": "Point", "coordinates": [-82.8015, 27.9374]}}, {"type": "Feature", "properties": {"name": "Clearwater Convention Center", "city": "Clearwater", "state": "Florida", "type": "Cultural Hub"}, "geometry": {"type": "Point", "coordinates": [-82.7564, 28.0052]}}, {"type": "Feature", "properties": {"name": "Clearwater Entertainment District", "city": "Clearwater", "state": "Florida", "type": "Cultural Hub"}, "geometry": {"type": "Point", "coordinates": [-82.8441, 27.9851]}}, {"type": "Feature", "properties": {"name": "Clearwater Performing Arts Center", "city": "Clearwater", "state": "Florida", "type": "Cultural Hub"}, "geometry": {"type": "Point", "coordinates": [-82.8534, 27.9414]}}, {"type": "Feature", "properties": {"name": "Waterbury Heritage Museum", "city": "Waterbury", "state": "Connecticut", "type": "Cultural Hub"}, "geometry": {"type": "Point", "coordinates": [-73.0166, 41.5701]}}, {"type": "Feature", "properties": {"name": "Waterbury Museum District", "city": "Waterbury", "state": "Connecticut", "type": "Cultural Hub"}, "geometry": {"type": "Point", "coordinates": [-73.0857, 41.5548]}}, {"type": "Feature", "properties": {"name": "Waterbury Theater District", "city": "Waterbury", "state": "Connecticut", "type": "Cultural Hub"}, "geometry": {"type": "Point", "coordinates": [-73.0078, 41.5702]}}, {"type": "Feature", "properties": {"name": "Waterbury Library Arts Center", "city": "Waterbury", "state": "Connecticut", "type": "Cultural Hub"}, "geometry": {"type": "Point", "coordinates": [-73.0276, 41.5456]}}, {"type": "Feature", "properties": {"name": "Gresham Science Center", "city": "Gresham", "state": "Oregon", "type": "Cultural Hub"}, "geometry": {"type": "Point", "coordinates": [-122.4842, 45.4928]}}, {"type": "Feature", "properties": {"name": "Gresham Gallery District", "city": "Gresham", "state": "Oregon", "type": "Cultural Hub"}, "geometry": {"type": "Point", "coordinates": [-122.419, 45.5109]}}, {"type": "Feature", "properties": {"name": "Gresham Entertainment District", "city": "Gresham", "state": "Oregon", "type": "Cultural Hub"}, "geometry": {"type": "Point", "coordinates": [-122.3768, 45.5023]}}, {"type": "Feature", "properties": {"name": "Gresham Arts District", "city": "Gresham", "state": "Oregon", "type": "Cultural Hub"}, "geometry": {"type": "Point", "coordinates": [-122.4134, 45.4813]}}, {"type": "Feature", "properties": {"name": "Fairfield Performing Arts Center", "city": "Fairfield", "state": "California", "type": "Cultural Hub"}, "geometry": {"type": "Point", "coordinates": [-122.0603, 38.2751]}}, {"type": "Feature", "properties": {"name": "Fairfield Cultural Center", "city": "Fairfield", "state": "California", "type": "Cultural Hub"}, "geometry": {"type": "Point", "coordinates": [-122.0401, 38.2279]}}, {"type": "Feature", "properties": {"name": "Fairfield Performing Arts Center", "city": "Fairfield", "state": "California", "type": "Cultural Hub"}, "geometry": {"type": "Point", "coordinates": [-122.0198, 38.2519]}}, {"type": "Feature", "properties": {"name": "Fairfield Arts District", "city": "Fairfield", "state": "California", "type": "Cultural Hub"}, "geometry": {"type": "Point", "coordinates": [-122.0833, 38.2321]}}, {"type": "Feature", "properties": {"name": "Billings History Museum", "city": "Billings", "state": "Montana", "type": "Cultural Hub"}, "geometry": {"type": "Point", "coordinates": [-108.4986, 45.7521]}}, {"type": "Feature", "properties": {"name": "Billings Cultural Arts Campus", "city": "Billings", "state": "Montana", "type": "Cultural Hub"}, "geometry": {"type": "Point", "coordinates": [-108.4581, 45.8162]}}, {"type": "Feature", "properties": {"name": "Lowell Film Arts Center", "city": "Lowell", "state": "Massachusetts", "type": "Cultural Hub"}, "geometry": {"type": "Point", "coordinates": [-71.2628, 42.651]}}, {"type": "Feature", "properties": {"name": "Lowell Performing Arts Center", "city": "Lowell", "state": "Massachusetts", "type": "Cultural Hub"}, "geometry": {"type": "Point", "coordinates": [-71.305, 42.6412]}}, {"type": "Feature", "properties": {"name": "Lowell Museum District", "city": "Lowell", "state": "Massachusetts", "type": "Cultural Hub"}, "geometry": {"type": "Point", "coordinates": [-71.3492, 42.6]}}, {"type": "Feature", "properties": {"name": "San Buenaventura (Ventura) Cultural Center", "city": "San Buenaventura (Ventura)", "state": "California", "type": "Cultural Hub"}, "geometry": {"type": "Point", "coordinates": [-119.2225, 34.2818]}}, {"type": "Feature", "properties": {"name": "San Buenaventura (Ventura) Symphony Hall", "city": "San Buenaventura (Ventura)", "state": "California", "type": "Cultural Hub"}, "geometry": {"type": "Point", "coordinates": [-119.255, 34.2951]}}, {"type": "Feature", "properties": {"name": "San Buenaventura (Ventura) History Museum", "city": "San Buenaventura (Ventura)", "state": "California", "type": "Cultural Hub"}, "geometry": {"type": "Point", "coordinates": [-119.1744, 34.3051]}}, {"type": "Feature", "properties": {"name": "Pueblo Heritage Museum", "city": "Pueblo", "state": "Colorado", "type": "Cultural Hub"}, "geometry": {"type": "Point", "coordinates": [-104.6053, 38.2382]}}, {"type": "Feature", "properties": {"name": "Pueblo Heritage Museum", "city": "Pueblo", "state": "Colorado", "type": "Cultural Hub"}, "geometry": {"type": "Point", "coordinates": [-104.6419, 38.2934]}}, {"type": "Feature", "properties": {"name": "High Point Cultural Center", "city": "High Point", "state": "North Carolina", "type": "Cultural Hub"}, "geometry": {"type": "Point", "coordinates": [-80.0353, 35.9348]}}, {"type": "Feature", "properties": {"name": "High Point Heritage Museum", "city": "High Point", "state": "North Carolina", "type": "Cultural Hub"}, "geometry": {"type": "Point", "coordinates": [-80.017, 35.9344]}}, {"type": "Feature", "properties": {"name": "High Point Library Arts Center", "city": "High Point", "state": "North Carolina", "type": "Cultural Hub"}, "geometry": {"type": "Point", "coordinates": [-80.0203, 35.9953]}}, {"type": "Feature", "properties": {"name": "West Covina Theater District", "city": "West Covina", "state": "California", "type": "Cultural Hub"}, "geometry": {"type": "Point", "coordinates": [-117.8854, 34.0964]}}, {"type": "Feature", "properties": {"name": "West Covina Entertainment District", "city": "West Covina", "state": "California", "type": "Cultural Hub"}, "geometry": {"type": "Point", "coordinates": [-117.8872, 34.0383]}}, {"type": "Feature", "properties": {"name": "West Covina Convention Center", "city": "West Covina", "state": "California", "type": "Cultural Hub"}, "geometry": {"type": "Point", "coordinates": [-117.9208, 34.0529]}}, {"type": "Feature", "properties": {"name": "West Covina History Museum", "city": "West Covina", "state": "California", "type": "Cultural Hub"}, "geometry": {"type": "Point", "coordinates": [-117.9223, 34.0433]}}, {"type": "Feature", "properties": {"name": "Richmond Theater District", "city": "Richmond", "state": "California", "type": "Cultural Hub"}, "geometry": {"type": "Point", "coordinates": [-122.3746, 37.9712]}}, {"type": "Feature", "properties": {"name": "Richmond Civic Theater", "city": "Richmond", "state": "California", "type": "Cultural Hub"}, "geometry": {"type": "Point", "coordinates": [-122.3343, 37.9043]}}, {"type": "Feature", "properties": {"name": "Richmond Entertainment District", "city": "Richmond", "state": "California", "type": "Cultural Hub"}, "geometry": {"type": "Point", "coordinates": [-122.3544, 37.8961]}}, {"type": "Feature", "properties": {"name": "Richmond Performing Arts Center", "city": "Richmond", "state": "California", "type": "Cultural Hub"}, "geometry": {"type": "Point", "coordinates": [-122.339, 37.9312]}}, {"type": "Feature", "properties": {"name": "Murrieta Performing Arts Center", "city": "Murrieta", "state": "California", "type": "Cultural Hub"}, "geometry": {"type": "Point", "coordinates": [-117.2295, 33.5419]}}, {"type": "Feature", "properties": {"name": "Murrieta History Museum", "city": "Murrieta", "state": "California", "type": "Cultural Hub"}, "geometry": {"type": "Point", "coordinates": [-117.2698, 33.5296]}}, {"type": "Feature", "properties": {"name": "Cambridge Theater District", "city": "Cambridge", "state": "Massachusetts", "type": "Cultural Hub"}, "geometry": {"type": "Point", "coordinates": [-71.0686, 42.4085]}}, {"type": "Feature", "properties": {"name": "Cambridge Convention Center", "city": "Cambridge", "state": "Massachusetts", "type": "Cultural Hub"}, "geometry": {"type": "Point", "coordinates": [-71.1417, 42.3863]}}, {"type": "Feature", "properties": {"name": "Antioch Film Arts Center", "city": "Antioch", "state": "California", "type": "Cultural Hub"}, "geometry": {"type": "Point", "coordinates": [-121.8472, 37.9933]}}, {"type": "Feature", "properties": {"name": "Antioch Performing Arts Center", "city": "Antioch", "state": "California", "type": "Cultural Hub"}, "geometry": {"type": "Point", "coordinates": [-121.8042, 38.0072]}}, {"type": "Feature", "properties": {"name": "Antioch Symphony Hall", "city": "Antioch", "state": "California", "type": "Cultural Hub"}, "geometry": {"type": "Point", "coordinates": [-121.8281, 38.0244]}}, {"type": "Feature", "properties": {"name": "Antioch Arts District", "city": "Antioch", "state": "California", "type": "Cultural Hub"}, "geometry": {"type": "Point", "coordinates": [-121.8424, 38.0339]}}, {"type": "Feature", "properties": {"name": "Temecula Symphony Hall", "city": "Temecula", "state": "California", "type": "Cultural Hub"}, "geometry": {"type": "Point", "coordinates": [-117.14, 33.458]}}, {"type": "Feature", "properties": {"name": "Temecula Film Arts Center", "city": "Temecula", "state": "California", "type": "Cultural Hub"}, "geometry": {"type": "Point", "coordinates": [-117.1671, 33.5262]}}, {"type": "Feature", "properties": {"name": "Temecula Theater District", "city": "Temecula", "state": "California", "type": "Cultural Hub"}, "geometry": {"type": "Point", "coordinates": [-117.1956, 33.5068]}}, {"type": "Feature", "properties": {"name": "Temecula Science Center", "city": "Temecula", "state": "California", "type": "Cultural Hub"}, "geometry": {"type": "Point", "coordinates": [-117.1091, 33.4707]}}, {"type": "Feature", "properties": {"name": "Norwalk Symphony Hall", "city": "Norwalk", "state": "California", "type": "Cultural Hub"}, "geometry": {"type": "Point", "coordinates": [-118.1219, 33.9177]}}, {"type": "Feature", "properties": {"name": "Norwalk Library Arts Center", "city": "Norwalk", "state": "California", "type": "Cultural Hub"}, "geometry": {"type": "Point", "coordinates": [-118.0966, 33.941]}}, {"type": "Feature", "properties": {"name": "Norwalk Civic Theater", "city": "Norwalk", "state": "California", "type": "Cultural Hub"}, "geometry": {"type": "Point", "coordinates": [-118.1116, 33.875]}}, {"type": "Feature", "properties": {"name": "Centennial Performing Arts Center", "city": "Centennial", "state": "Colorado", "type": "Cultural Hub"}, "geometry": {"type": "Point", "coordinates": [-104.8936, 39.5424]}}, {"type": "Feature", "properties": {"name": "Centennial Entertainment District", "city": "Centennial", "state": "Colorado", "type": "Cultural Hub"}, "geometry": {"type": "Point", "coordinates": [-104.8417, 39.5834]}}, {"type": "Feature", "properties": {"name": "Centennial Gallery District", "city": "Centennial", "state": "Colorado", "type": "Cultural Hub"}, "geometry": {"type": "Point", "coordinates": [-104.8635, 39.6038]}}, {"type": "Feature", "properties": {"name": "Everett Library Arts Center", "city": "Everett", "state": "Washington", "type": "Cultural Hub"}, "geometry": {"type": "Point", "coordinates": [-122.2043, 47.9693]}}, {"type": "Feature", "properties": {"name": "Everett Convention Center", "city": "Everett", "state": "Washington", "type": "Cultural Hub"}, "geometry": {"type": "Point", "coordinates": [-122.2205, 47.9581]}}, {"type": "Feature", "properties": {"name": "Wichita Falls Performing Arts Center", "city": "Wichita Falls", "state": "Texas", "type": "Cultural Hub"}, "geometry": {"type": "Point", "coordinates": [-98.5349, 33.9163]}}, {"type": "Feature", "properties": {"name": "Wichita Falls Science Center", "city": "Wichita Falls", "state": "Texas", "type": "Cultural Hub"}, "geometry": {"type": "Point", "coordinates": [-98.4725, 33.9203]}}, {"type": "Feature", "properties": {"name": "Wichita Falls Civic Theater", "city": "Wichita Falls", "state": "Texas", "type": "Cultural Hub"}, "geometry": {"type": "Point", "coordinates": [-98.4845, 33.9412]}}, {"type": "Feature", "properties": {"name": "Palm Bay Entertainment District", "city": "Palm Bay", "state": "Florida", "type": "Cultural Hub"}, "geometry": {"type": "Point", "coordinates": [-80.5916, 28.0484]}}, {"type": "Feature", "properties": {"name": "Palm Bay Convention Center", "city": "Palm Bay", "state": "Florida", "type": "Cultural Hub"}, "geometry": {"type": "Point", "coordinates": [-80.593, 28.0681]}}, {"type": "Feature", "properties": {"name": "Palm Bay Opera House", "city": "Palm Bay", "state": "Florida", "type": "Cultural Hub"}, "geometry": {"type": "Point", "coordinates": [-80.5977, 28.0674]}}, {"type": "Feature", "properties": {"name": "Green Bay Opera House", "city": "Green Bay", "state": "Wisconsin", "type": "Cultural Hub"}, "geometry": {"type": "Point", "coordinates": [-87.9666, 44.535]}}, {"type": "Feature", "properties": {"name": "Green Bay History Museum", "city": "Green Bay", "state": "Wisconsin", "type": "Cultural Hub"}, "geometry": {"type": "Point", "coordinates": [-87.988, 44.5425]}}, {"type": "Feature", "properties": {"name": "Green Bay Art Museum", "city": "Green Bay", "state": "Wisconsin", "type": "Cultural Hub"}, "geometry": {"type": "Point", "coordinates": [-88.0084, 44.4969]}}, {"type": "Feature", "properties": {"name": "Daly City Civic Theater", "city": "Daly City", "state": "California", "type": "Cultural Hub"}, "geometry": {"type": "Point", "coordinates": [-122.4424, 37.7239]}}, {"type": "Feature", "properties": {"name": "Daly City Science Center", "city": "Daly City", "state": "California", "type": "Cultural Hub"}, "geometry": {"type": "Point", "coordinates": [-122.5173, 37.6993]}}, {"type": "Feature", "properties": {"name": "Burbank Convention Center", "city": "Burbank", "state": "California", "type": "Cultural Hub"}, "geometry": {"type": "Point", "coordinates": [-118.299, 34.1639]}}, {"type": "Feature", "properties": {"name": "Burbank Civic Theater", "city": "Burbank", "state": "California", "type": "Cultural Hub"}, "geometry": {"type": "Point", "coordinates": [-118.2692, 34.143]}}, {"type": "Feature", "properties": {"name": "Burbank Heritage Museum", "city": "Burbank", "state": "California", "type": "Cultural Hub"}, "geometry": {"type": "Point", "coordinates": [-118.2784, 34.19]}}, {"type": "Feature", "properties": {"name": "Richardson Cultural Arts Campus", "city": "Richardson", "state": "Texas", "type": "Cultural Hub"}, "geometry": {"type": "Point", "coordinates": [-96.7327, 32.9871]}}, {"type": "Feature", "properties": {"name": "Richardson Heritage Museum", "city": "Richardson", "state": "Texas", "type": "Cultural Hub"}, "geometry": {"type": "Point", "coordinates": [-96.6983, 32.9874]}}, {"type": "Feature", "properties": {"name": "Richardson Civic Theater", "city": "Richardson", "state": "Texas", "type": "Cultural Hub"}, "geometry": {"type": "Point", "coordinates": [-96.704, 32.9243]}}, {"type": "Feature", "properties": {"name": "Pompano Beach Gallery District", "city": "Pompano Beach", "state": "Florida", "type": "Cultural Hub"}, "geometry": {"type": "Point", "coordinates": [-80.1116, 26.2227]}}, {"type": "Feature", "properties": {"name": "Pompano Beach Theater District", "city": "Pompano Beach", "state": "Florida", "type": "Cultural Hub"}, "geometry": {"type": "Point", "coordinates": [-80.0832, 26.2007]}}, {"type": "Feature", "properties": {"name": "North Charleston Arts District", "city": "North Charleston", "state": "South Carolina", "type": "Cultural Hub"}, "geometry": {"type": "Point", "coordinates": [-79.959, 32.8202]}}, {"type": "Feature", "properties": {"name": "North Charleston Entertainment District", "city": "North Charleston", "state": "South Carolina", "type": "Cultural Hub"}, "geometry": {"type": "Point", "coordinates": [-79.9373, 32.8863]}}, {"type": "Feature", "properties": {"name": "Broken Arrow Performing Arts Center", "city": "Broken Arrow", "state": "Oklahoma", "type": "Cultural Hub"}, "geometry": {"type": "Point", "coordinates": [-95.7912, 36.0656]}}, {"type": "Feature", "properties": {"name": "Broken Arrow Convention Center", "city": "Broken Arrow", "state": "Oklahoma", "type": "Cultural Hub"}, "geometry": {"type": "Point", "coordinates": [-95.7476, 36.0864]}}, {"type": "Feature", "properties": {"name": "Boulder Theater District", "city": "Boulder", "state": "Colorado", "type": "Cultural Hub"}, "geometry": {"type": "Point", "coordinates": [-105.268, 40.0341]}}, {"type": "Feature", "properties": {"name": "Boulder Performing Arts Center", "city": "Boulder", "state": "Colorado", "type": "Cultural Hub"}, "geometry": {"type": "Point", "coordinates": [-105.2382, 40.0466]}}, {"type": "Feature", "properties": {"name": "Boulder Library Arts Center", "city": "Boulder", "state": "Colorado", "type": "Cultural Hub"}, "geometry": {"type": "Point", "coordinates": [-105.3103, 39.9849]}}, {"type": "Feature", "properties": {"name": "West Palm Beach Heritage Museum", "city": "West Palm Beach", "state": "Florida", "type": "Cultural Hub"}, "geometry": {"type": "Point", "coordinates": [-80.0592, 26.7092]}}, {"type": "Feature", "properties": {"name": "West Palm Beach Performing Arts Center", "city": "West Palm Beach", "state": "Florida", "type": "Cultural Hub"}, "geometry": {"type": "Point", "coordinates": [-80.0666, 26.7463]}}, {"type": "Feature", "properties": {"name": "West Palm Beach Cultural Arts Campus", "city": "West Palm Beach", "state": "Florida", "type": "Cultural Hub"}, "geometry": {"type": "Point", "coordinates": [-80.0503, 26.7112]}}, {"type": "Feature", "properties": {"name": "West Palm Beach Heritage Museum", "city": "West Palm Beach", "state": "Florida", "type": "Cultural Hub"}, "geometry": {"type": "Point", "coordinates": [-80.0339, 26.7053]}}, {"type": "Feature", "properties": {"name": "Santa Maria Entertainment District", "city": "Santa Maria", "state": "California", "type": "Cultural Hub"}, "geometry": {"type": "Point", "coordinates": [-120.3988, 34.9521]}}, {"type": "Feature", "properties": {"name": "Santa Maria Entertainment District", "city": "Santa Maria", "state": "California", "type": "Cultural Hub"}, "geometry": {"type": "Point", "coordinates": [-120.4174, 34.9537]}}, {"type": "Feature", "properties": {"name": "Santa Maria History Museum", "city": "Santa Maria", "state": "California", "type": "Cultural Hub"}, "geometry": {"type": "Point", "coordinates": [-120.4292, 34.9822]}}, {"type": "Feature", "properties": {"name": "Santa Maria Cultural Arts Campus", "city": "Santa Maria", "state": "California", "type": "Cultural Hub"}, "geometry": {"type": "Point", "coordinates": [-120.4625, 34.9678]}}, {"type": "Feature", "properties": {"name": "El Cajon Theater District", "city": "El Cajon", "state": "California", "type": "Cultural Hub"}, "geometry": {"type": "Point", "coordinates": [-116.99, 32.822]}}, {"type": "Feature", "properties": {"name": "El Cajon Civic Theater", "city": "El Cajon", "state": "California", "type": "Cultural Hub"}, "geometry": {"type": "Point", "coordinates": [-116.943, 32.7637]}}, {"type": "Feature", "properties": {"name": "Davenport Civic Theater", "city": "Davenport", "state": "Iowa", "type": "Cultural Hub"}, "geometry": {"type": "Point", "coordinates": [-90.5305, 41.5268]}}, {"type": "Feature", "properties": {"name": "Davenport Symphony Hall", "city": "Davenport", "state": "Iowa", "type": "Cultural Hub"}, "geometry": {"type": "Point", "coordinates": [-90.5834, 41.4992]}}, {"type": "Feature", "properties": {"name": "Davenport Cultural Arts Campus", "city": "Davenport", "state": "Iowa", "type": "Cultural Hub"}, "geometry": {"type": "Point", "coordinates": [-90.5695, 41.5276]}}, {"type": "Feature", "properties": {"name": "Rialto Cultural Arts Campus", "city": "Rialto", "state": "California", "type": "Cultural Hub"}, "geometry": {"type": "Point", "coordinates": [-117.4005, 34.0812]}}, {"type": "Feature", "properties": {"name": "Rialto Opera House", "city": "Rialto", "state": "California", "type": "Cultural Hub"}, "geometry": {"type": "Point", "coordinates": [-117.425, 34.1384]}}, {"type": "Feature", "properties": {"name": "Rialto Cultural Arts Campus", "city": "Rialto", "state": "California", "type": "Cultural Hub"}, "geometry": {"type": "Point", "coordinates": [-117.3931, 34.0973]}}, {"type": "Feature", "properties": {"name": "Rialto Arts District", "city": "Rialto", "state": "California", "type": "Cultural Hub"}, "geometry": {"type": "Point", "coordinates": [-117.3258, 34.1179]}}, {"type": "Feature", "properties": {"name": "Las Cruces Gallery District", "city": "Las Cruces", "state": "New Mexico", "type": "Cultural Hub"}, "geometry": {"type": "Point", "coordinates": [-106.7434, 32.3453]}}, {"type": "Feature", "properties": {"name": "Las Cruces Performing Arts Center", "city": "Las Cruces", "state": "New Mexico", "type": "Cultural Hub"}, "geometry": {"type": "Point", "coordinates": [-106.7429, 32.3287]}}, {"type": "Feature", "properties": {"name": "Las Cruces Film Arts Center", "city": "Las Cruces", "state": "New Mexico", "type": "Cultural Hub"}, "geometry": {"type": "Point", "coordinates": [-106.7211, 32.3406]}}, {"type": "Feature", "properties": {"name": "San Mateo Museum District", "city": "San Mateo", "state": "California", "type": "Cultural Hub"}, "geometry": {"type": "Point", "coordinates": [-122.3216, 37.537]}}, {"type": "Feature", "properties": {"name": "San Mateo Science Center", "city": "San Mateo", "state": "California", "type": "Cultural Hub"}, "geometry": {"type": "Point", "coordinates": [-122.2763, 37.5345]}}, {"type": "Feature", "properties": {"name": "Lewisville Library Arts Center", "city": "Lewisville", "state": "Texas", "type": "Cultural Hub"}, "geometry": {"type": "Point", "coordinates": [-96.9843, 33.0427]}}, {"type": "Feature", "properties": {"name": "Lewisville Gallery District", "city": "Lewisville", "state": "Texas", "type": "Cultural Hub"}, "geometry": {"type": "Point", "coordinates": [-97.0126, 33.0185]}}, {"type": "Feature", "properties": {"name": "South Bend Cultural Center", "city": "South Bend", "state": "Indiana", "type": "Cultural Hub"}, "geometry": {"type": "Point", "coordinates": [-86.2835, 41.6947]}}, {"type": "Feature", "properties": {"name": "South Bend Opera House", "city": "South Bend", "state": "Indiana", "type": "Cultural Hub"}, "geometry": {"type": "Point", "coordinates": [-86.2146, 41.6714]}}, {"type": "Feature", "properties": {"name": "South Bend Library Arts Center", "city": "South Bend", "state": "Indiana", "type": "Cultural Hub"}, "geometry": {"type": "Point", "coordinates": [-86.2557, 41.6812]}}, {"type": "Feature", "properties": {"name": "South Bend Museum District", "city": "South Bend", "state": "Indiana", "type": "Cultural Hub"}, "geometry": {"type": "Point", "coordinates": [-86.2376, 41.663]}}, {"type": "Feature", "properties": {"name": "Lakeland Theater District", "city": "Lakeland", "state": "Florida", "type": "Cultural Hub"}, "geometry": {"type": "Point", "coordinates": [-81.9865, 28.0426]}}, {"type": "Feature", "properties": {"name": "Lakeland Library Arts Center", "city": "Lakeland", "state": "Florida", "type": "Cultural Hub"}, "geometry": {"type": "Point", "coordinates": [-81.9421, 28.0318]}}, {"type": "Feature", "properties": {"name": "Lakeland History Museum", "city": "Lakeland", "state": "Florida", "type": "Cultural Hub"}, "geometry": {"type": "Point", "coordinates": [-81.9255, 28.0388]}}, {"type": "Feature", "properties": {"name": "Erie Convention Center", "city": "Erie", "state": "Pennsylvania", "type": "Cultural Hub"}, "geometry": {"type": "Point", "coordinates": [-80.0936, 42.0915]}}, {"type": "Feature", "properties": {"name": "Erie Art Museum", "city": "Erie", "state": "Pennsylvania", "type": "Cultural Hub"}, "geometry": {"type": "Point", "coordinates": [-80.0639, 42.1104]}}, {"type": "Feature", "properties": {"name": "Erie Art Museum", "city": "Erie", "state": "Pennsylvania", "type": "Cultural Hub"}, "geometry": {"type": "Point", "coordinates": [-80.0792, 42.1058]}}, {"type": "Feature", "properties": {"name": "Erie Film Arts Center", "city": "Erie", "state": "Pennsylvania", "type": "Cultural Hub"}, "geometry": {"type": "Point", "coordinates": [-80.0426, 42.1252]}}, {"type": "Feature", "properties": {"name": "Tyler Theater District", "city": "Tyler", "state": "Texas", "type": "Cultural Hub"}, "geometry": {"type": "Point", "coordinates": [-95.3133, 32.3511]}}, {"type": "Feature", "properties": {"name": "Tyler Gallery District", "city": "Tyler", "state": "Texas", "type": "Cultural Hub"}, "geometry": {"type": "Point", "coordinates": [-95.263, 32.3182]}}, {"type": "Feature", "properties": {"name": "Tyler Heritage Museum", "city": "Tyler", "state": "Texas", "type": "Cultural Hub"}, "geometry": {"type": "Point", "coordinates": [-95.2786, 32.3308]}}, {"type": "Feature", "properties": {"name": "Pearland Civic Theater", "city": "Pearland", "state": "Texas", "type": "Cultural Hub"}, "geometry": {"type": "Point", "coordinates": [-95.2811, 29.5443]}}, {"type": "Feature", "properties": {"name": "Pearland Arts District", "city": "Pearland", "state": "Texas", "type": "Cultural Hub"}, "geometry": {"type": "Point", "coordinates": [-95.2844, 29.5451]}}, {"type": "Feature", "properties": {"name": "College Station Heritage Museum", "city": "College Station", "state": "Texas", "type": "Cultural Hub"}, "geometry": {"type": "Point", "coordinates": [-96.3634, 30.6266]}}, {"type": "Feature", "properties": {"name": "College Station Theater District", "city": "College Station", "state": "Texas", "type": "Cultural Hub"}, "geometry": {"type": "Point", "coordinates": [-96.3777, 30.6144]}}, {"type": "Feature", "properties": {"name": "College Station Civic Theater", "city": "College Station", "state": "Texas", "type": "Cultural Hub"}, "geometry": {"type": "Point", "coordinates": [-96.3097, 30.6571]}}, {"type": "Feature", "properties": {"name": "Kenosha History Museum", "city": "Kenosha", "state": "Wisconsin", "type": "Cultural Hub"}, "geometry": {"type": "Point", "coordinates": [-87.7685, 42.5991]}}, {"type": "Feature", "properties": {"name": "Sandy Springs Heritage Museum", "city": "Sandy Springs", "state": "Georgia", "type": "Cultural Hub"}, "geometry": {"type": "Point", "coordinates": [-84.3993, 33.9062]}}, {"type": "Feature", "properties": {"name": "Clovis Opera House", "city": "Clovis", "state": "California", "type": "Cultural Hub"}, "geometry": {"type": "Point", "coordinates": [-119.7387, 36.7946]}}, {"type": "Feature", "properties": {"name": "Clovis Symphony Hall", "city": "Clovis", "state": "California", "type": "Cultural Hub"}, "geometry": {"type": "Point", "coordinates": [-119.7449, 36.8476]}}, {"type": "Feature", "properties": {"name": "Flint Film Arts Center", "city": "Flint", "state": "Michigan", "type": "Cultural Hub"}, "geometry": {"type": "Point", "coordinates": [-83.74, 43.0491]}}, {"type": "Feature", "properties": {"name": "Flint Art Museum", "city": "Flint", "state": "Michigan", "type": "Cultural Hub"}, "geometry": {"type": "Point", "coordinates": [-83.6553, 43.031]}}, {"type": "Feature", "properties": {"name": "Roanoke Film Arts Center", "city": "Roanoke", "state": "Virginia", "type": "Cultural Hub"}, "geometry": {"type": "Point", "coordinates": [-79.9863, 37.3107]}}, {"type": "Feature", "properties": {"name": "Albany Performing Arts Center", "city": "Albany", "state": "New York", "type": "Cultural Hub"}, "geometry": {"type": "Point", "coordinates": [-73.7734, 42.6321]}}, {"type": "Feature", "properties": {"name": "Jurupa Valley Film Arts Center", "city": "Jurupa Valley", "state": "California", "type": "Cultural Hub"}, "geometry": {"type": "Point", "coordinates": [-117.4676, 33.9954]}}, {"type": "Feature", "properties": {"name": "Compton Convention Center", "city": "Compton", "state": "California", "type": "Cultural Hub"}, "geometry": {"type": "Point", "coordinates": [-118.2196, 33.8803]}}, {"type": "Feature", "properties": {"name": "San Angelo Cultural Center", "city": "San Angelo", "state": "Texas", "type": "Cultural Hub"}, "geometry": {"type": "Point", "coordinates": [-100.4427, 31.4324]}}, {"type": "Feature", "properties": {"name": "Hillsboro Convention Center", "city": "Hillsboro", "state": "Oregon", "type": "Cultural Hub"}, "geometry": {"type": "Point", "coordinates": [-122.9963, 45.4947]}}, {"type": "Feature", "properties": {"name": "Hillsboro Art Museum", "city": "Hillsboro", "state": "Oregon", "type": "Cultural Hub"}, "geometry": {"type": "Point", "coordinates": [-122.9571, 45.5346]}}, {"type": "Feature", "properties": {"name": "Lawton Museum District", "city": "Lawton", "state": "Oklahoma", "type": "Cultural Hub"}, "geometry": {"type": "Point", "coordinates": [-98.4184, 34.583]}}, {"type": "Feature", "properties": {"name": "Lawton Museum District", "city": "Lawton", "state": "Oklahoma", "type": "Cultural Hub"}, "geometry": {"type": "Point", "coordinates": [-98.4441, 34.5722]}}, {"type": "Feature", "properties": {"name": "Renton Theater District", "city": "Renton", "state": "Washington", "type": "Cultural Hub"}, "geometry": {"type": "Point", "coordinates": [-122.2607, 47.4616]}}, {"type": "Feature", "properties": {"name": "Renton Civic Theater", "city": "Renton", "state": "Washington", "type": "Cultural Hub"}, "geometry": {"type": "Point", "coordinates": [-122.1723, 47.5023]}}, {"type": "Feature", "properties": {"name": "Vista Heritage Museum", "city": "Vista", "state": "California", "type": "Cultural Hub"}, "geometry": {"type": "Point", "coordinates": [-117.2589, 33.1658]}}, {"type": "Feature", "properties": {"name": "Vista Museum District", "city": "Vista", "state": "California", "type": "Cultural Hub"}, "geometry": {"type": "Point", "coordinates": [-117.1977, 33.1902]}}, {"type": "Feature", "properties": {"name": "Davie Arts District", "city": "Davie", "state": "Florida", "type": "Cultural Hub"}, "geometry": {"type": "Point", "coordinates": [-80.2466, 26.0894]}}, {"type": "Feature", "properties": {"name": "Davie Symphony Hall", "city": "Davie", "state": "Florida", "type": "Cultural Hub"}, "geometry": {"type": "Point", "coordinates": [-80.2049, 26.1085]}}, {"type": "Feature", "properties": {"name": "Greeley Gallery District", "city": "Greeley", "state": "Colorado", "type": "Cultural Hub"}, "geometry": {"type": "Point", "coordinates": [-104.7232, 40.4344]}}, {"type": "Feature", "properties": {"name": "Greeley Cultural Center", "city": "Greeley", "state": "Colorado", "type": "Cultural Hub"}, "geometry": {"type": "Point", "coordinates": [-104.7433, 40.4094]}}, {"type": "Feature", "properties": {"name": "Mission Viejo Performing Arts Center", "city": "Mission Viejo", "state": "California", "type": "Cultural Hub"}, "geometry": {"type": "Point", "coordinates": [-117.7253, 33.5772]}}, {"type": "Feature", "properties": {"name": "Mission Viejo Entertainment District", "city": "Mission Viejo", "state": "California", "type": "Cultural Hub"}, "geometry": {"type": "Point", "coordinates": [-117.7, 33.636]}}, {"type": "Feature", "properties": {"name": "Portsmouth Gallery District", "city": "Portsmouth", "state": "Virginia", "type": "Cultural Hub"}, "geometry": {"type": "Point", "coordinates": [-76.2882, 36.8267]}}, {"type": "Feature", "properties": {"name": "Portsmouth Library Arts Center", "city": "Portsmouth", "state": "Virginia", "type": "Cultural Hub"}, "geometry": {"type": "Point", "coordinates": [-76.2801, 36.8467]}}, {"type": "Feature", "properties": {"name": "Dearborn Theater District", "city": "Dearborn", "state": "Michigan", "type": "Cultural Hub"}, "geometry": {"type": "Point", "coordinates": [-83.2027, 42.326]}}, {"type": "Feature", "properties": {"name": "Dearborn Civic Theater", "city": "Dearborn", "state": "Michigan", "type": "Cultural Hub"}, "geometry": {"type": "Point", "coordinates": [-83.2217, 42.321]}}, {"type": "Feature", "properties": {"name": "South Gate Science Center", "city": "South Gate", "state": "California", "type": "Cultural Hub"}, "geometry": {"type": "Point", "coordinates": [-118.2035, 33.9374]}}, {"type": "Feature", "properties": {"name": "Tuscaloosa Science Center", "city": "Tuscaloosa", "state": "Alabama", "type": "Cultural Hub"}, "geometry": {"type": "Point", "coordinates": [-87.5485, 33.2302]}}, {"type": "Feature", "properties": {"name": "Livonia Cultural Arts Campus", "city": "Livonia", "state": "Michigan", "type": "Cultural Hub"}, "geometry": {"type": "Point", "coordinates": [-83.3868, 42.3323]}}, {"type": "Feature", "properties": {"name": "New Bedford Civic Theater", "city": "New Bedford", "state": "Massachusetts", "type": "Cultural Hub"}, "geometry": {"type": "Point", "coordinates": [-70.8837, 41.6543]}}, {"type": "Feature", "properties": {"name": "Vacaville History Museum", "city": "Vacaville", "state": "California", "type": "Cultural Hub"}, "geometry": {"type": "Point", "coordinates": [-122.0405, 38.3491]}}, {"type": "Feature", "properties": {"name": "Vacaville Cultural Center", "city": "Vacaville", "state": "California", "type": "Cultural Hub"}, "geometry": {"type": "Point", "coordinates": [-122.0114, 38.3274]}}, {"type": "Feature", "properties": {"name": "Brockton Art Museum", "city": "Brockton", "state": "Massachusetts", "type": "Cultural Hub"}, "geometry": {"type": "Point", "coordinates": [-70.9937, 42.113]}}, {"type": "Feature", "properties": {"name": "Roswell Arts District", "city": "Roswell", "state": "Georgia", "type": "Cultural Hub"}, "geometry": {"type": "Point", "coordinates": [-84.3237, 33.9882]}}, {"type": "Feature", "properties": {"name": "Roswell Gallery District", "city": "Roswell", "state": "Georgia", "type": "Cultural Hub"}, "geometry": {"type": "Point", "coordinates": [-84.3127, 34.057]}}, {"type": "Feature", "properties": {"name": "Beaverton Cultural Center", "city": "Beaverton", "state": "Oregon", "type": "Cultural Hub"}, "geometry": {"type": "Point", "coordinates": [-122.7582, 45.525]}}, {"type": "Feature", "properties": {"name": "Quincy Symphony Hall", "city": "Quincy", "state": "Massachusetts", "type": "Cultural Hub"}, "geometry": {"type": "Point", "coordinates": [-71.0202, 42.2633]}}, {"type": "Feature", "properties": {"name": "Quincy Symphony Hall", "city": "Quincy", "state": "Massachusetts", "type": "Cultural Hub"}, "geometry": {"type": "Point", "coordinates": [-71.028, 42.2171]}}, {"type": "Feature", "properties": {"name": "Sparks Entertainment District", "city": "Sparks", "state": "Nevada", "type": "Cultural Hub"}, "geometry": {"type": "Point", "coordinates": [-119.7951, 39.5]}}, {"type": "Feature", "properties": {"name": "Yakima Museum District", "city": "Yakima", "state": "Washington", "type": "Cultural Hub"}, "geometry": {"type": "Point", "coordinates": [-120.4608, 46.6287]}}, {"type": "Feature", "properties": {"name": "Lee's Summit History Museum", "city": "Lee's Summit", "state": "Missouri", "type": "Cultural Hub"}, "geometry": {"type": "Point", "coordinates": [-94.3521, 38.9008]}}, {"type": "Feature", "properties": {"name": "Federal Way Science Center", "city": "Federal Way", "state": "Washington", "type": "Cultural Hub"}, "geometry": {"type": "Point", "coordinates": [-122.3672, 47.3267]}}, {"type": "Feature", "properties": {"name": "Carson Arts District", "city": "Carson", "state": "California", "type": "Cultural Hub"}, "geometry": {"type": "Point", "coordinates": [-118.3256, 33.7944]}}, {"type": "Feature", "properties": {"name": "Carson Entertainment District", "city": "Carson", "state": "California", "type": "Cultural Hub"}, "geometry": {"type": "Point", "coordinates": [-118.2953, 33.8272]}}, {"type": "Feature", "properties": {"name": "Santa Monica Cultural Center", "city": "Santa Monica", "state": "California", "type": "Cultural Hub"}, "geometry": {"type": "Point", "coordinates": [-118.4509, 34.0115]}}, {"type": "Feature", "properties": {"name": "Hesperia Symphony Hall", "city": "Hesperia", "state": "California", "type": "Cultural Hub"}, "geometry": {"type": "Point", "coordinates": [-117.2483, 34.4658]}}, {"type": "Feature", "properties": {"name": "Hesperia Art Museum", "city": "Hesperia", "state": "California", "type": "Cultural Hub"}, "geometry": {"type": "Point", "coordinates": [-117.2689, 34.4517]}}, {"type": "Feature", "properties": {"name": "Allen Performing Arts Center", "city": "Allen", "state": "Texas", "type": "Cultural Hub"}, "geometry": {"type": "Point", "coordinates": [-96.7179, 33.1157]}}, {"type": "Feature", "properties": {"name": "Rio Rancho Performing Arts Center", "city": "Rio Rancho", "state": "New Mexico", "type": "Cultural Hub"}, "geometry": {"type": "Point", "coordinates": [-106.6707, 35.2281]}}, {"type": "Feature", "properties": {"name": "Yuma Cultural Arts Campus", "city": "Yuma", "state": "Arizona", "type": "Cultural Hub"}, "geometry": {"type": "Point", "coordinates": [-114.6677, 32.7311]}}, {"type": "Feature", "properties": {"name": "Yuma Entertainment District", "city": "Yuma", "state": "Arizona", "type": "Cultural Hub"}, "geometry": {"type": "Point", "coordinates": [-114.5825, 32.6612]}}, {"type": "Feature", "properties": {"name": "Westminster Symphony Hall", "city": "Westminster", "state": "California", "type": "Cultural Hub"}, "geometry": {"type": "Point", "coordinates": [-118.0041, 33.7154]}}, {"type": "Feature", "properties": {"name": "Orem Library Arts Center", "city": "Orem", "state": "Utah", "type": "Cultural Hub"}, "geometry": {"type": "Point", "coordinates": [-111.686, 40.2821]}}, {"type": "Feature", "properties": {"name": "Lynn Opera House", "city": "Lynn", "state": "Massachusetts", "type": "Cultural Hub"}, "geometry": {"type": "Point", "coordinates": [-70.9994, 42.4773]}}, {"type": "Feature", "properties": {"name": "Redding Convention Center", "city": "Redding", "state": "California", "type": "Cultural Hub"}, "geometry": {"type": "Point", "coordinates": [-122.4472, 40.6196]}}, {"type": "Feature", "properties": {"name": "Spokane Valley Cultural Arts Campus", "city": "Spokane Valley", "state": "Washington", "type": "Cultural Hub"}, "geometry": {"type": "Point", "coordinates": [-117.2769, 47.6636]}}, {"type": "Feature", "properties": {"name": "Miami Beach Film Arts Center", "city": "Miami Beach", "state": "Florida", "type": "Cultural Hub"}, "geometry": {"type": "Point", "coordinates": [-80.1348, 25.7782]}}, {"type": "Feature", "properties": {"name": "Miami Beach Performing Arts Center", "city": "Miami Beach", "state": "Florida", "type": "Cultural Hub"}, "geometry": {"type": "Point", "coordinates": [-80.1677, 25.7838]}}, {"type": "Feature", "properties": {"name": "League City Gallery District", "city": "League City", "state": "Texas", "type": "Cultural Hub"}, "geometry": {"type": "Point", "coordinates": [-95.1195, 29.4944]}}, {"type": "Feature", "properties": {"name": "League City History Museum", "city": "League City", "state": "Texas", "type": "Cultural Hub"}, "geometry": {"type": "Point", "coordinates": [-95.0722, 29.4829]}}, {"type": "Feature", "properties": {"name": "Lawrence Gallery District", "city": "Lawrence", "state": "Kansas", "type": "Cultural Hub"}, "geometry": {"type": "Point", "coordinates": [-95.2129, 38.9813]}}, {"type": "Feature", "properties": {"name": "Lawrence Museum District", "city": "Lawrence", "state": "Kansas", "type": "Cultural Hub"}, "geometry": {"type": "Point", "coordinates": [-95.2115, 38.9686]}}, {"type": "Feature", "properties": {"name": "Santa Barbara Film Arts Center", "city": "Santa Barbara", "state": "California", "type": "Cultural Hub"}, "geometry": {"type": "Point", "coordinates": [-119.7169, 34.4031]}}, {"type": "Feature", "properties": {"name": "Plantation Film Arts Center", "city": "Plantation", "state": "Florida", "type": "Cultural Hub"}, "geometry": {"type": "Point", "coordinates": [-80.2196, 26.1391]}}, {"type": "Feature", "properties": {"name": "Sandy Theater District", "city": "Sandy", "state": "Utah", "type": "Cultural Hub"}, "geometry": {"type": "Point", "coordinates": [-111.7911, 40.5831]}}, {"type": "Feature", "properties": {"name": "Sunrise Cultural Center", "city": "Sunrise", "state": "Florida", "type": "Cultural Hub"}, "geometry": {"type": "Point", "coordinates": [-80.2282, 26.1516]}}, {"type": "Feature", "properties": {"name": "Macon Convention Center", "city": "Macon", "state": "Georgia", "type": "Cultural Hub"}, "geometry": {"type": "Point", "coordinates": [-83.611, 32.8051]}}, {"type": "Feature", "properties": {"name": "Macon Civic Theater", "city": "Macon", "state": "Georgia", "type": "Cultural Hub"}, "geometry": {"type": "Point", "coordinates": [-83.6043, 32.8539]}}, {"type": "Feature", "properties": {"name": "Longmont Cultural Center", "city": "Longmont", "state": "Colorado", "type": "Cultural Hub"}, "geometry": {"type": "Point", "coordinates": [-105.1349, 40.1314]}}, {"type": "Feature", "properties": {"name": "Boca Raton Science Center", "city": "Boca Raton", "state": "Florida", "type": "Cultural Hub"}, "geometry": {"type": "Point", "coordinates": [-80.1569, 26.3784]}}, {"type": "Feature", "properties": {"name": "San Marcos Film Arts Center", "city": "San Marcos", "state": "California", "type": "Cultural Hub"}, "geometry": {"type": "Point", "coordinates": [-117.1813, 33.1351]}}, {"type": "Feature", "properties": {"name": "Greenville Art Museum", "city": "Greenville", "state": "North Carolina", "type": "Cultural Hub"}, "geometry": {"type": "Point", "coordinates": [-77.3395, 35.6196]}}, {"type": "Feature", "properties": {"name": "Waukegan Art Museum", "city": "Waukegan", "state": "Illinois", "type": "Cultural Hub"}, "geometry": {"type": "Point", "coordinates": [-87.893, 42.3442]}}, {"type": "Feature", "properties": {"name": "Fall River Opera House", "city": "Fall River", "state": "Massachusetts", "type": "Cultural Hub"}, "geometry": {"type": "Point", "coordinates": [-71.0993, 41.7384]}}, {"type": "Feature", "properties": {"name": "Chico Science Center", "city": "Chico", "state": "California", "type": "Cultural Hub"}, "geometry": {"type": "Point", "coordinates": [-121.7859, 39.7672]}}, {"type": "Feature", "properties": {"name": "Newton Heritage Museum", "city": "Newton", "state": "Massachusetts", "type": "Cultural Hub"}, "geometry": {"type": "Point", "coordinates": [-71.2076, 42.3692]}}, {"type": "Feature", "properties": {"name": "San Leandro Civic Theater", "city": "San Leandro", "state": "California", "type": "Cultural Hub"}, "geometry": {"type": "Point", "coordinates": [-122.2013, 37.7633]}}, {"type": "Feature", "properties": {"name": "Reading Film Arts Center", "city": "Reading", "state": "Pennsylvania", "type": "Cultural Hub"}, "geometry": {"type": "Point", "coordinates": [-75.9424, 40.3129]}}, {"type": "Feature", "properties": {"name": "Norwalk Library Arts Center", "city": "Norwalk", "state": "Connecticut", "type": "Cultural Hub"}, "geometry": {"type": "Point", "coordinates": [-73.4637, 41.0959]}}, {"type": "Feature", "properties": {"name": "Norwalk Symphony Hall", "city": "Norwalk", "state": "Connecticut", "type": "Cultural Hub"}, "geometry": {"type": "Point", "coordinates": [-73.4012, 41.1181]}}, {"type": "Feature", "properties": {"name": "Fort Smith Film Arts Center", "city": "Fort Smith", "state": "Arkansas", "type": "Cultural Hub"}, "geometry": {"type": "Point", "coordinates": [-94.3434, 35.3725]}}, {"type": "Feature", "properties": {"name": "Newport Beach History Museum", "city": "Newport Beach", "state": "California", "type": "Cultural Hub"}, "geometry": {"type": "Point", "coordinates": [-117.8821, 33.6118]}}, {"type": "Feature", "properties": {"name": "Newport Beach Opera House", "city": "Newport Beach", "state": "California", "type": "Cultural Hub"}, "geometry": {"type": "Point", "coordinates": [-117.9589, 33.6151]}}, {"type": "Feature", "properties": {"name": "Asheville Symphony Hall", "city": "Asheville", "state": "North Carolina", "type": "Cultural Hub"}, "geometry": {"type": "Point", "coordinates": [-82.5896, 35.5749]}}, {"type": "Feature", "properties": {"name": "Asheville Library Arts Center", "city": "Asheville", "state": "North Carolina", "type": "Cultural Hub"}, "geometry": {"type": "Point", "coordinates": [-82.5729, 35.5679]}}, {"type": "Feature", "properties": {"name": "Nashua Cultural Center", "city": "Nashua", "state": "New Hampshire", "type": "Cultural Hub"}, "geometry": {"type": "Point", "coordinates": [-71.4558, 42.738]}}, {"type": "Feature", "properties": {"name": "Edmond Gallery District", "city": "Edmond", "state": "Oklahoma", "type": "Cultural Hub"}, "geometry": {"type": "Point", "coordinates": [-97.435, 35.6591]}}, {"type": "Feature", "properties": {"name": "Whittier Cultural Center", "city": "Whittier", "state": "California", "type": "Cultural Hub"}, "geometry": {"type": "Point", "coordinates": [-118.0139, 34.0045]}}, {"type": "Feature", "properties": {"name": "Whittier Science Center", "city": "Whittier", "state": "California", "type": "Cultural Hub"}, "geometry": {"type": "Point", "coordinates": [-118.0728, 34.0162]}}, {"type": "Feature", "properties": {"name": "Nampa Arts District", "city": "Nampa", "state": "Idaho", "type": "Cultural Hub"}, "geometry": {"type": "Point", "coordinates": [-116.5829, 43.5768]}}, {"type": "Feature", "properties": {"name": "Bloomington Art Museum", "city": "Bloomington", "state": "Minnesota", "type": "Cultural Hub"}, "geometry": {"type": "Point", "coordinates": [-93.2531, 44.839]}}, {"type": "Feature", "properties": {"name": "Deltona Arts District", "city": "Deltona", "state": "Florida", "type": "Cultural Hub"}, "geometry": {"type": "Point", "coordinates": [-81.2956, 28.8999]}}, {"type": "Feature", "properties": {"name": "Deltona Cultural Center", "city": "Deltona", "state": "Florida", "type": "Cultural Hub"}, "geometry": {"type": "Point", "coordinates": [-81.2176, 28.8777]}}, {"type": "Feature", "properties": {"name": "Hawthorne Cultural Arts Campus", "city": "Hawthorne", "state": "California", "type": "Cultural Hub"}, "geometry": {"type": "Point", "coordinates": [-118.3748, 33.9349]}}, {"type": "Feature", "properties": {"name": "Hawthorne History Museum", "city": "Hawthorne", "state": "California", "type": "Cultural Hub"}, "geometry": {"type": "Point", "coordinates": [-118.3051, 33.8873]}}, {"type": "Feature", "properties": {"name": "Duluth Entertainment District", "city": "Duluth", "state": "Minnesota", "type": "Cultural Hub"}, "geometry": {"type": "Point", "coordinates": [-92.1138, 46.7647]}}, {"type": "Feature", "properties": {"name": "Carmel Opera House", "city": "Carmel", "state": "Indiana", "type": "Cultural Hub"}, "geometry": {"type": "Point", "coordinates": [-86.1169, 39.9834]}}, {"type": "Feature", "properties": {"name": "Carmel Arts District", "city": "Carmel", "state": "Indiana", "type": "Cultural Hub"}, "geometry": {"type": "Point", "coordinates": [-86.1395, 39.9451]}}, {"type": "Feature", "properties": {"name": "Suffolk Museum District", "city": "Suffolk", "state": "Virginia", "type": "Cultural Hub"}, "geometry": {"type": "Point", "coordinates": [-76.5925, 36.6911]}}, {"type": "Feature", "properties": {"name": "Clifton Library Arts Center", "city": "Clifton", "state": "New Jersey", "type": "Cultural Hub"}, "geometry": {"type": "Point", "coordinates": [-74.1148, 40.8713]}}, {"type": "Feature", "properties": {"name": "Citrus Heights Civic Theater", "city": "Citrus Heights", "state": "California", "type": "Cultural Hub"}, "geometry": {"type": "Point", "coordinates": [-121.3036, 38.7158]}}, {"type": "Feature", "properties": {"name": "Livermore Convention Center", "city": "Livermore", "state": "California", "type": "Cultural Hub"}, "geometry": {"type": "Point", "coordinates": [-121.7674, 37.6804]}}, {"type": "Feature", "properties": {"name": "Livermore Science Center", "city": "Livermore", "state": "California", "type": "Cultural Hub"}, "geometry": {"type": "Point", "coordinates": [-121.7442, 37.6521]}}, {"type": "Feature", "properties": {"name": "Tracy Art Museum", "city": "Tracy", "state": "California", "type": "Cultural Hub"}, "geometry": {"type": "Point", "coordinates": [-121.3713, 37.7796]}}, {"type": "Feature", "properties": {"name": "Tracy Cultural Center", "city": "Tracy", "state": "California", "type": "Cultural Hub"}, "geometry": {"type": "Point", "coordinates": [-121.4659, 37.7104]}}, {"type": "Feature", "properties": {"name": "Alhambra Performing Arts Center", "city": "Alhambra", "state": "California", "type": "Cultural Hub"}, "geometry": {"type": "Point", "coordinates": [-118.155, 34.1149]}}, {"type": "Feature", "properties": {"name": "Alhambra Performing Arts Center", "city": "Alhambra", "state": "California", "type": "Cultural Hub"}, "geometry": {"type": "Point", "coordinates": [-118.1667, 34.0587]}}, {"type": "Feature", "properties": {"name": "Kirkland Performing Arts Center", "city": "Kirkland", "state": "Washington", "type": "Cultural Hub"}, "geometry": {"type": "Point", "coordinates": [-122.1851, 47.7094]}}, {"type": "Feature", "properties": {"name": "Kirkland Convention Center", "city": "Kirkland", "state": "Washington", "type": "Cultural Hub"}, "geometry": {"type": "Point", "coordinates": [-122.2256, 47.718]}}, {"type": "Feature", "properties": {"name": "Trenton Convention Center", "city": "Trenton", "state": "New Jersey", "type": "Cultural Hub"}, "geometry": {"type": "Point", "coordinates": [-74.695, 40.2523]}}, {"type": "Feature", "properties": {"name": "Trenton Cultural Center", "city": "Trenton", "state": "New Jersey", "type": "Cultural Hub"}, "geometry": {"type": "Point", "coordinates": [-74.7765, 40.1921]}}, {"type": "Feature", "properties": {"name": "Ogden Performing Arts Center", "city": "Ogden", "state": "Utah", "type": "Cultural Hub"}, "geometry": {"type": "Point", "coordinates": [-112.0108, 41.2253]}}, {"type": "Feature", "properties": {"name": "Ogden Theater District", "city": "Ogden", "state": "Utah", "type": "Cultural Hub"}, "geometry": {"type": "Point", "coordinates": [-112.0187, 41.2346]}}, {"type": "Feature", "properties": {"name": "Hoover History Museum", "city": "Hoover", "state": "Alabama", "type": "Cultural Hub"}, "geometry": {"type": "Point", "coordinates": [-86.8389, 33.4009]}}, {"type": "Feature", "properties": {"name": "Cicero Arts District", "city": "Cicero", "state": "Illinois", "type": "Cultural Hub"}, "geometry": {"type": "Point", "coordinates": [-87.7064, 41.8501]}}, {"type": "Feature", "properties": {"name": "Cicero Gallery District", "city": "Cicero", "state": "Illinois", "type": "Cultural Hub"}, "geometry": {"type": "Point", "coordinates": [-87.7121, 41.8069]}}, {"type": "Feature", "properties": {"name": "Fishers Entertainment District", "city": "Fishers", "state": "Indiana", "type": "Cultural Hub"}, "geometry": {"type": "Point", "coordinates": [-85.9881, 39.9933]}}, {"type": "Feature", "properties": {"name": "Sugar Land Cultural Arts Campus", "city": "Sugar Land", "state": "Texas", "type": "Cultural Hub"}, "geometry": {"type": "Point", "coordinates": [-95.6093, 29.5898]}}, {"type": "Feature", "properties": {"name": "Sugar Land Symphony Hall", "city": "Sugar Land", "state": "Texas", "type": "Cultural Hub"}, "geometry": {"type": "Point", "coordinates": [-95.6707, 29.6525]}}, {"type": "Feature", "properties": {"name": "Danbury Performing Arts Center", "city": "Danbury", "state": "Connecticut", "type": "Cultural Hub"}, "geometry": {"type": "Point", "coordinates": [-73.5026, 41.4025]}}, {"type": "Feature", "properties": {"name": "Meridian Science Center", "city": "Meridian", "state": "Idaho", "type": "Cultural Hub"}, "geometry": {"type": "Point", "coordinates": [-116.3737, 43.5877]}}, {"type": "Feature", "properties": {"name": "Meridian Civic Theater", "city": "Meridian", "state": "Idaho", "type": "Cultural Hub"}, "geometry": {"type": "Point", "coordinates": [-116.4008, 43.5849]}}, {"type": "Feature", "properties": {"name": "Indio Film Arts Center", "city": "Indio", "state": "California", "type": "Cultural Hub"}, "geometry": {"type": "Point", "coordinates": [-116.2346, 33.6875]}}, {"type": "Feature", "properties": {"name": "Concord Science Center", "city": "Concord", "state": "North Carolina", "type": "Cultural Hub"}, "geometry": {"type": "Point", "coordinates": [-80.6098, 35.4]}}, {"type": "Feature", "properties": {"name": "Concord Heritage Museum", "city": "Concord", "state": "North Carolina", "type": "Cultural Hub"}, "geometry": {"type": "Point", "coordinates": [-80.5914, 35.419]}}, {"type": "Feature", "properties": {"name": "Menifee Civic Theater", "city": "Menifee", "state": "California", "type": "Cultural Hub"}, "geometry": {"type": "Point", "coordinates": [-117.2328, 33.668]}}, {"type": "Feature", "properties": {"name": "Champaign Gallery District", "city": "Champaign", "state": "Illinois", "type": "Cultural Hub"}, "geometry": {"type": "Point", "coordinates": [-88.2369, 40.1451]}}, {"type": "Feature", "properties": {"name": "Buena Park Film Arts Center", "city": "Buena Park", "state": "California", "type": "Cultural Hub"}, "geometry": {"type": "Point", "coordinates": [-118.0533, 33.8483]}}, {"type": "Feature", "properties": {"name": "Buena Park Cultural Arts Campus", "city": "Buena Park", "state": "California", "type": "Cultural Hub"}, "geometry": {"type": "Point", "coordinates": [-118.0145, 33.9042]}}, {"type": "Feature", "properties": {"name": "Troy Arts District", "city": "Troy", "state": "Michigan", "type": "Cultural Hub"}, "geometry": {"type": "Point", "coordinates": [-83.163, 42.6464]}}, {"type": "Feature", "properties": {"name": "O'Fallon Arts District", "city": "O'Fallon", "state": "Missouri", "type": "Cultural Hub"}, "geometry": {"type": "Point", "coordinates": [-90.732, 38.8393]}}, {"type": "Feature", "properties": {"name": "O'Fallon Science Center", "city": "O'Fallon", "state": "Missouri", "type": "Cultural Hub"}, "geometry": {"type": "Point", "coordinates": [-90.6987, 38.823]}}, {"type": "Feature", "properties": {"name": "Johns Creek Convention Center", "city": "Johns Creek", "state": "Georgia", "type": "Cultural Hub"}, "geometry": {"type": "Point", "coordinates": [-84.2033, 34.0119]}}, {"type": "Feature", "properties": {"name": "Johns Creek Civic Theater", "city": "Johns Creek", "state": "Georgia", "type": "Cultural Hub"}, "geometry": {"type": "Point", "coordinates": [-84.1805, 34.0259]}}, {"type": "Feature", "properties": {"name": "Bellingham Civic Theater", "city": "Bellingham", "state": "Washington", "type": "Cultural Hub"}, "geometry": {"type": "Point", "coordinates": [-122.5068, 48.7645]}}, {"type": "Feature", "properties": {"name": "Westland Library Arts Center", "city": "Westland", "state": "Michigan", "type": "Cultural Hub"}, "geometry": {"type": "Point", "coordinates": [-83.3727, 42.3612]}}, {"type": "Feature", "properties": {"name": "Westland Art Museum", "city": "Westland", "state": "Michigan", "type": "Cultural Hub"}, "geometry": {"type": "Point", "coordinates": [-83.3482, 42.3101]}}, {"type": "Feature", "properties": {"name": "Bloomington Art Museum", "city": "Bloomington", "state": "Indiana", "type": "Cultural Hub"}, "geometry": {"type": "Point", "coordinates": [-86.5433, 39.1598]}}, {"type": "Feature", "properties": {"name": "Bloomington Gallery District", "city": "Bloomington", "state": "Indiana", "type": "Cultural Hub"}, "geometry": {"type": "Point", "coordinates": [-86.5031, 39.145]}}, {"type": "Feature", "properties": {"name": "Sioux City Entertainment District", "city": "Sioux City", "state": "Iowa", "type": "Cultural Hub"}, "geometry": {"type": "Point", "coordinates": [-96.383, 42.4759]}}, {"type": "Feature", "properties": {"name": "Warwick Cultural Arts Campus", "city": "Warwick", "state": "Rhode Island", "type": "Cultural Hub"}, "geometry": {"type": "Point", "coordinates": [-71.4277, 41.7174]}}, {"type": "Feature", "properties": {"name": "Warwick Theater District", "city": "Warwick", "state": "Rhode Island", "type": "Cultural Hub"}, "geometry": {"type": "Point", "coordinates": [-71.4111, 41.706]}}, {"type": "Feature", "properties": {"name": "Hemet Entertainment District", "city": "Hemet", "state": "California", "type": "Cultural Hub"}, "geometry": {"type": "Point", "coordinates": [-116.9922, 33.7456]}}, {"type": "Feature", "properties": {"name": "Longview Entertainment District", "city": "Longview", "state": "Texas", "type": "Cultural Hub"}, "geometry": {"type": "Point", "coordinates": [-94.7826, 32.4663]}}, {"type": "Feature", "properties": {"name": "Farmington Hills Cultural Arts Campus", "city": "Farmington Hills", "state": "Michigan", "type": "Cultural Hub"}, "geometry": {"type": "Point", "coordinates": [-83.3228, 42.4807]}}, {"type": "Feature", "properties": {"name": "Farmington Hills Convention Center", "city": "Farmington Hills", "state": "Michigan", "type": "Cultural Hub"}, "geometry": {"type": "Point", "coordinates": [-83.3353, 42.4652]}}, {"type": "Feature", "properties": {"name": "Bend Cultural Arts Campus", "city": "Bend", "state": "Oregon", "type": "Cultural Hub"}, "geometry": {"type": "Point", "coordinates": [-121.2602, 44.0908]}}, {"type": "Feature", "properties": {"name": "Bend Science Center", "city": "Bend", "state": "Oregon", "type": "Cultural Hub"}, "geometry": {"type": "Point", "coordinates": [-121.3491, 44.0279]}}, {"type": "Feature", "properties": {"name": "Lakewood Convention Center", "city": "Lakewood", "state": "California", "type": "Cultural Hub"}, "geometry": {"type": "Point", "coordinates": [-118.144, 33.8644]}}, {"type": "Feature", "properties": {"name": "Merced Civic Theater", "city": "Merced", "state": "California", "type": "Cultural Hub"}, "geometry": {"type": "Point", "coordinates": [-120.4681, 37.2682]}}, {"type": "Feature", "properties": {"name": "Merced Art Museum", "city": "Merced", "state": "California", "type": "Cultural Hub"}, "geometry": {"type": "Point", "coordinates": [-120.5334, 37.3109]}}, {"type": "Feature", "properties": {"name": "Mission Library Arts Center", "city": "Mission", "state": "Texas", "type": "Cultural Hub"}, "geometry": {"type": "Point", "coordinates": [-98.3642, 26.2289]}}, {"type": "Feature", "properties": {"name": "Chino Convention Center", "city": "Chino", "state": "California", "type": "Cultural Hub"}, "geometry": {"type": "Point", "coordinates": [-117.7368, 33.9941]}}, {"type": "Feature", "properties": {"name": "Chino Civic Theater", "city": "Chino", "state": "California", "type": "Cultural Hub"}, "geometry": {"type": "Point", "coordinates": [-117.7082, 34.0513]}}, {"type": "Feature", "properties": {"name": "Redwood City Film Arts Center", "city": "Redwood City", "state": "California", "type": "Cultural Hub"}, "geometry": {"type": "Point", "coordinates": [-122.2016, 37.4706]}}, {"type": "Feature", "properties": {"name": "Edinburg Film Arts Center", "city": "Edinburg", "state": "Texas", "type": "Cultural Hub"}, "geometry": {"type": "Point", "coordinates": [-98.1586, 26.2809]}}, {"type": "Feature", "properties": {"name": "Edinburg Heritage Museum", "city": "Edinburg", "state": "Texas", "type": "Cultural Hub"}, "geometry": {"type": "Point", "coordinates": [-98.183, 26.2702]}}, {"type": "Feature", "properties": {"name": "Cranston Heritage Museum", "city": "Cranston", "state": "Rhode Island", "type": "Cultural Hub"}, "geometry": {"type": "Point", "coordinates": [-71.4347, 41.7744]}}, {"type": "Feature", "properties": {"name": "Cranston Symphony Hall", "city": "Cranston", "state": "Rhode Island", "type": "Cultural Hub"}, "geometry": {"type": "Point", "coordinates": [-71.4928, 41.7905]}}, {"type": "Feature", "properties": {"name": "Parma Convention Center", "city": "Parma", "state": "Ohio", "type": "Cultural Hub"}, "geometry": {"type": "Point", "coordinates": [-81.7469, 41.4189]}}, {"type": "Feature", "properties": {"name": "New Rochelle Art Museum", "city": "New Rochelle", "state": "New York", "type": "Cultural Hub"}, "geometry": {"type": "Point", "coordinates": [-73.7925, 40.9253]}}, {"type": "Feature", "properties": {"name": "New Rochelle Museum District", "city": "New Rochelle", "state": "New York", "type": "Cultural Hub"}, "geometry": {"type": "Point", "coordinates": [-73.792, 40.9267]}}, {"type": "Feature", "properties": {"name": "Lake Forest Convention Center", "city": "Lake Forest", "state": "California", "type": "Cultural Hub"}, "geometry": {"type": "Point", "coordinates": [-117.6794, 33.6646]}}, {"type": "Feature", "properties": {"name": "Lake Forest Entertainment District", "city": "Lake Forest", "state": "California", "type": "Cultural Hub"}, "geometry": {"type": "Point", "coordinates": [-117.7152, 33.6168]}}, {"type": "Feature", "properties": {"name": "Napa Symphony Hall", "city": "Napa", "state": "California", "type": "Cultural Hub"}, "geometry": {"type": "Point", "coordinates": [-122.2922, 38.2974]}}, {"type": "Feature", "properties": {"name": "Napa Film Arts Center", "city": "Napa", "state": "California", "type": "Cultural Hub"}, "geometry": {"type": "Point", "coordinates": [-122.2996, 38.2687]}}, {"type": "Feature", "properties": {"name": "Hammond Film Arts Center", "city": "Hammond", "state": "Indiana", "type": "Cultural Hub"}, "geometry": {"type": "Point", "coordinates": [-87.4739, 41.5887]}}, {"type": "Feature", "properties": {"name": "Hammond Convention Center", "city": "Hammond", "state": "Indiana", "type": "Cultural Hub"}, "geometry": {"type": "Point", "coordinates": [-87.5392, 41.5842]}}, {"type": "Feature", "properties": {"name": "Fayetteville Symphony Hall", "city": "Fayetteville", "state": "Arkansas", "type": "Cultural Hub"}, "geometry": {"type": "Point", "coordinates": [-94.1526, 36.0825]}}, {"type": "Feature", "properties": {"name": "Bloomington Convention Center", "city": "Bloomington", "state": "Illinois", "type": "Cultural Hub"}, "geometry": {"type": "Point", "coordinates": [-89.0195, 40.4557]}}, {"type": "Feature", "properties": {"name": "Bloomington Film Arts Center", "city": "Bloomington", "state": "Illinois", "type": "Cultural Hub"}, "geometry": {"type": "Point", "coordinates": [-89.0408, 40.5122]}}, {"type": "Feature", "properties": {"name": "Avondale Convention Center", "city": "Avondale", "state": "Arizona", "type": "Cultural Hub"}, "geometry": {"type": "Point", "coordinates": [-112.3276, 33.4398]}}, {"type": "Feature", "properties": {"name": "Somerville Gallery District", "city": "Somerville", "state": "Massachusetts", "type": "Cultural Hub"}, "geometry": {"type": "Point", "coordinates": [-71.1271, 42.3934]}}, {"type": "Feature", "properties": {"name": "Somerville Art Museum", "city": "Somerville", "state": "Massachusetts", "type": "Cultural Hub"}, "geometry": {"type": "Point", "coordinates": [-71.0495, 42.3748]}}, {"type": "Feature", "properties": {"name": "Palm Coast Arts District", "city": "Palm Coast", "state": "Florida", "type": "Cultural Hub"}, "geometry": {"type": "Point", "coordinates": [-81.2603, 29.6206]}}, {"type": "Feature", "properties": {"name": "Bryan Entertainment District", "city": "Bryan", "state": "Texas", "type": "Cultural Hub"}, "geometry": {"type": "Point", "coordinates": [-96.4084, 30.6999]}}, {"type": "Feature", "properties": {"name": "Bryan Museum District", "city": "Bryan", "state": "Texas", "type": "Cultural Hub"}, "geometry": {"type": "Point", "coordinates": [-96.314, 30.6584]}}, {"type": "Feature", "properties": {"name": "Gary Performing Arts Center", "city": "Gary", "state": "Indiana", "type": "Cultural Hub"}, "geometry": {"type": "Point", "coordinates": [-87.3261, 41.6315]}}, {"type": "Feature", "properties": {"name": "Gary Symphony Hall", "city": "Gary", "state": "Indiana", "type": "Cultural Hub"}, "geometry": {"type": "Point", "coordinates": [-87.2978, 41.5775]}}, {"type": "Feature", "properties": {"name": "Largo Library Arts Center", "city": "Largo", "state": "Florida", "type": "Cultural Hub"}, "geometry": {"type": "Point", "coordinates": [-82.8118, 27.9267]}}, {"type": "Feature", "properties": {"name": "Brooklyn Park Film Arts Center", "city": "Brooklyn Park", "state": "Minnesota", "type": "Cultural Hub"}, "geometry": {"type": "Point", "coordinates": [-93.4026, 45.1042]}}, {"type": "Feature", "properties": {"name": "Tustin Entertainment District", "city": "Tustin", "state": "California", "type": "Cultural Hub"}, "geometry": {"type": "Point", "coordinates": [-117.7828, 33.7655]}}, {"type": "Feature", "properties": {"name": "Racine Art Museum", "city": "Racine", "state": "Wisconsin", "type": "Cultural Hub"}, "geometry": {"type": "Point", "coordinates": [-87.8022, 42.7531]}}, {"type": "Feature", "properties": {"name": "Racine Entertainment District", "city": "Racine", "state": "Wisconsin", "type": "Cultural Hub"}, "geometry": {"type": "Point", "coordinates": [-87.804, 42.7345]}}, {"type": "Feature", "properties": {"name": "Deerfield Beach Convention Center", "city": "Deerfield Beach", "state": "Florida", "type": "Cultural Hub"}, "geometry": {"type": "Point", "coordinates": [-80.0831, 26.2879]}}, {"type": "Feature", "properties": {"name": "Lynchburg History Museum", "city": "Lynchburg", "state": "Virginia", "type": "Cultural Hub"}, "geometry": {"type": "Point", "coordinates": [-79.1436, 37.4524]}}, {"type": "Feature", "properties": {"name": "Mountain View Performing Arts Center", "city": "Mountain View", "state": "California", "type": "Cultural Hub"}, "geometry": {"type": "Point", "coordinates": [-122.0958, 37.3715]}}, {"type": "Feature", "properties": {"name": "Mountain View Art Museum", "city": "Mountain View", "state": "California", "type": "Cultural Hub"}, "geometry": {"type": "Point", "coordinates": [-122.1025, 37.3668]}}, {"type": "Feature", "properties": {"name": "Medford Convention Center", "city": "Medford", "state": "Oregon", "type": "Cultural Hub"}, "geometry": {"type": "Point", "coordinates": [-122.8454, 42.2906]}}, {"type": "Feature", "properties": {"name": "Medford Library Arts Center", "city": "Medford", "state": "Oregon", "type": "Cultural Hub"}, "geometry": {"type": "Point", "coordinates": [-122.8664, 42.3323]}}, {"type": "Feature", "properties": {"name": "Lawrence Art Museum", "city": "Lawrence", "state": "Massachusetts", "type": "Cultural Hub"}, "geometry": {"type": "Point", "coordinates": [-71.1832, 42.6941]}}, {"type": "Feature", "properties": {"name": "Bellflower Entertainment District", "city": "Bellflower", "state": "California", "type": "Cultural Hub"}, "geometry": {"type": "Point", "coordinates": [-118.1177, 33.8815]}}, {"type": "Feature", "properties": {"name": "Melbourne Science Center", "city": "Melbourne", "state": "Florida", "type": "Cultural Hub"}, "geometry": {"type": "Point", "coordinates": [-80.5981, 28.0786]}}, {"type": "Feature", "properties": {"name": "St. Joseph Symphony Hall", "city": "St. Joseph", "state": "Missouri", "type": "Cultural Hub"}, "geometry": {"type": "Point", "coordinates": [-94.864, 39.7724]}}, {"type": "Feature", "properties": {"name": "St. Joseph History Museum", "city": "St. Joseph", "state": "Missouri", "type": "Cultural Hub"}, "geometry": {"type": "Point", "coordinates": [-94.8552, 39.7605]}}, {"type": "Feature", "properties": {"name": "Camden Opera House", "city": "Camden", "state": "New Jersey", "type": "Cultural Hub"}, "geometry": {"type": "Point", "coordinates": [-75.0887, 39.9272]}}, {"type": "Feature", "properties": {"name": "Camden Opera House", "city": "Camden", "state": "New Jersey", "type": "Cultural Hub"}, "geometry": {"type": "Point", "coordinates": [-75.1169, 39.9546]}}, {"type": "Feature", "properties": {"name": "St. George Heritage Museum", "city": "St. George", "state": "Utah", "type": "Cultural Hub"}, "geometry": {"type": "Point", "coordinates": [-113.5618, 37.1054]}}, {"type": "Feature", "properties": {"name": "Kennewick Science Center", "city": "Kennewick", "state": "Washington", "type": "Cultural Hub"}, "geometry": {"type": "Point", "coordinates": [-119.1328, 46.1776]}}, {"type": "Feature", "properties": {"name": "Kennewick Cultural Arts Campus", "city": "Kennewick", "state": "Washington", "type": "Cultural Hub"}, "geometry": {"type": "Point", "coordinates": [-119.1663, 46.2063]}}, {"type": "Feature", "properties": {"name": "Baldwin Park Cultural Center", "city": "Baldwin Park", "state": "California", "type": "Cultural Hub"}, "geometry": {"type": "Point", "coordinates": [-117.9273, 34.1179]}}, {"type": "Feature", "properties": {"name": "Baldwin Park Library Arts Center", "city": "Baldwin Park", "state": "California", "type": "Cultural Hub"}, "geometry": {"type": "Point", "coordinates": [-117.9362, 34.1073]}}, {"type": "Feature", "properties": {"name": "Chino Hills Theater District", "city": "Chino Hills", "state": "California", "type": "Cultural Hub"}, "geometry": {"type": "Point", "coordinates": [-117.7309, 34.0086]}}, {"type": "Feature", "properties": {"name": "Chino Hills Library Arts Center", "city": "Chino Hills", "state": "California", "type": "Cultural Hub"}, "geometry": {"type": "Point", "coordinates": [-117.7404, 33.9895]}}, {"type": "Feature", "properties": {"name": "Alameda Heritage Museum", "city": "Alameda", "state": "California", "type": "Cultural Hub"}, "geometry": {"type": "Point", "coordinates": [-122.2525, 37.7522]}}, {"type": "Feature", "properties": {"name": "Alameda Symphony Hall", "city": "Alameda", "state": "California", "type": "Cultural Hub"}, "geometry": {"type": "Point", "coordinates": [-122.2712, 37.791]}}, {"type": "Feature", "properties": {"name": "Albany Civic Theater", "city": "Albany", "state": "Georgia", "type": "Cultural Hub"}, "geometry": {"type": "Point", "coordinates": [-84.1705, 31.5502]}}, {"type": "Feature", "properties": {"name": "Arlington Heights Theater District", "city": "Arlington Heights", "state": "Illinois", "type": "Cultural Hub"}, "geometry": {"type": "Point", "coordinates": [-87.9729, 42.1255]}}, {"type": "Feature", "properties": {"name": "Scranton Opera House", "city": "Scranton", "state": "Pennsylvania", "type": "Cultural Hub"}, "geometry": {"type": "Point", "coordinates": [-75.6679, 41.3694]}}, {"type": "Feature", "properties": {"name": "Scranton Civic Theater", "city": "Scranton", "state": "Pennsylvania", "type": "Cultural Hub"}, "geometry": {"type": "Point", "coordinates": [-75.664, 41.4124]}}, {"type": "Feature", "properties": {"name": "Evanston Performing Arts Center", "city": "Evanston", "state": "Illinois", "type": "Cultural Hub"}, "geometry": {"type": "Point", "coordinates": [-87.7167, 42.0408]}}, {"type": "Feature", "properties": {"name": "Evanston Theater District", "city": "Evanston", "state": "Illinois", "type": "Cultural Hub"}, "geometry": {"type": "Point", "coordinates": [-87.6475, 42.068]}}, {"type": "Feature", "properties": {"name": "Kalamazoo Arts District", "city": "Kalamazoo", "state": "Michigan", "type": "Cultural Hub"}, "geometry": {"type": "Point", "coordinates": [-85.6343, 42.3128]}}, {"type": "Feature", "properties": {"name": "Kalamazoo Arts District", "city": "Kalamazoo", "state": "Michigan", "type": "Cultural Hub"}, "geometry": {"type": "Point", "coordinates": [-85.5498, 42.3263]}}, {"type": "Feature", "properties": {"name": "Baytown Heritage Museum", "city": "Baytown", "state": "Texas", "type": "Cultural Hub"}, "geometry": {"type": "Point", "coordinates": [-94.9385, 29.7334]}}, {"type": "Feature", "properties": {"name": "Upland Heritage Museum", "city": "Upland", "state": "California", "type": "Cultural Hub"}, "geometry": {"type": "Point", "coordinates": [-117.6311, 34.1078]}}, {"type": "Feature", "properties": {"name": "Springdale Science Center", "city": "Springdale", "state": "Arkansas", "type": "Cultural Hub"}, "geometry": {"type": "Point", "coordinates": [-94.1091, 36.1628]}}, {"type": "Feature", "properties": {"name": "Springdale Theater District", "city": "Springdale", "state": "Arkansas", "type": "Cultural Hub"}, "geometry": {"type": "Point", "coordinates": [-94.166, 36.1935]}}, {"type": "Feature", "properties": {"name": "Bethlehem Performing Arts Center", "city": "Bethlehem", "state": "Pennsylvania", "type": "Cultural Hub"}, "geometry": {"type": "Point", "coordinates": [-75.3177, 40.6337]}}, {"type": "Feature", "properties": {"name": "Bethlehem Convention Center", "city": "Bethlehem", "state": "Pennsylvania", "type": "Cultural Hub"}, "geometry": {"type": "Point", "coordinates": [-75.4002, 40.6495]}}, {"type": "Feature", "properties": {"name": "Schaumburg Entertainment District", "city": "Schaumburg", "state": "Illinois", "type": "Cultural Hub"}, "geometry": {"type": "Point", "coordinates": [-88.1261, 42.0272]}}, {"type": "Feature", "properties": {"name": "Schaumburg Theater District", "city": "Schaumburg", "state": "Illinois", "type": "Cultural Hub"}, "geometry": {"type": "Point", "coordinates": [-88.0513, 42.0226]}}, {"type": "Feature", "properties": {"name": "Mount Pleasant Entertainment District", "city": "Mount Pleasant", "state": "South Carolina", "type": "Cultural Hub"}, "geometry": {"type": "Point", "coordinates": [-79.8279, 32.8368]}}, {"type": "Feature", "properties": {"name": "Auburn History Museum", "city": "Auburn", "state": "Washington", "type": "Cultural Hub"}, "geometry": {"type": "Point", "coordinates": [-122.2108, 47.3393]}}, {"type": "Feature", "properties": {"name": "Auburn Theater District", "city": "Auburn", "state": "Washington", "type": "Cultural Hub"}, "geometry": {"type": "Point", "coordinates": [-122.2721, 47.2686]}}, {"type": "Feature", "properties": {"name": "Decatur Art Museum", "city": "Decatur", "state": "Illinois", "type": "Cultural Hub"}, "geometry": {"type": "Point", "coordinates": [-88.9769, 39.8552]}}, {"type": "Feature", "properties": {"name": "Decatur Cultural Center", "city": "Decatur", "state": "Illinois", "type": "Cultural Hub"}, "geometry": {"type": "Point", "coordinates": [-88.9385, 39.8284]}}, {"type": "Feature", "properties": {"name": "San Ramon Theater District", "city": "San Ramon", "state": "California", "type": "Cultural Hub"}, "geometry": {"type": "Point", "coordinates": [-121.9539, 37.7725]}}, {"type": "Feature", "properties": {"name": "Pleasanton Science Center", "city": "Pleasanton", "state": "California", "type": "Cultural Hub"}, "geometry": {"type": "Point", "coordinates": [-121.9165, 37.6674]}}, {"type": "Feature", "properties": {"name": "Pleasanton Film Arts Center", "city": "Pleasanton", "state": "California", "type": "Cultural Hub"}, "geometry": {"type": "Point", "coordinates": [-121.8682, 37.6334]}}, {"type": "Feature", "properties": {"name": "Wyoming Opera House", "city": "Wyoming", "state": "Michigan", "type": "Cultural Hub"}, "geometry": {"type": "Point", "coordinates": [-85.7306, 42.9402]}}, {"type": "Feature", "properties": {"name": "Wyoming History Museum", "city": "Wyoming", "state": "Michigan", "type": "Cultural Hub"}, "geometry": {"type": "Point", "coordinates": [-85.7492, 42.8863]}}, {"type": "Feature", "properties": {"name": "Lake Charles Science Center", "city": "Lake Charles", "state": "Louisiana", "type": "Cultural Hub"}, "geometry": {"type": "Point", "coordinates": [-93.1704, 30.2279]}}, {"type": "Feature", "properties": {"name": "Lake Charles Civic Theater", "city": "Lake Charles", "state": "Louisiana", "type": "Cultural Hub"}, "geometry": {"type": "Point", "coordinates": [-93.2313, 30.2151]}}, {"type": "Feature", "properties": {"name": "Plymouth Heritage Museum", "city": "Plymouth", "state": "Minnesota", "type": "Cultural Hub"}, "geometry": {"type": "Point", "coordinates": [-93.4456, 45.0037]}}, {"type": "Feature", "properties": {"name": "Plymouth Theater District", "city": "Plymouth", "state": "Minnesota", "type": "Cultural Hub"}, "geometry": {"type": "Point", "coordinates": [-93.4613, 44.9716]}}, {"type": "Feature", "properties": {"name": "Bolingbrook Cultural Center", "city": "Bolingbrook", "state": "Illinois", "type": "Cultural Hub"}, "geometry": {"type": "Point", "coordinates": [-88.0466, 41.6839]}}, {"type": "Feature", "properties": {"name": "Pharr Opera House", "city": "Pharr", "state": "Texas", "type": "Cultural Hub"}, "geometry": {"type": "Point", "coordinates": [-98.1477, 26.179]}}, {"type": "Feature", "properties": {"name": "Pharr Opera House", "city": "Pharr", "state": "Texas", "type": "Cultural Hub"}, "geometry": {"type": "Point", "coordinates": [-98.156, 26.2129]}}, {"type": "Feature", "properties": {"name": "Appleton Entertainment District", "city": "Appleton", "state": "Wisconsin", "type": "Cultural Hub"}, "geometry": {"type": "Point", "coordinates": [-88.4153, 44.2488]}}, {"type": "Feature", "properties": {"name": "Appleton Gallery District", "city": "Appleton", "state": "Wisconsin", "type": "Cultural Hub"}, "geometry": {"type": "Point", "coordinates": [-88.4583, 44.2908]}}, {"type": "Feature", "properties": {"name": "Gastonia History Museum", "city": "Gastonia", "state": "North Carolina", "type": "Cultural Hub"}, "geometry": {"type": "Point", "coordinates": [-81.166, 35.2694]}}, {"type": "Feature", "properties": {"name": "Folsom History Museum", "city": "Folsom", "state": "California", "type": "Cultural Hub"}, "geometry": {"type": "Point", "coordinates": [-121.169, 38.6971]}}, {"type": "Feature", "properties": {"name": "Folsom Museum District", "city": "Folsom", "state": "California", "type": "Cultural Hub"}, "geometry": {"type": "Point", "coordinates": [-121.1726, 38.7114]}}, {"type": "Feature", "properties": {"name": "Southfield Symphony Hall", "city": "Southfield", "state": "Michigan", "type": "Cultural Hub"}, "geometry": {"type": "Point", "coordinates": [-83.2582, 42.502]}}, {"type": "Feature", "properties": {"name": "Rochester Hills Museum District", "city": "Rochester Hills", "state": "Michigan", "type": "Cultural Hub"}, "geometry": {"type": "Point", "coordinates": [-83.1664, 42.683]}}, {"type": "Feature", "properties": {"name": "New Britain Convention Center", "city": "New Britain", "state": "Connecticut", "type": "Cultural Hub"}, "geometry": {"type": "Point", "coordinates": [-72.7542, 41.6692]}}, {"type": "Feature", "properties": {"name": "New Britain Opera House", "city": "New Britain", "state": "Connecticut", "type": "Cultural Hub"}, "geometry": {"type": "Point", "coordinates": [-72.7667, 41.6729]}}, {"type": "Feature", "properties": {"name": "Goodyear Arts District", "city": "Goodyear", "state": "Arizona", "type": "Cultural Hub"}, "geometry": {"type": "Point", "coordinates": [-112.3279, 33.4043]}}, {"type": "Feature", "properties": {"name": "Goodyear Symphony Hall", "city": "Goodyear", "state": "Arizona", "type": "Cultural Hub"}, "geometry": {"type": "Point", "coordinates": [-112.3317, 33.4237]}}, {"type": "Feature", "properties": {"name": "Canton Civic Theater", "city": "Canton", "state": "Ohio", "type": "Cultural Hub"}, "geometry": {"type": "Point", "coordinates": [-81.4251, 40.7905]}}, {"type": "Feature", "properties": {"name": "Warner Robins Arts District", "city": "Warner Robins", "state": "Georgia", "type": "Cultural Hub"}, "geometry": {"type": "Point", "coordinates": [-83.613, 32.6108]}}, {"type": "Feature", "properties": {"name": "Warner Robins Science Center", "city": "Warner Robins", "state": "Georgia", "type": "Cultural Hub"}, "geometry": {"type": "Point", "coordinates": [-83.5878, 32.6407]}}, {"type": "Feature", "properties": {"name": "Union City Museum District", "city": "Union City", "state": "California", "type": "Cultural Hub"}, "geometry": {"type": "Point", "coordinates": [-121.9986, 37.6187]}}, {"type": "Feature", "properties": {"name": "Perris Entertainment District", "city": "Perris", "state": "California", "type": "Cultural Hub"}, "geometry": {"type": "Point", "coordinates": [-117.2118, 33.7851]}}, {"type": "Feature", "properties": {"name": "Perris Heritage Museum", "city": "Perris", "state": "California", "type": "Cultural Hub"}, "geometry": {"type": "Point", "coordinates": [-117.2219, 33.8057]}}, {"type": "Feature", "properties": {"name": "Manteca Entertainment District", "city": "Manteca", "state": "California", "type": "Cultural Hub"}, "geometry": {"type": "Point", "coordinates": [-121.2295, 37.8212]}}, {"type": "Feature", "properties": {"name": "Iowa City Performing Arts Center", "city": "Iowa City", "state": "Iowa", "type": "Cultural Hub"}, "geometry": {"type": "Point", "coordinates": [-91.559, 41.6791]}}, {"type": "Feature", "properties": {"name": "Jonesboro Entertainment District", "city": "Jonesboro", "state": "Arkansas", "type": "Cultural Hub"}, "geometry": {"type": "Point", "coordinates": [-90.7049, 35.8423]}}, {"type": "Feature", "properties": {"name": "Wilmington Museum District", "city": "Wilmington", "state": "Delaware", "type": "Cultural Hub"}, "geometry": {"type": "Point", "coordinates": [-75.5891, 39.7193]}}, {"type": "Feature", "properties": {"name": "Lynwood Heritage Museum", "city": "Lynwood", "state": "California", "type": "Cultural Hub"}, "geometry": {"type": "Point", "coordinates": [-118.202, 33.9526]}}, {"type": "Feature", "properties": {"name": "Loveland Science Center", "city": "Loveland", "state": "Colorado", "type": "Cultural Hub"}, "geometry": {"type": "Point", "coordinates": [-105.0513, 40.4322]}}, {"type": "Feature", "properties": {"name": "Pawtucket Theater District", "city": "Pawtucket", "state": "Rhode Island", "type": "Cultural Hub"}, "geometry": {"type": "Point", "coordinates": [-71.3902, 41.8655]}}, {"type": "Feature", "properties": {"name": "Boynton Beach Museum District", "city": "Boynton Beach", "state": "Florida", "type": "Cultural Hub"}, "geometry": {"type": "Point", "coordinates": [-80.0756, 26.4921]}}, {"type": "Feature", "properties": {"name": "Boynton Beach History Museum", "city": "Boynton Beach", "state": "Florida", "type": "Cultural Hub"}, "geometry": {"type": "Point", "coordinates": [-80.0858, 26.5302]}}, {"type": "Feature", "properties": {"name": "Waukesha Opera House", "city": "Waukesha", "state": "Wisconsin", "type": "Cultural Hub"}, "geometry": {"type": "Point", "coordinates": [-88.2492, 43.0422]}}, {"type": "Feature", "properties": {"name": "Waukesha Arts District", "city": "Waukesha", "state": "Wisconsin", "type": "Cultural Hub"}, "geometry": {"type": "Point", "coordinates": [-88.256, 43.0424]}}, {"type": "Feature", "properties": {"name": "Gulfport Cultural Center", "city": "Gulfport", "state": "Mississippi", "type": "Cultural Hub"}, "geometry": {"type": "Point", "coordinates": [-89.0446, 30.3892]}}, {"type": "Feature", "properties": {"name": "Gulfport Science Center", "city": "Gulfport", "state": "Mississippi", "type": "Cultural Hub"}, "geometry": {"type": "Point", "coordinates": [-89.0745, 30.3344]}}, {"type": "Feature", "properties": {"name": "Apple Valley Library Arts Center", "city": "Apple Valley", "state": "California", "type": "Cultural Hub"}, "geometry": {"type": "Point", "coordinates": [-117.1444, 34.5]}}, {"type": "Feature", "properties": {"name": "Passaic Theater District", "city": "Passaic", "state": "New Jersey", "type": "Cultural Hub"}, "geometry": {"type": "Point", "coordinates": [-74.1071, 40.8382]}}, {"type": "Feature", "properties": {"name": "Passaic Cultural Arts Campus", "city": "Passaic", "state": "New Jersey", "type": "Cultural Hub"}, "geometry": {"type": "Point", "coordinates": [-74.096, 40.8287]}}, {"type": "Feature", "properties": {"name": "Rapid City Science Center", "city": "Rapid City", "state": "South Dakota", "type": "Cultural Hub"}, "geometry": {"type": "Point", "coordinates": [-103.2649, 44.0524]}}, {"type": "Feature", "properties": {"name": "Layton Opera House", "city": "Layton", "state": "Utah", "type": "Cultural Hub"}, "geometry": {"type": "Point", "coordinates": [-111.939, 41.0295]}}, {"type": "Feature", "properties": {"name": "Layton Art Museum", "city": "Layton", "state": "Utah", "type": "Cultural Hub"}, "geometry": {"type": "Point", "coordinates": [-111.9427, 41.0314]}}, {"type": "Feature", "properties": {"name": "Lafayette Heritage Museum", "city": "Lafayette", "state": "Indiana", "type": "Cultural Hub"}, "geometry": {"type": "Point", "coordinates": [-86.896, 40.3885]}}, {"type": "Feature", "properties": {"name": "Turlock Opera House", "city": "Turlock", "state": "California", "type": "Cultural Hub"}, "geometry": {"type": "Point", "coordinates": [-120.9017, 37.5338]}}, {"type": "Feature", "properties": {"name": "Turlock Heritage Museum", "city": "Turlock", "state": "California", "type": "Cultural Hub"}, "geometry": {"type": "Point", "coordinates": [-120.8143, 37.5341]}}, {"type": "Feature", "properties": {"name": "Muncie Convention Center", "city": "Muncie", "state": "Indiana", "type": "Cultural Hub"}, "geometry": {"type": "Point", "coordinates": [-85.4287, 40.2008]}}, {"type": "Feature", "properties": {"name": "Muncie Entertainment District", "city": "Muncie", "state": "Indiana", "type": "Cultural Hub"}, "geometry": {"type": "Point", "coordinates": [-85.3733, 40.1948]}}, {"type": "Feature", "properties": {"name": "Temple Heritage Museum", "city": "Temple", "state": "Texas", "type": "Cultural Hub"}, "geometry": {"type": "Point", "coordinates": [-97.3762, 31.1244]}}, {"type": "Feature", "properties": {"name": "Temple Theater District", "city": "Temple", "state": "Texas", "type": "Cultural Hub"}, "geometry": {"type": "Point", "coordinates": [-97.3536, 31.0988]}}, {"type": "Feature", "properties": {"name": "Missouri City Opera House", "city": "Missouri City", "state": "Texas", "type": "Cultural Hub"}, "geometry": {"type": "Point", "coordinates": [-95.5607, 29.6038]}}, {"type": "Feature", "properties": {"name": "Missouri City Museum District", "city": "Missouri City", "state": "Texas", "type": "Cultural Hub"}, "geometry": {"type": "Point", "coordinates": [-95.5337, 29.5938]}}, {"type": "Feature", "properties": {"name": "Redlands Science Center", "city": "Redlands", "state": "California", "type": "Cultural Hub"}, "geometry": {"type": "Point", "coordinates": [-117.148, 34.0451]}}, {"type": "Feature", "properties": {"name": "Santa Fe Theater District", "city": "Santa Fe", "state": "New Mexico", "type": "Cultural Hub"}, "geometry": {"type": "Point", "coordinates": [-105.9536, 35.6614]}}, {"type": "Feature", "properties": {"name": "Lauderhill Heritage Museum", "city": "Lauderhill", "state": "Florida", "type": "Cultural Hub"}, "geometry": {"type": "Point", "coordinates": [-80.2643, 26.1351]}}, {"type": "Feature", "properties": {"name": "Milpitas Theater District", "city": "Milpitas", "state": "California", "type": "Cultural Hub"}, "geometry": {"type": "Point", "coordinates": [-121.869, 37.3925]}}, {"type": "Feature", "properties": {"name": "Milpitas Library Arts Center", "city": "Milpitas", "state": "California", "type": "Cultural Hub"}, "geometry": {"type": "Point", "coordinates": [-121.8999, 37.4576]}}, {"type": "Feature", "properties": {"name": "Palatine Art Museum", "city": "Palatine", "state": "Illinois", "type": "Cultural Hub"}, "geometry": {"type": "Point", "coordinates": [-87.9901, 42.0932]}}, {"type": "Feature", "properties": {"name": "Palatine Symphony Hall", "city": "Palatine", "state": "Illinois", "type": "Cultural Hub"}, "geometry": {"type": "Point", "coordinates": [-88.0391, 42.097]}}, {"type": "Feature", "properties": {"name": "Missoula Cultural Center", "city": "Missoula", "state": "Montana", "type": "Cultural Hub"}, "geometry": {"type": "Point", "coordinates": [-114.0439, 46.9176]}}, {"type": "Feature", "properties": {"name": "Rock Hill Cultural Center", "city": "Rock Hill", "state": "South Carolina", "type": "Cultural Hub"}, "geometry": {"type": "Point", "coordinates": [-81.0745, 34.9527]}}, {"type": "Feature", "properties": {"name": "Rock Hill Cultural Arts Campus", "city": "Rock Hill", "state": "South Carolina", "type": "Cultural Hub"}, "geometry": {"type": "Point", "coordinates": [-80.9813, 34.9608]}}, {"type": "Feature", "properties": {"name": "Jacksonville Heritage Museum", "city": "Jacksonville", "state": "North Carolina", "type": "Cultural Hub"}, "geometry": {"type": "Point", "coordinates": [-77.4567, 34.7657]}}, {"type": "Feature", "properties": {"name": "Franklin Gallery District", "city": "Franklin", "state": "Tennessee", "type": "Cultural Hub"}, "geometry": {"type": "Point", "coordinates": [-86.8452, 35.9039]}}, {"type": "Feature", "properties": {"name": "Flagstaff Cultural Center", "city": "Flagstaff", "state": "Arizona", "type": "Cultural Hub"}, "geometry": {"type": "Point", "coordinates": [-111.6955, 35.2171]}}, {"type": "Feature", "properties": {"name": "Flagstaff Theater District", "city": "Flagstaff", "state": "Arizona", "type": "Cultural Hub"}, "geometry": {"type": "Point", "coordinates": [-111.6389, 35.2057]}}, {"type": "Feature", "properties": {"name": "Flower Mound Symphony Hall", "city": "Flower Mound", "state": "Texas", "type": "Cultural Hub"}, "geometry": {"type": "Point", "coordinates": [-97.0913, 33.051]}}, {"type": "Feature", "properties": {"name": "Flower Mound Film Arts Center", "city": "Flower Mound", "state": "Texas", "type": "Cultural Hub"}, "geometry": {"type": "Point", "coordinates": [-97.0927, 33.0024]}}, {"type": "Feature", "properties": {"name": "Weston Entertainment District", "city": "Weston", "state": "Florida", "type": "Cultural Hub"}, "geometry": {"type": "Point", "coordinates": [-80.3931, 26.105]}}, {"type": "Feature", "properties": {"name": "Waterloo Art Museum", "city": "Waterloo", "state": "Iowa", "type": "Cultural Hub"}, "geometry": {"type": "Point", "coordinates": [-92.3563, 42.5013]}}, {"type": "Feature", "properties": {"name": "Waterloo Science Center", "city": "Waterloo", "state": "Iowa", "type": "Cultural Hub"}, "geometry": {"type": "Point", "coordinates": [-92.3793, 42.4565]}}, {"type": "Feature", "properties": {"name": "Union City Symphony Hall", "city": "Union City", "state": "New Jersey", "type": "Cultural Hub"}, "geometry": {"type": "Point", "coordinates": [-74.3121, 40.6587]}}, {"type": "Feature", "properties": {"name": "Union City Museum District", "city": "Union City", "state": "New Jersey", "type": "Cultural Hub"}, "geometry": {"type": "Point", "coordinates": [-74.2098, 40.73]}}, {"type": "Feature", "properties": {"name": "Mount Vernon Museum District", "city": "Mount Vernon", "state": "New York", "type": "Cultural Hub"}, "geometry": {"type": "Point", "coordinates": [-73.892, 40.9332]}}, {"type": "Feature", "properties": {"name": "Mount Vernon Heritage Museum", "city": "Mount Vernon", "state": "New York", "type": "Cultural Hub"}, "geometry": {"type": "Point", "coordinates": [-73.8037, 40.9196]}}, {"type": "Feature", "properties": {"name": "Fort Myers Library Arts Center", "city": "Fort Myers", "state": "Florida", "type": "Cultural Hub"}, "geometry": {"type": "Point", "coordinates": [-81.8925, 26.6792]}}, {"type": "Feature", "properties": {"name": "Fort Myers Heritage Museum", "city": "Fort Myers", "state": "Florida", "type": "Cultural Hub"}, "geometry": {"type": "Point", "coordinates": [-81.8898, 26.654]}}, {"type": "Feature", "properties": {"name": "Dothan Cultural Center", "city": "Dothan", "state": "Alabama", "type": "Cultural Hub"}, "geometry": {"type": "Point", "coordinates": [-85.4032, 31.195]}}, {"type": "Feature", "properties": {"name": "Rancho Cordova Opera House", "city": "Rancho Cordova", "state": "California", "type": "Cultural Hub"}, "geometry": {"type": "Point", "coordinates": [-121.2753, 38.6112]}}, {"type": "Feature", "properties": {"name": "Redondo Beach Opera House", "city": "Redondo Beach", "state": "California", "type": "Cultural Hub"}, "geometry": {"type": "Point", "coordinates": [-118.4054, 33.8783]}}, {"type": "Feature", "properties": {"name": "Redondo Beach Art Museum", "city": "Redondo Beach", "state": "California", "type": "Cultural Hub"}, "geometry": {"type": "Point", "coordinates": [-118.4002, 33.844]}}, {"type": "Feature", "properties": {"name": "Jackson Cultural Center", "city": "Jackson", "state": "Tennessee", "type": "Cultural Hub"}, "geometry": {"type": "Point", "coordinates": [-88.8254, 35.5966]}}, {"type": "Feature", "properties": {"name": "Pasco Convention Center", "city": "Pasco", "state": "Washington", "type": "Cultural Hub"}, "geometry": {"type": "Point", "coordinates": [-119.1158, 46.2608]}}, {"type": "Feature", "properties": {"name": "St. Charles Arts District", "city": "St. Charles", "state": "Missouri", "type": "Cultural Hub"}, "geometry": {"type": "Point", "coordinates": [-90.5061, 38.7971]}}, {"type": "Feature", "properties": {"name": "Eau Claire Cultural Arts Campus", "city": "Eau Claire", "state": "Wisconsin", "type": "Cultural Hub"}, "geometry": {"type": "Point", "coordinates": [-91.4863, 44.8082]}}, {"type": "Feature", "properties": {"name": "Eau Claire Performing Arts Center", "city": "Eau Claire", "state": "Wisconsin", "type": "Cultural Hub"}, "geometry": {"type": "Point", "coordinates": [-91.517, 44.8358]}}, {"type": "Feature", "properties": {"name": "North Richland Hills Convention Center", "city": "North Richland Hills", "state": "Texas", "type": "Cultural Hub"}, "geometry": {"type": "Point", "coordinates": [-97.2723, 32.8652]}}, {"type": "Feature", "properties": {"name": "Bismarck Symphony Hall", "city": "Bismarck", "state": "North Dakota", "type": "Cultural Hub"}, "geometry": {"type": "Point", "coordinates": [-100.8056, 46.8065]}}, {"type": "Feature", "properties": {"name": "Yorba Linda Cultural Arts Campus", "city": "Yorba Linda", "state": "California", "type": "Cultural Hub"}, "geometry": {"type": "Point", "coordinates": [-117.7912, 33.8529]}}, {"type": "Feature", "properties": {"name": "Kenner Gallery District", "city": "Kenner", "state": "Louisiana", "type": "Cultural Hub"}, "geometry": {"type": "Point", "coordinates": [-90.2555, 29.9644]}}, {"type": "Feature", "properties": {"name": "Walnut Creek Entertainment District", "city": "Walnut Creek", "state": "California", "type": "Cultural Hub"}, "geometry": {"type": "Point", "coordinates": [-122.0943, 37.8923]}}, {"type": "Feature", "properties": {"name": "Frederick Cultural Center", "city": "Frederick", "state": "Maryland", "type": "Cultural Hub"}, "geometry": {"type": "Point", "coordinates": [-77.4448, 39.4288]}}, {"type": "Feature", "properties": {"name": "Frederick Civic Theater", "city": "Frederick", "state": "Maryland", "type": "Cultural Hub"}, "geometry": {"type": "Point", "coordinates": [-77.3759, 39.4293]}}, {"type": "Feature", "properties": {"name": "Oshkosh Library Arts Center", "city": "Oshkosh", "state": "Wisconsin", "type": "Cultural Hub"}, "geometry": {"type": "Point", "coordinates": [-88.5262, 44.0394]}}, {"type": "Feature", "properties": {"name": "Pittsburg Entertainment District", "city": "Pittsburg", "state": "California", "type": "Cultural Hub"}, "geometry": {"type": "Point", "coordinates": [-121.8656, 38.0536]}}, {"type": "Feature", "properties": {"name": "Palo Alto History Museum", "city": "Palo Alto", "state": "California", "type": "Cultural Hub"}, "geometry": {"type": "Point", "coordinates": [-122.1485, 37.4708]}}, {"type": "Feature", "properties": {"name": "Bossier City Art Museum", "city": "Bossier City", "state": "Louisiana", "type": "Cultural Hub"}, "geometry": {"type": "Point", "coordinates": [-93.7522, 32.5276]}}, {"type": "Feature", "properties": {"name": "Bossier City Gallery District", "city": "Bossier City", "state": "Louisiana", "type": "Cultural Hub"}, "geometry": {"type": "Point", "coordinates": [-93.6859, 32.4923]}}, {"type": "Feature", "properties": {"name": "Portland Theater District", "city": "Portland", "state": "Maine", "type": "Cultural Hub"}, "geometry": {"type": "Point", "coordinates": [-70.2533, 43.6284]}}, {"type": "Feature", "properties": {"name": "Portland Art Museum", "city": "Portland", "state": "Maine", "type": "Cultural Hub"}, "geometry": {"type": "Point", "coordinates": [-70.254, 43.6442]}}, {"type": "Feature", "properties": {"name": "St. Cloud Performing Arts Center", "city": "St. Cloud", "state": "Minnesota", "type": "Cultural Hub"}, "geometry": {"type": "Point", "coordinates": [-94.2127, 45.535]}}, {"type": "Feature", "properties": {"name": "St. Cloud Film Arts Center", "city": "St. Cloud", "state": "Minnesota", "type": "Cultural Hub"}, "geometry": {"type": "Point", "coordinates": [-94.1526, 45.5886]}}, {"type": "Feature", "properties": {"name": "Davis Art Museum", "city": "Davis", "state": "California", "type": "Cultural Hub"}, "geometry": {"type": "Point", "coordinates": [-121.7912, 38.5566]}}, {"type": "Feature", "properties": {"name": "Davis Entertainment District", "city": "Davis", "state": "California", "type": "Cultural Hub"}, "geometry": {"type": "Point", "coordinates": [-121.7585, 38.5548]}}, {"type": "Feature", "properties": {"name": "South San Francisco Performing Arts Center", "city": "South San Francisco", "state": "California", "type": "Cultural Hub"}, "geometry": {"type": "Point", "coordinates": [-122.4592, 37.6316]}}, {"type": "Feature", "properties": {"name": "South San Francisco Civic Theater", "city": "South San Francisco", "state": "California", "type": "Cultural Hub"}, "geometry": {"type": "Point", "coordinates": [-122.3634, 37.6882]}}, {"type": "Feature", "properties": {"name": "Camarillo History Museum", "city": "Camarillo", "state": "California", "type": "Cultural Hub"}, "geometry": {"type": "Point", "coordinates": [-119.0765, 34.1817]}}, {"type": "Feature", "properties": {"name": "North Little Rock Cultural Arts Campus", "city": "North Little Rock", "state": "Arkansas", "type": "Cultural Hub"}, "geometry": {"type": "Point", "coordinates": [-92.2818, 34.7391]}}, {"type": "Feature", "properties": {"name": "North Little Rock Theater District", "city": "North Little Rock", "state": "Arkansas", "type": "Cultural Hub"}, "geometry": {"type": "Point", "coordinates": [-92.2792, 34.7308]}}, {"type": "Feature", "properties": {"name": "Schenectady Gallery District", "city": "Schenectady", "state": "New York", "type": "Cultural Hub"}, "geometry": {"type": "Point", "coordinates": [-73.9497, 42.8454]}}, {"type": "Feature", "properties": {"name": "Schenectady Museum District", "city": "Schenectady", "state": "New York", "type": "Cultural Hub"}, "geometry": {"type": "Point", "coordinates": [-73.9313, 42.8367]}}, {"type": "Feature", "properties": {"name": "Gaithersburg Cultural Arts Campus", "city": "Gaithersburg", "state": "Maryland", "type": "Cultural Hub"}, "geometry": {"type": "Point", "coordinates": [-77.2218, 39.1716]}}, {"type": "Feature", "properties": {"name": "Gaithersburg Art Museum", "city": "Gaithersburg", "state": "Maryland", "type": "Cultural Hub"}, "geometry": {"type": "Point", "coordinates": [-77.2494, 39.1551]}}, {"type": "Feature", "properties": {"name": "Harlingen Gallery District", "city": "Harlingen", "state": "Texas", "type": "Cultural Hub"}, "geometry": {"type": "Point", "coordinates": [-97.7272, 26.1694]}}, {"type": "Feature", "properties": {"name": "Harlingen Theater District", "city": "Harlingen", "state": "Texas", "type": "Cultural Hub"}, "geometry": {"type": "Point", "coordinates": [-97.6673, 26.1576]}}, {"type": "Feature", "properties": {"name": "Woodbury Film Arts Center", "city": "Woodbury", "state": "Minnesota", "type": "Cultural Hub"}, "geometry": {"type": "Point", "coordinates": [-92.97, 44.9547]}}, {"type": "Feature", "properties": {"name": "Woodbury Cultural Center", "city": "Woodbury", "state": "Minnesota", "type": "Cultural Hub"}, "geometry": {"type": "Point", "coordinates": [-92.9124, 44.9538]}}, {"type": "Feature", "properties": {"name": "Eagan History Museum", "city": "Eagan", "state": "Minnesota", "type": "Cultural Hub"}, "geometry": {"type": "Point", "coordinates": [-93.1563, 44.7976]}}, {"type": "Feature", "properties": {"name": "Eagan Heritage Museum", "city": "Eagan", "state": "Minnesota", "type": "Cultural Hub"}, "geometry": {"type": "Point", "coordinates": [-93.1159, 44.8427]}}, {"type": "Feature", "properties": {"name": "Yuba City Cultural Arts Campus", "city": "Yuba City", "state": "California", "type": "Cultural Hub"}, "geometry": {"type": "Point", "coordinates": [-121.6276, 39.106]}}, {"type": "Feature", "properties": {"name": "Maple Grove Museum District", "city": "Maple Grove", "state": "Minnesota", "type": "Cultural Hub"}, "geometry": {"type": "Point", "coordinates": [-93.4516, 45.0614]}}, {"type": "Feature", "properties": {"name": "Maple Grove Science Center", "city": "Maple Grove", "state": "Minnesota", "type": "Cultural Hub"}, "geometry": {"type": "Point", "coordinates": [-93.5107, 45.0835]}}, {"type": "Feature", "properties": {"name": "Youngstown Entertainment District", "city": "Youngstown", "state": "Ohio", "type": "Cultural Hub"}, "geometry": {"type": "Point", "coordinates": [-80.6755, 41.1077]}}, {"type": "Feature", "properties": {"name": "Youngstown Library Arts Center", "city": "Youngstown", "state": "Ohio", "type": "Cultural Hub"}, "geometry": {"type": "Point", "coordinates": [-80.6972, 41.0995]}}, {"type": "Feature", "properties": {"name": "Skokie History Museum", "city": "Skokie", "state": "Illinois", "type": "Cultural Hub"}, "geometry": {"type": "Point", "coordinates": [-87.708, 42.0615]}}, {"type": "Feature", "properties": {"name": "Kissimmee Entertainment District", "city": "Kissimmee", "state": "Florida", "type": "Cultural Hub"}, "geometry": {"type": "Point", "coordinates": [-81.451, 28.3219]}}, {"type": "Feature", "properties": {"name": "Johnson City Performing Arts Center", "city": "Johnson City", "state": "Tennessee", "type": "Cultural Hub"}, "geometry": {"type": "Point", "coordinates": [-82.3892, 36.2912]}}, {"type": "Feature", "properties": {"name": "Johnson City Civic Theater", "city": "Johnson City", "state": "Tennessee", "type": "Cultural Hub"}, "geometry": {"type": "Point", "coordinates": [-82.3903, 36.2836]}}, {"type": "Feature", "properties": {"name": "Victoria Performing Arts Center", "city": "Victoria", "state": "Texas", "type": "Cultural Hub"}, "geometry": {"type": "Point", "coordinates": [-96.9557, 28.7731]}}, {"type": "Feature", "properties": {"name": "Victoria History Museum", "city": "Victoria", "state": "Texas", "type": "Cultural Hub"}, "geometry": {"type": "Point", "coordinates": [-97.0237, 28.8026]}}, {"type": "Feature", "properties": {"name": "San Clemente Opera House", "city": "San Clemente", "state": "California", "type": "Cultural Hub"}, "geometry": {"type": "Point", "coordinates": [-117.5828, 33.4079]}}, {"type": "Feature", "properties": {"name": "San Clemente Science Center", "city": "San Clemente", "state": "California", "type": "Cultural Hub"}, "geometry": {"type": "Point", "coordinates": [-117.6606, 33.4171]}}, {"type": "Feature", "properties": {"name": "Bayonne Civic Theater", "city": "Bayonne", "state": "New Jersey", "type": "Cultural Hub"}, "geometry": {"type": "Point", "coordinates": [-74.1312, 40.7072]}}, {"type": "Feature", "properties": {"name": "Laguna Niguel Gallery District", "city": "Laguna Niguel", "state": "California", "type": "Cultural Hub"}, "geometry": {"type": "Point", "coordinates": [-117.7466, 33.5597]}}, {"type": "Feature", "properties": {"name": "Laguna Niguel Theater District", "city": "Laguna Niguel", "state": "California", "type": "Cultural Hub"}, "geometry": {"type": "Point", "coordinates": [-117.7605, 33.5057]}}, {"type": "Feature", "properties": {"name": "East Orange Library Arts Center", "city": "East Orange", "state": "New Jersey", "type": "Cultural Hub"}, "geometry": {"type": "Point", "coordinates": [-74.203, 40.7765]}}, {"type": "Feature", "properties": {"name": "Shawnee Art Museum", "city": "Shawnee", "state": "Kansas", "type": "Cultural Hub"}, "geometry": {"type": "Point", "coordinates": [-94.7196, 39.0066]}}, {"type": "Feature", "properties": {"name": "Homestead Gallery District", "city": "Homestead", "state": "Florida", "type": "Cultural Hub"}, "geometry": {"type": "Point", "coordinates": [-80.5311, 25.4862]}}, {"type": "Feature", "properties": {"name": "Delray Beach Art Museum", "city": "Delray Beach", "state": "Florida", "type": "Cultural Hub"}, "geometry": {"type": "Point", "coordinates": [-80.0441, 26.4538]}}, {"type": "Feature", "properties": {"name": "Delray Beach Theater District", "city": "Delray Beach", "state": "Florida", "type": "Cultural Hub"}, "geometry": {"type": "Point", "coordinates": [-80.0299, 26.4545]}}, {"type": "Feature", "properties": {"name": "Rockville Cultural Arts Campus", "city": "Rockville", "state": "Maryland", "type": "Cultural Hub"}, "geometry": {"type": "Point", "coordinates": [-77.1825, 39.0936]}}, {"type": "Feature", "properties": {"name": "Janesville Performing Arts Center", "city": "Janesville", "state": "Wisconsin", "type": "Cultural Hub"}, "geometry": {"type": "Point", "coordinates": [-89.06, 42.6876]}}, {"type": "Feature", "properties": {"name": "Conway Symphony Hall", "city": "Conway", "state": "Arkansas", "type": "Cultural Hub"}, "geometry": {"type": "Point", "coordinates": [-92.4285, 35.0515]}}, {"type": "Feature", "properties": {"name": "Pico Rivera Gallery District", "city": "Pico Rivera", "state": "California", "type": "Cultural Hub"}, "geometry": {"type": "Point", "coordinates": [-118.0868, 34.0219]}}, {"type": "Feature", "properties": {"name": "Pico Rivera Symphony Hall", "city": "Pico Rivera", "state": "California", "type": "Cultural Hub"}, "geometry": {"type": "Point", "coordinates": [-118.1404, 33.9565]}}, {"type": "Feature", "properties": {"name": "Lorain Performing Arts Center", "city": "Lorain", "state": "Ohio", "type": "Cultural Hub"}, "geometry": {"type": "Point", "coordinates": [-82.228, 41.4181]}}, {"type": "Feature", "properties": {"name": "Montebello Heritage Museum", "city": "Montebello", "state": "California", "type": "Cultural Hub"}, "geometry": {"type": "Point", "coordinates": [-118.1428, 33.9846]}}, {"type": "Feature", "properties": {"name": "Lodi Theater District", "city": "Lodi", "state": "California", "type": "Cultural Hub"}, "geometry": {"type": "Point", "coordinates": [-121.3247, 38.0968]}}, {"type": "Feature", "properties": {"name": "New Braunfels Cultural Arts Campus", "city": "New Braunfels", "state": "Texas", "type": "Cultural Hub"}, "geometry": {"type": "Point", "coordinates": [-98.1635, 29.7178]}}, {"type": "Feature", "properties": {"name": "New Braunfels Entertainment District", "city": "New Braunfels", "state": "Texas", "type": "Cultural Hub"}, "geometry": {"type": "Point", "coordinates": [-98.1668, 29.7366]}}, {"type": "Feature", "properties": {"name": "Marysville Museum District", "city": "Marysville", "state": "Washington", "type": "Cultural Hub"}, "geometry": {"type": "Point", "coordinates": [-122.1276, 48.0371]}}, {"type": "Feature", "properties": {"name": "Tamarac Arts District", "city": "Tamarac", "state": "Florida", "type": "Cultural Hub"}, "geometry": {"type": "Point", "coordinates": [-80.266, 26.2204]}}, {"type": "Feature", "properties": {"name": "Tamarac History Museum", "city": "Tamarac", "state": "Florida", "type": "Cultural Hub"}, "geometry": {"type": "Point", "coordinates": [-80.2603, 26.1925]}}, {"type": "Feature", "properties": {"name": "Madera Performing Arts Center", "city": "Madera", "state": "California", "type": "Cultural Hub"}, "geometry": {"type": "Point", "coordinates": [-120.0713, 36.9476]}}, {"type": "Feature", "properties": {"name": "Madera Heritage Museum", "city": "Madera", "state": "California", "type": "Cultural Hub"}, "geometry": {"type": "Point", "coordinates": [-120.0761, 36.972]}}, {"type": "Feature", "properties": {"name": "Conroe Performing Arts Center", "city": "Conroe", "state": "Texas", "type": "Cultural Hub"}, "geometry": {"type": "Point", "coordinates": [-95.4596, 30.2914]}}, {"type": "Feature", "properties": {"name": "Conroe Theater District", "city": "Conroe", "state": "Texas", "type": "Cultural Hub"}, "geometry": {"type": "Point", "coordinates": [-95.458, 30.3238]}}, {"type": "Feature", "properties": {"name": "Santa Cruz History Museum", "city": "Santa Cruz", "state": "California", "type": "Cultural Hub"}, "geometry": {"type": "Point", "coordinates": [-122.0413, 36.9938]}}, {"type": "Feature", "properties": {"name": "Eden Prairie Opera House", "city": "Eden Prairie", "state": "Minnesota", "type": "Cultural Hub"}, "geometry": {"type": "Point", "coordinates": [-93.5032, 44.8433]}}, {"type": "Feature", "properties": {"name": "Eden Prairie Convention Center", "city": "Eden Prairie", "state": "Minnesota", "type": "Cultural Hub"}, "geometry": {"type": "Point", "coordinates": [-93.5112, 44.872]}}, {"type": "Feature", "properties": {"name": "Cheyenne Heritage Museum", "city": "Cheyenne", "state": "Wyoming", "type": "Cultural Hub"}, "geometry": {"type": "Point", "coordinates": [-104.7797, 41.1609]}}, {"type": "Feature", "properties": {"name": "Daytona Beach Cultural Arts Campus", "city": "Daytona Beach", "state": "Florida", "type": "Cultural Hub"}, "geometry": {"type": "Point", "coordinates": [-81.0685, 29.2495]}}, {"type": "Feature", "properties": {"name": "Daytona Beach Symphony Hall", "city": "Daytona Beach", "state": "Florida", "type": "Cultural Hub"}, "geometry": {"type": "Point", "coordinates": [-81.0119, 29.1792]}}, {"type": "Feature", "properties": {"name": "Alpharetta History Museum", "city": "Alpharetta", "state": "Georgia", "type": "Cultural Hub"}, "geometry": {"type": "Point", "coordinates": [-84.2962, 34.0862]}}, {"type": "Feature", "properties": {"name": "Hamilton Cultural Arts Campus", "city": "Hamilton", "state": "Ohio", "type": "Cultural Hub"}, "geometry": {"type": "Point", "coordinates": [-84.6108, 39.3887]}}, {"type": "Feature", "properties": {"name": "Waltham Library Arts Center", "city": "Waltham", "state": "Massachusetts", "type": "Cultural Hub"}, "geometry": {"type": "Point", "coordinates": [-71.2619, 42.4129]}}, {"type": "Feature", "properties": {"name": "Coon Rapids Entertainment District", "city": "Coon Rapids", "state": "Minnesota", "type": "Cultural Hub"}, "geometry": {"type": "Point", "coordinates": [-93.2925, 45.153]}}, {"type": "Feature", "properties": {"name": "Coon Rapids Theater District", "city": "Coon Rapids", "state": "Minnesota", "type": "Cultural Hub"}, "geometry": {"type": "Point", "coordinates": [-93.3485, 45.1566]}}, {"type": "Feature", "properties": {"name": "Haverhill Arts District", "city": "Haverhill", "state": "Massachusetts", "type": "Cultural Hub"}, "geometry": {"type": "Point", "coordinates": [-71.0469, 42.7874]}}, {"type": "Feature", "properties": {"name": "Haverhill Opera House", "city": "Haverhill", "state": "Massachusetts", "type": "Cultural Hub"}, "geometry": {"type": "Point", "coordinates": [-71.1173, 42.7809]}}, {"type": "Feature", "properties": {"name": "Council Bluffs Art Museum", "city": "Council Bluffs", "state": "Iowa", "type": "Cultural Hub"}, "geometry": {"type": "Point", "coordinates": [-95.9129, 41.2411]}}, {"type": "Feature", "properties": {"name": "Council Bluffs Performing Arts Center", "city": "Council Bluffs", "state": "Iowa", "type": "Cultural Hub"}, "geometry": {"type": "Point", "coordinates": [-95.8328, 41.2268]}}, {"type": "Feature", "properties": {"name": "Taylor Opera House", "city": "Taylor", "state": "Michigan", "type": "Cultural Hub"}, "geometry": {"type": "Point", "coordinates": [-83.3144, 42.2463]}}, {"type": "Feature", "properties": {"name": "Utica Library Arts Center", "city": "Utica", "state": "New York", "type": "Cultural Hub"}, "geometry": {"type": "Point", "coordinates": [-75.1974, 43.1283]}}, {"type": "Feature", "properties": {"name": "Ames Art Museum", "city": "Ames", "state": "Iowa", "type": "Cultural Hub"}, "geometry": {"type": "Point", "coordinates": [-93.5832, 42.0003]}}, {"type": "Feature", "properties": {"name": "La Habra Symphony Hall", "city": "La Habra", "state": "California", "type": "Cultural Hub"}, "geometry": {"type": "Point", "coordinates": [-117.8945, 33.9374]}}, {"type": "Feature", "properties": {"name": "La Habra Gallery District", "city": "La Habra", "state": "California", "type": "Cultural Hub"}, "geometry": {"type": "Point", "coordinates": [-117.942, 33.9421]}}, {"type": "Feature", "properties": {"name": "Encinitas Convention Center", "city": "Encinitas", "state": "California", "type": "Cultural Hub"}, "geometry": {"type": "Point", "coordinates": [-117.2934, 33.0202]}}, {"type": "Feature", "properties": {"name": "Encinitas Cultural Center", "city": "Encinitas", "state": "California", "type": "Cultural Hub"}, "geometry": {"type": "Point", "coordinates": [-117.2655, 33.0091]}}, {"type": "Feature", "properties": {"name": "Bowling Green Heritage Museum", "city": "Bowling Green", "state": "Kentucky", "type": "Cultural Hub"}, "geometry": {"type": "Point", "coordinates": [-86.5314, 36.9518]}}, {"type": "Feature", "properties": {"name": "Bowling Green Film Arts Center", "city": "Bowling Green", "state": "Kentucky", "type": "Cultural Hub"}, "geometry": {"type": "Point", "coordinates": [-86.4758, 36.9513]}}, {"type": "Feature", "properties": {"name": "Burnsville Science Center", "city": "Burnsville", "state": "Minnesota", "type": "Cultural Hub"}, "geometry": {"type": "Point", "coordinates": [-93.2886, 44.7421]}}, {"type": "Feature", "properties": {"name": "Burnsville Civic Theater", "city": "Burnsville", "state": "Minnesota", "type": "Cultural Hub"}, "geometry": {"type": "Point", "coordinates": [-93.2894, 44.7932]}}, {"type": "Feature", "properties": {"name": "Greenville Library Arts Center", "city": "Greenville", "state": "South Carolina", "type": "Cultural Hub"}, "geometry": {"type": "Point", "coordinates": [-82.3881, 34.8631]}}, {"type": "Feature", "properties": {"name": "West Des Moines Film Arts Center", "city": "West Des Moines", "state": "Iowa", "type": "Cultural Hub"}, "geometry": {"type": "Point", "coordinates": [-93.7083, 41.5725]}}, {"type": "Feature", "properties": {"name": "Cedar Park Museum District", "city": "Cedar Park", "state": "Texas", "type": "Cultural Hub"}, "geometry": {"type": "Point", "coordinates": [-97.7939, 30.5087]}}, {"type": "Feature", "properties": {"name": "Cedar Park Performing Arts Center", "city": "Cedar Park", "state": "Texas", "type": "Cultural Hub"}, "geometry": {"type": "Point", "coordinates": [-97.8467, 30.4968]}}, {"type": "Feature", "properties": {"name": "Tulare History Museum", "city": "Tulare", "state": "California", "type": "Cultural Hub"}, "geometry": {"type": "Point", "coordinates": [-119.3398, 36.17]}}, {"type": "Feature", "properties": {"name": "Monterey Park Heritage Museum", "city": "Monterey Park", "state": "California", "type": "Cultural Hub"}, "geometry": {"type": "Point", "coordinates": [-118.152, 34.0929]}}, {"type": "Feature", "properties": {"name": "Monterey Park Film Arts Center", "city": "Monterey Park", "state": "California", "type": "Cultural Hub"}, "geometry": {"type": "Point", "coordinates": [-118.0847, 34.0864]}}, {"type": "Feature", "properties": {"name": "Vineland Symphony Hall", "city": "Vineland", "state": "New Jersey", "type": "Cultural Hub"}, "geometry": {"type": "Point", "coordinates": [-75.0728, 39.4975]}}, {"type": "Feature", "properties": {"name": "Vineland Cultural Arts Campus", "city": "Vineland", "state": "New Jersey", "type": "Cultural Hub"}, "geometry": {"type": "Point", "coordinates": [-75.0647, 39.4869]}}, {"type": "Feature", "properties": {"name": "Terre Haute Civic Theater", "city": "Terre Haute", "state": "Indiana", "type": "Cultural Hub"}, "geometry": {"type": "Point", "coordinates": [-87.3587, 39.4659]}}, {"type": "Feature", "properties": {"name": "Terre Haute Symphony Hall", "city": "Terre Haute", "state": "Indiana", "type": "Cultural Hub"}, "geometry": {"type": "Point", "coordinates": [-87.3595, 39.486]}}, {"type": "Feature", "properties": {"name": "North Miami Performing Arts Center", "city": "North Miami", "state": "Florida", "type": "Cultural Hub"}, "geometry": {"type": "Point", "coordinates": [-80.2424, 25.9004]}}, {"type": "Feature", "properties": {"name": "Mansfield Film Arts Center", "city": "Mansfield", "state": "Texas", "type": "Cultural Hub"}, "geometry": {"type": "Point", "coordinates": [-97.0956, 32.5405]}}, {"type": "Feature", "properties": {"name": "West Allis Entertainment District", "city": "West Allis", "state": "Wisconsin", "type": "Cultural Hub"}, "geometry": {"type": "Point", "coordinates": [-87.9708, 42.9868]}}, {"type": "Feature", "properties": {"name": "West Allis Museum District", "city": "West Allis", "state": "Wisconsin", "type": "Cultural Hub"}, "geometry": {"type": "Point", "coordinates": [-88.0431, 42.9917]}}, {"type": "Feature", "properties": {"name": "Bristol Science Center", "city": "Bristol", "state": "Connecticut", "type": "Cultural Hub"}, "geometry": {"type": "Point", "coordinates": [-72.9583, 41.6322]}}, {"type": "Feature", "properties": {"name": "Bristol Entertainment District", "city": "Bristol", "state": "Connecticut", "type": "Cultural Hub"}, "geometry": {"type": "Point", "coordinates": [-72.9955, 41.6521]}}, {"type": "Feature", "properties": {"name": "Taylorsville Arts District", "city": "Taylorsville", "state": "Utah", "type": "Cultural Hub"}, "geometry": {"type": "Point", "coordinates": [-111.9532, 40.6349]}}, {"type": "Feature", "properties": {"name": "Malden Museum District", "city": "Malden", "state": "Massachusetts", "type": "Cultural Hub"}, "geometry": {"type": "Point", "coordinates": [-71.0154, 42.4108]}}, {"type": "Feature", "properties": {"name": "Malden Civic Theater", "city": "Malden", "state": "Massachusetts", "type": "Cultural Hub"}, "geometry": {"type": "Point", "coordinates": [-71.1103, 42.4554]}}, {"type": "Feature", "properties": {"name": "Meriden Performing Arts Center", "city": "Meriden", "state": "Connecticut", "type": "Cultural Hub"}, "geometry": {"type": "Point", "coordinates": [-72.8186, 41.5482]}}, {"type": "Feature", "properties": {"name": "Blaine Film Arts Center", "city": "Blaine", "state": "Minnesota", "type": "Cultural Hub"}, "geometry": {"type": "Point", "coordinates": [-93.2052, 45.1553]}}, {"type": "Feature", "properties": {"name": "Wellington Symphony Hall", "city": "Wellington", "state": "Florida", "type": "Cultural Hub"}, "geometry": {"type": "Point", "coordinates": [-80.317, 26.6911]}}, {"type": "Feature", "properties": {"name": "Cupertino Civic Theater", "city": "Cupertino", "state": "California", "type": "Cultural Hub"}, "geometry": {"type": "Point", "coordinates": [-122.0647, 37.3555]}}, {"type": "Feature", "properties": {"name": "Cupertino History Museum", "city": "Cupertino", "state": "California", "type": "Cultural Hub"}, "geometry": {"type": "Point", "coordinates": [-122.0175, 37.2978]}}, {"type": "Feature", "properties": {"name": "Springfield Museum District", "city": "Springfield", "state": "Oregon", "type": "Cultural Hub"}, "geometry": {"type": "Point", "coordinates": [-123.0486, 44.0486]}}, {"type": "Feature", "properties": {"name": "Springfield Performing Arts Center", "city": "Springfield", "state": "Oregon", "type": "Cultural Hub"}, "geometry": {"type": "Point", "coordinates": [-123.0591, 44.0179]}}, {"type": "Feature", "properties": {"name": "Rogers Museum District", "city": "Rogers", "state": "Arkansas", "type": "Cultural Hub"}, "geometry": {"type": "Point", "coordinates": [-94.1318, 36.3279]}}, {"type": "Feature", "properties": {"name": "Rogers Cultural Arts Campus", "city": "Rogers", "state": "Arkansas", "type": "Cultural Hub"}, "geometry": {"type": "Point", "coordinates": [-94.0878, 36.2996]}}, {"type": "Feature", "properties": {"name": "St. Clair Shores Film Arts Center", "city": "St. Clair Shores", "state": "Michigan", "type": "Cultural Hub"}, "geometry": {"type": "Point", "coordinates": [-82.8847, 42.477]}}, {"type": "Feature", "properties": {"name": "St. Clair Shores Library Arts Center", "city": "St. Clair Shores", "state": "Michigan", "type": "Cultural Hub"}, "geometry": {"type": "Point", "coordinates": [-82.9349, 42.5132]}}, {"type": "Feature", "properties": {"name": "Gardena Heritage Museum", "city": "Gardena", "state": "California", "type": "Cultural Hub"}, "geometry": {"type": "Point", "coordinates": [-118.2978, 33.9111]}}, {"type": "Feature", "properties": {"name": "Pontiac Cultural Center", "city": "Pontiac", "state": "Michigan", "type": "Cultural Hub"}, "geometry": {"type": "Point", "coordinates": [-83.2923, 42.6479]}}, {"type": "Feature", "properties": {"name": "Pontiac Museum District", "city": "Pontiac", "state": "Michigan", "type": "Cultural Hub"}, "geometry": {"type": "Point", "coordinates": [-83.2635, 42.6085]}}, {"type": "Feature", "properties": {"name": "National City Art Museum", "city": "National City", "state": "California", "type": "Cultural Hub"}, "geometry": {"type": "Point", "coordinates": [-117.095, 32.6416]}}, {"type": "Feature", "properties": {"name": "Grand Junction Science Center", "city": "Grand Junction", "state": "Colorado", "type": "Cultural Hub"}, "geometry": {"type": "Point", "coordinates": [-108.4954, 39.0722]}}, {"type": "Feature", "properties": {"name": "Grand Junction Gallery District", "city": "Grand Junction", "state": "Colorado", "type": "Cultural Hub"}, "geometry": {"type": "Point", "coordinates": [-108.5556, 39.075]}}, {"type": "Feature", "properties": {"name": "Rocklin Convention Center", "city": "Rocklin", "state": "California", "type": "Cultural Hub"}, "geometry": {"type": "Point", "coordinates": [-121.1939, 38.8089]}}, {"type": "Feature", "properties": {"name": "Rocklin Cultural Arts Campus", "city": "Rocklin", "state": "California", "type": "Cultural Hub"}, "geometry": {"type": "Point", "coordinates": [-121.2632, 38.7827]}}, {"type": "Feature", "properties": {"name": "Chapel Hill Opera House", "city": "Chapel Hill", "state": "North Carolina", "type": "Cultural Hub"}, "geometry": {"type": "Point", "coordinates": [-79.0806, 35.8981]}}, {"type": "Feature", "properties": {"name": "Casper Entertainment District", "city": "Casper", "state": "Wyoming", "type": "Cultural Hub"}, "geometry": {"type": "Point", "coordinates": [-106.2919, 42.8656]}}, {"type": "Feature", "properties": {"name": "Broomfield Cultural Arts Campus", "city": "Broomfield", "state": "Colorado", "type": "Cultural Hub"}, "geometry": {"type": "Point", "coordinates": [-105.1307, 39.9375]}}, {"type": "Feature", "properties": {"name": "Broomfield Symphony Hall", "city": "Broomfield", "state": "Colorado", "type": "Cultural Hub"}, "geometry": {"type": "Point", "coordinates": [-105.0407, 39.9477]}}, {"type": "Feature", "properties": {"name": "Petaluma Science Center", "city": "Petaluma", "state": "California", "type": "Cultural Hub"}, "geometry": {"type": "Point", "coordinates": [-122.6434, 38.241]}}, {"type": "Feature", "properties": {"name": "South Jordan Arts District", "city": "South Jordan", "state": "Utah", "type": "Cultural Hub"}, "geometry": {"type": "Point", "coordinates": [-111.9754, 40.5584]}}, {"type": "Feature", "properties": {"name": "South Jordan Theater District", "city": "South Jordan", "state": "Utah", "type": "Cultural Hub"}, "geometry": {"type": "Point", "coordinates": [-111.9677, 40.5767]}}, {"type": "Feature", "properties": {"name": "Springfield Museum District", "city": "Springfield", "state": "Ohio", "type": "Cultural Hub"}, "geometry": {"type": "Point", "coordinates": [-83.7732, 39.8986]}}, {"type": "Feature", "properties": {"name": "Great Falls Arts District", "city": "Great Falls", "state": "Montana", "type": "Cultural Hub"}, "geometry": {"type": "Point", "coordinates": [-111.2568, 47.533]}}, {"type": "Feature", "properties": {"name": "Great Falls History Museum", "city": "Great Falls", "state": "Montana", "type": "Cultural Hub"}, "geometry": {"type": "Point", "coordinates": [-111.2405, 47.4733]}}, {"type": "Feature", "properties": {"name": "Lancaster Heritage Museum", "city": "Lancaster", "state": "Pennsylvania", "type": "Cultural Hub"}, "geometry": {"type": "Point", "coordinates": [-76.2904, 40.0265]}}, {"type": "Feature", "properties": {"name": "North Port Civic Theater", "city": "North Port", "state": "Florida", "type": "Cultural Hub"}, "geometry": {"type": "Point", "coordinates": [-82.2005, 27.0413]}}, {"type": "Feature", "properties": {"name": "Lakewood Cultural Arts Campus", "city": "Lakewood", "state": "Washington", "type": "Cultural Hub"}, "geometry": {"type": "Point", "coordinates": [-122.4644, 47.194]}}, {"type": "Feature", "properties": {"name": "Marietta Gallery District", "city": "Marietta", "state": "Georgia", "type": "Cultural Hub"}, "geometry": {"type": "Point", "coordinates": [-84.5036, 33.9821]}}, {"type": "Feature", "properties": {"name": "San Rafael Science Center", "city": "San Rafael", "state": "California", "type": "Cultural Hub"}, "geometry": {"type": "Point", "coordinates": [-122.4997, 37.9645]}}, {"type": "Feature", "properties": {"name": "Royal Oak Performing Arts Center", "city": "Royal Oak", "state": "Michigan", "type": "Cultural Hub"}, "geometry": {"type": "Point", "coordinates": [-83.0942, 42.4962]}}, {"type": "Feature", "properties": {"name": "Des Plaines Performing Arts Center", "city": "Des Plaines", "state": "Illinois", "type": "Cultural Hub"}, "geometry": {"type": "Point", "coordinates": [-87.8347, 42.0294]}}, {"type": "Feature", "properties": {"name": "Huntington Park Library Arts Center", "city": "Huntington Park", "state": "California", "type": "Cultural Hub"}, "geometry": {"type": "Point", "coordinates": [-118.179, 34.0183]}}, {"type": "Feature", "properties": {"name": "Huntington Park Heritage Museum", "city": "Huntington Park", "state": "California", "type": "Cultural Hub"}, "geometry": {"type": "Point", "coordinates": [-118.2655, 33.9767]}}, {"type": "Feature", "properties": {"name": "La Mesa Gallery District", "city": "La Mesa", "state": "California", "type": "Cultural Hub"}, "geometry": {"type": "Point", "coordinates": [-117.0291, 32.7616]}}, {"type": "Feature", "properties": {"name": "La Mesa Theater District", "city": "La Mesa", "state": "California", "type": "Cultural Hub"}, "geometry": {"type": "Point", "coordinates": [-116.9966, 32.7739]}}, {"type": "Feature", "properties": {"name": "Orland Park Entertainment District", "city": "Orland Park", "state": "Illinois", "type": "Cultural Hub"}, "geometry": {"type": "Point", "coordinates": [-87.8198, 41.6444]}}, {"type": "Feature", "properties": {"name": "Orland Park Cultural Arts Campus", "city": "Orland Park", "state": "Illinois", "type": "Cultural Hub"}, "geometry": {"type": "Point", "coordinates": [-87.8271, 41.6273]}}, {"type": "Feature", "properties": {"name": "Auburn Library Arts Center", "city": "Auburn", "state": "Alabama", "type": "Cultural Hub"}, "geometry": {"type": "Point", "coordinates": [-85.4348, 32.578]}}, {"type": "Feature", "properties": {"name": "Lakeville History Museum", "city": "Lakeville", "state": "Minnesota", "type": "Cultural Hub"}, "geometry": {"type": "Point", "coordinates": [-93.2165, 44.6311]}}, {"type": "Feature", "properties": {"name": "Lakeville Art Museum", "city": "Lakeville", "state": "Minnesota", "type": "Cultural Hub"}, "geometry": {"type": "Point", "coordinates": [-93.2579, 44.671]}}, {"type": "Feature", "properties": {"name": "Owensboro History Museum", "city": "Owensboro", "state": "Kentucky", "type": "Cultural Hub"}, "geometry": {"type": "Point", "coordinates": [-87.1252, 37.7946]}}, {"type": "Feature", "properties": {"name": "Owensboro Cultural Center", "city": "Owensboro", "state": "Kentucky", "type": "Cultural Hub"}, "geometry": {"type": "Point", "coordinates": [-87.1341, 37.7659]}}, {"type": "Feature", "properties": {"name": "Moore Art Museum", "city": "Moore", "state": "Oklahoma", "type": "Cultural Hub"}, "geometry": {"type": "Point", "coordinates": [-97.5239, 35.3035]}}, {"type": "Feature", "properties": {"name": "Moore Cultural Center", "city": "Moore", "state": "Oklahoma", "type": "Cultural Hub"}, "geometry": {"type": "Point", "coordinates": [-97.4432, 35.3114]}}, {"type": "Feature", "properties": {"name": "Jupiter Film Arts Center", "city": "Jupiter", "state": "Florida", "type": "Cultural Hub"}, "geometry": {"type": "Point", "coordinates": [-80.1211, 26.8993]}}, {"type": "Feature", "properties": {"name": "Jupiter Entertainment District", "city": "Jupiter", "state": "Florida", "type": "Cultural Hub"}, "geometry": {"type": "Point", "coordinates": [-80.1132, 26.9615]}}, {"type": "Feature", "properties": {"name": "Idaho Falls Entertainment District", "city": "Idaho Falls", "state": "Idaho", "type": "Cultural Hub"}, "geometry": {"type": "Point", "coordinates": [-112.0469, 43.4947]}}, {"type": "Feature", "properties": {"name": "Idaho Falls Cultural Arts Campus", "city": "Idaho Falls", "state": "Idaho", "type": "Cultural Hub"}, "geometry": {"type": "Point", "coordinates": [-112.0444, 43.4945]}}, {"type": "Feature", "properties": {"name": "Dubuque Science Center", "city": "Dubuque", "state": "Iowa", "type": "Cultural Hub"}, "geometry": {"type": "Point", "coordinates": [-90.7101, 42.4727]}}, {"type": "Feature", "properties": {"name": "Dubuque History Museum", "city": "Dubuque", "state": "Iowa", "type": "Cultural Hub"}, "geometry": {"type": "Point", "coordinates": [-90.6946, 42.4875]}}, {"type": "Feature", "properties": {"name": "Bartlett Cultural Center", "city": "Bartlett", "state": "Tennessee", "type": "Cultural Hub"}, "geometry": {"type": "Point", "coordinates": [-89.8561, 35.2381]}}, {"type": "Feature", "properties": {"name": "Rowlett Gallery District", "city": "Rowlett", "state": "Texas", "type": "Cultural Hub"}, "geometry": {"type": "Point", "coordinates": [-96.5817, 32.933]}}, {"type": "Feature", "properties": {"name": "Novi Cultural Arts Campus", "city": "Novi", "state": "Michigan", "type": "Cultural Hub"}, "geometry": {"type": "Point", "coordinates": [-83.4342, 42.4999]}}, {"type": "Feature", "properties": {"name": "White Plains Performing Arts Center", "city": "White Plains", "state": "New York", "type": "Cultural Hub"}, "geometry": {"type": "Point", "coordinates": [-73.7546, 41.0032]}}, {"type": "Feature", "properties": {"name": "White Plains Cultural Center", "city": "White Plains", "state": "New York", "type": "Cultural Hub"}, "geometry": {"type": "Point", "coordinates": [-73.8058, 41.0545]}}, {"type": "Feature", "properties": {"name": "Arcadia Entertainment District", "city": "Arcadia", "state": "California", "type": "Cultural Hub"}, "geometry": {"type": "Point", "coordinates": [-118.0752, 34.1764]}}, {"type": "Feature", "properties": {"name": "Redmond Civic Theater", "city": "Redmond", "state": "Washington", "type": "Cultural Hub"}, "geometry": {"type": "Point", "coordinates": [-122.135, 47.6662]}}, {"type": "Feature", "properties": {"name": "Lake Elsinore Theater District", "city": "Lake Elsinore", "state": "California", "type": "Cultural Hub"}, "geometry": {"type": "Point", "coordinates": [-117.3815, 33.6658]}}, {"type": "Feature", "properties": {"name": "Ocala Performing Arts Center", "city": "Ocala", "state": "Florida", "type": "Cultural Hub"}, "geometry": {"type": "Point", "coordinates": [-82.1776, 29.1697]}}, {"type": "Feature", "properties": {"name": "Ocala Museum District", "city": "Ocala", "state": "Florida", "type": "Cultural Hub"}, "geometry": {"type": "Point", "coordinates": [-82.1257, 29.1964]}}, {"type": "Feature", "properties": {"name": "Tinley Park Performing Arts Center", "city": "Tinley Park", "state": "Illinois", "type": "Cultural Hub"}, "geometry": {"type": "Point", "coordinates": [-87.7557, 41.561]}}, {"type": "Feature", "properties": {"name": "Tinley Park Opera House", "city": "Tinley Park", "state": "Illinois", "type": "Cultural Hub"}, "geometry": {"type": "Point", "coordinates": [-87.7573, 41.5666]}}, {"type": "Feature", "properties": {"name": "Port Orange Symphony Hall", "city": "Port Orange", "state": "Florida", "type": "Cultural Hub"}, "geometry": {"type": "Point", "coordinates": [-80.9757, 29.1151]}}, {"type": "Feature", "properties": {"name": "Medford Convention Center", "city": "Medford", "state": "Massachusetts", "type": "Cultural Hub"}, "geometry": {"type": "Point", "coordinates": [-71.1211, 42.4223]}}, {"type": "Feature", "properties": {"name": "Medford Arts District", "city": "Medford", "state": "Massachusetts", "type": "Cultural Hub"}, "geometry": {"type": "Point", "coordinates": [-71.1431, 42.4189]}}, {"type": "Feature", "properties": {"name": "Oak Lawn Symphony Hall", "city": "Oak Lawn", "state": "Illinois", "type": "Cultural Hub"}, "geometry": {"type": "Point", "coordinates": [-87.7502, 41.7116]}}, {"type": "Feature", "properties": {"name": "Oak Lawn Arts District", "city": "Oak Lawn", "state": "Illinois", "type": "Cultural Hub"}, "geometry": {"type": "Point", "coordinates": [-87.7548, 41.7474]}}, {"type": "Feature", "properties": {"name": "Rocky Mount Science Center", "city": "Rocky Mount", "state": "North Carolina", "type": "Cultural Hub"}, "geometry": {"type": "Point", "coordinates": [-77.7526, 35.9389]}}, {"type": "Feature", "properties": {"name": "Kokomo Film Arts Center", "city": "Kokomo", "state": "Indiana", "type": "Cultural Hub"}, "geometry": {"type": "Point", "coordinates": [-86.1623, 40.4917]}}, {"type": "Feature", "properties": {"name": "Coconut Creek Science Center", "city": "Coconut Creek", "state": "Florida", "type": "Cultural Hub"}, "geometry": {"type": "Point", "coordinates": [-80.1343, 26.2729]}}, {"type": "Feature", "properties": {"name": "Coconut Creek Civic Theater", "city": "Coconut Creek", "state": "Florida", "type": "Cultural Hub"}, "geometry": {"type": "Point", "coordinates": [-80.1943, 26.2654]}}, {"type": "Feature", "properties": {"name": "Bowie Theater District", "city": "Bowie", "state": "Maryland", "type": "Cultural Hub"}, "geometry": {"type": "Point", "coordinates": [-76.7995, 38.9775]}}, {"type": "Feature", "properties": {"name": "Berwyn Heritage Museum", "city": "Berwyn", "state": "Illinois", "type": "Cultural Hub"}, "geometry": {"type": "Point", "coordinates": [-87.8095, 41.8522]}}, {"type": "Feature", "properties": {"name": "Berwyn History Museum", "city": "Berwyn", "state": "Illinois", "type": "Cultural Hub"}, "geometry": {"type": "Point", "coordinates": [-87.8002, 41.8671]}}, {"type": "Feature", "properties": {"name": "Midwest City Art Museum", "city": "Midwest City", "state": "Oklahoma", "type": "Cultural Hub"}, "geometry": {"type": "Point", "coordinates": [-97.3638, 35.4395]}}, {"type": "Feature", "properties": {"name": "Fountain Valley Entertainment District", "city": "Fountain Valley", "state": "California", "type": "Cultural Hub"}, "geometry": {"type": "Point", "coordinates": [-117.9128, 33.7405]}}, {"type": "Feature", "properties": {"name": "Buckeye Convention Center", "city": "Buckeye", "state": "Arizona", "type": "Cultural Hub"}, "geometry": {"type": "Point", "coordinates": [-112.5436, 33.3638]}}, {"type": "Feature", "properties": {"name": "Dearborn Heights Gallery District", "city": "Dearborn Heights", "state": "Michigan", "type": "Cultural Hub"}, "geometry": {"type": "Point", "coordinates": [-83.3034, 42.2983]}}, {"type": "Feature", "properties": {"name": "Woodland Civic Theater", "city": "Woodland", "state": "California", "type": "Cultural Hub"}, "geometry": {"type": "Point", "coordinates": [-121.7849, 38.6474]}}, {"type": "Feature", "properties": {"name": "Woodland Theater District", "city": "Woodland", "state": "California", "type": "Cultural Hub"}, "geometry": {"type": "Point", "coordinates": [-121.795, 38.6816]}}, {"type": "Feature", "properties": {"name": "Noblesville Theater District", "city": "Noblesville", "state": "Indiana", "type": "Cultural Hub"}, "geometry": {"type": "Point", "coordinates": [-85.9913, 40.0363]}}, {"type": "Feature", "properties": {"name": "Valdosta Arts District", "city": "Valdosta", "state": "Georgia", "type": "Cultural Hub"}, "geometry": {"type": "Point", "coordinates": [-83.3026, 30.8027]}}, {"type": "Feature", "properties": {"name": "Valdosta Gallery District", "city": "Valdosta", "state": "Georgia", "type": "Cultural Hub"}, "geometry": {"type": "Point", "coordinates": [-83.2693, 30.8146]}}, {"type": "Feature", "properties": {"name": "Diamond Bar Cultural Center", "city": "Diamond Bar", "state": "California", "type": "Cultural Hub"}, "geometry": {"type": "Point", "coordinates": [-117.8284, 34.002]}}, {"type": "Feature", "properties": {"name": "Manhattan Theater District", "city": "Manhattan", "state": "Kansas", "type": "Cultural Hub"}, "geometry": {"type": "Point", "coordinates": [-96.6023, 39.1734]}}, {"type": "Feature", "properties": {"name": "Manhattan Civic Theater", "city": "Manhattan", "state": "Kansas", "type": "Cultural Hub"}, "geometry": {"type": "Point", "coordinates": [-96.592, 39.146]}}, {"type": "Feature", "properties": {"name": "Santee Arts District", "city": "Santee", "state": "California", "type": "Cultural Hub"}, "geometry": {"type": "Point", "coordinates": [-117.0158, 32.8299]}}, {"type": "Feature", "properties": {"name": "Taunton Symphony Hall", "city": "Taunton", "state": "Massachusetts", "type": "Cultural Hub"}, "geometry": {"type": "Point", "coordinates": [-71.1064, 41.9195]}}, {"type": "Feature", "properties": {"name": "Sanford Art Museum", "city": "Sanford", "state": "Florida", "type": "Cultural Hub"}, "geometry": {"type": "Point", "coordinates": [-81.3154, 28.7986]}}, {"type": "Feature", "properties": {"name": "Kettering Library Arts Center", "city": "Kettering", "state": "Ohio", "type": "Cultural Hub"}, "geometry": {"type": "Point", "coordinates": [-84.2168, 39.6912]}}, {"type": "Feature", "properties": {"name": "Kettering Civic Theater", "city": "Kettering", "state": "Ohio", "type": "Cultural Hub"}, "geometry": {"type": "Point", "coordinates": [-84.1732, 39.6652]}}, {"type": "Feature", "properties": {"name": "New Brunswick Arts District", "city": "New Brunswick", "state": "New Jersey", "type": "Cultural Hub"}, "geometry": {"type": "Point", "coordinates": [-74.4429, 40.4566]}}, {"type": "Feature", "properties": {"name": "Decatur Civic Theater", "city": "Decatur", "state": "Alabama", "type": "Cultural Hub"}, "geometry": {"type": "Point", "coordinates": [-86.9797, 34.6175]}}, {"type": "Feature", "properties": {"name": "Decatur Library Arts Center", "city": "Decatur", "state": "Alabama", "type": "Cultural Hub"}, "geometry": {"type": "Point", "coordinates": [-86.9566, 34.5746]}}, {"type": "Feature", "properties": {"name": "Chicopee Heritage Museum", "city": "Chicopee", "state": "Massachusetts", "type": "Cultural Hub"}, "geometry": {"type": "Point", "coordinates": [-72.5531, 42.1713]}}, {"type": "Feature", "properties": {"name": "Chicopee Library Arts Center", "city": "Chicopee", "state": "Massachusetts", "type": "Cultural Hub"}, "geometry": {"type": "Point", "coordinates": [-72.5607, 42.182]}}, {"type": "Feature", "properties": {"name": "Anderson Arts District", "city": "Anderson", "state": "Indiana", "type": "Cultural Hub"}, "geometry": {"type": "Point", "coordinates": [-85.7356, 40.1017]}}, {"type": "Feature", "properties": {"name": "Margate Arts District", "city": "Margate", "state": "Florida", "type": "Cultural Hub"}, "geometry": {"type": "Point", "coordinates": [-80.2098, 26.2721]}}, {"type": "Feature", "properties": {"name": "Margate Opera House", "city": "Margate", "state": "Florida", "type": "Cultural Hub"}, "geometry": {"type": "Point", "coordinates": [-80.2492, 26.2245]}}, {"type": "Feature", "properties": {"name": "Weymouth Town Performing Arts Center", "city": "Weymouth Town", "state": "Massachusetts", "type": "Cultural Hub"}, "geometry": {"type": "Point", "coordinates": [-70.9861, 42.2338]}}, {"type": "Feature", "properties": {"name": "Hempstead Convention Center", "city": "Hempstead", "state": "New York", "type": "Cultural Hub"}, "geometry": {"type": "Point", "coordinates": [-73.6159, 40.7034]}}, {"type": "Feature", "properties": {"name": "Hempstead Opera House", "city": "Hempstead", "state": "New York", "type": "Cultural Hub"}, "geometry": {"type": "Point", "coordinates": [-73.5955, 40.7136]}}, {"type": "Feature", "properties": {"name": "Corvallis Library Arts Center", "city": "Corvallis", "state": "Oregon", "type": "Cultural Hub"}, "geometry": {"type": "Point", "coordinates": [-123.2487, 44.5524]}}, {"type": "Feature", "properties": {"name": "Eastvale Science Center", "city": "Eastvale", "state": "California", "type": "Cultural Hub"}, "geometry": {"type": "Point", "coordinates": [-117.5588, 33.9754]}}, {"type": "Feature", "properties": {"name": "Eastvale Civic Theater", "city": "Eastvale", "state": "California", "type": "Cultural Hub"}, "geometry": {"type": "Point", "coordinates": [-117.6367, 33.9764]}}, {"type": "Feature", "properties": {"name": "Porterville Gallery District", "city": "Porterville", "state": "California", "type": "Cultural Hub"}, "geometry": {"type": "Point", "coordinates": [-119.0663, 36.0414]}}, {"type": "Feature", "properties": {"name": "Porterville Theater District", "city": "Porterville", "state": "California", "type": "Cultural Hub"}, "geometry": {"type": "Point", "coordinates": [-118.9653, 36.0892]}}, {"type": "Feature", "properties": {"name": "West Haven Civic Theater", "city": "West Haven", "state": "Connecticut", "type": "Cultural Hub"}, "geometry": {"type": "Point", "coordinates": [-72.9559, 41.2646]}}, {"type": "Feature", "properties": {"name": "West Haven Theater District", "city": "West Haven", "state": "Connecticut", "type": "Cultural Hub"}, "geometry": {"type": "Point", "coordinates": [-72.8921, 41.2822]}}, {"type": "Feature", "properties": {"name": "Brentwood Arts District", "city": "Brentwood", "state": "California", "type": "Cultural Hub"}, "geometry": {"type": "Point", "coordinates": [-121.7012, 37.9667]}}, {"type": "Feature", "properties": {"name": "Brentwood Cultural Arts Campus", "city": "Brentwood", "state": "California", "type": "Cultural Hub"}, "geometry": {"type": "Point", "coordinates": [-121.7407, 37.9605]}}, {"type": "Feature", "properties": {"name": "Paramount Film Arts Center", "city": "Paramount", "state": "California", "type": "Cultural Hub"}, "geometry": {"type": "Point", "coordinates": [-118.1873, 33.9092]}}, {"type": "Feature", "properties": {"name": "Paramount Arts District", "city": "Paramount", "state": "California", "type": "Cultural Hub"}, "geometry": {"type": "Point", "coordinates": [-118.213, 33.8941]}}, {"type": "Feature", "properties": {"name": "Grand Forks Gallery District", "city": "Grand Forks", "state": "North Dakota", "type": "Cultural Hub"}, "geometry": {"type": "Point", "coordinates": [-97.0404, 47.932]}}, {"type": "Feature", "properties": {"name": "Georgetown Film Arts Center", "city": "Georgetown", "state": "Texas", "type": "Cultural Hub"}, "geometry": {"type": "Point", "coordinates": [-97.6821, 30.6682]}}, {"type": "Feature", "properties": {"name": "Georgetown Symphony Hall", "city": "Georgetown", "state": "Texas", "type": "Cultural Hub"}, "geometry": {"type": "Point", "coordinates": [-97.6221, 30.6021]}}, {"type": "Feature", "properties": {"name": "St. Peters History Museum", "city": "St. Peters", "state": "Missouri", "type": "Cultural Hub"}, "geometry": {"type": "Point", "coordinates": [-90.6564, 38.7821]}}, {"type": "Feature", "properties": {"name": "St. Peters Film Arts Center", "city": "St. Peters", "state": "Missouri", "type": "Cultural Hub"}, "geometry": {"type": "Point", "coordinates": [-90.6193, 38.7922]}}, {"type": "Feature", "properties": {"name": "Shoreline Convention Center", "city": "Shoreline", "state": "Washington", "type": "Cultural Hub"}, "geometry": {"type": "Point", "coordinates": [-122.3112, 47.7681]}}, {"type": "Feature", "properties": {"name": "Mount Prospect Entertainment District", "city": "Mount Prospect", "state": "Illinois", "type": "Cultural Hub"}, "geometry": {"type": "Point", "coordinates": [-87.9247, 42.0283]}}, {"type": "Feature", "properties": {"name": "Hanford Art Museum", "city": "Hanford", "state": "California", "type": "Cultural Hub"}, "geometry": {"type": "Point", "coordinates": [-119.6022, 36.3248]}}, {"type": "Feature", "properties": {"name": "Hanford Entertainment District", "city": "Hanford", "state": "California", "type": "Cultural Hub"}, "geometry": {"type": "Point", "coordinates": [-119.6222, 36.3055]}}, {"type": "Feature", "properties": {"name": "Normal Entertainment District", "city": "Normal", "state": "Illinois", "type": "Cultural Hub"}, "geometry": {"type": "Point", "coordinates": [-89.0263, 40.5076]}}, {"type": "Feature", "properties": {"name": "Rosemead Opera House", "city": "Rosemead", "state": "California", "type": "Cultural Hub"}, "geometry": {"type": "Point", "coordinates": [-118.087, 34.0729]}}, {"type": "Feature", "properties": {"name": "Rosemead Civic Theater", "city": "Rosemead", "state": "California", "type": "Cultural Hub"}, "geometry": {"type": "Point", "coordinates": [-118.0593, 34.0557]}}, {"type": "Feature", "properties": {"name": "Lehi Symphony Hall", "city": "Lehi", "state": "Utah", "type": "Cultural Hub"}, "geometry": {"type": "Point", "coordinates": [-111.8701, 40.3795]}}, {"type": "Feature", "properties": {"name": "Pocatello Performing Arts Center", "city": "Pocatello", "state": "Idaho", "type": "Cultural Hub"}, "geometry": {"type": "Point", "coordinates": [-112.4945, 42.8629]}}, {"type": "Feature", "properties": {"name": "Highland Film Arts Center", "city": "Highland", "state": "California", "type": "Cultural Hub"}, "geometry": {"type": "Point", "coordinates": [-117.1823, 34.1434]}}, {"type": "Feature", "properties": {"name": "Highland Science Center", "city": "Highland", "state": "California", "type": "Cultural Hub"}, "geometry": {"type": "Point", "coordinates": [-117.2006, 34.1285]}}, {"type": "Feature", "properties": {"name": "Novato Opera House", "city": "Novato", "state": "California", "type": "Cultural Hub"}, "geometry": {"type": "Point", "coordinates": [-122.6256, 38.1012]}}, {"type": "Feature", "properties": {"name": "Novato Convention Center", "city": "Novato", "state": "California", "type": "Cultural Hub"}, "geometry": {"type": "Point", "coordinates": [-122.5191, 38.0789]}}, {"type": "Feature", "properties": {"name": "Port Arthur Museum District", "city": "Port Arthur", "state": "Texas", "type": "Cultural Hub"}, "geometry": {"type": "Point", "coordinates": [-93.9721, 29.9076]}}, {"type": "Feature", "properties": {"name": "Carson City Theater District", "city": "Carson City", "state": "Nevada", "type": "Cultural Hub"}, "geometry": {"type": "Point", "coordinates": [-119.7771, 39.134]}}, {"type": "Feature", "properties": {"name": "San Marcos Science Center", "city": "San Marcos", "state": "Texas", "type": "Cultural Hub"}, "geometry": {"type": "Point", "coordinates": [-97.9273, 29.9113]}}, {"type": "Feature", "properties": {"name": "Hendersonville Theater District", "city": "Hendersonville", "state": "Tennessee", "type": "Cultural Hub"}, "geometry": {"type": "Point", "coordinates": [-86.6443, 36.2745]}}, {"type": "Feature", "properties": {"name": "Elyria Convention Center", "city": "Elyria", "state": "Ohio", "type": "Cultural Hub"}, "geometry": {"type": "Point", "coordinates": [-82.1203, 41.3688]}}, {"type": "Feature", "properties": {"name": "Revere Art Museum", "city": "Revere", "state": "Massachusetts", "type": "Cultural Hub"}, "geometry": {"type": "Point", "coordinates": [-70.971, 42.4343]}}, {"type": "Feature", "properties": {"name": "Pflugerville Heritage Museum", "city": "Pflugerville", "state": "Texas", "type": "Cultural Hub"}, "geometry": {"type": "Point", "coordinates": [-97.6082, 30.4612]}}, {"type": "Feature", "properties": {"name": "Greenwood History Museum", "city": "Greenwood", "state": "Indiana", "type": "Cultural Hub"}, "geometry": {"type": "Point", "coordinates": [-86.1478, 39.6289]}}, {"type": "Feature", "properties": {"name": "Bellevue Convention Center", "city": "Bellevue", "state": "Nebraska", "type": "Cultural Hub"}, "geometry": {"type": "Point", "coordinates": [-95.9174, 41.1835]}}, {"type": "Feature", "properties": {"name": "Bellevue Gallery District", "city": "Bellevue", "state": "Nebraska", "type": "Cultural Hub"}, "geometry": {"type": "Point", "coordinates": [-95.9119, 41.1886]}}, {"type": "Feature", "properties": {"name": "Wheaton Entertainment District", "city": "Wheaton", "state": "Illinois", "type": "Cultural Hub"}, "geometry": {"type": "Point", "coordinates": [-88.1139, 41.8917]}}, {"type": "Feature", "properties": {"name": "Wheaton Heritage Museum", "city": "Wheaton", "state": "Illinois", "type": "Cultural Hub"}, "geometry": {"type": "Point", "coordinates": [-88.1598, 41.9058]}}, {"type": "Feature", "properties": {"name": "Smyrna Heritage Museum", "city": "Smyrna", "state": "Georgia", "type": "Cultural Hub"}, "geometry": {"type": "Point", "coordinates": [-84.4972, 33.8823]}}, {"type": "Feature", "properties": {"name": "Smyrna History Museum", "city": "Smyrna", "state": "Georgia", "type": "Cultural Hub"}, "geometry": {"type": "Point", "coordinates": [-84.5299, 33.9195]}}, {"type": "Feature", "properties": {"name": "Sarasota Art Museum", "city": "Sarasota", "state": "Florida", "type": "Cultural Hub"}, "geometry": {"type": "Point", "coordinates": [-82.5336, 27.3306]}}, {"type": "Feature", "properties": {"name": "Blue Springs Cultural Center", "city": "Blue Springs", "state": "Missouri", "type": "Cultural Hub"}, "geometry": {"type": "Point", "coordinates": [-94.2732, 38.9806]}}, {"type": "Feature", "properties": {"name": "Blue Springs Cultural Arts Campus", "city": "Blue Springs", "state": "Missouri", "type": "Cultural Hub"}, "geometry": {"type": "Point", "coordinates": [-94.2269, 39.0424]}}, {"type": "Feature", "properties": {"name": "Colton Convention Center", "city": "Colton", "state": "California", "type": "Cultural Hub"}, "geometry": {"type": "Point", "coordinates": [-117.291, 34.06]}}, {"type": "Feature", "properties": {"name": "Euless Cultural Center", "city": "Euless", "state": "Texas", "type": "Cultural Hub"}, "geometry": {"type": "Point", "coordinates": [-97.0632, 32.8069]}}, {"type": "Feature", "properties": {"name": "Euless Civic Theater", "city": "Euless", "state": "Texas", "type": "Cultural Hub"}, "geometry": {"type": "Point", "coordinates": [-97.0979, 32.7986]}}, {"type": "Feature", "properties": {"name": "Castle Rock History Museum", "city": "Castle Rock", "state": "Colorado", "type": "Cultural Hub"}, "geometry": {"type": "Point", "coordinates": [-104.9119, 39.3836]}}, {"type": "Feature", "properties": {"name": "Cathedral City Science Center", "city": "Cathedral City", "state": "California", "type": "Cultural Hub"}, "geometry": {"type": "Point", "coordinates": [-116.4634, 33.7742]}}, {"type": "Feature", "properties": {"name": "Cathedral City Heritage Museum", "city": "Cathedral City", "state": "California", "type": "Cultural Hub"}, "geometry": {"type": "Point", "coordinates": [-116.4272, 33.767]}}, {"type": "Feature", "properties": {"name": "Kingsport Entertainment District", "city": "Kingsport", "state": "Tennessee", "type": "Cultural Hub"}, "geometry": {"type": "Point", "coordinates": [-82.6126, 36.5177]}}, {"type": "Feature", "properties": {"name": "Kingsport Museum District", "city": "Kingsport", "state": "Tennessee", "type": "Cultural Hub"}, "geometry": {"type": "Point", "coordinates": [-82.5934, 36.5555]}}, {"type": "Feature", "properties": {"name": "Lake Havasu City Gallery District", "city": "Lake Havasu City", "state": "Arizona", "type": "Cultural Hub"}, "geometry": {"type": "Point", "coordinates": [-114.3251, 34.5138]}}, {"type": "Feature", "properties": {"name": "Lake Havasu City Entertainment District", "city": "Lake Havasu City", "state": "Arizona", "type": "Cultural Hub"}, "geometry": {"type": "Point", "coordinates": [-114.3037, 34.4714]}}, {"type": "Feature", "properties": {"name": "Pensacola Heritage Museum", "city": "Pensacola", "state": "Florida", "type": "Cultural Hub"}, "geometry": {"type": "Point", "coordinates": [-87.2109, 30.4468]}}, {"type": "Feature", "properties": {"name": "Pensacola Arts District", "city": "Pensacola", "state": "Florida", "type": "Cultural Hub"}, "geometry": {"type": "Point", "coordinates": [-87.1918, 30.433]}}, {"type": "Feature", "properties": {"name": "Hoboken Gallery District", "city": "Hoboken", "state": "New Jersey", "type": "Cultural Hub"}, "geometry": {"type": "Point", "coordinates": [-74.0445, 40.7549]}}, {"type": "Feature", "properties": {"name": "Hoboken Theater District", "city": "Hoboken", "state": "New Jersey", "type": "Cultural Hub"}, "geometry": {"type": "Point", "coordinates": [-74.0058, 40.7702]}}, {"type": "Feature", "properties": {"name": "Yucaipa Performing Arts Center", "city": "Yucaipa", "state": "California", "type": "Cultural Hub"}, "geometry": {"type": "Point", "coordinates": [-117.0778, 34.0418]}}, {"type": "Feature", "properties": {"name": "Yucaipa Film Arts Center", "city": "Yucaipa", "state": "California", "type": "Cultural Hub"}, "geometry": {"type": "Point", "coordinates": [-117.0465, 34.0058]}}, {"type": "Feature", "properties": {"name": "Watsonville Entertainment District", "city": "Watsonville", "state": "California", "type": "Cultural Hub"}, "geometry": {"type": "Point", "coordinates": [-121.7257, 36.9386]}}, {"type": "Feature", "properties": {"name": "Richland Entertainment District", "city": "Richland", "state": "Washington", "type": "Cultural Hub"}, "geometry": {"type": "Point", "coordinates": [-119.2682, 46.2732]}}, {"type": "Feature", "properties": {"name": "Richland Museum District", "city": "Richland", "state": "Washington", "type": "Cultural Hub"}, "geometry": {"type": "Point", "coordinates": [-119.2885, 46.2902]}}, {"type": "Feature", "properties": {"name": "Delano Entertainment District", "city": "Delano", "state": "California", "type": "Cultural Hub"}, "geometry": {"type": "Point", "coordinates": [-119.2156, 35.7852]}}, {"type": "Feature", "properties": {"name": "Delano Museum District", "city": "Delano", "state": "California", "type": "Cultural Hub"}, "geometry": {"type": "Point", "coordinates": [-119.2595, 35.7476]}}, {"type": "Feature", "properties": {"name": "Hoffman Estates Gallery District", "city": "Hoffman Estates", "state": "Illinois", "type": "Cultural Hub"}, "geometry": {"type": "Point", "coordinates": [-88.1423, 42.0331]}}, {"type": "Feature", "properties": {"name": "Florissant Entertainment District", "city": "Florissant", "state": "Missouri", "type": "Cultural Hub"}, "geometry": {"type": "Point", "coordinates": [-90.2672, 38.8191]}}, {"type": "Feature", "properties": {"name": "Florissant Performing Arts Center", "city": "Florissant", "state": "Missouri", "type": "Cultural Hub"}, "geometry": {"type": "Point", "coordinates": [-90.3632, 38.7985]}}, {"type": "Feature", "properties": {"name": "Placentia Cultural Arts Campus", "city": "Placentia", "state": "California", "type": "Cultural Hub"}, "geometry": {"type": "Point", "coordinates": [-117.8623, 33.8932]}}, {"type": "Feature", "properties": {"name": "Placentia Cultural Center", "city": "Placentia", "state": "California", "type": "Cultural Hub"}, "geometry": {"type": "Point", "coordinates": [-117.8861, 33.8356]}}, {"type": "Feature", "properties": {"name": "West New York Heritage Museum", "city": "West New York", "state": "New Jersey", "type": "Cultural Hub"}, "geometry": {"type": "Point", "coordinates": [-74.018, 40.7746]}}, {"type": "Feature", "properties": {"name": "Dublin Arts District", "city": "Dublin", "state": "California", "type": "Cultural Hub"}, "geometry": {"type": "Point", "coordinates": [-121.9033, 37.689]}}, {"type": "Feature", "properties": {"name": "Oak Park Gallery District", "city": "Oak Park", "state": "Illinois", "type": "Cultural Hub"}, "geometry": {"type": "Point", "coordinates": [-87.7935, 41.8528]}}, {"type": "Feature", "properties": {"name": "Peabody Film Arts Center", "city": "Peabody", "state": "Massachusetts", "type": "Cultural Hub"}, "geometry": {"type": "Point", "coordinates": [-70.937, 42.5501]}}, {"type": "Feature", "properties": {"name": "Perth Amboy Convention Center", "city": "Perth Amboy", "state": "New Jersey", "type": "Cultural Hub"}, "geometry": {"type": "Point", "coordinates": [-74.2534, 40.5072]}}, {"type": "Feature", "properties": {"name": "Battle Creek Cultural Center", "city": "Battle Creek", "state": "Michigan", "type": "Cultural Hub"}, "geometry": {"type": "Point", "coordinates": [-85.2028, 42.29]}}, {"type": "Feature", "properties": {"name": "Battle Creek Arts District", "city": "Battle Creek", "state": "Michigan", "type": "Cultural Hub"}, "geometry": {"type": "Point", "coordinates": [-85.1372, 42.3166]}}, {"type": "Feature", "properties": {"name": "Bradenton Civic Theater", "city": "Bradenton", "state": "Florida", "type": "Cultural Hub"}, "geometry": {"type": "Point", "coordinates": [-82.6202, 27.4625]}}, {"type": "Feature", "properties": {"name": "Gilroy Civic Theater", "city": "Gilroy", "state": "California", "type": "Cultural Hub"}, "geometry": {"type": "Point", "coordinates": [-121.616, 37.0171]}}, {"type": "Feature", "properties": {"name": "Gilroy Science Center", "city": "Gilroy", "state": "California", "type": "Cultural Hub"}, "geometry": {"type": "Point", "coordinates": [-121.5458, 37.0299]}}, {"type": "Feature", "properties": {"name": "Milford Theater District", "city": "Milford", "state": "Connecticut", "type": "Cultural Hub"}, "geometry": {"type": "Point", "coordinates": [-73.0435, 41.2664]}}, {"type": "Feature", "properties": {"name": "Milford Performing Arts Center", "city": "Milford", "state": "Connecticut", "type": "Cultural Hub"}, "geometry": {"type": "Point", "coordinates": [-73.0298, 41.2164]}}, {"type": "Feature", "properties": {"name": "Albany Theater District", "city": "Albany", "state": "Oregon", "type": "Cultural Hub"}, "geometry": {"type": "Point", "coordinates": [-123.053, 44.652]}}, {"type": "Feature", "properties": {"name": "Ankeny Cultural Arts Campus", "city": "Ankeny", "state": "Iowa", "type": "Cultural Hub"}, "geometry": {"type": "Point", "coordinates": [-93.6384, 41.7141]}}, {"type": "Feature", "properties": {"name": "La Crosse Opera House", "city": "La Crosse", "state": "Wisconsin", "type": "Cultural Hub"}, "geometry": {"type": "Point", "coordinates": [-91.2322, 43.8009]}}, {"type": "Feature", "properties": {"name": "La Crosse History Museum", "city": "La Crosse", "state": "Wisconsin", "type": "Cultural Hub"}, "geometry": {"type": "Point", "coordinates": [-91.2813, 43.8223]}}, {"type": "Feature", "properties": {"name": "Burlington Arts District", "city": "Burlington", "state": "North Carolina", "type": "Cultural Hub"}, "geometry": {"type": "Point", "coordinates": [-79.4139, 36.1224]}}, {"type": "Feature", "properties": {"name": "Burlington Opera House", "city": "Burlington", "state": "North Carolina", "type": "Cultural Hub"}, "geometry": {"type": "Point", "coordinates": [-79.3959, 36.1084]}}, {"type": "Feature", "properties": {"name": "DeSoto Civic Theater", "city": "DeSoto", "state": "Texas", "type": "Cultural Hub"}, "geometry": {"type": "Point", "coordinates": [-96.8218, 32.6189]}}, {"type": "Feature", "properties": {"name": "DeSoto Gallery District", "city": "DeSoto", "state": "Texas", "type": "Cultural Hub"}, "geometry": {"type": "Point", "coordinates": [-96.8927, 32.6285]}}, {"type": "Feature", "properties": {"name": "Harrisonburg History Museum", "city": "Harrisonburg", "state": "Virginia", "type": "Cultural Hub"}, "geometry": {"type": "Point", "coordinates": [-78.8139, 38.4773]}}, {"type": "Feature", "properties": {"name": "Harrisonburg Film Arts Center", "city": "Harrisonburg", "state": "Virginia", "type": "Cultural Hub"}, "geometry": {"type": "Point", "coordinates": [-78.8714, 38.4844]}}, {"type": "Feature", "properties": {"name": "Minnetonka Opera House", "city": "Minnetonka", "state": "Minnesota", "type": "Cultural Hub"}, "geometry": {"type": "Point", "coordinates": [-93.4273, 44.8862]}}, {"type": "Feature", "properties": {"name": "Elkhart Entertainment District", "city": "Elkhart", "state": "Indiana", "type": "Cultural Hub"}, "geometry": {"type": "Point", "coordinates": [-85.9532, 41.6834]}}, {"type": "Feature", "properties": {"name": "Elkhart Symphony Hall", "city": "Elkhart", "state": "Indiana", "type": "Cultural Hub"}, "geometry": {"type": "Point", "coordinates": [-86.0201, 41.7035]}}, {"type": "Feature", "properties": {"name": "Lakewood History Museum", "city": "Lakewood", "state": "Ohio", "type": "Cultural Hub"}, "geometry": {"type": "Point", "coordinates": [-81.7557, 41.4776]}}, {"type": "Feature", "properties": {"name": "Glendora History Museum", "city": "Glendora", "state": "California", "type": "Cultural Hub"}, "geometry": {"type": "Point", "coordinates": [-117.9053, 34.0985]}}, {"type": "Feature", "properties": {"name": "Southaven Symphony Hall", "city": "Southaven", "state": "Mississippi", "type": "Cultural Hub"}, "geometry": {"type": "Point", "coordinates": [-90.0505, 34.9689]}}, {"type": "Feature", "properties": {"name": "Charleston Entertainment District", "city": "Charleston", "state": "West Virginia", "type": "Cultural Hub"}, "geometry": {"type": "Point", "coordinates": [-81.6438, 38.3452]}}, {"type": "Feature", "properties": {"name": "Joplin Cultural Arts Campus", "city": "Joplin", "state": "Missouri", "type": "Cultural Hub"}, "geometry": {"type": "Point", "coordinates": [-94.5544, 37.0525]}}, {"type": "Feature", "properties": {"name": "Joplin Museum District", "city": "Joplin", "state": "Missouri", "type": "Cultural Hub"}, "geometry": {"type": "Point", "coordinates": [-94.5402, 37.0885]}}, {"type": "Feature", "properties": {"name": "Enid Art Museum", "city": "Enid", "state": "Oklahoma", "type": "Cultural Hub"}, "geometry": {"type": "Point", "coordinates": [-97.8574, 36.3805]}}, {"type": "Feature", "properties": {"name": "Enid Cultural Arts Campus", "city": "Enid", "state": "Oklahoma", "type": "Cultural Hub"}, "geometry": {"type": "Point", "coordinates": [-97.9225, 36.3656]}}, {"type": "Feature", "properties": {"name": "Palm Beach Gardens Heritage Museum", "city": "Palm Beach Gardens", "state": "Florida", "type": "Cultural Hub"}, "geometry": {"type": "Point", "coordinates": [-80.1097, 26.8303]}}, {"type": "Feature", "properties": {"name": "Palm Beach Gardens Opera House", "city": "Palm Beach Gardens", "state": "Florida", "type": "Cultural Hub"}, "geometry": {"type": "Point", "coordinates": [-80.0844, 26.8493]}}, {"type": "Feature", "properties": {"name": "Brookhaven Performing Arts Center", "city": "Brookhaven", "state": "Georgia", "type": "Cultural Hub"}, "geometry": {"type": "Point", "coordinates": [-84.3476, 33.8416]}}, {"type": "Feature", "properties": {"name": "Plainfield Performing Arts Center", "city": "Plainfield", "state": "New Jersey", "type": "Cultural Hub"}, "geometry": {"type": "Point", "coordinates": [-74.3769, 40.6204]}}, {"type": "Feature", "properties": {"name": "Grand Island Opera House", "city": "Grand Island", "state": "Nebraska", "type": "Cultural Hub"}, "geometry": {"type": "Point", "coordinates": [-98.3369, 40.9597]}}, {"type": "Feature", "properties": {"name": "Grand Island Library Arts Center", "city": "Grand Island", "state": "Nebraska", "type": "Cultural Hub"}, "geometry": {"type": "Point", "coordinates": [-98.3408, 40.9583]}}, {"type": "Feature", "properties": {"name": "Palm Desert History Museum", "city": "Palm Desert", "state": "California", "type": "Cultural Hub"}, "geometry": {"type": "Point", "coordinates": [-116.3843, 33.7344]}}, {"type": "Feature", "properties": {"name": "Huntersville Cultural Center", "city": "Huntersville", "state": "North Carolina", "type": "Cultural Hub"}, "geometry": {"type": "Point", "coordinates": [-80.8977, 35.4303]}}, {"type": "Feature", "properties": {"name": "Huntersville Museum District", "city": "Huntersville", "state": "North Carolina", "type": "Cultural Hub"}, "geometry": {"type": "Point", "coordinates": [-80.8263, 35.3782]}}, {"type": "Feature", "properties": {"name": "Tigard Performing Arts Center", "city": "Tigard", "state": "Oregon", "type": "Cultural Hub"}, "geometry": {"type": "Point", "coordinates": [-122.8269, 45.3972]}}, {"type": "Feature", "properties": {"name": "Tigard Opera House", "city": "Tigard", "state": "Oregon", "type": "Cultural Hub"}, "geometry": {"type": "Point", "coordinates": [-122.7643, 45.4179]}}, {"type": "Feature", "properties": {"name": "Lenexa Entertainment District", "city": "Lenexa", "state": "Kansas", "type": "Cultural Hub"}, "geometry": {"type": "Point", "coordinates": [-94.7142, 38.9222]}}, {"type": "Feature", "properties": {"name": "Saginaw Library Arts Center", "city": "Saginaw", "state": "Michigan", "type": "Cultural Hub"}, "geometry": {"type": "Point", "coordinates": [-83.951, 43.4278]}}, {"type": "Feature", "properties": {"name": "Saginaw Gallery District", "city": "Saginaw", "state": "Michigan", "type": "Cultural Hub"}, "geometry": {"type": "Point", "coordinates": [-84.0026, 43.438]}}, {"type": "Feature", "properties": {"name": "Kentwood Heritage Museum", "city": "Kentwood", "state": "Michigan", "type": "Cultural Hub"}, "geometry": {"type": "Point", "coordinates": [-85.5945, 42.9005]}}, {"type": "Feature", "properties": {"name": "Doral Museum District", "city": "Doral", "state": "Florida", "type": "Cultural Hub"}, "geometry": {"type": "Point", "coordinates": [-80.3231, 25.8205]}}, {"type": "Feature", "properties": {"name": "Doral Library Arts Center", "city": "Doral", "state": "Florida", "type": "Cultural Hub"}, "geometry": {"type": "Point", "coordinates": [-80.327, 25.8109]}}, {"type": "Feature", "properties": {"name": "Apple Valley Arts District", "city": "Apple Valley", "state": "Minnesota", "type": "Cultural Hub"}, "geometry": {"type": "Point", "coordinates": [-93.2543, 44.7577]}}, {"type": "Feature", "properties": {"name": "Apple Valley Art Museum", "city": "Apple Valley", "state": "Minnesota", "type": "Cultural Hub"}, "geometry": {"type": "Point", "coordinates": [-93.2468, 44.7646]}}, {"type": "Feature", "properties": {"name": "Grapevine Convention Center", "city": "Grapevine", "state": "Texas", "type": "Cultural Hub"}, "geometry": {"type": "Point", "coordinates": [-97.0297, 32.9284]}}, {"type": "Feature", "properties": {"name": "Grapevine Library Arts Center", "city": "Grapevine", "state": "Texas", "type": "Cultural Hub"}, "geometry": {"type": "Point", "coordinates": [-97.1269, 32.9105]}}, {"type": "Feature", "properties": {"name": "Aliso Viejo Symphony Hall", "city": "Aliso Viejo", "state": "California", "type": "Cultural Hub"}, "geometry": {"type": "Point", "coordinates": [-117.7173, 33.5485]}}, {"type": "Feature", "properties": {"name": "Aliso Viejo Opera House", "city": "Aliso Viejo", "state": "California", "type": "Cultural Hub"}, "geometry": {"type": "Point", "coordinates": [-117.7396, 33.5987]}}, {"type": "Feature", "properties": {"name": "Sammamish Museum District", "city": "Sammamish", "state": "Washington", "type": "Cultural Hub"}, "geometry": {"type": "Point", "coordinates": [-121.9944, 47.6514]}}, {"type": "Feature", "properties": {"name": "Casa Grande Cultural Arts Campus", "city": "Casa Grande", "state": "Arizona", "type": "Cultural Hub"}, "geometry": {"type": "Point", "coordinates": [-111.8017, 32.8795]}}, {"type": "Feature", "properties": {"name": "Pinellas Park Cultural Arts Campus", "city": "Pinellas Park", "state": "Florida", "type": "Cultural Hub"}, "geometry": {"type": "Point", "coordinates": [-82.6838, 27.8434]}}, {"type": "Feature", "properties": {"name": "Burien Art Museum", "city": "Burien", "state": "Washington", "type": "Cultural Hub"}, "geometry": {"type": "Point", "coordinates": [-122.3355, 47.4756]}}, {"type": "Feature", "properties": {"name": "Commerce City Film Arts Center", "city": "Commerce City", "state": "Colorado", "type": "Cultural Hub"}, "geometry": {"type": "Point", "coordinates": [-104.9558, 39.829]}}, {"type": "Feature", "properties": {"name": "Monroe Gallery District", "city": "Monroe", "state": "Louisiana", "type": "Cultural Hub"}, "geometry": {"type": "Point", "coordinates": [-92.1232, 32.5139]}}, {"type": "Feature", "properties": {"name": "Cerritos Entertainment District", "city": "Cerritos", "state": "California", "type": "Cultural Hub"}, "geometry": {"type": "Point", "coordinates": [-118.0576, 33.893]}}, {"type": "Feature", "properties": {"name": "Coral Gables Art Museum", "city": "Coral Gables", "state": "Florida", "type": "Cultural Hub"}, "geometry": {"type": "Point", "coordinates": [-80.2349, 25.7547]}}, {"type": "Feature", "properties": {"name": "Niagara Falls Civic Theater", "city": "Niagara Falls", "state": "New York", "type": "Cultural Hub"}, "geometry": {"type": "Point", "coordinates": [-79.0369, 43.1347]}}, {"type": "Feature", "properties": {"name": "Poway Cultural Center", "city": "Poway", "state": "California", "type": "Cultural Hub"}, "geometry": {"type": "Point", "coordinates": [-117.0272, 32.9706]}}, {"type": "Feature", "properties": {"name": "Cuyahoga Falls Cultural Center", "city": "Cuyahoga Falls", "state": "Ohio", "type": "Cultural Hub"}, "geometry": {"type": "Point", "coordinates": [-81.4862, 41.1114]}}, {"type": "Feature", "properties": {"name": "Rancho Santa Margarita Art Museum", "city": "Rancho Santa Margarita", "state": "California", "type": "Cultural Hub"}, "geometry": {"type": "Point", "coordinates": [-117.6067, 33.6231]}}, {"type": "Feature", "properties": {"name": "Harrisburg Gallery District", "city": "Harrisburg", "state": "Pennsylvania", "type": "Cultural Hub"}, "geometry": {"type": "Point", "coordinates": [-76.8994, 40.3106]}}, {"type": "Feature", "properties": {"name": "Huntington Convention Center", "city": "Huntington", "state": "West Virginia", "type": "Cultural Hub"}, "geometry": {"type": "Point", "coordinates": [-82.463, 38.381]}}, {"type": "Feature", "properties": {"name": "La Mirada Heritage Museum", "city": "La Mirada", "state": "California", "type": "Cultural Hub"}, "geometry": {"type": "Point", "coordinates": [-118.0392, 33.9334]}}, {"type": "Feature", "properties": {"name": "Galveston Cultural Center", "city": "Galveston", "state": "Texas", "type": "Cultural Hub"}, "geometry": {"type": "Point", "coordinates": [-94.7458, 29.3147]}}, {"type": "Feature", "properties": {"name": "Sheboygan Civic Theater", "city": "Sheboygan", "state": "Wisconsin", "type": "Cultural Hub"}, "geometry": {"type": "Point", "coordinates": [-87.7261, 43.7722]}}, {"type": "Feature", "properties": {"name": "Murray Performing Arts Center", "city": "Murray", "state": "Utah", "type": "Cultural Hub"}, "geometry": {"type": "Point", "coordinates": [-111.9089, 40.6859]}}, {"type": "Feature", "properties": {"name": "Parker Film Arts Center", "city": "Parker", "state": "Colorado", "type": "Cultural Hub"}, "geometry": {"type": "Point", "coordinates": [-104.7617, 39.5558]}}, {"type": "Feature", "properties": {"name": "Bedford Arts District", "city": "Bedford", "state": "Texas", "type": "Cultural Hub"}, "geometry": {"type": "Point", "coordinates": [-97.0954, 32.8475]}}, {"type": "Feature", "properties": {"name": "East Lansing History Museum", "city": "East Lansing", "state": "Michigan", "type": "Cultural Hub"}, "geometry": {"type": "Point", "coordinates": [-84.4449, 42.7705]}}, {"type": "Feature", "properties": {"name": "Alexandria Entertainment District", "city": "Alexandria", "state": "Louisiana", "type": "Cultural Hub"}, "geometry": {"type": "Point", "coordinates": [-92.4221, 31.333]}}, {"type": "Feature", "properties": {"name": "Olympia Performing Arts Center", "city": "Olympia", "state": "Washington", "type": "Cultural Hub"}, "geometry": {"type": "Point", "coordinates": [-122.8782, 47.0065]}}, {"type": "Feature", "properties": {"name": "Mishawaka Performing Arts Center", "city": "Mishawaka", "state": "Indiana", "type": "Cultural Hub"}, "geometry": {"type": "Point", "coordinates": [-86.1428, 41.63]}}, {"type": "Feature", "properties": {"name": "Salina Theater District", "city": "Salina", "state": "Kansas", "type": "Cultural Hub"}, "geometry": {"type": "Point", "coordinates": [-97.5638, 38.8479]}}, {"type": "Feature", "properties": {"name": "Chesterfield Symphony Hall", "city": "Chesterfield", "state": "Missouri", "type": "Cultural Hub"}, "geometry": {"type": "Point", "coordinates": [-90.5609, 38.6743]}}, {"type": "Feature", "properties": {"name": "Dunwoody Symphony Hall", "city": "Dunwoody", "state": "Georgia", "type": "Cultural Hub"}, "geometry": {"type": "Point", "coordinates": [-84.3475, 33.9657]}}, {"type": "Feature", "properties": {"name": "Bonita Springs Heritage Museum", "city": "Bonita Springs", "state": "Florida", "type": "Cultural Hub"}, "geometry": {"type": "Point", "coordinates": [-81.7431, 26.3696]}}, {"type": "Feature", "properties": {"name": "Portage Heritage Museum", "city": "Portage", "state": "Michigan", "type": "Cultural Hub"}, "geometry": {"type": "Point", "coordinates": [-85.5969, 42.2299]}}, {"type": "Feature", "properties": {"name": "St. Louis Park Museum District", "city": "St. Louis Park", "state": "Minnesota", "type": "Cultural Hub"}, "geometry": {"type": "Point", "coordinates": [-93.4071, 44.9315]}}, {"type": "Feature", "properties": {"name": "Collierville Art Museum", "city": "Collierville", "state": "Tennessee", "type": "Cultural Hub"}, "geometry": {"type": "Point", "coordinates": [-89.7111, 35.0613]}}, {"type": "Feature", "properties": {"name": "Lawrence Gallery District", "city": "Lawrence", "state": "Indiana", "type": "Cultural Hub"}, "geometry": {"type": "Point", "coordinates": [-86.0041, 39.8627]}}, {"type": "Feature", "properties": {"name": "Wauwatosa History Museum", "city": "Wauwatosa", "state": "Wisconsin", "type": "Cultural Hub"}, "geometry": {"type": "Point", "coordinates": [-88.023, 43.0641]}}, {"type": "Feature", "properties": {"name": "Ceres Theater District", "city": "Ceres", "state": "California", "type": "Cultural Hub"}, "geometry": {"type": "Point", "coordinates": [-120.9292, 37.5884]}}, {"type": "Feature", "properties": {"name": "Cedar Hill History Museum", "city": "Cedar Hill", "state": "Texas", "type": "Cultural Hub"}, "geometry": {"type": "Point", "coordinates": [-96.9987, 32.6257]}}, {"type": "Feature", "properties": {"name": "Binghamton Symphony Hall", "city": "Binghamton", "state": "New York", "type": "Cultural Hub"}, "geometry": {"type": "Point", "coordinates": [-75.9326, 42.1024]}}, {"type": "Feature", "properties": {"name": "San Luis Obispo Film Arts Center", "city": "San Luis Obispo", "state": "California", "type": "Cultural Hub"}, "geometry": {"type": "Point", "coordinates": [-120.6283, 35.2554]}}, {"type": "Feature", "properties": {"name": "Palm Springs Art Museum", "city": "Palm Springs", "state": "California", "type": "Cultural Hub"}, "geometry": {"type": "Point", "coordinates": [-116.5021, 33.8131]}}, {"type": "Feature", "properties": {"name": "Pine Bluff Entertainment District", "city": "Pine Bluff", "state": "Arkansas", "type": "Cultural Hub"}, "geometry": {"type": "Point", "coordinates": [-91.9831, 34.1948]}}, {"type": "Feature", "properties": {"name": "Texas City Opera House", "city": "Texas City", "state": "Texas", "type": "Cultural Hub"}, "geometry": {"type": "Point", "coordinates": [-94.8516, 29.3856]}}, {"type": "Feature", "properties": {"name": "Summerville Arts District", "city": "Summerville", "state": "South Carolina", "type": "Cultural Hub"}, "geometry": {"type": "Point", "coordinates": [-80.1946, 32.9939]}}, {"type": "Feature", "properties": {"name": "Twin Falls Heritage Museum", "city": "Twin Falls", "state": "Idaho", "type": "Cultural Hub"}, "geometry": {"type": "Point", "coordinates": [-114.4184, 42.5781]}}, {"type": "Feature", "properties": {"name": "Beavercreek Convention Center", "city": "Beavercreek", "state": "Ohio", "type": "Cultural Hub"}, "geometry": {"type": "Point", "coordinates": [-84.097, 39.7263]}}, {"type": "Feature", "properties": {"name": "Apopka Convention Center", "city": "Apopka", "state": "Florida", "type": "Cultural Hub"}, "geometry": {"type": "Point", "coordinates": [-81.5723, 28.719]}}, {"type": "Feature", "properties": {"name": "Elmhurst History Museum", "city": "Elmhurst", "state": "Illinois", "type": "Cultural Hub"}, "geometry": {"type": "Point", "coordinates": [-87.886, 41.9264]}}, {"type": "Feature", "properties": {"name": "Maricopa Gallery District", "city": "Maricopa", "state": "Arizona", "type": "Cultural Hub"}, "geometry": {"type": "Point", "coordinates": [-112.0471, 33.0801]}}, {"type": "Feature", "properties": {"name": "Farmington Cultural Center", "city": "Farmington", "state": "New Mexico", "type": "Cultural Hub"}, "geometry": {"type": "Point", "coordinates": [-108.2097, 36.6893]}}, {"type": "Feature", "properties": {"name": "Lacey Symphony Hall", "city": "Lacey", "state": "Washington", "type": "Cultural Hub"}, "geometry": {"type": "Point", "coordinates": [-122.8197, 47.0725]}}, {"type": "Feature", "properties": {"name": "Strongsville Art Museum", "city": "Strongsville", "state": "Ohio", "type": "Cultural Hub"}, "geometry": {"type": "Point", "coordinates": [-81.8502, 41.3061]}}, {"type": "Feature", "properties": {"name": "Barnstable Town Cultural Center", "city": "Barnstable Town", "state": "Massachusetts", "type": "Cultural Hub"}, "geometry": {"type": "Point", "coordinates": [-70.3304, 41.6918]}}, {"type": "Feature", "properties": {"name": "Wylie Theater District", "city": "Wylie", "state": "Texas", "type": "Cultural Hub"}, "geometry": {"type": "Point", "coordinates": [-96.5383, 33.0457]}}, {"type": "Feature", "properties": {"name": "Sayreville Symphony Hall", "city": "Sayreville", "state": "New Jersey", "type": "Cultural Hub"}, "geometry": {"type": "Point", "coordinates": [-74.3621, 40.4511]}}, {"type": "Feature", "properties": {"name": "Littleton History Museum", "city": "Littleton", "state": "Colorado", "type": "Cultural Hub"}, "geometry": {"type": "Point", "coordinates": [-105.0665, 39.5825]}}, {"type": "Feature", "properties": {"name": "Titusville History Museum", "city": "Titusville", "state": "Florida", "type": "Cultural Hub"}, "geometry": {"type": "Point", "coordinates": [-80.7739, 28.5869]}}, {"type": "Feature", "properties": {"name": "Attleboro Theater District", "city": "Attleboro", "state": "Massachusetts", "type": "Cultural Hub"}, "geometry": {"type": "Point", "coordinates": [-71.27, 41.9685]}}, {"type": "Feature", "properties": {"name": "Blacksburg Cultural Arts Campus", "city": "Blacksburg", "state": "Virginia", "type": "Cultural Hub"}, "geometry": {"type": "Point", "coordinates": [-80.37, 37.2133]}}, {"type": "Feature", "properties": {"name": "Lompoc Performing Arts Center", "city": "Lompoc", "state": "California", "type": "Cultural Hub"}, "geometry": {"type": "Point", "coordinates": [-120.4224, 34.6784]}}, {"type": "Feature", "properties": {"name": "Jefferson City Art Museum", "city": "Jefferson City", "state": "Missouri", "type": "Cultural Hub"}, "geometry": {"type": "Point", "coordinates": [-92.1786, 38.6158]}}, {"type": "Feature", "properties": {"name": "Cutler Bay Arts District", "city": "Cutler Bay", "state": "Florida", "type": "Cultural Hub"}, "geometry": {"type": "Point", "coordinates": [-80.3902, 25.5815]}}, {"type": "Feature", "properties": {"name": "Oakland Park Cultural Arts Campus", "city": "Oakland Park", "state": "Florida", "type": "Cultural Hub"}, "geometry": {"type": "Point", "coordinates": [-80.089, 26.2117]}}, {"type": "Feature", "properties": {"name": "Freeport Opera House", "city": "Freeport", "state": "New York", "type": "Cultural Hub"}, "geometry": {"type": "Point", "coordinates": [-73.6286, 40.6794]}}, {"type": "Feature", "properties": {"name": "Moline Convention Center", "city": "Moline", "state": "Illinois", "type": "Cultural Hub"}, "geometry": {"type": "Point", "coordinates": [-90.5578, 41.4683]}}, {"type": "Feature", "properties": {"name": "Fort Pierce Gallery District", "city": "Fort Pierce", "state": "Florida", "type": "Cultural Hub"}, "geometry": {"type": "Point", "coordinates": [-80.3274, 27.4406]}}, {"type": "Feature", "properties": {"name": "Fond du Lac Cultural Arts Campus", "city": "Fond du Lac", "state": "Wisconsin", "type": "Cultural Hub"}, "geometry": {"type": "Point", "coordinates": [-88.4999, 43.8051]}}, {"type": "Feature", "properties": {"name": "Everett Science Center", "city": "Everett", "state": "Massachusetts", "type": "Cultural Hub"}, "geometry": {"type": "Point", "coordinates": [-71.0464, 42.3697]}}, {"type": "Feature", "properties": {"name": "Keller Entertainment District", "city": "Keller", "state": "Texas", "type": "Cultural Hub"}, "geometry": {"type": "Point", "coordinates": [-97.1935, 32.9025]}}, {"type": "Feature", "properties": {"name": "Bell Gardens Civic Theater", "city": "Bell Gardens", "state": "California", "type": "Cultural Hub"}, "geometry": {"type": "Point", "coordinates": [-118.2053, 34.0026]}}, {"type": "Feature", "properties": {"name": "Cleveland History Museum", "city": "Cleveland", "state": "Tennessee", "type": "Cultural Hub"}, "geometry": {"type": "Point", "coordinates": [-84.8776, 35.1935]}}, {"type": "Feature", "properties": {"name": "Fairfield Convention Center", "city": "Fairfield", "state": "Ohio", "type": "Cultural Hub"}, "geometry": {"type": "Point", "coordinates": [-84.5722, 39.3183]}}, {"type": "Feature", "properties": {"name": "Rancho Palos Verdes Civic Theater", "city": "Rancho Palos Verdes", "state": "California", "type": "Cultural Hub"}, "geometry": {"type": "Point", "coordinates": [-118.3475, 33.7201]}}, {"type": "Feature", "properties": {"name": "Apex Library Arts Center", "city": "Apex", "state": "North Carolina", "type": "Cultural Hub"}, "geometry": {"type": "Point", "coordinates": [-78.8282, 35.6958]}}, {"type": "Feature", "properties": {"name": "Altamonte Springs Gallery District", "city": "Altamonte Springs", "state": "Florida", "type": "Cultural Hub"}, "geometry": {"type": "Point", "coordinates": [-81.3445, 28.6381]}}, {"type": "Feature", "properties": {"name": "Hutchinson Cultural Arts Campus", "city": "Hutchinson", "state": "Kansas", "type": "Cultural Hub"}, "geometry": {"type": "Point", "coordinates": [-97.9443, 38.0603]}}, {"type": "Feature", "properties": {"name": "Urbana Film Arts Center", "city": "Urbana", "state": "Illinois", "type": "Cultural Hub"}, "geometry": {"type": "Point", "coordinates": [-88.1916, 40.1038]}}, {"type": "Feature", "properties": {"name": "Plainfield Opera House", "city": "Plainfield", "state": "Illinois", "type": "Cultural Hub"}, "geometry": {"type": "Point", "coordinates": [-88.2649, 41.6649]}}, {"type": "Feature", "properties": {"name": "Bartlett Museum District", "city": "Bartlett", "state": "Illinois", "type": "Cultural Hub"}, "geometry": {"type": "Point", "coordinates": [-88.1927, 42.032]}}, {"type": "Feature", "properties": {"name": "Findlay Library Arts Center", "city": "Findlay", "state": "Ohio", "type": "Cultural Hub"}, "geometry": {"type": "Point", "coordinates": [-83.6957, 41.0238]}}, {"type": "Feature", "properties": {"name": "Rohnert Park Cultural Center", "city": "Rohnert Park", "state": "California", "type": "Cultural Hub"}, "geometry": {"type": "Point", "coordinates": [-122.712, 38.3102]}}, {"type": "Feature", "properties": {"name": "Westfield Film Arts Center", "city": "Westfield", "state": "Massachusetts", "type": "Cultural Hub"}, "geometry": {"type": "Point", "coordinates": [-72.7175, 42.1079]}}, {"type": "Feature", "properties": {"name": "Leominster Museum District", "city": "Leominster", "state": "Massachusetts", "type": "Cultural Hub"}, "geometry": {"type": "Point", "coordinates": [-71.7907, 42.5304]}}, {"type": "Feature", "properties": {"name": "Shelton History Museum", "city": "Shelton", "state": "Connecticut", "type": "Cultural Hub"}, "geometry": {"type": "Point", "coordinates": [-73.1152, 41.2814]}}, {"type": "Feature", "properties": {"name": "Rockwall Film Arts Center", "city": "Rockwall", "state": "Texas", "type": "Cultural Hub"}, "geometry": {"type": "Point", "coordinates": [-96.4287, 32.9523]}}, {"type": "Feature", "properties": {"name": "Riverton Heritage Museum", "city": "Riverton", "state": "Utah", "type": "Cultural Hub"}, "geometry": {"type": "Point", "coordinates": [-111.9243, 40.5597]}}, {"type": "Feature", "properties": {"name": "Meridian Film Arts Center", "city": "Meridian", "state": "Mississippi", "type": "Cultural Hub"}, "geometry": {"type": "Point", "coordinates": [-88.7527, 32.3907]}}, {"type": "Feature", "properties": {"name": "St. Cloud Heritage Museum", "city": "St. Cloud", "state": "Florida", "type": "Cultural Hub"}, "geometry": {"type": "Point", "coordinates": [-81.2384, 28.2662]}}, {"type": "Feature", "properties": {"name": "Quincy Cultural Arts Campus", "city": "Quincy", "state": "Illinois", "type": "Cultural Hub"}, "geometry": {"type": "Point", "coordinates": [-91.3653, 39.8971]}}, {"type": "Feature", "properties": {"name": "Morgan Hill Arts District", "city": "Morgan Hill", "state": "California", "type": "Cultural Hub"}, "geometry": {"type": "Point", "coordinates": [-121.6608, 37.1132]}}, {"type": "Feature", "properties": {"name": "Warren Performing Arts Center", "city": "Warren", "state": "Ohio", "type": "Cultural Hub"}, "geometry": {"type": "Point", "coordinates": [-80.8604, 41.2648]}}, {"type": "Feature", "properties": {"name": "Edmonds Film Arts Center", "city": "Edmonds", "state": "Washington", "type": "Cultural Hub"}, "geometry": {"type": "Point", "coordinates": [-122.4181, 47.8052]}}, {"type": "Feature", "properties": {"name": "Burleson Gallery District", "city": "Burleson", "state": "Texas", "type": "Cultural Hub"}, "geometry": {"type": "Point", "coordinates": [-97.2797, 32.5573]}}, {"type": "Feature", "properties": {"name": "Mankato Art Museum", "city": "Mankato", "state": "Minnesota", "type": "Cultural Hub"}, "geometry": {"type": "Point", "coordinates": [-94.0436, 44.1417]}}, {"type": "Feature", "properties": {"name": "Campbell Arts District", "city": "Campbell", "state": "California", "type": "Cultural Hub"}, "geometry": {"type": "Point", "coordinates": [-121.906, 37.2962]}}, {"type": "Feature", "properties": {"name": "Cedar Falls Gallery District", "city": "Cedar Falls", "state": "Iowa", "type": "Cultural Hub"}, "geometry": {"type": "Point", "coordinates": [-92.4815, 42.5433]}}, {"type": "Feature", "properties": {"name": "La Puente Entertainment District", "city": "La Puente", "state": "California", "type": "Cultural Hub"}, "geometry": {"type": "Point", "coordinates": [-117.9998, 34.0049]}}, {"type": "Feature", "properties": {"name": "Fitchburg Art Museum", "city": "Fitchburg", "state": "Massachusetts", "type": "Cultural Hub"}, "geometry": {"type": "Point", "coordinates": [-71.7793, 42.559]}}, {"type": "Feature", "properties": {"name": "Streamwood Gallery District", "city": "Streamwood", "state": "Illinois", "type": "Cultural Hub"}, "geometry": {"type": "Point", "coordinates": [-88.1519, 42.0529]}}, {"type": "Feature", "properties": {"name": "Norwich Museum District", "city": "Norwich", "state": "Connecticut", "type": "Cultural Hub"}, "geometry": {"type": "Point", "coordinates": [-72.1314, 41.5101]}}, {"type": "Feature", "properties": {"name": "Holyoke Heritage Museum", "city": "Holyoke", "state": "Massachusetts", "type": "Cultural Hub"}, "geometry": {"type": "Point", "coordinates": [-72.6056, 42.1928]}}, {"type": "Feature", "properties": {"name": "Brentwood Opera House", "city": "Brentwood", "state": "Tennessee", "type": "Cultural Hub"}, "geometry": {"type": "Point", "coordinates": [-86.8368, 36.0684]}}, {"type": "Feature", "properties": {"name": "New Berlin Library Arts Center", "city": "New Berlin", "state": "Wisconsin", "type": "Cultural Hub"}, "geometry": {"type": "Point", "coordinates": [-88.118, 42.945]}}, {"type": "Feature", "properties": {"name": "Prescott Valley Cultural Center", "city": "Prescott Valley", "state": "Arizona", "type": "Cultural Hub"}, "geometry": {"type": "Point", "coordinates": [-112.2949, 34.632]}}, {"type": "Feature", "properties": {"name": "Maplewood Opera House", "city": "Maplewood", "state": "Minnesota", "type": "Cultural Hub"}, "geometry": {"type": "Point", "coordinates": [-93.0417, 44.9287]}}, {"type": "Feature", "properties": {"name": "Duncanville Library Arts Center", "city": "Duncanville", "state": "Texas", "type": "Cultural Hub"}, "geometry": {"type": "Point", "coordinates": [-96.9402, 32.6144]}}, {"type": "Feature", "properties": {"name": "Clovis Entertainment District", "city": "Clovis", "state": "New Mexico", "type": "Cultural Hub"}, "geometry": {"type": "Point", "coordinates": [-103.181, 34.4339]}}, {"type": "Feature", "properties": {"name": "Culver City Performing Arts Center", "city": "Culver City", "state": "California", "type": "Cultural Hub"}, "geometry": {"type": "Point", "coordinates": [-118.3697, 34.0348]}}, {"type": "Feature", "properties": {"name": "Marlborough Convention Center", "city": "Marlborough", "state": "Massachusetts", "type": "Cultural Hub"}, "geometry": {"type": "Point", "coordinates": [-71.5501, 42.325]}}, {"type": "Feature", "properties": {"name": "Hilton Head Island History Museum", "city": "Hilton Head Island", "state": "South Carolina", "type": "Cultural Hub"}, "geometry": {"type": "Point", "coordinates": [-80.7703, 32.1773]}}, {"type": "Feature", "properties": {"name": "Bullhead City History Museum", "city": "Bullhead City", "state": "Arizona", "type": "Cultural Hub"}, "geometry": {"type": "Point", "coordinates": [-114.5292, 35.1316]}}, {"type": "Feature", "properties": {"name": "Germantown Art Museum", "city": "Germantown", "state": "Tennessee", "type": "Cultural Hub"}, "geometry": {"type": "Point", "coordinates": [-89.7975, 35.051]}}, {"type": "Feature", "properties": {"name": "La Quinta Art Museum", "city": "La Quinta", "state": "California", "type": "Cultural Hub"}, "geometry": {"type": "Point", "coordinates": [-116.2656, 33.6856]}}, {"type": "Feature", "properties": {"name": "Lancaster Theater District", "city": "Lancaster", "state": "Ohio", "type": "Cultural Hub"}, "geometry": {"type": "Point", "coordinates": [-82.5561, 39.709]}}, {"type": "Feature", "properties": {"name": "Sherman Cultural Arts Campus", "city": "Sherman", "state": "Texas", "type": "Cultural Hub"}, "geometry": {"type": "Point", "coordinates": [-96.6166, 33.6287]}}, {"type": "Feature", "properties": {"name": "Bremerton History Museum", "city": "Bremerton", "state": "Washington", "type": "Cultural Hub"}, "geometry": {"type": "Point", "coordinates": [-122.6597, 47.5895]}}, {"type": "Feature", "properties": {"name": "Rock Island Convention Center", "city": "Rock Island", "state": "Illinois", "type": "Cultural Hub"}, "geometry": {"type": "Point", "coordinates": [-90.6306, 41.508]}}, {"type": "Feature", "properties": {"name": "Cape Girardeau Symphony Hall", "city": "Cape Girardeau", "state": "Missouri", "type": "Cultural Hub"}, "geometry": {"type": "Point", "coordinates": [-89.571, 37.3185]}}, {"type": "Feature", "properties": {"name": "Annapolis Cultural Arts Campus", "city": "Annapolis", "state": "Maryland", "type": "Cultural Hub"}, "geometry": {"type": "Point", "coordinates": [-76.5217, 38.9931]}}, {"type": "Feature", "properties": {"name": "Greenacres Science Center", "city": "Greenacres", "state": "Florida", "type": "Cultural Hub"}, "geometry": {"type": "Point", "coordinates": [-80.1298, 26.637]}}, {"type": "Feature", "properties": {"name": "Ormond Beach Entertainment District", "city": "Ormond Beach", "state": "Florida", "type": "Cultural Hub"}, "geometry": {"type": "Point", "coordinates": [-81.0429, 29.2485]}}, {"type": "Feature", "properties": {"name": "Hallandale Beach Gallery District", "city": "Hallandale Beach", "state": "Florida", "type": "Cultural Hub"}, "geometry": {"type": "Point", "coordinates": [-80.1543, 25.9793]}}, {"type": "Feature", "properties": {"name": "Stanton Science Center", "city": "Stanton", "state": "California", "type": "Cultural Hub"}, "geometry": {"type": "Point", "coordinates": [-118.0181, 33.7785]}}, {"type": "Feature", "properties": {"name": "Hurst Cultural Center", "city": "Hurst", "state": "Texas", "type": "Cultural Hub"}, "geometry": {"type": "Point", "coordinates": [-97.1164, 32.8467]}}, {"type": "Feature", "properties": {"name": "Marana Performing Arts Center", "city": "Marana", "state": "Arizona", "type": "Cultural Hub"}, "geometry": {"type": "Point", "coordinates": [-111.1966, 32.4078]}}, {"type": "Feature", "properties": {"name": "Huber Heights Opera House", "city": "Huber Heights", "state": "Ohio", "type": "Cultural Hub"}, "geometry": {"type": "Point", "coordinates": [-84.0707, 39.8372]}}, {"type": "Feature", "properties": {"name": "Montclair Performing Arts Center", "city": "Montclair", "state": "California", "type": "Cultural Hub"}, "geometry": {"type": "Point", "coordinates": [-117.6361, 34.0459]}}, {"type": "Feature", "properties": {"name": "Brookfield Cultural Center", "city": "Brookfield", "state": "Wisconsin", "type": "Cultural Hub"}, "geometry": {"type": "Point", "coordinates": [-88.1136, 43.0997]}}, {"type": "Feature", "properties": {"name": "Chelsea Performing Arts Center", "city": "Chelsea", "state": "Massachusetts", "type": "Cultural Hub"}, "geometry": {"type": "Point", "coordinates": [-70.9801, 42.3719]}}, {"type": "Feature", "properties": {"name": "Valley Stream Science Center", "city": "Valley Stream", "state": "New York", "type": "Cultural Hub"}, "geometry": {"type": "Point", "coordinates": [-73.7442, 40.6307]}}, {"type": "Feature", "properties": {"name": "Lake Oswego Opera House", "city": "Lake Oswego", "state": "Oregon", "type": "Cultural Hub"}, "geometry": {"type": "Point", "coordinates": [-122.7243, 45.3992]}}, {"type": "Feature", "properties": {"name": "Westerville Arts District", "city": "Westerville", "state": "Ohio", "type": "Cultural Hub"}, "geometry": {"type": "Point", "coordinates": [-82.9343, 40.1126]}}, {"type": "Feature", "properties": {"name": "Northglenn Arts District", "city": "Northglenn", "state": "Colorado", "type": "Cultural Hub"}, "geometry": {"type": "Point", "coordinates": [-104.9406, 39.9123]}}, {"type": "Feature", "properties": {"name": "Phenix City Art Museum", "city": "Phenix City", "state": "Alabama", "type": "Cultural Hub"}, "geometry": {"type": "Point", "coordinates": [-84.989, 32.4959]}}, {"type": "Feature", "properties": {"name": "Addison History Museum", "city": "Addison", "state": "Illinois", "type": "Cultural Hub"}, "geometry": {"type": "Point", "coordinates": [-88.0147, 41.9399]}}, {"type": "Feature", "properties": {"name": "Dover Science Center", "city": "Dover", "state": "Delaware", "type": "Cultural Hub"}, "geometry": {"type": "Point", "coordinates": [-75.4793, 39.1289]}}, {"type": "Feature", "properties": {"name": "Lincoln Park Art Museum", "city": "Lincoln Park", "state": "Michigan", "type": "Cultural Hub"}, "geometry": {"type": "Point", "coordinates": [-83.1635, 42.2321]}}, {"type": "Feature", "properties": {"name": "Calumet City Civic Theater", "city": "Calumet City", "state": "Illinois", "type": "Cultural Hub"}, "geometry": {"type": "Point", "coordinates": [-87.5842, 41.6365]}}, {"type": "Feature", "properties": {"name": "Muskegon Film Arts Center", "city": "Muskegon", "state": "Michigan", "type": "Cultural Hub"}, "geometry": {"type": "Point", "coordinates": [-86.2119, 43.2716]}}, {"type": "Feature", "properties": {"name": "Greenfield Cultural Center", "city": "Greenfield", "state": "Wisconsin", "type": "Cultural Hub"}, "geometry": {"type": "Point", "coordinates": [-87.9703, 42.9595]}}, {"type": "Feature", "properties": {"name": "Apache Junction Museum District", "city": "Apache Junction", "state": "Arizona", "type": "Cultural Hub"}, "geometry": {"type": "Point", "coordinates": [-111.5244, 33.4063]}}, {"type": "Feature", "properties": {"name": "Monrovia Science Center", "city": "Monrovia", "state": "California", "type": "Cultural Hub"}, "geometry": {"type": "Point", "coordinates": [-118.0155, 34.1671]}}, {"type": "Feature", "properties": {"name": "Spanish Fork Opera House", "city": "Spanish Fork", "state": "Utah", "type": "Cultural Hub"}, "geometry": {"type": "Point", "coordinates": [-111.6919, 40.1501]}}, {"type": "Feature", "properties": {"name": "Panama City Film Arts Center", "city": "Panama City", "state": "Florida", "type": "Cultural Hub"}, "geometry": {"type": "Point", "coordinates": [-85.6872, 30.1822]}}]}