{"type": "FeatureCollection", "features": [{"type": "Feature", "properties": {"name": "New York Transportation Center", "city": "New York", "state": "New York", "type": "Railway Hub"}, "geometry": {"type": "Point", "coordinates": [-73.9765, 40.6963]}}, {"type": "Feature", "properties": {"name": "New York Airport Shuttle Hub", "city": "New York", "state": "New York", "type": "Railway Hub"}, "geometry": {"type": "Point", "coordinates": [-74.0454, 40.6894]}}, {"type": "Feature", "properties": {"name": "New York Light Rail Station", "city": "New York", "state": "New York", "type": "Railway Hub"}, "geometry": {"type": "Point", "coordinates": [-74.0229, 40.6949]}}, {"type": "Feature", "properties": {"name": "New York Bus Terminal", "city": "New York", "state": "New York", "type": "Railway Hub"}, "geometry": {"type": "Point", "coordinates": [-74.01, 40.6918]}}, {"type": "Feature", "properties": {"name": "New York Transit Center", "city": "New York", "state": "New York", "type": "Railway Hub"}, "geometry": {"type": "Point", "coordinates": [-73.9744, 40.7123]}}, {"type": "Feature", "properties": {"name": "New York Greyhound Terminal", "city": "New York", "state": "New York", "type": "Railway Hub"}, "geometry": {"type": "Point", "coordinates": [-74.0002, 40.7208]}}, {"type": "Feature", "properties": {"name": "New York Transit Center", "city": "New York", "state": "New York", "type": "Railway Hub"}, "geometry": {"type": "Point", "coordinates": [-73.9703, 40.7419]}}, {"type": "Feature", "properties": {"name": "New York Bus Rapid Transit Hub", "city": "New York", "state": "New York", "type": "Railway Hub"}, "geometry": {"type": "Point", "coordinates": [-74.0213, 40.7258]}}, {"type": "Feature", "properties": {"name": "Los Angeles Intermodal Hub", "city": "Los Angeles", "state": "California", "type": "Railway Hub"}, "geometry": {"type": "Point", "coordinates": [-118.2809, 34.0727]}}, {"type": "Feature", "properties": {"name": "Los Angeles Bus Rapid Transit Hub", "city": "Los Angeles", "state": "California", "type": "Railway Hub"}, "geometry": {"type": "Point", "coordinates": [-118.2039, 34.0597]}}, {"type": "Feature", "properties": {"name": "Los Angeles Bus Terminal", "city": "Los Angeles", "state": "California", "type": "Railway Hub"}, "geometry": {"type": "Point", "coordinates": [-118.249, 34.0248]}}, {"type": "Feature", "properties": {"name": "Los Angeles Bus Rapid Transit Hub", "city": "Los Angeles", "state": "California", "type": "Railway Hub"}, "geometry": {"type": "Point", "coordinates": [-118.2549, 34.0311]}}, {"type": "Feature", "properties": {"name": "Los Angeles Transportation Center", "city": "Los Angeles", "state": "California", "type": "Railway Hub"}, "geometry": {"type": "Point", "coordinates": [-118.2315, 34.0574]}}, {"type": "Feature", "properties": {"name": "Los Angeles Greyhound Terminal", "city": "Los Angeles", "state": "California", "type": "Railway Hub"}, "geometry": {"type": "Point", "coordinates": [-118.2665, 34.0313]}}, {"type": "Feature", "properties": {"name": "Chicago Rail Yard", "city": "Chicago", "state": "Illinois", "type": "Railway Hub"}, "geometry": {"type": "Point", "coordinates": [-87.6162, 41.9043]}}, {"type": "Feature", "properties": {"name": "Chicago Train Station", "city": "Chicago", "state": "Illinois", "type": "Railway Hub"}, "geometry": {"type": "Point", "coordinates": [-87.5916, 41.8735]}}, {"type": "Feature", "properties": {"name": "Chicago Greyhound Terminal", "city": "Chicago", "state": "Illinois", "type": "Railway Hub"}, "geometry": {"type": "Point", "coordinates": [-87.615, 41.8743]}}, {"type": "Feature", "properties": {"name": "Chicago Commuter Rail Station", "city": "Chicago", "state": "Illinois", "type": "Railway Hub"}, "geometry": {"type": "Point", "coordinates": [-87.6457, 41.8864]}}, {"type": "Feature", "properties": {"name": "Chicago Light Rail Station", "city": "Chicago", "state": "Illinois", "type": "Railway Hub"}, "geometry": {"type": "Point", "coordinates": [-87.6499, 41.8649]}}, {"type": "Feature", "properties": {"name": "Chicago Union Station", "city": "Chicago", "state": "Illinois", "type": "Railway Hub"}, "geometry": {"type": "Point", "coordinates": [-87.6252, 41.9054]}}, {"type": "Feature", "properties": {"name": "Houston Airport Shuttle Hub", "city": "Houston", "state": "Texas", "type": "Railway Hub"}, "geometry": {"type": "Point", "coordinates": [-95.3796, 29.7624]}}, {"type": "Feature", "properties": {"name": "Houston Transportation Center", "city": "Houston", "state": "Texas", "type": "Railway Hub"}, "geometry": {"type": "Point", "coordinates": [-95.3874, 29.783]}}, {"type": "Feature", "properties": {"name": "Houston Intermodal Hub", "city": "Houston", "state": "Texas", "type": "Railway Hub"}, "geometry": {"type": "Point", "coordinates": [-95.3935, 29.7797]}}, {"type": "Feature", "properties": {"name": "Houston Regional Transit Hub", "city": "Houston", "state": "Texas", "type": "Railway Hub"}, "geometry": {"type": "Point", "coordinates": [-95.4093, 29.7424]}}, {"type": "Feature", "properties": {"name": "Houston Transit Center", "city": "Houston", "state": "Texas", "type": "Railway Hub"}, "geometry": {"type": "Point", "coordinates": [-95.3804, 29.7873]}}, {"type": "Feature", "properties": {"name": "Houston Amtrak Station", "city": "Houston", "state": "Texas", "type": "Railway Hub"}, "geometry": {"type": "Point", "coordinates": [-95.3944, 29.7515]}}, {"type": "Feature", "properties": {"name": "Philadelphia Amtrak Station", "city": "Philadelphia", "state": "Pennsylvania", "type": "Railway Hub"}, "geometry": {"type": "Point", "coordinates": [-75.1562, 39.9621]}}, {"type": "Feature", "properties": {"name": "Philadelphia Transit Center", "city": "Philadelphia", "state": "Pennsylvania", "type": "Railway Hub"}, "geometry": {"type": "Point", "coordinates": [-75.1409, 39.9573]}}, {"type": "Feature", "properties": {"name": "Philadelphia Union Station", "city": "Philadelphia", "state": "Pennsylvania", "type": "Railway Hub"}, "geometry": {"type": "Point", "coordinates": [-75.1854, 39.9382]}}, {"type": "Feature", "properties": {"name": "Philadelphia Regional Transit Hub", "city": "Philadelphia", "state": "Pennsylvania", "type": "Railway Hub"}, "geometry": {"type": "Point", "coordinates": [-75.1574, 39.9774]}}, {"type": "Feature", "properties": {"name": "Philadelphia Train Station", "city": "Philadelphia", "state": "Pennsylvania", "type": "Railway Hub"}, "geometry": {"type": "Point", "coordinates": [-75.1253, 39.9759]}}, {"type": "Feature", "properties": {"name": "Philadelphia Transportation Center", "city": "Philadelphia", "state": "Pennsylvania", "type": "Railway Hub"}, "geometry": {"type": "Point", "coordinates": [-75.1261, 39.9677]}}, {"type": "Feature", "properties": {"name": "Phoenix Bus Terminal", "city": "Phoenix", "state": "Arizona", "type": "Railway Hub"}, "geometry": {"type": "Point", "coordinates": [-112.0616, 33.4609]}}, {"type": "Feature", "properties": {"name": "Phoenix Amtrak Station", "city": "Phoenix", "state": "Arizona", "type": "Railway Hub"}, "geometry": {"type": "Point", "coordinates": [-112.0437, 33.473]}}, {"type": "Feature", "properties": {"name": "Phoenix Train Station", "city": "Phoenix", "state": "Arizona", "type": "Railway Hub"}, "geometry": {"type": "Point", "coordinates": [-112.1116, 33.431]}}, {"type": "Feature", "properties": {"name": "Phoenix Union Station", "city": "Phoenix", "state": "Arizona", "type": "Railway Hub"}, "geometry": {"type": "Point", "coordinates": [-112.1129, 33.4197]}}, {"type": "Feature", "properties": {"name": "Phoenix Light Rail Station", "city": "Phoenix", "state": "Arizona", "type": "Railway Hub"}, "geometry": {"type": "Point", "coordinates": [-112.0498, 33.4751]}}, {"type": "Feature", "properties": {"name": "Phoenix Light Rail Station", "city": "Phoenix", "state": "Arizona", "type": "Railway Hub"}, "geometry": {"type": "Point", "coordinates": [-112.0576, 33.4643]}}, {"type": "Feature", "properties": {"name": "San Antonio Amtrak Station", "city": "San Antonio", "state": "Texas", "type": "Railway Hub"}, "geometry": {"type": "Point", "coordinates": [-98.5134, 29.4184]}}, {"type": "Feature", "properties": {"name": "San Antonio Bus Terminal", "city": "San Antonio", "state": "Texas", "type": "Railway Hub"}, "geometry": {"type": "Point", "coordinates": [-98.4838, 29.4134]}}, {"type": "Feature", "properties": {"name": "San Antonio Greyhound Terminal", "city": "San Antonio", "state": "Texas", "type": "Railway Hub"}, "geometry": {"type": "Point", "coordinates": [-98.4913, 29.4507]}}, {"type": "Feature", "properties": {"name": "San Antonio Light Rail Station", "city": "San Antonio", "state": "Texas", "type": "Railway Hub"}, "geometry": {"type": "Point", "coordinates": [-98.5046, 29.4236]}}, {"type": "Feature", "properties": {"name": "San Antonio Amtrak Station", "city": "San Antonio", "state": "Texas", "type": "Railway Hub"}, "geometry": {"type": "Point", "coordinates": [-98.4521, 29.4207]}}, {"type": "Feature", "properties": {"name": "San Antonio Rail Yard", "city": "San Antonio", "state": "Texas", "type": "Railway Hub"}, "geometry": {"type": "Point", "coordinates": [-98.5298, 29.422]}}, {"type": "Feature", "properties": {"name": "San Antonio Rail Yard", "city": "San Antonio", "state": "Texas", "type": "Railway Hub"}, "geometry": {"type": "Point", "coordinates": [-98.4905, 29.4175]}}, {"type": "Feature", "properties": {"name": "San Antonio Regional Transit Hub", "city": "San Antonio", "state": "Texas", "type": "Railway Hub"}, "geometry": {"type": "Point", "coordinates": [-98.5023, 29.4332]}}, {"type": "Feature", "properties": {"name": "San Antonio Train Station", "city": "San Antonio", "state": "Texas", "type": "Railway Hub"}, "geometry": {"type": "Point", "coordinates": [-98.5149, 29.3959]}}, {"type": "Feature", "properties": {"name": "San Diego Train Station", "city": "San Diego", "state": "California", "type": "Railway Hub"}, "geometry": {"type": "Point", "coordinates": [-117.1352, 32.7183]}}, {"type": "Feature", "properties": {"name": "San Diego Greyhound Terminal", "city": "San Diego", "state": "California", "type": "Railway Hub"}, "geometry": {"type": "Point", "coordinates": [-117.1903, 32.6914]}}, {"type": "Feature", "properties": {"name": "San Diego Transportation Center", "city": "San Diego", "state": "California", "type": "Railway Hub"}, "geometry": {"type": "Point", "coordinates": [-117.1706, 32.7153]}}, {"type": "Feature", "properties": {"name": "San Diego Transit Center", "city": "San Diego", "state": "California", "type": "Railway Hub"}, "geometry": {"type": "Point", "coordinates": [-117.1768, 32.7096]}}, {"type": "Feature", "properties": {"name": "San Diego Transportation Center", "city": "San Diego", "state": "California", "type": "Railway Hub"}, "geometry": {"type": "Point", "coordinates": [-117.1581, 32.7075]}}, {"type": "Feature", "properties": {"name": "San Diego Airport Shuttle Hub", "city": "San Diego", "state": "California", "type": "Railway Hub"}, "geometry": {"type": "Point", "coordinates": [-117.1407, 32.6898]}}, {"type": "Feature", "properties": {"name": "San Diego Train Station", "city": "San Diego", "state": "California", "type": "Railway Hub"}, "geometry": {"type": "Point", "coordinates": [-117.1876, 32.7311]}}, {"type": "Feature", "properties": {"name": "Dallas Light Rail Station", "city": "Dallas", "state": "Texas", "type": "Railway Hub"}, "geometry": {"type": "Point", "coordinates": [-96.7607, 32.7985]}}, {"type": "Feature", "properties": {"name": "Dallas Train Station", "city": "Dallas", "state": "Texas", "type": "Railway Hub"}, "geometry": {"type": "Point", "coordinates": [-96.7832, 32.7867]}}, {"type": "Feature", "properties": {"name": "Dallas Transit Center", "city": "Dallas", "state": "Texas", "type": "Railway Hub"}, "geometry": {"type": "Point", "coordinates": [-96.7815, 32.7623]}}, {"type": "Feature", "properties": {"name": "Dallas Train Station", "city": "Dallas", "state": "Texas", "type": "Railway Hub"}, "geometry": {"type": "Point", "coordinates": [-96.766, 32.7723]}}, {"type": "Feature", "properties": {"name": "Dallas Union Station", "city": "Dallas", "state": "Texas", "type": "Railway Hub"}, "geometry": {"type": "Point", "coordinates": [-96.7949, 32.7501]}}, {"type": "Feature", "properties": {"name": "Dallas Transit Center", "city": "Dallas", "state": "Texas", "type": "Railway Hub"}, "geometry": {"type": "Point", "coordinates": [-96.759, 32.7691]}}, {"type": "Feature", "properties": {"name": "San Jose Amtrak Station", "city": "San Jose", "state": "California", "type": "Railway Hub"}, "geometry": {"type": "Point", "coordinates": [-121.8839, 37.3372]}}, {"type": "Feature", "properties": {"name": "San Jose Bus Rapid Transit Hub", "city": "San Jose", "state": "California", "type": "Railway Hub"}, "geometry": {"type": "Point", "coordinates": [-121.9276, 37.3646]}}, {"type": "Feature", "properties": {"name": "San Jose Airport Shuttle Hub", "city": "San Jose", "state": "California", "type": "Railway Hub"}, "geometry": {"type": "Point", "coordinates": [-121.8899, 37.335]}}, {"type": "Feature", "properties": {"name": "San Jose Intermodal Hub", "city": "San Jose", "state": "California", "type": "Railway Hub"}, "geometry": {"type": "Point", "coordinates": [-121.904, 37.3237]}}, {"type": "Feature", "properties": {"name": "Austin Light Rail Station", "city": "Austin", "state": "Texas", "type": "Railway Hub"}, "geometry": {"type": "Point", "coordinates": [-97.7017, 30.2796]}}, {"type": "Feature", "properties": {"name": "Austin Airport Shuttle Hub", "city": "Austin", "state": "Texas", "type": "Railway Hub"}, "geometry": {"type": "Point", "coordinates": [-97.7067, 30.2431]}}, {"type": "Feature", "properties": {"name": "Austin Train Station", "city": "Austin", "state": "Texas", "type": "Railway Hub"}, "geometry": {"type": "Point", "coordinates": [-97.7566, 30.278]}}, {"type": "Feature", "properties": {"name": "Austin Train Station", "city": "Austin", "state": "Texas", "type": "Railway Hub"}, "geometry": {"type": "Point", "coordinates": [-97.7384, 30.2424]}}, {"type": "Feature", "properties": {"name": "Indianapolis Transit Center", "city": "Indianapolis", "state": "Indiana", "type": "Railway Hub"}, "geometry": {"type": "Point", "coordinates": [-86.1237, 39.758]}}, {"type": "Feature", "properties": {"name": "Indianapolis Transportation Center", "city": "Indianapolis", "state": "Indiana", "type": "Railway Hub"}, "geometry": {"type": "Point", "coordinates": [-86.1925, 39.7516]}}, {"type": "Feature", "properties": {"name": "Indianapolis Intermodal Hub", "city": "Indianapolis", "state": "Indiana", "type": "Railway Hub"}, "geometry": {"type": "Point", "coordinates": [-86.1353, 39.7713]}}, {"type": "Feature", "properties": {"name": "Indianapolis Bus Terminal", "city": "Indianapolis", "state": "Indiana", "type": "Railway Hub"}, "geometry": {"type": "Point", "coordinates": [-86.1484, 39.7786]}}, {"type": "Feature", "properties": {"name": "Jacksonville Regional Transit Hub", "city": "Jacksonville", "state": "Florida", "type": "Railway Hub"}, "geometry": {"type": "Point", "coordinates": [-81.6201, 30.3477]}}, {"type": "Feature", "properties": {"name": "Jacksonville Amtrak Station", "city": "Jacksonville", "state": "Florida", "type": "Railway Hub"}, "geometry": {"type": "Point", "coordinates": [-81.6539, 30.308]}}, {"type": "Feature", "properties": {"name": "Jacksonville Bus Rapid Transit Hub", "city": "Jacksonville", "state": "Florida", "type": "Railway Hub"}, "geometry": {"type": "Point", "coordinates": [-81.6298, 30.3423]}}, {"type": "Feature", "properties": {"name": "San Francisco Metro Station", "city": "San Francisco", "state": "California", "type": "Railway Hub"}, "geometry": {"type": "Point", "coordinates": [-122.4527, 37.7454]}}, {"type": "Feature", "properties": {"name": "San Francisco Bus Rapid Transit Hub", "city": "San Francisco", "state": "California", "type": "Railway Hub"}, "geometry": {"type": "Point", "coordinates": [-122.378, 37.7906]}}, {"type": "Feature", "properties": {"name": "San Francisco Greyhound Terminal", "city": "San Francisco", "state": "California", "type": "Railway Hub"}, "geometry": {"type": "Point", "coordinates": [-122.4359, 37.7858]}}, {"type": "Feature", "properties": {"name": "San Francisco Intermodal Hub", "city": "San Francisco", "state": "California", "type": "Railway Hub"}, "geometry": {"type": "Point", "coordinates": [-122.4214, 37.7979]}}, {"type": "Feature", "properties": {"name": "San Francisco Amtrak Station", "city": "San Francisco", "state": "California", "type": "Railway Hub"}, "geometry": {"type": "Point", "coordinates": [-122.4201, 37.7786]}}, {"type": "Feature", "properties": {"name": "San Francisco Light Rail Station", "city": "San Francisco", "state": "California", "type": "Railway Hub"}, "geometry": {"type": "Point", "coordinates": [-122.3959, 37.7683]}}, {"type": "Feature", "properties": {"name": "Columbus Bus Rapid Transit Hub", "city": "Columbus", "state": "Ohio", "type": "Railway Hub"}, "geometry": {"type": "Point", "coordinates": [-82.985, 39.986]}}, {"type": "Feature", "properties": {"name": "Columbus Amtrak Station", "city": "Columbus", "state": "Ohio", "type": "Railway Hub"}, "geometry": {"type": "Point", "coordinates": [-83.0305, 39.9318]}}, {"type": "Feature", "properties": {"name": "Columbus Metro Station", "city": "Columbus", "state": "Ohio", "type": "Railway Hub"}, "geometry": {"type": "Point", "coordinates": [-83.0146, 39.961]}}, {"type": "Feature", "properties": {"name": "Columbus Transit Center", "city": "Columbus", "state": "Ohio", "type": "Railway Hub"}, "geometry": {"type": "Point", "coordinates": [-82.9597, 39.9716]}}, {"type": "Feature", "properties": {"name": "Columbus Bus Rapid Transit Hub", "city": "Columbus", "state": "Ohio", "type": "Railway Hub"}, "geometry": {"type": "Point", "coordinates": [-83.0204, 39.9353]}}, {"type": "Feature", "properties": {"name": "Charlotte Airport Shuttle Hub", "city": "Charlotte", "state": "North Carolina", "type": "Railway Hub"}, "geometry": {"type": "Point", "coordinates": [-80.8409, 35.2421]}}, {"type": "Feature", "properties": {"name": "Charlotte Commuter Rail Station", "city": "Charlotte", "state": "North Carolina", "type": "Railway Hub"}, "geometry": {"type": "Point", "coordinates": [-80.8051, 35.2113]}}, {"type": "Feature", "properties": {"name": "Charlotte Commuter Rail Station", "city": "Charlotte", "state": "North Carolina", "type": "Railway Hub"}, "geometry": {"type": "Point", "coordinates": [-80.8082, 35.2415]}}, {"type": "Feature", "properties": {"name": "Charlotte Bus Rapid Transit Hub", "city": "Charlotte", "state": "North Carolina", "type": "Railway Hub"}, "geometry": {"type": "Point", "coordinates": [-80.8141, 35.1991]}}, {"type": "Feature", "properties": {"name": "Charlotte Train Station", "city": "Charlotte", "state": "North Carolina", "type": "Railway Hub"}, "geometry": {"type": "Point", "coordinates": [-80.8493, 35.2386]}}, {"type": "Feature", "properties": {"name": "Charlotte Greyhound Terminal", "city": "Charlotte", "state": "North Carolina", "type": "Railway Hub"}, "geometry": {"type": "Point", "coordinates": [-80.8178, 35.2478]}}, {"type": "Feature", "properties": {"name": "Fort Worth Commuter Rail Station", "city": "Fort Worth", "state": "Texas", "type": "Railway Hub"}, "geometry": {"type": "Point", "coordinates": [-97.3278, 32.739]}}, {"type": "Feature", "properties": {"name": "Fort Worth Rail Yard", "city": "Fort Worth", "state": "Texas", "type": "Railway Hub"}, "geometry": {"type": "Point", "coordinates": [-97.3391, 32.7806]}}, {"type": "Feature", "properties": {"name": "Fort Worth Greyhound Terminal", "city": "Fort Worth", "state": "Texas", "type": "Railway Hub"}, "geometry": {"type": "Point", "coordinates": [-97.3542, 32.7775]}}, {"type": "Feature", "properties": {"name": "Fort Worth Transportation Center", "city": "Fort Worth", "state": "Texas", "type": "Railway Hub"}, "geometry": {"type": "Point", "coordinates": [-97.3393, 32.7834]}}, {"type": "Feature", "properties": {"name": "Fort Worth Transit Center", "city": "Fort Worth", "state": "Texas", "type": "Railway Hub"}, "geometry": {"type": "Point", "coordinates": [-97.3644, 32.7511]}}, {"type": "Feature", "properties": {"name": "Fort Worth Airport Shuttle Hub", "city": "Fort Worth", "state": "Texas", "type": "Railway Hub"}, "geometry": {"type": "Point", "coordinates": [-97.3197, 32.759]}}, {"type": "Feature", "properties": {"name": "Detroit Bus Terminal", "city": "Detroit", "state": "Michigan", "type": "Railway Hub"}, "geometry": {"type": "Point", "coordinates": [-83.0419, 42.3186]}}, {"type": "Feature", "properties": {"name": "Detroit Airport Shuttle Hub", "city": "Detroit", "state": "Michigan", "type": "Railway Hub"}, "geometry": {"type": "Point", "coordinates": [-83.019, 42.3328]}}, {"type": "Feature", "properties": {"name": "Detroit Intermodal Hub", "city": "Detroit", "state": "Michigan", "type": "Railway Hub"}, "geometry": {"type": "Point", "coordinates": [-83.0438, 42.3069]}}, {"type": "Feature", "properties": {"name": "El Paso Airport Shuttle Hub", "city": "El Paso", "state": "Texas", "type": "Railway Hub"}, "geometry": {"type": "Point", "coordinates": [-106.4661, 31.7695]}}, {"type": "Feature", "properties": {"name": "El Paso Regional Transit Hub", "city": "El Paso", "state": "Texas", "type": "Railway Hub"}, "geometry": {"type": "Point", "coordinates": [-106.4611, 31.7636]}}, {"type": "Feature", "properties": {"name": "El Paso Rail Yard", "city": "El Paso", "state": "Texas", "type": "Railway Hub"}, "geometry": {"type": "Point", "coordinates": [-106.4814, 31.7852]}}, {"type": "Feature", "properties": {"name": "El Paso Rail Yard", "city": "El Paso", "state": "Texas", "type": "Railway Hub"}, "geometry": {"type": "Point", "coordinates": [-106.4317, 31.7754]}}, {"type": "Feature", "properties": {"name": "Memphis Amtrak Station", "city": "Memphis", "state": "Tennessee", "type": "Railway Hub"}, "geometry": {"type": "Point", "coordinates": [-90.03, 35.1531]}}, {"type": "Feature", "properties": {"name": "Memphis Bus Terminal", "city": "Memphis", "state": "Tennessee", "type": "Railway Hub"}, "geometry": {"type": "Point", "coordinates": [-90.0164, 35.1196]}}, {"type": "Feature", "properties": {"name": "Memphis Regional Transit Hub", "city": "Memphis", "state": "Tennessee", "type": "Railway Hub"}, "geometry": {"type": "Point", "coordinates": [-90.057, 35.172]}}, {"type": "Feature", "properties": {"name": "Memphis Airport Shuttle Hub", "city": "Memphis", "state": "Tennessee", "type": "Railway Hub"}, "geometry": {"type": "Point", "coordinates": [-90.0705, 35.141]}}, {"type": "Feature", "properties": {"name": "Memphis Bus Terminal", "city": "Memphis", "state": "Tennessee", "type": "Railway Hub"}, "geometry": {"type": "Point", "coordinates": [-90.0591, 35.1465]}}, {"type": "Feature", "properties": {"name": "Memphis Regional Transit Hub", "city": "Memphis", "state": "Tennessee", "type": "Railway Hub"}, "geometry": {"type": "Point", "coordinates": [-90.045, 35.1375]}}, {"type": "Feature", "properties": {"name": "Seattle Bus Terminal", "city": "Seattle", "state": "Washington", "type": "Railway Hub"}, "geometry": {"type": "Point", "coordinates": [-122.2926, 47.5908]}}, {"type": "Feature", "properties": {"name": "Seattle Bus Terminal", "city": "Seattle", "state": "Washington", "type": "Railway Hub"}, "geometry": {"type": "Point", "coordinates": [-122.358, 47.6122]}}, {"type": "Feature", "properties": {"name": "Seattle Amtrak Station", "city": "Seattle", "state": "Washington", "type": "Railway Hub"}, "geometry": {"type": "Point", "coordinates": [-122.3621, 47.6064]}}, {"type": "Feature", "properties": {"name": "Seattle Union Station", "city": "Seattle", "state": "Washington", "type": "Railway Hub"}, "geometry": {"type": "Point", "coordinates": [-122.3156, 47.5796]}}, {"type": "Feature", "properties": {"name": "Seattle Regional Transit Hub", "city": "Seattle", "state": "Washington", "type": "Railway Hub"}, "geometry": {"type": "Point", "coordinates": [-122.3582, 47.6335]}}, {"type": "Feature", "properties": {"name": "Seattle Commuter Rail Station", "city": "Seattle", "state": "Washington", "type": "Railway Hub"}, "geometry": {"type": "Point", "coordinates": [-122.3638, 47.5771]}}, {"type": "Feature", "properties": {"name": "Denver Transit Center", "city": "Denver", "state": "Colorado", "type": "Railway Hub"}, "geometry": {"type": "Point", "coordinates": [-104.9919, 39.769]}}, {"type": "Feature", "properties": {"name": "Denver Bus Rapid Transit Hub", "city": "Denver", "state": "Colorado", "type": "Railway Hub"}, "geometry": {"type": "Point", "coordinates": [-105.0246, 39.7145]}}, {"type": "Feature", "properties": {"name": "Denver Transit Center", "city": "Denver", "state": "Colorado", "type": "Railway Hub"}, "geometry": {"type": "Point", "coordinates": [-104.9846, 39.7221]}}, {"type": "Feature", "properties": {"name": "Denver Regional Transit Hub", "city": "Denver", "state": "Colorado", "type": "Railway Hub"}, "geometry": {"type": "Point", "coordinates": [-104.977, 39.7534]}}, {"type": "Feature", "properties": {"name": "Denver Amtrak Station", "city": "Denver", "state": "Colorado", "type": "Railway Hub"}, "geometry": {"type": "Point", "coordinates": [-104.9654, 39.7278]}}, {"type": "Feature", "properties": {"name": "Washington Bus Rapid Transit Hub", "city": "Washington", "state": "District of Columbia", "type": "Railway Hub"}, "geometry": {"type": "Point", "coordinates": [-77.0272, 38.8997]}}, {"type": "Feature", "properties": {"name": "Washington Amtrak Station", "city": "Washington", "state": "District of Columbia", "type": "Railway Hub"}, "geometry": {"type": "Point", "coordinates": [-77.0491, 38.9277]}}, {"type": "Feature", "properties": {"name": "Washington Commuter Rail Station", "city": "Washington", "state": "District of Columbia", "type": "Railway Hub"}, "geometry": {"type": "Point", "coordinates": [-77.0675, 38.9185]}}, {"type": "Feature", "properties": {"name": "Boston Train Station", "city": "Boston", "state": "Massachusetts", "type": "Railway Hub"}, "geometry": {"type": "Point", "coordinates": [-71.0556, 42.374]}}, {"type": "Feature", "properties": {"name": "Boston Union Station", "city": "Boston", "state": "Massachusetts", "type": "Railway Hub"}, "geometry": {"type": "Point", "coordinates": [-71.0682, 42.3768]}}, {"type": "Feature", "properties": {"name": "Boston Regional Transit Hub", "city": "Boston", "state": "Massachusetts", "type": "Railway Hub"}, "geometry": {"type": "Point", "coordinates": [-71.0816, 42.3644]}}, {"type": "Feature", "properties": {"name": "Nashville Rail Yard", "city": "Nashville", "state": "Tennessee", "type": "Railway Hub"}, "geometry": {"type": "Point", "coordinates": [-86.7755, 36.1437]}}, {"type": "Feature", "properties": {"name": "Nashville Commuter Rail Station", "city": "Nashville", "state": "Tennessee", "type": "Railway Hub"}, "geometry": {"type": "Point", "coordinates": [-86.7783, 36.1596]}}, {"type": "Feature", "properties": {"name": "Nashville Rail Yard", "city": "Nashville", "state": "Tennessee", "type": "Railway Hub"}, "geometry": {"type": "Point", "coordinates": [-86.7849, 36.1691]}}, {"type": "Feature", "properties": {"name": "Nashville Metro Station", "city": "Nashville", "state": "Tennessee", "type": "Railway Hub"}, "geometry": {"type": "Point", "coordinates": [-86.8189, 36.182]}}, {"type": "Feature", "properties": {"name": "Nashville Intermodal Hub", "city": "Nashville", "state": "Tennessee", "type": "Railway Hub"}, "geometry": {"type": "Point", "coordinates": [-86.7542, 36.1695]}}, {"type": "Feature", "properties": {"name": "Nashville Greyhound Terminal", "city": "Nashville", "state": "Tennessee", "type": "Railway Hub"}, "geometry": {"type": "Point", "coordinates": [-86.7758, 36.1488]}}, {"type": "Feature", "properties": {"name": "Baltimore Bus Rapid Transit Hub", "city": "Baltimore", "state": "Maryland", "type": "Railway Hub"}, "geometry": {"type": "Point", "coordinates": [-76.5918, 39.2808]}}, {"type": "Feature", "properties": {"name": "Baltimore Metro Station", "city": "Baltimore", "state": "Maryland", "type": "Railway Hub"}, "geometry": {"type": "Point", "coordinates": [-76.6426, 39.2871]}}, {"type": "Feature", "properties": {"name": "Baltimore Transit Center", "city": "Baltimore", "state": "Maryland", "type": "Railway Hub"}, "geometry": {"type": "Point", "coordinates": [-76.6486, 39.3001]}}, {"type": "Feature", "properties": {"name": "Baltimore Regional Transit Hub", "city": "Baltimore", "state": "Maryland", "type": "Railway Hub"}, "geometry": {"type": "Point", "coordinates": [-76.6141, 39.2718]}}, {"type": "Feature", "properties": {"name": "Baltimore Transportation Center", "city": "Baltimore", "state": "Maryland", "type": "Railway Hub"}, "geometry": {"type": "Point", "coordinates": [-76.6411, 39.2962]}}, {"type": "Feature", "properties": {"name": "Oklahoma City Metro Station", "city": "Oklahoma City", "state": "Oklahoma", "type": "Railway Hub"}, "geometry": {"type": "Point", "coordinates": [-97.5326, 35.4671]}}, {"type": "Feature", "properties": {"name": "Oklahoma City Transportation Center", "city": "Oklahoma City", "state": "Oklahoma", "type": "Railway Hub"}, "geometry": {"type": "Point", "coordinates": [-97.5108, 35.4722]}}, {"type": "Feature", "properties": {"name": "Oklahoma City Transit Center", "city": "Oklahoma City", "state": "Oklahoma", "type": "Railway Hub"}, "geometry": {"type": "Point", "coordinates": [-97.5255, 35.4702]}}, {"type": "Feature", "properties": {"name": "Oklahoma City Train Station", "city": "Oklahoma City", "state": "Oklahoma", "type": "Railway Hub"}, "geometry": {"type": "Point", "coordinates": [-97.482, 35.4907]}}, {"type": "Feature", "properties": {"name": "Louisville Rail Yard", "city": "Louisville", "state": "Kentucky", "type": "Railway Hub"}, "geometry": {"type": "Point", "coordinates": [-85.7181, 38.2586]}}, {"type": "Feature", "properties": {"name": "Louisville Metro Station", "city": "Louisville", "state": "Kentucky", "type": "Railway Hub"}, "geometry": {"type": "Point", "coordinates": [-85.7295, 38.2261]}}, {"type": "Feature", "properties": {"name": "Louisville Bus Terminal", "city": "Louisville", "state": "Kentucky", "type": "Railway Hub"}, "geometry": {"type": "Point", "coordinates": [-85.7735, 38.2585]}}, {"type": "Feature", "properties": {"name": "Louisville Greyhound Terminal", "city": "Louisville", "state": "Kentucky", "type": "Railway Hub"}, "geometry": {"type": "Point", "coordinates": [-85.7616, 38.2687]}}, {"type": "Feature", "properties": {"name": "Louisville Transportation Center", "city": "Louisville", "state": "Kentucky", "type": "Railway Hub"}, "geometry": {"type": "Point", "coordinates": [-85.7174, 38.2475]}}, {"type": "Feature", "properties": {"name": "Portland Transportation Center", "city": "Portland", "state": "Oregon", "type": "Railway Hub"}, "geometry": {"type": "Point", "coordinates": [-122.6748, 45.5393]}}, {"type": "Feature", "properties": {"name": "Portland Bus Rapid Transit Hub", "city": "Portland", "state": "Oregon", "type": "Railway Hub"}, "geometry": {"type": "Point", "coordinates": [-122.6569, 45.5054]}}, {"type": "Feature", "properties": {"name": "Portland Metro Station", "city": "Portland", "state": "Oregon", "type": "Railway Hub"}, "geometry": {"type": "Point", "coordinates": [-122.6859, 45.5246]}}, {"type": "Feature", "properties": {"name": "Portland Train Station", "city": "Portland", "state": "Oregon", "type": "Railway Hub"}, "geometry": {"type": "Point", "coordinates": [-122.693, 45.5429]}}, {"type": "Feature", "properties": {"name": "Portland Regional Transit Hub", "city": "Portland", "state": "Oregon", "type": "Railway Hub"}, "geometry": {"type": "Point", "coordinates": [-122.6731, 45.5202]}}, {"type": "Feature", "properties": {"name": "Las Vegas Rail Yard", "city": "Las Vegas", "state": "Nevada", "type": "Railway Hub"}, "geometry": {"type": "Point", "coordinates": [-115.1422, 36.195]}}, {"type": "Feature", "properties": {"name": "Las Vegas Union Station", "city": "Las Vegas", "state": "Nevada", "type": "Railway Hub"}, "geometry": {"type": "Point", "coordinates": [-115.1685, 36.1641]}}, {"type": "Feature", "properties": {"name": "Las Vegas Bus Rapid Transit Hub", "city": "Las Vegas", "state": "Nevada", "type": "Railway Hub"}, "geometry": {"type": "Point", "coordinates": [-115.1185, 36.1514]}}, {"type": "Feature", "properties": {"name": "Milwaukee Airport Shuttle Hub", "city": "Milwaukee", "state": "Wisconsin", "type": "Railway Hub"}, "geometry": {"type": "Point", "coordinates": [-87.9444, 43.0599]}}, {"type": "Feature", "properties": {"name": "Milwaukee Rail Yard", "city": "Milwaukee", "state": "Wisconsin", "type": "Railway Hub"}, "geometry": {"type": "Point", "coordinates": [-87.9263, 43.0536]}}, {"type": "Feature", "properties": {"name": "Milwaukee Union Station", "city": "Milwaukee", "state": "Wisconsin", "type": "Railway Hub"}, "geometry": {"type": "Point", "coordinates": [-87.8864, 43.0219]}}, {"type": "Feature", "properties": {"name": "Milwaukee Commuter Rail Station", "city": "Milwaukee", "state": "Wisconsin", "type": "Railway Hub"}, "geometry": {"type": "Point", "coordinates": [-87.8959, 43.0235]}}, {"type": "Feature", "properties": {"name": "Milwaukee Commuter Rail Station", "city": "Milwaukee", "state": "Wisconsin", "type": "Railway Hub"}, "geometry": {"type": "Point", "coordinates": [-87.9464, 43.0669]}}, {"type": "Feature", "properties": {"name": "Milwaukee Bus Terminal", "city": "Milwaukee", "state": "Wisconsin", "type": "Railway Hub"}, "geometry": {"type": "Point", "coordinates": [-87.8803, 43.041]}}, {"type": "Feature", "properties": {"name": "Albuquerque Train Station", "city": "Albuquerque", "state": "New Mexico", "type": "Railway Hub"}, "geometry": {"type": "Point", "coordinates": [-106.5666, 35.09]}}, {"type": "Feature", "properties": {"name": "Albuquerque Greyhound Terminal", "city": "Albuquerque", "state": "New Mexico", "type": "Railway Hub"}, "geometry": {"type": "Point", "coordinates": [-106.6304, 35.0832]}}, {"type": "Feature", "properties": {"name": "Albuquerque Metro Station", "city": "Albuquerque", "state": "New Mexico", "type": "Railway Hub"}, "geometry": {"type": "Point", "coordinates": [-106.5683, 35.1022]}}, {"type": "Feature", "properties": {"name": "Albuquerque Commuter Rail Station", "city": "Albuquerque", "state": "New Mexico", "type": "Railway Hub"}, "geometry": {"type": "Point", "coordinates": [-106.6105, 35.0963]}}, {"type": "Feature", "properties": {"name": "Tucson Greyhound Terminal", "city": "Tucson", "state": "Arizona", "type": "Railway Hub"}, "geometry": {"type": "Point", "coordinates": [-110.9442, 32.2262]}}, {"type": "Feature", "properties": {"name": "Tucson Union Station", "city": "Tucson", "state": "Arizona", "type": "Railway Hub"}, "geometry": {"type": "Point", "coordinates": [-110.9646, 32.2233]}}, {"type": "Feature", "properties": {"name": "Tucson Amtrak Station", "city": "Tucson", "state": "Arizona", "type": "Railway Hub"}, "geometry": {"type": "Point", "coordinates": [-110.9577, 32.2131]}}, {"type": "Feature", "properties": {"name": "Fresno Airport Shuttle Hub", "city": "Fresno", "state": "California", "type": "Railway Hub"}, "geometry": {"type": "Point", "coordinates": [-119.8094, 36.7378]}}, {"type": "Feature", "properties": {"name": "Fresno Bus Rapid Transit Hub", "city": "Fresno", "state": "California", "type": "Railway Hub"}, "geometry": {"type": "Point", "coordinates": [-119.7571, 36.7286]}}, {"type": "Feature", "properties": {"name": "Fresno Train Station", "city": "Fresno", "state": "California", "type": "Railway Hub"}, "geometry": {"type": "Point", "coordinates": [-119.8056, 36.7285]}}, {"type": "Feature", "properties": {"name": "Sacramento Union Station", "city": "Sacramento", "state": "California", "type": "Railway Hub"}, "geometry": {"type": "Point", "coordinates": [-121.5239, 38.5909]}}, {"type": "Feature", "properties": {"name": "Sacramento Light Rail Station", "city": "Sacramento", "state": "California", "type": "Railway Hub"}, "geometry": {"type": "Point", "coordinates": [-121.4926, 38.5596]}}, {"type": "Feature", "properties": {"name": "Sacramento Commuter Rail Station", "city": "Sacramento", "state": "California", "type": "Railway Hub"}, "geometry": {"type": "Point", "coordinates": [-121.4909, 38.5781]}}, {"type": "Feature", "properties": {"name": "Sacramento Rail Yard", "city": "Sacramento", "state": "California", "type": "Railway Hub"}, "geometry": {"type": "Point", "coordinates": [-121.4825, 38.5855]}}, {"type": "Feature", "properties": {"name": "Long Beach Transit Center", "city": "Long Beach", "state": "California", "type": "Railway Hub"}, "geometry": {"type": "Point", "coordinates": [-118.1843, 33.7537]}}, {"type": "Feature", "properties": {"name": "Long Beach Union Station", "city": "Long Beach", "state": "California", "type": "Railway Hub"}, "geometry": {"type": "Point", "coordinates": [-118.175, 33.7428]}}, {"type": "Feature", "properties": {"name": "Long Beach Greyhound Terminal", "city": "Long Beach", "state": "California", "type": "Railway Hub"}, "geometry": {"type": "Point", "coordinates": [-118.1667, 33.7699]}}, {"type": "Feature", "properties": {"name": "Long Beach Transportation Center", "city": "Long Beach", "state": "California", "type": "Railway Hub"}, "geometry": {"type": "Point", "coordinates": [-118.2232, 33.7568]}}, {"type": "Feature", "properties": {"name": "Kansas City Metro Station", "city": "Kansas City", "state": "Missouri", "type": "Railway Hub"}, "geometry": {"type": "Point", "coordinates": [-94.5415, 39.1024]}}, {"type": "Feature", "properties": {"name": "Kansas City Transit Center", "city": "Kansas City", "state": "Missouri", "type": "Railway Hub"}, "geometry": {"type": "Point", "coordinates": [-94.581, 39.1096]}}, {"type": "Feature", "properties": {"name": "Kansas City Union Station", "city": "Kansas City", "state": "Missouri", "type": "Railway Hub"}, "geometry": {"type": "Point", "coordinates": [-94.5979, 39.0838]}}, {"type": "Feature", "properties": {"name": "Mesa Intermodal Hub", "city": "Mesa", "state": "Arizona", "type": "Railway Hub"}, "geometry": {"type": "Point", "coordinates": [-111.8428, 33.4396]}}, {"type": "Feature", "properties": {"name": "Mesa Bus Rapid Transit Hub", "city": "Mesa", "state": "Arizona", "type": "Railway Hub"}, "geometry": {"type": "Point", "coordinates": [-111.868, 33.3971]}}, {"type": "Feature", "properties": {"name": "Virginia Beach Greyhound Terminal", "city": "Virginia Beach", "state": "Virginia", "type": "Railway Hub"}, "geometry": {"type": "Point", "coordinates": [-75.9427, 36.8272]}}, {"type": "Feature", "properties": {"name": "Virginia Beach Light Rail Station", "city": "Virginia Beach", "state": "Virginia", "type": "Railway Hub"}, "geometry": {"type": "Point", "coordinates": [-75.9535, 36.8455]}}, {"type": "Feature", "properties": {"name": "Virginia Beach Metro Station", "city": "Virginia Beach", "state": "Virginia", "type": "Railway Hub"}, "geometry": {"type": "Point", "coordinates": [-75.971, 36.8564]}}, {"type": "Feature", "properties": {"name": "Virginia Beach Regional Transit Hub", "city": "Virginia Beach", "state": "Virginia", "type": "Railway Hub"}, "geometry": {"type": "Point", "coordinates": [-75.9521, 36.8757]}}, {"type": "Feature", "properties": {"name": "Atlanta Commuter Rail Station", "city": "Atlanta", "state": "Georgia", "type": "Railway Hub"}, "geometry": {"type": "Point", "coordinates": [-84.4005, 33.7473]}}, {"type": "Feature", "properties": {"name": "Atlanta Commuter Rail Station", "city": "Atlanta", "state": "Georgia", "type": "Railway Hub"}, "geometry": {"type": "Point", "coordinates": [-84.3613, 33.7576]}}, {"type": "Feature", "properties": {"name": "Colorado Springs Rail Yard", "city": "Colorado Springs", "state": "Colorado", "type": "Railway Hub"}, "geometry": {"type": "Point", "coordinates": [-104.8142, 38.8416]}}, {"type": "Feature", "properties": {"name": "Colorado Springs Transit Center", "city": "Colorado Springs", "state": "Colorado", "type": "Railway Hub"}, "geometry": {"type": "Point", "coordinates": [-104.8042, 38.8222]}}, {"type": "Feature", "properties": {"name": "Colorado Springs Union Station", "city": "Colorado Springs", "state": "Colorado", "type": "Railway Hub"}, "geometry": {"type": "Point", "coordinates": [-104.7838, 38.8336]}}, {"type": "Feature", "properties": {"name": "Colorado Springs Regional Transit Hub", "city": "Colorado Springs", "state": "Colorado", "type": "Railway Hub"}, "geometry": {"type": "Point", "coordinates": [-104.7933, 38.8108]}}, {"type": "Feature", "properties": {"name": "Omaha Airport Shuttle Hub", "city": "Omaha", "state": "Nebraska", "type": "Railway Hub"}, "geometry": {"type": "Point", "coordinates": [-95.9647, 41.2768]}}, {"type": "Feature", "properties": {"name": "Omaha Train Station", "city": "Omaha", "state": "Nebraska", "type": "Railway Hub"}, "geometry": {"type": "Point", "coordinates": [-96.0181, 41.2488]}}, {"type": "Feature", "properties": {"name": "Raleigh Train Station", "city": "Raleigh", "state": "North Carolina", "type": "Railway Hub"}, "geometry": {"type": "Point", "coordinates": [-78.6082, 35.7757]}}, {"type": "Feature", "properties": {"name": "Raleigh Light Rail Station", "city": "Raleigh", "state": "North Carolina", "type": "Railway Hub"}, "geometry": {"type": "Point", "coordinates": [-78.6672, 35.753]}}, {"type": "Feature", "properties": {"name": "Miami Bus Rapid Transit Hub", "city": "Miami", "state": "Florida", "type": "Railway Hub"}, "geometry": {"type": "Point", "coordinates": [-80.1719, 25.7579]}}, {"type": "Feature", "properties": {"name": "Miami Rail Yard", "city": "Miami", "state": "Florida", "type": "Railway Hub"}, "geometry": {"type": "Point", "coordinates": [-80.1589, 25.7861]}}, {"type": "Feature", "properties": {"name": "Oakland Train Station", "city": "Oakland", "state": "California", "type": "Railway Hub"}, "geometry": {"type": "Point", "coordinates": [-122.276, 37.7882]}}, {"type": "Feature", "properties": {"name": "Oakland Greyhound Terminal", "city": "Oakland", "state": "California", "type": "Railway Hub"}, "geometry": {"type": "Point", "coordinates": [-122.3041, 37.795]}}, {"type": "Feature", "properties": {"name": "Minneapolis Greyhound Terminal", "city": "Minneapolis", "state": "Minnesota", "type": "Railway Hub"}, "geometry": {"type": "Point", "coordinates": [-93.2398, 44.9972]}}, {"type": "Feature", "properties": {"name": "Minneapolis Airport Shuttle Hub", "city": "Minneapolis", "state": "Minnesota", "type": "Railway Hub"}, "geometry": {"type": "Point", "coordinates": [-93.2381, 44.9885]}}, {"type": "Feature", "properties": {"name": "Minneapolis Intermodal Hub", "city": "Minneapolis", "state": "Minnesota", "type": "Railway Hub"}, "geometry": {"type": "Point", "coordinates": [-93.2563, 44.9645]}}, {"type": "Feature", "properties": {"name": "Minneapolis Regional Transit Hub", "city": "Minneapolis", "state": "Minnesota", "type": "Railway Hub"}, "geometry": {"type": "Point", "coordinates": [-93.2271, 44.9545]}}, {"type": "Feature", "properties": {"name": "Tulsa Transit Center", "city": "Tulsa", "state": "Oklahoma", "type": "Railway Hub"}, "geometry": {"type": "Point", "coordinates": [-96.0232, 36.1595]}}, {"type": "Feature", "properties": {"name": "Tulsa Transit Center", "city": "Tulsa", "state": "Oklahoma", "type": "Railway Hub"}, "geometry": {"type": "Point", "coordinates": [-95.986, 36.1321]}}, {"type": "Feature", "properties": {"name": "Tulsa Commuter Rail Station", "city": "Tulsa", "state": "Oklahoma", "type": "Railway Hub"}, "geometry": {"type": "Point", "coordinates": [-95.9812, 36.1346]}}, {"type": "Feature", "properties": {"name": "Tulsa Regional Transit Hub", "city": "Tulsa", "state": "Oklahoma", "type": "Railway Hub"}, "geometry": {"type": "Point", "coordinates": [-95.9558, 36.1514]}}, {"type": "Feature", "properties": {"name": "Cleveland Greyhound Terminal", "city": "Cleveland", "state": "Ohio", "type": "Railway Hub"}, "geometry": {"type": "Point", "coordinates": [-81.6795, 41.4957]}}, {"type": "Feature", "properties": {"name": "Cleveland Metro Station", "city": "Cleveland", "state": "Ohio", "type": "Railway Hub"}, "geometry": {"type": "Point", "coordinates": [-81.6632, 41.5288]}}, {"type": "Feature", "properties": {"name": "Cleveland Airport Shuttle Hub", "city": "Cleveland", "state": "Ohio", "type": "Railway Hub"}, "geometry": {"type": "Point", "coordinates": [-81.7228, 41.5254]}}, {"type": "Feature", "properties": {"name": "Cleveland Transit Center", "city": "Cleveland", "state": "Ohio", "type": "Railway Hub"}, "geometry": {"type": "Point", "coordinates": [-81.717, 41.4739]}}, {"type": "Feature", "properties": {"name": "Wichita Light Rail Station", "city": "Wichita", "state": "Kansas", "type": "Railway Hub"}, "geometry": {"type": "Point", "coordinates": [-97.3695, 37.7026]}}, {"type": "Feature", "properties": {"name": "Wichita Commuter Rail Station", "city": "Wichita", "state": "Kansas", "type": "Railway Hub"}, "geometry": {"type": "Point", "coordinates": [-97.309, 37.7178]}}, {"type": "Feature", "properties": {"name": "Wichita Commuter Rail Station", "city": "Wichita", "state": "Kansas", "type": "Railway Hub"}, "geometry": {"type": "Point", "coordinates": [-97.3638, 37.7131]}}, {"type": "Feature", "properties": {"name": "Arlington Union Station", "city": "Arlington", "state": "Texas", "type": "Railway Hub"}, "geometry": {"type": "Point", "coordinates": [-97.1135, 32.7225]}}, {"type": "Feature", "properties": {"name": "Arlington Transportation Center", "city": "Arlington", "state": "Texas", "type": "Railway Hub"}, "geometry": {"type": "Point", "coordinates": [-97.1097, 32.757]}}, {"type": "Feature", "properties": {"name": "New Orleans Bus Rapid Transit Hub", "city": "New Orleans", "state": "Louisiana", "type": "Railway Hub"}, "geometry": {"type": "Point", "coordinates": [-90.087, 29.9313]}}, {"type": "Feature", "properties": {"name": "New Orleans Amtrak Station", "city": "New Orleans", "state": "Louisiana", "type": "Railway Hub"}, "geometry": {"type": "Point", "coordinates": [-90.1132, 29.9638]}}, {"type": "Feature", "properties": {"name": "New Orleans Greyhound Terminal", "city": "New Orleans", "state": "Louisiana", "type": "Railway Hub"}, "geometry": {"type": "Point", "coordinates": [-90.0373, 29.9766]}}, {"type": "Feature", "properties": {"name": "New Orleans Metro Station", "city": "New Orleans", "state": "Louisiana", "type": "Railway Hub"}, "geometry": {"type": "Point", "coordinates": [-90.1045, 29.9737]}}, {"type": "Feature", "properties": {"name": "Bakersfield Transportation Center", "city": "Bakersfield", "state": "California", "type": "Railway Hub"}, "geometry": {"type": "Point", "coordinates": [-119.0585, 35.3612]}}, {"type": "Feature", "properties": {"name": "Bakersfield Transportation Center", "city": "Bakersfield", "state": "California", "type": "Railway Hub"}, "geometry": {"type": "Point", "coordinates": [-118.9919, 35.3976]}}, {"type": "Feature", "properties": {"name": "Bakersfield Amtrak Station", "city": "Bakersfield", "state": "California", "type": "Railway Hub"}, "geometry": {"type": "Point", "coordinates": [-119.0487, 35.3679]}}, {"type": "Feature", "properties": {"name": "Tampa Regional Transit Hub", "city": "Tampa", "state": "Florida", "type": "Railway Hub"}, "geometry": {"type": "Point", "coordinates": [-82.4724, 27.9552]}}, {"type": "Feature", "properties": {"name": "Tampa Transportation Center", "city": "Tampa", "state": "Florida", "type": "Railway Hub"}, "geometry": {"type": "Point", "coordinates": [-82.4467, 27.9702]}}, {"type": "Feature", "properties": {"name": "Tampa Amtrak Station", "city": "Tampa", "state": "Florida", "type": "Railway Hub"}, "geometry": {"type": "Point", "coordinates": [-82.4177, 27.9295]}}, {"type": "Feature", "properties": {"name": "Honolulu Union Station", "city": "Honolulu", "state": "Hawaii", "type": "Railway Hub"}, "geometry": {"type": "Point", "coordinates": [-157.8757, 21.3252]}}, {"type": "Feature", "properties": {"name": "Honolulu Bus Terminal", "city": "Honolulu", "state": "Hawaii", "type": "Railway Hub"}, "geometry": {"type": "Point", "coordinates": [-157.8825, 21.2792]}}, {"type": "Feature", "properties": {"name": "Aurora Amtrak Station", "city": "Aurora", "state": "Colorado", "type": "Railway Hub"}, "geometry": {"type": "Point", "coordinates": [-104.8516, 39.7294]}}, {"type": "Feature", "properties": {"name": "Aurora Metro Station", "city": "Aurora", "state": "Colorado", "type": "Railway Hub"}, "geometry": {"type": "Point", "coordinates": [-104.8287, 39.7365]}}, {"type": "Feature", "properties": {"name": "Aurora Train Station", "city": "Aurora", "state": "Colorado", "type": "Railway Hub"}, "geometry": {"type": "Point", "coordinates": [-104.8688, 39.7471]}}, {"type": "Feature", "properties": {"name": "Anaheim Transportation Center", "city": "Anaheim", "state": "California", "type": "Railway Hub"}, "geometry": {"type": "Point", "coordinates": [-117.9253, 33.8489]}}, {"type": "Feature", "properties": {"name": "Anaheim Transportation Center", "city": "Anaheim", "state": "California", "type": "Railway Hub"}, "geometry": {"type": "Point", "coordinates": [-117.887, 33.8463]}}, {"type": "Feature", "properties": {"name": "Anaheim Greyhound Terminal", "city": "Anaheim", "state": "California", "type": "Railway Hub"}, "geometry": {"type": "Point", "coordinates": [-117.9528, 33.806]}}, {"type": "Feature", "properties": {"name": "Anaheim Metro Station", "city": "Anaheim", "state": "California", "type": "Railway Hub"}, "geometry": {"type": "Point", "coordinates": [-117.8733, 33.8397]}}, {"type": "Feature", "properties": {"name": "Santa Ana Commuter Rail Station", "city": "Santa Ana", "state": "California", "type": "Railway Hub"}, "geometry": {"type": "Point", "coordinates": [-117.8432, 33.7336]}}, {"type": "Feature", "properties": {"name": "Santa Ana Regional Transit Hub", "city": "Santa Ana", "state": "California", "type": "Railway Hub"}, "geometry": {"type": "Point", "coordinates": [-117.8477, 33.7422]}}, {"type": "Feature", "properties": {"name": "Santa Ana Greyhound Terminal", "city": "Santa Ana", "state": "California", "type": "Railway Hub"}, "geometry": {"type": "Point", "coordinates": [-117.898, 33.7672]}}, {"type": "Feature", "properties": {"name": "Santa Ana Metro Station", "city": "Santa Ana", "state": "California", "type": "Railway Hub"}, "geometry": {"type": "Point", "coordinates": [-117.8296, 33.729]}}, {"type": "Feature", "properties": {"name": "St. Louis Train Station", "city": "St. Louis", "state": "Missouri", "type": "Railway Hub"}, "geometry": {"type": "Point", "coordinates": [-90.2082, 38.6119]}}, {"type": "Feature", "properties": {"name": "St. Louis Greyhound Terminal", "city": "St. Louis", "state": "Missouri", "type": "Railway Hub"}, "geometry": {"type": "Point", "coordinates": [-90.1897, 38.6552]}}, {"type": "Feature", "properties": {"name": "Riverside Regional Transit Hub", "city": "Riverside", "state": "California", "type": "Railway Hub"}, "geometry": {"type": "Point", "coordinates": [-117.3916, 33.9833]}}, {"type": "Feature", "properties": {"name": "Riverside Transportation Center", "city": "Riverside", "state": "California", "type": "Railway Hub"}, "geometry": {"type": "Point", "coordinates": [-117.421, 33.9244]}}, {"type": "Feature", "properties": {"name": "Riverside Rail Yard", "city": "Riverside", "state": "California", "type": "Railway Hub"}, "geometry": {"type": "Point", "coordinates": [-117.3702, 33.982]}}, {"type": "Feature", "properties": {"name": "Riverside Greyhound Terminal", "city": "Riverside", "state": "California", "type": "Railway Hub"}, "geometry": {"type": "Point", "coordinates": [-117.3996, 33.9742]}}, {"type": "Feature", "properties": {"name": "Corpus Christi Metro Station", "city": "Corpus Christi", "state": "Texas", "type": "Railway Hub"}, "geometry": {"type": "Point", "coordinates": [-97.4326, 27.7824]}}, {"type": "Feature", "properties": {"name": "Corpus Christi Greyhound Terminal", "city": "Corpus Christi", "state": "Texas", "type": "Railway Hub"}, "geometry": {"type": "Point", "coordinates": [-97.393, 27.8052]}}, {"type": "Feature", "properties": {"name": "Corpus Christi Metro Station", "city": "Corpus Christi", "state": "Texas", "type": "Railway Hub"}, "geometry": {"type": "Point", "coordinates": [-97.4335, 27.7847]}}, {"type": "Feature", "properties": {"name": "Corpus Christi Transit Center", "city": "Corpus Christi", "state": "Texas", "type": "Railway Hub"}, "geometry": {"type": "Point", "coordinates": [-97.406, 27.7831]}}, {"type": "Feature", "properties": {"name": "Lexington-Fayette Intermodal Hub", "city": "Lexington-Fayette", "state": "Kentucky", "type": "Railway Hub"}, "geometry": {"type": "Point", "coordinates": [-84.5219, 38.0304]}}, {"type": "Feature", "properties": {"name": "Lexington-Fayette Intermodal Hub", "city": "Lexington-Fayette", "state": "Kentucky", "type": "Railway Hub"}, "geometry": {"type": "Point", "coordinates": [-84.4992, 38.0402]}}, {"type": "Feature", "properties": {"name": "Lexington-Fayette Union Station", "city": "Lexington-Fayette", "state": "Kentucky", "type": "Railway Hub"}, "geometry": {"type": "Point", "coordinates": [-84.4649, 38.0584]}}, {"type": "Feature", "properties": {"name": "Pittsburgh Bus Rapid Transit Hub", "city": "Pittsburgh", "state": "Pennsylvania", "type": "Railway Hub"}, "geometry": {"type": "Point", "coordinates": [-79.9805, 40.4456]}}, {"type": "Feature", "properties": {"name": "Pittsburgh Transportation Center", "city": "Pittsburgh", "state": "Pennsylvania", "type": "Railway Hub"}, "geometry": {"type": "Point", "coordinates": [-80.011, 40.4224]}}, {"type": "Feature", "properties": {"name": "Pittsburgh Union Station", "city": "Pittsburgh", "state": "Pennsylvania", "type": "Railway Hub"}, "geometry": {"type": "Point", "coordinates": [-80.0089, 40.4159]}}, {"type": "Feature", "properties": {"name": "Anchorage Commuter Rail Station", "city": "Anchorage", "state": "Alaska", "type": "Railway Hub"}, "geometry": {"type": "Point", "coordinates": [-149.8921, 61.2167]}}, {"type": "Feature", "properties": {"name": "Anchorage Light Rail Station", "city": "Anchorage", "state": "Alaska", "type": "Railway Hub"}, "geometry": {"type": "Point", "coordinates": [-149.8817, 61.1942]}}, {"type": "Feature", "properties": {"name": "Stockton Rail Yard", "city": "Stockton", "state": "California", "type": "Railway Hub"}, "geometry": {"type": "Point", "coordinates": [-121.3236, 37.9557]}}, {"type": "Feature", "properties": {"name": "Stockton Train Station", "city": "Stockton", "state": "California", "type": "Railway Hub"}, "geometry": {"type": "Point", "coordinates": [-121.3149, 37.9356]}}, {"type": "Feature", "properties": {"name": "Stockton Intermodal Hub", "city": "Stockton", "state": "California", "type": "Railway Hub"}, "geometry": {"type": "Point", "coordinates": [-121.281, 37.9772]}}, {"type": "Feature", "properties": {"name": "Cincinnati Bus Rapid Transit Hub", "city": "Cincinnati", "state": "Ohio", "type": "Railway Hub"}, "geometry": {"type": "Point", "coordinates": [-84.4756, 39.0787]}}, {"type": "Feature", "properties": {"name": "Cincinnati Rail Yard", "city": "Cincinnati", "state": "Ohio", "type": "Railway Hub"}, "geometry": {"type": "Point", "coordinates": [-84.5419, 39.0858]}}, {"type": "Feature", "properties": {"name": "Cincinnati Intermodal Hub", "city": "Cincinnati", "state": "Ohio", "type": "Railway Hub"}, "geometry": {"type": "Point", "coordinates": [-84.5534, 39.101]}}, {"type": "Feature", "properties": {"name": "St. Paul Bus Terminal", "city": "St. Paul", "state": "Minnesota", "type": "Railway Hub"}, "geometry": {"type": "Point", "coordinates": [-93.1212, 44.9729]}}, {"type": "Feature", "properties": {"name": "St. Paul Bus Rapid Transit Hub", "city": "St. Paul", "state": "Minnesota", "type": "Railway Hub"}, "geometry": {"type": "Point", "coordinates": [-93.1068, 44.9357]}}, {"type": "Feature", "properties": {"name": "St. Paul Regional Transit Hub", "city": "St. Paul", "state": "Minnesota", "type": "Railway Hub"}, "geometry": {"type": "Point", "coordinates": [-93.1031, 44.9513]}}, {"type": "Feature", "properties": {"name": "St. Paul Bus Rapid Transit Hub", "city": "St. Paul", "state": "Minnesota", "type": "Railway Hub"}, "geometry": {"type": "Point", "coordinates": [-93.0849, 44.9274]}}, {"type": "Feature", "properties": {"name": "Toledo Metro Station", "city": "Toledo", "state": "Ohio", "type": "Railway Hub"}, "geometry": {"type": "Point", "coordinates": [-83.5265, 41.6904]}}, {"type": "Feature", "properties": {"name": "Toledo Metro Station", "city": "Toledo", "state": "Ohio", "type": "Railway Hub"}, "geometry": {"type": "Point", "coordinates": [-83.5953, 41.6583]}}, {"type": "Feature", "properties": {"name": "Greensboro Transit Center", "city": "Greensboro", "state": "North Carolina", "type": "Railway Hub"}, "geometry": {"type": "Point", "coordinates": [-79.7572, 36.0432]}}, {"type": "Feature", "properties": {"name": "Greensboro Airport Shuttle Hub", "city": "Greensboro", "state": "North Carolina", "type": "Railway Hub"}, "geometry": {"type": "Point", "coordinates": [-79.8036, 36.081]}}, {"type": "Feature", "properties": {"name": "Newark Rail Yard", "city": "Newark", "state": "New Jersey", "type": "Railway Hub"}, "geometry": {"type": "Point", "coordinates": [-74.1609, 40.7585]}}, {"type": "Feature", "properties": {"name": "Newark Light Rail Station", "city": "Newark", "state": "New Jersey", "type": "Railway Hub"}, "geometry": {"type": "Point", "coordinates": [-74.1534, 40.713]}}, {"type": "Feature", "properties": {"name": "Newark Intermodal Hub", "city": "Newark", "state": "New Jersey", "type": "Railway Hub"}, "geometry": {"type": "Point", "coordinates": [-74.1998, 40.719]}}, {"type": "Feature", "properties": {"name": "Newark Intermodal Hub", "city": "Newark", "state": "New Jersey", "type": "Railway Hub"}, "geometry": {"type": "Point", "coordinates": [-74.1494, 40.7561]}}, {"type": "Feature", "properties": {"name": "Plano Union Station", "city": "Plano", "state": "Texas", "type": "Railway Hub"}, "geometry": {"type": "Point", "coordinates": [-96.6797, 33.0246]}}, {"type": "Feature", "properties": {"name": "Plano Bus Terminal", "city": "Plano", "state": "Texas", "type": "Railway Hub"}, "geometry": {"type": "Point", "coordinates": [-96.6841, 33.0292]}}, {"type": "Feature", "properties": {"name": "Plano Bus Rapid Transit Hub", "city": "Plano", "state": "Texas", "type": "Railway Hub"}, "geometry": {"type": "Point", "coordinates": [-96.6685, 33.0284]}}, {"type": "Feature", "properties": {"name": "Plano Airport Shuttle Hub", "city": "Plano", "state": "Texas", "type": "Railway Hub"}, "geometry": {"type": "Point", "coordinates": [-96.7304, 33.0141]}}, {"type": "Feature", "properties": {"name": "Henderson Rail Yard", "city": "Henderson", "state": "Nevada", "type": "Railway Hub"}, "geometry": {"type": "Point", "coordinates": [-114.9996, 36.0587]}}, {"type": "Feature", "properties": {"name": "Henderson Intermodal Hub", "city": "Henderson", "state": "Nevada", "type": "Railway Hub"}, "geometry": {"type": "Point", "coordinates": [-114.9559, 36.0476]}}, {"type": "Feature", "properties": {"name": "Henderson Intermodal Hub", "city": "Henderson", "state": "Nevada", "type": "Railway Hub"}, "geometry": {"type": "Point", "coordinates": [-114.9511, 36.0107]}}, {"type": "Feature", "properties": {"name": "Lincoln Rail Yard", "city": "Lincoln", "state": "Nebraska", "type": "Railway Hub"}, "geometry": {"type": "Point", "coordinates": [-96.6958, 40.8509]}}, {"type": "Feature", "properties": {"name": "Lincoln Light Rail Station", "city": "Lincoln", "state": "Nebraska", "type": "Railway Hub"}, "geometry": {"type": "Point", "coordinates": [-96.6632, 40.8408]}}, {"type": "Feature", "properties": {"name": "Lincoln Intermodal Hub", "city": "Lincoln", "state": "Nebraska", "type": "Railway Hub"}, "geometry": {"type": "Point", "coordinates": [-96.7059, 40.8426]}}, {"type": "Feature", "properties": {"name": "Lincoln Light Rail Station", "city": "Lincoln", "state": "Nebraska", "type": "Railway Hub"}, "geometry": {"type": "Point", "coordinates": [-96.6911, 40.8106]}}, {"type": "Feature", "properties": {"name": "Buffalo Light Rail Station", "city": "Buffalo", "state": "New York", "type": "Railway Hub"}, "geometry": {"type": "Point", "coordinates": [-78.8783, 42.8736]}}, {"type": "Feature", "properties": {"name": "Buffalo Union Station", "city": "Buffalo", "state": "New York", "type": "Railway Hub"}, "geometry": {"type": "Point", "coordinates": [-78.8753, 42.8653]}}, {"type": "Feature", "properties": {"name": "Buffalo Rail Yard", "city": "Buffalo", "state": "New York", "type": "Railway Hub"}, "geometry": {"type": "Point", "coordinates": [-78.8653, 42.892]}}, {"type": "Feature", "properties": {"name": "Jersey City Greyhound Terminal", "city": "Jersey City", "state": "New Jersey", "type": "Railway Hub"}, "geometry": {"type": "Point", "coordinates": [-74.0361, 40.737]}}, {"type": "Feature", "properties": {"name": "Jersey City Greyhound Terminal", "city": "Jersey City", "state": "New Jersey", "type": "Railway Hub"}, "geometry": {"type": "Point", "coordinates": [-74.0389, 40.7459]}}, {"type": "Feature", "properties": {"name": "Jersey City Bus Terminal", "city": "Jersey City", "state": "New Jersey", "type": "Railway Hub"}, "geometry": {"type": "Point", "coordinates": [-74.0819, 40.7068]}}, {"type": "Feature", "properties": {"name": "Chula Vista Greyhound Terminal", "city": "Chula Vista", "state": "California", "type": "Railway Hub"}, "geometry": {"type": "Point", "coordinates": [-117.103, 32.6315]}}, {"type": "Feature", "properties": {"name": "Chula Vista Bus Rapid Transit Hub", "city": "Chula Vista", "state": "California", "type": "Railway Hub"}, "geometry": {"type": "Point", "coordinates": [-117.0711, 32.6122]}}, {"type": "Feature", "properties": {"name": "Chula Vista Intermodal Hub", "city": "Chula Vista", "state": "California", "type": "Railway Hub"}, "geometry": {"type": "Point", "coordinates": [-117.106, 32.644]}}, {"type": "Feature", "properties": {"name": "Fort Wayne Transportation Center", "city": "Fort Wayne", "state": "Indiana", "type": "Railway Hub"}, "geometry": {"type": "Point", "coordinates": [-85.1589, 41.0514]}}, {"type": "Feature", "properties": {"name": "Fort Wayne Train Station", "city": "Fort Wayne", "state": "Indiana", "type": "Railway Hub"}, "geometry": {"type": "Point", "coordinates": [-85.1731, 41.063]}}, {"type": "Feature", "properties": {"name": "Fort Wayne Bus Terminal", "city": "Fort Wayne", "state": "Indiana", "type": "Railway Hub"}, "geometry": {"type": "Point", "coordinates": [-85.1259, 41.0779]}}, {"type": "Feature", "properties": {"name": "Orlando Transportation Center", "city": "Orlando", "state": "Florida", "type": "Railway Hub"}, "geometry": {"type": "Point", "coordinates": [-81.338, 28.536]}}, {"type": "Feature", "properties": {"name": "Orlando Greyhound Terminal", "city": "Orlando", "state": "Florida", "type": "Railway Hub"}, "geometry": {"type": "Point", "coordinates": [-81.3945, 28.564]}}, {"type": "Feature", "properties": {"name": "St. Petersburg Union Station", "city": "St. Petersburg", "state": "Florida", "type": "Railway Hub"}, "geometry": {"type": "Point", "coordinates": [-82.6505, 27.7868]}}, {"type": "Feature", "properties": {"name": "St. Petersburg Bus Rapid Transit Hub", "city": "St. Petersburg", "state": "Florida", "type": "Railway Hub"}, "geometry": {"type": "Point", "coordinates": [-82.6033, 27.7887]}}, {"type": "Feature", "properties": {"name": "Chandler Commuter Rail Station", "city": "Chandler", "state": "Arizona", "type": "Railway Hub"}, "geometry": {"type": "Point", "coordinates": [-111.8263, 33.3326]}}, {"type": "Feature", "properties": {"name": "Laredo Bus Terminal", "city": "Laredo", "state": "Texas", "type": "Railway Hub"}, "geometry": {"type": "Point", "coordinates": [-99.4646, 27.5482]}}, {"type": "Feature", "properties": {"name": "Norfolk Greyhound Terminal", "city": "Norfolk", "state": "Virginia", "type": "Railway Hub"}, "geometry": {"type": "Point", "coordinates": [-76.2654, 36.8447]}}, {"type": "Feature", "properties": {"name": "Norfolk Commuter Rail Station", "city": "Norfolk", "state": "Virginia", "type": "Railway Hub"}, "geometry": {"type": "Point", "coordinates": [-76.3246, 36.8309]}}, {"type": "Feature", "properties": {"name": "Durham Intermodal Hub", "city": "Durham", "state": "North Carolina", "type": "Railway Hub"}, "geometry": {"type": "Point", "coordinates": [-78.878, 35.9794]}}, {"type": "Feature", "properties": {"name": "Durham Transit Center", "city": "Durham", "state": "North Carolina", "type": "Railway Hub"}, "geometry": {"type": "Point", "coordinates": [-78.8821, 36.021]}}, {"type": "Feature", "properties": {"name": "Madison Greyhound Terminal", "city": "Madison", "state": "Wisconsin", "type": "Railway Hub"}, "geometry": {"type": "Point", "coordinates": [-89.4417, 43.0489]}}, {"type": "Feature", "properties": {"name": "Madison Commuter Rail Station", "city": "Madison", "state": "Wisconsin", "type": "Railway Hub"}, "geometry": {"type": "Point", "coordinates": [-89.402, 43.0886]}}, {"type": "Feature", "properties": {"name": "Madison Metro Station", "city": "Madison", "state": "Wisconsin", "type": "Railway Hub"}, "geometry": {"type": "Point", "coordinates": [-89.3923, 43.0857]}}, {"type": "Feature", "properties": {"name": "Lubbock Light Rail Station", "city": "Lubbock", "state": "Texas", "type": "Railway Hub"}, "geometry": {"type": "Point", "coordinates": [-101.8743, 33.5522]}}, {"type": "Feature", "properties": {"name": "Lubbock Intermodal Hub", "city": "Lubbock", "state": "Texas", "type": "Railway Hub"}, "geometry": {"type": "Point", "coordinates": [-101.8178, 33.5497]}}, {"type": "Feature", "properties": {"name": "Lubbock Greyhound Terminal", "city": "Lubbock", "state": "Texas", "type": "Railway Hub"}, "geometry": {"type": "Point", "coordinates": [-101.8627, 33.578]}}, {"type": "Feature", "properties": {"name": "Irvine Light Rail Station", "city": "Irvine", "state": "California", "type": "Railway Hub"}, "geometry": {"type": "Point", "coordinates": [-117.7546, 33.7]}}, {"type": "Feature", "properties": {"name": "Irvine Bus Terminal", "city": "Irvine", "state": "California", "type": "Railway Hub"}, "geometry": {"type": "Point", "coordinates": [-117.8357, 33.6668]}}, {"type": "Feature", "properties": {"name": "Winston-Salem Train Station", "city": "Winston-Salem", "state": "North Carolina", "type": "Railway Hub"}, "geometry": {"type": "Point", "coordinates": [-80.2099, 36.1133]}}, {"type": "Feature", "properties": {"name": "Glendale Bus Terminal", "city": "Glendale", "state": "Arizona", "type": "Railway Hub"}, "geometry": {"type": "Point", "coordinates": [-112.1549, 33.5308]}}, {"type": "Feature", "properties": {"name": "Garland Bus Rapid Transit Hub", "city": "Garland", "state": "Texas", "type": "Railway Hub"}, "geometry": {"type": "Point", "coordinates": [-96.6537, 32.9349]}}, {"type": "Feature", "properties": {"name": "Garland Train Station", "city": "Garland", "state": "Texas", "type": "Railway Hub"}, "geometry": {"type": "Point", "coordinates": [-96.6311, 32.9054]}}, {"type": "Feature", "properties": {"name": "Hialeah Bus Terminal", "city": "Hialeah", "state": "Florida", "type": "Railway Hub"}, "geometry": {"type": "Point", "coordinates": [-80.2556, 25.8318]}}, {"type": "Feature", "properties": {"name": "Hialeah Train Station", "city": "Hialeah", "state": "Florida", "type": "Railway Hub"}, "geometry": {"type": "Point", "coordinates": [-80.2708, 25.8635]}}, {"type": "Feature", "properties": {"name": "Hialeah Amtrak Station", "city": "Hialeah", "state": "Florida", "type": "Railway Hub"}, "geometry": {"type": "Point", "coordinates": [-80.2909, 25.845]}}, {"type": "Feature", "properties": {"name": "Reno Bus Rapid Transit Hub", "city": "Reno", "state": "Nevada", "type": "Railway Hub"}, "geometry": {"type": "Point", "coordinates": [-119.7815, 39.532]}}, {"type": "Feature", "properties": {"name": "Reno Light Rail Station", "city": "Reno", "state": "Nevada", "type": "Railway Hub"}, "geometry": {"type": "Point", "coordinates": [-119.8114, 39.5548]}}, {"type": "Feature", "properties": {"name": "Reno Transportation Center", "city": "Reno", "state": "Nevada", "type": "Railway Hub"}, "geometry": {"type": "Point", "coordinates": [-119.7907, 39.5292]}}, {"type": "Feature", "properties": {"name": "Chesapeake Transit Center", "city": "Chesapeake", "state": "Virginia", "type": "Railway Hub"}, "geometry": {"type": "Point", "coordinates": [-76.3236, 36.7791]}}, {"type": "Feature", "properties": {"name": "Chesapeake Bus Terminal", "city": "Chesapeake", "state": "Virginia", "type": "Railway Hub"}, "geometry": {"type": "Point", "coordinates": [-76.2517, 36.7699]}}, {"type": "Feature", "properties": {"name": "Chesapeake Greyhound Terminal", "city": "Chesapeake", "state": "Virginia", "type": "Railway Hub"}, "geometry": {"type": "Point", "coordinates": [-76.2808, 36.7776]}}, {"type": "Feature", "properties": {"name": "Gilbert Greyhound Terminal", "city": "Gilbert", "state": "Arizona", "type": "Railway Hub"}, "geometry": {"type": "Point", "coordinates": [-111.798, 33.3667]}}, {"type": "Feature", "properties": {"name": "Gilbert Commuter Rail Station", "city": "Gilbert", "state": "Arizona", "type": "Railway Hub"}, "geometry": {"type": "Point", "coordinates": [-111.8116, 33.3539]}}, {"type": "Feature", "properties": {"name": "Baton Rouge Light Rail Station", "city": "Baton Rouge", "state": "Louisiana", "type": "Railway Hub"}, "geometry": {"type": "Point", "coordinates": [-91.1618, 30.4677]}}, {"type": "Feature", "properties": {"name": "Baton Rouge Transportation Center", "city": "Baton Rouge", "state": "Louisiana", "type": "Railway Hub"}, "geometry": {"type": "Point", "coordinates": [-91.1593, 30.4719]}}, {"type": "Feature", "properties": {"name": "Irving Transit Center", "city": "Irving", "state": "Texas", "type": "Railway Hub"}, "geometry": {"type": "Point", "coordinates": [-96.9663, 32.8116]}}, {"type": "Feature", "properties": {"name": "Scottsdale Intermodal Hub", "city": "Scottsdale", "state": "Arizona", "type": "Railway Hub"}, "geometry": {"type": "Point", "coordinates": [-111.9108, 33.48]}}, {"type": "Feature", "properties": {"name": "Scottsdale Greyhound Terminal", "city": "Scottsdale", "state": "Arizona", "type": "Railway Hub"}, "geometry": {"type": "Point", "coordinates": [-111.9273, 33.5088]}}, {"type": "Feature", "properties": {"name": "North Las Vegas Train Station", "city": "North Las Vegas", "state": "Nevada", "type": "Railway Hub"}, "geometry": {"type": "Point", "coordinates": [-115.0849, 36.1834]}}, {"type": "Feature", "properties": {"name": "North Las Vegas Train Station", "city": "North Las Vegas", "state": "Nevada", "type": "Railway Hub"}, "geometry": {"type": "Point", "coordinates": [-115.1408, 36.2015]}}, {"type": "Feature", "properties": {"name": "North Las Vegas Commuter Rail Station", "city": "North Las Vegas", "state": "Nevada", "type": "Railway Hub"}, "geometry": {"type": "Point", "coordinates": [-115.1433, 36.1955]}}, {"type": "Feature", "properties": {"name": "Fremont Bus Rapid Transit Hub", "city": "Fremont", "state": "California", "type": "Railway Hub"}, "geometry": {"type": "Point", "coordinates": [-121.9843, 37.5185]}}, {"type": "Feature", "properties": {"name": "Boise City Greyhound Terminal", "city": "Boise City", "state": "Idaho", "type": "Railway Hub"}, "geometry": {"type": "Point", "coordinates": [-116.2118, 43.6318]}}, {"type": "Feature", "properties": {"name": "Boise City Bus Terminal", "city": "Boise City", "state": "Idaho", "type": "Railway Hub"}, "geometry": {"type": "Point", "coordinates": [-116.2158, 43.6376]}}, {"type": "Feature", "properties": {"name": "Boise City Light Rail Station", "city": "Boise City", "state": "Idaho", "type": "Railway Hub"}, "geometry": {"type": "Point", "coordinates": [-116.2415, 43.6013]}}, {"type": "Feature", "properties": {"name": "Richmond Amtrak Station", "city": "Richmond", "state": "Virginia", "type": "Railway Hub"}, "geometry": {"type": "Point", "coordinates": [-77.4532, 37.5602]}}, {"type": "Feature", "properties": {"name": "San Bernardino Union Station", "city": "San Bernardino", "state": "California", "type": "Railway Hub"}, "geometry": {"type": "Point", "coordinates": [-117.3187, 34.0803]}}, {"type": "Feature", "properties": {"name": "San Bernardino Union Station", "city": "San Bernardino", "state": "California", "type": "Railway Hub"}, "geometry": {"type": "Point", "coordinates": [-117.2977, 34.0895]}}, {"type": "Feature", "properties": {"name": "Birmingham Commuter Rail Station", "city": "Birmingham", "state": "Alabama", "type": "Railway Hub"}, "geometry": {"type": "Point", "coordinates": [-86.8313, 33.4935]}}, {"type": "Feature", "properties": {"name": "Birmingham Intermodal Hub", "city": "Birmingham", "state": "Alabama", "type": "Railway Hub"}, "geometry": {"type": "Point", "coordinates": [-86.7784, 33.5328]}}, {"type": "Feature", "properties": {"name": "Spokane Transit Center", "city": "Spokane", "state": "Washington", "type": "Railway Hub"}, "geometry": {"type": "Point", "coordinates": [-117.4095, 47.6827]}}, {"type": "Feature", "properties": {"name": "Rochester Rail Yard", "city": "Rochester", "state": "New York", "type": "Railway Hub"}, "geometry": {"type": "Point", "coordinates": [-77.6228, 43.182]}}, {"type": "Feature", "properties": {"name": "Rochester Light Rail Station", "city": "Rochester", "state": "New York", "type": "Railway Hub"}, "geometry": {"type": "Point", "coordinates": [-77.5804, 43.1825]}}, {"type": "Feature", "properties": {"name": "Des Moines Intermodal Hub", "city": "Des Moines", "state": "Iowa", "type": "Railway Hub"}, "geometry": {"type": "Point", "coordinates": [-93.6485, 41.6264]}}, {"type": "Feature", "properties": {"name": "Des Moines Rail Yard", "city": "Des Moines", "state": "Iowa", "type": "Railway Hub"}, "geometry": {"type": "Point", "coordinates": [-93.5908, 41.5891]}}, {"type": "Feature", "properties": {"name": "Des Moines Union Station", "city": "Des Moines", "state": "Iowa", "type": "Railway Hub"}, "geometry": {"type": "Point", "coordinates": [-93.5915, 41.6106]}}, {"type": "Feature", "properties": {"name": "Modesto Greyhound Terminal", "city": "Modesto", "state": "California", "type": "Railway Hub"}, "geometry": {"type": "Point", "coordinates": [-121.0368, 37.6564]}}, {"type": "Feature", "properties": {"name": "Modesto Regional Transit Hub", "city": "Modesto", "state": "California", "type": "Railway Hub"}, "geometry": {"type": "Point", "coordinates": [-121.0323, 37.6375]}}, {"type": "Feature", "properties": {"name": "Modesto Rail Yard", "city": "Modesto", "state": "California", "type": "Railway Hub"}, "geometry": {"type": "Point", "coordinates": [-121.0119, 37.6248]}}, {"type": "Feature", "properties": {"name": "Fayetteville Light Rail Station", "city": "Fayetteville", "state": "North Carolina", "type": "Railway Hub"}, "geometry": {"type": "Point", "coordinates": [-78.8572, 35.0616]}}, {"type": "Feature", "properties": {"name": "Fayetteville Transit Center", "city": "Fayetteville", "state": "North Carolina", "type": "Railway Hub"}, "geometry": {"type": "Point", "coordinates": [-78.8656, 35.0804]}}, {"type": "Feature", "properties": {"name": "Fayetteville Metro Station", "city": "Fayetteville", "state": "North Carolina", "type": "Railway Hub"}, "geometry": {"type": "Point", "coordinates": [-78.8946, 35.0243]}}, {"type": "Feature", "properties": {"name": "Tacoma Rail Yard", "city": "Tacoma", "state": "Washington", "type": "Railway Hub"}, "geometry": {"type": "Point", "coordinates": [-122.47, 47.2757]}}, {"type": "Feature", "properties": {"name": "Oxnard Amtrak Station", "city": "Oxnard", "state": "California", "type": "Railway Hub"}, "geometry": {"type": "Point", "coordinates": [-119.1482, 34.2217]}}, {"type": "Feature", "properties": {"name": "Oxnard Bus Rapid Transit Hub", "city": "Oxnard", "state": "California", "type": "Railway Hub"}, "geometry": {"type": "Point", "coordinates": [-119.2041, 34.19]}}, {"type": "Feature", "properties": {"name": "Fontana Union Station", "city": "Fontana", "state": "California", "type": "Railway Hub"}, "geometry": {"type": "Point", "coordinates": [-117.3952, 34.1097]}}, {"type": "Feature", "properties": {"name": "Fontana Rail Yard", "city": "Fontana", "state": "California", "type": "Railway Hub"}, "geometry": {"type": "Point", "coordinates": [-117.4701, 34.0887]}}, {"type": "Feature", "properties": {"name": "Fontana Bus Terminal", "city": "Fontana", "state": "California", "type": "Railway Hub"}, "geometry": {"type": "Point", "coordinates": [-117.3971, 34.1077]}}, {"type": "Feature", "properties": {"name": "Columbus Bus Rapid Transit Hub", "city": "Columbus", "state": "Georgia", "type": "Railway Hub"}, "geometry": {"type": "Point", "coordinates": [-84.9649, 32.4771]}}, {"type": "Feature", "properties": {"name": "Columbus Bus Terminal", "city": "Columbus", "state": "Georgia", "type": "Railway Hub"}, "geometry": {"type": "Point", "coordinates": [-84.9994, 32.4661]}}, {"type": "Feature", "properties": {"name": "Columbus Metro Station", "city": "Columbus", "state": "Georgia", "type": "Railway Hub"}, "geometry": {"type": "Point", "coordinates": [-84.9996, 32.4744]}}, {"type": "Feature", "properties": {"name": "Montgomery Train Station", "city": "Montgomery", "state": "Alabama", "type": "Railway Hub"}, "geometry": {"type": "Point", "coordinates": [-86.3261, 32.3608]}}, {"type": "Feature", "properties": {"name": "Montgomery Transit Center", "city": "Montgomery", "state": "Alabama", "type": "Railway Hub"}, "geometry": {"type": "Point", "coordinates": [-86.3181, 32.3737]}}, {"type": "Feature", "properties": {"name": "Moreno Valley Bus Terminal", "city": "Moreno Valley", "state": "California", "type": "Railway Hub"}, "geometry": {"type": "Point", "coordinates": [-117.233, 33.9672]}}, {"type": "Feature", "properties": {"name": "Moreno Valley Transportation Center", "city": "Moreno Valley", "state": "California", "type": "Railway Hub"}, "geometry": {"type": "Point", "coordinates": [-117.235, 33.9667]}}, {"type": "Feature", "properties": {"name": "Shreveport Rail Yard", "city": "Shreveport", "state": "Louisiana", "type": "Railway Hub"}, "geometry": {"type": "Point", "coordinates": [-93.7533, 32.5296]}}, {"type": "Feature", "properties": {"name": "Shreveport Bus Terminal", "city": "Shreveport", "state": "Louisiana", "type": "Railway Hub"}, "geometry": {"type": "Point", "coordinates": [-93.7287, 32.5089]}}, {"type": "Feature", "properties": {"name": "Aurora Transit Center", "city": "Aurora", "state": "Illinois", "type": "Railway Hub"}, "geometry": {"type": "Point", "coordinates": [-88.2991, 41.7793]}}, {"type": "Feature", "properties": {"name": "Yonkers Transportation Center", "city": "Yonkers", "state": "New York", "type": "Railway Hub"}, "geometry": {"type": "Point", "coordinates": [-73.9, 40.9017]}}, {"type": "Feature", "properties": {"name": "Akron Greyhound Terminal", "city": "Akron", "state": "Ohio", "type": "Railway Hub"}, "geometry": {"type": "Point", "coordinates": [-81.4781, 41.0982]}}, {"type": "Feature", "properties": {"name": "Akron Transportation Center", "city": "Akron", "state": "Ohio", "type": "Railway Hub"}, "geometry": {"type": "Point", "coordinates": [-81.4819, 41.0859]}}, {"type": "Feature", "properties": {"name": "Huntington Beach Bus Rapid Transit Hub", "city": "Huntington Beach", "state": "California", "type": "Railway Hub"}, "geometry": {"type": "Point", "coordinates": [-117.9896, 33.6428]}}, {"type": "Feature", "properties": {"name": "Huntington Beach Amtrak Station", "city": "Huntington Beach", "state": "California", "type": "Railway Hub"}, "geometry": {"type": "Point", "coordinates": [-117.9605, 33.6426]}}, {"type": "Feature", "properties": {"name": "Huntington Beach Metro Station", "city": "Huntington Beach", "state": "California", "type": "Railway Hub"}, "geometry": {"type": "Point", "coordinates": [-118.0134, 33.6723]}}, {"type": "Feature", "properties": {"name": "Little Rock Union Station", "city": "Little Rock", "state": "Arkansas", "type": "Railway Hub"}, "geometry": {"type": "Point", "coordinates": [-92.2607, 34.7175]}}, {"type": "Feature", "properties": {"name": "Augusta-Richmond County Intermodal Hub", "city": "Augusta-Richmond County", "state": "Georgia", "type": "Railway Hub"}, "geometry": {"type": "Point", "coordinates": [-81.9711, 33.4651]}}, {"type": "Feature", "properties": {"name": "Augusta-Richmond County Greyhound Terminal", "city": "Augusta-Richmond County", "state": "Georgia", "type": "Railway Hub"}, "geometry": {"type": "Point", "coordinates": [-81.9731, 33.5015]}}, {"type": "Feature", "properties": {"name": "Augusta-Richmond County Metro Station", "city": "Augusta-Richmond County", "state": "Georgia", "type": "Railway Hub"}, "geometry": {"type": "Point", "coordinates": [-81.9851, 33.4937]}}, {"type": "Feature", "properties": {"name": "Amarillo Union Station", "city": "Amarillo", "state": "Texas", "type": "Railway Hub"}, "geometry": {"type": "Point", "coordinates": [-101.7996, 35.2477]}}, {"type": "Feature", "properties": {"name": "Amarillo Airport Shuttle Hub", "city": "Amarillo", "state": "Texas", "type": "Railway Hub"}, "geometry": {"type": "Point", "coordinates": [-101.8393, 35.2508]}}, {"type": "Feature", "properties": {"name": "Amarillo Train Station", "city": "Amarillo", "state": "Texas", "type": "Railway Hub"}, "geometry": {"type": "Point", "coordinates": [-101.8309, 35.2334]}}, {"type": "Feature", "properties": {"name": "Glendale Intermodal Hub", "city": "Glendale", "state": "California", "type": "Railway Hub"}, "geometry": {"type": "Point", "coordinates": [-118.2673, 34.13]}}, {"type": "Feature", "properties": {"name": "Glendale Commuter Rail Station", "city": "Glendale", "state": "California", "type": "Railway Hub"}, "geometry": {"type": "Point", "coordinates": [-118.2341, 34.1569]}}, {"type": "Feature", "properties": {"name": "Mobile Intermodal Hub", "city": "Mobile", "state": "Alabama", "type": "Railway Hub"}, "geometry": {"type": "Point", "coordinates": [-88.0112, 30.721]}}, {"type": "Feature", "properties": {"name": "Mobile Train Station", "city": "Mobile", "state": "Alabama", "type": "Railway Hub"}, "geometry": {"type": "Point", "coordinates": [-88.0673, 30.6942]}}, {"type": "Feature", "properties": {"name": "Mobile Transit Center", "city": "Mobile", "state": "Alabama", "type": "Railway Hub"}, "geometry": {"type": "Point", "coordinates": [-88.046, 30.6909]}}, {"type": "Feature", "properties": {"name": "Grand Rapids Greyhound Terminal", "city": "Grand Rapids", "state": "Michigan", "type": "Railway Hub"}, "geometry": {"type": "Point", "coordinates": [-85.7045, 42.9722]}}, {"type": "Feature", "properties": {"name": "Grand Rapids Metro Station", "city": "Grand Rapids", "state": "Michigan", "type": "Railway Hub"}, "geometry": {"type": "Point", "coordinates": [-85.6415, 42.9523]}}, {"type": "Feature", "properties": {"name": "Grand Rapids Intermodal Hub", "city": "Grand Rapids", "state": "Michigan", "type": "Railway Hub"}, "geometry": {"type": "Point", "coordinates": [-85.7085, 42.9432]}}, {"type": "Feature", "properties": {"name": "Salt Lake City Intermodal Hub", "city": "Salt Lake City", "state": "Utah", "type": "Railway Hub"}, "geometry": {"type": "Point", "coordinates": [-111.861, 40.78]}}, {"type": "Feature", "properties": {"name": "Salt Lake City Commuter Rail Station", "city": "Salt Lake City", "state": "Utah", "type": "Railway Hub"}, "geometry": {"type": "Point", "coordinates": [-111.8802, 40.7875]}}, {"type": "Feature", "properties": {"name": "Salt Lake City Commuter Rail Station", "city": "Salt Lake City", "state": "Utah", "type": "Railway Hub"}, "geometry": {"type": "Point", "coordinates": [-111.8756, 40.7536]}}, {"type": "Feature", "properties": {"name": "Tallahassee Metro Station", "city": "Tallahassee", "state": "Florida", "type": "Railway Hub"}, "geometry": {"type": "Point", "coordinates": [-84.2866, 30.4354]}}, {"type": "Feature", "properties": {"name": "Huntsville Greyhound Terminal", "city": "Huntsville", "state": "Alabama", "type": "Railway Hub"}, "geometry": {"type": "Point", "coordinates": [-86.5886, 34.7116]}}, {"type": "Feature", "properties": {"name": "Grand Prairie Transportation Center", "city": "Grand Prairie", "state": "Texas", "type": "Railway Hub"}, "geometry": {"type": "Point", "coordinates": [-97.0254, 32.7187]}}, {"type": "Feature", "properties": {"name": "Grand Prairie Bus Rapid Transit Hub", "city": "Grand Prairie", "state": "Texas", "type": "Railway Hub"}, "geometry": {"type": "Point", "coordinates": [-96.9899, 32.7219]}}, {"type": "Feature", "properties": {"name": "Knoxville Light Rail Station", "city": "Knoxville", "state": "Tennessee", "type": "Railway Hub"}, "geometry": {"type": "Point", "coordinates": [-83.9242, 35.9562]}}, {"type": "Feature", "properties": {"name": "Knoxville Bus Terminal", "city": "Knoxville", "state": "Tennessee", "type": "Railway Hub"}, "geometry": {"type": "Point", "coordinates": [-83.8924, 35.9666]}}, {"type": "Feature", "properties": {"name": "Knoxville Amtrak Station", "city": "Knoxville", "state": "Tennessee", "type": "Railway Hub"}, "geometry": {"type": "Point", "coordinates": [-83.8954, 35.9653]}}, {"type": "Feature", "properties": {"name": "Worcester Amtrak Station", "city": "Worcester", "state": "Massachusetts", "type": "Railway Hub"}, "geometry": {"type": "Point", "coordinates": [-71.7661, 42.2467]}}, {"type": "Feature", "properties": {"name": "Worcester Bus Rapid Transit Hub", "city": "Worcester", "state": "Massachusetts", "type": "Railway Hub"}, "geometry": {"type": "Point", "coordinates": [-71.7754, 42.256]}}, {"type": "Feature", "properties": {"name": "Worcester Union Station", "city": "Worcester", "state": "Massachusetts", "type": "Railway Hub"}, "geometry": {"type": "Point", "coordinates": [-71.8152, 42.2485]}}, {"type": "Feature", "properties": {"name": "Newport News Transportation Center", "city": "Newport News", "state": "Virginia", "type": "Railway Hub"}, "geometry": {"type": "Point", "coordinates": [-76.5103, 37.0957]}}, {"type": "Feature", "properties": {"name": "Newport News Transit Center", "city": "Newport News", "state": "Virginia", "type": "Railway Hub"}, "geometry": {"type": "Point", "coordinates": [-76.4758, 37.0671]}}, {"type": "Feature", "properties": {"name": "Newport News Rail Yard", "city": "Newport News", "state": "Virginia", "type": "Railway Hub"}, "geometry": {"type": "Point", "coordinates": [-76.4706, 37.0602]}}, {"type": "Feature", "properties": {"name": "Brownsville Regional Transit Hub", "city": "Brownsville", "state": "Texas", "type": "Railway Hub"}, "geometry": {"type": "Point", "coordinates": [-97.5242, 25.8846]}}, {"type": "Feature", "properties": {"name": "Overland Park Bus Terminal", "city": "Overland Park", "state": "Kansas", "type": "Railway Hub"}, "geometry": {"type": "Point", "coordinates": [-94.7007, 38.9934]}}, {"type": "Feature", "properties": {"name": "Overland Park Light Rail Station", "city": "Overland Park", "state": "Kansas", "type": "Railway Hub"}, "geometry": {"type": "Point", "coordinates": [-94.6765, 39.0068]}}, {"type": "Feature", "properties": {"name": "Overland Park Train Station", "city": "Overland Park", "state": "Kansas", "type": "Railway Hub"}, "geometry": {"type": "Point", "coordinates": [-94.6584, 38.9614]}}, {"type": "Feature", "properties": {"name": "Santa Clarita Airport Shuttle Hub", "city": "Santa Clarita", "state": "California", "type": "Railway Hub"}, "geometry": {"type": "Point", "coordinates": [-118.5523, 34.4199]}}, {"type": "Feature", "properties": {"name": "Santa Clarita Intermodal Hub", "city": "Santa Clarita", "state": "California", "type": "Railway Hub"}, "geometry": {"type": "Point", "coordinates": [-118.5629, 34.3794]}}, {"type": "Feature", "properties": {"name": "Santa Clarita Metro Station", "city": "Santa Clarita", "state": "California", "type": "Railway Hub"}, "geometry": {"type": "Point", "coordinates": [-118.5817, 34.3638]}}, {"type": "Feature", "properties": {"name": "Providence Union Station", "city": "Providence", "state": "Rhode Island", "type": "Railway Hub"}, "geometry": {"type": "Point", "coordinates": [-71.4107, 41.8414]}}, {"type": "Feature", "properties": {"name": "Garden Grove Intermodal Hub", "city": "Garden Grove", "state": "California", "type": "Railway Hub"}, "geometry": {"type": "Point", "coordinates": [-117.9469, 33.7692]}}, {"type": "Feature", "properties": {"name": "Chattanooga Regional Transit Hub", "city": "Chattanooga", "state": "Tennessee", "type": "Railway Hub"}, "geometry": {"type": "Point", "coordinates": [-85.3076, 35.048]}}, {"type": "Feature", "properties": {"name": "Chattanooga Transportation Center", "city": "Chattanooga", "state": "Tennessee", "type": "Railway Hub"}, "geometry": {"type": "Point", "coordinates": [-85.3179, 35.0458]}}, {"type": "Feature", "properties": {"name": "Chattanooga Bus Rapid Transit Hub", "city": "Chattanooga", "state": "Tennessee", "type": "Railway Hub"}, "geometry": {"type": "Point", "coordinates": [-85.3344, 35.0606]}}, {"type": "Feature", "properties": {"name": "Oceanside Bus Terminal", "city": "Oceanside", "state": "California", "type": "Railway Hub"}, "geometry": {"type": "Point", "coordinates": [-117.3586, 33.1862]}}, {"type": "Feature", "properties": {"name": "Oceanside Union Station", "city": "Oceanside", "state": "California", "type": "Railway Hub"}, "geometry": {"type": "Point", "coordinates": [-117.3697, 33.188]}}, {"type": "Feature", "properties": {"name": "Jackson Rail Yard", "city": "Jackson", "state": "Mississippi", "type": "Railway Hub"}, "geometry": {"type": "Point", "coordinates": [-90.2267, 32.2818]}}, {"type": "Feature", "properties": {"name": "Jackson Airport Shuttle Hub", "city": "Jackson", "state": "Mississippi", "type": "Railway Hub"}, "geometry": {"type": "Point", "coordinates": [-90.2163, 32.2956]}}, {"type": "Feature", "properties": {"name": "Jackson Transit Center", "city": "Jackson", "state": "Mississippi", "type": "Railway Hub"}, "geometry": {"type": "Point", "coordinates": [-90.2067, 32.2967]}}, {"type": "Feature", "properties": {"name": "Fort Lauderdale Union Station", "city": "Fort Lauderdale", "state": "Florida", "type": "Railway Hub"}, "geometry": {"type": "Point", "coordinates": [-80.1047, 26.1498]}}, {"type": "Feature", "properties": {"name": "Santa Rosa Airport Shuttle Hub", "city": "Santa Rosa", "state": "California", "type": "Railway Hub"}, "geometry": {"type": "Point", "coordinates": [-122.6882, 38.4255]}}, {"type": "Feature", "properties": {"name": "Santa Rosa Metro Station", "city": "Santa Rosa", "state": "California", "type": "Railway Hub"}, "geometry": {"type": "Point", "coordinates": [-122.7117, 38.4398]}}, {"type": "Feature", "properties": {"name": "Rancho Cucamonga Intermodal Hub", "city": "Rancho Cucamonga", "state": "California", "type": "Railway Hub"}, "geometry": {"type": "Point", "coordinates": [-117.5566, 34.0831]}}, {"type": "Feature", "properties": {"name": "Port St. Lucie Commuter Rail Station", "city": "Port St. Lucie", "state": "Florida", "type": "Railway Hub"}, "geometry": {"type": "Point", "coordinates": [-80.3488, 27.2881]}}, {"type": "Feature", "properties": {"name": "Port St. Lucie Train Station", "city": "Port St. Lucie", "state": "Florida", "type": "Railway Hub"}, "geometry": {"type": "Point", "coordinates": [-80.3697, 27.2868]}}, {"type": "Feature", "properties": {"name": "Port St. Lucie Rail Yard", "city": "Port St. Lucie", "state": "Florida", "type": "Railway Hub"}, "geometry": {"type": "Point", "coordinates": [-80.3494, 27.2789]}}, {"type": "Feature", "properties": {"name": "Tempe Greyhound Terminal", "city": "Tempe", "state": "Arizona", "type": "Railway Hub"}, "geometry": {"type": "Point", "coordinates": [-111.8991, 33.4267]}}, {"type": "Feature", "properties": {"name": "Ontario Amtrak Station", "city": "Ontario", "state": "California", "type": "Railway Hub"}, "geometry": {"type": "Point", "coordinates": [-117.6923, 34.0759]}}, {"type": "Feature", "properties": {"name": "Ontario Rail Yard", "city": "Ontario", "state": "California", "type": "Railway Hub"}, "geometry": {"type": "Point", "coordinates": [-117.6321, 34.0761]}}, {"type": "Feature", "properties": {"name": "Ontario Union Station", "city": "Ontario", "state": "California", "type": "Railway Hub"}, "geometry": {"type": "Point", "coordinates": [-117.6817, 34.0392]}}, {"type": "Feature", "properties": {"name": "Vancouver Airport Shuttle Hub", "city": "Vancouver", "state": "Washington", "type": "Railway Hub"}, "geometry": {"type": "Point", "coordinates": [-122.6866, 45.6549]}}, {"type": "Feature", "properties": {"name": "Vancouver Regional Transit Hub", "city": "Vancouver", "state": "Washington", "type": "Railway Hub"}, "geometry": {"type": "Point", "coordinates": [-122.6726, 45.6486]}}, {"type": "Feature", "properties": {"name": "Cape Coral Bus Rapid Transit Hub", "city": "Cape Coral", "state": "Florida", "type": "Railway Hub"}, "geometry": {"type": "Point", "coordinates": [-81.9122, 26.5683]}}, {"type": "Feature", "properties": {"name": "Sioux Falls Bus Terminal", "city": "Sioux Falls", "state": "South Dakota", "type": "Railway Hub"}, "geometry": {"type": "Point", "coordinates": [-96.7175, 43.5354]}}, {"type": "Feature", "properties": {"name": "Sioux Falls Intermodal Hub", "city": "Sioux Falls", "state": "South Dakota", "type": "Railway Hub"}, "geometry": {"type": "Point", "coordinates": [-96.6958, 43.5644]}}, {"type": "Feature", "properties": {"name": "Springfield Rail Yard", "city": "Springfield", "state": "Missouri", "type": "Railway Hub"}, "geometry": {"type": "Point", "coordinates": [-93.2622, 37.2249]}}, {"type": "Feature", "properties": {"name": "Springfield Airport Shuttle Hub", "city": "Springfield", "state": "Missouri", "type": "Railway Hub"}, "geometry": {"type": "Point", "coordinates": [-93.2609, 37.2183]}}, {"type": "Feature", "properties": {"name": "Springfield Bus Rapid Transit Hub", "city": "Springfield", "state": "Missouri", "type": "Railway Hub"}, "geometry": {"type": "Point", "coordinates": [-93.2573, 37.1817]}}, {"type": "Feature", "properties": {"name": "Peoria Commuter Rail Station", "city": "Peoria", "state": "Arizona", "type": "Railway Hub"}, "geometry": {"type": "Point", "coordinates": [-112.2689, 33.5882]}}, {"type": "Feature", "properties": {"name": "Pembroke Pines Transit Center", "city": "Pembroke Pines", "state": "Florida", "type": "Railway Hub"}, "geometry": {"type": "Point", "coordinates": [-80.3048, 25.9802]}}, {"type": "Feature", "properties": {"name": "Pembroke Pines Rail Yard", "city": "Pembroke Pines", "state": "Florida", "type": "Railway Hub"}, "geometry": {"type": "Point", "coordinates": [-80.3179, 26.0034]}}, {"type": "Feature", "properties": {"name": "Elk Grove Commuter Rail Station", "city": "Elk Grove", "state": "California", "type": "Railway Hub"}, "geometry": {"type": "Point", "coordinates": [-121.407, 38.4085]}}, {"type": "Feature", "properties": {"name": "Salem Metro Station", "city": "Salem", "state": "Oregon", "type": "Railway Hub"}, "geometry": {"type": "Point", "coordinates": [-122.9989, 44.9648]}}, {"type": "Feature", "properties": {"name": "Lancaster Train Station", "city": "Lancaster", "state": "California", "type": "Railway Hub"}, "geometry": {"type": "Point", "coordinates": [-118.1685, 34.7139]}}, {"type": "Feature", "properties": {"name": "Lancaster Bus Terminal", "city": "Lancaster", "state": "California", "type": "Railway Hub"}, "geometry": {"type": "Point", "coordinates": [-118.1339, 34.6826]}}, {"type": "Feature", "properties": {"name": "Lancaster Metro Station", "city": "Lancaster", "state": "California", "type": "Railway Hub"}, "geometry": {"type": "Point", "coordinates": [-118.1372, 34.6917]}}, {"type": "Feature", "properties": {"name": "Corona Train Station", "city": "Corona", "state": "California", "type": "Railway Hub"}, "geometry": {"type": "Point", "coordinates": [-117.6078, 33.8589]}}, {"type": "Feature", "properties": {"name": "Corona Regional Transit Hub", "city": "Corona", "state": "California", "type": "Railway Hub"}, "geometry": {"type": "Point", "coordinates": [-117.5615, 33.8702]}}, {"type": "Feature", "properties": {"name": "Corona Bus Rapid Transit Hub", "city": "Corona", "state": "California", "type": "Railway Hub"}, "geometry": {"type": "Point", "coordinates": [-117.5368, 33.9003]}}, {"type": "Feature", "properties": {"name": "Eugene Train Station", "city": "Eugene", "state": "Oregon", "type": "Railway Hub"}, "geometry": {"type": "Point", "coordinates": [-123.0709, 44.0769]}}, {"type": "Feature", "properties": {"name": "Eugene Union Station", "city": "Eugene", "state": "Oregon", "type": "Railway Hub"}, "geometry": {"type": "Point", "coordinates": [-123.0964, 44.0594]}}, {"type": "Feature", "properties": {"name": "Eugene Regional Transit Hub", "city": "Eugene", "state": "Oregon", "type": "Railway Hub"}, "geometry": {"type": "Point", "coordinates": [-123.0886, 44.0739]}}, {"type": "Feature", "properties": {"name": "Palmdale Intermodal Hub", "city": "Palmdale", "state": "California", "type": "Railway Hub"}, "geometry": {"type": "Point", "coordinates": [-118.1074, 34.5817]}}, {"type": "Feature", "properties": {"name": "Salinas Metro Station", "city": "Salinas", "state": "California", "type": "Railway Hub"}, "geometry": {"type": "Point", "coordinates": [-121.6896, 36.6993]}}, {"type": "Feature", "properties": {"name": "Salinas Amtrak Station", "city": "Salinas", "state": "California", "type": "Railway Hub"}, "geometry": {"type": "Point", "coordinates": [-121.6241, 36.653]}}, {"type": "Feature", "properties": {"name": "Salinas Commuter Rail Station", "city": "Salinas", "state": "California", "type": "Railway Hub"}, "geometry": {"type": "Point", "coordinates": [-121.6196, 36.678]}}, {"type": "Feature", "properties": {"name": "Springfield Bus Terminal", "city": "Springfield", "state": "Massachusetts", "type": "Railway Hub"}, "geometry": {"type": "Point", "coordinates": [-72.6242, 42.1058]}}, {"type": "Feature", "properties": {"name": "Pasadena Greyhound Terminal", "city": "Pasadena", "state": "Texas", "type": "Railway Hub"}, "geometry": {"type": "Point", "coordinates": [-95.2358, 29.6729]}}, {"type": "Feature", "properties": {"name": "Fort Collins Amtrak Station", "city": "Fort Collins", "state": "Colorado", "type": "Railway Hub"}, "geometry": {"type": "Point", "coordinates": [-105.0916, 40.5671]}}, {"type": "Feature", "properties": {"name": "Fort Collins Bus Rapid Transit Hub", "city": "Fort Collins", "state": "Colorado", "type": "Railway Hub"}, "geometry": {"type": "Point", "coordinates": [-105.0897, 40.5798]}}, {"type": "Feature", "properties": {"name": "Hayward Light Rail Station", "city": "Hayward", "state": "California", "type": "Railway Hub"}, "geometry": {"type": "Point", "coordinates": [-122.0853, 37.6663]}}, {"type": "Feature", "properties": {"name": "Hayward Intermodal Hub", "city": "Hayward", "state": "California", "type": "Railway Hub"}, "geometry": {"type": "Point", "coordinates": [-122.0827, 37.6803]}}, {"type": "Feature", "properties": {"name": "Pomona Intermodal Hub", "city": "Pomona", "state": "California", "type": "Railway Hub"}, "geometry": {"type": "Point", "coordinates": [-117.7797, 34.0617]}}, {"type": "Feature", "properties": {"name": "Cary Union Station", "city": "Cary", "state": "North Carolina", "type": "Railway Hub"}, "geometry": {"type": "Point", "coordinates": [-78.7896, 35.816]}}, {"type": "Feature", "properties": {"name": "Rockford Union Station", "city": "Rockford", "state": "Illinois", "type": "Railway Hub"}, "geometry": {"type": "Point", "coordinates": [-89.0565, 42.2594]}}, {"type": "Feature", "properties": {"name": "Rockford Rail Yard", "city": "Rockford", "state": "Illinois", "type": "Railway Hub"}, "geometry": {"type": "Point", "coordinates": [-89.0632, 42.2907]}}, {"type": "Feature", "properties": {"name": "Alexandria Union Station", "city": "Alexandria", "state": "Virginia", "type": "Railway Hub"}, "geometry": {"type": "Point", "coordinates": [-77.0687, 38.7777]}}, {"type": "Feature", "properties": {"name": "Escondido Rail Yard", "city": "Escondido", "state": "California", "type": "Railway Hub"}, "geometry": {"type": "Point", "coordinates": [-117.066, 33.0983]}}, {"type": "Feature", "properties": {"name": "McKinney Amtrak Station", "city": "McKinney", "state": "Texas", "type": "Railway Hub"}, "geometry": {"type": "Point", "coordinates": [-96.6379, 33.1688]}}, {"type": "Feature", "properties": {"name": "Kansas City Rail Yard", "city": "Kansas City", "state": "Kansas", "type": "Railway Hub"}, "geometry": {"type": "Point", "coordinates": [-94.6434, 39.1227]}}, {"type": "Feature", "properties": {"name": "Kansas City Amtrak Station", "city": "Kansas City", "state": "Kansas", "type": "Railway Hub"}, "geometry": {"type": "Point", "coordinates": [-94.5858, 39.1167]}}, {"type": "Feature", "properties": {"name": "Kansas City Rail Yard", "city": "Kansas City", "state": "Kansas", "type": "Railway Hub"}, "geometry": {"type": "Point", "coordinates": [-94.6045, 39.0921]}}, {"type": "Feature", "properties": {"name": "Joliet Airport Shuttle Hub", "city": "Joliet", "state": "Illinois", "type": "Railway Hub"}, "geometry": {"type": "Point", "coordinates": [-88.0799, 41.5113]}}, {"type": "Feature", "properties": {"name": "Joliet Train Station", "city": "Joliet", "state": "Illinois", "type": "Railway Hub"}, "geometry": {"type": "Point", "coordinates": [-88.071, 41.5187]}}, {"type": "Feature", "properties": {"name": "Joliet Amtrak Station", "city": "Joliet", "state": "Illinois", "type": "Railway Hub"}, "geometry": {"type": "Point", "coordinates": [-88.0943, 41.5185]}}, {"type": "Feature", "properties": {"name": "Sunnyvale Intermodal Hub", "city": "Sunnyvale", "state": "California", "type": "Railway Hub"}, "geometry": {"type": "Point", "coordinates": [-122.0347, 37.3432]}}, {"type": "Feature", "properties": {"name": "Sunnyvale Amtrak Station", "city": "Sunnyvale", "state": "California", "type": "Railway Hub"}, "geometry": {"type": "Point", "coordinates": [-122.0198, 37.3806]}}, {"type": "Feature", "properties": {"name": "Sunnyvale Airport Shuttle Hub", "city": "Sunnyvale", "state": "California", "type": "Railway Hub"}, "geometry": {"type": "Point", "coordinates": [-122.0067, 37.3823]}}, {"type": "Feature", "properties": {"name": "Torrance Train Station", "city": "Torrance", "state": "California", "type": "Railway Hub"}, "geometry": {"type": "Point", "coordinates": [-118.3479, 33.8137]}}, {"type": "Feature", "properties": {"name": "Torrance Train Station", "city": "Torrance", "state": "California", "type": "Railway Hub"}, "geometry": {"type": "Point", "coordinates": [-118.3735, 33.8478]}}, {"type": "Feature", "properties": {"name": "Torrance Bus Rapid Transit Hub", "city": "Torrance", "state": "California", "type": "Railway Hub"}, "geometry": {"type": "Point", "coordinates": [-118.3819, 33.8215]}}, {"type": "Feature", "properties": {"name": "Bridgeport Rail Yard", "city": "Bridgeport", "state": "Connecticut", "type": "Railway Hub"}, "geometry": {"type": "Point", "coordinates": [-73.179, 41.2014]}}, {"type": "Feature", "properties": {"name": "Lakewood Metro Station", "city": "Lakewood", "state": "Colorado", "type": "Railway Hub"}, "geometry": {"type": "Point", "coordinates": [-105.0798, 39.6968]}}, {"type": "Feature", "properties": {"name": "Lakewood Rail Yard", "city": "Lakewood", "state": "Colorado", "type": "Railway Hub"}, "geometry": {"type": "Point", "coordinates": [-105.0639, 39.7093]}}, {"type": "Feature", "properties": {"name": "Hollywood Greyhound Terminal", "city": "Hollywood", "state": "Florida", "type": "Railway Hub"}, "geometry": {"type": "Point", "coordinates": [-80.1836, 26.0262]}}, {"type": "Feature", "properties": {"name": "Paterson Greyhound Terminal", "city": "Paterson", "state": "New Jersey", "type": "Railway Hub"}, "geometry": {"type": "Point", "coordinates": [-74.1585, 40.9244]}}, {"type": "Feature", "properties": {"name": "Paterson Light Rail Station", "city": "Paterson", "state": "New Jersey", "type": "Railway Hub"}, "geometry": {"type": "Point", "coordinates": [-74.1899, 40.9005]}}, {"type": "Feature", "properties": {"name": "Paterson Amtrak Station", "city": "Paterson", "state": "New Jersey", "type": "Railway Hub"}, "geometry": {"type": "Point", "coordinates": [-74.2085, 40.9351]}}, {"type": "Feature", "properties": {"name": "Naperville Light Rail Station", "city": "Naperville", "state": "Illinois", "type": "Railway Hub"}, "geometry": {"type": "Point", "coordinates": [-88.114, 41.7801]}}, {"type": "Feature", "properties": {"name": "Naperville Train Station", "city": "Naperville", "state": "Illinois", "type": "Railway Hub"}, "geometry": {"type": "Point", "coordinates": [-88.1557, 41.7433]}}, {"type": "Feature", "properties": {"name": "Syracuse Commuter Rail Station", "city": "Syracuse", "state": "New York", "type": "Railway Hub"}, "geometry": {"type": "Point", "coordinates": [-76.1399, 43.0744]}}, {"type": "Feature", "properties": {"name": "Syracuse Transit Center", "city": "Syracuse", "state": "New York", "type": "Railway Hub"}, "geometry": {"type": "Point", "coordinates": [-76.1877, 43.031]}}, {"type": "Feature", "properties": {"name": "Mesquite Regional Transit Hub", "city": "Mesquite", "state": "Texas", "type": "Railway Hub"}, "geometry": {"type": "Point", "coordinates": [-96.5996, 32.7676]}}, {"type": "Feature", "properties": {"name": "Dayton Amtrak Station", "city": "Dayton", "state": "Ohio", "type": "Railway Hub"}, "geometry": {"type": "Point", "coordinates": [-84.1974, 39.7422]}}, {"type": "Feature", "properties": {"name": "Dayton Intermodal Hub", "city": "Dayton", "state": "Ohio", "type": "Railway Hub"}, "geometry": {"type": "Point", "coordinates": [-84.1998, 39.7474]}}, {"type": "Feature", "properties": {"name": "Savannah Airport Shuttle Hub", "city": "Savannah", "state": "Georgia", "type": "Railway Hub"}, "geometry": {"type": "Point", "coordinates": [-81.0727, 32.0894]}}, {"type": "Feature", "properties": {"name": "Clarksville Train Station", "city": "Clarksville", "state": "Tennessee", "type": "Railway Hub"}, "geometry": {"type": "Point", "coordinates": [-87.3179, 36.5397]}}, {"type": "Feature", "properties": {"name": "Clarksville Airport Shuttle Hub", "city": "Clarksville", "state": "Tennessee", "type": "Railway Hub"}, "geometry": {"type": "Point", "coordinates": [-87.3368, 36.502]}}, {"type": "Feature", "properties": {"name": "Clarksville Commuter Rail Station", "city": "Clarksville", "state": "Tennessee", "type": "Railway Hub"}, "geometry": {"type": "Point", "coordinates": [-87.3734, 36.522]}}, {"type": "Feature", "properties": {"name": "Orange Greyhound Terminal", "city": "Orange", "state": "California", "type": "Railway Hub"}, "geometry": {"type": "Point", "coordinates": [-117.8527, 33.7935]}}, {"type": "Feature", "properties": {"name": "Pasadena Light Rail Station", "city": "Pasadena", "state": "California", "type": "Railway Hub"}, "geometry": {"type": "Point", "coordinates": [-118.1858, 34.1185]}}, {"type": "Feature", "properties": {"name": "Fullerton Bus Rapid Transit Hub", "city": "Fullerton", "state": "California", "type": "Railway Hub"}, "geometry": {"type": "Point", "coordinates": [-117.9185, 33.8524]}}, {"type": "Feature", "properties": {"name": "Fullerton Commuter Rail Station", "city": "Fullerton", "state": "California", "type": "Railway Hub"}, "geometry": {"type": "Point", "coordinates": [-117.9164, 33.8667]}}, {"type": "Feature", "properties": {"name": "Killeen Train Station", "city": "Killeen", "state": "Texas", "type": "Railway Hub"}, "geometry": {"type": "Point", "coordinates": [-97.7218, 31.097]}}, {"type": "Feature", "properties": {"name": "Killeen Transit Center", "city": "Killeen", "state": "Texas", "type": "Railway Hub"}, "geometry": {"type": "Point", "coordinates": [-97.7341, 31.1119]}}, {"type": "Feature", "properties": {"name": "Killeen Transit Center", "city": "Killeen", "state": "Texas", "type": "Railway Hub"}, "geometry": {"type": "Point", "coordinates": [-97.7239, 31.104]}}, {"type": "Feature", "properties": {"name": "Frisco Airport Shuttle Hub", "city": "Frisco", "state": "Texas", "type": "Railway Hub"}, "geometry": {"type": "Point", "coordinates": [-96.8539, 33.1516]}}, {"type": "Feature", "properties": {"name": "Frisco Intermodal Hub", "city": "Frisco", "state": "Texas", "type": "Railway Hub"}, "geometry": {"type": "Point", "coordinates": [-96.8559, 33.1421]}}, {"type": "Feature", "properties": {"name": "Frisco Metro Station", "city": "Frisco", "state": "Texas", "type": "Railway Hub"}, "geometry": {"type": "Point", "coordinates": [-96.8226, 33.1686]}}, {"type": "Feature", "properties": {"name": "Hampton Commuter Rail Station", "city": "Hampton", "state": "Virginia", "type": "Railway Hub"}, "geometry": {"type": "Point", "coordinates": [-76.3485, 37.0419]}}, {"type": "Feature", "properties": {"name": "McAllen Intermodal Hub", "city": "McAllen", "state": "Texas", "type": "Railway Hub"}, "geometry": {"type": "Point", "coordinates": [-98.2414, 26.1953]}}, {"type": "Feature", "properties": {"name": "McAllen Train Station", "city": "McAllen", "state": "Texas", "type": "Railway Hub"}, "geometry": {"type": "Point", "coordinates": [-98.2386, 26.1841]}}, {"type": "Feature", "properties": {"name": "Warren Union Station", "city": "Warren", "state": "Michigan", "type": "Railway Hub"}, "geometry": {"type": "Point", "coordinates": [-83.001, 42.4923]}}, {"type": "Feature", "properties": {"name": "Warren Airport Shuttle Hub", "city": "Warren", "state": "Michigan", "type": "Railway Hub"}, "geometry": {"type": "Point", "coordinates": [-83.0074, 42.5114]}}, {"type": "Feature", "properties": {"name": "Bellevue Train Station", "city": "Bellevue", "state": "Washington", "type": "Railway Hub"}, "geometry": {"type": "Point", "coordinates": [-122.1906, 47.6032]}}, {"type": "Feature", "properties": {"name": "West Valley City Bus Rapid Transit Hub", "city": "West Valley City", "state": "Utah", "type": "Railway Hub"}, "geometry": {"type": "Point", "coordinates": [-111.9907, 40.7053]}}, {"type": "Feature", "properties": {"name": "West Valley City Greyhound Terminal", "city": "West Valley City", "state": "Utah", "type": "Railway Hub"}, "geometry": {"type": "Point", "coordinates": [-112.0349, 40.6886]}}, {"type": "Feature", "properties": {"name": "West Valley City Train Station", "city": "West Valley City", "state": "Utah", "type": "Railway Hub"}, "geometry": {"type": "Point", "coordinates": [-112.0357, 40.69]}}, {"type": "Feature", "properties": {"name": "Columbia Transportation Center", "city": "Columbia", "state": "South Carolina", "type": "Railway Hub"}, "geometry": {"type": "Point", "coordinates": [-81.0319, 34.0274]}}, {"type": "Feature", "properties": {"name": "Olathe Metro Station", "city": "Olathe", "state": "Kansas", "type": "Railway Hub"}, "geometry": {"type": "Point", "coordinates": [-94.8562, 38.8801]}}, {"type": "Feature", "properties": {"name": "Olathe Intermodal Hub", "city": "Olathe", "state": "Kansas", "type": "Railway Hub"}, "geometry": {"type": "Point", "coordinates": [-94.8102, 38.8843]}}, {"type": "Feature", "properties": {"name": "Olathe Bus Terminal", "city": "Olathe", "state": "Kansas", "type": "Railway Hub"}, "geometry": {"type": "Point", "coordinates": [-94.801, 38.8596]}}, {"type": "Feature", "properties": {"name": "Sterling Heights Greyhound Terminal", "city": "Sterling Heights", "state": "Michigan", "type": "Railway Hub"}, "geometry": {"type": "Point", "coordinates": [-83.0201, 42.5814]}}, {"type": "Feature", "properties": {"name": "Sterling Heights Union Station", "city": "Sterling Heights", "state": "Michigan", "type": "Railway Hub"}, "geometry": {"type": "Point", "coordinates": [-83.0288, 42.5992]}}, {"type": "Feature", "properties": {"name": "New Haven Airport Shuttle Hub", "city": "New Haven", "state": "Connecticut", "type": "Railway Hub"}, "geometry": {"type": "Point", "coordinates": [-72.9107, 41.2793]}}, {"type": "Feature", "properties": {"name": "New Haven Regional Transit Hub", "city": "New Haven", "state": "Connecticut", "type": "Railway Hub"}, "geometry": {"type": "Point", "coordinates": [-72.9194, 41.3224]}}, {"type": "Feature", "properties": {"name": "Miramar Bus Terminal", "city": "Miramar", "state": "Florida", "type": "Railway Hub"}, "geometry": {"type": "Point", "coordinates": [-80.3323, 25.976]}}, {"type": "Feature", "properties": {"name": "Waco Intermodal Hub", "city": "Waco", "state": "Texas", "type": "Railway Hub"}, "geometry": {"type": "Point", "coordinates": [-97.1111, 31.5759]}}, {"type": "Feature", "properties": {"name": "Thousand Oaks Commuter Rail Station", "city": "Thousand Oaks", "state": "California", "type": "Railway Hub"}, "geometry": {"type": "Point", "coordinates": [-118.8439, 34.1436]}}, {"type": "Feature", "properties": {"name": "Thousand Oaks Light Rail Station", "city": "Thousand Oaks", "state": "California", "type": "Railway Hub"}, "geometry": {"type": "Point", "coordinates": [-118.8241, 34.1991]}}, {"type": "Feature", "properties": {"name": "Thousand Oaks Amtrak Station", "city": "Thousand Oaks", "state": "California", "type": "Railway Hub"}, "geometry": {"type": "Point", "coordinates": [-118.8358, 34.1953]}}, {"type": "Feature", "properties": {"name": "Cedar Rapids Airport Shuttle Hub", "city": "Cedar Rapids", "state": "Iowa", "type": "Railway Hub"}, "geometry": {"type": "Point", "coordinates": [-91.6241, 41.9503]}}, {"type": "Feature", "properties": {"name": "Cedar Rapids Amtrak Station", "city": "Cedar Rapids", "state": "Iowa", "type": "Railway Hub"}, "geometry": {"type": "Point", "coordinates": [-91.7011, 41.9999]}}, {"type": "Feature", "properties": {"name": "Cedar Rapids Regional Transit Hub", "city": "Cedar Rapids", "state": "Iowa", "type": "Railway Hub"}, "geometry": {"type": "Point", "coordinates": [-91.633, 41.979]}}, {"type": "Feature", "properties": {"name": "Charleston Transportation Center", "city": "Charleston", "state": "South Carolina", "type": "Railway Hub"}, "geometry": {"type": "Point", "coordinates": [-79.8945, 32.8055]}}, {"type": "Feature", "properties": {"name": "Charleston Metro Station", "city": "Charleston", "state": "South Carolina", "type": "Railway Hub"}, "geometry": {"type": "Point", "coordinates": [-79.9132, 32.797]}}, {"type": "Feature", "properties": {"name": "Charleston Train Station", "city": "Charleston", "state": "South Carolina", "type": "Railway Hub"}, "geometry": {"type": "Point", "coordinates": [-79.9269, 32.7957]}}, {"type": "Feature", "properties": {"name": "Visalia Light Rail Station", "city": "Visalia", "state": "California", "type": "Railway Hub"}, "geometry": {"type": "Point", "coordinates": [-119.2739, 36.3491]}}, {"type": "Feature", "properties": {"name": "Visalia Metro Station", "city": "Visalia", "state": "California", "type": "Railway Hub"}, "geometry": {"type": "Point", "coordinates": [-119.2968, 36.3047]}}, {"type": "Feature", "properties": {"name": "Visalia Union Station", "city": "Visalia", "state": "California", "type": "Railway Hub"}, "geometry": {"type": "Point", "coordinates": [-119.2553, 36.3457]}}, {"type": "Feature", "properties": {"name": "Topeka Commuter Rail Station", "city": "Topeka", "state": "Kansas", "type": "Railway Hub"}, "geometry": {"type": "Point", "coordinates": [-95.6502, 39.0541]}}, {"type": "Feature", "properties": {"name": "Topeka Union Station", "city": "Topeka", "state": "Kansas", "type": "Railway Hub"}, "geometry": {"type": "Point", "coordinates": [-95.684, 39.0678]}}, {"type": "Feature", "properties": {"name": "Elizabeth Light Rail Station", "city": "Elizabeth", "state": "New Jersey", "type": "Railway Hub"}, "geometry": {"type": "Point", "coordinates": [-74.173, 40.661]}}, {"type": "Feature", "properties": {"name": "Gainesville Metro Station", "city": "Gainesville", "state": "Florida", "type": "Railway Hub"}, "geometry": {"type": "Point", "coordinates": [-82.3378, 29.6381]}}, {"type": "Feature", "properties": {"name": "Gainesville Transit Center", "city": "Gainesville", "state": "Florida", "type": "Railway Hub"}, "geometry": {"type": "Point", "coordinates": [-82.3424, 29.6493]}}, {"type": "Feature", "properties": {"name": "Thornton Regional Transit Hub", "city": "Thornton", "state": "Colorado", "type": "Railway Hub"}, "geometry": {"type": "Point", "coordinates": [-104.9919, 39.8467]}}, {"type": "Feature", "properties": {"name": "Thornton Transportation Center", "city": "Thornton", "state": "Colorado", "type": "Railway Hub"}, "geometry": {"type": "Point", "coordinates": [-105.0019, 39.8863]}}, {"type": "Feature", "properties": {"name": "Thornton Commuter Rail Station", "city": "Thornton", "state": "Colorado", "type": "Railway Hub"}, "geometry": {"type": "Point", "coordinates": [-104.9486, 39.8788]}}, {"type": "Feature", "properties": {"name": "Roseville Union Station", "city": "Roseville", "state": "California", "type": "Railway Hub"}, "geometry": {"type": "Point", "coordinates": [-121.2887, 38.7509]}}, {"type": "Feature", "properties": {"name": "Carrollton Train Station", "city": "Carrollton", "state": "Texas", "type": "Railway Hub"}, "geometry": {"type": "Point", "coordinates": [-96.8683, 32.9579]}}, {"type": "Feature", "properties": {"name": "Coral Springs Bus Rapid Transit Hub", "city": "Coral Springs", "state": "Florida", "type": "Railway Hub"}, "geometry": {"type": "Point", "coordinates": [-80.2392, 26.2723]}}, {"type": "Feature", "properties": {"name": "Stamford Commuter Rail Station", "city": "Stamford", "state": "Connecticut", "type": "Railway Hub"}, "geometry": {"type": "Point", "coordinates": [-73.57, 41.0241]}}, {"type": "Feature", "properties": {"name": "Stamford Intermodal Hub", "city": "Stamford", "state": "Connecticut", "type": "Railway Hub"}, "geometry": {"type": "Point", "coordinates": [-73.5346, 41.0423]}}, {"type": "Feature", "properties": {"name": "Stamford Rail Yard", "city": "Stamford", "state": "Connecticut", "type": "Railway Hub"}, "geometry": {"type": "Point", "coordinates": [-73.5213, 41.0467]}}, {"type": "Feature", "properties": {"name": "Simi Valley Transportation Center", "city": "Simi Valley", "state": "California", "type": "Railway Hub"}, "geometry": {"type": "Point", "coordinates": [-118.7531, 34.2395]}}, {"type": "Feature", "properties": {"name": "Simi Valley Greyhound Terminal", "city": "Simi Valley", "state": "California", "type": "Railway Hub"}, "geometry": {"type": "Point", "coordinates": [-118.7526, 34.2889]}}, {"type": "Feature", "properties": {"name": "Concord Bus Terminal", "city": "Concord", "state": "California", "type": "Railway Hub"}, "geometry": {"type": "Point", "coordinates": [-122.0705, 37.9832]}}, {"type": "Feature", "properties": {"name": "Concord Amtrak Station", "city": "Concord", "state": "California", "type": "Railway Hub"}, "geometry": {"type": "Point", "coordinates": [-122.0024, 37.9987]}}, {"type": "Feature", "properties": {"name": "Concord Train Station", "city": "Concord", "state": "California", "type": "Railway Hub"}, "geometry": {"type": "Point", "coordinates": [-122.0608, 38.0076]}}, {"type": "Feature", "properties": {"name": "Hartford Bus Rapid Transit Hub", "city": "Hartford", "state": "Connecticut", "type": "Railway Hub"}, "geometry": {"type": "Point", "coordinates": [-72.6535, 41.7615]}}, {"type": "Feature", "properties": {"name": "Kent Greyhound Terminal", "city": "Kent", "state": "Washington", "type": "Railway Hub"}, "geometry": {"type": "Point", "coordinates": [-122.2108, 47.3686]}}, {"type": "Feature", "properties": {"name": "Lafayette Transit Center", "city": "Lafayette", "state": "Louisiana", "type": "Railway Hub"}, "geometry": {"type": "Point", "coordinates": [-92.0426, 30.2143]}}, {"type": "Feature", "properties": {"name": "Lafayette Regional Transit Hub", "city": "Lafayette", "state": "Louisiana", "type": "Railway Hub"}, "geometry": {"type": "Point", "coordinates": [-92.0343, 30.2372]}}, {"type": "Feature", "properties": {"name": "Midland Light Rail Station", "city": "Midland", "state": "Texas", "type": "Railway Hub"}, "geometry": {"type": "Point", "coordinates": [-102.0526, 31.9886]}}, {"type": "Feature", "properties": {"name": "Surprise Rail Yard", "city": "Surprise", "state": "Arizona", "type": "Railway Hub"}, "geometry": {"type": "Point", "coordinates": [-112.3739, 33.6191]}}, {"type": "Feature", "properties": {"name": "Surprise Light Rail Station", "city": "Surprise", "state": "Arizona", "type": "Railway Hub"}, "geometry": {"type": "Point", "coordinates": [-112.3667, 33.6386]}}, {"type": "Feature", "properties": {"name": "Surprise Regional Transit Hub", "city": "Surprise", "state": "Arizona", "type": "Railway Hub"}, "geometry": {"type": "Point", "coordinates": [-112.3921, 33.6243]}}, {"type": "Feature", "properties": {"name": "Denton Bus Rapid Transit Hub", "city": "Denton", "state": "Texas", "type": "Railway Hub"}, "geometry": {"type": "Point", "coordinates": [-97.1313, 33.1864]}}, {"type": "Feature", "properties": {"name": "Denton Light Rail Station", "city": "Denton", "state": "Texas", "type": "Railway Hub"}, "geometry": {"type": "Point", "coordinates": [-97.1478, 33.2259]}}, {"type": "Feature", "properties": {"name": "Denton Greyhound Terminal", "city": "Denton", "state": "Texas", "type": "Railway Hub"}, "geometry": {"type": "Point", "coordinates": [-97.148, 33.2266]}}, {"type": "Feature", "properties": {"name": "Victorville Metro Station", "city": "Victorville", "state": "California", "type": "Railway Hub"}, "geometry": {"type": "Point", "coordinates": [-117.3327, 34.5549]}}, {"type": "Feature", "properties": {"name": "Victorville Commuter Rail Station", "city": "Victorville", "state": "California", "type": "Railway Hub"}, "geometry": {"type": "Point", "coordinates": [-117.265, 34.5459]}}, {"type": "Feature", "properties": {"name": "Evansville Union Station", "city": "Evansville", "state": "Indiana", "type": "Railway Hub"}, "geometry": {"type": "Point", "coordinates": [-87.6046, 37.9619]}}, {"type": "Feature", "properties": {"name": "Evansville Commuter Rail Station", "city": "Evansville", "state": "Indiana", "type": "Railway Hub"}, "geometry": {"type": "Point", "coordinates": [-87.5508, 37.9637]}}, {"type": "Feature", "properties": {"name": "Santa Clara Union Station", "city": "Santa Clara", "state": "California", "type": "Railway Hub"}, "geometry": {"type": "Point", "coordinates": [-121.9446, 37.3391]}}, {"type": "Feature", "properties": {"name": "Abilene Train Station", "city": "Abilene", "state": "Texas", "type": "Railway Hub"}, "geometry": {"type": "Point", "coordinates": [-99.7447, 32.466]}}, {"type": "Feature", "properties": {"name": "Abilene Intermodal Hub", "city": "Abilene", "state": "Texas", "type": "Railway Hub"}, "geometry": {"type": "Point", "coordinates": [-99.723, 32.472]}}, {"type": "Feature", "properties": {"name": "Abilene Rail Yard", "city": "Abilene", "state": "Texas", "type": "Railway Hub"}, "geometry": {"type": "Point", "coordinates": [-99.7084, 32.4408]}}, {"type": "Feature", "properties": {"name": "Athens-Clarke County Amtrak Station", "city": "Athens-Clarke County", "state": "Georgia", "type": "Railway Hub"}, "geometry": {"type": "Point", "coordinates": [-83.3502, 33.9779]}}, {"type": "Feature", "properties": {"name": "Vallejo Intermodal Hub", "city": "Vallejo", "state": "California", "type": "Railway Hub"}, "geometry": {"type": "Point", "coordinates": [-122.2224, 38.1055]}}, {"type": "Feature", "properties": {"name": "Vallejo Intermodal Hub", "city": "Vallejo", "state": "California", "type": "Railway Hub"}, "geometry": {"type": "Point", "coordinates": [-122.2679, 38.0771]}}, {"type": "Feature", "properties": {"name": "Allentown Bus Rapid Transit Hub", "city": "Allentown", "state": "Pennsylvania", "type": "Railway Hub"}, "geometry": {"type": "Point", "coordinates": [-75.5163, 40.625]}}, {"type": "Feature", "properties": {"name": "Norman Light Rail Station", "city": "Norman", "state": "Oklahoma", "type": "Railway Hub"}, "geometry": {"type": "Point", "coordinates": [-97.4455, 35.2488]}}, {"type": "Feature", "properties": {"name": "Norman Light Rail Station", "city": "Norman", "state": "Oklahoma", "type": "Railway Hub"}, "geometry": {"type": "Point", "coordinates": [-97.3986, 35.2004]}}, {"type": "Feature", "properties": {"name": "Beaumont Amtrak Station", "city": "Beaumont", "state": "Texas", "type": "Railway Hub"}, "geometry": {"type": "Point", "coordinates": [-94.096, 30.0725]}}, {"type": "Feature", "properties": {"name": "Independence Transit Center", "city": "Independence", "state": "Missouri", "type": "Railway Hub"}, "geometry": {"type": "Point", "coordinates": [-94.4361, 39.0708]}}, {"type": "Feature", "properties": {"name": "Independence Intermodal Hub", "city": "Independence", "state": "Missouri", "type": "Railway Hub"}, "geometry": {"type": "Point", "coordinates": [-94.4529, 39.0901]}}, {"type": "Feature", "properties": {"name": "Murfreesboro Bus Terminal", "city": "Murfreesboro", "state": "Tennessee", "type": "Railway Hub"}, "geometry": {"type": "Point", "coordinates": [-86.4218, 35.867]}}, {"type": "Feature", "properties": {"name": "Murfreesboro Bus Terminal", "city": "Murfreesboro", "state": "Tennessee", "type": "Railway Hub"}, "geometry": {"type": "Point", "coordinates": [-86.3681, 35.8289]}}, {"type": "Feature", "properties": {"name": "Murfreesboro Bus Terminal", "city": "Murfreesboro", "state": "Tennessee", "type": "Railway Hub"}, "geometry": {"type": "Point", "coordinates": [-86.3632, 35.8565]}}, {"type": "Feature", "properties": {"name": "Ann Arbor Bus Terminal", "city": "Ann Arbor", "state": "Michigan", "type": "Railway Hub"}, "geometry": {"type": "Point", "coordinates": [-83.7809, 42.2783]}}, {"type": "Feature", "properties": {"name": "Ann Arbor Amtrak Station", "city": "Ann Arbor", "state": "Michigan", "type": "Railway Hub"}, "geometry": {"type": "Point", "coordinates": [-83.7789, 42.3046]}}, {"type": "Feature", "properties": {"name": "Ann Arbor Commuter Rail Station", "city": "Ann Arbor", "state": "Michigan", "type": "Railway Hub"}, "geometry": {"type": "Point", "coordinates": [-83.7591, 42.2658]}}, {"type": "Feature", "properties": {"name": "Springfield Bus Terminal", "city": "Springfield", "state": "Illinois", "type": "Railway Hub"}, "geometry": {"type": "Point", "coordinates": [-89.6739, 39.8083]}}, {"type": "Feature", "properties": {"name": "Berkeley Bus Rapid Transit Hub", "city": "Berkeley", "state": "California", "type": "Railway Hub"}, "geometry": {"type": "Point", "coordinates": [-122.2499, 37.8618]}}, {"type": "Feature", "properties": {"name": "Peoria Regional Transit Hub", "city": "Peoria", "state": "Illinois", "type": "Railway Hub"}, "geometry": {"type": "Point", "coordinates": [-89.5528, 40.6854]}}, {"type": "Feature", "properties": {"name": "Peoria Light Rail Station", "city": "Peoria", "state": "Illinois", "type": "Railway Hub"}, "geometry": {"type": "Point", "coordinates": [-89.5565, 40.6654]}}, {"type": "Feature", "properties": {"name": "Provo Union Station", "city": "Provo", "state": "Utah", "type": "Railway Hub"}, "geometry": {"type": "Point", "coordinates": [-111.6779, 40.2513]}}, {"type": "Feature", "properties": {"name": "Provo Transportation Center", "city": "Provo", "state": "Utah", "type": "Railway Hub"}, "geometry": {"type": "Point", "coordinates": [-111.681, 40.2485]}}, {"type": "Feature", "properties": {"name": "Provo Train Station", "city": "Provo", "state": "Utah", "type": "Railway Hub"}, "geometry": {"type": "Point", "coordinates": [-111.633, 40.2277]}}, {"type": "Feature", "properties": {"name": "El Monte Greyhound Terminal", "city": "El Monte", "state": "California", "type": "Railway Hub"}, "geometry": {"type": "Point", "coordinates": [-118.0617, 34.0776]}}, {"type": "Feature", "properties": {"name": "Columbia Train Station", "city": "Columbia", "state": "Missouri", "type": "Railway Hub"}, "geometry": {"type": "Point", "coordinates": [-92.3416, 38.9447]}}, {"type": "Feature", "properties": {"name": "Columbia Metro Station", "city": "Columbia", "state": "Missouri", "type": "Railway Hub"}, "geometry": {"type": "Point", "coordinates": [-92.3024, 38.9393]}}, {"type": "Feature", "properties": {"name": "Columbia Regional Transit Hub", "city": "Columbia", "state": "Missouri", "type": "Railway Hub"}, "geometry": {"type": "Point", "coordinates": [-92.3117, 38.9297]}}, {"type": "Feature", "properties": {"name": "Lansing Rail Yard", "city": "Lansing", "state": "Michigan", "type": "Railway Hub"}, "geometry": {"type": "Point", "coordinates": [-84.555, 42.7531]}}, {"type": "Feature", "properties": {"name": "Lansing Bus Terminal", "city": "Lansing", "state": "Michigan", "type": "Railway Hub"}, "geometry": {"type": "Point", "coordinates": [-84.5425, 42.7076]}}, {"type": "Feature", "properties": {"name": "Lansing Bus Terminal", "city": "Lansing", "state": "Michigan", "type": "Railway Hub"}, "geometry": {"type": "Point", "coordinates": [-84.5489, 42.7334]}}, {"type": "Feature", "properties": {"name": "Fargo Union Station", "city": "Fargo", "state": "North Dakota", "type": "Railway Hub"}, "geometry": {"type": "Point", "coordinates": [-96.8094, 46.8542]}}, {"type": "Feature", "properties": {"name": "Downey Transportation Center", "city": "Downey", "state": "California", "type": "Railway Hub"}, "geometry": {"type": "Point", "coordinates": [-118.1349, 33.9266]}}, {"type": "Feature", "properties": {"name": "Downey Bus Terminal", "city": "Downey", "state": "California", "type": "Railway Hub"}, "geometry": {"type": "Point", "coordinates": [-118.1231, 33.9341]}}, {"type": "Feature", "properties": {"name": "Costa Mesa Bus Rapid Transit Hub", "city": "Costa Mesa", "state": "California", "type": "Railway Hub"}, "geometry": {"type": "Point", "coordinates": [-117.8868, 33.6185]}}, {"type": "Feature", "properties": {"name": "Wilmington Light Rail Station", "city": "Wilmington", "state": "North Carolina", "type": "Railway Hub"}, "geometry": {"type": "Point", "coordinates": [-77.9753, 34.2519]}}, {"type": "Feature", "properties": {"name": "Wilmington Intermodal Hub", "city": "Wilmington", "state": "North Carolina", "type": "Railway Hub"}, "geometry": {"type": "Point", "coordinates": [-77.9596, 34.2235]}}, {"type": "Feature", "properties": {"name": "Arvada Intermodal Hub", "city": "Arvada", "state": "Colorado", "type": "Railway Hub"}, "geometry": {"type": "Point", "coordinates": [-105.0654, 39.7962]}}, {"type": "Feature", "properties": {"name": "Inglewood Commuter Rail Station", "city": "Inglewood", "state": "California", "type": "Railway Hub"}, "geometry": {"type": "Point", "coordinates": [-118.3641, 33.961]}}, {"type": "Feature", "properties": {"name": "Inglewood Train Station", "city": "Inglewood", "state": "California", "type": "Railway Hub"}, "geometry": {"type": "Point", "coordinates": [-118.3866, 33.9871]}}, {"type": "Feature", "properties": {"name": "Miami Gardens Greyhound Terminal", "city": "Miami Gardens", "state": "Florida", "type": "Railway Hub"}, "geometry": {"type": "Point", "coordinates": [-80.2052, 25.9121]}}, {"type": "Feature", "properties": {"name": "Miami Gardens Amtrak Station", "city": "Miami Gardens", "state": "Florida", "type": "Railway Hub"}, "geometry": {"type": "Point", "coordinates": [-80.2339, 25.9544]}}, {"type": "Feature", "properties": {"name": "Miami Gardens Airport Shuttle Hub", "city": "Miami Gardens", "state": "Florida", "type": "Railway Hub"}, "geometry": {"type": "Point", "coordinates": [-80.2219, 25.9124]}}, {"type": "Feature", "properties": {"name": "Carlsbad Greyhound Terminal", "city": "Carlsbad", "state": "California", "type": "Railway Hub"}, "geometry": {"type": "Point", "coordinates": [-117.3719, 33.1697]}}, {"type": "Feature", "properties": {"name": "Westminster Metro Station", "city": "Westminster", "state": "Colorado", "type": "Railway Hub"}, "geometry": {"type": "Point", "coordinates": [-105.0632, 39.8646]}}, {"type": "Feature", "properties": {"name": "Westminster Rail Yard", "city": "Westminster", "state": "Colorado", "type": "Railway Hub"}, "geometry": {"type": "Point", "coordinates": [-105.0678, 39.8086]}}, {"type": "Feature", "properties": {"name": "Westminster Greyhound Terminal", "city": "Westminster", "state": "Colorado", "type": "Railway Hub"}, "geometry": {"type": "Point", "coordinates": [-105.014, 39.8356]}}, {"type": "Feature", "properties": {"name": "Rochester Metro Station", "city": "Rochester", "state": "Minnesota", "type": "Railway Hub"}, "geometry": {"type": "Point", "coordinates": [-92.4745, 44.0168]}}, {"type": "Feature", "properties": {"name": "Odessa Bus Terminal", "city": "Odessa", "state": "Texas", "type": "Railway Hub"}, "geometry": {"type": "Point", "coordinates": [-102.339, 31.8167]}}, {"type": "Feature", "properties": {"name": "Odessa Bus Rapid Transit Hub", "city": "Odessa", "state": "Texas", "type": "Railway Hub"}, "geometry": {"type": "Point", "coordinates": [-102.3275, 31.8166]}}, {"type": "Feature", "properties": {"name": "Odessa Commuter Rail Station", "city": "Odessa", "state": "Texas", "type": "Railway Hub"}, "geometry": {"type": "Point", "coordinates": [-102.402, 31.8598]}}, {"type": "Feature", "properties": {"name": "Manchester Commuter Rail Station", "city": "Manchester", "state": "New Hampshire", "type": "Railway Hub"}, "geometry": {"type": "Point", "coordinates": [-71.4373, 42.9865]}}, {"type": "Feature", "properties": {"name": "Manchester Light Rail Station", "city": "Manchester", "state": "New Hampshire", "type": "Railway Hub"}, "geometry": {"type": "Point", "coordinates": [-71.4813, 43.0153]}}, {"type": "Feature", "properties": {"name": "Elgin Bus Terminal", "city": "Elgin", "state": "Illinois", "type": "Railway Hub"}, "geometry": {"type": "Point", "coordinates": [-88.2683, 42.0467]}}, {"type": "Feature", "properties": {"name": "Elgin Transportation Center", "city": "Elgin", "state": "Illinois", "type": "Railway Hub"}, "geometry": {"type": "Point", "coordinates": [-88.2926, 42.0587]}}, {"type": "Feature", "properties": {"name": "West Jordan Amtrak Station", "city": "West Jordan", "state": "Utah", "type": "Railway Hub"}, "geometry": {"type": "Point", "coordinates": [-111.9359, 40.6287]}}, {"type": "Feature", "properties": {"name": "West Jordan Bus Rapid Transit Hub", "city": "West Jordan", "state": "Utah", "type": "Railway Hub"}, "geometry": {"type": "Point", "coordinates": [-111.9458, 40.5991]}}, {"type": "Feature", "properties": {"name": "West Jordan Transportation Center", "city": "West Jordan", "state": "Utah", "type": "Railway Hub"}, "geometry": {"type": "Point", "coordinates": [-111.9557, 40.6301]}}, {"type": "Feature", "properties": {"name": "Round Rock Bus Terminal", "city": "Round Rock", "state": "Texas", "type": "Railway Hub"}, "geometry": {"type": "Point", "coordinates": [-97.694, 30.5338]}}, {"type": "Feature", "properties": {"name": "Round Rock Regional Transit Hub", "city": "Round Rock", "state": "Texas", "type": "Railway Hub"}, "geometry": {"type": "Point", "coordinates": [-97.6473, 30.4951]}}, {"type": "Feature", "properties": {"name": "Round Rock Bus Rapid Transit Hub", "city": "Round Rock", "state": "Texas", "type": "Railway Hub"}, "geometry": {"type": "Point", "coordinates": [-97.6458, 30.4873]}}, {"type": "Feature", "properties": {"name": "Clearwater Rail Yard", "city": "Clearwater", "state": "Florida", "type": "Railway Hub"}, "geometry": {"type": "Point", "coordinates": [-82.7773, 27.9821]}}, {"type": "Feature", "properties": {"name": "Waterbury Greyhound Terminal", "city": "Waterbury", "state": "Connecticut", "type": "Railway Hub"}, "geometry": {"type": "Point", "coordinates": [-73.03, 41.5699]}}, {"type": "Feature", "properties": {"name": "Gresham Bus Rapid Transit Hub", "city": "Gresham", "state": "Oregon", "type": "Railway Hub"}, "geometry": {"type": "Point", "coordinates": [-122.4155, 45.5258]}}, {"type": "Feature", "properties": {"name": "Gresham Transit Center", "city": "Gresham", "state": "Oregon", "type": "Railway Hub"}, "geometry": {"type": "Point", "coordinates": [-122.4662, 45.4921]}}, {"type": "Feature", "properties": {"name": "Fairfield Light Rail Station", "city": "Fairfield", "state": "California", "type": "Railway Hub"}, "geometry": {"type": "Point", "coordinates": [-122.0713, 38.2689]}}, {"type": "Feature", "properties": {"name": "Fairfield Amtrak Station", "city": "Fairfield", "state": "California", "type": "Railway Hub"}, "geometry": {"type": "Point", "coordinates": [-122.0711, 38.2669]}}, {"type": "Feature", "properties": {"name": "Billings Metro Station", "city": "Billings", "state": "Montana", "type": "Railway Hub"}, "geometry": {"type": "Point", "coordinates": [-108.5306, 45.8052]}}, {"type": "Feature", "properties": {"name": "Lowell Greyhound Terminal", "city": "Lowell", "state": "Massachusetts", "type": "Railway Hub"}, "geometry": {"type": "Point", "coordinates": [-71.2776, 42.6443]}}, {"type": "Feature", "properties": {"name": "Lowell Bus Terminal", "city": "Lowell", "state": "Massachusetts", "type": "Railway Hub"}, "geometry": {"type": "Point", "coordinates": [-71.3085, 42.6068]}}, {"type": "Feature", "properties": {"name": "Lowell Transit Center", "city": "Lowell", "state": "Massachusetts", "type": "Railway Hub"}, "geometry": {"type": "Point", "coordinates": [-71.3104, 42.6225]}}, {"type": "Feature", "properties": {"name": "San Buenaventura (Ventura) Regional Transit Hub", "city": "San Buenaventura (Ventura)", "state": "California", "type": "Railway Hub"}, "geometry": {"type": "Point", "coordinates": [-119.216, 34.2574]}}, {"type": "Feature", "properties": {"name": "San Buenaventura (Ventura) Metro Station", "city": "San Buenaventura (Ventura)", "state": "California", "type": "Railway Hub"}, "geometry": {"type": "Point", "coordinates": [-119.2316, 34.2519]}}, {"type": "Feature", "properties": {"name": "San Buenaventura (Ventura) Bus Rapid Transit Hub", "city": "San Buenaventura (Ventura)", "state": "California", "type": "Railway Hub"}, "geometry": {"type": "Point", "coordinates": [-119.262, 34.2549]}}, {"type": "Feature", "properties": {"name": "Pueblo Bus Terminal", "city": "Pueblo", "state": "Colorado", "type": "Railway Hub"}, "geometry": {"type": "Point", "coordinates": [-104.6156, 38.2649]}}, {"type": "Feature", "properties": {"name": "High Point Amtrak Station", "city": "High Point", "state": "North Carolina", "type": "Railway Hub"}, "geometry": {"type": "Point", "coordinates": [-80.0231, 35.9269]}}, {"type": "Feature", "properties": {"name": "West Covina Amtrak Station", "city": "West Covina", "state": "California", "type": "Railway Hub"}, "geometry": {"type": "Point", "coordinates": [-117.9418, 34.0938]}}, {"type": "Feature", "properties": {"name": "West Covina Metro Station", "city": "West Covina", "state": "California", "type": "Railway Hub"}, "geometry": {"type": "Point", "coordinates": [-117.9801, 34.0435]}}, {"type": "Feature", "properties": {"name": "Richmond Rail Yard", "city": "Richmond", "state": "California", "type": "Railway Hub"}, "geometry": {"type": "Point", "coordinates": [-122.3275, 37.9562]}}, {"type": "Feature", "properties": {"name": "Richmond Intermodal Hub", "city": "Richmond", "state": "California", "type": "Railway Hub"}, "geometry": {"type": "Point", "coordinates": [-122.3545, 37.9561]}}, {"type": "Feature", "properties": {"name": "Murrieta Intermodal Hub", "city": "Murrieta", "state": "California", "type": "Railway Hub"}, "geometry": {"type": "Point", "coordinates": [-117.2256, 33.5515]}}, {"type": "Feature", "properties": {"name": "Murrieta Greyhound Terminal", "city": "Murrieta", "state": "California", "type": "Railway Hub"}, "geometry": {"type": "Point", "coordinates": [-117.2381, 33.5552]}}, {"type": "Feature", "properties": {"name": "Murrieta Bus Rapid Transit Hub", "city": "Murrieta", "state": "California", "type": "Railway Hub"}, "geometry": {"type": "Point", "coordinates": [-117.212, 33.5518]}}, {"type": "Feature", "properties": {"name": "Cambridge Transit Center", "city": "Cambridge", "state": "Massachusetts", "type": "Railway Hub"}, "geometry": {"type": "Point", "coordinates": [-71.0863, 42.3744]}}, {"type": "Feature", "properties": {"name": "Antioch Transportation Center", "city": "Antioch", "state": "California", "type": "Railway Hub"}, "geometry": {"type": "Point", "coordinates": [-121.8215, 37.9777]}}, {"type": "Feature", "properties": {"name": "Antioch Transportation Center", "city": "Antioch", "state": "California", "type": "Railway Hub"}, "geometry": {"type": "Point", "coordinates": [-121.8167, 38.0253]}}, {"type": "Feature", "properties": {"name": "Antioch Airport Shuttle Hub", "city": "Antioch", "state": "California", "type": "Railway Hub"}, "geometry": {"type": "Point", "coordinates": [-121.7689, 37.9776]}}, {"type": "Feature", "properties": {"name": "Temecula Bus Terminal", "city": "Temecula", "state": "California", "type": "Railway Hub"}, "geometry": {"type": "Point", "coordinates": [-117.1719, 33.4909]}}, {"type": "Feature", "properties": {"name": "Norwalk Metro Station", "city": "Norwalk", "state": "California", "type": "Railway Hub"}, "geometry": {"type": "Point", "coordinates": [-118.0984, 33.8987]}}, {"type": "Feature", "properties": {"name": "Norwalk Amtrak Station", "city": "Norwalk", "state": "California", "type": "Railway Hub"}, "geometry": {"type": "Point", "coordinates": [-118.0992, 33.9093]}}, {"type": "Feature", "properties": {"name": "Centennial Intermodal Hub", "city": "Centennial", "state": "Colorado", "type": "Railway Hub"}, "geometry": {"type": "Point", "coordinates": [-104.8576, 39.5544]}}, {"type": "Feature", "properties": {"name": "Centennial Commuter Rail Station", "city": "Centennial", "state": "Colorado", "type": "Railway Hub"}, "geometry": {"type": "Point", "coordinates": [-104.8746, 39.5995]}}, {"type": "Feature", "properties": {"name": "Everett Metro Station", "city": "Everett", "state": "Washington", "type": "Railway Hub"}, "geometry": {"type": "Point", "coordinates": [-122.1896, 47.9919]}}, {"type": "Feature", "properties": {"name": "Everett Airport Shuttle Hub", "city": "Everett", "state": "Washington", "type": "Railway Hub"}, "geometry": {"type": "Point", "coordinates": [-122.1968, 47.9494]}}, {"type": "Feature", "properties": {"name": "Everett Transportation Center", "city": "Everett", "state": "Washington", "type": "Railway Hub"}, "geometry": {"type": "Point", "coordinates": [-122.2018, 47.9651]}}, {"type": "Feature", "properties": {"name": "Wichita Falls Commuter Rail Station", "city": "Wichita Falls", "state": "Texas", "type": "Railway Hub"}, "geometry": {"type": "Point", "coordinates": [-98.4598, 33.8845]}}, {"type": "Feature", "properties": {"name": "Palm Bay Light Rail Station", "city": "Palm Bay", "state": "Florida", "type": "Railway Hub"}, "geometry": {"type": "Point", "coordinates": [-80.5504, 28.0211]}}, {"type": "Feature", "properties": {"name": "Palm Bay Intermodal Hub", "city": "Palm Bay", "state": "Florida", "type": "Railway Hub"}, "geometry": {"type": "Point", "coordinates": [-80.6302, 28.0099]}}, {"type": "Feature", "properties": {"name": "Green Bay Light Rail Station", "city": "Green Bay", "state": "Wisconsin", "type": "Railway Hub"}, "geometry": {"type": "Point", "coordinates": [-87.9931, 44.549]}}, {"type": "Feature", "properties": {"name": "Daly City Airport Shuttle Hub", "city": "Daly City", "state": "California", "type": "Railway Hub"}, "geometry": {"type": "Point", "coordinates": [-122.443, 37.7097]}}, {"type": "Feature", "properties": {"name": "Daly City Train Station", "city": "Daly City", "state": "California", "type": "Railway Hub"}, "geometry": {"type": "Point", "coordinates": [-122.4634, 37.6598]}}, {"type": "Feature", "properties": {"name": "Burbank Train Station", "city": "Burbank", "state": "California", "type": "Railway Hub"}, "geometry": {"type": "Point", "coordinates": [-118.3388, 34.1589]}}, {"type": "Feature", "properties": {"name": "Burbank Bus Rapid Transit Hub", "city": "Burbank", "state": "California", "type": "Railway Hub"}, "geometry": {"type": "Point", "coordinates": [-118.2959, 34.2062]}}, {"type": "Feature", "properties": {"name": "Burbank Regional Transit Hub", "city": "Burbank", "state": "California", "type": "Railway Hub"}, "geometry": {"type": "Point", "coordinates": [-118.316, 34.1813]}}, {"type": "Feature", "properties": {"name": "Richardson Light Rail Station", "city": "Richardson", "state": "Texas", "type": "Railway Hub"}, "geometry": {"type": "Point", "coordinates": [-96.6976, 32.9454]}}, {"type": "Feature", "properties": {"name": "Pompano Beach Transportation Center", "city": "Pompano Beach", "state": "Florida", "type": "Railway Hub"}, "geometry": {"type": "Point", "coordinates": [-80.1636, 26.2235]}}, {"type": "Feature", "properties": {"name": "Pompano Beach Transit Center", "city": "Pompano Beach", "state": "Florida", "type": "Railway Hub"}, "geometry": {"type": "Point", "coordinates": [-80.1442, 26.2223]}}, {"type": "Feature", "properties": {"name": "North Charleston Transit Center", "city": "North Charleston", "state": "South Carolina", "type": "Railway Hub"}, "geometry": {"type": "Point", "coordinates": [-79.9897, 32.8325]}}, {"type": "Feature", "properties": {"name": "Broken Arrow Transportation Center", "city": "Broken Arrow", "state": "Oklahoma", "type": "Railway Hub"}, "geometry": {"type": "Point", "coordinates": [-95.8205, 36.0632]}}, {"type": "Feature", "properties": {"name": "Boulder Bus Rapid Transit Hub", "city": "Boulder", "state": "Colorado", "type": "Railway Hub"}, "geometry": {"type": "Point", "coordinates": [-105.2956, 40.0162]}}, {"type": "Feature", "properties": {"name": "Boulder Regional Transit Hub", "city": "Boulder", "state": "Colorado", "type": "Railway Hub"}, "geometry": {"type": "Point", "coordinates": [-105.2476, 39.9873]}}, {"type": "Feature", "properties": {"name": "Boulder Transit Center", "city": "Boulder", "state": "Colorado", "type": "Railway Hub"}, "geometry": {"type": "Point", "coordinates": [-105.2429, 40.0041]}}, {"type": "Feature", "properties": {"name": "West Palm Beach Train Station", "city": "West Palm Beach", "state": "Florida", "type": "Railway Hub"}, "geometry": {"type": "Point", "coordinates": [-80.0773, 26.7025]}}, {"type": "Feature", "properties": {"name": "West Palm Beach Regional Transit Hub", "city": "West Palm Beach", "state": "Florida", "type": "Railway Hub"}, "geometry": {"type": "Point", "coordinates": [-80.0336, 26.7299]}}, {"type": "Feature", "properties": {"name": "West Palm Beach Greyhound Terminal", "city": "West Palm Beach", "state": "Florida", "type": "Railway Hub"}, "geometry": {"type": "Point", "coordinates": [-80.0917, 26.6993]}}, {"type": "Feature", "properties": {"name": "Santa Maria Bus Rapid Transit Hub", "city": "Santa Maria", "state": "California", "type": "Railway Hub"}, "geometry": {"type": "Point", "coordinates": [-120.4482, 34.9446]}}, {"type": "Feature", "properties": {"name": "Santa Maria Greyhound Terminal", "city": "Santa Maria", "state": "California", "type": "Railway Hub"}, "geometry": {"type": "Point", "coordinates": [-120.4657, 34.9826]}}, {"type": "Feature", "properties": {"name": "Santa Maria Amtrak Station", "city": "Santa Maria", "state": "California", "type": "Railway Hub"}, "geometry": {"type": "Point", "coordinates": [-120.4358, 34.9287]}}, {"type": "Feature", "properties": {"name": "El Cajon Bus Rapid Transit Hub", "city": "El Cajon", "state": "California", "type": "Railway Hub"}, "geometry": {"type": "Point", "coordinates": [-116.979, 32.802]}}, {"type": "Feature", "properties": {"name": "El Cajon Bus Terminal", "city": "El Cajon", "state": "California", "type": "Railway Hub"}, "geometry": {"type": "Point", "coordinates": [-116.9858, 32.7898]}}, {"type": "Feature", "properties": {"name": "El Cajon Commuter Rail Station", "city": "El Cajon", "state": "California", "type": "Railway Hub"}, "geometry": {"type": "Point", "coordinates": [-116.9649, 32.8163]}}, {"type": "Feature", "properties": {"name": "Davenport Train Station", "city": "Davenport", "state": "Iowa", "type": "Railway Hub"}, "geometry": {"type": "Point", "coordinates": [-90.6168, 41.5048]}}, {"type": "Feature", "properties": {"name": "Davenport Metro Station", "city": "Davenport", "state": "Iowa", "type": "Railway Hub"}, "geometry": {"type": "Point", "coordinates": [-90.6131, 41.5433]}}, {"type": "Feature", "properties": {"name": "Rialto Union Station", "city": "Rialto", "state": "California", "type": "Railway Hub"}, "geometry": {"type": "Point", "coordinates": [-117.3341, 34.085]}}, {"type": "Feature", "properties": {"name": "Rialto Airport Shuttle Hub", "city": "Rialto", "state": "California", "type": "Railway Hub"}, "geometry": {"type": "Point", "coordinates": [-117.4084, 34.1256]}}, {"type": "Feature", "properties": {"name": "Rialto Union Station", "city": "Rialto", "state": "California", "type": "Railway Hub"}, "geometry": {"type": "Point", "coordinates": [-117.3764, 34.1075]}}, {"type": "Feature", "properties": {"name": "Las Cruces Metro Station", "city": "Las Cruces", "state": "New Mexico", "type": "Railway Hub"}, "geometry": {"type": "Point", "coordinates": [-106.7384, 32.3295]}}, {"type": "Feature", "properties": {"name": "Las Cruces Commuter Rail Station", "city": "Las Cruces", "state": "New Mexico", "type": "Railway Hub"}, "geometry": {"type": "Point", "coordinates": [-106.7524, 32.2911]}}, {"type": "Feature", "properties": {"name": "San Mateo Commuter Rail Station", "city": "San Mateo", "state": "California", "type": "Railway Hub"}, "geometry": {"type": "Point", "coordinates": [-122.3465, 37.5859]}}, {"type": "Feature", "properties": {"name": "Lewisville Union Station", "city": "Lewisville", "state": "Texas", "type": "Railway Hub"}, "geometry": {"type": "Point", "coordinates": [-96.9568, 33.059]}}, {"type": "Feature", "properties": {"name": "Lewisville Rail Yard", "city": "Lewisville", "state": "Texas", "type": "Railway Hub"}, "geometry": {"type": "Point", "coordinates": [-96.9717, 33.0587]}}, {"type": "Feature", "properties": {"name": "South Bend Train Station", "city": "South Bend", "state": "Indiana", "type": "Railway Hub"}, "geometry": {"type": "Point", "coordinates": [-86.2811, 41.6844]}}, {"type": "Feature", "properties": {"name": "Lakeland Airport Shuttle Hub", "city": "Lakeland", "state": "Florida", "type": "Railway Hub"}, "geometry": {"type": "Point", "coordinates": [-81.9239, 28.0554]}}, {"type": "Feature", "properties": {"name": "Lakeland Metro Station", "city": "Lakeland", "state": "Florida", "type": "Railway Hub"}, "geometry": {"type": "Point", "coordinates": [-81.9161, 28.0286]}}, {"type": "Feature", "properties": {"name": "Erie Transportation Center", "city": "Erie", "state": "Pennsylvania", "type": "Railway Hub"}, "geometry": {"type": "Point", "coordinates": [-80.09, 42.1443]}}, {"type": "Feature", "properties": {"name": "Erie Rail Yard", "city": "Erie", "state": "Pennsylvania", "type": "Railway Hub"}, "geometry": {"type": "Point", "coordinates": [-80.1124, 42.1263]}}, {"type": "Feature", "properties": {"name": "Erie Amtrak Station", "city": "Erie", "state": "Pennsylvania", "type": "Railway Hub"}, "geometry": {"type": "Point", "coordinates": [-80.1009, 42.1528]}}, {"type": "Feature", "properties": {"name": "Tyler Train Station", "city": "Tyler", "state": "Texas", "type": "Railway Hub"}, "geometry": {"type": "Point", "coordinates": [-95.3415, 32.3416]}}, {"type": "Feature", "properties": {"name": "Tyler Train Station", "city": "Tyler", "state": "Texas", "type": "Railway Hub"}, "geometry": {"type": "Point", "coordinates": [-95.3243, 32.3513]}}, {"type": "Feature", "properties": {"name": "Pearland Transit Center", "city": "Pearland", "state": "Texas", "type": "Railway Hub"}, "geometry": {"type": "Point", "coordinates": [-95.317, 29.5687]}}, {"type": "Feature", "properties": {"name": "Pearland Rail Yard", "city": "Pearland", "state": "Texas", "type": "Railway Hub"}, "geometry": {"type": "Point", "coordinates": [-95.2736, 29.5872]}}, {"type": "Feature", "properties": {"name": "College Station Transit Center", "city": "College Station", "state": "Texas", "type": "Railway Hub"}, "geometry": {"type": "Point", "coordinates": [-96.3469, 30.6158]}}, {"type": "Feature", "properties": {"name": "Kenosha Bus Terminal", "city": "Kenosha", "state": "Wisconsin", "type": "Railway Hub"}, "geometry": {"type": "Point", "coordinates": [-87.8298, 42.5887]}}, {"type": "Feature", "properties": {"name": "Sandy Springs Bus Rapid Transit Hub", "city": "Sandy Springs", "state": "Georgia", "type": "Railway Hub"}, "geometry": {"type": "Point", "coordinates": [-84.3318, 33.9033]}}, {"type": "Feature", "properties": {"name": "Clovis Amtrak Station", "city": "Clovis", "state": "California", "type": "Railway Hub"}, "geometry": {"type": "Point", "coordinates": [-119.7373, 36.8416]}}, {"type": "Feature", "properties": {"name": "Clovis Regional Transit Hub", "city": "Clovis", "state": "California", "type": "Railway Hub"}, "geometry": {"type": "Point", "coordinates": [-119.711, 36.8054]}}, {"type": "Feature", "properties": {"name": "Flint Regional Transit Hub", "city": "Flint", "state": "Michigan", "type": "Railway Hub"}, "geometry": {"type": "Point", "coordinates": [-83.6706, 43.0147]}}, {"type": "Feature", "properties": {"name": "Flint Rail Yard", "city": "Flint", "state": "Michigan", "type": "Railway Hub"}, "geometry": {"type": "Point", "coordinates": [-83.6937, 43.0322]}}, {"type": "Feature", "properties": {"name": "Roanoke Rail Yard", "city": "Roanoke", "state": "Virginia", "type": "Railway Hub"}, "geometry": {"type": "Point", "coordinates": [-79.9059, 37.2415]}}, {"type": "Feature", "properties": {"name": "Roanoke Rail Yard", "city": "Roanoke", "state": "Virginia", "type": "Railway Hub"}, "geometry": {"type": "Point", "coordinates": [-79.8998, 37.2751]}}, {"type": "Feature", "properties": {"name": "Albany Airport Shuttle Hub", "city": "Albany", "state": "New York", "type": "Railway Hub"}, "geometry": {"type": "Point", "coordinates": [-73.7426, 42.6652]}}, {"type": "Feature", "properties": {"name": "Jurupa Valley Light Rail Station", "city": "Jurupa Valley", "state": "California", "type": "Railway Hub"}, "geometry": {"type": "Point", "coordinates": [-117.5127, 34.0222]}}, {"type": "Feature", "properties": {"name": "Jurupa Valley Union Station", "city": "Jurupa Valley", "state": "California", "type": "Railway Hub"}, "geometry": {"type": "Point", "coordinates": [-117.5147, 33.975]}}, {"type": "Feature", "properties": {"name": "Compton Airport Shuttle Hub", "city": "Compton", "state": "California", "type": "Railway Hub"}, "geometry": {"type": "Point", "coordinates": [-118.2359, 33.8762]}}, {"type": "Feature", "properties": {"name": "Compton Bus Terminal", "city": "Compton", "state": "California", "type": "Railway Hub"}, "geometry": {"type": "Point", "coordinates": [-118.2225, 33.9201]}}, {"type": "Feature", "properties": {"name": "San Angelo Transportation Center", "city": "San Angelo", "state": "Texas", "type": "Railway Hub"}, "geometry": {"type": "Point", "coordinates": [-100.4711, 31.4811]}}, {"type": "Feature", "properties": {"name": "San Angelo Train Station", "city": "San Angelo", "state": "Texas", "type": "Railway Hub"}, "geometry": {"type": "Point", "coordinates": [-100.4411, 31.4379]}}, {"type": "Feature", "properties": {"name": "Hillsboro Regional Transit Hub", "city": "Hillsboro", "state": "Oregon", "type": "Railway Hub"}, "geometry": {"type": "Point", "coordinates": [-122.9657, 45.5051]}}, {"type": "Feature", "properties": {"name": "Hillsboro Regional Transit Hub", "city": "Hillsboro", "state": "Oregon", "type": "Railway Hub"}, "geometry": {"type": "Point", "coordinates": [-122.9811, 45.545]}}, {"type": "Feature", "properties": {"name": "Lawton Regional Transit Hub", "city": "Lawton", "state": "Oklahoma", "type": "Railway Hub"}, "geometry": {"type": "Point", "coordinates": [-98.3814, 34.5887]}}, {"type": "Feature", "properties": {"name": "Renton Union Station", "city": "Renton", "state": "Washington", "type": "Railway Hub"}, "geometry": {"type": "Point", "coordinates": [-122.1955, 47.493]}}, {"type": "Feature", "properties": {"name": "Vista Light Rail Station", "city": "Vista", "state": "California", "type": "Railway Hub"}, "geometry": {"type": "Point", "coordinates": [-117.2282, 33.1881]}}, {"type": "Feature", "properties": {"name": "Davie Greyhound Terminal", "city": "Davie", "state": "Florida", "type": "Railway Hub"}, "geometry": {"type": "Point", "coordinates": [-80.2274, 26.0964]}}, {"type": "Feature", "properties": {"name": "Davie Light Rail Station", "city": "Davie", "state": "Florida", "type": "Railway Hub"}, "geometry": {"type": "Point", "coordinates": [-80.248, 26.095]}}, {"type": "Feature", "properties": {"name": "Greeley Amtrak Station", "city": "Greeley", "state": "Colorado", "type": "Railway Hub"}, "geometry": {"type": "Point", "coordinates": [-104.7439, 40.423]}}, {"type": "Feature", "properties": {"name": "Greeley Transportation Center", "city": "Greeley", "state": "Colorado", "type": "Railway Hub"}, "geometry": {"type": "Point", "coordinates": [-104.6739, 40.4508]}}, {"type": "Feature", "properties": {"name": "Mission Viejo Transit Center", "city": "Mission Viejo", "state": "California", "type": "Railway Hub"}, "geometry": {"type": "Point", "coordinates": [-117.6354, 33.5927]}}, {"type": "Feature", "properties": {"name": "Portsmouth Rail Yard", "city": "Portsmouth", "state": "Virginia", "type": "Railway Hub"}, "geometry": {"type": "Point", "coordinates": [-76.2738, 36.8378]}}, {"type": "Feature", "properties": {"name": "Portsmouth Commuter Rail Station", "city": "Portsmouth", "state": "Virginia", "type": "Railway Hub"}, "geometry": {"type": "Point", "coordinates": [-76.2619, 36.8277]}}, {"type": "Feature", "properties": {"name": "Dearborn Train Station", "city": "Dearborn", "state": "Michigan", "type": "Railway Hub"}, "geometry": {"type": "Point", "coordinates": [-83.1655, 42.3099]}}, {"type": "Feature", "properties": {"name": "South Gate Train Station", "city": "South Gate", "state": "California", "type": "Railway Hub"}, "geometry": {"type": "Point", "coordinates": [-118.2303, 33.9612]}}, {"type": "Feature", "properties": {"name": "South Gate Amtrak Station", "city": "South Gate", "state": "California", "type": "Railway Hub"}, "geometry": {"type": "Point", "coordinates": [-118.233, 33.9737]}}, {"type": "Feature", "properties": {"name": "Tuscaloosa Greyhound Terminal", "city": "Tuscaloosa", "state": "Alabama", "type": "Railway Hub"}, "geometry": {"type": "Point", "coordinates": [-87.5784, 33.2337]}}, {"type": "Feature", "properties": {"name": "Livonia Intermodal Hub", "city": "Livonia", "state": "Michigan", "type": "Railway Hub"}, "geometry": {"type": "Point", "coordinates": [-83.3732, 42.3823]}}, {"type": "Feature", "properties": {"name": "New Bedford Union Station", "city": "New Bedford", "state": "Massachusetts", "type": "Railway Hub"}, "geometry": {"type": "Point", "coordinates": [-70.9559, 41.6615]}}, {"type": "Feature", "properties": {"name": "New Bedford Metro Station", "city": "New Bedford", "state": "Massachusetts", "type": "Railway Hub"}, "geometry": {"type": "Point", "coordinates": [-70.9505, 41.6359]}}, {"type": "Feature", "properties": {"name": "Vacaville Transit Center", "city": "Vacaville", "state": "California", "type": "Railway Hub"}, "geometry": {"type": "Point", "coordinates": [-121.9995, 38.3631]}}, {"type": "Feature", "properties": {"name": "Brockton Union Station", "city": "Brockton", "state": "Massachusetts", "type": "Railway Hub"}, "geometry": {"type": "Point", "coordinates": [-71.0102, 42.112]}}, {"type": "Feature", "properties": {"name": "Roswell Intermodal Hub", "city": "Roswell", "state": "Georgia", "type": "Railway Hub"}, "geometry": {"type": "Point", "coordinates": [-84.3981, 34.004]}}, {"type": "Feature", "properties": {"name": "Beaverton Transit Center", "city": "Beaverton", "state": "Oregon", "type": "Railway Hub"}, "geometry": {"type": "Point", "coordinates": [-122.8391, 45.4642]}}, {"type": "Feature", "properties": {"name": "Beaverton Light Rail Station", "city": "Beaverton", "state": "Oregon", "type": "Railway Hub"}, "geometry": {"type": "Point", "coordinates": [-122.8366, 45.4756]}}, {"type": "Feature", "properties": {"name": "Quincy Rail Yard", "city": "Quincy", "state": "Massachusetts", "type": "Railway Hub"}, "geometry": {"type": "Point", "coordinates": [-71.0085, 42.2739]}}, {"type": "Feature", "properties": {"name": "Sparks Commuter Rail Station", "city": "Sparks", "state": "Nevada", "type": "Railway Hub"}, "geometry": {"type": "Point", "coordinates": [-119.7471, 39.5332]}}, {"type": "Feature", "properties": {"name": "Yakima Union Station", "city": "Yakima", "state": "Washington", "type": "Railway Hub"}, "geometry": {"type": "Point", "coordinates": [-120.5372, 46.5875]}}, {"type": "Feature", "properties": {"name": "Lee's Summit Regional Transit Hub", "city": "Lee's Summit", "state": "Missouri", "type": "Railway Hub"}, "geometry": {"type": "Point", "coordinates": [-94.3653, 38.9263]}}, {"type": "Feature", "properties": {"name": "Federal Way Bus Rapid Transit Hub", "city": "Federal Way", "state": "Washington", "type": "Railway Hub"}, "geometry": {"type": "Point", "coordinates": [-122.2908, 47.3303]}}, {"type": "Feature", "properties": {"name": "Carson Greyhound Terminal", "city": "Carson", "state": "California", "type": "Railway Hub"}, "geometry": {"type": "Point", "coordinates": [-118.3, 33.8047]}}, {"type": "Feature", "properties": {"name": "Santa Monica Amtrak Station", "city": "Santa Monica", "state": "California", "type": "Railway Hub"}, "geometry": {"type": "Point", "coordinates": [-118.5263, 34.0024]}}, {"type": "Feature", "properties": {"name": "Santa Monica Regional Transit Hub", "city": "Santa Monica", "state": "California", "type": "Railway Hub"}, "geometry": {"type": "Point", "coordinates": [-118.4854, 34.0473]}}, {"type": "Feature", "properties": {"name": "Hesperia Regional Transit Hub", "city": "Hesperia", "state": "California", "type": "Railway Hub"}, "geometry": {"type": "Point", "coordinates": [-117.3135, 34.4239]}}, {"type": "Feature", "properties": {"name": "Allen Bus Terminal", "city": "Allen", "state": "Texas", "type": "Railway Hub"}, "geometry": {"type": "Point", "coordinates": [-96.7038, 33.1226]}}, {"type": "Feature", "properties": {"name": "Allen Train Station", "city": "Allen", "state": "Texas", "type": "Railway Hub"}, "geometry": {"type": "Point", "coordinates": [-96.6549, 33.0781]}}, {"type": "Feature", "properties": {"name": "Rio Rancho Bus Terminal", "city": "Rio Rancho", "state": "New Mexico", "type": "Railway Hub"}, "geometry": {"type": "Point", "coordinates": [-106.6986, 35.2217]}}, {"type": "Feature", "properties": {"name": "Yuma Intermodal Hub", "city": "Yuma", "state": "Arizona", "type": "Railway Hub"}, "geometry": {"type": "Point", "coordinates": [-114.6484, 32.7004]}}, {"type": "Feature", "properties": {"name": "Yuma Commuter Rail Station", "city": "Yuma", "state": "Arizona", "type": "Railway Hub"}, "geometry": {"type": "Point", "coordinates": [-114.599, 32.7133]}}, {"type": "Feature", "properties": {"name": "Westminster Greyhound Terminal", "city": "Westminster", "state": "California", "type": "Railway Hub"}, "geometry": {"type": "Point", "coordinates": [-117.9579, 33.7492]}}, {"type": "Feature", "properties": {"name": "Orem Airport Shuttle Hub", "city": "Orem", "state": "Utah", "type": "Railway Hub"}, "geometry": {"type": "Point", "coordinates": [-111.7211, 40.3123]}}, {"type": "Feature", "properties": {"name": "Orem Amtrak Station", "city": "Orem", "state": "Utah", "type": "Railway Hub"}, "geometry": {"type": "Point", "coordinates": [-111.6737, 40.3249]}}, {"type": "Feature", "properties": {"name": "Lynn Greyhound Terminal", "city": "Lynn", "state": "Massachusetts", "type": "Railway Hub"}, "geometry": {"type": "Point", "coordinates": [-70.9571, 42.4638]}}, {"type": "Feature", "properties": {"name": "Lynn Union Station", "city": "Lynn", "state": "Massachusetts", "type": "Railway Hub"}, "geometry": {"type": "Point", "coordinates": [-70.9485, 42.4674]}}, {"type": "Feature", "properties": {"name": "Redding Transportation Center", "city": "Redding", "state": "California", "type": "Railway Hub"}, "geometry": {"type": "Point", "coordinates": [-122.403, 40.5999]}}, {"type": "Feature", "properties": {"name": "Redding Greyhound Terminal", "city": "Redding", "state": "California", "type": "Railway Hub"}, "geometry": {"type": "Point", "coordinates": [-122.3667, 40.5954]}}, {"type": "Feature", "properties": {"name": "Spokane Valley Greyhound Terminal", "city": "Spokane Valley", "state": "Washington", "type": "Railway Hub"}, "geometry": {"type": "Point", "coordinates": [-117.2619, 47.6878]}}, {"type": "Feature", "properties": {"name": "Miami Beach Transportation Center", "city": "Miami Beach", "state": "Florida", "type": "Railway Hub"}, "geometry": {"type": "Point", "coordinates": [-80.1682, 25.8071]}}, {"type": "Feature", "properties": {"name": "Miami Beach Commuter Rail Station", "city": "Miami Beach", "state": "Florida", "type": "Railway Hub"}, "geometry": {"type": "Point", "coordinates": [-80.111, 25.8179]}}, {"type": "Feature", "properties": {"name": "League City Amtrak Station", "city": "League City", "state": "Texas", "type": "Railway Hub"}, "geometry": {"type": "Point", "coordinates": [-95.1087, 29.5021]}}, {"type": "Feature", "properties": {"name": "League City Regional Transit Hub", "city": "League City", "state": "Texas", "type": "Railway Hub"}, "geometry": {"type": "Point", "coordinates": [-95.0734, 29.5203]}}, {"type": "Feature", "properties": {"name": "Lawrence Airport Shuttle Hub", "city": "Lawrence", "state": "Kansas", "type": "Railway Hub"}, "geometry": {"type": "Point", "coordinates": [-95.228, 38.9555]}}, {"type": "Feature", "properties": {"name": "Santa Barbara Commuter Rail Station", "city": "Santa Barbara", "state": "California", "type": "Railway Hub"}, "geometry": {"type": "Point", "coordinates": [-119.7067, 34.4354]}}, {"type": "Feature", "properties": {"name": "Plantation Amtrak Station", "city": "Plantation", "state": "Florida", "type": "Railway Hub"}, "geometry": {"type": "Point", "coordinates": [-80.2165, 26.1006]}}, {"type": "Feature", "properties": {"name": "Sandy Metro Station", "city": "Sandy", "state": "Utah", "type": "Railway Hub"}, "geometry": {"type": "Point", "coordinates": [-111.8748, 40.5465]}}, {"type": "Feature", "properties": {"name": "Sunrise Bus Rapid Transit Hub", "city": "Sunrise", "state": "Florida", "type": "Railway Hub"}, "geometry": {"type": "Point", "coordinates": [-80.2186, 26.1795]}}, {"type": "Feature", "properties": {"name": "Sunrise Airport Shuttle Hub", "city": "Sunrise", "state": "Florida", "type": "Railway Hub"}, "geometry": {"type": "Point", "coordinates": [-80.2221, 26.1681]}}, {"type": "Feature", "properties": {"name": "Macon Commuter Rail Station", "city": "Macon", "state": "Georgia", "type": "Railway Hub"}, "geometry": {"type": "Point", "coordinates": [-83.63, 32.8137]}}, {"type": "Feature", "properties": {"name": "Macon Amtrak Station", "city": "Macon", "state": "Georgia", "type": "Railway Hub"}, "geometry": {"type": "Point", "coordinates": [-83.6555, 32.8523]}}, {"type": "Feature", "properties": {"name": "Longmont Greyhound Terminal", "city": "Longmont", "state": "Colorado", "type": "Railway Hub"}, "geometry": {"type": "Point", "coordinates": [-105.0734, 40.1401]}}, {"type": "Feature", "properties": {"name": "Boca Raton Train Station", "city": "Boca Raton", "state": "Florida", "type": "Railway Hub"}, "geometry": {"type": "Point", "coordinates": [-80.1287, 26.3707]}}, {"type": "Feature", "properties": {"name": "San Marcos Bus Terminal", "city": "San Marcos", "state": "California", "type": "Railway Hub"}, "geometry": {"type": "Point", "coordinates": [-117.1283, 33.1433]}}, {"type": "Feature", "properties": {"name": "Greenville Greyhound Terminal", "city": "Greenville", "state": "North Carolina", "type": "Railway Hub"}, "geometry": {"type": "Point", "coordinates": [-77.343, 35.6418]}}, {"type": "Feature", "properties": {"name": "Greenville Transit Center", "city": "Greenville", "state": "North Carolina", "type": "Railway Hub"}, "geometry": {"type": "Point", "coordinates": [-77.3578, 35.6012]}}, {"type": "Feature", "properties": {"name": "Waukegan Transit Center", "city": "Waukegan", "state": "Illinois", "type": "Railway Hub"}, "geometry": {"type": "Point", "coordinates": [-87.8385, 42.346]}}, {"type": "Feature", "properties": {"name": "Waukegan Bus Rapid Transit Hub", "city": "Waukegan", "state": "Illinois", "type": "Railway Hub"}, "geometry": {"type": "Point", "coordinates": [-87.8295, 42.3502]}}, {"type": "Feature", "properties": {"name": "Fall River Greyhound Terminal", "city": "Fall River", "state": "Massachusetts", "type": "Railway Hub"}, "geometry": {"type": "Point", "coordinates": [-71.1184, 41.698]}}, {"type": "Feature", "properties": {"name": "Chico Rail Yard", "city": "Chico", "state": "California", "type": "Railway Hub"}, "geometry": {"type": "Point", "coordinates": [-121.8078, 39.7552]}}, {"type": "Feature", "properties": {"name": "Newton Union Station", "city": "Newton", "state": "Massachusetts", "type": "Railway Hub"}, "geometry": {"type": "Point", "coordinates": [-71.2217, 42.3639]}}, {"type": "Feature", "properties": {"name": "Newton Metro Station", "city": "Newton", "state": "Massachusetts", "type": "Railway Hub"}, "geometry": {"type": "Point", "coordinates": [-71.2048, 42.3238]}}, {"type": "Feature", "properties": {"name": "San Leandro Greyhound Terminal", "city": "San Leandro", "state": "California", "type": "Railway Hub"}, "geometry": {"type": "Point", "coordinates": [-122.1361, 37.7436]}}, {"type": "Feature", "properties": {"name": "Reading Regional Transit Hub", "city": "Reading", "state": "Pennsylvania", "type": "Railway Hub"}, "geometry": {"type": "Point", "coordinates": [-75.9558, 40.3302]}}, {"type": "Feature", "properties": {"name": "Reading Transportation Center", "city": "Reading", "state": "Pennsylvania", "type": "Railway Hub"}, "geometry": {"type": "Point", "coordinates": [-75.9563, 40.3323]}}, {"type": "Feature", "properties": {"name": "Norwalk Light Rail Station", "city": "Norwalk", "state": "Connecticut", "type": "Railway Hub"}, "geometry": {"type": "Point", "coordinates": [-73.4068, 41.0961]}}, {"type": "Feature", "properties": {"name": "Norwalk Bus Terminal", "city": "Norwalk", "state": "Connecticut", "type": "Railway Hub"}, "geometry": {"type": "Point", "coordinates": [-73.3783, 41.1139]}}, {"type": "Feature", "properties": {"name": "Fort Smith Union Station", "city": "Fort Smith", "state": "Arkansas", "type": "Railway Hub"}, "geometry": {"type": "Point", "coordinates": [-94.3733, 35.3641]}}, {"type": "Feature", "properties": {"name": "Newport Beach Train Station", "city": "Newport Beach", "state": "California", "type": "Railway Hub"}, "geometry": {"type": "Point", "coordinates": [-117.8987, 33.6125]}}, {"type": "Feature", "properties": {"name": "Newport Beach Transportation Center", "city": "Newport Beach", "state": "California", "type": "Railway Hub"}, "geometry": {"type": "Point", "coordinates": [-117.9497, 33.6218]}}, {"type": "Feature", "properties": {"name": "Asheville Commuter Rail Station", "city": "Asheville", "state": "North Carolina", "type": "Railway Hub"}, "geometry": {"type": "Point", "coordinates": [-82.579, 35.6202]}}, {"type": "Feature", "properties": {"name": "Asheville Transit Center", "city": "Asheville", "state": "North Carolina", "type": "Railway Hub"}, "geometry": {"type": "Point", "coordinates": [-82.5448, 35.6086]}}, {"type": "Feature", "properties": {"name": "Nashua Light Rail Station", "city": "Nashua", "state": "New Hampshire", "type": "Railway Hub"}, "geometry": {"type": "Point", "coordinates": [-71.4695, 42.7804]}}, {"type": "Feature", "properties": {"name": "Edmond Greyhound Terminal", "city": "Edmond", "state": "Oklahoma", "type": "Railway Hub"}, "geometry": {"type": "Point", "coordinates": [-97.4724, 35.6632]}}, {"type": "Feature", "properties": {"name": "Whittier Train Station", "city": "Whittier", "state": "California", "type": "Railway Hub"}, "geometry": {"type": "Point", "coordinates": [-118.0669, 33.9909]}}, {"type": "Feature", "properties": {"name": "Nampa Transportation Center", "city": "Nampa", "state": "Idaho", "type": "Railway Hub"}, "geometry": {"type": "Point", "coordinates": [-116.5579, 43.5306]}}, {"type": "Feature", "properties": {"name": "Bloomington Transit Center", "city": "Bloomington", "state": "Minnesota", "type": "Railway Hub"}, "geometry": {"type": "Point", "coordinates": [-93.3168, 44.84]}}, {"type": "Feature", "properties": {"name": "Deltona Intermodal Hub", "city": "Deltona", "state": "Florida", "type": "Railway Hub"}, "geometry": {"type": "Point", "coordinates": [-81.2413, 28.8931]}}, {"type": "Feature", "properties": {"name": "Hawthorne Commuter Rail Station", "city": "Hawthorne", "state": "California", "type": "Railway Hub"}, "geometry": {"type": "Point", "coordinates": [-118.3189, 33.9233]}}, {"type": "Feature", "properties": {"name": "Duluth Transit Center", "city": "Duluth", "state": "Minnesota", "type": "Railway Hub"}, "geometry": {"type": "Point", "coordinates": [-92.1183, 46.8123]}}, {"type": "Feature", "properties": {"name": "Duluth Transit Center", "city": "Duluth", "state": "Minnesota", "type": "Railway Hub"}, "geometry": {"type": "Point", "coordinates": [-92.0867, 46.7801]}}, {"type": "Feature", "properties": {"name": "Carmel Light Rail Station", "city": "Carmel", "state": "Indiana", "type": "Railway Hub"}, "geometry": {"type": "Point", "coordinates": [-86.1581, 39.9888]}}, {"type": "Feature", "properties": {"name": "Carmel Metro Station", "city": "Carmel", "state": "Indiana", "type": "Railway Hub"}, "geometry": {"type": "Point", "coordinates": [-86.1081, 39.9764]}}, {"type": "Feature", "properties": {"name": "Suffolk Light Rail Station", "city": "Suffolk", "state": "Virginia", "type": "Railway Hub"}, "geometry": {"type": "Point", "coordinates": [-76.5942, 36.7492]}}, {"type": "Feature", "properties": {"name": "Suffolk Amtrak Station", "city": "Suffolk", "state": "Virginia", "type": "Railway Hub"}, "geometry": {"type": "Point", "coordinates": [-76.5852, 36.715]}}, {"type": "Feature", "properties": {"name": "Clifton Transit Center", "city": "Clifton", "state": "New Jersey", "type": "Railway Hub"}, "geometry": {"type": "Point", "coordinates": [-74.1933, 40.8706]}}, {"type": "Feature", "properties": {"name": "Clifton Metro Station", "city": "Clifton", "state": "New Jersey", "type": "Railway Hub"}, "geometry": {"type": "Point", "coordinates": [-74.1737, 40.8683]}}, {"type": "Feature", "properties": {"name": "Citrus Heights Transportation Center", "city": "Citrus Heights", "state": "California", "type": "Railway Hub"}, "geometry": {"type": "Point", "coordinates": [-121.2468, 38.7203]}}, {"type": "Feature", "properties": {"name": "Citrus Heights Train Station", "city": "Citrus Heights", "state": "California", "type": "Railway Hub"}, "geometry": {"type": "Point", "coordinates": [-121.3057, 38.7122]}}, {"type": "Feature", "properties": {"name": "Livermore Rail Yard", "city": "Livermore", "state": "California", "type": "Railway Hub"}, "geometry": {"type": "Point", "coordinates": [-121.7794, 37.7027]}}, {"type": "Feature", "properties": {"name": "Tracy Amtrak Station", "city": "Tracy", "state": "California", "type": "Railway Hub"}, "geometry": {"type": "Point", "coordinates": [-121.4644, 37.7693]}}, {"type": "Feature", "properties": {"name": "Tracy Bus Terminal", "city": "Tracy", "state": "California", "type": "Railway Hub"}, "geometry": {"type": "Point", "coordinates": [-121.3907, 37.7272]}}, {"type": "Feature", "properties": {"name": "Alhambra Amtrak Station", "city": "Alhambra", "state": "California", "type": "Railway Hub"}, "geometry": {"type": "Point", "coordinates": [-118.1137, 34.1201]}}, {"type": "Feature", "properties": {"name": "Alhambra Intermodal Hub", "city": "Alhambra", "state": "California", "type": "Railway Hub"}, "geometry": {"type": "Point", "coordinates": [-118.147, 34.088]}}, {"type": "Feature", "properties": {"name": "Kirkland Greyhound Terminal", "city": "Kirkland", "state": "Washington", "type": "Railway Hub"}, "geometry": {"type": "Point", "coordinates": [-122.169, 47.6524]}}, {"type": "Feature", "properties": {"name": "Kirkland Metro Station", "city": "Kirkland", "state": "Washington", "type": "Railway Hub"}, "geometry": {"type": "Point", "coordinates": [-122.1903, 47.6656]}}, {"type": "Feature", "properties": {"name": "Trenton Transportation Center", "city": "Trenton", "state": "New Jersey", "type": "Railway Hub"}, "geometry": {"type": "Point", "coordinates": [-74.7078, 40.1918]}}, {"type": "Feature", "properties": {"name": "Trenton Regional Transit Hub", "city": "Trenton", "state": "New Jersey", "type": "Railway Hub"}, "geometry": {"type": "Point", "coordinates": [-74.7675, 40.1998]}}, {"type": "Feature", "properties": {"name": "Ogden Amtrak Station", "city": "Ogden", "state": "Utah", "type": "Railway Hub"}, "geometry": {"type": "Point", "coordinates": [-111.9396, 41.2191]}}, {"type": "Feature", "properties": {"name": "Ogden Union Station", "city": "Ogden", "state": "Utah", "type": "Railway Hub"}, "geometry": {"type": "Point", "coordinates": [-112.0148, 41.2164]}}, {"type": "Feature", "properties": {"name": "Hoover Regional Transit Hub", "city": "Hoover", "state": "Alabama", "type": "Railway Hub"}, "geometry": {"type": "Point", "coordinates": [-86.8159, 33.4333]}}, {"type": "Feature", "properties": {"name": "Cicero Airport Shuttle Hub", "city": "Cicero", "state": "Illinois", "type": "Railway Hub"}, "geometry": {"type": "Point", "coordinates": [-87.7663, 41.8398]}}, {"type": "Feature", "properties": {"name": "Cicero Commuter Rail Station", "city": "Cicero", "state": "Illinois", "type": "Railway Hub"}, "geometry": {"type": "Point", "coordinates": [-87.7638, 41.8302]}}, {"type": "Feature", "properties": {"name": "Fishers Metro Station", "city": "Fishers", "state": "Indiana", "type": "Railway Hub"}, "geometry": {"type": "Point", "coordinates": [-85.9971, 39.9654]}}, {"type": "Feature", "properties": {"name": "Fishers Transportation Center", "city": "Fishers", "state": "Indiana", "type": "Railway Hub"}, "geometry": {"type": "Point", "coordinates": [-86.0322, 39.9848]}}, {"type": "Feature", "properties": {"name": "Sugar Land Bus Rapid Transit Hub", "city": "Sugar Land", "state": "Texas", "type": "Railway Hub"}, "geometry": {"type": "Point", "coordinates": [-95.66, 29.6324]}}, {"type": "Feature", "properties": {"name": "Sugar Land Transit Center", "city": "Sugar Land", "state": "Texas", "type": "Railway Hub"}, "geometry": {"type": "Point", "coordinates": [-95.5982, 29.6413]}}, {"type": "Feature", "properties": {"name": "Danbury Union Station", "city": "Danbury", "state": "Connecticut", "type": "Railway Hub"}, "geometry": {"type": "Point", "coordinates": [-73.4382, 41.3862]}}, {"type": "Feature", "properties": {"name": "Meridian Union Station", "city": "Meridian", "state": "Idaho", "type": "Railway Hub"}, "geometry": {"type": "Point", "coordinates": [-116.3711, 43.5987]}}, {"type": "Feature", "properties": {"name": "Indio Amtrak Station", "city": "Indio", "state": "California", "type": "Railway Hub"}, "geometry": {"type": "Point", "coordinates": [-116.1851, 33.7206]}}, {"type": "Feature", "properties": {"name": "Concord Intermodal Hub", "city": "Concord", "state": "North Carolina", "type": "Railway Hub"}, "geometry": {"type": "Point", "coordinates": [-80.6196, 35.4324]}}, {"type": "Feature", "properties": {"name": "Menifee Train Station", "city": "Menifee", "state": "California", "type": "Railway Hub"}, "geometry": {"type": "Point", "coordinates": [-117.1803, 33.6698]}}, {"type": "Feature", "properties": {"name": "Menifee Amtrak Station", "city": "Menifee", "state": "California", "type": "Railway Hub"}, "geometry": {"type": "Point", "coordinates": [-117.1876, 33.696]}}, {"type": "Feature", "properties": {"name": "Champaign Transit Center", "city": "Champaign", "state": "Illinois", "type": "Railway Hub"}, "geometry": {"type": "Point", "coordinates": [-88.254, 40.1242]}}, {"type": "Feature", "properties": {"name": "Buena Park Light Rail Station", "city": "Buena Park", "state": "California", "type": "Railway Hub"}, "geometry": {"type": "Point", "coordinates": [-117.9697, 33.8432]}}, {"type": "Feature", "properties": {"name": "Troy Metro Station", "city": "Troy", "state": "Michigan", "type": "Railway Hub"}, "geometry": {"type": "Point", "coordinates": [-83.143, 42.6134]}}, {"type": "Feature", "properties": {"name": "Troy Bus Terminal", "city": "Troy", "state": "Michigan", "type": "Railway Hub"}, "geometry": {"type": "Point", "coordinates": [-83.1145, 42.6032]}}, {"type": "Feature", "properties": {"name": "O'Fallon Airport Shuttle Hub", "city": "O'Fallon", "state": "Missouri", "type": "Railway Hub"}, "geometry": {"type": "Point", "coordinates": [-90.6831, 38.8172]}}, {"type": "Feature", "properties": {"name": "Johns Creek Metro Station", "city": "Johns Creek", "state": "Georgia", "type": "Railway Hub"}, "geometry": {"type": "Point", "coordinates": [-84.1608, 34.0136]}}, {"type": "Feature", "properties": {"name": "Johns Creek Light Rail Station", "city": "Johns Creek", "state": "Georgia", "type": "Railway Hub"}, "geometry": {"type": "Point", "coordinates": [-84.2288, 34.0475]}}, {"type": "Feature", "properties": {"name": "Bellingham Metro Station", "city": "Bellingham", "state": "Washington", "type": "Railway Hub"}, "geometry": {"type": "Point", "coordinates": [-122.5179, 48.7624]}}, {"type": "Feature", "properties": {"name": "Bellingham Greyhound Terminal", "city": "Bellingham", "state": "Washington", "type": "Railway Hub"}, "geometry": {"type": "Point", "coordinates": [-122.4727, 48.748]}}, {"type": "Feature", "properties": {"name": "Westland Regional Transit Hub", "city": "Westland", "state": "Michigan", "type": "Railway Hub"}, "geometry": {"type": "Point", "coordinates": [-83.3873, 42.2949]}}, {"type": "Feature", "properties": {"name": "Bloomington Transportation Center", "city": "Bloomington", "state": "Indiana", "type": "Railway Hub"}, "geometry": {"type": "Point", "coordinates": [-86.5237, 39.1763]}}, {"type": "Feature", "properties": {"name": "Sioux City Bus Rapid Transit Hub", "city": "Sioux City", "state": "Iowa", "type": "Railway Hub"}, "geometry": {"type": "Point", "coordinates": [-96.4354, 42.5011]}}, {"type": "Feature", "properties": {"name": "Sioux City Transportation Center", "city": "Sioux City", "state": "Iowa", "type": "Railway Hub"}, "geometry": {"type": "Point", "coordinates": [-96.4008, 42.523]}}, {"type": "Feature", "properties": {"name": "Warwick Transportation Center", "city": "Warwick", "state": "Rhode Island", "type": "Railway Hub"}, "geometry": {"type": "Point", "coordinates": [-71.378, 41.7121]}}, {"type": "Feature", "properties": {"name": "Hemet Union Station", "city": "Hemet", "state": "California", "type": "Railway Hub"}, "geometry": {"type": "Point", "coordinates": [-116.9878, 33.7732]}}, {"type": "Feature", "properties": {"name": "Hemet Bus Terminal", "city": "Hemet", "state": "California", "type": "Railway Hub"}, "geometry": {"type": "Point", "coordinates": [-116.9565, 33.7453]}}, {"type": "Feature", "properties": {"name": "Longview Bus Terminal", "city": "Longview", "state": "Texas", "type": "Railway Hub"}, "geometry": {"type": "Point", "coordinates": [-94.7058, 32.5166]}}, {"type": "Feature", "properties": {"name": "Farmington Hills Regional Transit Hub", "city": "Farmington Hills", "state": "Michigan", "type": "Railway Hub"}, "geometry": {"type": "Point", "coordinates": [-83.3287, 42.5204]}}, {"type": "Feature", "properties": {"name": "Bend Train Station", "city": "Bend", "state": "Oregon", "type": "Railway Hub"}, "geometry": {"type": "Point", "coordinates": [-121.2824, 44.0667]}}, {"type": "Feature", "properties": {"name": "Bend Metro Station", "city": "Bend", "state": "Oregon", "type": "Railway Hub"}, "geometry": {"type": "Point", "coordinates": [-121.3549, 44.0873]}}, {"type": "Feature", "properties": {"name": "Lakewood Transit Center", "city": "Lakewood", "state": "California", "type": "Railway Hub"}, "geometry": {"type": "Point", "coordinates": [-118.1123, 33.8681]}}, {"type": "Feature", "properties": {"name": "Merced Bus Rapid Transit Hub", "city": "Merced", "state": "California", "type": "Railway Hub"}, "geometry": {"type": "Point", "coordinates": [-120.4982, 37.3298]}}, {"type": "Feature", "properties": {"name": "Merced Transportation Center", "city": "Merced", "state": "California", "type": "Railway Hub"}, "geometry": {"type": "Point", "coordinates": [-120.4816, 37.3107]}}, {"type": "Feature", "properties": {"name": "Mission Greyhound Terminal", "city": "Mission", "state": "Texas", "type": "Railway Hub"}, "geometry": {"type": "Point", "coordinates": [-98.3429, 26.2426]}}, {"type": "Feature", "properties": {"name": "Mission Union Station", "city": "Mission", "state": "Texas", "type": "Railway Hub"}, "geometry": {"type": "Point", "coordinates": [-98.3303, 26.2242]}}, {"type": "Feature", "properties": {"name": "Chino Airport Shuttle Hub", "city": "Chino", "state": "California", "type": "Railway Hub"}, "geometry": {"type": "Point", "coordinates": [-117.6651, 33.9826]}}, {"type": "Feature", "properties": {"name": "Redwood City Metro Station", "city": "Redwood City", "state": "California", "type": "Railway Hub"}, "geometry": {"type": "Point", "coordinates": [-122.2253, 37.4973]}}, {"type": "Feature", "properties": {"name": "Edinburg Greyhound Terminal", "city": "Edinburg", "state": "Texas", "type": "Railway Hub"}, "geometry": {"type": "Point", "coordinates": [-98.1917, 26.2831]}}, {"type": "Feature", "properties": {"name": "Edinburg Metro Station", "city": "Edinburg", "state": "Texas", "type": "Railway Hub"}, "geometry": {"type": "Point", "coordinates": [-98.1536, 26.3249]}}, {"type": "Feature", "properties": {"name": "Cranston Amtrak Station", "city": "Cranston", "state": "Rhode Island", "type": "Railway Hub"}, "geometry": {"type": "Point", "coordinates": [-71.4384, 41.7733]}}, {"type": "Feature", "properties": {"name": "Cranston Transit Center", "city": "Cranston", "state": "Rhode Island", "type": "Railway Hub"}, "geometry": {"type": "Point", "coordinates": [-71.4685, 41.7553]}}, {"type": "Feature", "properties": {"name": "Parma Bus Rapid Transit Hub", "city": "Parma", "state": "Ohio", "type": "Railway Hub"}, "geometry": {"type": "Point", "coordinates": [-81.7544, 41.3871]}}, {"type": "Feature", "properties": {"name": "Parma Rail Yard", "city": "Parma", "state": "Ohio", "type": "Railway Hub"}, "geometry": {"type": "Point", "coordinates": [-81.7382, 41.4091]}}, {"type": "Feature", "properties": {"name": "New Rochelle Regional Transit Hub", "city": "New Rochelle", "state": "New York", "type": "Railway Hub"}, "geometry": {"type": "Point", "coordinates": [-73.7459, 40.9173]}}, {"type": "Feature", "properties": {"name": "Lake Forest Airport Shuttle Hub", "city": "Lake Forest", "state": "California", "type": "Railway Hub"}, "geometry": {"type": "Point", "coordinates": [-117.6989, 33.6278]}}, {"type": "Feature", "properties": {"name": "Napa Airport Shuttle Hub", "city": "Napa", "state": "California", "type": "Railway Hub"}, "geometry": {"type": "Point", "coordinates": [-122.3082, 38.3204]}}, {"type": "Feature", "properties": {"name": "Hammond Amtrak Station", "city": "Hammond", "state": "Indiana", "type": "Railway Hub"}, "geometry": {"type": "Point", "coordinates": [-87.4827, 41.5926]}}, {"type": "Feature", "properties": {"name": "Fayetteville Bus Terminal", "city": "Fayetteville", "state": "Arkansas", "type": "Railway Hub"}, "geometry": {"type": "Point", "coordinates": [-94.1984, 36.0908]}}, {"type": "Feature", "properties": {"name": "Fayetteville Transportation Center", "city": "Fayetteville", "state": "Arkansas", "type": "Railway Hub"}, "geometry": {"type": "Point", "coordinates": [-94.1191, 36.0685]}}, {"type": "Feature", "properties": {"name": "Bloomington Light Rail Station", "city": "Bloomington", "state": "Illinois", "type": "Railway Hub"}, "geometry": {"type": "Point", "coordinates": [-89.03, 40.4899]}}, {"type": "Feature", "properties": {"name": "Avondale Light Rail Station", "city": "Avondale", "state": "Arizona", "type": "Railway Hub"}, "geometry": {"type": "Point", "coordinates": [-112.382, 33.4391]}}, {"type": "Feature", "properties": {"name": "Avondale Metro Station", "city": "Avondale", "state": "Arizona", "type": "Railway Hub"}, "geometry": {"type": "Point", "coordinates": [-112.3765, 33.4288]}}, {"type": "Feature", "properties": {"name": "Somerville Train Station", "city": "Somerville", "state": "Massachusetts", "type": "Railway Hub"}, "geometry": {"type": "Point", "coordinates": [-71.0977, 42.3818]}}, {"type": "Feature", "properties": {"name": "Somerville Bus Terminal", "city": "Somerville", "state": "Massachusetts", "type": "Railway Hub"}, "geometry": {"type": "Point", "coordinates": [-71.1224, 42.393]}}, {"type": "Feature", "properties": {"name": "Palm Coast Light Rail Station", "city": "Palm Coast", "state": "Florida", "type": "Railway Hub"}, "geometry": {"type": "Point", "coordinates": [-81.19, 29.5601]}}, {"type": "Feature", "properties": {"name": "Bryan Amtrak Station", "city": "Bryan", "state": "Texas", "type": "Railway Hub"}, "geometry": {"type": "Point", "coordinates": [-96.3461, 30.6864]}}, {"type": "Feature", "properties": {"name": "Bryan Union Station", "city": "Bryan", "state": "Texas", "type": "Railway Hub"}, "geometry": {"type": "Point", "coordinates": [-96.3434, 30.6888]}}, {"type": "Feature", "properties": {"name": "Gary Airport Shuttle Hub", "city": "Gary", "state": "Indiana", "type": "Railway Hub"}, "geometry": {"type": "Point", "coordinates": [-87.3783, 41.6114]}}, {"type": "Feature", "properties": {"name": "Largo Light Rail Station", "city": "Largo", "state": "Florida", "type": "Railway Hub"}, "geometry": {"type": "Point", "coordinates": [-82.7941, 27.8832]}}, {"type": "Feature", "properties": {"name": "Largo Greyhound Terminal", "city": "Largo", "state": "Florida", "type": "Railway Hub"}, "geometry": {"type": "Point", "coordinates": [-82.7555, 27.8926]}}, {"type": "Feature", "properties": {"name": "Brooklyn Park Amtrak Station", "city": "Brooklyn Park", "state": "Minnesota", "type": "Railway Hub"}, "geometry": {"type": "Point", "coordinates": [-93.3184, 45.1158]}}, {"type": "Feature", "properties": {"name": "Tustin Commuter Rail Station", "city": "Tustin", "state": "California", "type": "Railway Hub"}, "geometry": {"type": "Point", "coordinates": [-117.8156, 33.7474]}}, {"type": "Feature", "properties": {"name": "Racine Amtrak Station", "city": "Racine", "state": "Wisconsin", "type": "Railway Hub"}, "geometry": {"type": "Point", "coordinates": [-87.8, 42.7395]}}, {"type": "Feature", "properties": {"name": "Racine Transit Center", "city": "Racine", "state": "Wisconsin", "type": "Railway Hub"}, "geometry": {"type": "Point", "coordinates": [-87.8226, 42.7442]}}, {"type": "Feature", "properties": {"name": "Deerfield Beach Metro Station", "city": "Deerfield Beach", "state": "Florida", "type": "Railway Hub"}, "geometry": {"type": "Point", "coordinates": [-80.1181, 26.2955]}}, {"type": "Feature", "properties": {"name": "Deerfield Beach Commuter Rail Station", "city": "Deerfield Beach", "state": "Florida", "type": "Railway Hub"}, "geometry": {"type": "Point", "coordinates": [-80.1279, 26.3335]}}, {"type": "Feature", "properties": {"name": "Lynchburg Airport Shuttle Hub", "city": "Lynchburg", "state": "Virginia", "type": "Railway Hub"}, "geometry": {"type": "Point", "coordinates": [-79.1584, 37.3839]}}, {"type": "Feature", "properties": {"name": "Lynchburg Transportation Center", "city": "Lynchburg", "state": "Virginia", "type": "Railway Hub"}, "geometry": {"type": "Point", "coordinates": [-79.1532, 37.3865]}}, {"type": "Feature", "properties": {"name": "Mountain View Bus Terminal", "city": "Mountain View", "state": "California", "type": "Railway Hub"}, "geometry": {"type": "Point", "coordinates": [-122.0781, 37.387]}}, {"type": "Feature", "properties": {"name": "Mountain View Regional Transit Hub", "city": "Mountain View", "state": "California", "type": "Railway Hub"}, "geometry": {"type": "Point", "coordinates": [-122.0446, 37.3802]}}, {"type": "Feature", "properties": {"name": "Medford Light Rail Station", "city": "Medford", "state": "Oregon", "type": "Railway Hub"}, "geometry": {"type": "Point", "coordinates": [-122.9139, 42.2989]}}, {"type": "Feature", "properties": {"name": "Lawrence Airport Shuttle Hub", "city": "Lawrence", "state": "Massachusetts", "type": "Railway Hub"}, "geometry": {"type": "Point", "coordinates": [-71.1539, 42.6771]}}, {"type": "Feature", "properties": {"name": "Bellflower Bus Rapid Transit Hub", "city": "Bellflower", "state": "California", "type": "Railway Hub"}, "geometry": {"type": "Point", "coordinates": [-118.0812, 33.8551]}}, {"type": "Feature", "properties": {"name": "Melbourne Bus Terminal", "city": "Melbourne", "state": "Florida", "type": "Railway Hub"}, "geometry": {"type": "Point", "coordinates": [-80.6149, 28.1081]}}, {"type": "Feature", "properties": {"name": "St. Joseph Airport Shuttle Hub", "city": "St. Joseph", "state": "Missouri", "type": "Railway Hub"}, "geometry": {"type": "Point", "coordinates": [-94.8617, 39.7773]}}, {"type": "Feature", "properties": {"name": "St. Joseph Amtrak Station", "city": "St. Joseph", "state": "Missouri", "type": "Railway Hub"}, "geometry": {"type": "Point", "coordinates": [-94.8106, 39.7918]}}, {"type": "Feature", "properties": {"name": "Camden Greyhound Terminal", "city": "Camden", "state": "New Jersey", "type": "Railway Hub"}, "geometry": {"type": "Point", "coordinates": [-75.1441, 39.918]}}, {"type": "Feature", "properties": {"name": "St. George Bus Rapid Transit Hub", "city": "St. George", "state": "Utah", "type": "Railway Hub"}, "geometry": {"type": "Point", "coordinates": [-113.5414, 37.0667]}}, {"type": "Feature", "properties": {"name": "Kennewick Train Station", "city": "Kennewick", "state": "Washington", "type": "Railway Hub"}, "geometry": {"type": "Point", "coordinates": [-119.1514, 46.2103]}}, {"type": "Feature", "properties": {"name": "Baldwin Park Metro Station", "city": "Baldwin Park", "state": "California", "type": "Railway Hub"}, "geometry": {"type": "Point", "coordinates": [-117.9833, 34.0932]}}, {"type": "Feature", "properties": {"name": "Baldwin Park Bus Rapid Transit Hub", "city": "Baldwin Park", "state": "California", "type": "Railway Hub"}, "geometry": {"type": "Point", "coordinates": [-117.9946, 34.0845]}}, {"type": "Feature", "properties": {"name": "Chino Hills Regional Transit Hub", "city": "Chino Hills", "state": "California", "type": "Railway Hub"}, "geometry": {"type": "Point", "coordinates": [-117.7122, 34.0158]}}, {"type": "Feature", "properties": {"name": "Alameda Airport Shuttle Hub", "city": "Alameda", "state": "California", "type": "Railway Hub"}, "geometry": {"type": "Point", "coordinates": [-122.2761, 37.7914]}}, {"type": "Feature", "properties": {"name": "Alameda Metro Station", "city": "Alameda", "state": "California", "type": "Railway Hub"}, "geometry": {"type": "Point", "coordinates": [-122.2618, 37.7687]}}, {"type": "Feature", "properties": {"name": "Albany Rail Yard", "city": "Albany", "state": "Georgia", "type": "Railway Hub"}, "geometry": {"type": "Point", "coordinates": [-84.1222, 31.5727]}}, {"type": "Feature", "properties": {"name": "Albany Regional Transit Hub", "city": "Albany", "state": "Georgia", "type": "Railway Hub"}, "geometry": {"type": "Point", "coordinates": [-84.1584, 31.5678]}}, {"type": "Feature", "properties": {"name": "Arlington Heights Metro Station", "city": "Arlington Heights", "state": "Illinois", "type": "Railway Hub"}, "geometry": {"type": "Point", "coordinates": [-87.9639, 42.0761]}}, {"type": "Feature", "properties": {"name": "Scranton Intermodal Hub", "city": "Scranton", "state": "Pennsylvania", "type": "Railway Hub"}, "geometry": {"type": "Point", "coordinates": [-75.6316, 41.384]}}, {"type": "Feature", "properties": {"name": "Scranton Metro Station", "city": "Scranton", "state": "Pennsylvania", "type": "Railway Hub"}, "geometry": {"type": "Point", "coordinates": [-75.6783, 41.3976]}}, {"type": "Feature", "properties": {"name": "Evanston Bus Rapid Transit Hub", "city": "Evanston", "state": "Illinois", "type": "Railway Hub"}, "geometry": {"type": "Point", "coordinates": [-87.7233, 42.0501]}}, {"type": "Feature", "properties": {"name": "Kalamazoo Transit Center", "city": "Kalamazoo", "state": "Michigan", "type": "Railway Hub"}, "geometry": {"type": "Point", "coordinates": [-85.5679, 42.301]}}, {"type": "Feature", "properties": {"name": "Baytown Airport Shuttle Hub", "city": "Baytown", "state": "Texas", "type": "Railway Hub"}, "geometry": {"type": "Point", "coordinates": [-95.0108, 29.7482]}}, {"type": "Feature", "properties": {"name": "Baytown Amtrak Station", "city": "Baytown", "state": "Texas", "type": "Railway Hub"}, "geometry": {"type": "Point", "coordinates": [-95.0177, 29.7393]}}, {"type": "Feature", "properties": {"name": "Upland Bus Rapid Transit Hub", "city": "Upland", "state": "California", "type": "Railway Hub"}, "geometry": {"type": "Point", "coordinates": [-117.6481, 34.078]}}, {"type": "Feature", "properties": {"name": "Upland Amtrak Station", "city": "Upland", "state": "California", "type": "Railway Hub"}, "geometry": {"type": "Point", "coordinates": [-117.6555, 34.113]}}, {"type": "Feature", "properties": {"name": "Springdale Transit Center", "city": "Springdale", "state": "Arkansas", "type": "Railway Hub"}, "geometry": {"type": "Point", "coordinates": [-94.1078, 36.1669]}}, {"type": "Feature", "properties": {"name": "Springdale Airport Shuttle Hub", "city": "Springdale", "state": "Arkansas", "type": "Railway Hub"}, "geometry": {"type": "Point", "coordinates": [-94.0895, 36.2128]}}, {"type": "Feature", "properties": {"name": "Bethlehem Rail Yard", "city": "Bethlehem", "state": "Pennsylvania", "type": "Railway Hub"}, "geometry": {"type": "Point", "coordinates": [-75.3998, 40.5976]}}, {"type": "Feature", "properties": {"name": "Schaumburg Transit Center", "city": "Schaumburg", "state": "Illinois", "type": "Railway Hub"}, "geometry": {"type": "Point", "coordinates": [-88.0973, 42.0177]}}, {"type": "Feature", "properties": {"name": "Mount Pleasant Train Station", "city": "Mount Pleasant", "state": "South Carolina", "type": "Railway Hub"}, "geometry": {"type": "Point", "coordinates": [-79.8669, 32.819]}}, {"type": "Feature", "properties": {"name": "Auburn Regional Transit Hub", "city": "Auburn", "state": "Washington", "type": "Railway Hub"}, "geometry": {"type": "Point", "coordinates": [-122.1897, 47.2823]}}, {"type": "Feature", "properties": {"name": "Auburn Rail Yard", "city": "Auburn", "state": "Washington", "type": "Railway Hub"}, "geometry": {"type": "Point", "coordinates": [-122.2073, 47.3102]}}, {"type": "Feature", "properties": {"name": "Decatur Bus Rapid Transit Hub", "city": "Decatur", "state": "Illinois", "type": "Railway Hub"}, "geometry": {"type": "Point", "coordinates": [-88.9394, 39.8219]}}, {"type": "Feature", "properties": {"name": "Decatur Intermodal Hub", "city": "Decatur", "state": "Illinois", "type": "Railway Hub"}, "geometry": {"type": "Point", "coordinates": [-88.9557, 39.8685]}}, {"type": "Feature", "properties": {"name": "San Ramon Train Station", "city": "San Ramon", "state": "California", "type": "Railway Hub"}, "geometry": {"type": "Point", "coordinates": [-121.9489, 37.8001]}}, {"type": "Feature", "properties": {"name": "San Ramon Greyhound Terminal", "city": "San Ramon", "state": "California", "type": "Railway Hub"}, "geometry": {"type": "Point", "coordinates": [-121.9879, 37.7772]}}, {"type": "Feature", "properties": {"name": "Pleasanton Train Station", "city": "Pleasanton", "state": "California", "type": "Railway Hub"}, "geometry": {"type": "Point", "coordinates": [-121.872, 37.6454]}}, {"type": "Feature", "properties": {"name": "Pleasanton Amtrak Station", "city": "Pleasanton", "state": "California", "type": "Railway Hub"}, "geometry": {"type": "Point", "coordinates": [-121.8357, 37.6339]}}, {"type": "Feature", "properties": {"name": "Wyoming Rail Yard", "city": "Wyoming", "state": "Michigan", "type": "Railway Hub"}, "geometry": {"type": "Point", "coordinates": [-85.726, 42.9194]}}, {"type": "Feature", "properties": {"name": "Wyoming Airport Shuttle Hub", "city": "Wyoming", "state": "Michigan", "type": "Railway Hub"}, "geometry": {"type": "Point", "coordinates": [-85.7389, 42.914]}}, {"type": "Feature", "properties": {"name": "Lake Charles Commuter Rail Station", "city": "Lake Charles", "state": "Louisiana", "type": "Railway Hub"}, "geometry": {"type": "Point", "coordinates": [-93.2301, 30.213]}}, {"type": "Feature", "properties": {"name": "Plymouth Commuter Rail Station", "city": "Plymouth", "state": "Minnesota", "type": "Railway Hub"}, "geometry": {"type": "Point", "coordinates": [-93.4786, 45.02]}}, {"type": "Feature", "properties": {"name": "Bolingbrook Union Station", "city": "Bolingbrook", "state": "Illinois", "type": "Railway Hub"}, "geometry": {"type": "Point", "coordinates": [-88.082, 41.6921]}}, {"type": "Feature", "properties": {"name": "Bolingbrook Bus Terminal", "city": "Bolingbrook", "state": "Illinois", "type": "Railway Hub"}, "geometry": {"type": "Point", "coordinates": [-88.0343, 41.6803]}}, {"type": "Feature", "properties": {"name": "Pharr Airport Shuttle Hub", "city": "Pharr", "state": "Texas", "type": "Railway Hub"}, "geometry": {"type": "Point", "coordinates": [-98.1939, 26.2031]}}, {"type": "Feature", "properties": {"name": "Pharr Greyhound Terminal", "city": "Pharr", "state": "Texas", "type": "Railway Hub"}, "geometry": {"type": "Point", "coordinates": [-98.1461, 26.2127]}}, {"type": "Feature", "properties": {"name": "Appleton Train Station", "city": "Appleton", "state": "Wisconsin", "type": "Railway Hub"}, "geometry": {"type": "Point", "coordinates": [-88.4182, 44.235]}}, {"type": "Feature", "properties": {"name": "Appleton Intermodal Hub", "city": "Appleton", "state": "Wisconsin", "type": "Railway Hub"}, "geometry": {"type": "Point", "coordinates": [-88.4213, 44.2404]}}, {"type": "Feature", "properties": {"name": "Gastonia Intermodal Hub", "city": "Gastonia", "state": "North Carolina", "type": "Railway Hub"}, "geometry": {"type": "Point", "coordinates": [-81.1662, 35.2736]}}, {"type": "Feature", "properties": {"name": "Folsom Intermodal Hub", "city": "Folsom", "state": "California", "type": "Railway Hub"}, "geometry": {"type": "Point", "coordinates": [-121.1895, 38.6727]}}, {"type": "Feature", "properties": {"name": "Southfield Commuter Rail Station", "city": "Southfield", "state": "Michigan", "type": "Railway Hub"}, "geometry": {"type": "Point", "coordinates": [-83.2414, 42.4955]}}, {"type": "Feature", "properties": {"name": "Rochester Hills Bus Rapid Transit Hub", "city": "Rochester Hills", "state": "Michigan", "type": "Railway Hub"}, "geometry": {"type": "Point", "coordinates": [-83.1725, 42.6534]}}, {"type": "Feature", "properties": {"name": "New Britain Metro Station", "city": "New Britain", "state": "Connecticut", "type": "Railway Hub"}, "geometry": {"type": "Point", "coordinates": [-72.7668, 41.6436]}}, {"type": "Feature", "properties": {"name": "New Britain Amtrak Station", "city": "New Britain", "state": "Connecticut", "type": "Railway Hub"}, "geometry": {"type": "Point", "coordinates": [-72.8021, 41.6685]}}, {"type": "Feature", "properties": {"name": "Goodyear Transit Center", "city": "Goodyear", "state": "Arizona", "type": "Railway Hub"}, "geometry": {"type": "Point", "coordinates": [-112.3722, 33.4429]}}, {"type": "Feature", "properties": {"name": "Goodyear Airport Shuttle Hub", "city": "Goodyear", "state": "Arizona", "type": "Railway Hub"}, "geometry": {"type": "Point", "coordinates": [-112.3633, 33.4204]}}, {"type": "Feature", "properties": {"name": "Canton Train Station", "city": "Canton", "state": "Ohio", "type": "Railway Hub"}, "geometry": {"type": "Point", "coordinates": [-81.4198, 40.773]}}, {"type": "Feature", "properties": {"name": "Warner Robins Amtrak Station", "city": "Warner Robins", "state": "Georgia", "type": "Railway Hub"}, "geometry": {"type": "Point", "coordinates": [-83.6374, 32.5834]}}, {"type": "Feature", "properties": {"name": "Union City Commuter Rail Station", "city": "Union City", "state": "California", "type": "Railway Hub"}, "geometry": {"type": "Point", "coordinates": [-122.0643, 37.6037]}}, {"type": "Feature", "properties": {"name": "Perris Bus Rapid Transit Hub", "city": "Perris", "state": "California", "type": "Railway Hub"}, "geometry": {"type": "Point", "coordinates": [-117.2542, 33.7621]}}, {"type": "Feature", "properties": {"name": "Manteca Transit Center", "city": "Manteca", "state": "California", "type": "Railway Hub"}, "geometry": {"type": "Point", "coordinates": [-121.2382, 37.8227]}}, {"type": "Feature", "properties": {"name": "Manteca Rail Yard", "city": "Manteca", "state": "California", "type": "Railway Hub"}, "geometry": {"type": "Point", "coordinates": [-121.1953, 37.7735]}}, {"type": "Feature", "properties": {"name": "Iowa City Airport Shuttle Hub", "city": "Iowa City", "state": "Iowa", "type": "Railway Hub"}, "geometry": {"type": "Point", "coordinates": [-91.5442, 41.6829]}}, {"type": "Feature", "properties": {"name": "Jonesboro Greyhound Terminal", "city": "Jonesboro", "state": "Arkansas", "type": "Railway Hub"}, "geometry": {"type": "Point", "coordinates": [-90.7181, 35.8695]}}, {"type": "Feature", "properties": {"name": "Wilmington Rail Yard", "city": "Wilmington", "state": "Delaware", "type": "Railway Hub"}, "geometry": {"type": "Point", "coordinates": [-75.512, 39.7382]}}, {"type": "Feature", "properties": {"name": "Lynwood Rail Yard", "city": "Lynwood", "state": "California", "type": "Railway Hub"}, "geometry": {"type": "Point", "coordinates": [-118.229, 33.9486]}}, {"type": "Feature", "properties": {"name": "Loveland Rail Yard", "city": "Loveland", "state": "Colorado", "type": "Railway Hub"}, "geometry": {"type": "Point", "coordinates": [-105.1005, 40.4024]}}, {"type": "Feature", "properties": {"name": "Loveland Union Station", "city": "Loveland", "state": "Colorado", "type": "Railway Hub"}, "geometry": {"type": "Point", "coordinates": [-105.0755, 40.4135]}}, {"type": "Feature", "properties": {"name": "Pawtucket Transportation Center", "city": "Pawtucket", "state": "Rhode Island", "type": "Railway Hub"}, "geometry": {"type": "Point", "coordinates": [-71.3743, 41.8955]}}, {"type": "Feature", "properties": {"name": "Pawtucket Rail Yard", "city": "Pawtucket", "state": "Rhode Island", "type": "Railway Hub"}, "geometry": {"type": "Point", "coordinates": [-71.3503, 41.8909]}}, {"type": "Feature", "properties": {"name": "Boynton Beach Airport Shuttle Hub", "city": "Boynton Beach", "state": "Florida", "type": "Railway Hub"}, "geometry": {"type": "Point", "coordinates": [-80.1118, 26.5565]}}, {"type": "Feature", "properties": {"name": "Boynton Beach Union Station", "city": "Boynton Beach", "state": "Florida", "type": "Railway Hub"}, "geometry": {"type": "Point", "coordinates": [-80.0809, 26.5548]}}, {"type": "Feature", "properties": {"name": "Waukesha Intermodal Hub", "city": "Waukesha", "state": "Wisconsin", "type": "Railway Hub"}, "geometry": {"type": "Point", "coordinates": [-88.2343, 43.0115]}}, {"type": "Feature", "properties": {"name": "Waukesha Intermodal Hub", "city": "Waukesha", "state": "Wisconsin", "type": "Railway Hub"}, "geometry": {"type": "Point", "coordinates": [-88.2435, 43.0404]}}, {"type": "Feature", "properties": {"name": "Gulfport Airport Shuttle Hub", "city": "Gulfport", "state": "Mississippi", "type": "Railway Hub"}, "geometry": {"type": "Point", "coordinates": [-89.1292, 30.3437]}}, {"type": "Feature", "properties": {"name": "Gulfport Regional Transit Hub", "city": "Gulfport", "state": "Mississippi", "type": "Railway Hub"}, "geometry": {"type": "Point", "coordinates": [-89.1274, 30.3402]}}, {"type": "Feature", "properties": {"name": "Apple Valley Bus Rapid Transit Hub", "city": "Apple Valley", "state": "California", "type": "Railway Hub"}, "geometry": {"type": "Point", "coordinates": [-117.2108, 34.4889]}}, {"type": "Feature", "properties": {"name": "Apple Valley Transportation Center", "city": "Apple Valley", "state": "California", "type": "Railway Hub"}, "geometry": {"type": "Point", "coordinates": [-117.1448, 34.5242]}}, {"type": "Feature", "properties": {"name": "Passaic Regional Transit Hub", "city": "Passaic", "state": "New Jersey", "type": "Railway Hub"}, "geometry": {"type": "Point", "coordinates": [-74.1691, 40.8479]}}, {"type": "Feature", "properties": {"name": "Passaic Metro Station", "city": "Passaic", "state": "New Jersey", "type": "Railway Hub"}, "geometry": {"type": "Point", "coordinates": [-74.1571, 40.8566]}}, {"type": "Feature", "properties": {"name": "Rapid City Union Station", "city": "Rapid City", "state": "South Dakota", "type": "Railway Hub"}, "geometry": {"type": "Point", "coordinates": [-103.197, 44.0702]}}, {"type": "Feature", "properties": {"name": "Layton Intermodal Hub", "city": "Layton", "state": "Utah", "type": "Railway Hub"}, "geometry": {"type": "Point", "coordinates": [-112.0021, 41.0882]}}, {"type": "Feature", "properties": {"name": "Lafayette Metro Station", "city": "Lafayette", "state": "Indiana", "type": "Railway Hub"}, "geometry": {"type": "Point", "coordinates": [-86.8856, 40.4424]}}, {"type": "Feature", "properties": {"name": "Lafayette Union Station", "city": "Lafayette", "state": "Indiana", "type": "Railway Hub"}, "geometry": {"type": "Point", "coordinates": [-86.851, 40.4129]}}, {"type": "Feature", "properties": {"name": "Turlock Intermodal Hub", "city": "Turlock", "state": "California", "type": "Railway Hub"}, "geometry": {"type": "Point", "coordinates": [-120.8418, 37.5022]}}, {"type": "Feature", "properties": {"name": "Muncie Union Station", "city": "Muncie", "state": "Indiana", "type": "Railway Hub"}, "geometry": {"type": "Point", "coordinates": [-85.3828, 40.1704]}}, {"type": "Feature", "properties": {"name": "Muncie Rail Yard", "city": "Muncie", "state": "Indiana", "type": "Railway Hub"}, "geometry": {"type": "Point", "coordinates": [-85.3928, 40.1677]}}, {"type": "Feature", "properties": {"name": "Temple Intermodal Hub", "city": "Temple", "state": "Texas", "type": "Railway Hub"}, "geometry": {"type": "Point", "coordinates": [-97.3212, 31.0783]}}, {"type": "Feature", "properties": {"name": "Temple Light Rail Station", "city": "Temple", "state": "Texas", "type": "Railway Hub"}, "geometry": {"type": "Point", "coordinates": [-97.3511, 31.1048]}}, {"type": "Feature", "properties": {"name": "Missouri City Metro Station", "city": "Missouri City", "state": "Texas", "type": "Railway Hub"}, "geometry": {"type": "Point", "coordinates": [-95.5128, 29.599]}}, {"type": "Feature", "properties": {"name": "Missouri City Bus Rapid Transit Hub", "city": "Missouri City", "state": "Texas", "type": "Railway Hub"}, "geometry": {"type": "Point", "coordinates": [-95.5287, 29.608]}}, {"type": "Feature", "properties": {"name": "Redlands Greyhound Terminal", "city": "Redlands", "state": "California", "type": "Railway Hub"}, "geometry": {"type": "Point", "coordinates": [-117.1647, 34.0437]}}, {"type": "Feature", "properties": {"name": "Redlands Bus Rapid Transit Hub", "city": "Redlands", "state": "California", "type": "Railway Hub"}, "geometry": {"type": "Point", "coordinates": [-117.1599, 34.032]}}, {"type": "Feature", "properties": {"name": "Santa Fe Commuter Rail Station", "city": "Santa Fe", "state": "New Mexico", "type": "Railway Hub"}, "geometry": {"type": "Point", "coordinates": [-105.9629, 35.6739]}}, {"type": "Feature", "properties": {"name": "Lauderhill Metro Station", "city": "Lauderhill", "state": "Florida", "type": "Railway Hub"}, "geometry": {"type": "Point", "coordinates": [-80.1883, 26.119]}}, {"type": "Feature", "properties": {"name": "Lauderhill Regional Transit Hub", "city": "Lauderhill", "state": "Florida", "type": "Railway Hub"}, "geometry": {"type": "Point", "coordinates": [-80.2462, 26.1125]}}, {"type": "Feature", "properties": {"name": "Milpitas Regional Transit Hub", "city": "Milpitas", "state": "California", "type": "Railway Hub"}, "geometry": {"type": "Point", "coordinates": [-121.9274, 37.4594]}}, {"type": "Feature", "properties": {"name": "Milpitas Rail Yard", "city": "Milpitas", "state": "California", "type": "Railway Hub"}, "geometry": {"type": "Point", "coordinates": [-121.8926, 37.4175]}}, {"type": "Feature", "properties": {"name": "Palatine Airport Shuttle Hub", "city": "Palatine", "state": "Illinois", "type": "Railway Hub"}, "geometry": {"type": "Point", "coordinates": [-88.0088, 42.1351]}}, {"type": "Feature", "properties": {"name": "Palatine Intermodal Hub", "city": "Palatine", "state": "Illinois", "type": "Railway Hub"}, "geometry": {"type": "Point", "coordinates": [-88.0041, 42.1379]}}, {"type": "Feature", "properties": {"name": "Missoula Regional Transit Hub", "city": "Missoula", "state": "Montana", "type": "Railway Hub"}, "geometry": {"type": "Point", "coordinates": [-113.9998, 46.8683]}}, {"type": "Feature", "properties": {"name": "Missoula Light Rail Station", "city": "Missoula", "state": "Montana", "type": "Railway Hub"}, "geometry": {"type": "Point", "coordinates": [-114.0371, 46.8659]}}, {"type": "Feature", "properties": {"name": "Rock Hill Union Station", "city": "Rock Hill", "state": "South Carolina", "type": "Railway Hub"}, "geometry": {"type": "Point", "coordinates": [-81.0532, 34.9148]}}, {"type": "Feature", "properties": {"name": "Rock Hill Train Station", "city": "Rock Hill", "state": "South Carolina", "type": "Railway Hub"}, "geometry": {"type": "Point", "coordinates": [-81.0015, 34.9537]}}, {"type": "Feature", "properties": {"name": "Jacksonville Rail Yard", "city": "Jacksonville", "state": "North Carolina", "type": "Railway Hub"}, "geometry": {"type": "Point", "coordinates": [-77.405, 34.7553]}}, {"type": "Feature", "properties": {"name": "Franklin Intermodal Hub", "city": "Franklin", "state": "Tennessee", "type": "Railway Hub"}, "geometry": {"type": "Point", "coordinates": [-86.848, 35.9515]}}, {"type": "Feature", "properties": {"name": "Flagstaff Union Station", "city": "Flagstaff", "state": "Arizona", "type": "Railway Hub"}, "geometry": {"type": "Point", "coordinates": [-111.631, 35.1815]}}, {"type": "Feature", "properties": {"name": "Flower Mound Regional Transit Hub", "city": "Flower Mound", "state": "Texas", "type": "Railway Hub"}, "geometry": {"type": "Point", "coordinates": [-97.0694, 33.0306]}}, {"type": "Feature", "properties": {"name": "Flower Mound Train Station", "city": "Flower Mound", "state": "Texas", "type": "Railway Hub"}, "geometry": {"type": "Point", "coordinates": [-97.1017, 33.0189]}}, {"type": "Feature", "properties": {"name": "Weston Bus Rapid Transit Hub", "city": "Weston", "state": "Florida", "type": "Railway Hub"}, "geometry": {"type": "Point", "coordinates": [-80.3927, 26.1044]}}, {"type": "Feature", "properties": {"name": "Waterloo Greyhound Terminal", "city": "Waterloo", "state": "Iowa", "type": "Railway Hub"}, "geometry": {"type": "Point", "coordinates": [-92.3624, 42.4796]}}, {"type": "Feature", "properties": {"name": "Union City Greyhound Terminal", "city": "Union City", "state": "New Jersey", "type": "Railway Hub"}, "geometry": {"type": "Point", "coordinates": [-74.2581, 40.6734]}}, {"type": "Feature", "properties": {"name": "Union City Commuter Rail Station", "city": "Union City", "state": "New Jersey", "type": "Railway Hub"}, "geometry": {"type": "Point", "coordinates": [-74.3013, 40.7099]}}, {"type": "Feature", "properties": {"name": "Mount Vernon Commuter Rail Station", "city": "Mount Vernon", "state": "New York", "type": "Railway Hub"}, "geometry": {"type": "Point", "coordinates": [-73.8761, 40.9082]}}, {"type": "Feature", "properties": {"name": "Fort Myers Metro Station", "city": "Fort Myers", "state": "Florida", "type": "Railway Hub"}, "geometry": {"type": "Point", "coordinates": [-81.854, 26.6686]}}, {"type": "Feature", "properties": {"name": "Fort Myers Bus Terminal", "city": "Fort Myers", "state": "Florida", "type": "Railway Hub"}, "geometry": {"type": "Point", "coordinates": [-81.8795, 26.6226]}}, {"type": "Feature", "properties": {"name": "Dothan Regional Transit Hub", "city": "Dothan", "state": "Alabama", "type": "Railway Hub"}, "geometry": {"type": "Point", "coordinates": [-85.3622, 31.2516]}}, {"type": "Feature", "properties": {"name": "Rancho Cordova Bus Rapid Transit Hub", "city": "Rancho Cordova", "state": "California", "type": "Railway Hub"}, "geometry": {"type": "Point", "coordinates": [-121.2861, 38.6127]}}, {"type": "Feature", "properties": {"name": "Redondo Beach Airport Shuttle Hub", "city": "Redondo Beach", "state": "California", "type": "Railway Hub"}, "geometry": {"type": "Point", "coordinates": [-118.3624, 33.8384]}}, {"type": "Feature", "properties": {"name": "Redondo Beach Rail Yard", "city": "Redondo Beach", "state": "California", "type": "Railway Hub"}, "geometry": {"type": "Point", "coordinates": [-118.4215, 33.8516]}}, {"type": "Feature", "properties": {"name": "Jackson Airport Shuttle Hub", "city": "Jackson", "state": "Tennessee", "type": "Railway Hub"}, "geometry": {"type": "Point", "coordinates": [-88.8393, 35.6185]}}, {"type": "Feature", "properties": {"name": "Pasco Greyhound Terminal", "city": "Pasco", "state": "Washington", "type": "Railway Hub"}, "geometry": {"type": "Point", "coordinates": [-119.1148, 46.2694]}}, {"type": "Feature", "properties": {"name": "St. Charles Commuter Rail Station", "city": "St. Charles", "state": "Missouri", "type": "Railway Hub"}, "geometry": {"type": "Point", "coordinates": [-90.496, 38.7833]}}, {"type": "Feature", "properties": {"name": "St. Charles Metro Station", "city": "St. Charles", "state": "Missouri", "type": "Railway Hub"}, "geometry": {"type": "Point", "coordinates": [-90.5061, 38.764]}}, {"type": "Feature", "properties": {"name": "Eau Claire Bus Terminal", "city": "Eau Claire", "state": "Wisconsin", "type": "Railway Hub"}, "geometry": {"type": "Point", "coordinates": [-91.4663, 44.8254]}}, {"type": "Feature", "properties": {"name": "Eau Claire Transportation Center", "city": "Eau Claire", "state": "Wisconsin", "type": "Railway Hub"}, "geometry": {"type": "Point", "coordinates": [-91.4739, 44.797]}}, {"type": "Feature", "properties": {"name": "North Richland Hills Train Station", "city": "North Richland Hills", "state": "Texas", "type": "Railway Hub"}, "geometry": {"type": "Point", "coordinates": [-97.2697, 32.8267]}}, {"type": "Feature", "properties": {"name": "Bismarck Greyhound Terminal", "city": "Bismarck", "state": "North Dakota", "type": "Railway Hub"}, "geometry": {"type": "Point", "coordinates": [-100.8256, 46.8068]}}, {"type": "Feature", "properties": {"name": "Bismarck Metro Station", "city": "Bismarck", "state": "North Dakota", "type": "Railway Hub"}, "geometry": {"type": "Point", "coordinates": [-100.7529, 46.7913]}}, {"type": "Feature", "properties": {"name": "Yorba Linda Light Rail Station", "city": "Yorba Linda", "state": "California", "type": "Railway Hub"}, "geometry": {"type": "Point", "coordinates": [-117.8046, 33.9093]}}, {"type": "Feature", "properties": {"name": "Kenner Transit Center", "city": "Kenner", "state": "Louisiana", "type": "Railway Hub"}, "geometry": {"type": "Point", "coordinates": [-90.2228, 29.9768]}}, {"type": "Feature", "properties": {"name": "Kenner Bus Terminal", "city": "Kenner", "state": "Louisiana", "type": "Railway Hub"}, "geometry": {"type": "Point", "coordinates": [-90.2504, 29.9818]}}, {"type": "Feature", "properties": {"name": "Walnut Creek Airport Shuttle Hub", "city": "Walnut Creek", "state": "California", "type": "Railway Hub"}, "geometry": {"type": "Point", "coordinates": [-122.0304, 37.8985]}}, {"type": "Feature", "properties": {"name": "Frederick Union Station", "city": "Frederick", "state": "Maryland", "type": "Railway Hub"}, "geometry": {"type": "Point", "coordinates": [-77.3873, 39.4303]}}, {"type": "Feature", "properties": {"name": "Frederick Bus Terminal", "city": "Frederick", "state": "Maryland", "type": "Railway Hub"}, "geometry": {"type": "Point", "coordinates": [-77.3932, 39.4334]}}, {"type": "Feature", "properties": {"name": "Oshkosh Intermodal Hub", "city": "Oshkosh", "state": "Wisconsin", "type": "Railway Hub"}, "geometry": {"type": "Point", "coordinates": [-88.5243, 44.0114]}}, {"type": "Feature", "properties": {"name": "Pittsburg Transit Center", "city": "Pittsburg", "state": "California", "type": "Railway Hub"}, "geometry": {"type": "Point", "coordinates": [-121.8684, 38.0481]}}, {"type": "Feature", "properties": {"name": "Palo Alto Airport Shuttle Hub", "city": "Palo Alto", "state": "California", "type": "Railway Hub"}, "geometry": {"type": "Point", "coordinates": [-122.1736, 37.452]}}, {"type": "Feature", "properties": {"name": "Bossier City Light Rail Station", "city": "Bossier City", "state": "Louisiana", "type": "Railway Hub"}, "geometry": {"type": "Point", "coordinates": [-93.7067, 32.4888]}}, {"type": "Feature", "properties": {"name": "Portland Intermodal Hub", "city": "Portland", "state": "Maine", "type": "Railway Hub"}, "geometry": {"type": "Point", "coordinates": [-70.2875, 43.6699]}}, {"type": "Feature", "properties": {"name": "Portland Union Station", "city": "Portland", "state": "Maine", "type": "Railway Hub"}, "geometry": {"type": "Point", "coordinates": [-70.2686, 43.6556]}}, {"type": "Feature", "properties": {"name": "St. Cloud Metro Station", "city": "St. Cloud", "state": "Minnesota", "type": "Railway Hub"}, "geometry": {"type": "Point", "coordinates": [-94.1776, 45.5674]}}, {"type": "Feature", "properties": {"name": "Davis Bus Rapid Transit Hub", "city": "Davis", "state": "California", "type": "Railway Hub"}, "geometry": {"type": "Point", "coordinates": [-121.7519, 38.562]}}, {"type": "Feature", "properties": {"name": "Davis Greyhound Terminal", "city": "Davis", "state": "California", "type": "Railway Hub"}, "geometry": {"type": "Point", "coordinates": [-121.7432, 38.527]}}, {"type": "Feature", "properties": {"name": "South San Francisco Greyhound Terminal", "city": "South San Francisco", "state": "California", "type": "Railway Hub"}, "geometry": {"type": "Point", "coordinates": [-122.3738, 37.6441]}}, {"type": "Feature", "properties": {"name": "Camarillo Greyhound Terminal", "city": "Camarillo", "state": "California", "type": "Railway Hub"}, "geometry": {"type": "Point", "coordinates": [-119.0328, 34.2104]}}, {"type": "Feature", "properties": {"name": "Camarillo Metro Station", "city": "Camarillo", "state": "California", "type": "Railway Hub"}, "geometry": {"type": "Point", "coordinates": [-119.0607, 34.2293]}}, {"type": "Feature", "properties": {"name": "North Little Rock Union Station", "city": "North Little Rock", "state": "Arkansas", "type": "Railway Hub"}, "geometry": {"type": "Point", "coordinates": [-92.2613, 34.7656]}}, {"type": "Feature", "properties": {"name": "North Little Rock Commuter Rail Station", "city": "North Little Rock", "state": "Arkansas", "type": "Railway Hub"}, "geometry": {"type": "Point", "coordinates": [-92.281, 34.7578]}}, {"type": "Feature", "properties": {"name": "Schenectady Intermodal Hub", "city": "Schenectady", "state": "New York", "type": "Railway Hub"}, "geometry": {"type": "Point", "coordinates": [-73.9023, 42.8177]}}, {"type": "Feature", "properties": {"name": "Gaithersburg Greyhound Terminal", "city": "Gaithersburg", "state": "Maryland", "type": "Railway Hub"}, "geometry": {"type": "Point", "coordinates": [-77.19, 39.1572]}}, {"type": "Feature", "properties": {"name": "Gaithersburg Commuter Rail Station", "city": "Gaithersburg", "state": "Maryland", "type": "Railway Hub"}, "geometry": {"type": "Point", "coordinates": [-77.2154, 39.1591]}}, {"type": "Feature", "properties": {"name": "Harlingen Commuter Rail Station", "city": "Harlingen", "state": "Texas", "type": "Railway Hub"}, "geometry": {"type": "Point", "coordinates": [-97.6777, 26.2093]}}, {"type": "Feature", "properties": {"name": "Woodbury Airport Shuttle Hub", "city": "Woodbury", "state": "Minnesota", "type": "Railway Hub"}, "geometry": {"type": "Point", "coordinates": [-92.9905, 44.911]}}, {"type": "Feature", "properties": {"name": "Woodbury Transit Center", "city": "Woodbury", "state": "Minnesota", "type": "Railway Hub"}, "geometry": {"type": "Point", "coordinates": [-92.9904, 44.9329]}}, {"type": "Feature", "properties": {"name": "Eagan Bus Rapid Transit Hub", "city": "Eagan", "state": "Minnesota", "type": "Railway Hub"}, "geometry": {"type": "Point", "coordinates": [-93.1395, 44.8186]}}, {"type": "Feature", "properties": {"name": "Yuba City Intermodal Hub", "city": "Yuba City", "state": "California", "type": "Railway Hub"}, "geometry": {"type": "Point", "coordinates": [-121.6452, 39.1648]}}, {"type": "Feature", "properties": {"name": "Maple Grove Bus Rapid Transit Hub", "city": "Maple Grove", "state": "Minnesota", "type": "Railway Hub"}, "geometry": {"type": "Point", "coordinates": [-93.4505, 45.0927]}}, {"type": "Feature", "properties": {"name": "Youngstown Train Station", "city": "Youngstown", "state": "Ohio", "type": "Railway Hub"}, "geometry": {"type": "Point", "coordinates": [-80.6315, 41.0877]}}, {"type": "Feature", "properties": {"name": "Skokie Intermodal Hub", "city": "Skokie", "state": "Illinois", "type": "Railway Hub"}, "geometry": {"type": "Point", "coordinates": [-87.7743, 42.0325]}}, {"type": "Feature", "properties": {"name": "Kissimmee Light Rail Station", "city": "Kissimmee", "state": "Florida", "type": "Railway Hub"}, "geometry": {"type": "Point", "coordinates": [-81.4311, 28.3166]}}, {"type": "Feature", "properties": {"name": "Johnson City Airport Shuttle Hub", "city": "Johnson City", "state": "Tennessee", "type": "Railway Hub"}, "geometry": {"type": "Point", "coordinates": [-82.3508, 36.2919]}}, {"type": "Feature", "properties": {"name": "Johnson City Airport Shuttle Hub", "city": "Johnson City", "state": "Tennessee", "type": "Railway Hub"}, "geometry": {"type": "Point", "coordinates": [-82.3297, 36.3049]}}, {"type": "Feature", "properties": {"name": "Victoria Commuter Rail Station", "city": "Victoria", "state": "Texas", "type": "Railway Hub"}, "geometry": {"type": "Point", "coordinates": [-96.9853, 28.8271]}}, {"type": "Feature", "properties": {"name": "Victoria Commuter Rail Station", "city": "Victoria", "state": "Texas", "type": "Railway Hub"}, "geometry": {"type": "Point", "coordinates": [-97.005, 28.7908]}}, {"type": "Feature", "properties": {"name": "San Clemente Greyhound Terminal", "city": "San Clemente", "state": "California", "type": "Railway Hub"}, "geometry": {"type": "Point", "coordinates": [-117.5938, 33.4402]}}, {"type": "Feature", "properties": {"name": "Bayonne Greyhound Terminal", "city": "Bayonne", "state": "New Jersey", "type": "Railway Hub"}, "geometry": {"type": "Point", "coordinates": [-74.0937, 40.6879]}}, {"type": "Feature", "properties": {"name": "Bayonne Bus Terminal", "city": "Bayonne", "state": "New Jersey", "type": "Railway Hub"}, "geometry": {"type": "Point", "coordinates": [-74.1141, 40.6427]}}, {"type": "Feature", "properties": {"name": "Laguna Niguel Light Rail Station", "city": "Laguna Niguel", "state": "California", "type": "Railway Hub"}, "geometry": {"type": "Point", "coordinates": [-117.7485, 33.5491]}}, {"type": "Feature", "properties": {"name": "East Orange Intermodal Hub", "city": "East Orange", "state": "New Jersey", "type": "Railway Hub"}, "geometry": {"type": "Point", "coordinates": [-74.2107, 40.7877]}}, {"type": "Feature", "properties": {"name": "Shawnee Light Rail Station", "city": "Shawnee", "state": "Kansas", "type": "Railway Hub"}, "geometry": {"type": "Point", "coordinates": [-94.7543, 39.008]}}, {"type": "Feature", "properties": {"name": "Homestead Union Station", "city": "Homestead", "state": "Florida", "type": "Railway Hub"}, "geometry": {"type": "Point", "coordinates": [-80.4956, 25.4561]}}, {"type": "Feature", "properties": {"name": "Homestead Rail Yard", "city": "Homestead", "state": "Florida", "type": "Railway Hub"}, "geometry": {"type": "Point", "coordinates": [-80.5094, 25.4415]}}, {"type": "Feature", "properties": {"name": "Delray Beach Intermodal Hub", "city": "Delray Beach", "state": "Florida", "type": "Railway Hub"}, "geometry": {"type": "Point", "coordinates": [-80.0847, 26.4758]}}, {"type": "Feature", "properties": {"name": "Delray Beach Transit Center", "city": "Delray Beach", "state": "Florida", "type": "Railway Hub"}, "geometry": {"type": "Point", "coordinates": [-80.0931, 26.4542]}}, {"type": "Feature", "properties": {"name": "Rockville Union Station", "city": "Rockville", "state": "Maryland", "type": "Railway Hub"}, "geometry": {"type": "Point", "coordinates": [-77.1271, 39.0968]}}, {"type": "Feature", "properties": {"name": "Janesville Transit Center", "city": "Janesville", "state": "Wisconsin", "type": "Railway Hub"}, "geometry": {"type": "Point", "coordinates": [-89.0173, 42.7083]}}, {"type": "Feature", "properties": {"name": "Conway Airport Shuttle Hub", "city": "Conway", "state": "Arkansas", "type": "Railway Hub"}, "geometry": {"type": "Point", "coordinates": [-92.4325, 35.0864]}}, {"type": "Feature", "properties": {"name": "Pico Rivera Metro Station", "city": "Pico Rivera", "state": "California", "type": "Railway Hub"}, "geometry": {"type": "Point", "coordinates": [-118.0807, 33.9596]}}, {"type": "Feature", "properties": {"name": "Lorain Union Station", "city": "Lorain", "state": "Ohio", "type": "Railway Hub"}, "geometry": {"type": "Point", "coordinates": [-82.1685, 41.4249]}}, {"type": "Feature", "properties": {"name": "Lorain Transportation Center", "city": "Lorain", "state": "Ohio", "type": "Railway Hub"}, "geometry": {"type": "Point", "coordinates": [-82.2165, 41.4315]}}, {"type": "Feature", "properties": {"name": "Montebello Bus Terminal", "city": "Montebello", "state": "California", "type": "Railway Hub"}, "geometry": {"type": "Point", "coordinates": [-118.1048, 34.0054]}}, {"type": "Feature", "properties": {"name": "Montebello Commuter Rail Station", "city": "Montebello", "state": "California", "type": "Railway Hub"}, "geometry": {"type": "Point", "coordinates": [-118.1021, 34.0061]}}, {"type": "Feature", "properties": {"name": "Lodi Greyhound Terminal", "city": "Lodi", "state": "California", "type": "Railway Hub"}, "geometry": {"type": "Point", "coordinates": [-121.2637, 38.1422]}}, {"type": "Feature", "properties": {"name": "New Braunfels Regional Transit Hub", "city": "New Braunfels", "state": "Texas", "type": "Railway Hub"}, "geometry": {"type": "Point", "coordinates": [-98.1449, 29.7043]}}, {"type": "Feature", "properties": {"name": "Marysville Train Station", "city": "Marysville", "state": "Washington", "type": "Railway Hub"}, "geometry": {"type": "Point", "coordinates": [-122.1667, 48.0466]}}, {"type": "Feature", "properties": {"name": "Tamarac Greyhound Terminal", "city": "Tamarac", "state": "Florida", "type": "Railway Hub"}, "geometry": {"type": "Point", "coordinates": [-80.2744, 26.2051]}}, {"type": "Feature", "properties": {"name": "Tamarac Commuter Rail Station", "city": "Tamarac", "state": "Florida", "type": "Railway Hub"}, "geometry": {"type": "Point", "coordinates": [-80.267, 26.2309]}}, {"type": "Feature", "properties": {"name": "Madera Regional Transit Hub", "city": "Madera", "state": "California", "type": "Railway Hub"}, "geometry": {"type": "Point", "coordinates": [-120.0435, 36.9314]}}, {"type": "Feature", "properties": {"name": "Madera Bus Terminal", "city": "Madera", "state": "California", "type": "Railway Hub"}, "geometry": {"type": "Point", "coordinates": [-120.0389, 36.9593]}}, {"type": "Feature", "properties": {"name": "Conroe Transportation Center", "city": "Conroe", "state": "Texas", "type": "Railway Hub"}, "geometry": {"type": "Point", "coordinates": [-95.4233, 30.3141]}}, {"type": "Feature", "properties": {"name": "Santa Cruz Train Station", "city": "Santa Cruz", "state": "California", "type": "Railway Hub"}, "geometry": {"type": "Point", "coordinates": [-122.0079, 36.9488]}}, {"type": "Feature", "properties": {"name": "Eden Prairie Regional Transit Hub", "city": "Eden Prairie", "state": "Minnesota", "type": "Railway Hub"}, "geometry": {"type": "Point", "coordinates": [-93.4345, 44.8724]}}, {"type": "Feature", "properties": {"name": "Cheyenne Transportation Center", "city": "Cheyenne", "state": "Wyoming", "type": "Railway Hub"}, "geometry": {"type": "Point", "coordinates": [-104.8305, 41.1109]}}, {"type": "Feature", "properties": {"name": "Daytona Beach Transportation Center", "city": "Daytona Beach", "state": "Florida", "type": "Railway Hub"}, "geometry": {"type": "Point", "coordinates": [-80.9828, 29.2265]}}, {"type": "Feature", "properties": {"name": "Alpharetta Train Station", "city": "Alpharetta", "state": "Georgia", "type": "Railway Hub"}, "geometry": {"type": "Point", "coordinates": [-84.3324, 34.1053]}}, {"type": "Feature", "properties": {"name": "Hamilton Transit Center", "city": "Hamilton", "state": "Ohio", "type": "Railway Hub"}, "geometry": {"type": "Point", "coordinates": [-84.5444, 39.402]}}, {"type": "Feature", "properties": {"name": "Waltham Amtrak Station", "city": "Waltham", "state": "Massachusetts", "type": "Railway Hub"}, "geometry": {"type": "Point", "coordinates": [-71.2049, 42.3528]}}, {"type": "Feature", "properties": {"name": "Coon Rapids Airport Shuttle Hub", "city": "Coon Rapids", "state": "Minnesota", "type": "Railway Hub"}, "geometry": {"type": "Point", "coordinates": [-93.2923, 45.1838]}}, {"type": "Feature", "properties": {"name": "Haverhill Metro Station", "city": "Haverhill", "state": "Massachusetts", "type": "Railway Hub"}, "geometry": {"type": "Point", "coordinates": [-71.0969, 42.7671]}}, {"type": "Feature", "properties": {"name": "Council Bluffs Regional Transit Hub", "city": "Council Bluffs", "state": "Iowa", "type": "Railway Hub"}, "geometry": {"type": "Point", "coordinates": [-95.8693, 41.2625]}}, {"type": "Feature", "properties": {"name": "Council Bluffs Bus Terminal", "city": "Council Bluffs", "state": "Iowa", "type": "Railway Hub"}, "geometry": {"type": "Point", "coordinates": [-95.8651, 41.258]}}, {"type": "Feature", "properties": {"name": "Taylor Rail Yard", "city": "Taylor", "state": "Michigan", "type": "Railway Hub"}, "geometry": {"type": "Point", "coordinates": [-83.3079, 42.243]}}, {"type": "Feature", "properties": {"name": "Utica Regional Transit Hub", "city": "Utica", "state": "New York", "type": "Railway Hub"}, "geometry": {"type": "Point", "coordinates": [-75.2664, 43.0835]}}, {"type": "Feature", "properties": {"name": "Ames Greyhound Terminal", "city": "Ames", "state": "Iowa", "type": "Railway Hub"}, "geometry": {"type": "Point", "coordinates": [-93.607, 42.0523]}}, {"type": "Feature", "properties": {"name": "La Habra Rail Yard", "city": "La Habra", "state": "California", "type": "Railway Hub"}, "geometry": {"type": "Point", "coordinates": [-117.9781, 33.9423]}}, {"type": "Feature", "properties": {"name": "Encinitas Bus Rapid Transit Hub", "city": "Encinitas", "state": "California", "type": "Railway Hub"}, "geometry": {"type": "Point", "coordinates": [-117.2596, 33.0567]}}, {"type": "Feature", "properties": {"name": "Encinitas Intermodal Hub", "city": "Encinitas", "state": "California", "type": "Railway Hub"}, "geometry": {"type": "Point", "coordinates": [-117.2527, 33.0201]}}, {"type": "Feature", "properties": {"name": "Bowling Green Greyhound Terminal", "city": "Bowling Green", "state": "Kentucky", "type": "Railway Hub"}, "geometry": {"type": "Point", "coordinates": [-86.453, 36.9984]}}, {"type": "Feature", "properties": {"name": "Burnsville Commuter Rail Station", "city": "Burnsville", "state": "Minnesota", "type": "Railway Hub"}, "geometry": {"type": "Point", "coordinates": [-93.2782, 44.7559]}}, {"type": "Feature", "properties": {"name": "Burnsville Intermodal Hub", "city": "Burnsville", "state": "Minnesota", "type": "Railway Hub"}, "geometry": {"type": "Point", "coordinates": [-93.2671, 44.7602]}}, {"type": "Feature", "properties": {"name": "Greenville Light Rail Station", "city": "Greenville", "state": "South Carolina", "type": "Railway Hub"}, "geometry": {"type": "Point", "coordinates": [-82.4142, 34.8305]}}, {"type": "Feature", "properties": {"name": "Greenville Transit Center", "city": "Greenville", "state": "South Carolina", "type": "Railway Hub"}, "geometry": {"type": "Point", "coordinates": [-82.4248, 34.8475]}}, {"type": "Feature", "properties": {"name": "West Des Moines Metro Station", "city": "West Des Moines", "state": "Iowa", "type": "Railway Hub"}, "geometry": {"type": "Point", "coordinates": [-93.6901, 41.5927]}}, {"type": "Feature", "properties": {"name": "West Des Moines Union Station", "city": "West Des Moines", "state": "Iowa", "type": "Railway Hub"}, "geometry": {"type": "Point", "coordinates": [-93.7353, 41.5998]}}, {"type": "Feature", "properties": {"name": "Cedar Park Transit Center", "city": "Cedar Park", "state": "Texas", "type": "Railway Hub"}, "geometry": {"type": "Point", "coordinates": [-97.7891, 30.5054]}}, {"type": "Feature", "properties": {"name": "Cedar Park Airport Shuttle Hub", "city": "Cedar Park", "state": "Texas", "type": "Railway Hub"}, "geometry": {"type": "Point", "coordinates": [-97.8354, 30.5319]}}, {"type": "Feature", "properties": {"name": "Tulare Greyhound Terminal", "city": "Tulare", "state": "California", "type": "Railway Hub"}, "geometry": {"type": "Point", "coordinates": [-119.3596, 36.2368]}}, {"type": "Feature", "properties": {"name": "Tulare Commuter Rail Station", "city": "Tulare", "state": "California", "type": "Railway Hub"}, "geometry": {"type": "Point", "coordinates": [-119.3699, 36.1939]}}, {"type": "Feature", "properties": {"name": "Monterey Park Bus Rapid Transit Hub", "city": "Monterey Park", "state": "California", "type": "Railway Hub"}, "geometry": {"type": "Point", "coordinates": [-118.1391, 34.0822]}}, {"type": "Feature", "properties": {"name": "Vineland Union Station", "city": "Vineland", "state": "New Jersey", "type": "Railway Hub"}, "geometry": {"type": "Point", "coordinates": [-75.0565, 39.4779]}}, {"type": "Feature", "properties": {"name": "Terre Haute Metro Station", "city": "Terre Haute", "state": "Indiana", "type": "Railway Hub"}, "geometry": {"type": "Point", "coordinates": [-87.3936, 39.4892]}}, {"type": "Feature", "properties": {"name": "North Miami Transit Center", "city": "North Miami", "state": "Florida", "type": "Railway Hub"}, "geometry": {"type": "Point", "coordinates": [-80.166, 25.9017]}}, {"type": "Feature", "properties": {"name": "Mansfield Rail Yard", "city": "Mansfield", "state": "Texas", "type": "Railway Hub"}, "geometry": {"type": "Point", "coordinates": [-97.1586, 32.5658]}}, {"type": "Feature", "properties": {"name": "Mansfield Light Rail Station", "city": "Mansfield", "state": "Texas", "type": "Railway Hub"}, "geometry": {"type": "Point", "coordinates": [-97.1423, 32.545]}}, {"type": "Feature", "properties": {"name": "West Allis Transportation Center", "city": "West Allis", "state": "Wisconsin", "type": "Railway Hub"}, "geometry": {"type": "Point", "coordinates": [-87.9839, 43.0358]}}, {"type": "Feature", "properties": {"name": "West Allis Regional Transit Hub", "city": "West Allis", "state": "Wisconsin", "type": "Railway Hub"}, "geometry": {"type": "Point", "coordinates": [-88.0366, 43.0154]}}, {"type": "Feature", "properties": {"name": "Bristol Regional Transit Hub", "city": "Bristol", "state": "Connecticut", "type": "Railway Hub"}, "geometry": {"type": "Point", "coordinates": [-72.9282, 41.6722]}}, {"type": "Feature", "properties": {"name": "Bristol Metro Station", "city": "Bristol", "state": "Connecticut", "type": "Railway Hub"}, "geometry": {"type": "Point", "coordinates": [-72.9158, 41.6954]}}, {"type": "Feature", "properties": {"name": "Taylorsville Transportation Center", "city": "Taylorsville", "state": "Utah", "type": "Railway Hub"}, "geometry": {"type": "Point", "coordinates": [-111.9391, 40.674]}}, {"type": "Feature", "properties": {"name": "Taylorsville Union Station", "city": "Taylorsville", "state": "Utah", "type": "Railway Hub"}, "geometry": {"type": "Point", "coordinates": [-111.9386, 40.6899]}}, {"type": "Feature", "properties": {"name": "Malden Transportation Center", "city": "Malden", "state": "Massachusetts", "type": "Railway Hub"}, "geometry": {"type": "Point", "coordinates": [-71.0525, 42.4121]}}, {"type": "Feature", "properties": {"name": "Malden Train Station", "city": "Malden", "state": "Massachusetts", "type": "Railway Hub"}, "geometry": {"type": "Point", "coordinates": [-71.0558, 42.4479]}}, {"type": "Feature", "properties": {"name": "Meriden Transportation Center", "city": "Meriden", "state": "Connecticut", "type": "Railway Hub"}, "geometry": {"type": "Point", "coordinates": [-72.8329, 41.5173]}}, {"type": "Feature", "properties": {"name": "Meriden Bus Terminal", "city": "Meriden", "state": "Connecticut", "type": "Railway Hub"}, "geometry": {"type": "Point", "coordinates": [-72.7912, 41.5516]}}, {"type": "Feature", "properties": {"name": "Blaine Commuter Rail Station", "city": "Blaine", "state": "Minnesota", "type": "Railway Hub"}, "geometry": {"type": "Point", "coordinates": [-93.1977, 45.1602]}}, {"type": "Feature", "properties": {"name": "Wellington Regional Transit Hub", "city": "Wellington", "state": "Florida", "type": "Railway Hub"}, "geometry": {"type": "Point", "coordinates": [-80.287, 26.6753]}}, {"type": "Feature", "properties": {"name": "Cupertino Airport Shuttle Hub", "city": "Cupertino", "state": "California", "type": "Railway Hub"}, "geometry": {"type": "Point", "coordinates": [-122.0268, 37.3128]}}, {"type": "Feature", "properties": {"name": "Springfield Transit Center", "city": "Springfield", "state": "Oregon", "type": "Railway Hub"}, "geometry": {"type": "Point", "coordinates": [-123.0617, 44.0716]}}, {"type": "Feature", "properties": {"name": "Rogers Amtrak Station", "city": "Rogers", "state": "Arkansas", "type": "Railway Hub"}, "geometry": {"type": "Point", "coordinates": [-94.1539, 36.345]}}, {"type": "Feature", "properties": {"name": "St. Clair Shores Bus Terminal", "city": "St. Clair Shores", "state": "Michigan", "type": "Railway Hub"}, "geometry": {"type": "Point", "coordinates": [-82.8681, 42.5265]}}, {"type": "Feature", "properties": {"name": "Gardena Amtrak Station", "city": "Gardena", "state": "California", "type": "Railway Hub"}, "geometry": {"type": "Point", "coordinates": [-118.3215, 33.9162]}}, {"type": "Feature", "properties": {"name": "Pontiac Transportation Center", "city": "Pontiac", "state": "Michigan", "type": "Railway Hub"}, "geometry": {"type": "Point", "coordinates": [-83.3208, 42.6395]}}, {"type": "Feature", "properties": {"name": "National City Union Station", "city": "National City", "state": "California", "type": "Railway Hub"}, "geometry": {"type": "Point", "coordinates": [-117.0725, 32.6623]}}, {"type": "Feature", "properties": {"name": "National City Transportation Center", "city": "National City", "state": "California", "type": "Railway Hub"}, "geometry": {"type": "Point", "coordinates": [-117.0832, 32.6742]}}, {"type": "Feature", "properties": {"name": "Grand Junction Bus Rapid Transit Hub", "city": "Grand Junction", "state": "Colorado", "type": "Railway Hub"}, "geometry": {"type": "Point", "coordinates": [-108.5668, 39.05]}}, {"type": "Feature", "properties": {"name": "Grand Junction Intermodal Hub", "city": "Grand Junction", "state": "Colorado", "type": "Railway Hub"}, "geometry": {"type": "Point", "coordinates": [-108.5708, 39.0421]}}, {"type": "Feature", "properties": {"name": "Rocklin Amtrak Station", "city": "Rocklin", "state": "California", "type": "Railway Hub"}, "geometry": {"type": "Point", "coordinates": [-121.2333, 38.8194]}}, {"type": "Feature", "properties": {"name": "Chapel Hill Train Station", "city": "Chapel Hill", "state": "North Carolina", "type": "Railway Hub"}, "geometry": {"type": "Point", "coordinates": [-79.0194, 35.894]}}, {"type": "Feature", "properties": {"name": "Casper Greyhound Terminal", "city": "Casper", "state": "Wyoming", "type": "Railway Hub"}, "geometry": {"type": "Point", "coordinates": [-106.3411, 42.89]}}, {"type": "Feature", "properties": {"name": "Casper Train Station", "city": "Casper", "state": "Wyoming", "type": "Railway Hub"}, "geometry": {"type": "Point", "coordinates": [-106.3478, 42.8963]}}, {"type": "Feature", "properties": {"name": "Broomfield Airport Shuttle Hub", "city": "Broomfield", "state": "Colorado", "type": "Railway Hub"}, "geometry": {"type": "Point", "coordinates": [-105.1277, 39.9397]}}, {"type": "Feature", "properties": {"name": "Broomfield Bus Terminal", "city": "Broomfield", "state": "Colorado", "type": "Railway Hub"}, "geometry": {"type": "Point", "coordinates": [-105.0863, 39.8938]}}, {"type": "Feature", "properties": {"name": "Petaluma Bus Terminal", "city": "Petaluma", "state": "California", "type": "Railway Hub"}, "geometry": {"type": "Point", "coordinates": [-122.6418, 38.2316]}}, {"type": "Feature", "properties": {"name": "Petaluma Intermodal Hub", "city": "Petaluma", "state": "California", "type": "Railway Hub"}, "geometry": {"type": "Point", "coordinates": [-122.6518, 38.2055]}}, {"type": "Feature", "properties": {"name": "South Jordan Metro Station", "city": "South Jordan", "state": "Utah", "type": "Railway Hub"}, "geometry": {"type": "Point", "coordinates": [-111.946, 40.5722]}}, {"type": "Feature", "properties": {"name": "Springfield Metro Station", "city": "Springfield", "state": "Ohio", "type": "Railway Hub"}, "geometry": {"type": "Point", "coordinates": [-83.7706, 39.9506]}}, {"type": "Feature", "properties": {"name": "Great Falls Train Station", "city": "Great Falls", "state": "Montana", "type": "Railway Hub"}, "geometry": {"type": "Point", "coordinates": [-111.2423, 47.4872]}}, {"type": "Feature", "properties": {"name": "Great Falls Train Station", "city": "Great Falls", "state": "Montana", "type": "Railway Hub"}, "geometry": {"type": "Point", "coordinates": [-111.3003, 47.4754]}}, {"type": "Feature", "properties": {"name": "Lancaster Bus Rapid Transit Hub", "city": "Lancaster", "state": "Pennsylvania", "type": "Railway Hub"}, "geometry": {"type": "Point", "coordinates": [-76.3397, 40.0171]}}, {"type": "Feature", "properties": {"name": "North Port Rail Yard", "city": "North Port", "state": "Florida", "type": "Railway Hub"}, "geometry": {"type": "Point", "coordinates": [-82.2075, 27.0399]}}, {"type": "Feature", "properties": {"name": "North Port Commuter Rail Station", "city": "North Port", "state": "Florida", "type": "Railway Hub"}, "geometry": {"type": "Point", "coordinates": [-82.2221, 27.063]}}, {"type": "Feature", "properties": {"name": "Lakewood Airport Shuttle Hub", "city": "Lakewood", "state": "Washington", "type": "Railway Hub"}, "geometry": {"type": "Point", "coordinates": [-122.4913, 47.1908]}}, {"type": "Feature", "properties": {"name": "Lakewood Airport Shuttle Hub", "city": "Lakewood", "state": "Washington", "type": "Railway Hub"}, "geometry": {"type": "Point", "coordinates": [-122.5429, 47.1614]}}, {"type": "Feature", "properties": {"name": "Marietta Bus Rapid Transit Hub", "city": "Marietta", "state": "Georgia", "type": "Railway Hub"}, "geometry": {"type": "Point", "coordinates": [-84.5174, 33.9623]}}, {"type": "Feature", "properties": {"name": "San Rafael Regional Transit Hub", "city": "San Rafael", "state": "California", "type": "Railway Hub"}, "geometry": {"type": "Point", "coordinates": [-122.5505, 37.9559]}}, {"type": "Feature", "properties": {"name": "Royal Oak Transit Center", "city": "Royal Oak", "state": "Michigan", "type": "Railway Hub"}, "geometry": {"type": "Point", "coordinates": [-83.1171, 42.4766]}}, {"type": "Feature", "properties": {"name": "Des Plaines Intermodal Hub", "city": "Des Plaines", "state": "Illinois", "type": "Railway Hub"}, "geometry": {"type": "Point", "coordinates": [-87.8673, 42.0097]}}, {"type": "Feature", "properties": {"name": "Des Plaines Light Rail Station", "city": "Des Plaines", "state": "Illinois", "type": "Railway Hub"}, "geometry": {"type": "Point", "coordinates": [-87.9234, 42.0546]}}, {"type": "Feature", "properties": {"name": "Huntington Park Amtrak Station", "city": "Huntington Park", "state": "California", "type": "Railway Hub"}, "geometry": {"type": "Point", "coordinates": [-118.1918, 34.0098]}}, {"type": "Feature", "properties": {"name": "Huntington Park Greyhound Terminal", "city": "Huntington Park", "state": "California", "type": "Railway Hub"}, "geometry": {"type": "Point", "coordinates": [-118.2328, 33.9706]}}, {"type": "Feature", "properties": {"name": "La Mesa Union Station", "city": "La Mesa", "state": "California", "type": "Railway Hub"}, "geometry": {"type": "Point", "coordinates": [-117.0401, 32.7875]}}, {"type": "Feature", "properties": {"name": "Orland Park Intermodal Hub", "city": "Orland Park", "state": "Illinois", "type": "Railway Hub"}, "geometry": {"type": "Point", "coordinates": [-87.8948, 41.6137]}}, {"type": "Feature", "properties": {"name": "Auburn Transit Center", "city": "Auburn", "state": "Alabama", "type": "Railway Hub"}, "geometry": {"type": "Point", "coordinates": [-85.4867, 32.6168]}}, {"type": "Feature", "properties": {"name": "Auburn Bus Rapid Transit Hub", "city": "Auburn", "state": "Alabama", "type": "Railway Hub"}, "geometry": {"type": "Point", "coordinates": [-85.4706, 32.5952]}}, {"type": "Feature", "properties": {"name": "Lakeville Metro Station", "city": "Lakeville", "state": "Minnesota", "type": "Railway Hub"}, "geometry": {"type": "Point", "coordinates": [-93.2144, 44.6621]}}, {"type": "Feature", "properties": {"name": "Owensboro Transportation Center", "city": "Owensboro", "state": "Kentucky", "type": "Railway Hub"}, "geometry": {"type": "Point", "coordinates": [-87.1112, 37.7561]}}, {"type": "Feature", "properties": {"name": "Moore Train Station", "city": "Moore", "state": "Oklahoma", "type": "Railway Hub"}, "geometry": {"type": "Point", "coordinates": [-97.4467, 35.3517]}}, {"type": "Feature", "properties": {"name": "Jupiter Union Station", "city": "Jupiter", "state": "Florida", "type": "Railway Hub"}, "geometry": {"type": "Point", "coordinates": [-80.0936, 26.9114]}}, {"type": "Feature", "properties": {"name": "Idaho Falls Rail Yard", "city": "Idaho Falls", "state": "Idaho", "type": "Railway Hub"}, "geometry": {"type": "Point", "coordinates": [-112.0213, 43.5065]}}, {"type": "Feature", "properties": {"name": "Dubuque Metro Station", "city": "Dubuque", "state": "Iowa", "type": "Railway Hub"}, "geometry": {"type": "Point", "coordinates": [-90.6878, 42.4933]}}, {"type": "Feature", "properties": {"name": "Dubuque Union Station", "city": "Dubuque", "state": "Iowa", "type": "Railway Hub"}, "geometry": {"type": "Point", "coordinates": [-90.6895, 42.4945]}}, {"type": "Feature", "properties": {"name": "Bartlett Airport Shuttle Hub", "city": "Bartlett", "state": "Tennessee", "type": "Railway Hub"}, "geometry": {"type": "Point", "coordinates": [-89.8488, 35.2191]}}, {"type": "Feature", "properties": {"name": "Rowlett Regional Transit Hub", "city": "Rowlett", "state": "Texas", "type": "Railway Hub"}, "geometry": {"type": "Point", "coordinates": [-96.5618, 32.9129]}}, {"type": "Feature", "properties": {"name": "Novi Transportation Center", "city": "Novi", "state": "Michigan", "type": "Railway Hub"}, "geometry": {"type": "Point", "coordinates": [-83.434, 42.453]}}, {"type": "Feature", "properties": {"name": "White Plains Transportation Center", "city": "White Plains", "state": "New York", "type": "Railway Hub"}, "geometry": {"type": "Point", "coordinates": [-73.7972, 41.0615]}}, {"type": "Feature", "properties": {"name": "White Plains Bus Terminal", "city": "White Plains", "state": "New York", "type": "Railway Hub"}, "geometry": {"type": "Point", "coordinates": [-73.7416, 41.0246]}}, {"type": "Feature", "properties": {"name": "Arcadia Light Rail Station", "city": "Arcadia", "state": "California", "type": "Railway Hub"}, "geometry": {"type": "Point", "coordinates": [-117.999, 34.1295]}}, {"type": "Feature", "properties": {"name": "Redmond Regional Transit Hub", "city": "Redmond", "state": "Washington", "type": "Railway Hub"}, "geometry": {"type": "Point", "coordinates": [-122.1451, 47.6517]}}, {"type": "Feature", "properties": {"name": "Lake Elsinore Commuter Rail Station", "city": "Lake Elsinore", "state": "California", "type": "Railway Hub"}, "geometry": {"type": "Point", "coordinates": [-117.303, 33.6543]}}, {"type": "Feature", "properties": {"name": "Lake Elsinore Train Station", "city": "Lake Elsinore", "state": "California", "type": "Railway Hub"}, "geometry": {"type": "Point", "coordinates": [-117.303, 33.6498]}}, {"type": "Feature", "properties": {"name": "Ocala Intermodal Hub", "city": "Ocala", "state": "Florida", "type": "Railway Hub"}, "geometry": {"type": "Point", "coordinates": [-82.1048, 29.1894]}}, {"type": "Feature", "properties": {"name": "Ocala Regional Transit Hub", "city": "Ocala", "state": "Florida", "type": "Railway Hub"}, "geometry": {"type": "Point", "coordinates": [-82.1431, 29.163]}}, {"type": "Feature", "properties": {"name": "Tinley Park Metro Station", "city": "Tinley Park", "state": "Illinois", "type": "Railway Hub"}, "geometry": {"type": "Point", "coordinates": [-87.7927, 41.584]}}, {"type": "Feature", "properties": {"name": "Tinley Park Regional Transit Hub", "city": "Tinley Park", "state": "Illinois", "type": "Railway Hub"}, "geometry": {"type": "Point", "coordinates": [-87.7696, 41.5514]}}, {"type": "Feature", "properties": {"name": "Port Orange Amtrak Station", "city": "Port Orange", "state": "Florida", "type": "Railway Hub"}, "geometry": {"type": "Point", "coordinates": [-81.019, 29.129]}}, {"type": "Feature", "properties": {"name": "Port Orange Light Rail Station", "city": "Port Orange", "state": "Florida", "type": "Railway Hub"}, "geometry": {"type": "Point", "coordinates": [-81.0323, 29.1263]}}, {"type": "Feature", "properties": {"name": "Medford Metro Station", "city": "Medford", "state": "Massachusetts", "type": "Railway Hub"}, "geometry": {"type": "Point", "coordinates": [-71.0862, 42.4192]}}, {"type": "Feature", "properties": {"name": "Oak Lawn Metro Station", "city": "Oak Lawn", "state": "Illinois", "type": "Railway Hub"}, "geometry": {"type": "Point", "coordinates": [-87.7771, 41.7296]}}, {"type": "Feature", "properties": {"name": "Oak Lawn Intermodal Hub", "city": "Oak Lawn", "state": "Illinois", "type": "Railway Hub"}, "geometry": {"type": "Point", "coordinates": [-87.7819, 41.6991]}}, {"type": "Feature", "properties": {"name": "Rocky Mount Amtrak Station", "city": "Rocky Mount", "state": "North Carolina", "type": "Railway Hub"}, "geometry": {"type": "Point", "coordinates": [-77.8032, 35.9627]}}, {"type": "Feature", "properties": {"name": "Rocky Mount Union Station", "city": "Rocky Mount", "state": "North Carolina", "type": "Railway Hub"}, "geometry": {"type": "Point", "coordinates": [-77.8022, 35.9432]}}, {"type": "Feature", "properties": {"name": "Kokomo Bus Terminal", "city": "Kokomo", "state": "Indiana", "type": "Railway Hub"}, "geometry": {"type": "Point", "coordinates": [-86.1638, 40.4781]}}, {"type": "Feature", "properties": {"name": "Coconut Creek Union Station", "city": "Coconut Creek", "state": "Florida", "type": "Railway Hub"}, "geometry": {"type": "Point", "coordinates": [-80.1931, 26.2483]}}, {"type": "Feature", "properties": {"name": "Bowie Union Station", "city": "Bowie", "state": "Maryland", "type": "Railway Hub"}, "geometry": {"type": "Point", "coordinates": [-76.8034, 39.0217]}}, {"type": "Feature", "properties": {"name": "Bowie Commuter Rail Station", "city": "Bowie", "state": "Maryland", "type": "Railway Hub"}, "geometry": {"type": "Point", "coordinates": [-76.7494, 39.0276]}}, {"type": "Feature", "properties": {"name": "Berwyn Transportation Center", "city": "Berwyn", "state": "Illinois", "type": "Railway Hub"}, "geometry": {"type": "Point", "coordinates": [-87.8026, 41.8634]}}, {"type": "Feature", "properties": {"name": "Berwyn Intermodal Hub", "city": "Berwyn", "state": "Illinois", "type": "Railway Hub"}, "geometry": {"type": "Point", "coordinates": [-87.8107, 41.828]}}, {"type": "Feature", "properties": {"name": "Midwest City Greyhound Terminal", "city": "Midwest City", "state": "Oklahoma", "type": "Railway Hub"}, "geometry": {"type": "Point", "coordinates": [-97.3762, 35.4728]}}, {"type": "Feature", "properties": {"name": "Midwest City Bus Rapid Transit Hub", "city": "Midwest City", "state": "Oklahoma", "type": "Railway Hub"}, "geometry": {"type": "Point", "coordinates": [-97.3938, 35.4267]}}, {"type": "Feature", "properties": {"name": "Fountain Valley Commuter Rail Station", "city": "Fountain Valley", "state": "California", "type": "Railway Hub"}, "geometry": {"type": "Point", "coordinates": [-117.9667, 33.7082]}}, {"type": "Feature", "properties": {"name": "Fountain Valley Union Station", "city": "Fountain Valley", "state": "California", "type": "Railway Hub"}, "geometry": {"type": "Point", "coordinates": [-117.9642, 33.7087]}}, {"type": "Feature", "properties": {"name": "Buckeye Rail Yard", "city": "Buckeye", "state": "Arizona", "type": "Railway Hub"}, "geometry": {"type": "Point", "coordinates": [-112.6224, 33.3455]}}, {"type": "Feature", "properties": {"name": "Dearborn Heights Transportation Center", "city": "Dearborn Heights", "state": "Michigan", "type": "Railway Hub"}, "geometry": {"type": "Point", "coordinates": [-83.2757, 42.3469]}}, {"type": "Feature", "properties": {"name": "Dearborn Heights Intermodal Hub", "city": "Dearborn Heights", "state": "Michigan", "type": "Railway Hub"}, "geometry": {"type": "Point", "coordinates": [-83.3128, 42.356]}}, {"type": "Feature", "properties": {"name": "Woodland Bus Rapid Transit Hub", "city": "Woodland", "state": "California", "type": "Railway Hub"}, "geometry": {"type": "Point", "coordinates": [-121.7432, 38.6901]}}, {"type": "Feature", "properties": {"name": "Noblesville Train Station", "city": "Noblesville", "state": "Indiana", "type": "Railway Hub"}, "geometry": {"type": "Point", "coordinates": [-86.0112, 40.0328]}}, {"type": "Feature", "properties": {"name": "Noblesville Union Station", "city": "Noblesville", "state": "Indiana", "type": "Railway Hub"}, "geometry": {"type": "Point", "coordinates": [-86.0451, 40.0518]}}, {"type": "Feature", "properties": {"name": "Valdosta Bus Terminal", "city": "Valdosta", "state": "Georgia", "type": "Railway Hub"}, "geometry": {"type": "Point", "coordinates": [-83.2973, 30.8528]}}, {"type": "Feature", "properties": {"name": "Diamond Bar Light Rail Station", "city": "Diamond Bar", "state": "California", "type": "Railway Hub"}, "geometry": {"type": "Point", "coordinates": [-117.7927, 34.0149]}}, {"type": "Feature", "properties": {"name": "Manhattan Rail Yard", "city": "Manhattan", "state": "Kansas", "type": "Railway Hub"}, "geometry": {"type": "Point", "coordinates": [-96.5682, 39.1555]}}, {"type": "Feature", "properties": {"name": "Santee Rail Yard", "city": "Santee", "state": "California", "type": "Railway Hub"}, "geometry": {"type": "Point", "coordinates": [-117.0022, 32.8484]}}, {"type": "Feature", "properties": {"name": "Santee Airport Shuttle Hub", "city": "Santee", "state": "California", "type": "Railway Hub"}, "geometry": {"type": "Point", "coordinates": [-116.9624, 32.8459]}}, {"type": "Feature", "properties": {"name": "Taunton Transit Center", "city": "Taunton", "state": "Massachusetts", "type": "Railway Hub"}, "geometry": {"type": "Point", "coordinates": [-71.1156, 41.8785]}}, {"type": "Feature", "properties": {"name": "Taunton Amtrak Station", "city": "Taunton", "state": "Massachusetts", "type": "Railway Hub"}, "geometry": {"type": "Point", "coordinates": [-71.1303, 41.891]}}, {"type": "Feature", "properties": {"name": "Sanford Train Station", "city": "Sanford", "state": "Florida", "type": "Railway Hub"}, "geometry": {"type": "Point", "coordinates": [-81.2987, 28.8094]}}, {"type": "Feature", "properties": {"name": "Kettering Union Station", "city": "Kettering", "state": "Ohio", "type": "Railway Hub"}, "geometry": {"type": "Point", "coordinates": [-84.1966, 39.6929]}}, {"type": "Feature", "properties": {"name": "Kettering Transportation Center", "city": "Kettering", "state": "Ohio", "type": "Railway Hub"}, "geometry": {"type": "Point", "coordinates": [-84.1345, 39.6886]}}, {"type": "Feature", "properties": {"name": "New Brunswick Transportation Center", "city": "New Brunswick", "state": "New Jersey", "type": "Railway Hub"}, "geometry": {"type": "Point", "coordinates": [-74.4221, 40.4655]}}, {"type": "Feature", "properties": {"name": "Decatur Metro Station", "city": "Decatur", "state": "Alabama", "type": "Railway Hub"}, "geometry": {"type": "Point", "coordinates": [-87.0089, 34.58]}}, {"type": "Feature", "properties": {"name": "Decatur Commuter Rail Station", "city": "Decatur", "state": "Alabama", "type": "Railway Hub"}, "geometry": {"type": "Point", "coordinates": [-86.9692, 34.6257]}}, {"type": "Feature", "properties": {"name": "Chicopee Airport Shuttle Hub", "city": "Chicopee", "state": "Massachusetts", "type": "Railway Hub"}, "geometry": {"type": "Point", "coordinates": [-72.5862, 42.1708]}}, {"type": "Feature", "properties": {"name": "Anderson Transit Center", "city": "Anderson", "state": "Indiana", "type": "Railway Hub"}, "geometry": {"type": "Point", "coordinates": [-85.6538, 40.1255]}}, {"type": "Feature", "properties": {"name": "Margate Commuter Rail Station", "city": "Margate", "state": "Florida", "type": "Railway Hub"}, "geometry": {"type": "Point", "coordinates": [-80.1732, 26.2284]}}, {"type": "Feature", "properties": {"name": "Weymouth Town Greyhound Terminal", "city": "Weymouth Town", "state": "Massachusetts", "type": "Railway Hub"}, "geometry": {"type": "Point", "coordinates": [-70.9776, 42.1952]}}, {"type": "Feature", "properties": {"name": "Hempstead Light Rail Station", "city": "Hempstead", "state": "New York", "type": "Railway Hub"}, "geometry": {"type": "Point", "coordinates": [-73.6213, 40.7096]}}, {"type": "Feature", "properties": {"name": "Corvallis Train Station", "city": "Corvallis", "state": "Oregon", "type": "Railway Hub"}, "geometry": {"type": "Point", "coordinates": [-123.2293, 44.5813]}}, {"type": "Feature", "properties": {"name": "Corvallis Bus Rapid Transit Hub", "city": "Corvallis", "state": "Oregon", "type": "Railway Hub"}, "geometry": {"type": "Point", "coordinates": [-123.2961, 44.5612]}}, {"type": "Feature", "properties": {"name": "Eastvale Intermodal Hub", "city": "Eastvale", "state": "California", "type": "Railway Hub"}, "geometry": {"type": "Point", "coordinates": [-117.6176, 33.9306]}}, {"type": "Feature", "properties": {"name": "Porterville Metro Station", "city": "Porterville", "state": "California", "type": "Railway Hub"}, "geometry": {"type": "Point", "coordinates": [-119.0323, 36.09]}}, {"type": "Feature", "properties": {"name": "West Haven Train Station", "city": "West Haven", "state": "Connecticut", "type": "Railway Hub"}, "geometry": {"type": "Point", "coordinates": [-72.9741, 41.2411]}}, {"type": "Feature", "properties": {"name": "West Haven Metro Station", "city": "West Haven", "state": "Connecticut", "type": "Railway Hub"}, "geometry": {"type": "Point", "coordinates": [-72.9584, 41.2464]}}, {"type": "Feature", "properties": {"name": "Brentwood Greyhound Terminal", "city": "Brentwood", "state": "California", "type": "Railway Hub"}, "geometry": {"type": "Point", "coordinates": [-121.6902, 37.9086]}}, {"type": "Feature", "properties": {"name": "Paramount Amtrak Station", "city": "Paramount", "state": "California", "type": "Railway Hub"}, "geometry": {"type": "Point", "coordinates": [-118.1469, 33.9095]}}, {"type": "Feature", "properties": {"name": "Paramount Greyhound Terminal", "city": "Paramount", "state": "California", "type": "Railway Hub"}, "geometry": {"type": "Point", "coordinates": [-118.1444, 33.9175]}}, {"type": "Feature", "properties": {"name": "Grand Forks Intermodal Hub", "city": "Grand Forks", "state": "North Dakota", "type": "Railway Hub"}, "geometry": {"type": "Point", "coordinates": [-97.0475, 47.9277]}}, {"type": "Feature", "properties": {"name": "Georgetown Intermodal Hub", "city": "Georgetown", "state": "Texas", "type": "Railway Hub"}, "geometry": {"type": "Point", "coordinates": [-97.6963, 30.6595]}}, {"type": "Feature", "properties": {"name": "Georgetown Union Station", "city": "Georgetown", "state": "Texas", "type": "Railway Hub"}, "geometry": {"type": "Point", "coordinates": [-97.6438, 30.6265]}}, {"type": "Feature", "properties": {"name": "St. Peters Intermodal Hub", "city": "St. Peters", "state": "Missouri", "type": "Railway Hub"}, "geometry": {"type": "Point", "coordinates": [-90.6128, 38.7703]}}, {"type": "Feature", "properties": {"name": "Shoreline Metro Station", "city": "Shoreline", "state": "Washington", "type": "Railway Hub"}, "geometry": {"type": "Point", "coordinates": [-122.3488, 47.7717]}}, {"type": "Feature", "properties": {"name": "Mount Prospect Bus Rapid Transit Hub", "city": "Mount Prospect", "state": "Illinois", "type": "Railway Hub"}, "geometry": {"type": "Point", "coordinates": [-87.9143, 42.0901]}}, {"type": "Feature", "properties": {"name": "Mount Prospect Rail Yard", "city": "Mount Prospect", "state": "Illinois", "type": "Railway Hub"}, "geometry": {"type": "Point", "coordinates": [-87.9228, 42.0776]}}, {"type": "Feature", "properties": {"name": "Hanford Light Rail Station", "city": "Hanford", "state": "California", "type": "Railway Hub"}, "geometry": {"type": "Point", "coordinates": [-119.6427, 36.3471]}}, {"type": "Feature", "properties": {"name": "Hanford Greyhound Terminal", "city": "Hanford", "state": "California", "type": "Railway Hub"}, "geometry": {"type": "Point", "coordinates": [-119.6473, 36.3208]}}, {"type": "Feature", "properties": {"name": "Normal Union Station", "city": "Normal", "state": "Illinois", "type": "Railway Hub"}, "geometry": {"type": "Point", "coordinates": [-89.0098, 40.5031]}}, {"type": "Feature", "properties": {"name": "Rosemead Bus Rapid Transit Hub", "city": "Rosemead", "state": "California", "type": "Railway Hub"}, "geometry": {"type": "Point", "coordinates": [-118.0613, 34.0685]}}, {"type": "Feature", "properties": {"name": "Lehi Metro Station", "city": "Lehi", "state": "Utah", "type": "Railway Hub"}, "geometry": {"type": "Point", "coordinates": [-111.8212, 40.3936]}}, {"type": "Feature", "properties": {"name": "Pocatello Bus Terminal", "city": "Pocatello", "state": "Idaho", "type": "Railway Hub"}, "geometry": {"type": "Point", "coordinates": [-112.42, 42.8751]}}, {"type": "Feature", "properties": {"name": "Highland Greyhound Terminal", "city": "Highland", "state": "California", "type": "Railway Hub"}, "geometry": {"type": "Point", "coordinates": [-117.2242, 34.1526]}}, {"type": "Feature", "properties": {"name": "Highland Transit Center", "city": "Highland", "state": "California", "type": "Railway Hub"}, "geometry": {"type": "Point", "coordinates": [-117.172, 34.1466]}}, {"type": "Feature", "properties": {"name": "Novato Airport Shuttle Hub", "city": "Novato", "state": "California", "type": "Railway Hub"}, "geometry": {"type": "Point", "coordinates": [-122.5809, 38.1252]}}, {"type": "Feature", "properties": {"name": "Novato Union Station", "city": "Novato", "state": "California", "type": "Railway Hub"}, "geometry": {"type": "Point", "coordinates": [-122.5434, 38.0847]}}, {"type": "Feature", "properties": {"name": "Port Arthur Amtrak Station", "city": "Port Arthur", "state": "Texas", "type": "Railway Hub"}, "geometry": {"type": "Point", "coordinates": [-93.9358, 29.8816]}}, {"type": "Feature", "properties": {"name": "Carson City Amtrak Station", "city": "Carson City", "state": "Nevada", "type": "Railway Hub"}, "geometry": {"type": "Point", "coordinates": [-119.7428, 39.171]}}, {"type": "Feature", "properties": {"name": "San Marcos Regional Transit Hub", "city": "San Marcos", "state": "Texas", "type": "Railway Hub"}, "geometry": {"type": "Point", "coordinates": [-97.9578, 29.9072]}}, {"type": "Feature", "properties": {"name": "Hendersonville Amtrak Station", "city": "Hendersonville", "state": "Tennessee", "type": "Railway Hub"}, "geometry": {"type": "Point", "coordinates": [-86.6025, 36.304]}}, {"type": "Feature", "properties": {"name": "Elyria Airport Shuttle Hub", "city": "Elyria", "state": "Ohio", "type": "Railway Hub"}, "geometry": {"type": "Point", "coordinates": [-82.1446, 41.3579]}}, {"type": "Feature", "properties": {"name": "Revere Bus Rapid Transit Hub", "city": "Revere", "state": "Massachusetts", "type": "Railway Hub"}, "geometry": {"type": "Point", "coordinates": [-71.0034, 42.4102]}}, {"type": "Feature", "properties": {"name": "Pflugerville Light Rail Station", "city": "Pflugerville", "state": "Texas", "type": "Railway Hub"}, "geometry": {"type": "Point", "coordinates": [-97.6526, 30.4489]}}, {"type": "Feature", "properties": {"name": "Pflugerville Amtrak Station", "city": "Pflugerville", "state": "Texas", "type": "Railway Hub"}, "geometry": {"type": "Point", "coordinates": [-97.6448, 30.4315]}}, {"type": "Feature", "properties": {"name": "Greenwood Commuter Rail Station", "city": "Greenwood", "state": "Indiana", "type": "Railway Hub"}, "geometry": {"type": "Point", "coordinates": [-86.1477, 39.6076]}}, {"type": "Feature", "properties": {"name": "Greenwood Union Station", "city": "Greenwood", "state": "Indiana", "type": "Railway Hub"}, "geometry": {"type": "Point", "coordinates": [-86.1145, 39.638]}}, {"type": "Feature", "properties": {"name": "Bellevue Airport Shuttle Hub", "city": "Bellevue", "state": "Nebraska", "type": "Railway Hub"}, "geometry": {"type": "Point", "coordinates": [-95.9207, 41.1481]}}, {"type": "Feature", "properties": {"name": "Bellevue Bus Terminal", "city": "Bellevue", "state": "Nebraska", "type": "Railway Hub"}, "geometry": {"type": "Point", "coordinates": [-95.9165, 41.1584]}}, {"type": "Feature", "properties": {"name": "Wheaton Bus Terminal", "city": "Wheaton", "state": "Illinois", "type": "Railway Hub"}, "geometry": {"type": "Point", "coordinates": [-88.1173, 41.8771]}}, {"type": "Feature", "properties": {"name": "Smyrna Bus Rapid Transit Hub", "city": "Smyrna", "state": "Georgia", "type": "Railway Hub"}, "geometry": {"type": "Point", "coordinates": [-84.478, 33.8572]}}, {"type": "Feature", "properties": {"name": "Sarasota Metro Station", "city": "Sarasota", "state": "Florida", "type": "Railway Hub"}, "geometry": {"type": "Point", "coordinates": [-82.5681, 27.3498]}}, {"type": "Feature", "properties": {"name": "Blue Springs Union Station", "city": "Blue Springs", "state": "Missouri", "type": "Railway Hub"}, "geometry": {"type": "Point", "coordinates": [-94.2711, 38.9895]}}, {"type": "Feature", "properties": {"name": "Colton Bus Terminal", "city": "Colton", "state": "California", "type": "Railway Hub"}, "geometry": {"type": "Point", "coordinates": [-117.3151, 34.0718]}}, {"type": "Feature", "properties": {"name": "Euless Airport Shuttle Hub", "city": "Euless", "state": "Texas", "type": "Railway Hub"}, "geometry": {"type": "Point", "coordinates": [-97.0827, 32.8547]}}, {"type": "Feature", "properties": {"name": "Castle Rock Airport Shuttle Hub", "city": "Castle Rock", "state": "Colorado", "type": "Railway Hub"}, "geometry": {"type": "Point", "coordinates": [-104.848, 39.3636]}}, {"type": "Feature", "properties": {"name": "Castle Rock Regional Transit Hub", "city": "Castle Rock", "state": "Colorado", "type": "Railway Hub"}, "geometry": {"type": "Point", "coordinates": [-104.8656, 39.3586]}}, {"type": "Feature", "properties": {"name": "Cathedral City Intermodal Hub", "city": "Cathedral City", "state": "California", "type": "Railway Hub"}, "geometry": {"type": "Point", "coordinates": [-116.4579, 33.755]}}, {"type": "Feature", "properties": {"name": "Cathedral City Intermodal Hub", "city": "Cathedral City", "state": "California", "type": "Railway Hub"}, "geometry": {"type": "Point", "coordinates": [-116.488, 33.7526]}}, {"type": "Feature", "properties": {"name": "Kingsport Commuter Rail Station", "city": "Kingsport", "state": "Tennessee", "type": "Railway Hub"}, "geometry": {"type": "Point", "coordinates": [-82.5219, 36.5565]}}, {"type": "Feature", "properties": {"name": "Kingsport Bus Terminal", "city": "Kingsport", "state": "Tennessee", "type": "Railway Hub"}, "geometry": {"type": "Point", "coordinates": [-82.5824, 36.5748]}}, {"type": "Feature", "properties": {"name": "Lake Havasu City Train Station", "city": "Lake Havasu City", "state": "Arizona", "type": "Railway Hub"}, "geometry": {"type": "Point", "coordinates": [-114.2905, 34.4707]}}, {"type": "Feature", "properties": {"name": "Lake Havasu City Intermodal Hub", "city": "Lake Havasu City", "state": "Arizona", "type": "Railway Hub"}, "geometry": {"type": "Point", "coordinates": [-114.3644, 34.4968]}}, {"type": "Feature", "properties": {"name": "Pensacola Train Station", "city": "Pensacola", "state": "Florida", "type": "Railway Hub"}, "geometry": {"type": "Point", "coordinates": [-87.2219, 30.408]}}, {"type": "Feature", "properties": {"name": "Hoboken Regional Transit Hub", "city": "Hoboken", "state": "New Jersey", "type": "Railway Hub"}, "geometry": {"type": "Point", "coordinates": [-74.0511, 40.7186]}}, {"type": "Feature", "properties": {"name": "Yucaipa Transit Center", "city": "Yucaipa", "state": "California", "type": "Railway Hub"}, "geometry": {"type": "Point", "coordinates": [-117.033, 34.0479]}}, {"type": "Feature", "properties": {"name": "Yucaipa Regional Transit Hub", "city": "Yucaipa", "state": "California", "type": "Railway Hub"}, "geometry": {"type": "Point", "coordinates": [-117.0144, 34.0258]}}, {"type": "Feature", "properties": {"name": "Watsonville Regional Transit Hub", "city": "Watsonville", "state": "California", "type": "Railway Hub"}, "geometry": {"type": "Point", "coordinates": [-121.7403, 36.9006]}}, {"type": "Feature", "properties": {"name": "Richland Transportation Center", "city": "Richland", "state": "Washington", "type": "Railway Hub"}, "geometry": {"type": "Point", "coordinates": [-119.3156, 46.2634]}}, {"type": "Feature", "properties": {"name": "Richland Commuter Rail Station", "city": "Richland", "state": "Washington", "type": "Railway Hub"}, "geometry": {"type": "Point", "coordinates": [-119.2623, 46.3053]}}, {"type": "Feature", "properties": {"name": "Delano Rail Yard", "city": "Delano", "state": "California", "type": "Railway Hub"}, "geometry": {"type": "Point", "coordinates": [-119.2512, 35.7428]}}, {"type": "Feature", "properties": {"name": "Delano Regional Transit Hub", "city": "Delano", "state": "California", "type": "Railway Hub"}, "geometry": {"type": "Point", "coordinates": [-119.2099, 35.779]}}, {"type": "Feature", "properties": {"name": "Hoffman Estates Rail Yard", "city": "Hoffman Estates", "state": "Illinois", "type": "Railway Hub"}, "geometry": {"type": "Point", "coordinates": [-88.1127, 42.0895]}}, {"type": "Feature", "properties": {"name": "Florissant Amtrak Station", "city": "Florissant", "state": "Missouri", "type": "Railway Hub"}, "geometry": {"type": "Point", "coordinates": [-90.3343, 38.8105]}}, {"type": "Feature", "properties": {"name": "Florissant Rail Yard", "city": "Florissant", "state": "Missouri", "type": "Railway Hub"}, "geometry": {"type": "Point", "coordinates": [-90.3472, 38.8162]}}, {"type": "Feature", "properties": {"name": "Placentia Transportation Center", "city": "Placentia", "state": "California", "type": "Railway Hub"}, "geometry": {"type": "Point", "coordinates": [-117.8982, 33.8672]}}, {"type": "Feature", "properties": {"name": "Placentia Light Rail Station", "city": "Placentia", "state": "California", "type": "Railway Hub"}, "geometry": {"type": "Point", "coordinates": [-117.8373, 33.8958]}}, {"type": "Feature", "properties": {"name": "West New York Greyhound Terminal", "city": "West New York", "state": "New Jersey", "type": "Railway Hub"}, "geometry": {"type": "Point", "coordinates": [-74.0004, 40.7886]}}, {"type": "Feature", "properties": {"name": "West New York Rail Yard", "city": "West New York", "state": "New Jersey", "type": "Railway Hub"}, "geometry": {"type": "Point", "coordinates": [-74.0101, 40.8162]}}, {"type": "Feature", "properties": {"name": "Dublin Transportation Center", "city": "Dublin", "state": "California", "type": "Railway Hub"}, "geometry": {"type": "Point", "coordinates": [-121.9301, 37.6739]}}, {"type": "Feature", "properties": {"name": "Oak Park Light Rail Station", "city": "Oak Park", "state": "Illinois", "type": "Railway Hub"}, "geometry": {"type": "Point", "coordinates": [-87.7588, 41.8675]}}, {"type": "Feature", "properties": {"name": "Oak Park Transit Center", "city": "Oak Park", "state": "Illinois", "type": "Railway Hub"}, "geometry": {"type": "Point", "coordinates": [-87.7494, 41.8641]}}, {"type": "Feature", "properties": {"name": "Peabody Train Station", "city": "Peabody", "state": "Massachusetts", "type": "Railway Hub"}, "geometry": {"type": "Point", "coordinates": [-70.959, 42.5149]}}, {"type": "Feature", "properties": {"name": "Perth Amboy Metro Station", "city": "Perth Amboy", "state": "New Jersey", "type": "Railway Hub"}, "geometry": {"type": "Point", "coordinates": [-74.2699, 40.504]}}, {"type": "Feature", "properties": {"name": "Battle Creek Amtrak Station", "city": "Battle Creek", "state": "Michigan", "type": "Railway Hub"}, "geometry": {"type": "Point", "coordinates": [-85.1407, 42.3148]}}, {"type": "Feature", "properties": {"name": "Battle Creek Rail Yard", "city": "Battle Creek", "state": "Michigan", "type": "Railway Hub"}, "geometry": {"type": "Point", "coordinates": [-85.1832, 42.3102]}}, {"type": "Feature", "properties": {"name": "Bradenton Transit Center", "city": "Bradenton", "state": "Florida", "type": "Railway Hub"}, "geometry": {"type": "Point", "coordinates": [-82.5434, 27.5139]}}, {"type": "Feature", "properties": {"name": "Bradenton Regional Transit Hub", "city": "Bradenton", "state": "Florida", "type": "Railway Hub"}, "geometry": {"type": "Point", "coordinates": [-82.5499, 27.4717]}}, {"type": "Feature", "properties": {"name": "Gilroy Intermodal Hub", "city": "Gilroy", "state": "California", "type": "Railway Hub"}, "geometry": {"type": "Point", "coordinates": [-121.5977, 37.0197]}}, {"type": "Feature", "properties": {"name": "Milford Train Station", "city": "Milford", "state": "Connecticut", "type": "Railway Hub"}, "geometry": {"type": "Point", "coordinates": [-73.044, 41.2212]}}, {"type": "Feature", "properties": {"name": "Albany Greyhound Terminal", "city": "Albany", "state": "Oregon", "type": "Railway Hub"}, "geometry": {"type": "Point", "coordinates": [-123.088, 44.6393]}}, {"type": "Feature", "properties": {"name": "Ankeny Light Rail Station", "city": "Ankeny", "state": "Iowa", "type": "Railway Hub"}, "geometry": {"type": "Point", "coordinates": [-93.5748, 41.7258]}}, {"type": "Feature", "properties": {"name": "La Crosse Airport Shuttle Hub", "city": "La Crosse", "state": "Wisconsin", "type": "Railway Hub"}, "geometry": {"type": "Point", "coordinates": [-91.2569, 43.8142]}}, {"type": "Feature", "properties": {"name": "La Crosse Regional Transit Hub", "city": "La Crosse", "state": "Wisconsin", "type": "Railway Hub"}, "geometry": {"type": "Point", "coordinates": [-91.2368, 43.8194]}}, {"type": "Feature", "properties": {"name": "Burlington Transit Center", "city": "Burlington", "state": "North Carolina", "type": "Railway Hub"}, "geometry": {"type": "Point", "coordinates": [-79.4409, 36.0778]}}, {"type": "Feature", "properties": {"name": "Burlington Rail Yard", "city": "Burlington", "state": "North Carolina", "type": "Railway Hub"}, "geometry": {"type": "Point", "coordinates": [-79.4571, 36.106]}}, {"type": "Feature", "properties": {"name": "DeSoto Transit Center", "city": "DeSoto", "state": "Texas", "type": "Railway Hub"}, "geometry": {"type": "Point", "coordinates": [-96.8281, 32.6031]}}, {"type": "Feature", "properties": {"name": "DeSoto Bus Terminal", "city": "DeSoto", "state": "Texas", "type": "Railway Hub"}, "geometry": {"type": "Point", "coordinates": [-96.8545, 32.5917]}}, {"type": "Feature", "properties": {"name": "Harrisonburg Union Station", "city": "Harrisonburg", "state": "Virginia", "type": "Railway Hub"}, "geometry": {"type": "Point", "coordinates": [-78.9073, 38.4485]}}, {"type": "Feature", "properties": {"name": "Harrisonburg Bus Terminal", "city": "Harrisonburg", "state": "Virginia", "type": "Railway Hub"}, "geometry": {"type": "Point", "coordinates": [-78.9091, 38.4787]}}, {"type": "Feature", "properties": {"name": "Minnetonka Bus Terminal", "city": "Minnetonka", "state": "Minnesota", "type": "Railway Hub"}, "geometry": {"type": "Point", "coordinates": [-93.437, 44.8993]}}, {"type": "Feature", "properties": {"name": "Elkhart Intermodal Hub", "city": "Elkhart", "state": "Indiana", "type": "Railway Hub"}, "geometry": {"type": "Point", "coordinates": [-85.9576, 41.6957]}}, {"type": "Feature", "properties": {"name": "Lakewood Transportation Center", "city": "Lakewood", "state": "Ohio", "type": "Railway Hub"}, "geometry": {"type": "Point", "coordinates": [-81.7662, 41.4925]}}, {"type": "Feature", "properties": {"name": "Lakewood Amtrak Station", "city": "Lakewood", "state": "Ohio", "type": "Railway Hub"}, "geometry": {"type": "Point", "coordinates": [-81.8129, 41.471]}}, {"type": "Feature", "properties": {"name": "Glendora Greyhound Terminal", "city": "Glendora", "state": "California", "type": "Railway Hub"}, "geometry": {"type": "Point", "coordinates": [-117.8978, 34.131]}}, {"type": "Feature", "properties": {"name": "Southaven Airport Shuttle Hub", "city": "Southaven", "state": "Mississippi", "type": "Railway Hub"}, "geometry": {"type": "Point", "coordinates": [-90.0203, 35.0045]}}, {"type": "Feature", "properties": {"name": "Southaven Transit Center", "city": "Southaven", "state": "Mississippi", "type": "Railway Hub"}, "geometry": {"type": "Point", "coordinates": [-90.0152, 35.0005]}}, {"type": "Feature", "properties": {"name": "Charleston Transit Center", "city": "Charleston", "state": "West Virginia", "type": "Railway Hub"}, "geometry": {"type": "Point", "coordinates": [-81.6253, 38.3666]}}, {"type": "Feature", "properties": {"name": "Joplin Transit Center", "city": "Joplin", "state": "Missouri", "type": "Railway Hub"}, "geometry": {"type": "Point", "coordinates": [-94.4732, 37.0738]}}, {"type": "Feature", "properties": {"name": "Enid Light Rail Station", "city": "Enid", "state": "Oklahoma", "type": "Railway Hub"}, "geometry": {"type": "Point", "coordinates": [-97.8481, 36.3794]}}, {"type": "Feature", "properties": {"name": "Enid Intermodal Hub", "city": "Enid", "state": "Oklahoma", "type": "Railway Hub"}, "geometry": {"type": "Point", "coordinates": [-97.9055, 36.3984]}}, {"type": "Feature", "properties": {"name": "Palm Beach Gardens Commuter Rail Station", "city": "Palm Beach Gardens", "state": "Florida", "type": "Railway Hub"}, "geometry": {"type": "Point", "coordinates": [-80.1299, 26.7968]}}, {"type": "Feature", "properties": {"name": "Palm Beach Gardens Light Rail Station", "city": "Palm Beach Gardens", "state": "Florida", "type": "Railway Hub"}, "geometry": {"type": "Point", "coordinates": [-80.1352, 26.8116]}}, {"type": "Feature", "properties": {"name": "Brookhaven Amtrak Station", "city": "Brookhaven", "state": "Georgia", "type": "Railway Hub"}, "geometry": {"type": "Point", "coordinates": [-84.3649, 33.8778]}}, {"type": "Feature", "properties": {"name": "Plainfield Greyhound Terminal", "city": "Plainfield", "state": "New Jersey", "type": "Railway Hub"}, "geometry": {"type": "Point", "coordinates": [-74.4104, 40.6634]}}, {"type": "Feature", "properties": {"name": "Plainfield Light Rail Station", "city": "Plainfield", "state": "New Jersey", "type": "Railway Hub"}, "geometry": {"type": "Point", "coordinates": [-74.4008, 40.6327]}}, {"type": "Feature", "properties": {"name": "Grand Island Transit Center", "city": "Grand Island", "state": "Nebraska", "type": "Railway Hub"}, "geometry": {"type": "Point", "coordinates": [-98.3233, 40.8971]}}, {"type": "Feature", "properties": {"name": "Grand Island Rail Yard", "city": "Grand Island", "state": "Nebraska", "type": "Railway Hub"}, "geometry": {"type": "Point", "coordinates": [-98.3639, 40.9441]}}, {"type": "Feature", "properties": {"name": "Palm Desert Train Station", "city": "Palm Desert", "state": "California", "type": "Railway Hub"}, "geometry": {"type": "Point", "coordinates": [-116.4089, 33.7209]}}, {"type": "Feature", "properties": {"name": "Huntersville Intermodal Hub", "city": "Huntersville", "state": "North Carolina", "type": "Railway Hub"}, "geometry": {"type": "Point", "coordinates": [-80.8618, 35.402]}}, {"type": "Feature", "properties": {"name": "Huntersville Airport Shuttle Hub", "city": "Huntersville", "state": "North Carolina", "type": "Railway Hub"}, "geometry": {"type": "Point", "coordinates": [-80.8729, 35.3847]}}, {"type": "Feature", "properties": {"name": "Tigard Union Station", "city": "Tigard", "state": "Oregon", "type": "Railway Hub"}, "geometry": {"type": "Point", "coordinates": [-122.7794, 45.4427]}}, {"type": "Feature", "properties": {"name": "Lenexa Transit Center", "city": "Lenexa", "state": "Kansas", "type": "Railway Hub"}, "geometry": {"type": "Point", "coordinates": [-94.762, 38.936]}}, {"type": "Feature", "properties": {"name": "Lenexa Light Rail Station", "city": "Lenexa", "state": "Kansas", "type": "Railway Hub"}, "geometry": {"type": "Point", "coordinates": [-94.7634, 38.967]}}, {"type": "Feature", "properties": {"name": "Saginaw Greyhound Terminal", "city": "Saginaw", "state": "Michigan", "type": "Railway Hub"}, "geometry": {"type": "Point", "coordinates": [-83.9486, 43.3987]}}, {"type": "Feature", "properties": {"name": "Saginaw Bus Terminal", "city": "Saginaw", "state": "Michigan", "type": "Railway Hub"}, "geometry": {"type": "Point", "coordinates": [-83.9748, 43.3932]}}, {"type": "Feature", "properties": {"name": "Kentwood Metro Station", "city": "Kentwood", "state": "Michigan", "type": "Railway Hub"}, "geometry": {"type": "Point", "coordinates": [-85.6688, 42.8738]}}, {"type": "Feature", "properties": {"name": "Doral Union Station", "city": "Doral", "state": "Florida", "type": "Railway Hub"}, "geometry": {"type": "Point", "coordinates": [-80.3466, 25.8391]}}, {"type": "Feature", "properties": {"name": "Apple Valley Train Station", "city": "Apple Valley", "state": "Minnesota", "type": "Railway Hub"}, "geometry": {"type": "Point", "coordinates": [-93.1992, 44.7083]}}, {"type": "Feature", "properties": {"name": "Grapevine Transportation Center", "city": "Grapevine", "state": "Texas", "type": "Railway Hub"}, "geometry": {"type": "Point", "coordinates": [-97.0999, 32.931]}}, {"type": "Feature", "properties": {"name": "Aliso Viejo Commuter Rail Station", "city": "Aliso Viejo", "state": "California", "type": "Railway Hub"}, "geometry": {"type": "Point", "coordinates": [-117.6943, 33.5772]}}, {"type": "Feature", "properties": {"name": "Sammamish Commuter Rail Station", "city": "Sammamish", "state": "Washington", "type": "Railway Hub"}, "geometry": {"type": "Point", "coordinates": [-122.0553, 47.6356]}}, {"type": "Feature", "properties": {"name": "Casa Grande Rail Yard", "city": "Casa Grande", "state": "Arizona", "type": "Railway Hub"}, "geometry": {"type": "Point", "coordinates": [-111.7556, 32.8509]}}, {"type": "Feature", "properties": {"name": "Troy Transit Center", "city": "Troy", "state": "New York", "type": "Railway Hub"}, "geometry": {"type": "Point", "coordinates": [-73.7333, 42.7288]}}, {"type": "Feature", "properties": {"name": "West Sacramento Airport Shuttle Hub", "city": "West Sacramento", "state": "California", "type": "Railway Hub"}, "geometry": {"type": "Point", "coordinates": [-121.5272, 38.5897]}}, {"type": "Feature", "properties": {"name": "Cerritos Light Rail Station", "city": "Cerritos", "state": "California", "type": "Railway Hub"}, "geometry": {"type": "Point", "coordinates": [-118.103, 33.886]}}, {"type": "Feature", "properties": {"name": "Downers Grove Greyhound Terminal", "city": "Downers Grove", "state": "Illinois", "type": "Railway Hub"}, "geometry": {"type": "Point", "coordinates": [-87.9965, 41.797]}}, {"type": "Feature", "properties": {"name": "Coral Gables Metro Station", "city": "Coral Gables", "state": "Florida", "type": "Railway Hub"}, "geometry": {"type": "Point", "coordinates": [-80.247, 25.7217]}}, {"type": "Feature", "properties": {"name": "Wilson Airport Shuttle Hub", "city": "Wilson", "state": "North Carolina", "type": "Railway Hub"}, "geometry": {"type": "Point", "coordinates": [-77.9187, 35.7328]}}, {"type": "Feature", "properties": {"name": "Niagara Falls Metro Station", "city": "Niagara Falls", "state": "New York", "type": "Railway Hub"}, "geometry": {"type": "Point", "coordinates": [-79.0085, 43.1246]}}, {"type": "Feature", "properties": {"name": "Cuyahoga Falls Train Station", "city": "Cuyahoga Falls", "state": "Ohio", "type": "Railway Hub"}, "geometry": {"type": "Point", "coordinates": [-81.4542, 41.1508]}}, {"type": "Feature", "properties": {"name": "Rancho Santa Margarita Airport Shuttle Hub", "city": "Rancho Santa Margarita", "state": "California", "type": "Railway Hub"}, "geometry": {"type": "Point", "coordinates": [-117.6441, 33.646]}}, {"type": "Feature", "properties": {"name": "La Mirada Transit Center", "city": "La Mirada", "state": "California", "type": "Railway Hub"}, "geometry": {"type": "Point", "coordinates": [-118.0146, 33.9056]}}, {"type": "Feature", "properties": {"name": "Caldwell Amtrak Station", "city": "Caldwell", "state": "Idaho", "type": "Railway Hub"}, "geometry": {"type": "Point", "coordinates": [-116.7113, 43.6628]}}, {"type": "Feature", "properties": {"name": "Logan Amtrak Station", "city": "Logan", "state": "Utah", "type": "Railway Hub"}, "geometry": {"type": "Point", "coordinates": [-111.8094, 41.7143]}}, {"type": "Feature", "properties": {"name": "Galveston Regional Transit Hub", "city": "Galveston", "state": "Texas", "type": "Railway Hub"}, "geometry": {"type": "Point", "coordinates": [-94.7837, 29.2809]}}, {"type": "Feature", "properties": {"name": "Sheboygan Bus Rapid Transit Hub", "city": "Sheboygan", "state": "Wisconsin", "type": "Railway Hub"}, "geometry": {"type": "Point", "coordinates": [-87.7285, 43.778]}}, {"type": "Feature", "properties": {"name": "Murray Regional Transit Hub", "city": "Murray", "state": "Utah", "type": "Railway Hub"}, "geometry": {"type": "Point", "coordinates": [-111.8782, 40.6767]}}, {"type": "Feature", "properties": {"name": "Roswell Bus Rapid Transit Hub", "city": "Roswell", "state": "New Mexico", "type": "Railway Hub"}, "geometry": {"type": "Point", "coordinates": [-104.534, 33.413]}}, {"type": "Feature", "properties": {"name": "Parker Regional Transit Hub", "city": "Parker", "state": "Colorado", "type": "Railway Hub"}, "geometry": {"type": "Point", "coordinates": [-104.7424, 39.52]}}, {"type": "Feature", "properties": {"name": "Methuen Transportation Center", "city": "Methuen", "state": "Massachusetts", "type": "Railway Hub"}, "geometry": {"type": "Point", "coordinates": [-71.1824, 42.73]}}, {"type": "Feature", "properties": {"name": "Covina Intermodal Hub", "city": "Covina", "state": "California", "type": "Railway Hub"}, "geometry": {"type": "Point", "coordinates": [-117.8508, 34.0875]}}, {"type": "Feature", "properties": {"name": "Alexandria Bus Terminal", "city": "Alexandria", "state": "Louisiana", "type": "Railway Hub"}, "geometry": {"type": "Point", "coordinates": [-92.4831, 31.3297]}}, {"type": "Feature", "properties": {"name": "Euclid Regional Transit Hub", "city": "Euclid", "state": "Ohio", "type": "Railway Hub"}, "geometry": {"type": "Point", "coordinates": [-81.5608, 41.5856]}}, {"type": "Feature", "properties": {"name": "Salina Transit Center", "city": "Salina", "state": "Kansas", "type": "Railway Hub"}, "geometry": {"type": "Point", "coordinates": [-97.6093, 38.8609]}}, {"type": "Feature", "properties": {"name": "Azusa Regional Transit Hub", "city": "Azusa", "state": "California", "type": "Railway Hub"}, "geometry": {"type": "Point", "coordinates": [-117.9302, 34.1577]}}, {"type": "Feature", "properties": {"name": "Newark Commuter Rail Station", "city": "Newark", "state": "Ohio", "type": "Railway Hub"}, "geometry": {"type": "Point", "coordinates": [-82.3893, 40.0553]}}, {"type": "Feature", "properties": {"name": "Dunwoody Regional Transit Hub", "city": "Dunwoody", "state": "Georgia", "type": "Railway Hub"}, "geometry": {"type": "Point", "coordinates": [-84.3028, 33.9454]}}, {"type": "Feature", "properties": {"name": "Hattiesburg Greyhound Terminal", "city": "Hattiesburg", "state": "Mississippi", "type": "Railway Hub"}, "geometry": {"type": "Point", "coordinates": [-89.2724, 31.3396]}}, {"type": "Feature", "properties": {"name": "Bonita Springs Airport Shuttle Hub", "city": "Bonita Springs", "state": "Florida", "type": "Railway Hub"}, "geometry": {"type": "Point", "coordinates": [-81.8167, 26.3669]}}, {"type": "Feature", "properties": {"name": "Portage Train Station", "city": "Portage", "state": "Michigan", "type": "Railway Hub"}, "geometry": {"type": "Point", "coordinates": [-85.5534, 42.2126]}}, {"type": "Feature", "properties": {"name": "St. Louis Park Intermodal Hub", "city": "St. Louis Park", "state": "Minnesota", "type": "Railway Hub"}, "geometry": {"type": "Point", "coordinates": [-93.338, 44.9711]}}, {"type": "Feature", "properties": {"name": "Collierville Intermodal Hub", "city": "Collierville", "state": "Tennessee", "type": "Railway Hub"}, "geometry": {"type": "Point", "coordinates": [-89.6857, 35.0325]}}, {"type": "Feature", "properties": {"name": "Middletown Light Rail Station", "city": "Middletown", "state": "Connecticut", "type": "Railway Hub"}, "geometry": {"type": "Point", "coordinates": [-72.6608, 41.5647]}}, {"type": "Feature", "properties": {"name": "Stillwater Airport Shuttle Hub", "city": "Stillwater", "state": "Oklahoma", "type": "Railway Hub"}, "geometry": {"type": "Point", "coordinates": [-97.0433, 36.1091]}}, {"type": "Feature", "properties": {"name": "Lawrence Amtrak Station", "city": "Lawrence", "state": "Indiana", "type": "Railway Hub"}, "geometry": {"type": "Point", "coordinates": [-86.056, 39.8297]}}, {"type": "Feature", "properties": {"name": "Mentor Light Rail Station", "city": "Mentor", "state": "Ohio", "type": "Railway Hub"}, "geometry": {"type": "Point", "coordinates": [-81.3405, 41.6408]}}, {"type": "Feature", "properties": {"name": "Ceres Light Rail Station", "city": "Ceres", "state": "California", "type": "Railway Hub"}, "geometry": {"type": "Point", "coordinates": [-120.9167, 37.6141]}}, {"type": "Feature", "properties": {"name": "Cedar Hill Commuter Rail Station", "city": "Cedar Hill", "state": "Texas", "type": "Railway Hub"}, "geometry": {"type": "Point", "coordinates": [-96.9259, 32.5829]}}, {"type": "Feature", "properties": {"name": "Binghamton Airport Shuttle Hub", "city": "Binghamton", "state": "New York", "type": "Railway Hub"}, "geometry": {"type": "Point", "coordinates": [-75.8775, 42.1115]}}, {"type": "Feature", "properties": {"name": "Minot Regional Transit Hub", "city": "Minot", "state": "North Dakota", "type": "Railway Hub"}, "geometry": {"type": "Point", "coordinates": [-101.254, 48.2284]}}, {"type": "Feature", "properties": {"name": "Texas City Intermodal Hub", "city": "Texas City", "state": "Texas", "type": "Railway Hub"}, "geometry": {"type": "Point", "coordinates": [-94.8949, 29.3734]}}, {"type": "Feature", "properties": {"name": "San Jacinto Bus Rapid Transit Hub", "city": "San Jacinto", "state": "California", "type": "Railway Hub"}, "geometry": {"type": "Point", "coordinates": [-116.9498, 33.7819]}}, {"type": "Feature", "properties": {"name": "Columbus Rail Yard", "city": "Columbus", "state": "Indiana", "type": "Railway Hub"}, "geometry": {"type": "Point", "coordinates": [-85.9153, 39.1886]}}, {"type": "Feature", "properties": {"name": "Maricopa Light Rail Station", "city": "Maricopa", "state": "Arizona", "type": "Railway Hub"}, "geometry": {"type": "Point", "coordinates": [-112.0313, 33.0409]}}, {"type": "Feature", "properties": {"name": "Glenview Commuter Rail Station", "city": "Glenview", "state": "Illinois", "type": "Railway Hub"}, "geometry": {"type": "Point", "coordinates": [-87.8281, 42.0904]}}, {"type": "Feature", "properties": {"name": "Cleveland Heights Light Rail Station", "city": "Cleveland Heights", "state": "Ohio", "type": "Railway Hub"}, "geometry": {"type": "Point", "coordinates": [-81.5603, 41.5043]}}, {"type": "Feature", "properties": {"name": "Draper Amtrak Station", "city": "Draper", "state": "Utah", "type": "Railway Hub"}, "geometry": {"type": "Point", "coordinates": [-111.867, 40.5131]}}, {"type": "Feature", "properties": {"name": "Lincoln Intermodal Hub", "city": "Lincoln", "state": "California", "type": "Railway Hub"}, "geometry": {"type": "Point", "coordinates": [-121.274, 38.9075]}}, {"type": "Feature", "properties": {"name": "Sierra Vista Greyhound Terminal", "city": "Sierra Vista", "state": "Arizona", "type": "Railway Hub"}, "geometry": {"type": "Point", "coordinates": [-110.2833, 31.5282]}}, {"type": "Feature", "properties": {"name": "Biloxi Light Rail Station", "city": "Biloxi", "state": "Mississippi", "type": "Railway Hub"}, "geometry": {"type": "Point", "coordinates": [-88.8717, 30.4242]}}, {"type": "Feature", "properties": {"name": "Strongsville Bus Rapid Transit Hub", "city": "Strongsville", "state": "Ohio", "type": "Railway Hub"}, "geometry": {"type": "Point", "coordinates": [-81.8632, 41.3433]}}, {"type": "Feature", "properties": {"name": "Wylie Bus Rapid Transit Hub", "city": "Wylie", "state": "Texas", "type": "Railway Hub"}, "geometry": {"type": "Point", "coordinates": [-96.5753, 33.0317]}}, {"type": "Feature", "properties": {"name": "Sayreville Metro Station", "city": "Sayreville", "state": "New Jersey", "type": "Railway Hub"}, "geometry": {"type": "Point", "coordinates": [-74.3332, 40.4362]}}, {"type": "Feature", "properties": {"name": "Charlottesville Transit Center", "city": "Charlottesville", "state": "Virginia", "type": "Railway Hub"}, "geometry": {"type": "Point", "coordinates": [-78.4374, 38.0204]}}, {"type": "Feature", "properties": {"name": "Hackensack Greyhound Terminal", "city": "Hackensack", "state": "New Jersey", "type": "Railway Hub"}, "geometry": {"type": "Point", "coordinates": [-74.022, 40.8588]}}, {"type": "Feature", "properties": {"name": "Newark Union Station", "city": "Newark", "state": "California", "type": "Railway Hub"}, "geometry": {"type": "Point", "coordinates": [-122.0035, 37.5129]}}, {"type": "Feature", "properties": {"name": "Pittsfield Light Rail Station", "city": "Pittsfield", "state": "Massachusetts", "type": "Railway Hub"}, "geometry": {"type": "Point", "coordinates": [-73.2817, 42.4571]}}, {"type": "Feature", "properties": {"name": "Attleboro Commuter Rail Station", "city": "Attleboro", "state": "Massachusetts", "type": "Railway Hub"}, "geometry": {"type": "Point", "coordinates": [-71.2742, 41.9167]}}, {"type": "Feature", "properties": {"name": "DeKalb Transit Center", "city": "DeKalb", "state": "Illinois", "type": "Railway Hub"}, "geometry": {"type": "Point", "coordinates": [-88.7822, 41.947]}}, {"type": "Feature", "properties": {"name": "Blacksburg Union Station", "city": "Blacksburg", "state": "Virginia", "type": "Railway Hub"}, "geometry": {"type": "Point", "coordinates": [-80.4265, 37.242]}}, {"type": "Feature", "properties": {"name": "Dublin Light Rail Station", "city": "Dublin", "state": "Ohio", "type": "Railway Hub"}, "geometry": {"type": "Point", "coordinates": [-83.1266, 40.0876]}}, {"type": "Feature", "properties": {"name": "Haltom City Intermodal Hub", "city": "Haltom City", "state": "Texas", "type": "Railway Hub"}, "geometry": {"type": "Point", "coordinates": [-97.2898, 32.7992]}}, {"type": "Feature", "properties": {"name": "Lompoc Bus Terminal", "city": "Lompoc", "state": "California", "type": "Railway Hub"}, "geometry": {"type": "Point", "coordinates": [-120.434, 34.6494]}}, {"type": "Feature", "properties": {"name": "El Centro Bus Terminal", "city": "El Centro", "state": "California", "type": "Railway Hub"}, "geometry": {"type": "Point", "coordinates": [-115.5757, 32.811]}}, {"type": "Feature", "properties": {"name": "Danville Regional Transit Hub", "city": "Danville", "state": "California", "type": "Railway Hub"}, "geometry": {"type": "Point", "coordinates": [-121.9733, 37.8138]}}, {"type": "Feature", "properties": {"name": "Cutler Bay Train Station", "city": "Cutler Bay", "state": "Florida", "type": "Railway Hub"}, "geometry": {"type": "Point", "coordinates": [-80.3445, 25.5769]}}, {"type": "Feature", "properties": {"name": "North Miami Beach Transit Center", "city": "North Miami Beach", "state": "Florida", "type": "Railway Hub"}, "geometry": {"type": "Point", "coordinates": [-80.1306, 25.9065]}}, {"type": "Feature", "properties": {"name": "Coachella Light Rail Station", "city": "Coachella", "state": "California", "type": "Railway Hub"}, "geometry": {"type": "Point", "coordinates": [-116.1608, 33.6627]}}, {"type": "Feature", "properties": {"name": "Fort Pierce Union Station", "city": "Fort Pierce", "state": "Florida", "type": "Railway Hub"}, "geometry": {"type": "Point", "coordinates": [-80.3021, 27.4515]}}, {"type": "Feature", "properties": {"name": "Smyrna Union Station", "city": "Smyrna", "state": "Tennessee", "type": "Railway Hub"}, "geometry": {"type": "Point", "coordinates": [-86.5255, 35.9873]}}, {"type": "Feature", "properties": {"name": "Fond du Lac Bus Terminal", "city": "Fond du Lac", "state": "Wisconsin", "type": "Railway Hub"}, "geometry": {"type": "Point", "coordinates": [-88.4139, 43.7837]}}, {"type": "Feature", "properties": {"name": "Danville Commuter Rail Station", "city": "Danville", "state": "Virginia", "type": "Railway Hub"}, "geometry": {"type": "Point", "coordinates": [-79.416, 36.5945]}}, {"type": "Feature", "properties": {"name": "Belleville Light Rail Station", "city": "Belleville", "state": "Illinois", "type": "Railway Hub"}, "geometry": {"type": "Point", "coordinates": [-89.9662, 38.5115]}}, {"type": "Feature", "properties": {"name": "Bell Gardens Intermodal Hub", "city": "Bell Gardens", "state": "California", "type": "Railway Hub"}, "geometry": {"type": "Point", "coordinates": [-118.1767, 33.9652]}}, {"type": "Feature", "properties": {"name": "Cleveland Greyhound Terminal", "city": "Cleveland", "state": "Tennessee", "type": "Railway Hub"}, "geometry": {"type": "Point", "coordinates": [-84.8744, 35.1587]}}, {"type": "Feature", "properties": {"name": "North Lauderdale Transportation Center", "city": "North Lauderdale", "state": "Florida", "type": "Railway Hub"}, "geometry": {"type": "Point", "coordinates": [-80.2474, 26.2283]}}, {"type": "Feature", "properties": {"name": "Fairfield Amtrak Station", "city": "Fairfield", "state": "Ohio", "type": "Railway Hub"}, "geometry": {"type": "Point", "coordinates": [-84.5944, 39.331]}}, {"type": "Feature", "properties": {"name": "Rancho Palos Verdes Transportation Center", "city": "Rancho Palos Verdes", "state": "California", "type": "Railway Hub"}, "geometry": {"type": "Point", "coordinates": [-118.397, 33.7364]}}, {"type": "Feature", "properties": {"name": "Concord Commuter Rail Station", "city": "Concord", "state": "New Hampshire", "type": "Railway Hub"}, "geometry": {"type": "Point", "coordinates": [-71.5239, 43.1977]}}, {"type": "Feature", "properties": {"name": "Apex Transportation Center", "city": "Apex", "state": "North Carolina", "type": "Railway Hub"}, "geometry": {"type": "Point", "coordinates": [-78.877, 35.7192]}}, {"type": "Feature", "properties": {"name": "Midland Train Station", "city": "Midland", "state": "Michigan", "type": "Railway Hub"}, "geometry": {"type": "Point", "coordinates": [-84.2406, 43.6317]}}, {"type": "Feature", "properties": {"name": "Altamonte Springs Transportation Center", "city": "Altamonte Springs", "state": "Florida", "type": "Railway Hub"}, "geometry": {"type": "Point", "coordinates": [-81.3476, 28.6477]}}, {"type": "Feature", "properties": {"name": "Urbandale Metro Station", "city": "Urbandale", "state": "Iowa", "type": "Railway Hub"}, "geometry": {"type": "Point", "coordinates": [-93.7264, 41.6397]}}, {"type": "Feature", "properties": {"name": "Urbana Light Rail Station", "city": "Urbana", "state": "Illinois", "type": "Railway Hub"}, "geometry": {"type": "Point", "coordinates": [-88.2313, 40.1313]}}, {"type": "Feature", "properties": {"name": "Plainfield Transportation Center", "city": "Plainfield", "state": "Illinois", "type": "Railway Hub"}, "geometry": {"type": "Point", "coordinates": [-88.1984, 41.6526]}}, {"type": "Feature", "properties": {"name": "Manassas Metro Station", "city": "Manassas", "state": "Virginia", "type": "Railway Hub"}, "geometry": {"type": "Point", "coordinates": [-77.4426, 38.759]}}, {"type": "Feature", "properties": {"name": "Bartlett Amtrak Station", "city": "Bartlett", "state": "Illinois", "type": "Railway Hub"}, "geometry": {"type": "Point", "coordinates": [-88.2168, 42.0182]}}, {"type": "Feature", "properties": {"name": "Findlay Train Station", "city": "Findlay", "state": "Ohio", "type": "Railway Hub"}, "geometry": {"type": "Point", "coordinates": [-83.6335, 41.0732]}}, {"type": "Feature", "properties": {"name": "Rohnert Park Amtrak Station", "city": "Rohnert Park", "state": "California", "type": "Railway Hub"}, "geometry": {"type": "Point", "coordinates": [-122.6663, 38.3585]}}, {"type": "Feature", "properties": {"name": "Westfield Airport Shuttle Hub", "city": "Westfield", "state": "Massachusetts", "type": "Railway Hub"}, "geometry": {"type": "Point", "coordinates": [-72.7441, 42.1238]}}, {"type": "Feature", "properties": {"name": "Linden Transit Center", "city": "Linden", "state": "New Jersey", "type": "Railway Hub"}, "geometry": {"type": "Point", "coordinates": [-74.2052, 40.603]}}, {"type": "Feature", "properties": {"name": "Sumter Rail Yard", "city": "Sumter", "state": "South Carolina", "type": "Railway Hub"}, "geometry": {"type": "Point", "coordinates": [-80.3027, 33.8923]}}, {"type": "Feature", "properties": {"name": "Woonsocket Airport Shuttle Hub", "city": "Woonsocket", "state": "Rhode Island", "type": "Railway Hub"}, "geometry": {"type": "Point", "coordinates": [-71.4928, 41.9995]}}, {"type": "Feature", "properties": {"name": "Leominster Greyhound Terminal", "city": "Leominster", "state": "Massachusetts", "type": "Railway Hub"}, "geometry": {"type": "Point", "coordinates": [-71.7612, 42.5045]}}, {"type": "Feature", "properties": {"name": "Shelton Bus Rapid Transit Hub", "city": "Shelton", "state": "Connecticut", "type": "Railway Hub"}, "geometry": {"type": "Point", "coordinates": [-73.1283, 41.2935]}}, {"type": "Feature", "properties": {"name": "Covington Train Station", "city": "Covington", "state": "Kentucky", "type": "Railway Hub"}, "geometry": {"type": "Point", "coordinates": [-84.4721, 39.0729]}}, {"type": "Feature", "properties": {"name": "Rockwall Bus Rapid Transit Hub", "city": "Rockwall", "state": "Texas", "type": "Railway Hub"}, "geometry": {"type": "Point", "coordinates": [-96.4969, 32.9588]}}, {"type": "Feature", "properties": {"name": "Riverton Rail Yard", "city": "Riverton", "state": "Utah", "type": "Railway Hub"}, "geometry": {"type": "Point", "coordinates": [-111.9715, 40.5468]}}, {"type": "Feature", "properties": {"name": "Morgan Hill Greyhound Terminal", "city": "Morgan Hill", "state": "California", "type": "Railway Hub"}, "geometry": {"type": "Point", "coordinates": [-121.6815, 37.1245]}}, {"type": "Feature", "properties": {"name": "Edmonds Light Rail Station", "city": "Edmonds", "state": "Washington", "type": "Railway Hub"}, "geometry": {"type": "Point", "coordinates": [-122.3507, 47.7905]}}, {"type": "Feature", "properties": {"name": "Mankato Union Station", "city": "Mankato", "state": "Minnesota", "type": "Railway Hub"}, "geometry": {"type": "Point", "coordinates": [-93.9639, 44.1677]}}, {"type": "Feature", "properties": {"name": "Hagerstown Light Rail Station", "city": "Hagerstown", "state": "Maryland", "type": "Railway Hub"}, "geometry": {"type": "Point", "coordinates": [-77.7585, 39.6128]}}, {"type": "Feature", "properties": {"name": "Prescott Metro Station", "city": "Prescott", "state": "Arizona", "type": "Railway Hub"}, "geometry": {"type": "Point", "coordinates": [-112.4902, 34.5692]}}, {"type": "Feature", "properties": {"name": "Campbell Transit Center", "city": "Campbell", "state": "California", "type": "Railway Hub"}, "geometry": {"type": "Point", "coordinates": [-121.977, 37.2775]}}, {"type": "Feature", "properties": {"name": "Beaumont Greyhound Terminal", "city": "Beaumont", "state": "California", "type": "Railway Hub"}, "geometry": {"type": "Point", "coordinates": [-116.9648, 33.9236]}}, {"type": "Feature", "properties": {"name": "La Puente Rail Yard", "city": "La Puente", "state": "California", "type": "Railway Hub"}, "geometry": {"type": "Point", "coordinates": [-117.9592, 34.0367]}}, {"type": "Feature", "properties": {"name": "Crystal Lake Amtrak Station", "city": "Crystal Lake", "state": "Illinois", "type": "Railway Hub"}, "geometry": {"type": "Point", "coordinates": [-88.31, 42.2365]}}, {"type": "Feature", "properties": {"name": "Fitchburg Metro Station", "city": "Fitchburg", "state": "Massachusetts", "type": "Railway Hub"}, "geometry": {"type": "Point", "coordinates": [-71.7873, 42.5575]}}, {"type": "Feature", "properties": {"name": "Streamwood Rail Yard", "city": "Streamwood", "state": "Illinois", "type": "Railway Hub"}, "geometry": {"type": "Point", "coordinates": [-88.2044, 42.0429]}}, {"type": "Feature", "properties": {"name": "Norwich Train Station", "city": "Norwich", "state": "Connecticut", "type": "Railway Hub"}, "geometry": {"type": "Point", "coordinates": [-72.0615, 41.5041]}}, {"type": "Feature", "properties": {"name": "Coppell Rail Yard", "city": "Coppell", "state": "Texas", "type": "Railway Hub"}, "geometry": {"type": "Point", "coordinates": [-97.0363, 32.9332]}}, {"type": "Feature", "properties": {"name": "San Gabriel Airport Shuttle Hub", "city": "San Gabriel", "state": "California", "type": "Railway Hub"}, "geometry": {"type": "Point", "coordinates": [-118.1404, 34.0675]}}, {"type": "Feature", "properties": {"name": "Holyoke Rail Yard", "city": "Holyoke", "state": "Massachusetts", "type": "Railway Hub"}, "geometry": {"type": "Point", "coordinates": [-72.6279, 42.1832]}}, {"type": "Feature", "properties": {"name": "Bentonville Bus Rapid Transit Hub", "city": "Bentonville", "state": "Arkansas", "type": "Railway Hub"}, "geometry": {"type": "Point", "coordinates": [-94.2367, 36.3904]}}, {"type": "Feature", "properties": {"name": "Florence Metro Station", "city": "Florence", "state": "Alabama", "type": "Railway Hub"}, "geometry": {"type": "Point", "coordinates": [-87.673, 34.7854]}}, {"type": "Feature", "properties": {"name": "Bozeman Light Rail Station", "city": "Bozeman", "state": "Montana", "type": "Railway Hub"}, "geometry": {"type": "Point", "coordinates": [-111.0253, 45.6783]}}, {"type": "Feature", "properties": {"name": "New Berlin Airport Shuttle Hub", "city": "New Berlin", "state": "Wisconsin", "type": "Railway Hub"}, "geometry": {"type": "Point", "coordinates": [-88.0933, 42.963]}}, {"type": "Feature", "properties": {"name": "Goose Creek Train Station", "city": "Goose Creek", "state": "South Carolina", "type": "Railway Hub"}, "geometry": {"type": "Point", "coordinates": [-80.0436, 33.0023]}}, {"type": "Feature", "properties": {"name": "Romeoville Union Station", "city": "Romeoville", "state": "Illinois", "type": "Railway Hub"}, "geometry": {"type": "Point", "coordinates": [-88.0866, 41.6204]}}, {"type": "Feature", "properties": {"name": "Atlantic City Regional Transit Hub", "city": "Atlantic City", "state": "New Jersey", "type": "Railway Hub"}, "geometry": {"type": "Point", "coordinates": [-74.4009, 39.3719]}}, {"type": "Feature", "properties": {"name": "Clovis Airport Shuttle Hub", "city": "Clovis", "state": "New Mexico", "type": "Railway Hub"}, "geometry": {"type": "Point", "coordinates": [-103.2092, 34.4156]}}, {"type": "Feature", "properties": {"name": "The Colony Amtrak Station", "city": "The Colony", "state": "Texas", "type": "Railway Hub"}, "geometry": {"type": "Point", "coordinates": [-96.9191, 33.0691]}}, {"type": "Feature", "properties": {"name": "Culver City Regional Transit Hub", "city": "Culver City", "state": "California", "type": "Railway Hub"}, "geometry": {"type": "Point", "coordinates": [-118.3879, 34.004]}}, {"type": "Feature", "properties": {"name": "Moorhead Bus Rapid Transit Hub", "city": "Moorhead", "state": "Minnesota", "type": "Railway Hub"}, "geometry": {"type": "Point", "coordinates": [-96.7955, 46.878]}}, {"type": "Feature", "properties": {"name": "Calexico Transportation Center", "city": "Calexico", "state": "California", "type": "Railway Hub"}, "geometry": {"type": "Point", "coordinates": [-115.5051, 32.6979]}}, {"type": "Feature", "properties": {"name": "Bullhead City Union Station", "city": "Bullhead City", "state": "Arizona", "type": "Railway Hub"}, "geometry": {"type": "Point", "coordinates": [-114.5226, 35.1294]}}, {"type": "Feature", "properties": {"name": "Germantown Transportation Center", "city": "Germantown", "state": "Tennessee", "type": "Railway Hub"}, "geometry": {"type": "Point", "coordinates": [-89.8211, 35.1029]}}, {"type": "Feature", "properties": {"name": "La Quinta Rail Yard", "city": "La Quinta", "state": "California", "type": "Railway Hub"}, "geometry": {"type": "Point", "coordinates": [-116.2947, 33.6424]}}, {"type": "Feature", "properties": {"name": "Wausau Regional Transit Hub", "city": "Wausau", "state": "Wisconsin", "type": "Railway Hub"}, "geometry": {"type": "Point", "coordinates": [-89.6429, 44.9813]}}, {"type": "Feature", "properties": {"name": "Sherman Intermodal Hub", "city": "Sherman", "state": "Texas", "type": "Railway Hub"}, "geometry": {"type": "Point", "coordinates": [-96.5872, 33.637]}}, {"type": "Feature", "properties": {"name": "Shakopee Greyhound Terminal", "city": "Shakopee", "state": "Minnesota", "type": "Railway Hub"}, "geometry": {"type": "Point", "coordinates": [-93.5576, 44.8135]}}, {"type": "Feature", "properties": {"name": "Woburn Transportation Center", "city": "Woburn", "state": "Massachusetts", "type": "Railway Hub"}, "geometry": {"type": "Point", "coordinates": [-71.1539, 42.4799]}}, {"type": "Feature", "properties": {"name": "Bremerton Rail Yard", "city": "Bremerton", "state": "Washington", "type": "Railway Hub"}, "geometry": {"type": "Point", "coordinates": [-122.6421, 47.5964]}}, {"type": "Feature", "properties": {"name": "Rock Island Bus Rapid Transit Hub", "city": "Rock Island", "state": "Illinois", "type": "Railway Hub"}, "geometry": {"type": "Point", "coordinates": [-90.5521, 41.5375]}}, {"type": "Feature", "properties": {"name": "Muskogee Bus Terminal", "city": "Muskogee", "state": "Oklahoma", "type": "Railway Hub"}, "geometry": {"type": "Point", "coordinates": [-95.3292, 35.7276]}}, {"type": "Feature", "properties": {"name": "Annapolis Metro Station", "city": "Annapolis", "state": "Maryland", "type": "Railway Hub"}, "geometry": {"type": "Point", "coordinates": [-76.5319, 38.9713]}}, {"type": "Feature", "properties": {"name": "Ormond Beach Bus Rapid Transit Hub", "city": "Ormond Beach", "state": "Florida", "type": "Railway Hub"}, "geometry": {"type": "Point", "coordinates": [-81.0791, 29.2724]}}, {"type": "Feature", "properties": {"name": "Hallandale Beach Airport Shuttle Hub", "city": "Hallandale Beach", "state": "Florida", "type": "Railway Hub"}, "geometry": {"type": "Point", "coordinates": [-80.1892, 25.9712]}}, {"type": "Feature", "properties": {"name": "Puyallup Amtrak Station", "city": "Puyallup", "state": "Washington", "type": "Railway Hub"}, "geometry": {"type": "Point", "coordinates": [-122.3133, 47.1917]}}, {"type": "Feature", "properties": {"name": "Hanover Park Rail Yard", "city": "Hanover Park", "state": "Illinois", "type": "Railway Hub"}, "geometry": {"type": "Point", "coordinates": [-88.1538, 42.0172]}}, {"type": "Feature", "properties": {"name": "Lima Regional Transit Hub", "city": "Lima", "state": "Ohio", "type": "Railway Hub"}, "geometry": {"type": "Point", "coordinates": [-84.0858, 40.7274]}}, {"type": "Feature", "properties": {"name": "Oakley Regional Transit Hub", "city": "Oakley", "state": "California", "type": "Railway Hub"}, "geometry": {"type": "Point", "coordinates": [-121.6891, 37.9781]}}, {"type": "Feature", "properties": {"name": "Huber Heights Bus Rapid Transit Hub", "city": "Huber Heights", "state": "Ohio", "type": "Railway Hub"}, "geometry": {"type": "Point", "coordinates": [-84.1391, 39.8471]}}, {"type": "Feature", "properties": {"name": "Lancaster Intermodal Hub", "city": "Lancaster", "state": "Texas", "type": "Railway Hub"}, "geometry": {"type": "Point", "coordinates": [-96.7909, 32.5699]}}, {"type": "Feature", "properties": {"name": "Wheeling Transit Center", "city": "Wheeling", "state": "Illinois", "type": "Railway Hub"}, "geometry": {"type": "Point", "coordinates": [-87.9303, 42.1297]}}, {"type": "Feature", "properties": {"name": "Roy Union Station", "city": "Roy", "state": "Utah", "type": "Railway Hub"}, "geometry": {"type": "Point", "coordinates": [-112.0174, 41.191]}}, {"type": "Feature", "properties": {"name": "Friendswood Amtrak Station", "city": "Friendswood", "state": "Texas", "type": "Railway Hub"}, "geometry": {"type": "Point", "coordinates": [-95.2343, 29.5073]}}, {"type": "Feature", "properties": {"name": "Northglenn Transit Center", "city": "Northglenn", "state": "Colorado", "type": "Railway Hub"}, "geometry": {"type": "Point", "coordinates": [-105.0157, 39.9043]}}, {"type": "Feature", "properties": {"name": "Grove City Transportation Center", "city": "Grove City", "state": "Ohio", "type": "Railway Hub"}, "geometry": {"type": "Point", "coordinates": [-83.0633, 39.91]}}, {"type": "Feature", "properties": {"name": "Texarkana Greyhound Terminal", "city": "Texarkana", "state": "Texas", "type": "Railway Hub"}, "geometry": {"type": "Point", "coordinates": [-94.0235, 33.4094]}}, {"type": "Feature", "properties": {"name": "Addison Commuter Rail Station", "city": "Addison", "state": "Illinois", "type": "Railway Hub"}, "geometry": {"type": "Point", "coordinates": [-88.0127, 41.9418]}}, {"type": "Feature", "properties": {"name": "Dover Greyhound Terminal", "city": "Dover", "state": "Delaware", "type": "Railway Hub"}, "geometry": {"type": "Point", "coordinates": [-75.5152, 39.1318]}}, {"type": "Feature", "properties": {"name": "Lincoln Park Bus Terminal", "city": "Lincoln Park", "state": "Michigan", "type": "Railway Hub"}, "geometry": {"type": "Point", "coordinates": [-83.174, 42.2517]}}, {"type": "Feature", "properties": {"name": "Muskegon Regional Transit Hub", "city": "Muskegon", "state": "Michigan", "type": "Railway Hub"}, "geometry": {"type": "Point", "coordinates": [-86.2251, 43.2222]}}, {"type": "Feature", "properties": {"name": "Aventura Transportation Center", "city": "Aventura", "state": "Florida", "type": "Railway Hub"}, "geometry": {"type": "Point", "coordinates": [-80.1353, 25.9316]}}, {"type": "Feature", "properties": {"name": "Martinez Commuter Rail Station", "city": "Martinez", "state": "California", "type": "Railway Hub"}, "geometry": {"type": "Point", "coordinates": [-122.1606, 38.012]}}, {"type": "Feature", "properties": {"name": "Greenfield Light Rail Station", "city": "Greenfield", "state": "Wisconsin", "type": "Railway Hub"}, "geometry": {"type": "Point", "coordinates": [-88.0195, 42.9338]}}, {"type": "Feature", "properties": {"name": "Weslaco Amtrak Station", "city": "Weslaco", "state": "Texas", "type": "Railway Hub"}, "geometry": {"type": "Point", "coordinates": [-98.0097, 26.1567]}}, {"type": "Feature", "properties": {"name": "Spanish Fork Light Rail Station", "city": "Spanish Fork", "state": "Utah", "type": "Railway Hub"}, "geometry": {"type": "Point", "coordinates": [-111.6595, 40.1234]}}, {"type": "Feature", "properties": {"name": "Beloit Metro Station", "city": "Beloit", "state": "Wisconsin", "type": "Railway Hub"}, "geometry": {"type": "Point", "coordinates": [-89.029, 42.4806]}}, {"type": "Feature", "properties": {"name": "Panama City Greyhound Terminal", "city": "Panama City", "state": "Florida", "type": "Railway Hub"}, "geometry": {"type": "Point", "coordinates": [-85.6844, 30.1885]}}]}