{"type":"FeatureCollection","features":[{"type":"Feature","geometry":{"type":"Point","coordinates":[-86.968804102068,34.804170189636]},"properties":{"id":"12954","name":"Athens - Athens State University","propertyType":"PSI Authorized","category":"3P","address":"161 North Clinton Street, Chasteen Hall","city":"Athens","state":"Alabama","zip":"35611","country":"USA","geocodeSource":"census","scoreBucket":2,"scoreRaw":16,"seats":7,"cdVolume":504,"avgMonthlyVol":42,"zdTicketRate":0.1171,"dispRate":0.0079,"reschdRate":0.0079,"dmaRegion":"HUNTSVILLE - DECATUR (FLOR)","leaseAction":null,"leaseStatus":null,"daysRemaining":null,"leaseUtilization":null,"monthlyRevenue":null,"contractFlag":null,"recommendedAction":null,"licensureNote":null,"opsNotes":null,"leaseExpiry":null,"criticalOptimus":false}},{"type":"Feature","geometry":{"type":"Point","coordinates":[-86.888448112134,33.449416689664]},"properties":{"id":"5188","name":"Birmingham - Lawson State Community College","propertyType":"PSI Authorized","category":"3P","address":"3060 Wilson Rd SW, West Campus - ACATT Bldg - Suite 152","city":"Birmingham","state":"Alabama","zip":"35221","country":"USA","geocodeSource":"census","scoreBucket":1,"scoreRaw":11,"seats":8,"cdVolume":918,"avgMonthlyVol":76.5,"zdTicketRate":0.1852,"dispRate":0,"reschdRate":0.0523,"dmaRegion":"BIRMINGHAM (ANN & TUSC)","leaseAction":null,"leaseStatus":null,"daysRemaining":null,"leaseUtilization":null,"monthlyRevenue":null,"contractFlag":null,"recommendedAction":null,"licensureNote":null,"opsNotes":null,"leaseExpiry":null,"criticalOptimus":false}},{"type":"Feature","geometry":{"type":"Point","coordinates":[-87.052332487929,34.615782784744]},"properties":{"id":"6184","name":"Decatur - Tennessee Valley Training Center","propertyType":"MG TESTING","category":"3P","address":"115 Woodall Rd","city":"Decatur","state":"Alabama","zip":"35601","country":"USA","geocodeSource":"census","scoreBucket":3,"scoreRaw":19,"seats":10,"cdVolume":1035,"avgMonthlyVol":86.2,"zdTicketRate":0.0638,"dispRate":0.0039,"reschdRate":0.0048,"dmaRegion":"HUNTSVILLE - DECATUR (FLOR)","leaseAction":null,"leaseStatus":null,"daysRemaining":null,"leaseUtilization":null,"monthlyRevenue":null,"contractFlag":null,"recommendedAction":null,"licensureNote":null,"opsNotes":null,"leaseExpiry":null,"criticalOptimus":false}},{"type":"Feature","geometry":{"type":"Point","coordinates":[-85.429334890919,31.253221247529]},"properties":{"id":"6598","name":"Dothan - A+ Academic Services","propertyType":"PSI Authorized","category":"3P","address":"3245 Montgomery Hwy, Dogwood Court, Suite 7","city":"Dothan","state":"Alabama","zip":"36303","country":"USA","geocodeSource":"census","scoreBucket":3,"scoreRaw":18,"seats":6,"cdVolume":1112,"avgMonthlyVol":92.7,"zdTicketRate":0.0809,"dispRate":0.0108,"reschdRate":0.0009,"dmaRegion":"DOTHAN","leaseAction":null,"leaseStatus":null,"daysRemaining":null,"leaseUtilization":null,"monthlyRevenue":null,"contractFlag":null,"recommendedAction":null,"licensureNote":null,"opsNotes":null,"leaseExpiry":null,"criticalOptimus":false}},{"type":"Feature","geometry":{"type":"Point","coordinates":[-86.656630090559,34.743245741073]},"properties":{"id":"41","name":"HUNTSVILLE","propertyType":"PSI Owned","category":"OO","address":"4900 University Square, Suite 4","city":"Huntsville","state":"Alabama","zip":"35816","country":"USA","geocodeSource":"census","scoreBucket":3,"scoreRaw":19,"seats":9,"cdVolume":4960,"avgMonthlyVol":413.3,"zdTicketRate":0.1026,"dispRate":0.0095,"reschdRate":0.0004,"dmaRegion":"HUNTSVILLE - DECATUR (FLOR)","optimusScore":0.669,"optimusTier":"C","fy25Volume":2541,"fy25Utilization":0.565,"priority":null,"quickWins":"Repair facade damage, repaint, replace broken doors, improve entrance appearance; Clean floors, repair walls, replace broken furniture, improve lighting; Remove personal items, organize desk, update signage, clear walkways; Replace broken furniture, organize cables, improve lighting, reduce noise; D","leaseAction":null,"leaseStatus":null,"daysRemaining":null,"leaseUtilization":null,"monthlyRevenue":null,"contractFlag":null,"recommendedAction":null,"licensureNote":null,"opsNotes":null,"leaseExpiry":null,"osDate":"2025-09-27","oc01":0.75,"oc02":0.65,"oc03":0.7,"oc04":0.85,"oc05":0.9,"oc06":0.85,"oc07":0.45,"oc08":0.85,"oc09":null,"adaFlag":true,"brandingFlag":false,"criticalOptimus":false}},{"type":"Feature","geometry":{"type":"Point","coordinates":[-88.18102688841,30.675879413023]},"properties":{"id":"42","name":"MOBILE","propertyType":"PSI Owned","category":"OO","address":"Dorsey Center, 6051-B Airport Blvd.","city":"Mobile","state":"Alabama","zip":"36608","country":"USA","geocodeSource":"census","scoreBucket":4,"scoreRaw":20,"seats":13,"cdVolume":5373,"avgMonthlyVol":447.8,"zdTicketRate":0.0631,"dispRate":0.013,"reschdRate":0.0019,"dmaRegion":"MOBILE - PENSACOLA (FT WALT)","optimusScore":0.527,"optimusTier":"C","fy25Volume":2436,"fy25Utilization":0.572,"priority":"Y","quickWins":"Repair facade damage, repaint, replace broken doors, improve entrance appearance; Clean floors, repair walls, replace broken furniture, improve lighting; Remove personal items, organize desk, update signage, clear walkways; Replace broken furniture, organize cables, improve lighting, reduce noise; D","leaseAction":"Relocate","leaseStatus":"EXPIRED","daysRemaining":-1305,"leaseUtilization":0.57,"monthlyRevenue":82353,"contractFlag":false,"recommendedAction":"Relo 2026 — no ADA, pest/plumbing history, area concerns","licensureNote":"No contract data","opsNotes":"High priority — landlord and condition","leaseExpiry":"10-31-2022","osDate":"2025-09-16","oc01":0.85,"oc02":0.55,"oc03":0.434,"oc04":0.8,"oc05":0.65,"oc06":0.85,"oc07":0.55,"oc08":0.85,"oc09":null,"adaFlag":true,"brandingFlag":false,"criticalOptimus":false}},{"type":"Feature","geometry":{"type":"Point","coordinates":[-88.119520745846,30.667123336879]},"properties":{"id":"6187","name":"Mobile - Tennessee Valley Trng Center","propertyType":"MG TESTING","category":"3P","address":"3100 Cottage Hill Rd. Suite 112","city":"Mobile","state":"Alabama","zip":"36606","country":"USA","geocodeSource":"census","scoreBucket":4,"scoreRaw":20,"seats":18,"cdVolume":1728,"avgMonthlyVol":144,"zdTicketRate":0.0619,"dispRate":0.0035,"reschdRate":0.0006,"dmaRegion":"MOBILE - PENSACOLA (FT WALT)","leaseAction":null,"leaseStatus":null,"daysRemaining":null,"leaseUtilization":null,"monthlyRevenue":null,"contractFlag":null,"recommendedAction":null,"licensureNote":null,"opsNotes":null,"leaseExpiry":null,"criticalOptimus":false}},{"type":"Feature","geometry":{"type":"Point","coordinates":[-86.243159114346,32.362067506677]},"properties":{"id":"53","name":"MONTGOMERY","propertyType":"PSI Owned","category":"OO","address":"500 Interstate Park Dr, Suite 530","city":"Montgomery","state":"Alabama","zip":"36109","country":"USA","geocodeSource":"census","scoreBucket":3,"scoreRaw":18,"seats":9,"cdVolume":4182,"avgMonthlyVol":348.5,"zdTicketRate":0.0516,"dispRate":0.0105,"reschdRate":0.0139,"dmaRegion":"MONTGOMERY (SELMA)","optimusScore":0.61,"optimusTier":"C","fy25Volume":2027,"fy25Utilization":0.461,"priority":null,"quickWins":"Repair facade damage, repaint, replace broken doors, improve entrance appearance; Clean floors, repair walls, replace broken furniture, improve lighting; Remove personal items, organize desk, update signage, clear walkways; Replace broken furniture, organize cables, improve lighting, reduce noise; D","leaseAction":null,"leaseStatus":null,"daysRemaining":null,"leaseUtilization":null,"monthlyRevenue":null,"contractFlag":null,"recommendedAction":null,"licensureNote":null,"opsNotes":null,"leaseExpiry":null,"osDate":"2025-09-16","oc01":0.8,"oc02":0.45,"oc03":0.634,"oc04":0.85,"oc05":0.65,"oc06":0.8,"oc07":0.85,"oc08":0.65,"oc09":null,"adaFlag":false,"brandingFlag":true,"criticalOptimus":false}},{"type":"Feature","geometry":{"type":"Point","coordinates":[-86.797146114494,33.41701523762]},"properties":{"id":"9655","name":"BIRMINGHAM (Suite 100)","propertyType":"PSI Owned","category":"OO","address":"100 Centerview Dr., Suite 100","city":"Vestavia Hills","state":"Alabama","zip":"35216","country":"USA","geocodeSource":"census","scoreBucket":4,"scoreRaw":21,"seats":17,"cdVolume":9489,"avgMonthlyVol":790.8,"zdTicketRate":0.0565,"dispRate":0.0051,"reschdRate":0,"dmaRegion":"BIRMINGHAM (ANN & TUSC)","optimusScore":0.58,"optimusTier":"C","fy25Volume":4910,"fy25Utilization":0.707,"priority":null,"quickWins":"Repair facade damage, repaint, replace broken doors, improve entrance appearance; Clean floors, repair walls, replace broken furniture, improve lighting; Remove personal items, organize desk, update signage, clear walkways; Replace broken furniture, organize cables, improve lighting, reduce noise; D","leaseAction":"Renew","leaseStatus":"Expiring 2026","daysRemaining":186,"leaseUtilization":0.71,"monthlyRevenue":182478,"contractFlag":false,"recommendedAction":"63.1% util, 4-day schedule — expand to 6 days","licensureNote":"No contract data","opsNotes":null,"leaseExpiry":"11-30-2026","osDate":"2025-10-02","oc01":0.85,"oc02":0.6,"oc03":0.634,"oc04":0.65,"oc05":0.85,"oc06":0.65,"oc07":0.75,"oc08":0.75,"oc09":null,"adaFlag":false,"brandingFlag":false,"criticalOptimus":false}},{"type":"Feature","geometry":{"type":"Point","coordinates":[-149.818779823501,61.189903643119]},"properties":{"id":"5706","name":"Anchorage - University of Alaska","propertyType":"PSI Authorized","category":"3P","address":"3211 Providence Drive, UAA/APU Consortium Library, Suite 215","city":"Anchorage","state":"Alaska","zip":"99508","country":"USA","geocodeSource":"census","scoreBucket":2,"scoreRaw":14,"seats":10,"cdVolume":1627,"avgMonthlyVol":135.6,"zdTicketRate":0.094,"dispRate":0.0025,"reschdRate":0.0479,"dmaRegion":"ANCHORAGE","leaseAction":null,"leaseStatus":null,"daysRemaining":null,"leaseUtilization":null,"monthlyRevenue":null,"contractFlag":null,"recommendedAction":null,"licensureNote":null,"opsNotes":null,"leaseExpiry":null,"criticalOptimus":false}},{"type":"Feature","geometry":{"type":"Point","coordinates":[-151.531775104988,59.64755047937]},"properties":{"id":"13473","name":"Homer - Kenai Peninsula College Kachemak Bay Campus","propertyType":"PSI Authorized","category":"3P","address":"533 East Pioneer Avenue","city":"Homer","state":"Alaska","zip":"99603","country":"USA","geocodeSource":"census","scoreBucket":2,"scoreRaw":16,"seats":null,"cdVolume":7,"avgMonthlyVol":1.4,"zdTicketRate":3.1429,"dispRate":0,"reschdRate":0,"dmaRegion":"ANCHORAGE","leaseAction":null,"leaseStatus":null,"daysRemaining":null,"leaseUtilization":null,"monthlyRevenue":null,"contractFlag":null,"recommendedAction":null,"licensureNote":null,"opsNotes":null,"leaseExpiry":null,"criticalOptimus":false}},{"type":"Feature","geometry":{"type":"Point","coordinates":[-134.636763664844,58.383606415087]},"properties":{"id":"5691","name":"Juneau - University of Alaska SE Learning Center","propertyType":"PSI Authorized","category":"3P","address":"11066 Auke Lake Way, Egan Library 101","city":"Juneau","state":"Alaska","zip":"99801","country":"USA","geocodeSource":"census","scoreBucket":3,"scoreRaw":17,"seats":6,"cdVolume":103,"avgMonthlyVol":8.6,"zdTicketRate":0.1942,"dispRate":0.0194,"reschdRate":0,"dmaRegion":"JUNEAU","leaseAction":null,"leaseStatus":null,"daysRemaining":null,"leaseUtilization":null,"monthlyRevenue":null,"contractFlag":null,"recommendedAction":null,"licensureNote":null,"opsNotes":null,"leaseExpiry":null,"criticalOptimus":false}},{"type":"Feature","geometry":{"type":"Point","coordinates":[-131.677201043611,55.355020658628]},"properties":{"id":"5195","name":"Ketchikan - University of Alaska Southeast","propertyType":"PSI Authorized","category":"3P","address":"2600 7th Ave. Paul Bldg RM 101, Ketchikan Campus","city":"Ketchikan","state":"Alaska","zip":"99901","country":"USA","geocodeSource":"census","scoreBucket":2,"scoreRaw":14,"seats":3,"cdVolume":83,"avgMonthlyVol":6.9,"zdTicketRate":1.6386,"dispRate":0,"reschdRate":0.0361,"dmaRegion":"#N/A","leaseAction":null,"leaseStatus":null,"daysRemaining":null,"leaseUtilization":null,"monthlyRevenue":null,"contractFlag":null,"recommendedAction":null,"licensureNote":null,"opsNotes":null,"leaseExpiry":null,"criticalOptimus":false}},{"type":"Feature","geometry":{"type":"Point","coordinates":[-135.368266821843,57.055270089394]},"properties":{"id":"11597","name":"Sitka - University of Alaska Southeast","propertyType":"PSI Authorized","category":"3P","address":"1332 Seward Avenue, Mount Edgecumbe Campus","city":"Sitka","state":"Alaska","zip":"99835","country":"USA","geocodeSource":"census","scoreBucket":2,"scoreRaw":16,"seats":11,"cdVolume":21,"avgMonthlyVol":2.1,"zdTicketRate":1.3333,"dispRate":0,"reschdRate":0,"dmaRegion":"#N/A","leaseAction":null,"leaseStatus":null,"daysRemaining":null,"leaseUtilization":null,"monthlyRevenue":null,"contractFlag":null,"recommendedAction":null,"licensureNote":null,"opsNotes":null,"leaseExpiry":null,"criticalOptimus":false}},{"type":"Feature","geometry":{"type":"Point","coordinates":[-151.140546072644,60.481469616701]},"properties":{"id":"17517","name":"Soldotna - Kenai Peninsula College - Kenai River Campus","propertyType":"PSI Authorized","category":"3P","address":"156 College Road","city":"Soldotna","state":"Alaska","zip":"99669","country":"USA","geocodeSource":"census","scoreBucket":3,"scoreRaw":18,"seats":null,"cdVolume":7,"avgMonthlyVol":1.8,"zdTicketRate":0,"dispRate":0,"reschdRate":0,"dmaRegion":null,"leaseAction":null,"leaseStatus":null,"daysRemaining":null,"leaseUtilization":null,"monthlyRevenue":null,"contractFlag":null,"recommendedAction":null,"licensureNote":null,"opsNotes":null,"leaseExpiry":null,"criticalOptimus":false}},{"type":"Feature","geometry":{"type":"Point","coordinates":[-111.654432104285,35.177027795462]},"properties":{"id":"5592","name":"Flagstaff - Northern AZ University Testing Center","propertyType":"PSI Authorized","category":"3P","address":"306 E. Pine Knoll Drive, Du Bois Building 64, Room 140","city":"Flagstaff","state":"Arizona","zip":"86011","country":"USA","geocodeSource":"census","scoreBucket":3,"scoreRaw":18,"seats":4,"cdVolume":1252,"avgMonthlyVol":104.3,"zdTicketRate":0.0367,"dispRate":0.0008,"reschdRate":0.0144,"dmaRegion":"PHOENIX (PRESCOTT)","leaseAction":null,"leaseStatus":null,"daysRemaining":null,"leaseUtilization":null,"monthlyRevenue":null,"contractFlag":null,"recommendedAction":null,"licensureNote":null,"opsNotes":null,"leaseExpiry":null,"criticalOptimus":false}},{"type":"Feature","geometry":{"type":"Point","coordinates":[-112.031276349527,33.480251789924]},"properties":{"id":"13305","name":"Phoenix - Innovative Minds","propertyType":"PSI Authorized","category":"3P","address":"2345 E. Thomas Rd., Suite 385","city":"Phoenix","state":"Arizona","zip":"85016","country":"USA","geocodeSource":"census","scoreBucket":3,"scoreRaw":17,"seats":15,"cdVolume":11614,"avgMonthlyVol":967.8,"zdTicketRate":0.0553,"dispRate":0.003,"reschdRate":0.0295,"dmaRegion":"PHOENIX (PRESCOTT)","leaseAction":null,"leaseStatus":null,"daysRemaining":null,"leaseUtilization":null,"monthlyRevenue":null,"contractFlag":null,"recommendedAction":null,"licensureNote":null,"opsNotes":null,"leaseExpiry":null,"criticalOptimus":false}},{"type":"Feature","geometry":{"type":"Point","coordinates":[-111.635286,33.2511857]},"properties":{"id":"6428","name":"Queen Creek - Rio Salado Community College at Queen Creek","propertyType":"TD TESTING","category":"3P","address":"21740 S Ellsworth Rd","city":"Queen Creek","state":"Arizona","zip":"85142","country":"USA","geocodeSource":"nominatim","scoreBucket":3,"scoreRaw":18,"seats":6,"cdVolume":993,"avgMonthlyVol":82.8,"zdTicketRate":0.0413,"dispRate":0.0121,"reschdRate":0.006,"dmaRegion":null,"leaseAction":null,"leaseStatus":null,"daysRemaining":null,"leaseUtilization":null,"monthlyRevenue":null,"contractFlag":null,"recommendedAction":null,"licensureNote":null,"opsNotes":null,"leaseExpiry":null,"criticalOptimus":false}},{"type":"Feature","geometry":{"type":"Point","coordinates":[-110.031989512301,34.25086685216]},"properties":{"id":"11798","name":"Show Low - City of Show Low Library","propertyType":"PSI Authorized","category":"3P","address":"181 N. 9th St.","city":"Show Low","state":"Arizona","zip":"85901","country":"USA","geocodeSource":"census","scoreBucket":2,"scoreRaw":13,"seats":8,"cdVolume":179,"avgMonthlyVol":14.9,"zdTicketRate":0.2179,"dispRate":0.0223,"reschdRate":0.0168,"dmaRegion":"PHOENIX (PRESCOTT)","leaseAction":null,"leaseStatus":null,"daysRemaining":null,"leaseUtilization":null,"monthlyRevenue":null,"contractFlag":null,"recommendedAction":null,"licensureNote":null,"opsNotes":null,"leaseExpiry":null,"criticalOptimus":false}},{"type":"Feature","geometry":{"type":"Point","coordinates":[-114.670570009197,32.596818676238]},"properties":{"id":"6674","name":"Somerton - McDermott's Lets Fly LLC","propertyType":"PSI Authorized","category":"3P","address":"3900 US Hwy 95","city":"Somerton","state":"Arizona","zip":"85350","country":"USA","geocodeSource":"census","scoreBucket":2,"scoreRaw":15,"seats":4,"cdVolume":442,"avgMonthlyVol":36.8,"zdTicketRate":0.1244,"dispRate":0.0475,"reschdRate":0.0023,"dmaRegion":"YUMA - EL CENTRO","leaseAction":null,"leaseStatus":null,"daysRemaining":null,"leaseUtilization":null,"monthlyRevenue":null,"contractFlag":null,"recommendedAction":null,"licensureNote":null,"opsNotes":null,"leaseExpiry":null,"criticalOptimus":false}},{"type":"Feature","geometry":{"type":"Point","coordinates":[-112.330081752972,33.637334861073]},"properties":{"id":"6427","name":"Surprise - Rio Salado Lifelong Learning Center","propertyType":"TD TESTING","category":"3P","address":"12535 W Smokey Drive","city":"Surprise","state":"Arizona","zip":"85378","country":"USA","geocodeSource":"census","scoreBucket":3,"scoreRaw":17,"seats":6,"cdVolume":710,"avgMonthlyVol":59.2,"zdTicketRate":0.107,"dispRate":0,"reschdRate":0.0056,"dmaRegion":null,"leaseAction":null,"leaseStatus":null,"daysRemaining":null,"leaseUtilization":null,"monthlyRevenue":null,"contractFlag":null,"recommendedAction":null,"licensureNote":null,"opsNotes":null,"leaseExpiry":null,"criticalOptimus":false}},{"type":"Feature","geometry":{"type":"Point","coordinates":[-111.940218588298,33.378289181263]},"properties":{"id":"13304","name":"Tempe - Innovative Minds","propertyType":"PSI Authorized","category":"3P","address":"40 W. Baseline Rd, Suite 221","city":"Tempe","state":"Arizona","zip":"85283","country":"USA","geocodeSource":"census","scoreBucket":4,"scoreRaw":20,"seats":11,"cdVolume":10104,"avgMonthlyVol":842,"zdTicketRate":0.0663,"dispRate":0.0197,"reschdRate":0.0118,"dmaRegion":"PHOENIX (PRESCOTT)","leaseAction":null,"leaseStatus":null,"daysRemaining":null,"leaseUtilization":null,"monthlyRevenue":null,"contractFlag":null,"recommendedAction":null,"licensureNote":null,"opsNotes":null,"leaseExpiry":null,"criticalOptimus":false}},{"type":"Feature","geometry":{"type":"Point","coordinates":[-110.880444026233,32.217881800667]},"properties":{"id":"13273","name":"Tucson - Innovative Minds","propertyType":"PSI Authorized","category":"3P","address":"310 S. Williams Blvd, Suite 176","city":"Tucson","state":"Arizona","zip":"85711","country":"USA","geocodeSource":"census","scoreBucket":4,"scoreRaw":20,"seats":11,"cdVolume":4751,"avgMonthlyVol":395.9,"zdTicketRate":0.0619,"dispRate":0.0114,"reschdRate":0.0008,"dmaRegion":"TUCSON (SIERRA VISTA)","leaseAction":null,"leaseStatus":null,"daysRemaining":null,"leaseUtilization":null,"monthlyRevenue":null,"contractFlag":null,"recommendedAction":null,"licensureNote":null,"opsNotes":null,"leaseExpiry":null,"criticalOptimus":false}},{"type":"Feature","geometry":{"type":"Point","coordinates":[-114.4957002,32.688578]},"properties":{"id":"18366","name":"Yuma - Arizona Western College","propertyType":"PSI Authorized","category":"3P","address":"2020 S Avenue 8 E.","city":"Yuma","state":"Arizona","zip":"85365","country":"USA","geocodeSource":"nominatim","seats":null,"scoreRaw":null,"scoreBucket":null,"avgMonthlyVol":null,"cdVolume":null,"reschdRate":null,"dispRate":null,"zdTicketRate":null,"dmaRegion":null,"leaseAction":null,"leaseStatus":null,"daysRemaining":null,"leaseUtilization":null,"monthlyRevenue":null,"contractFlag":null,"recommendedAction":null,"licensureNote":null,"opsNotes":null,"leaseExpiry":null,"criticalOptimus":false}},{"type":"Feature","geometry":{"type":"Point","coordinates":[-94.222076389366,36.35045766019]},"properties":{"id":"5203","name":"Bentonville - Legends Air Center","propertyType":"PSI Authorized","category":"3P","address":"2205 SW I St, at Thaden Fieldhouse","city":"Bentonville","state":"Arkansas","zip":"72712","country":"USA","geocodeSource":"census","scoreBucket":4,"scoreRaw":20,"seats":3,"cdVolume":1302,"avgMonthlyVol":108.5,"zdTicketRate":0.0776,"dispRate":0.0061,"reschdRate":0.0015,"dmaRegion":"FT. SMITH - FAY - SPRNGDL - RGRS","leaseAction":null,"leaseStatus":null,"daysRemaining":null,"leaseUtilization":null,"monthlyRevenue":null,"contractFlag":null,"recommendedAction":null,"licensureNote":null,"opsNotes":null,"leaseExpiry":null,"criticalOptimus":false}},{"type":"Feature","geometry":{"type":"Point","coordinates":[-92.411730819241,35.092290553661]},"properties":{"id":"13116","name":"Conway - Get Smart Testing Center","propertyType":"PSI Authorized","category":"3P","address":"1060 Pat's Lane, Suite 1","city":"Conway","state":"Arkansas","zip":"72032","country":"USA","geocodeSource":"census","scoreBucket":3,"scoreRaw":18,"seats":7,"cdVolume":2057,"avgMonthlyVol":171.4,"zdTicketRate":0.1877,"dispRate":0.001,"reschdRate":0.0097,"dmaRegion":"LITTLE ROCK - PINE BLUFF","leaseAction":null,"leaseStatus":null,"daysRemaining":null,"leaseUtilization":null,"monthlyRevenue":null,"contractFlag":null,"recommendedAction":null,"licensureNote":null,"opsNotes":null,"leaseExpiry":null,"criticalOptimus":false}},{"type":"Feature","geometry":{"type":"Point","coordinates":[-94.180287059353,36.063846339276]},"properties":{"id":"11356","name":"Fayetteville - University of Arkansas Testing Services","propertyType":"PSI Authorized","category":"3P","address":"97 N. Razorback Road, 1 University of Arkansas","city":"Fayetteville","state":"Arkansas","zip":"72701","country":"USA","geocodeSource":"census","scoreBucket":3,"scoreRaw":18,"seats":8,"cdVolume":2157,"avgMonthlyVol":179.8,"zdTicketRate":0.0496,"dispRate":0.0121,"reschdRate":0.0079,"dmaRegion":"FT. SMITH - FAY - SPRNGDL - RGRS","leaseAction":null,"leaseStatus":null,"daysRemaining":null,"leaseUtilization":null,"monthlyRevenue":null,"contractFlag":null,"recommendedAction":null,"licensureNote":null,"opsNotes":null,"leaseExpiry":null,"criticalOptimus":false}},{"type":"Feature","geometry":{"type":"Point","coordinates":[-94.146489719465,36.106140015336]},"properties":{"id":"11774","name":"Fayetteville AR - HRB","propertyType":"PSI Authorized","category":"3P","address":"3015 North College Avenue","city":"Fayetteville","state":"Arkansas","zip":"72703","country":"USA","geocodeSource":"census","scoreBucket":3,"scoreRaw":18,"seats":3,"cdVolume":2680,"avgMonthlyVol":223.3,"zdTicketRate":0.0422,"dispRate":0.0082,"reschdRate":0.0194,"dmaRegion":"FT. SMITH - FAY - SPRNGDL - RGRS","leaseAction":null,"leaseStatus":null,"daysRemaining":null,"leaseUtilization":null,"monthlyRevenue":null,"contractFlag":null,"recommendedAction":null,"licensureNote":null,"opsNotes":null,"leaseExpiry":null,"criticalOptimus":false}},{"type":"Feature","geometry":{"type":"Point","coordinates":[-94.411633089843,35.379017012894]},"properties":{"id":"11886","name":"Fort Smith - Adult Education Center","propertyType":"PSI Authorized","category":"3P","address":"501 South 20th St","city":"Fort Smith","state":"Arkansas","zip":"72901","country":"USA","geocodeSource":"census","scoreBucket":2,"scoreRaw":14,"seats":3,"cdVolume":1263,"avgMonthlyVol":105.2,"zdTicketRate":0.0388,"dispRate":0.0507,"reschdRate":0.0633,"dmaRegion":"FT. SMITH - FAY - SPRNGDL - RGRS","leaseAction":null,"leaseStatus":null,"daysRemaining":null,"leaseUtilization":null,"monthlyRevenue":null,"contractFlag":null,"recommendedAction":null,"licensureNote":null,"opsNotes":null,"leaseExpiry":null,"criticalOptimus":false}},{"type":"Feature","geometry":{"type":"Point","coordinates":[-90.669232943295,35.794589706585]},"properties":{"id":"12040","name":"Jonesboro - NEA Testing Center","propertyType":"PSI Authorized","category":"3P","address":"3014 Turman Drive, Suite F","city":"Jonesboro","state":"Arkansas","zip":"72404","country":"USA","geocodeSource":"census","scoreBucket":3,"scoreRaw":18,"seats":10,"cdVolume":2211,"avgMonthlyVol":184.2,"zdTicketRate":0.0927,"dispRate":0.0077,"reschdRate":0.0149,"dmaRegion":"JONESBORO","leaseAction":null,"leaseStatus":null,"daysRemaining":null,"leaseUtilization":null,"monthlyRevenue":null,"contractFlag":null,"recommendedAction":null,"licensureNote":null,"opsNotes":null,"leaseExpiry":null,"criticalOptimus":false}},{"type":"Feature","geometry":{"type":"Point","coordinates":[-92.396056521234,34.76635739748]},"properties":{"id":"12010","name":"Little Rock - Exams Plus","propertyType":"PSI Authorized","category":"3P","address":"8 Shackleford Plaza, Suite 300A","city":"Little Rock","state":"Arkansas","zip":"72211","country":"USA","geocodeSource":"census","scoreBucket":4,"scoreRaw":22,"seats":12,"cdVolume":4207,"avgMonthlyVol":350.6,"zdTicketRate":0.0214,"dispRate":0.0033,"reschdRate":0.0043,"dmaRegion":"LITTLE ROCK - PINE BLUFF","leaseAction":null,"leaseStatus":null,"daysRemaining":null,"leaseUtilization":null,"monthlyRevenue":null,"contractFlag":null,"recommendedAction":null,"licensureNote":null,"opsNotes":null,"leaseExpiry":null,"criticalOptimus":false}},{"type":"Feature","geometry":{"type":"Point","coordinates":[-92.2895177,34.7362145]},"properties":{"id":"11948","name":"Little Rock - Velvatex College","propertyType":"PSI Authorized","category":"3P","address":"1520 Martin Luther King Dr","city":"Little Rock","state":"Arkansas","zip":"72202","country":"USA","geocodeSource":"nominatim","scoreBucket":3,"scoreRaw":19,"seats":5,"cdVolume":2479,"avgMonthlyVol":206.6,"zdTicketRate":0.0476,"dispRate":0.0177,"reschdRate":0.0036,"dmaRegion":"LITTLE ROCK - PINE BLUFF","leaseAction":null,"leaseStatus":null,"daysRemaining":null,"leaseUtilization":null,"monthlyRevenue":null,"contractFlag":null,"recommendedAction":null,"licensureNote":null,"opsNotes":null,"leaseExpiry":null,"criticalOptimus":false}},{"type":"Feature","geometry":{"type":"Point","coordinates":[-91.897899911617,36.055425573914]},"properties":{"id":"13694","name":"Melbourne - Ozarka College","propertyType":"PSI Authorized","category":"3P","address":"218 College Dr.","city":"Melbourne","state":"Arkansas","zip":"72556","country":"USA","geocodeSource":"census","scoreBucket":3,"scoreRaw":18,"seats":6,"cdVolume":103,"avgMonthlyVol":8.6,"zdTicketRate":0,"dispRate":0.0194,"reschdRate":0,"dmaRegion":"LITTLE ROCK - PINE BLUFF","leaseAction":null,"leaseStatus":null,"daysRemaining":null,"leaseUtilization":null,"monthlyRevenue":null,"contractFlag":null,"recommendedAction":null,"licensureNote":null,"opsNotes":null,"leaseExpiry":null,"criticalOptimus":false}},{"type":"Feature","geometry":{"type":"Point","coordinates":[-92.231187098929,34.796450026907]},"properties":{"id":"11751","name":"North Little Rock - HRB","propertyType":"PSI Authorized","category":"3P","address":"2819 Lakewood Village Center","city":"North Little Rock","state":"Arkansas","zip":"72116","country":"USA","geocodeSource":"census","scoreBucket":3,"scoreRaw":19,"seats":3,"cdVolume":1245,"avgMonthlyVol":103.8,"zdTicketRate":0.0506,"dispRate":0.0064,"reschdRate":0.004,"dmaRegion":"LITTLE ROCK - PINE BLUFF","leaseAction":null,"leaseStatus":null,"daysRemaining":null,"leaseUtilization":null,"monthlyRevenue":null,"contractFlag":null,"recommendedAction":null,"licensureNote":null,"opsNotes":null,"leaseExpiry":null,"criticalOptimus":false}},{"type":"Feature","geometry":{"type":"Point","coordinates":[-92.024773230078,34.209805718992]},"properties":{"id":"11696","name":"Pine Bluff - Southeast Arkansas College","propertyType":"PSI Authorized","category":"3P","address":"1900 S. Hazel Street","city":"Pine Bluff","state":"Arkansas","zip":"71603","country":"USA","geocodeSource":"census","scoreBucket":3,"scoreRaw":17,"seats":10,"cdVolume":778,"avgMonthlyVol":64.8,"zdTicketRate":0.1992,"dispRate":0.0193,"reschdRate":0,"dmaRegion":"LITTLE ROCK - PINE BLUFF","leaseAction":null,"leaseStatus":null,"daysRemaining":null,"leaseUtilization":null,"monthlyRevenue":null,"contractFlag":null,"recommendedAction":null,"licensureNote":null,"opsNotes":null,"leaseExpiry":null,"criticalOptimus":false}},{"type":"Feature","geometry":{"type":"Point","coordinates":[-91.732547760771,35.214481413696]},"properties":{"id":"9103","name":"Searcy - Flying C Aviation, Inc.","propertyType":"PSI Authorized","category":"3P","address":"2615 S Main St.","city":"Searcy","state":"Arkansas","zip":"72143","country":"USA","geocodeSource":"census","scoreBucket":3,"scoreRaw":19,"seats":9,"cdVolume":1503,"avgMonthlyVol":125.2,"zdTicketRate":0.0978,"dispRate":0.0206,"reschdRate":0.0053,"dmaRegion":"LITTLE ROCK - PINE BLUFF","leaseAction":null,"leaseStatus":null,"daysRemaining":null,"leaseUtilization":null,"monthlyRevenue":null,"contractFlag":null,"recommendedAction":null,"licensureNote":null,"opsNotes":null,"leaseExpiry":null,"criticalOptimus":false}},{"type":"Feature","geometry":{"type":"Point","coordinates":[-118.792489811104,34.144732744067]},"properties":{"id":"6712","name":"AGOURA HILLS","propertyType":"PSI Owned","category":"OO","address":"30851 Agoura Rd, Suite 302","city":"Agoura Hills","state":"California","zip":"91301","country":"USA","geocodeSource":"census","scoreBucket":5,"scoreRaw":23,"seats":21,"cdVolume":29176,"avgMonthlyVol":2431.3,"zdTicketRate":0.0628,"dispRate":0,"reschdRate":0,"dmaRegion":"LOS ANGELES","optimusScore":0.734,"optimusTier":"B","fy25Volume":14674,"fy25Utilization":0.904,"priority":null,"quickWins":"Organize the reception desk to reduce clutter.","leaseAction":null,"leaseStatus":null,"daysRemaining":null,"leaseUtilization":null,"monthlyRevenue":null,"contractFlag":null,"recommendedAction":null,"licensureNote":null,"opsNotes":null,"leaseExpiry":null,"osDate":"2025-09-29","oc01":0.85,"oc02":0.9,"oc03":0.7,"oc04":0.85,"oc05":0.9,"oc06":null,"oc07":0.85,"oc08":0.85,"oc09":0.65,"adaFlag":false,"brandingFlag":false,"criticalOptimus":false}},{"type":"Feature","geometry":{"type":"Point","coordinates":[-124.081525459213,40.874066841802]},"properties":{"id":"6702","name":"Arcata - Cal Poly Humboldt","propertyType":"PSI Authorized","category":"3P","address":"1 Harpst Street, Testing Center - Lower Libary Rm 13","city":"Arcata","state":"California","zip":"95521","country":"USA","geocodeSource":"census","scoreBucket":2,"scoreRaw":13,"seats":7,"cdVolume":224,"avgMonthlyVol":18.7,"zdTicketRate":0.1741,"dispRate":0.0223,"reschdRate":0.0982,"dmaRegion":"EUREKA","leaseAction":null,"leaseStatus":null,"daysRemaining":null,"leaseUtilization":null,"monthlyRevenue":null,"contractFlag":null,"recommendedAction":null,"licensureNote":null,"opsNotes":null,"leaseExpiry":null,"criticalOptimus":false}},{"type":"Feature","geometry":{"type":"Point","coordinates":[-120.667023084998,35.478388699934]},"properties":{"id":"5018","name":"ATASCADERO","propertyType":"PSI Owned","category":"OO","address":"7305 Morro Road, Suite 201A","city":"Atascadero","state":"California","zip":"93422","country":"USA","geocodeSource":"census","scoreBucket":4,"scoreRaw":22,"seats":8,"cdVolume":7146,"avgMonthlyVol":595.5,"zdTicketRate":0.0512,"dispRate":0,"reschdRate":0,"dmaRegion":"SANTABARBRA - SANMAR - SANLUOB","optimusScore":0.609,"optimusTier":"C","fy25Volume":3543,"fy25Utilization":0.838,"priority":null,"quickWins":"Repair facade damage, repaint, replace broken doors, improve entrance appearance; Clean floors, repair walls, replace broken furniture, improve lighting; Remove personal items, organize desk, update signage, clear walkways; Replace broken furniture, organize cables, improve lighting, reduce noise; D","leaseAction":"Renew","leaseStatus":"Expiring 2026","daysRemaining":186,"leaseUtilization":0.84,"monthlyRevenue":110271,"contractFlag":false,"recommendedAction":"83.8% util, full schedule — monitor; renew","licensureNote":"CA Insurance expires 12/14/2027","opsNotes":null,"leaseExpiry":"11-30-2026","osDate":"2025-09-29","oc01":0.85,"oc02":0.75,"oc03":0.7,"oc04":0.85,"oc05":0.2,"oc06":0.75,"oc07":0.65,"oc08":0.85,"oc09":null,"adaFlag":true,"brandingFlag":false,"criticalOptimus":false}},{"type":"Feature","geometry":{"type":"Point","coordinates":[-119.06130302258,35.354179517908]},"properties":{"id":"5019","name":"BAKERSFIELD","propertyType":"PSI Owned","category":"OO","address":"5405 Stockdale Highway, Suite 103","city":"Bakersfield","state":"California","zip":"93309","country":"USA","geocodeSource":"census","scoreBucket":5,"scoreRaw":23,"seats":15,"cdVolume":14031,"avgMonthlyVol":1169.2,"zdTicketRate":0.0773,"dispRate":0.0001,"reschdRate":0,"dmaRegion":"BAKERSFIELD","optimusScore":0.734,"optimusTier":"B","fy25Volume":7132,"fy25Utilization":0.924,"priority":null,"quickWins":"Clean or replace stained chairs in the waiting area.; Secure and organize exposed wires to reduce clutter.; Organize and declutter the breakroom area.; Ensure all signs are well-organized to avoid information overlap.","leaseAction":"Renew+Expand","leaseStatus":"< 90 days","daysRemaining":3,"leaseUtilization":0.92,"monthlyRevenue":186728,"contractFlag":false,"recommendedAction":"Expires May 31 — 92.4% util, seat-constrained; expand seats at renewal","licensureNote":"CA Insurance expires 12/14/2027","opsNotes":null,"leaseExpiry":"05-31-2026","osDate":"2025-09-23","oc01":0.85,"oc02":0.75,"oc03":0.8,"oc04":0.85,"oc05":0.85,"oc06":0.65,"oc07":0.75,"oc08":0.9,"oc09":null,"adaFlag":false,"brandingFlag":false,"criticalOptimus":false}},{"type":"Feature","geometry":{"type":"Point","coordinates":[-118.304574898308,34.179701869157]},"properties":{"id":"12285","name":"Burbank - Dov Educational Services","propertyType":"PSI Authorized","category":"3P","address":"290 E. Verdugo Avenue, Ste# 105","city":"Burbank","state":"California","zip":"91502","country":"USA","geocodeSource":"census","scoreBucket":2,"scoreRaw":15,"seats":9,"cdVolume":1147,"avgMonthlyVol":95.6,"zdTicketRate":0.0549,"dispRate":0.0009,"reschdRate":0.0157,"dmaRegion":"LOS ANGELES","leaseAction":null,"leaseStatus":null,"daysRemaining":null,"leaseUtilization":null,"monthlyRevenue":null,"contractFlag":null,"recommendedAction":null,"licensureNote":null,"opsNotes":null,"leaseExpiry":null,"criticalOptimus":false}},{"type":"Feature","geometry":{"type":"Point","coordinates":[-117.060305161107,34.000080301205]},"properties":{"id":"11934","name":"Calimesa - Simplex United Business and Career Center","propertyType":"PSI Authorized","category":"3P","address":"1025 Calimesa Blvd. Ste.4","city":"Calimesa","state":"California","zip":"92320","country":"USA","geocodeSource":"census","scoreBucket":3,"scoreRaw":18,"seats":18,"cdVolume":4509,"avgMonthlyVol":375.8,"zdTicketRate":0.0415,"dispRate":0.0013,"reschdRate":0.016,"dmaRegion":"PALM SPRINGS","leaseAction":null,"leaseStatus":null,"daysRemaining":null,"leaseUtilization":null,"monthlyRevenue":null,"contractFlag":null,"recommendedAction":null,"licensureNote":null,"opsNotes":null,"leaseExpiry":null,"criticalOptimus":false}},{"type":"Feature","geometry":{"type":"Point","coordinates":[-118.265720638554,33.872902707374]},"properties":{"id":"5020","name":"CARSON","propertyType":"PSI Owned","category":"OO","address":"17420 Avalon Blvd., Suite 205","city":"Carson","state":"California","zip":"90746","country":"USA","geocodeSource":"census","scoreBucket":5,"scoreRaw":24,"seats":16,"cdVolume":19023,"avgMonthlyVol":1585.2,"zdTicketRate":0.0326,"dispRate":0,"reschdRate":0.0001,"dmaRegion":"LOS ANGELES","optimusScore":0.702,"optimusTier":"B","fy25Volume":9697,"fy25Utilization":0.933,"priority":null,"quickWins":"Repair or replace the elevator; Clean or replace discolored ceiling tiles; Repaint or clean marked walls; Organize cables and items on the proctor station desk.; Organize and secure exposed wires to reduce clutter.; Ensure all surfaces are thoroughly cleaned.; Remove excess water bottles to reduce c","leaseAction":null,"leaseStatus":null,"daysRemaining":null,"leaseUtilization":null,"monthlyRevenue":null,"contractFlag":null,"recommendedAction":null,"licensureNote":null,"opsNotes":null,"leaseExpiry":null,"osDate":"2025-09-24","oc01":0.65,"oc02":0.6,"oc03":0.834,"oc04":0.85,"oc05":0.65,"oc06":0.65,"oc07":0.55,"oc08":0.85,"oc09":0.65,"adaFlag":true,"brandingFlag":false,"criticalOptimus":false}},{"type":"Feature","geometry":{"type":"Point","coordinates":[-117.831137952972,33.999381267386]},"properties":{"id":"6115","name":"DIAMOND BAR","propertyType":"PSI Owned","category":"OO","address":"21660 Copley Dr, Suite 215","city":"Diamond Bar","state":"California","zip":"91765","country":"USA","geocodeSource":"census","scoreBucket":5,"scoreRaw":24,"seats":21,"cdVolume":29771,"avgMonthlyVol":2480.9,"zdTicketRate":0.0276,"dispRate":0,"reschdRate":0.0001,"dmaRegion":"LOS ANGELES","optimusScore":0.802,"optimusTier":"B","fy25Volume":15194,"fy25Utilization":0.793,"priority":null,"quickWins":"Remove clutter from the reception desk.; Remove clutter from the proctor station to enhance cleanliness.; Ensure regular maintenance to sustain cleanliness.; Organize boxes on the floor to improve space utilization.","leaseAction":null,"leaseStatus":null,"daysRemaining":null,"leaseUtilization":null,"monthlyRevenue":null,"contractFlag":null,"recommendedAction":null,"licensureNote":null,"opsNotes":null,"leaseExpiry":null,"osDate":"2025-09-27","oc01":0.85,"oc02":0.75,"oc03":0.834,"oc04":0.85,"oc05":0.9,"oc06":0.8,"oc07":0.85,"oc08":0.85,"oc09":0.85,"adaFlag":false,"brandingFlag":false,"criticalOptimus":false}},{"type":"Feature","geometry":{"type":"Point","coordinates":[-119.782425455922,36.815679659352]},"properties":{"id":"5029","name":"FRESNO","propertyType":"PSI Owned","category":"OO","address":"351 E. Barstow, Suite 101","city":"Fresno","state":"California","zip":"93710","country":"USA","geocodeSource":"census","scoreBucket":5,"scoreRaw":24,"seats":17,"cdVolume":17851,"avgMonthlyVol":1487.6,"zdTicketRate":0.027,"dispRate":0.0008,"reschdRate":0.0029,"dmaRegion":"FRESNO - VISALIA","optimusScore":0.706,"optimusTier":"B","fy25Volume":8759,"fy25Utilization":0.945,"priority":null,"quickWins":"Organize and declutter the reception desk.; Remove visible clutter near the entrance to improve appearance.; Store cleaning tools out of sight to improve aesthetics.; Remove clutter such as water bottles.","leaseAction":null,"leaseStatus":null,"daysRemaining":null,"leaseUtilization":null,"monthlyRevenue":null,"contractFlag":null,"recommendedAction":null,"licensureNote":null,"opsNotes":null,"leaseExpiry":null,"osDate":"2025-09-24","oc01":0.75,"oc02":0.65,"oc03":0.7,"oc04":0.85,"oc05":0.85,"oc06":0.65,"oc07":0.75,"oc08":0.9,"oc09":0.65,"adaFlag":false,"brandingFlag":false,"criticalOptimus":false}},{"type":"Feature","geometry":{"type":"Point","coordinates":[-118.25518989649,34.154855641628]},"properties":{"id":"17067","name":"PSIQA-KALA","propertyType":"PSI Owned","category":"OO","address":"611 n brand","city":"glendale","state":"California","zip":"91203","country":"USA","geocodeSource":"census","seats":null,"scoreRaw":null,"scoreBucket":null,"avgMonthlyVol":null,"cdVolume":null,"reschdRate":null,"dispRate":null,"zdTicketRate":null,"dmaRegion":null,"fy25Utilization":null,"fy25Volume":null,"optimusTier":null,"optimusScore":null,"quickWins":null,"priority":null,"leaseAction":null,"leaseStatus":null,"daysRemaining":null,"leaseUtilization":null,"monthlyRevenue":null,"contractFlag":null,"recommendedAction":null,"licensureNote":null,"opsNotes":null,"leaseExpiry":null,"osDate":null,"oc01":null,"oc02":null,"oc03":null,"oc04":null,"oc05":null,"oc06":null,"oc07":null,"oc08":null,"oc09":null,"brandingFlag":false,"adaFlag":false,"criticalOptimus":false}},{"type":"Feature","geometry":{"type":"Point","coordinates":[-117.828208145825,33.690890757264]},"properties":{"id":"11985","name":"IRVINE","propertyType":"PSI Owned","category":"OO","address":"8 Corporate Park, Suite 200","city":"Irvine","state":"California","zip":"92606","country":"USA","geocodeSource":"census","scoreBucket":4,"scoreRaw":22,"seats":41,"cdVolume":37916,"avgMonthlyVol":3159.7,"zdTicketRate":0.0978,"dispRate":0,"reschdRate":0.0004,"dmaRegion":"LOS ANGELES","optimusScore":0.823,"optimusTier":"B","fy25Volume":18286,"fy25Utilization":0.88,"priority":null,"quickWins":"Remove clutter from the proctor station to improve organization.; Ensure cleaning supplies are stored more neatly.","leaseAction":null,"leaseStatus":null,"daysRemaining":null,"leaseUtilization":null,"monthlyRevenue":null,"contractFlag":null,"recommendedAction":null,"licensureNote":null,"opsNotes":null,"leaseExpiry":null,"osDate":"2025-09-26","oc01":0.85,"oc02":0.85,"oc03":0.866,"oc04":0.85,"oc05":0.9,"oc06":0.8,"oc07":0.85,"oc08":0.85,"oc09":0.85,"adaFlag":false,"brandingFlag":false,"criticalOptimus":false}},{"type":"Feature","geometry":{"type":"Point","coordinates":[-118.146998476619,34.685738764446]},"properties":{"id":"18843","name":"Lancaster - Giligia College","propertyType":"PSI Authorized","category":"3P","address":"936 W Ave J4 Suite 101","city":"Lancaster","state":"California","zip":"93534","country":"USA","geocodeSource":"census","scoreBucket":3,"scoreRaw":18,"seats":10,"cdVolume":504,"avgMonthlyVol":45.8,"zdTicketRate":0.0357,"dispRate":0,"reschdRate":0.0079,"dmaRegion":null,"leaseAction":null,"leaseStatus":null,"daysRemaining":null,"leaseUtilization":null,"monthlyRevenue":null,"contractFlag":null,"recommendedAction":null,"licensureNote":null,"opsNotes":null,"leaseExpiry":null,"criticalOptimus":false}},{"type":"Feature","geometry":{"type":"Point","coordinates":[-118.352756826696,33.886359872767]},"properties":{"id":"6116","name":"LAWNDALE","propertyType":"PSI Owned","category":"OO","address":"The Baytower Corporate Center Suite 330, 15901 Hawthorne Blvd","city":"Lawndale","state":"California","zip":"90260","country":"USA","geocodeSource":"census","scoreBucket":5,"scoreRaw":24,"seats":15,"cdVolume":17933,"avgMonthlyVol":1494.4,"zdTicketRate":0.0431,"dispRate":0.0017,"reschdRate":0.0005,"dmaRegion":"LOS ANGELES","optimusScore":0.786,"optimusTier":"B","fy25Volume":9106,"fy25Utilization":0.927,"priority":null,"quickWins":"Organize small items on desks to reduce clutter.; Organize and reduce clutter on doors for better visibility.; Repair or replace damaged chairs.; Fix or replace broken blinds.","leaseAction":null,"leaseStatus":null,"daysRemaining":null,"leaseUtilization":null,"monthlyRevenue":null,"contractFlag":null,"recommendedAction":null,"licensureNote":null,"opsNotes":null,"leaseExpiry":null,"osDate":"2025-09-25","oc01":0.9,"oc02":0.85,"oc03":0.834,"oc04":0.85,"oc05":0.85,"oc06":0.85,"oc07":0.85,"oc08":0.85,"oc09":0.45,"adaFlag":false,"brandingFlag":false,"criticalOptimus":false}},{"type":"Feature","geometry":{"type":"Point","coordinates":[-118.189422455888,33.826054597718]},"properties":{"id":"12441","name":"Long Beach - SWS Learning Center","propertyType":"PSI Authorized","category":"3P","address":"3777 Long Beach Blvd. Suite 240","city":"Long Beach","state":"California","zip":"90807","country":"USA","geocodeSource":"census","scoreBucket":4,"scoreRaw":21,"seats":7,"cdVolume":4427,"avgMonthlyVol":368.9,"zdTicketRate":0.0594,"dispRate":0.0025,"reschdRate":0.0056,"dmaRegion":"LOS ANGELES","leaseAction":null,"leaseStatus":null,"daysRemaining":null,"leaseUtilization":null,"monthlyRevenue":null,"contractFlag":null,"recommendedAction":null,"licensureNote":null,"opsNotes":null,"leaseExpiry":null,"criticalOptimus":false}},{"type":"Feature","geometry":{"type":"Point","coordinates":[-118.292983466534,34.06365744123]},"properties":{"id":"6283","name":"Los Angeles - Learnet Academy","propertyType":"TD TESTING","category":"3P","address":"3251 W 6th St, Suite 200","city":"Los Angeles","state":"California","zip":"90020","country":"USA","geocodeSource":"census","scoreBucket":2,"scoreRaw":15,"seats":15,"cdVolume":2166,"avgMonthlyVol":180.5,"zdTicketRate":0.0831,"dispRate":0.0014,"reschdRate":0.054,"dmaRegion":"LOS ANGELES","leaseAction":null,"leaseStatus":null,"daysRemaining":null,"leaseUtilization":null,"monthlyRevenue":null,"contractFlag":null,"recommendedAction":null,"licensureNote":null,"opsNotes":null,"leaseExpiry":null,"criticalOptimus":false}},{"type":"Feature","geometry":{"type":"Point","coordinates":[-121.061243898886,37.690268905234]},"properties":{"id":"6270","name":"Modesto - Wise Guys PC Training","propertyType":"TD TESTING","category":"3P","address":"3600 Sisk Rd, Suite 2F","city":"Modesto","state":"California","zip":"95356","country":"USA","geocodeSource":"census","scoreBucket":4,"scoreRaw":22,"seats":12,"cdVolume":3622,"avgMonthlyVol":301.8,"zdTicketRate":0.0243,"dispRate":0,"reschdRate":0,"dmaRegion":"SACRAMNTO - STKTN - MODESTO","leaseAction":null,"leaseStatus":null,"daysRemaining":null,"leaseUtilization":null,"monthlyRevenue":null,"contractFlag":null,"recommendedAction":null,"licensureNote":null,"opsNotes":null,"leaseExpiry":null,"criticalOptimus":false}},{"type":"Feature","geometry":{"type":"Point","coordinates":[-122.352941580919,40.565850752071]},"properties":{"id":"5022","name":"REDDING","propertyType":"PSI Owned","category":"OO","address":"2861 CHURN CREEK, UNIT C","city":"Redding","state":"California","zip":"96002","country":"USA","geocodeSource":"census","scoreBucket":5,"scoreRaw":23,"seats":8,"cdVolume":6552,"avgMonthlyVol":546,"zdTicketRate":0.0427,"dispRate":0,"reschdRate":0.0008,"dmaRegion":"CHICO - REDDING","optimusScore":0.761,"optimusTier":"B","fy25Volume":3297,"fy25Utilization":0.779,"priority":null,"quickWins":"Consider reducing overlapping signage for a cleaner appearance.; Organize loose wires and items to reduce clutter.; Organize and reduce visible clutter.","leaseAction":null,"leaseStatus":null,"daysRemaining":null,"leaseUtilization":null,"monthlyRevenue":null,"contractFlag":null,"recommendedAction":null,"licensureNote":null,"opsNotes":null,"leaseExpiry":null,"osDate":"2025-09-25","oc01":0.85,"oc02":0.55,"oc03":0.834,"oc04":0.85,"oc05":0.85,"oc06":0.8,"oc07":0.8,"oc08":0.85,"oc09":0.65,"adaFlag":false,"brandingFlag":false,"criticalOptimus":false}},{"type":"Feature","geometry":{"type":"Point","coordinates":[-117.390131546137,33.944215293087]},"properties":{"id":"10718","name":"Riverside - California Testing Academy","propertyType":"PSI Authorized","category":"3P","address":"6700 Indiana Ave #245","city":"Riverside","state":"California","zip":"92506","country":"USA","geocodeSource":"census","scoreBucket":3,"scoreRaw":19,"seats":15,"cdVolume":3115,"avgMonthlyVol":259.6,"zdTicketRate":0.0337,"dispRate":0.0026,"reschdRate":0.0003,"dmaRegion":"PALM SPRINGS","leaseAction":null,"leaseStatus":null,"daysRemaining":null,"leaseUtilization":null,"monthlyRevenue":null,"contractFlag":null,"recommendedAction":null,"licensureNote":null,"opsNotes":null,"leaseExpiry":null,"criticalOptimus":false}},{"type":"Feature","geometry":{"type":"Point","coordinates":[-117.326588803694,33.90843758412]},"properties":{"id":"5711","name":"RIVERSIDE - MISSION GROVE","propertyType":"PSI Owned","category":"OO","address":"7888 Mission Grove Parkway S., Suite 130","city":"Riverside","state":"California","zip":"92508","country":"USA","geocodeSource":"census","scoreBucket":5,"scoreRaw":24,"seats":22,"cdVolume":39049,"avgMonthlyVol":3254.1,"zdTicketRate":0.0292,"dispRate":0.0003,"reschdRate":0.0016,"dmaRegion":"PALM SPRINGS","optimusScore":0.766,"optimusTier":"B","fy25Volume":18613,"fy25Utilization":0.93,"priority":null,"quickWins":"Remove clutter such as boxes and water bottles.; Remove clutter from desks to improve cleanliness.; Ensure regular maintenance to sustain cleanliness.; Remove any clutter near signage for better visibility.","leaseAction":null,"leaseStatus":null,"daysRemaining":null,"leaseUtilization":null,"monthlyRevenue":null,"contractFlag":null,"recommendedAction":null,"licensureNote":null,"opsNotes":null,"leaseExpiry":null,"osDate":"2025-09-26","oc01":0.93,"oc02":0.65,"oc03":0.834,"oc04":0.8,"oc05":0.9,"oc06":0.65,"oc07":0.85,"oc08":0.85,"oc09":0.65,"adaFlag":false,"brandingFlag":false,"criticalOptimus":false}},{"type":"Feature","geometry":{"type":"Point","coordinates":[-121.306753598216,38.744502297132]},"properties":{"id":"13293","name":"Roseville - Roseville Testing Center LLC","propertyType":"PSI Authorized","category":"3P","address":"1050 Opportunity Drive, Suite 125","city":"Roseville","state":"California","zip":"95678","country":"USA","geocodeSource":"census","scoreBucket":3,"scoreRaw":19,"seats":10,"cdVolume":4665,"avgMonthlyVol":388.8,"zdTicketRate":0.0686,"dispRate":0.0339,"reschdRate":0.0041,"dmaRegion":"SACRAMNTO - STKTN - MODESTO","leaseAction":null,"leaseStatus":null,"daysRemaining":null,"leaseUtilization":null,"monthlyRevenue":null,"contractFlag":null,"recommendedAction":null,"licensureNote":null,"opsNotes":null,"leaseExpiry":null,"criticalOptimus":false}},{"type":"Feature","geometry":{"type":"Point","coordinates":[-121.40053988795,38.588656376384]},"properties":{"id":"11626","name":"Sacramento - HRB","propertyType":"PSI Authorized","category":"3P","address":"2620 Hurley Way, Suite C","city":"Sacramento","state":"California","zip":"95864","country":"USA","geocodeSource":"census","scoreBucket":1,"scoreRaw":10,"seats":5,"cdVolume":289,"avgMonthlyVol":24.1,"zdTicketRate":0.2837,"dispRate":0.0069,"reschdRate":0.0727,"dmaRegion":"SACRAMNTO - STKTN - MODESTO","leaseAction":null,"leaseStatus":null,"daysRemaining":null,"leaseUtilization":null,"monthlyRevenue":null,"contractFlag":null,"recommendedAction":null,"licensureNote":null,"opsNotes":null,"leaseExpiry":null,"criticalOptimus":false}},{"type":"Feature","geometry":{"type":"Point","coordinates":[-121.373730746205,38.556161451396]},"properties":{"id":"10506","name":"SACRAMENTO (CAL CENTER)","propertyType":"PSI Owned","category":"OO","address":"8950 Cal Center Dr, Suite 158, Building Two","city":"Sacramento","state":"California","zip":"95826","country":"USA","geocodeSource":"census","scoreBucket":5,"scoreRaw":24,"seats":36,"cdVolume":45061,"avgMonthlyVol":3755.1,"zdTicketRate":0.0309,"dispRate":0.0002,"reschdRate":0.0003,"dmaRegion":"SACRAMNTO - STKTN - MODESTO","optimusScore":0.712,"optimusTier":"B","fy25Volume":22030,"fy25Utilization":0.921,"priority":null,"quickWins":"Remove unnecessary signs and papers to reduce clutter.; Remove excess boxes from the top of cabinets.; Reorganize storage to improve accessibility and space utilization.","leaseAction":null,"leaseStatus":null,"daysRemaining":null,"leaseUtilization":null,"monthlyRevenue":null,"contractFlag":null,"recommendedAction":null,"licensureNote":null,"opsNotes":null,"leaseExpiry":null,"osDate":"2025-09-19","oc01":0.85,"oc02":0.65,"oc03":0.7,"oc04":0.85,"oc05":0.9,"oc06":0.65,"oc07":0.75,"oc08":0.65,"oc09":0.75,"adaFlag":false,"brandingFlag":true,"criticalOptimus":false}},{"type":"Feature","geometry":{"type":"Point","coordinates":[-117.20069731538,32.893794745736]},"properties":{"id":"5025","name":"SAN DIEGO","propertyType":"PSI Owned","category":"OO","address":"5440 Morehouse Dr., Suite 3100","city":"San Diego","state":"California","zip":"92121","country":"USA","geocodeSource":"census","scoreBucket":5,"scoreRaw":23,"seats":30,"cdVolume":43394,"avgMonthlyVol":3616.2,"zdTicketRate":0.0631,"dispRate":0,"reschdRate":0.0014,"dmaRegion":"SAN DIEGO","optimusScore":0.709,"optimusTier":"B","fy25Volume":22097,"fy25Utilization":0.913,"priority":null,"quickWins":"Organize and declutter the reception desk.; Secure and organize exposed wires to prevent hazards.; Remove personal items from tables to reduce clutter.; Remove clutter near signage to improve visibility.; Consider repainting or cleaning the marked wall area.","leaseAction":null,"leaseStatus":null,"daysRemaining":null,"leaseUtilization":null,"monthlyRevenue":null,"contractFlag":null,"recommendedAction":null,"licensureNote":null,"opsNotes":null,"leaseExpiry":null,"osDate":"2025-09-29","oc01":0.85,"oc02":0.55,"oc03":0.7,"oc04":0.85,"oc05":0.9,"oc06":0.85,"oc07":0.45,"oc08":0.85,"oc09":0.85,"adaFlag":true,"brandingFlag":false,"criticalOptimus":false}},{"type":"Feature","geometry":{"type":"Point","coordinates":[-117.12019144282,32.899118418716]},"properties":{"id":"6229","name":"San Diego - Pacific Safety Ctr","propertyType":"MG TESTING","category":"3P","address":"9880 Via Pasar, Suite F","city":"San Diego","state":"California","zip":"92126","country":"USA","geocodeSource":"census","scoreBucket":5,"scoreRaw":23,"seats":19,"cdVolume":5196,"avgMonthlyVol":433,"zdTicketRate":0.0248,"dispRate":0,"reschdRate":0.0025,"dmaRegion":"SAN DIEGO","leaseAction":null,"leaseStatus":null,"daysRemaining":null,"leaseUtilization":null,"monthlyRevenue":null,"contractFlag":null,"recommendedAction":null,"licensureNote":null,"opsNotes":null,"leaseExpiry":null,"criticalOptimus":false}},{"type":"Feature","geometry":{"type":"Point","coordinates":[-122.393743494466,37.711211379229]},"properties":{"id":"9736","name":"SAN FRANCISCO - Suite 2400","propertyType":"PSI Owned","category":"OO","address":"150 Executive Park Blvd, Suite 2400","city":"San Francisco","state":"California","zip":"94134","country":"USA","geocodeSource":"census","scoreBucket":4,"scoreRaw":22,"seats":33,"cdVolume":27088,"avgMonthlyVol":2257.3,"zdTicketRate":0.0521,"dispRate":0.0001,"reschdRate":0.0006,"dmaRegion":"SAN FRANCISCO - OAK - SAN JOSE","optimusScore":0.732,"optimusTier":"B","fy25Volume":14530,"fy25Utilization":0.843,"priority":null,"quickWins":"Remove any clutter near the water feature to maintain cleanliness.; Remove unnecessary items from the reception desk to reduce clutter.; Remove any clutter from desks to maintain cleanliness.; Organize loose items and boxes to improve space usability.","leaseAction":null,"leaseStatus":null,"daysRemaining":null,"leaseUtilization":null,"monthlyRevenue":null,"contractFlag":null,"recommendedAction":null,"licensureNote":null,"opsNotes":null,"leaseExpiry":null,"osDate":"2025-10-10","oc01":0.85,"oc02":0.85,"oc03":0.834,"oc04":0.85,"oc05":0.65,"oc06":0.65,"oc07":0.8,"oc08":0.85,"oc09":null,"adaFlag":false,"brandingFlag":false,"criticalOptimus":false}},{"type":"Feature","geometry":{"type":"Point","coordinates":[-121.959481209929,37.37509724756]},"properties":{"id":"5027","name":"SANTA CLARA","propertyType":"PSI Owned","category":"OO","address":"2936 Scott Blvd.","city":"Santa Clara","state":"California","zip":"95054","country":"USA","geocodeSource":"census","scoreBucket":4,"scoreRaw":21,"seats":17,"cdVolume":27324,"avgMonthlyVol":2277,"zdTicketRate":0.1342,"dispRate":0.0012,"reschdRate":0.0001,"dmaRegion":"SAN FRANCISCO - OAK - SAN JOSE","optimusScore":0.764,"optimusTier":"B","fy25Volume":12825,"fy25Utilization":0.922,"priority":null,"quickWins":"Organize items on filing cabinets to reduce clutter.; Organize the reception desk to reduce visible clutter.; Ensure all signs are well-organized and not overlapping.","leaseAction":null,"leaseStatus":null,"daysRemaining":null,"leaseUtilization":null,"monthlyRevenue":null,"contractFlag":null,"recommendedAction":null,"licensureNote":null,"opsNotes":null,"leaseExpiry":null,"osDate":"2025-09-26","oc01":0.85,"oc02":0.75,"oc03":0.834,"oc04":0.85,"oc05":0.9,"oc06":null,"oc07":0.8,"oc08":0.85,"oc09":0.6,"adaFlag":false,"brandingFlag":false,"criticalOptimus":false}},{"type":"Feature","geometry":{"type":"Point","coordinates":[-118.081691163167,33.942487792701]},"properties":{"id":"9201","name":"EL MONTE - SANTA FE SPRINGS","propertyType":"PSI Owned","category":"OO","address":"10330 Pioneer Boulevard, Suite 285","city":"Santa Fe Springs","state":"California","zip":"90670","country":"USA","geocodeSource":"census","scoreBucket":5,"scoreRaw":23,"seats":25,"cdVolume":36383,"avgMonthlyVol":3031.9,"zdTicketRate":0.055,"dispRate":0,"reschdRate":0.0009,"dmaRegion":"LOS ANGELES","optimusScore":0.705,"optimusTier":"B","fy25Volume":18354,"fy25Utilization":0.947,"priority":null,"quickWins":"Repair or replace damaged carpet.; Organize and reduce clutter in waiting area.; Organize cables and headphones to reduce clutter.; Regularly check and clean the restroom floors.; Organize storage items to clear pathways.; Ensure all signs are neatly organized and visible.","leaseAction":null,"leaseStatus":null,"daysRemaining":null,"leaseUtilization":null,"monthlyRevenue":null,"contractFlag":null,"recommendedAction":null,"licensureNote":null,"opsNotes":null,"leaseExpiry":null,"osDate":"2025-09-26","oc01":0.85,"oc02":0.75,"oc03":0.7,"oc04":0.85,"oc05":0.65,"oc06":0.5,"oc07":0.85,"oc08":0.85,"oc09":0.75,"adaFlag":false,"brandingFlag":false,"criticalOptimus":false}},{"type":"Feature","geometry":{"type":"Point","coordinates":[-122.758160027063,38.508310973232]},"properties":{"id":"5026","name":"SANTA ROSA","propertyType":"PSI Owned","category":"OO","address":"160 Wikiup Drive, Suite 105","city":"Santa Rosa","state":"California","zip":"95403","country":"USA","geocodeSource":"census","scoreBucket":5,"scoreRaw":25,"seats":17,"cdVolume":13848,"avgMonthlyVol":1154,"zdTicketRate":0.016,"dispRate":0.0012,"reschdRate":0,"dmaRegion":"SAN FRANCISCO - OAK - SAN JOSE","optimusScore":0.6,"optimusTier":"C","fy25Volume":7105,"fy25Utilization":0.867,"priority":null,"quickWins":"Repair facade damage, repaint, replace broken doors, improve entrance appearance; Clean floors, repair walls, replace broken furniture, improve lighting; Remove personal items, organize desk, update signage, clear walkways; Replace broken furniture, organize cables, improve lighting, reduce noise; D","leaseAction":null,"leaseStatus":null,"daysRemaining":null,"leaseUtilization":null,"monthlyRevenue":null,"contractFlag":null,"recommendedAction":null,"licensureNote":null,"opsNotes":null,"leaseExpiry":null,"osDate":"2025-10-10","oc01":0.85,"oc02":0.75,"oc03":0.7,"oc04":0.65,"oc05":0.9,"oc06":0.65,"oc07":null,"oc08":0.9,"oc09":null,"adaFlag":false,"brandingFlag":false,"criticalOptimus":false}},{"type":"Feature","geometry":{"type":"Point","coordinates":[-121.331146069698,37.986762165332]},"properties":{"id":"13552","name":"Stockton - Zenith Career Services","propertyType":"PSI Authorized","category":"3P","address":"2027 West March Ln., Suite 2","city":"Stockton","state":"California","zip":"95207","country":"USA","geocodeSource":"census","scoreBucket":3,"scoreRaw":19,"seats":5,"cdVolume":1445,"avgMonthlyVol":120.4,"zdTicketRate":0.1785,"dispRate":0.0021,"reschdRate":0,"dmaRegion":"SACRAMNTO - STKTN - MODESTO","leaseAction":null,"leaseStatus":null,"daysRemaining":null,"leaseUtilization":null,"monthlyRevenue":null,"contractFlag":null,"recommendedAction":null,"licensureNote":null,"opsNotes":null,"leaseExpiry":null,"criticalOptimus":false}},{"type":"Feature","geometry":{"type":"Point","coordinates":[-118.562129498558,34.171567444726]},"properties":{"id":"12767","name":"Tarzana - American University Connection","propertyType":"PSI Authorized","category":"3P","address":"5530 Corbin Ave, Suite 125","city":"Tarzana","state":"California","zip":"91356","country":"USA","geocodeSource":"census","scoreBucket":3,"scoreRaw":17,"seats":5,"cdVolume":995,"avgMonthlyVol":82.9,"zdTicketRate":0.1055,"dispRate":0.006,"reschdRate":0.0101,"dmaRegion":"LOS ANGELES","leaseAction":null,"leaseStatus":null,"daysRemaining":null,"leaseUtilization":null,"monthlyRevenue":null,"contractFlag":null,"recommendedAction":null,"licensureNote":null,"opsNotes":null,"leaseExpiry":null,"criticalOptimus":false}},{"type":"Feature","geometry":{"type":"Point","coordinates":[-117.159776835212,33.49772768492]},"properties":{"id":"18474","name":"Temecula - Temecula Test Center","propertyType":"PSI Authorized","category":"3P","address":"28441 Rancho California Road, Ste 105","city":"Temecula","state":"California","zip":"92590","country":"USA","geocodeSource":"census","scoreBucket":3,"scoreRaw":17,"seats":5,"cdVolume":2465,"avgMonthlyVol":205.4,"zdTicketRate":0.1294,"dispRate":0.011,"reschdRate":0.0045,"dmaRegion":null,"leaseAction":null,"leaseStatus":null,"daysRemaining":null,"leaseUtilization":null,"monthlyRevenue":null,"contractFlag":null,"recommendedAction":null,"licensureNote":null,"opsNotes":null,"leaseExpiry":null,"criticalOptimus":false}},{"type":"Feature","geometry":{"type":"Point","coordinates":[-122.044923247277,37.593848244091]},"properties":{"id":"12223","name":"UNION CITY","propertyType":"PSI Owned","category":"OO","address":"32960 ALVARADO-NILES RD, SUITE 650","city":"UNION CITY","state":"California","zip":"94587","country":"USA","geocodeSource":"census","scoreBucket":5,"scoreRaw":23,"seats":17,"cdVolume":18395,"avgMonthlyVol":1532.9,"zdTicketRate":0.051,"dispRate":0.0001,"reschdRate":0.0034,"dmaRegion":"SAN FRANCISCO - OAK - SAN JOSE","optimusScore":0.672,"optimusTier":"C","fy25Volume":9132,"fy25Utilization":0.923,"priority":null,"quickWins":"Repair facade damage, repaint, replace broken doors, improve entrance appearance; Clean floors, repair walls, replace broken furniture, improve lighting; Remove personal items, organize desk, update signage, clear walkways; Replace broken furniture, organize cables, improve lighting, reduce noise; D","leaseAction":null,"leaseStatus":null,"daysRemaining":null,"leaseUtilization":null,"monthlyRevenue":null,"contractFlag":null,"recommendedAction":null,"licensureNote":null,"opsNotes":null,"leaseExpiry":null,"osDate":"2025-10-13","oc01":0.85,"oc02":0.75,"oc03":0.834,"oc04":0.65,"oc05":0.85,"oc06":0.85,"oc07":0.65,"oc08":0.8,"oc09":null,"adaFlag":true,"brandingFlag":false,"criticalOptimus":false}},{"type":"Feature","geometry":{"type":"Point","coordinates":[-119.236711106085,34.257422376553]},"properties":{"id":"5713","name":"VENTURA","propertyType":"PSI Owned","category":"OO","address":"4245 Market St, Suite 208","city":"Ventura","state":"California","zip":"93003","country":"USA","geocodeSource":"census","scoreBucket":5,"scoreRaw":23,"seats":17,"cdVolume":14896,"avgMonthlyVol":1241.3,"zdTicketRate":0.084,"dispRate":0,"reschdRate":0,"dmaRegion":"LOS ANGELES","optimusScore":0.717,"optimusTier":"B","fy25Volume":7685,"fy25Utilization":0.906,"priority":null,"quickWins":"Regularly clean parking area to remove debris.; Remove clutter near the entrance for a cleaner appearance.; Ensure regular checks to maintain cleanliness.","leaseAction":null,"leaseStatus":null,"daysRemaining":null,"leaseUtilization":null,"monthlyRevenue":null,"contractFlag":null,"recommendedAction":null,"licensureNote":null,"opsNotes":null,"leaseExpiry":null,"osDate":"2025-09-29","oc01":0.75,"oc02":0.75,"oc03":0.8,"oc04":0.85,"oc05":0.75,"oc06":null,"oc07":0.65,"oc08":0.85,"oc09":0.65,"adaFlag":true,"brandingFlag":false,"criticalOptimus":false}},{"type":"Feature","geometry":{"type":"Point","coordinates":[-119.32820729176,36.327465661335]},"properties":{"id":"5840","name":"VISALIA","propertyType":"PSI Owned","category":"OO","address":"3400 W Mineral King Ave, Suite D","city":"Visalia","state":"California","zip":"93291","country":"USA","geocodeSource":"census","scoreBucket":5,"scoreRaw":23,"seats":16,"cdVolume":13727,"avgMonthlyVol":1143.9,"zdTicketRate":0.0349,"dispRate":0.0018,"reschdRate":0,"dmaRegion":"FRESNO - VISALIA","optimusScore":0.753,"optimusTier":"B","fy25Volume":7000,"fy25Utilization":0.872,"priority":null,"quickWins":"Organize items on proctor desk to reduce clutter.","leaseAction":null,"leaseStatus":null,"daysRemaining":null,"leaseUtilization":null,"monthlyRevenue":null,"contractFlag":null,"recommendedAction":null,"licensureNote":null,"opsNotes":null,"leaseExpiry":null,"osDate":"2025-09-20","oc01":0.85,"oc02":0.75,"oc03":0.834,"oc04":0.85,"oc05":0.85,"oc06":0.85,"oc07":0.8,"oc08":0.85,"oc09":null,"adaFlag":false,"brandingFlag":false,"criticalOptimus":false}},{"type":"Feature","geometry":{"type":"Point","coordinates":[-122.027704776079,37.925184106623]},"properties":{"id":"5714","name":"WALNUT CREEK","propertyType":"PSI Owned","category":"OO","address":"175 Lennon Lane, Suite 203","city":"Walnut Creek","state":"California","zip":"94598","country":"USA","geocodeSource":"census","scoreBucket":5,"scoreRaw":25,"seats":17,"cdVolume":23553,"avgMonthlyVol":1962.8,"zdTicketRate":0.0231,"dispRate":0.0006,"reschdRate":0.0009,"dmaRegion":"SAN FRANCISCO - OAK - SAN JOSE","fy25Utilization":null,"fy25Volume":null,"optimusTier":null,"optimusScore":null,"quickWins":null,"priority":null,"leaseAction":null,"leaseStatus":null,"daysRemaining":null,"leaseUtilization":null,"monthlyRevenue":null,"contractFlag":null,"recommendedAction":null,"licensureNote":null,"opsNotes":null,"leaseExpiry":null,"osDate":null,"oc01":null,"oc02":null,"oc03":null,"oc04":null,"oc05":null,"oc06":null,"oc07":null,"oc08":null,"oc09":null,"brandingFlag":false,"adaFlag":false,"criticalOptimus":false}},{"type":"Feature","geometry":{"type":"Point","coordinates":[-105.107645323916,39.913522727914]},"properties":{"id":"5233","name":"Broomfield - McAir Aviation","propertyType":"PSI Authorized","category":"3P","address":"11945 Airport Way, Jeffco Airport","city":"Broomfield","state":"Colorado","zip":"80021","country":"USA","geocodeSource":"census","scoreBucket":4,"scoreRaw":20,"seats":6,"cdVolume":2343,"avgMonthlyVol":195.2,"zdTicketRate":0.0367,"dispRate":0.0009,"reschdRate":0.0009,"dmaRegion":"DENVER","leaseAction":null,"leaseStatus":null,"daysRemaining":null,"leaseUtilization":null,"monthlyRevenue":null,"contractFlag":null,"recommendedAction":null,"licensureNote":null,"opsNotes":null,"leaseExpiry":null,"criticalOptimus":false}},{"type":"Feature","geometry":{"type":"Point","coordinates":[-104.846970539119,39.593163838891]},"properties":{"id":"5109","name":"CENTENNIAL (Denver)","propertyType":"PSI Owned","category":"OO","address":"12200 E. Briarwood Ave, Suite 270","city":"Centennial","state":"Colorado","zip":"80112","country":"USA","geocodeSource":"census","scoreBucket":4,"scoreRaw":22,"seats":24,"cdVolume":17671,"avgMonthlyVol":1472.6,"zdTicketRate":0.0535,"dispRate":0.0046,"reschdRate":0,"dmaRegion":"DENVER","optimusScore":0.744,"optimusTier":"B","fy25Volume":8762,"fy25Utilization":0.706,"priority":null,"quickWins":"Remove clutter such as bags and water bottles.; Organize shelves to reduce visible clutter.; Remove clutter from workstations to improve cleanliness.; Organize and reduce clutter near signage to improve candidate focus.","leaseAction":null,"leaseStatus":null,"daysRemaining":null,"leaseUtilization":null,"monthlyRevenue":null,"contractFlag":null,"recommendedAction":null,"licensureNote":null,"opsNotes":null,"leaseExpiry":null,"osDate":"2025-08-22","oc01":0.85,"oc02":0.65,"oc03":0.7,"oc04":0.85,"oc05":0.9,"oc06":0.85,"oc07":0.85,"oc08":0.85,"oc09":0.85,"adaFlag":false,"brandingFlag":false,"criticalOptimus":false}},{"type":"Feature","geometry":{"type":"Point","coordinates":[-104.733962611682,38.839931971711]},"properties":{"id":"12944","name":"Colorado Springs - ACUSkill","propertyType":"PSI Authorized","category":"3P","address":"5050 Edison Ave., Suite 122","city":"Colorado Springs","state":"Colorado","zip":"80915","country":"USA","geocodeSource":"census","scoreBucket":4,"scoreRaw":20,"seats":12,"cdVolume":6986,"avgMonthlyVol":582.2,"zdTicketRate":0.0313,"dispRate":0.0155,"reschdRate":0.0014,"dmaRegion":"COLORADO SPRINGS - PUEBLO","leaseAction":null,"leaseStatus":null,"daysRemaining":null,"leaseUtilization":null,"monthlyRevenue":null,"contractFlag":null,"recommendedAction":null,"licensureNote":null,"opsNotes":null,"leaseExpiry":null,"criticalOptimus":false}},{"type":"Feature","geometry":{"type":"Point","coordinates":[-107.873306970667,37.264987264064]},"properties":{"id":"136","name":"DURANGO","propertyType":"PSI Owned","category":"OO","address":"799 East 3rd Street, Suite 3","city":"Durango","state":"Colorado","zip":"81301","country":"USA","geocodeSource":"census","scoreBucket":3,"scoreRaw":19,"seats":6,"cdVolume":1614,"avgMonthlyVol":134.5,"zdTicketRate":0.0607,"dispRate":0.0037,"reschdRate":0.0068,"dmaRegion":"ALBUQUERQUE - SANTA FE","optimusScore":0.733,"optimusTier":"B","fy25Volume":808,"fy25Utilization":0.555,"priority":null,"quickWins":null,"leaseAction":null,"leaseStatus":null,"daysRemaining":null,"leaseUtilization":null,"monthlyRevenue":null,"contractFlag":null,"recommendedAction":null,"licensureNote":null,"opsNotes":null,"leaseExpiry":null,"osDate":"2025-09-18","oc01":0.85,"oc02":0.75,"oc03":0.834,"oc04":0.85,"oc05":0.85,"oc06":null,"oc07":0.65,"oc08":1,"oc09":null,"adaFlag":true,"brandingFlag":false,"criticalOptimus":false}},{"type":"Feature","geometry":{"type":"Point","coordinates":[-104.845591285165,39.583020017677]},"properties":{"id":"18411","name":"Englewood - Test Pro Center","propertyType":"PSI Authorized","category":"3P","address":"7395 S Peoria Street, Suite 105, TacAir Hangar 8, Centennial Airport","city":"Englewood","state":"Colorado","zip":"80112","country":"USA","geocodeSource":"census","scoreBucket":2,"scoreRaw":15,"seats":4,"cdVolume":1886,"avgMonthlyVol":157.2,"zdTicketRate":0.0583,"dispRate":0.0042,"reschdRate":0.0201,"dmaRegion":"DENVER","leaseAction":null,"leaseStatus":null,"daysRemaining":null,"leaseUtilization":null,"monthlyRevenue":null,"contractFlag":null,"recommendedAction":null,"licensureNote":null,"opsNotes":null,"leaseExpiry":null,"criticalOptimus":false}},{"type":"Feature","geometry":{"type":"Point","coordinates":[-105.076898872583,40.546303838874]},"properties":{"id":"6751","name":"FORT COLLINS","propertyType":"PSI Owned","category":"OO","address":"3000 S College Ave Suite# 206","city":"Fort Collins","state":"Colorado","zip":"80525","country":"USA","geocodeSource":"census","scoreBucket":3,"scoreRaw":19,"seats":10,"cdVolume":7727,"avgMonthlyVol":643.9,"zdTicketRate":0.0664,"dispRate":0.0049,"reschdRate":0.0041,"dmaRegion":"DENVER","optimusScore":0.65,"optimusTier":"C","fy25Volume":3744,"fy25Utilization":0.712,"priority":null,"quickWins":"Repair facade damage, repaint, replace broken doors, improve entrance appearance; Clean floors, repair walls, replace broken furniture, improve lighting; Remove personal items, organize desk, update signage, clear walkways; Replace broken furniture, organize cables, improve lighting, reduce noise; D","leaseAction":null,"leaseStatus":null,"daysRemaining":null,"leaseUtilization":null,"monthlyRevenue":null,"contractFlag":null,"recommendedAction":null,"licensureNote":null,"opsNotes":null,"leaseExpiry":null,"osDate":"2025-09-26","oc01":0.85,"oc02":0.65,"oc03":0.5,"oc04":0.85,"oc05":0.9,"oc06":0.65,"oc07":0.65,"oc08":0.85,"oc09":0.85,"adaFlag":true,"brandingFlag":false,"criticalOptimus":false}},{"type":"Feature","geometry":{"type":"Point","coordinates":[-105.096067559572,40.523051766811]},"properties":{"id":"6312","name":"Fort Collins - FRCC Larimer Campus Testing","propertyType":"TD TESTING","category":"3P","address":"4616 S. Shields, Mount Antero Building, Suite 532","city":"Fort Collins","state":"Colorado","zip":"80526","country":"USA","geocodeSource":"census","scoreBucket":3,"scoreRaw":18,"seats":4,"cdVolume":1084,"avgMonthlyVol":90.3,"zdTicketRate":0.1393,"dispRate":0.0037,"reschdRate":0.0065,"dmaRegion":"DENVER","leaseAction":null,"leaseStatus":null,"daysRemaining":null,"leaseUtilization":null,"monthlyRevenue":null,"contractFlag":null,"recommendedAction":null,"licensureNote":null,"opsNotes":null,"leaseExpiry":null,"criticalOptimus":false}},{"type":"Feature","geometry":{"type":"Point","coordinates":[-108.534212930053,39.11305802915]},"properties":{"id":"135","name":"GRAND JUNCTION","propertyType":"PSI Owned","category":"OO","address":"743 Horizon Court, #203","city":"Grand Junction","state":"Colorado","zip":"81506","country":"USA","geocodeSource":"census","scoreBucket":4,"scoreRaw":21,"seats":5,"cdVolume":4090,"avgMonthlyVol":340.8,"zdTicketRate":0.099,"dispRate":0,"reschdRate":0.0054,"dmaRegion":"GRAND JUNCTION - MONTROSE","optimusScore":0.695,"optimusTier":"C","fy25Volume":2044,"fy25Utilization":0.801,"priority":null,"quickWins":"Repair facade damage, repaint, replace broken doors, improve entrance appearance; Clean floors, repair walls, replace broken furniture, improve lighting; Remove personal items, organize desk, update signage, clear walkways; Replace broken furniture, organize cables, improve lighting, reduce noise; D","leaseAction":"Renew","leaseStatus":"EXPIRED","daysRemaining":-4258,"leaseUtilization":0.8,"monthlyRevenue":64651,"contractFlag":false,"recommendedAction":"11+ yrs MTM; solid util — formalize lease","licensureNote":"CO RE expires 9/30/2027","opsNotes":null,"leaseExpiry":"09-30-2014","osDate":"2025-09-20","oc01":0.85,"oc02":0.85,"oc03":0.7,"oc04":0.85,"oc05":0.85,"oc06":null,"oc07":0.85,"oc08":0.85,"oc09":null,"adaFlag":false,"brandingFlag":false,"criticalOptimus":false}},{"type":"Feature","geometry":{"type":"Point","coordinates":[-104.618286813636,38.270646380483]},"properties":{"id":"133","name":"PUEBLO","propertyType":"PSI Owned","category":"OO","address":"803 West 4th Street, Suite #803S","city":"Pueblo","state":"Colorado","zip":"81003","country":"USA","geocodeSource":"census","scoreBucket":3,"scoreRaw":17,"seats":8,"cdVolume":3117,"avgMonthlyVol":259.8,"zdTicketRate":0.0648,"dispRate":0.052,"reschdRate":0.0064,"dmaRegion":"COLORADO SPRINGS - PUEBLO","fy25Utilization":null,"fy25Volume":null,"optimusTier":null,"optimusScore":null,"quickWins":null,"priority":null,"leaseAction":"Renew","leaseStatus":"EXPIRED","daysRemaining":-5415,"leaseUtilization":null,"monthlyRevenue":0,"contractFlag":false,"recommendedAction":"Landlord offered 2-yr renewal at $825/mo — decision needed","licensureNote":"CO RE expires 9/30/2027","opsNotes":null,"leaseExpiry":"07-31-2011","osDate":null,"oc01":null,"oc02":null,"oc03":null,"oc04":null,"oc05":null,"oc06":null,"oc07":null,"oc08":null,"oc09":null,"brandingFlag":false,"adaFlag":false,"criticalOptimus":false}},{"type":"Feature","geometry":{"type":"Point","coordinates":[-105.104966017231,39.785493137846]},"properties":{"id":"130","name":"WHEAT RIDGE (DENVER)","propertyType":"PSI Owned","category":"OO","address":"4891 Independence St., Suite 220","city":"Wheat Ridge","state":"Colorado","zip":"80033","country":"USA","geocodeSource":"census","scoreBucket":4,"scoreRaw":22,"seats":11,"cdVolume":15231,"avgMonthlyVol":1269.2,"zdTicketRate":0.054,"dispRate":0.0077,"reschdRate":0.0003,"dmaRegion":"DENVER","optimusScore":0.664,"optimusTier":"C","fy25Volume":7394,"fy25Utilization":0.898,"priority":null,"quickWins":"Repair facade damage, repaint, replace broken doors, improve entrance appearance; Clean floors, repair walls, replace broken furniture, improve lighting; Remove personal items, organize desk, update signage, clear walkways; Replace broken furniture, organize cables, improve lighting, reduce noise; D","leaseAction":"Renew","leaseStatus":"< 180 days","daysRemaining":125,"leaseUtilization":0.9,"monthlyRevenue":252084,"contractFlag":false,"recommendedAction":"79.2% util, full schedule — renew","licensureNote":"CO RE expires 9/30/2027","opsNotes":null,"leaseExpiry":"09-30-2026","osDate":"2025-10-09","oc01":0.85,"oc02":0.65,"oc03":0.834,"oc04":0.65,"oc05":0.75,"oc06":0.8,"oc07":0.8,"oc08":0.9,"oc09":null,"adaFlag":false,"brandingFlag":false,"criticalOptimus":false}},{"type":"Feature","geometry":{"type":"Point","coordinates":[-73.094503989061,41.218394496174]},"properties":{"id":"5584","name":"MILFORD","propertyType":"PSI Owned","category":"OO","address":"500 BIC Drive, Suite 105","city":"Milford","state":"Connecticut","zip":"06461","country":"USA","geocodeSource":"census","scoreBucket":3,"scoreRaw":19,"seats":17,"cdVolume":12414,"avgMonthlyVol":1034.5,"zdTicketRate":0.0628,"dispRate":0.0008,"reschdRate":0.0007,"dmaRegion":"HARTFORD & NEW HAVEN","optimusScore":0.589,"optimusTier":"C","fy25Volume":6161,"fy25Utilization":0.835,"priority":null,"quickWins":"Repair facade damage, repaint, replace broken doors, improve entrance appearance; Clean floors, repair walls, replace broken furniture, improve lighting; Remove personal items, organize desk, update signage, clear walkways; Replace broken furniture, organize cables, improve lighting, reduce noise; D","leaseAction":null,"leaseStatus":null,"daysRemaining":null,"leaseUtilization":null,"monthlyRevenue":null,"contractFlag":null,"recommendedAction":null,"licensureNote":null,"opsNotes":null,"leaseExpiry":null,"osDate":"2025-08-30","oc01":0.75,"oc02":0.4,"oc03":0.6,"oc04":0.85,"oc05":0.8,"oc06":0.65,"oc07":0.55,"oc08":0.75,"oc09":null,"adaFlag":true,"brandingFlag":false,"criticalOptimus":false}},{"type":"Feature","geometry":{"type":"Point","coordinates":[-72.767290766501,41.754313393998]},"properties":{"id":"10130","name":"WEST HARTFORD - FARMINGTON AVE","propertyType":"PSI Owned","category":"OO","address":"1245 Farmington Ave, Suite 203","city":"West Hartford","state":"Connecticut","zip":"06107","country":"USA","geocodeSource":"census","scoreBucket":4,"scoreRaw":20,"seats":15,"cdVolume":15748,"avgMonthlyVol":1312.3,"zdTicketRate":0.0911,"dispRate":0.0027,"reschdRate":0.0046,"dmaRegion":"HARTFORD & NEW HAVEN","optimusScore":0.752,"optimusTier":"B","fy25Volume":7760,"fy25Utilization":0.861,"priority":null,"quickWins":"Ensure all items on the reception desk are organized.","leaseAction":"Renew+Expand","leaseStatus":"< 90 days","daysRemaining":64,"leaseUtilization":0.86,"monthlyRevenue":196074,"contractFlag":true,"recommendedAction":"86.1% util, full 6-day schedule — expand seats at renewal","licensureNote":"CT RE-CON may be expiring 1/31/2026","opsNotes":null,"leaseExpiry":"07-31-2026","osDate":"2025-09-23","oc01":0.75,"oc02":0.4,"oc03":0.834,"oc04":0.85,"oc05":0.9,"oc06":0.85,"oc07":0.75,"oc08":0.85,"oc09":0.8,"adaFlag":false,"brandingFlag":false,"criticalOptimus":false}},{"type":"Feature","geometry":{"type":"Point","coordinates":[-72.982688783679,41.338786999025]},"properties":{"id":"6183","name":"Woodbridge - Metro Testing Services","propertyType":"MG TESTING","category":"3P","address":"30 Hazel Terrace, Ste 4","city":"Woodbridge","state":"Connecticut","zip":"06525","country":"USA","geocodeSource":"census","scoreBucket":3,"scoreRaw":17,"seats":17,"cdVolume":1520,"avgMonthlyVol":126.7,"zdTicketRate":0.0671,"dispRate":0.0033,"reschdRate":0.0007,"dmaRegion":"HARTFORD & NEW HAVEN","leaseAction":null,"leaseStatus":null,"daysRemaining":null,"leaseUtilization":null,"monthlyRevenue":null,"contractFlag":null,"recommendedAction":null,"licensureNote":null,"opsNotes":null,"leaseExpiry":null,"criticalOptimus":false}},{"type":"Feature","geometry":{"type":"Point","coordinates":[-75.533641495,39.161471128791]},"properties":{"id":"13719","name":"Dover - SRCC Testing Services and Programs","propertyType":"PSI Authorized","category":"3P","address":"109 N. West Street","city":"Dover","state":"Delaware","zip":"19904","country":"USA","geocodeSource":"census","scoreBucket":2,"scoreRaw":14,"seats":4,"cdVolume":325,"avgMonthlyVol":27.1,"zdTicketRate":0.1662,"dispRate":0.0246,"reschdRate":0.0277,"dmaRegion":"PHILADELPHIA","leaseAction":null,"leaseStatus":null,"daysRemaining":null,"leaseUtilization":null,"monthlyRevenue":null,"contractFlag":null,"recommendedAction":null,"licensureNote":null,"opsNotes":null,"leaseExpiry":null,"criticalOptimus":false}},{"type":"Feature","geometry":{"type":"Point","coordinates":[-75.408351675641,38.697667095179]},"properties":{"id":"5241","name":"Georgetown - Delaware Technical Community College","propertyType":"PSI Authorized","category":"3P","address":"21179 College Drive, Jason Technology Center, Room 176","city":"Georgetown","state":"Delaware","zip":"19947","country":"USA","geocodeSource":"census","scoreBucket":3,"scoreRaw":18,"seats":6,"cdVolume":671,"avgMonthlyVol":55.9,"zdTicketRate":0.0835,"dispRate":0.006,"reschdRate":0.0089,"dmaRegion":"SALISBURY","leaseAction":null,"leaseStatus":null,"daysRemaining":null,"leaseUtilization":null,"monthlyRevenue":null,"contractFlag":null,"recommendedAction":null,"licensureNote":null,"opsNotes":null,"leaseExpiry":null,"criticalOptimus":false}},{"type":"Feature","geometry":{"type":"Point","coordinates":[-81.41897884477,28.669069890488]},"properties":{"id":"5242","name":"Altamonte Springs - Hospitality Resource Supply Inc.","propertyType":"PSI Authorized","category":"3P","address":"499 N State Rd 434, Suite 1005","city":"Altamonte Springs","state":"Florida","zip":"32714","country":"USA","geocodeSource":"census","scoreBucket":4,"scoreRaw":21,"seats":10,"cdVolume":2337,"avgMonthlyVol":194.8,"zdTicketRate":0.0471,"dispRate":0.0009,"reschdRate":0.0073,"dmaRegion":"ORLANDO - DAYTONA BCH - MELBRN","leaseAction":null,"leaseStatus":null,"daysRemaining":null,"leaseUtilization":null,"monthlyRevenue":null,"contractFlag":null,"recommendedAction":null,"licensureNote":null,"opsNotes":null,"leaseExpiry":null,"criticalOptimus":false}},{"type":"Feature","geometry":{"type":"Point","coordinates":[-80.102369682328,26.365343667212]},"properties":{"id":"5836","name":"Boca Raton - Florida Atlantic University","propertyType":"PSI Authorized","category":"3P","address":"777 Glades Rd, SU 80, Room 210","city":"Boca Raton","state":"Florida","zip":"33431","country":"USA","geocodeSource":"census","scoreBucket":4,"scoreRaw":20,"seats":20,"cdVolume":2560,"avgMonthlyVol":213.3,"zdTicketRate":0.0539,"dispRate":0,"reschdRate":0.0047,"dmaRegion":"WEST PALM BEACH - FT. PIERCE","leaseAction":null,"leaseStatus":null,"daysRemaining":null,"leaseUtilization":null,"monthlyRevenue":null,"contractFlag":null,"recommendedAction":null,"licensureNote":null,"opsNotes":null,"leaseExpiry":null,"criticalOptimus":false}},{"type":"Feature","geometry":{"type":"Point","coordinates":[-87.260788859001,30.587018599826]},"properties":{"id":"18144","name":"Pensacola - Tennessee Valley Training Center","propertyType":"MG TESTING","category":"3P","address":"1125 Chemstrand Rd","city":"Cantonment","state":"Florida","zip":"32533","country":"USA","geocodeSource":"census","scoreBucket":3,"scoreRaw":19,"seats":4,"cdVolume":859,"avgMonthlyVol":71.6,"zdTicketRate":0.0605,"dispRate":0.0047,"reschdRate":0.0012,"dmaRegion":"MOBILE - PENSACOLA (FT WALT)","leaseAction":null,"leaseStatus":null,"daysRemaining":null,"leaseUtilization":null,"monthlyRevenue":null,"contractFlag":null,"recommendedAction":null,"licensureNote":null,"opsNotes":null,"leaseExpiry":null,"criticalOptimus":false}},{"type":"Feature","geometry":{"type":"Point","coordinates":[-85.554034149858,30.77558021755]},"properties":{"id":"10706","name":"Chipley - Florida Panhandle Technical College","propertyType":"PSI Authorized","category":"3P","address":"757 Hoyt St, Administration Bldg, Rm 107","city":"Chipley","state":"Florida","zip":"32428","country":"USA","geocodeSource":"census","scoreBucket":2,"scoreRaw":16,"seats":5,"cdVolume":655,"avgMonthlyVol":54.6,"zdTicketRate":0.1389,"dispRate":0.0229,"reschdRate":0.0122,"dmaRegion":"PANAMA CITY","leaseAction":null,"leaseStatus":null,"daysRemaining":null,"leaseUtilization":null,"monthlyRevenue":null,"contractFlag":null,"recommendedAction":null,"licensureNote":null,"opsNotes":null,"leaseExpiry":null,"criticalOptimus":false}},{"type":"Feature","geometry":{"type":"Point","coordinates":[-80.238404356567,26.079585610536]},"properties":{"id":"11283","name":"Fort Lauderdale - Florida Atlantic University Davie","propertyType":"PSI Authorized","category":"3P","address":"3200 College Ave, Liberal Arts Bldg, Suite 243A","city":"Davie","state":"Florida","zip":"33314","country":"USA","geocodeSource":"census","scoreBucket":3,"scoreRaw":19,"seats":6,"cdVolume":2543,"avgMonthlyVol":211.9,"zdTicketRate":0.1184,"dispRate":0,"reschdRate":0.0028,"dmaRegion":"MIAMI - FT. LAUDERDALE","leaseAction":null,"leaseStatus":null,"daysRemaining":null,"leaseUtilization":null,"monthlyRevenue":null,"contractFlag":null,"recommendedAction":null,"licensureNote":null,"opsNotes":null,"leaseExpiry":null,"criticalOptimus":false}},{"type":"Feature","geometry":{"type":"Point","coordinates":[-81.020737113299,29.210690012188]},"properties":{"id":"6209","name":"Daytona Beach - Sunshine Safety Council","propertyType":"MG TESTING","category":"3P","address":"119 South Palmetto Ave, Suite 150","city":"Daytona Beach","state":"Florida","zip":"32114","country":"USA","geocodeSource":"census","scoreBucket":2,"scoreRaw":15,"seats":5,"cdVolume":831,"avgMonthlyVol":69.2,"zdTicketRate":0.0746,"dispRate":0.0108,"reschdRate":0.0397,"dmaRegion":"ORLANDO - DAYTONA BCH - MELBRN","leaseAction":null,"leaseStatus":null,"daysRemaining":null,"leaseUtilization":null,"monthlyRevenue":null,"contractFlag":null,"recommendedAction":null,"licensureNote":null,"opsNotes":null,"leaseExpiry":null,"criticalOptimus":false}},{"type":"Feature","geometry":{"type":"Point","coordinates":[-82.343831457874,26.938713559997]},"properties":{"id":"19102","name":"Englewood - IG Group","propertyType":"PSI Authorized","category":"3P","address":"1460 S. McCall Rd, Unit 1E","city":"Englewood","state":"Florida","zip":"34223","country":"USA","geocodeSource":"census","seats":null,"scoreRaw":null,"scoreBucket":null,"avgMonthlyVol":null,"cdVolume":null,"reschdRate":null,"dispRate":null,"zdTicketRate":null,"dmaRegion":null,"leaseAction":null,"leaseStatus":null,"daysRemaining":null,"leaseUtilization":null,"monthlyRevenue":null,"contractFlag":null,"recommendedAction":null,"licensureNote":null,"opsNotes":null,"leaseExpiry":null,"criticalOptimus":false}},{"type":"Feature","geometry":{"type":"Point","coordinates":[-80.152565899409,26.203148783666]},"properties":{"id":"6291","name":"Fort Lauderdale - The Academy of South Florida","propertyType":"TD TESTING","category":"3P","address":"800 West Cypress Creek Rd, Ste 200","city":"Fort Lauderdale","state":"Florida","zip":"33309","country":"USA","geocodeSource":"census","scoreBucket":3,"scoreRaw":17,"seats":10,"cdVolume":1053,"avgMonthlyVol":87.8,"zdTicketRate":0.1007,"dispRate":0,"reschdRate":0.0104,"dmaRegion":"MIAMI - FT. LAUDERDALE","leaseAction":null,"leaseStatus":null,"daysRemaining":null,"leaseUtilization":null,"monthlyRevenue":null,"contractFlag":null,"recommendedAction":null,"licensureNote":null,"opsNotes":null,"leaseExpiry":null,"criticalOptimus":false}},{"type":"Feature","geometry":{"type":"Point","coordinates":[-81.860483154786,26.646740348691]},"properties":{"id":"6289","name":"Fort Myers - Southwest FL Safety Council","propertyType":"MG TESTING","category":"3P","address":"1714 Evans Ave, Testing Center","city":"Fort Myers","state":"Florida","zip":"33901","country":"USA","geocodeSource":"census","scoreBucket":3,"scoreRaw":17,"seats":7,"cdVolume":1842,"avgMonthlyVol":153.5,"zdTicketRate":0.1623,"dispRate":0,"reschdRate":0.0033,"dmaRegion":"FT. MYERS - NAPLES","leaseAction":null,"leaseStatus":null,"daysRemaining":null,"leaseUtilization":null,"monthlyRevenue":null,"contractFlag":null,"recommendedAction":null,"licensureNote":null,"opsNotes":null,"leaseExpiry":null,"criticalOptimus":false}},{"type":"Feature","geometry":{"type":"Point","coordinates":[-81.752324892537,26.496083569747]},"properties":{"id":"9017","name":"Fort Myers - Florida Gulf Coast University","propertyType":"PSI Authorized","category":"3P","address":"16301 Innovation Lane Room #118, Emergent Technologies Institute","city":"Ft. Meyers","state":"Florida","zip":"33913","country":"USA","geocodeSource":"census","scoreBucket":3,"scoreRaw":17,"seats":4,"cdVolume":1544,"avgMonthlyVol":128.7,"zdTicketRate":0.1133,"dispRate":0.0071,"reschdRate":0.0155,"dmaRegion":"FT. MYERS - NAPLES","leaseAction":null,"leaseStatus":null,"daysRemaining":null,"leaseUtilization":null,"monthlyRevenue":null,"contractFlag":null,"recommendedAction":null,"licensureNote":null,"opsNotes":null,"leaseExpiry":null,"criticalOptimus":false}},{"type":"Feature","geometry":{"type":"Point","coordinates":[-82.2744981,29.7013508]},"properties":{"id":"5251","name":"Gainesville - Gulf Atlantic Airways","propertyType":"PSI Authorized","category":"3P","address":"4701 NE 40th Terrace, Gainesville Regional Airport","city":"Gainesville","state":"Florida","zip":"32609","country":"USA","geocodeSource":"nominatim","scoreBucket":3,"scoreRaw":19,"seats":3,"cdVolume":546,"avgMonthlyVol":45.5,"zdTicketRate":0.0824,"dispRate":0.0073,"reschdRate":0.0018,"dmaRegion":"GAINESVILLE","leaseAction":null,"leaseStatus":null,"daysRemaining":null,"leaseUtilization":null,"monthlyRevenue":null,"contractFlag":null,"recommendedAction":null,"licensureNote":null,"opsNotes":null,"leaseExpiry":null,"criticalOptimus":false}},{"type":"Feature","geometry":{"type":"Point","coordinates":[-81.720090895445,30.301137834828]},"properties":{"id":"6318","name":"Jacksonville - Florida State - Kent Campus","propertyType":"TD TESTING","category":"3P","address":"Assessment and Certification Ctr - Room A102, 3939 Roosevelt Blvd.","city":"Jacksonville","state":"Florida","zip":"32205","country":"USA","geocodeSource":"census","scoreBucket":3,"scoreRaw":18,"seats":6,"cdVolume":1166,"avgMonthlyVol":97.2,"zdTicketRate":0.0849,"dispRate":0.0026,"reschdRate":0.0111,"dmaRegion":"JACKSONVILLE","leaseAction":null,"leaseStatus":null,"daysRemaining":null,"leaseUtilization":null,"monthlyRevenue":null,"contractFlag":null,"recommendedAction":null,"licensureNote":null,"opsNotes":null,"leaseExpiry":null,"criticalOptimus":false}},{"type":"Feature","geometry":{"type":"Point","coordinates":[-81.712894673147,30.427557514938]},"properties":{"id":"10698","name":"Jacksonville - Florida State College North Campus","propertyType":"PSI Authorized","category":"3P","address":"4501 Capper Road, Bldg E, Rm 223","city":"Jacksonville","state":"Florida","zip":"32218","country":"USA","geocodeSource":"census","scoreBucket":2,"scoreRaw":13,"seats":5,"cdVolume":876,"avgMonthlyVol":73,"zdTicketRate":0.1039,"dispRate":0.0126,"reschdRate":0.0205,"dmaRegion":"JACKSONVILLE","leaseAction":null,"leaseStatus":null,"daysRemaining":null,"leaseUtilization":null,"monthlyRevenue":null,"contractFlag":null,"recommendedAction":null,"licensureNote":null,"opsNotes":null,"leaseExpiry":null,"criticalOptimus":false}},{"type":"Feature","geometry":{"type":"Point","coordinates":[-82.371527190007,28.219459376389]},"properties":{"id":"5256","name":"Lutz - Tampa North Aero Services","propertyType":"PSI Authorized","category":"3P","address":"4241 Birdsong Blvd, Tampa North Aero Park","city":"Lutz","state":"Florida","zip":"33559","country":"USA","geocodeSource":"census","scoreBucket":2,"scoreRaw":14,"seats":3,"cdVolume":531,"avgMonthlyVol":44.2,"zdTicketRate":0.064,"dispRate":0.0038,"reschdRate":0.0151,"dmaRegion":"TAMPA - ST. PETE (SARASOTA)","leaseAction":null,"leaseStatus":null,"daysRemaining":null,"leaseUtilization":null,"monthlyRevenue":null,"contractFlag":null,"recommendedAction":null,"licensureNote":null,"opsNotes":null,"leaseExpiry":null,"criticalOptimus":false}},{"type":"Feature","geometry":{"type":"Point","coordinates":[-80.375880338001,25.67220452099]},"properties":{"id":"11780","name":"Miami - Miami Dade College - Kendall Campus","propertyType":"PSI Authorized","category":"3P","address":"11011 SW 104 Street, Building R, 5th Floor, Room R511","city":"Miami","state":"Florida","zip":"33176","country":"USA","geocodeSource":"census","scoreBucket":2,"scoreRaw":16,"seats":12,"cdVolume":1018,"avgMonthlyVol":84.8,"zdTicketRate":0.0874,"dispRate":0.0029,"reschdRate":0.0098,"dmaRegion":"MIAMI - FT. LAUDERDALE","leaseAction":null,"leaseStatus":null,"daysRemaining":null,"leaseUtilization":null,"monthlyRevenue":null,"contractFlag":null,"recommendedAction":null,"licensureNote":null,"opsNotes":null,"leaseExpiry":null,"criticalOptimus":false}},{"type":"Feature","geometry":{"type":"Point","coordinates":[-80.210553944115,25.795079339131]},"properties":{"id":"12645","name":"Miami - Miami Dade College - Medical Campus","propertyType":"PSI Authorized","category":"3P","address":"950 NW 20th Street, Rm. 1302","city":"Miami","state":"Florida","zip":"33127","country":"USA","geocodeSource":"census","scoreBucket":2,"scoreRaw":16,"seats":30,"cdVolume":1181,"avgMonthlyVol":98.4,"zdTicketRate":0.1118,"dispRate":0,"reschdRate":0.0203,"dmaRegion":"MIAMI - FT. LAUDERDALE","leaseAction":null,"leaseStatus":null,"daysRemaining":null,"leaseUtilization":null,"monthlyRevenue":null,"contractFlag":null,"recommendedAction":null,"licensureNote":null,"opsNotes":null,"leaseExpiry":null,"criticalOptimus":false}},{"type":"Feature","geometry":{"type":"Point","coordinates":[-80.24293451308,25.877761841972]},"properties":{"id":"12671","name":"Miami - Miami Dade College - North Campus","propertyType":"PSI Authorized","category":"3P","address":"Miami Dade College - North Campus, 11380 N.W. 27th Ave, Building 1 Room 1160","city":"Miami","state":"Florida","zip":"33167","country":"USA","geocodeSource":"census","scoreBucket":3,"scoreRaw":17,"seats":31,"cdVolume":3584,"avgMonthlyVol":298.7,"zdTicketRate":0.0762,"dispRate":0.0022,"reschdRate":0.0165,"dmaRegion":"MIAMI - FT. LAUDERDALE","leaseAction":null,"leaseStatus":null,"daysRemaining":null,"leaseUtilization":null,"monthlyRevenue":null,"contractFlag":null,"recommendedAction":null,"licensureNote":null,"opsNotes":null,"leaseExpiry":null,"criticalOptimus":false}},{"type":"Feature","geometry":{"type":"Point","coordinates":[-80.190418345404,25.777202846581]},"properties":{"id":"11777","name":"Miami - Miami Dade College - Wolfson Campus","propertyType":"PSI Authorized","category":"3P","address":"R300 NE 2 Avenue, Room 3104, Building 3","city":"Miami","state":"Florida","zip":"33132","country":"USA","geocodeSource":"census","scoreBucket":1,"scoreRaw":10,"seats":6,"cdVolume":868,"avgMonthlyVol":72.3,"zdTicketRate":0.1532,"dispRate":0.0069,"reschdRate":0.0864,"dmaRegion":"MIAMI - FT. LAUDERDALE","leaseAction":null,"leaseStatus":null,"daysRemaining":null,"leaseUtilization":null,"monthlyRevenue":null,"contractFlag":null,"recommendedAction":null,"licensureNote":null,"opsNotes":null,"leaseExpiry":null,"criticalOptimus":false}},{"type":"Feature","geometry":{"type":"Point","coordinates":[-80.256260549972,25.77898119046]},"properties":{"id":"6292","name":"Miami - The Academy of South Florida","propertyType":"TD TESTING","category":"3P","address":"3721 NW 7 St","city":"Miami","state":"Florida","zip":"33126","country":"USA","geocodeSource":"census","scoreBucket":4,"scoreRaw":20,"seats":9,"cdVolume":2293,"avgMonthlyVol":191.1,"zdTicketRate":0.0733,"dispRate":0,"reschdRate":0.0022,"dmaRegion":"MIAMI - FT. LAUDERDALE","leaseAction":null,"leaseStatus":null,"daysRemaining":null,"leaseUtilization":null,"monthlyRevenue":null,"contractFlag":null,"recommendedAction":null,"licensureNote":null,"opsNotes":null,"leaseExpiry":null,"criticalOptimus":false}},{"type":"Feature","geometry":{"type":"Point","coordinates":[-81.766947916562,26.154086527654]},"properties":{"id":"5262","name":"Naples - Naples Air Center Inc","propertyType":"PSI Authorized","category":"3P","address":"240 Aviation Drive North, Naples Municipal Airport","city":"Naples","state":"Florida","zip":"34104","country":"USA","geocodeSource":"census","scoreBucket":2,"scoreRaw":15,"seats":4,"cdVolume":133,"avgMonthlyVol":11.1,"zdTicketRate":0.5188,"dispRate":0.0075,"reschdRate":0.0226,"dmaRegion":"FT. MYERS - NAPLES","leaseAction":null,"leaseStatus":null,"daysRemaining":null,"leaseUtilization":null,"monthlyRevenue":null,"contractFlag":null,"recommendedAction":null,"licensureNote":null,"opsNotes":null,"leaseExpiry":null,"criticalOptimus":false}},{"type":"Feature","geometry":{"type":"Point","coordinates":[-81.393457104893,28.603394972153]},"properties":{"id":"18233","name":"Orlando - Orlando Training and Testing Center","propertyType":"PSI Authorized","category":"3P","address":"5125 Adanson Street, Suite 450","city":"Orlando","state":"Florida","zip":"32804","country":"USA","geocodeSource":"census","scoreBucket":3,"scoreRaw":19,"seats":20,"cdVolume":8927,"avgMonthlyVol":743.9,"zdTicketRate":0.0383,"dispRate":0.0161,"reschdRate":0.0155,"dmaRegion":"ORLANDO - DAYTONA BCH - MELBRN","leaseAction":null,"leaseStatus":null,"daysRemaining":null,"leaseUtilization":null,"monthlyRevenue":null,"contractFlag":null,"recommendedAction":null,"licensureNote":null,"opsNotes":null,"leaseExpiry":null,"criticalOptimus":false}},{"type":"Feature","geometry":{"type":"Point","coordinates":[-80.097374295167,26.231950740641]},"properties":{"id":"5276","name":"Pompano Beach - Premier Testing","propertyType":"PSI Authorized","category":"3P","address":"2641 E. Atlantic Blvd., Suite 305","city":"Pompano Beach","state":"Florida","zip":"33062","country":"USA","geocodeSource":"census","scoreBucket":3,"scoreRaw":18,"seats":20,"cdVolume":2331,"avgMonthlyVol":194.2,"zdTicketRate":0.0922,"dispRate":0,"reschdRate":0.0077,"dmaRegion":"MIAMI - FT. LAUDERDALE","leaseAction":null,"leaseStatus":null,"daysRemaining":null,"leaseUtilization":null,"monthlyRevenue":null,"contractFlag":null,"recommendedAction":null,"licensureNote":null,"opsNotes":null,"leaseExpiry":null,"criticalOptimus":false}},{"type":"Feature","geometry":{"type":"Point","coordinates":[-82.336721855397,27.892207142167]},"properties":{"id":"13081","name":"Riverview - Guided LIfe Education Center","propertyType":"PSI Authorized","category":"3P","address":"6323 US 301","city":"Riverview","state":"Florida","zip":"33578","country":"USA","geocodeSource":"census","scoreBucket":2,"scoreRaw":15,"seats":10,"cdVolume":2038,"avgMonthlyVol":169.8,"zdTicketRate":0.1281,"dispRate":0.0079,"reschdRate":0.0054,"dmaRegion":"TAMPA - ST. PETE (SARASOTA)","leaseAction":null,"leaseStatus":null,"daysRemaining":null,"leaseUtilization":null,"monthlyRevenue":null,"contractFlag":null,"recommendedAction":null,"licensureNote":null,"opsNotes":null,"leaseExpiry":null,"criticalOptimus":false}},{"type":"Feature","geometry":{"type":"Point","coordinates":[-80.102044746375,26.783524679435]},"properties":{"id":"6200","name":"Riviera Beach - Safety Council of Palm Beach County","propertyType":"MG TESTING","category":"3P","address":"Safety Council of Palm Beach Co., 4152 W Blue Heron Blvd, #110","city":"Riviera Beach","state":"Florida","zip":"33404","country":"USA","geocodeSource":"census","scoreBucket":3,"scoreRaw":18,"seats":4,"cdVolume":1980,"avgMonthlyVol":165,"zdTicketRate":0.0864,"dispRate":0.0056,"reschdRate":0.0061,"dmaRegion":"WEST PALM BEACH - FT. PIERCE","leaseAction":null,"leaseStatus":null,"daysRemaining":null,"leaseUtilization":null,"monthlyRevenue":null,"contractFlag":null,"recommendedAction":null,"licensureNote":null,"opsNotes":null,"leaseExpiry":null,"criticalOptimus":false}},{"type":"Feature","geometry":{"type":"Point","coordinates":[-82.393662681478,28.068000998023]},"properties":{"id":"18234","name":"Tampa - Tampa Training and Testing Center","propertyType":"PSI Authorized","category":"3P","address":"13325 N. 56th Street","city":"Tampa","state":"Florida","zip":"33617","country":"USA","geocodeSource":"census","scoreBucket":2,"scoreRaw":14,"seats":18,"cdVolume":5088,"avgMonthlyVol":424,"zdTicketRate":0.0873,"dispRate":0.0167,"reschdRate":0.0336,"dmaRegion":"TAMPA - ST. PETE (SARASOTA)","leaseAction":null,"leaseStatus":null,"daysRemaining":null,"leaseUtilization":null,"monthlyRevenue":null,"contractFlag":null,"recommendedAction":null,"licensureNote":null,"opsNotes":null,"leaseExpiry":null,"criticalOptimus":false}},{"type":"Feature","geometry":{"type":"Point","coordinates":[-80.211869608126,26.848434930346]},"properties":{"id":"12357","name":"West Palm Beach - Aamro Aviation Corp.","propertyType":"PSI Authorized","category":"3P","address":"11610 Aviation Blvd, Ste A1, North County Airport","city":"West Palm Beach","state":"Florida","zip":"33412","country":"USA","geocodeSource":"census","scoreBucket":2,"scoreRaw":14,"seats":3,"cdVolume":679,"avgMonthlyVol":56.6,"zdTicketRate":0.1237,"dispRate":0.0339,"reschdRate":0.0162,"dmaRegion":"WEST PALM BEACH - FT. PIERCE","leaseAction":null,"leaseStatus":null,"daysRemaining":null,"leaseUtilization":null,"monthlyRevenue":null,"contractFlag":null,"recommendedAction":null,"licensureNote":null,"opsNotes":null,"leaseExpiry":null,"criticalOptimus":false}},{"type":"Feature","geometry":{"type":"Point","coordinates":[-84.277091068363,34.068555201856]},"properties":{"id":"11461","name":"Alpharetta - Gwinnett Technical College","propertyType":"TD TESTING","category":"3P","address":"North Fulton Campus, 2875 Old Milton Parkway","city":"Alpharetta","state":"Georgia","zip":"30009","country":"USA","geocodeSource":"census","scoreBucket":2,"scoreRaw":16,"seats":2,"cdVolume":539,"avgMonthlyVol":44.9,"zdTicketRate":0.1169,"dispRate":0.0111,"reschdRate":0.0037,"dmaRegion":"ATLANTA","leaseAction":null,"leaseStatus":null,"daysRemaining":null,"leaseUtilization":null,"monthlyRevenue":null,"contractFlag":null,"recommendedAction":null,"licensureNote":null,"opsNotes":null,"leaseExpiry":null,"criticalOptimus":false}},{"type":"Feature","geometry":{"type":"Point","coordinates":[-84.37879757226,33.908131414056]},"properties":{"id":"5277","name":"Atlanta - Advanced Technology Group","propertyType":"PSI Authorized","category":"3P","address":"5600 Roswell Road NE, Suite F270","city":"Atlanta","state":"Georgia","zip":"30342","country":"USA","geocodeSource":"census","scoreBucket":3,"scoreRaw":19,"seats":24,"cdVolume":6569,"avgMonthlyVol":547.4,"zdTicketRate":0.0425,"dispRate":0.0035,"reschdRate":0.017,"dmaRegion":"ATLANTA","leaseAction":null,"leaseStatus":null,"daysRemaining":null,"leaseUtilization":null,"monthlyRevenue":null,"contractFlag":null,"recommendedAction":null,"licensureNote":null,"opsNotes":null,"leaseExpiry":null,"criticalOptimus":false}},{"type":"Feature","geometry":{"type":"Point","coordinates":[-84.442721966344,33.614753570421]},"properties":{"id":"12905","name":"Atlanta - PWC Training - College Park","propertyType":"PSI Authorized","category":"3P","address":"1635 Phoenix Blvd, Suite 17","city":"Atlanta","state":"Georgia","zip":"30349","country":"USA","geocodeSource":"census","scoreBucket":4,"scoreRaw":20,"seats":6,"cdVolume":8866,"avgMonthlyVol":738.8,"zdTicketRate":0.0378,"dispRate":0.0052,"reschdRate":0.005,"dmaRegion":"ATLANTA","leaseAction":null,"leaseStatus":null,"daysRemaining":null,"leaseUtilization":null,"monthlyRevenue":null,"contractFlag":null,"recommendedAction":null,"licensureNote":null,"opsNotes":null,"leaseExpiry":null,"criticalOptimus":false}},{"type":"Feature","geometry":{"type":"Point","coordinates":[-81.459695256056,31.254914168954]},"properties":{"id":"13385","name":"Brunswick - Coastal Pines Technical College","propertyType":"PSI Authorized","category":"3P","address":"3700 Glynco Parkway","city":"Brunswick","state":"Georgia","zip":"31525","country":"USA","geocodeSource":"census","scoreBucket":2,"scoreRaw":13,"seats":6,"cdVolume":333,"avgMonthlyVol":27.8,"zdTicketRate":0.1712,"dispRate":0.027,"reschdRate":0.042,"dmaRegion":"JACKSONVILLE","leaseAction":null,"leaseStatus":null,"daysRemaining":null,"leaseUtilization":null,"monthlyRevenue":null,"contractFlag":null,"recommendedAction":null,"licensureNote":null,"opsNotes":null,"leaseExpiry":null,"criticalOptimus":false}},{"type":"Feature","geometry":{"type":"Point","coordinates":[-83.986204713991,34.530725643974]},"properties":{"id":"19021","name":"Dahlonega - University of North Georgia Testing Center","propertyType":"PSI Authorized","category":"3P","address":"82 College Cir., Stewart Ctr., RM 203","city":"Dahlonega","state":"Georgia","zip":"30597","country":"USA","geocodeSource":"census","scoreBucket":3,"scoreRaw":19,"seats":null,"cdVolume":165,"avgMonthlyVol":33,"zdTicketRate":0.0424,"dispRate":0,"reschdRate":0,"dmaRegion":null,"leaseAction":null,"leaseStatus":null,"daysRemaining":null,"leaseUtilization":null,"monthlyRevenue":null,"contractFlag":null,"recommendedAction":null,"licensureNote":null,"opsNotes":null,"leaseExpiry":null,"criticalOptimus":false}},{"type":"Feature","geometry":{"type":"Point","coordinates":[-84.272470273551,33.793676230651]},"properties":{"id":"11719","name":"Decatur - HRB","propertyType":"PSI Authorized","category":"3P","address":"H & R Block, 2891 N. Decatur Rd, Suite D & E","city":"Decatur","state":"Georgia","zip":"30033","country":"USA","geocodeSource":"census","scoreBucket":3,"scoreRaw":18,"seats":3,"cdVolume":1764,"avgMonthlyVol":147,"zdTicketRate":0.0612,"dispRate":0.0079,"reschdRate":0,"dmaRegion":"ATLANTA","leaseAction":null,"leaseStatus":null,"daysRemaining":null,"leaseUtilization":null,"monthlyRevenue":null,"contractFlag":null,"recommendedAction":null,"licensureNote":null,"opsNotes":null,"leaseExpiry":null,"criticalOptimus":false}},{"type":"Feature","geometry":{"type":"Point","coordinates":[-84.122168474587,33.949314237335]},"properties":{"id":"10255","name":"ATLANTA (DULUTH)","propertyType":"PSI Owned","category":"OO","address":"3505 Koger Blvd, Suite 175","city":"DULUTH","state":"Georgia","zip":"30096","country":"USA","geocodeSource":"census","scoreBucket":4,"scoreRaw":22,"seats":29,"cdVolume":22571,"avgMonthlyVol":1880.9,"zdTicketRate":0.1131,"dispRate":0.0091,"reschdRate":0.0032,"dmaRegion":"ATLANTA","optimusScore":0.75,"optimusTier":"B","fy25Volume":10897,"fy25Utilization":0.903,"priority":null,"quickWins":"Secure and organize exposed wires to prevent tripping hazards.; Organize loose papers and boxes to reduce clutter.","leaseAction":null,"leaseStatus":null,"daysRemaining":null,"leaseUtilization":null,"monthlyRevenue":null,"contractFlag":null,"recommendedAction":null,"licensureNote":null,"opsNotes":null,"leaseExpiry":null,"osDate":"2025-08-29","oc01":0.85,"oc02":0.85,"oc03":0.7,"oc04":0.85,"oc05":0.9,"oc06":0.65,"oc07":0.75,"oc08":0.85,"oc09":0.85,"adaFlag":false,"brandingFlag":false,"criticalOptimus":false}},{"type":"Feature","geometry":{"type":"Point","coordinates":[-84.062253179862,33.962829158378]},"properties":{"id":"6299","name":"Lawrenceville - Gwinnett Tech College","propertyType":"TD TESTING","category":"3P","address":"5150 Sugarloaf Parkway, Bldg A, Rm 409","city":"Lawrenceville","state":"Georgia","zip":"30043","country":"USA","geocodeSource":"census","scoreBucket":4,"scoreRaw":20,"seats":6,"cdVolume":1290,"avgMonthlyVol":107.5,"zdTicketRate":0.0643,"dispRate":0.0078,"reschdRate":0.0016,"dmaRegion":"ATLANTA","leaseAction":null,"leaseStatus":null,"daysRemaining":null,"leaseUtilization":null,"monthlyRevenue":null,"contractFlag":null,"recommendedAction":null,"licensureNote":null,"opsNotes":null,"leaseExpiry":null,"criticalOptimus":false}},{"type":"Feature","geometry":{"type":"Point","coordinates":[-84.147215686623,33.89949782597]},"properties":{"id":"10236","name":"Lilburn - Bridge Institute-Gwinnett","propertyType":"PSI Authorized","category":"3P","address":"630 Hillcrest Rd., Ste 100","city":"Lilburn","state":"Georgia","zip":"30047","country":"USA","geocodeSource":"census","scoreBucket":3,"scoreRaw":17,"seats":10,"cdVolume":3487,"avgMonthlyVol":290.6,"zdTicketRate":0.047,"dispRate":0.0516,"reschdRate":0.0143,"dmaRegion":"ATLANTA","leaseAction":null,"leaseStatus":null,"daysRemaining":null,"leaseUtilization":null,"monthlyRevenue":null,"contractFlag":null,"recommendedAction":null,"licensureNote":null,"opsNotes":null,"leaseExpiry":null,"criticalOptimus":false}},{"type":"Feature","geometry":{"type":"Point","coordinates":[-84.108560085459,33.344496248373]},"properties":{"id":"19115","name":"Locust Grove - Next Level Testing Center","propertyType":"PSI Authorized","category":"3P","address":"3994 Highway 42 S.","city":"Locust Grove","state":"Georgia","zip":"30248","country":"USA","geocodeSource":"census","seats":null,"scoreRaw":null,"scoreBucket":null,"avgMonthlyVol":null,"cdVolume":null,"reschdRate":null,"dispRate":null,"zdTicketRate":null,"dmaRegion":null,"leaseAction":null,"leaseStatus":null,"daysRemaining":null,"leaseUtilization":null,"monthlyRevenue":null,"contractFlag":null,"recommendedAction":null,"licensureNote":null,"opsNotes":null,"leaseExpiry":null,"criticalOptimus":false}},{"type":"Feature","geometry":{"type":"Point","coordinates":[-83.696215777788,32.897936236261]},"properties":{"id":"5010","name":"MACON","propertyType":"PSI Owned","category":"OO","address":"3902 Northside Dr., Suite C5","city":"Macon","state":"Georgia","zip":"31210","country":"USA","geocodeSource":"census","scoreBucket":4,"scoreRaw":20,"seats":8,"cdVolume":5572,"avgMonthlyVol":464.3,"zdTicketRate":0.0804,"dispRate":0.0165,"reschdRate":0.0002,"dmaRegion":"MACON","optimusScore":0.483,"optimusTier":"C","fy25Volume":2972,"fy25Utilization":0.788,"priority":null,"quickWins":"Repair facade damage, repaint, replace broken doors, improve entrance appearance; Clean floors, repair walls, replace broken furniture, improve lighting; Remove personal items, organize desk, update signage, clear walkways; Replace broken furniture, organize cables, improve lighting, reduce noise; D","leaseAction":"Renew","leaseStatus":"Expiring 2026","daysRemaining":186,"leaseUtilization":0.79,"monthlyRevenue":87891,"contractFlag":false,"recommendedAction":"Consolidate both Macon sites into 1; cosmetology also wants space","licensureNote":"No contract data","opsNotes":null,"leaseExpiry":"11-30-2026","osDate":"2025-10-01","oc01":0.65,"oc02":0.45,"oc03":0.7,"oc04":0.55,"oc05":0.45,"oc06":0.4,"oc07":0.55,"oc08":0.65,"oc09":0.55,"adaFlag":true,"brandingFlag":true,"criticalOptimus":false}},{"type":"Feature","geometry":{"type":"Point","coordinates":[-83.773678173646,32.880060601332]},"properties":{"id":"9408","name":"MACON (ZEBULON RD)","propertyType":"PSI Owned","category":"OO","address":"6394 Zebulon Road, Suite 102","city":"Macon","state":"Georgia","zip":"31220","country":"USA","geocodeSource":"census","scoreBucket":4,"scoreRaw":22,"seats":12,"cdVolume":7092,"avgMonthlyVol":591,"zdTicketRate":0.0753,"dispRate":0.0063,"reschdRate":0.0017,"dmaRegion":"MACON","optimusScore":0.629,"optimusTier":"C","fy25Volume":3749,"fy25Utilization":0.702,"priority":null,"quickWins":"Repair facade damage, repaint, replace broken doors, improve entrance appearance; Clean floors, repair walls, replace broken furniture, improve lighting; Remove personal items, organize desk, update signage, clear walkways; Replace broken furniture, organize cables, improve lighting, reduce noise; D","leaseAction":"Renew","leaseStatus":"Expiring 2026","daysRemaining":186,"leaseUtilization":0.7,"monthlyRevenue":189281,"contractFlag":false,"recommendedAction":"Consolidate with TCB Macon at renewal","licensureNote":"No contract data","opsNotes":null,"leaseExpiry":"11-30-2026","osDate":"2025-10-02","oc01":0.75,"oc02":0.2,"oc03":0.766,"oc04":0.85,"oc05":0.75,"oc06":0.55,"oc07":0.55,"oc08":0.85,"oc09":null,"adaFlag":true,"brandingFlag":false,"criticalOptimus":false}},{"type":"Feature","geometry":{"type":"Point","coordinates":[-84.491540529707,33.965858639777]},"properties":{"id":"9677","name":"ATLANTA (Marietta)","propertyType":"PSI Owned","category":"OO","address":"Pavilions at East Lake, 2100 Roswell Road NE, Suite 2128","city":"Marietta","state":"Georgia","zip":"30062","country":"USA","geocodeSource":"census","scoreBucket":4,"scoreRaw":21,"seats":25,"cdVolume":25408,"avgMonthlyVol":2117.3,"zdTicketRate":0.0491,"dispRate":0.0124,"reschdRate":0.0033,"dmaRegion":"ATLANTA","optimusScore":0.738,"optimusTier":"B","fy25Volume":12967,"fy25Utilization":0.759,"priority":null,"quickWins":"Organize and remove clutter from chairs.; Remove visible cleaning tools to reduce clutter.; Update or clean signage for better appearance.; Remove excess boxes to improve accessibility.","leaseAction":"Renew","leaseStatus":"Expiring 2026","daysRemaining":217,"leaseUtilization":0.76,"monthlyRevenue":597891,"contractFlag":false,"recommendedAction":"75.9% util; MTM while researching relo — renew","licensureNote":"No contract data","opsNotes":null,"leaseExpiry":"12-31-2026","osDate":"2025-08-27","oc01":0.85,"oc02":0.75,"oc03":0.834,"oc04":0.75,"oc05":0.75,"oc06":0.65,"oc07":0.8,"oc08":0.85,"oc09":0.8,"adaFlag":false,"brandingFlag":false,"criticalOptimus":false}},{"type":"Feature","geometry":{"type":"Point","coordinates":[-84.480996116278,33.902642542613]},"properties":{"id":"17471","name":"Marietta - PWC Training - GA","propertyType":"PSI Authorized","category":"3P","address":"2470 Windy Hill Rd., Suite 253","city":"Marietta","state":"Georgia","zip":"30067","country":"USA","geocodeSource":"census","scoreBucket":4,"scoreRaw":21,"seats":6,"cdVolume":3277,"avgMonthlyVol":273.1,"zdTicketRate":0.0485,"dispRate":0.0043,"reschdRate":0.0085,"dmaRegion":"ATLANTA","leaseAction":null,"leaseStatus":null,"daysRemaining":null,"leaseUtilization":null,"monthlyRevenue":null,"contractFlag":null,"recommendedAction":null,"licensureNote":null,"opsNotes":null,"leaseExpiry":null,"criticalOptimus":false}},{"type":"Feature","geometry":{"type":"Point","coordinates":[-81.156921860047,32.06834378233]},"properties":{"id":"9443","name":"SAVANNAH","propertyType":"PSI Owned","category":"OO","address":"6001 Chatham Center Drive, Chatham Center, Orlean Building #155","city":"Savannah","state":"Georgia","zip":"31405","country":"USA","geocodeSource":"census","scoreBucket":4,"scoreRaw":20,"seats":12,"cdVolume":6692,"avgMonthlyVol":557.7,"zdTicketRate":0.074,"dispRate":0.013,"reschdRate":0.0084,"dmaRegion":"SAVANNAH","optimusScore":0.748,"optimusTier":"B","fy25Volume":3474,"fy25Utilization":0.743,"priority":null,"quickWins":"Organize cables to reduce clutter under desks.; Remove cleaning supplies from signage area to reduce clutter.","leaseAction":"Renew","leaseStatus":"Expiring 2026","daysRemaining":217,"leaseUtilization":0.74,"monthlyRevenue":176411,"contractFlag":false,"recommendedAction":"74.3% util; add Saturday — currently 5 days","licensureNote":"No contract data","opsNotes":null,"leaseExpiry":"12-31-2026","osDate":"2025-09-29","oc01":0.93,"oc02":0.8,"oc03":0.834,"oc04":0.85,"oc05":0.85,"oc06":null,"oc07":0.85,"oc08":0.85,"oc09":null,"adaFlag":false,"brandingFlag":false,"criticalOptimus":false}},{"type":"Feature","geometry":{"type":"Point","coordinates":[-83.499448316992,31.417028123354]},"properties":{"id":"5011","name":"TIFTON","propertyType":"PSI Owned","category":"OO","address":"251 Southwell Blvd., Suite A","city":"Tifton","state":"Georgia","zip":"31794","country":"USA","geocodeSource":"census","scoreBucket":4,"scoreRaw":20,"seats":8,"cdVolume":3599,"avgMonthlyVol":299.9,"zdTicketRate":0.0483,"dispRate":0.0153,"reschdRate":0.0081,"dmaRegion":"ALBANY, GA","optimusScore":0.541,"optimusTier":"C","fy25Volume":1842,"fy25Utilization":0.684,"priority":null,"quickWins":"Repair facade damage, repaint, replace broken doors, improve entrance appearance; Clean floors, repair walls, replace broken furniture, improve lighting; Remove personal items, organize desk, update signage, clear walkways; Replace broken furniture, organize cables, improve lighting, reduce noise; D","leaseAction":"Refurbish","leaseStatus":"EXPIRED","daysRemaining":-117,"leaseUtilization":0.68,"monthlyRevenue":74995,"contractFlag":false,"recommendedAction":"Fire marshal door compliance issue — refurb needed","licensureNote":"No contract data","opsNotes":"Rear door entrance safety concern","leaseExpiry":"01-31-2026","osDate":"2025-09-25","oc01":0.65,"oc02":0.65,"oc03":0.634,"oc04":0.65,"oc05":0.65,"oc06":0.65,"oc07":0.65,"oc08":0.85,"oc09":null,"adaFlag":true,"brandingFlag":false,"criticalOptimus":false}},{"type":"Feature","geometry":{"type":"Point","coordinates":[-157.840292812695,21.292079072494]},"properties":{"id":"5144","name":"HONOLULU (Ala Moana)","propertyType":"PSI Owned","category":"OO","address":"Ala Moana Pacific Center, 1585 Kapiolani Blvd, Suite 1135","city":"Honolulu","state":"Hawaii","zip":"96814","country":"USA","geocodeSource":"census","scoreBucket":5,"scoreRaw":23,"seats":11,"cdVolume":10381,"avgMonthlyVol":865.1,"zdTicketRate":0.022,"dispRate":0.001,"reschdRate":0.0002,"dmaRegion":"HONOLULU","optimusScore":0.667,"optimusTier":"C","fy25Volume":5198,"fy25Utilization":0.919,"priority":null,"quickWins":"Repair facade damage, repaint, replace broken doors, improve entrance appearance; Clean floors, repair walls, replace broken furniture, improve lighting; Remove personal items, organize desk, update signage, clear walkways; Replace broken furniture, organize cables, improve lighting, reduce noise; D","leaseAction":"Renew","leaseStatus":"CONFIRMED RENEW","daysRemaining":33,"leaseUtilization":0.92,"monthlyRevenue":207510,"contractFlag":false,"recommendedAction":"Renewal confirmed","licensureNote":"HI RE expires 1/1/2029","opsNotes":null,"leaseExpiry":"06-30-2026","osDate":"2025-10-09","oc01":0.85,"oc02":0.2,"oc03":0.7,"oc04":0.85,"oc05":0.9,"oc06":0.65,"oc07":0.75,"oc08":0.9,"oc09":0.45,"adaFlag":false,"brandingFlag":false,"criticalOptimus":false}},{"type":"Feature","geometry":{"type":"Point","coordinates":[-156.486143030813,20.888855866186]},"properties":{"id":"6682","name":"Kahului - Univ of Hawaii Maui College*II","propertyType":"PSI Authorized","category":"3P","address":"310 W Ka'ahumanu Ave, The Learning Center","city":"Kahului","state":"Hawaii","zip":"96732","country":"USA","geocodeSource":"census","scoreBucket":3,"scoreRaw":18,"seats":6,"cdVolume":1034,"avgMonthlyVol":86.2,"zdTicketRate":0.06,"dispRate":0.0077,"reschdRate":0.0087,"dmaRegion":"HONOLULU","leaseAction":null,"leaseStatus":null,"daysRemaining":null,"leaseUtilization":null,"monthlyRevenue":null,"contractFlag":null,"recommendedAction":null,"licensureNote":null,"opsNotes":null,"leaseExpiry":null,"criticalOptimus":false}},{"type":"Feature","geometry":{"type":"Point","coordinates":[-155.990729934023,19.638961304679]},"properties":{"id":"19449","name":"Kailua Kona-GEEBEEK CO LLC dba PUEO TESTING CENTER","propertyType":"PSI Authorized","category":"3P","address":"75-5737 Kuakini Hwy., Suite 104C","city":"Kailua Kona","state":"Hawaii","zip":"96740","country":"USA","geocodeSource":"census","seats":null,"scoreRaw":null,"scoreBucket":null,"avgMonthlyVol":null,"cdVolume":null,"reschdRate":null,"dispRate":null,"zdTicketRate":null,"dmaRegion":null,"leaseAction":null,"leaseStatus":null,"daysRemaining":null,"leaseUtilization":null,"monthlyRevenue":null,"contractFlag":null,"recommendedAction":null,"licensureNote":null,"opsNotes":null,"leaseExpiry":null,"criticalOptimus":false}},{"type":"Feature","geometry":{"type":"Point","coordinates":[-116.280707968263,43.620781113476]},"properties":{"id":"6011","name":"BOISE","propertyType":"PSI Owned","category":"OO","address":"1755 N Westgate Drive, Suite 130","city":"Boise","state":"Idaho","zip":"83704","country":"USA","geocodeSource":"census","scoreBucket":4,"scoreRaw":22,"seats":11,"cdVolume":5577,"avgMonthlyVol":464.8,"zdTicketRate":0.0391,"dispRate":0.0036,"reschdRate":0.0013,"dmaRegion":"BOISE","optimusScore":0.625,"optimusTier":"C","fy25Volume":3134,"fy25Utilization":0.65,"priority":null,"quickWins":"Repair facade damage, repaint, replace broken doors, improve entrance appearance; Clean floors, repair walls, replace broken furniture, improve lighting; Remove personal items, organize desk, update signage, clear walkways; Replace broken furniture, organize cables, improve lighting, reduce noise; D","leaseAction":null,"leaseStatus":null,"daysRemaining":null,"leaseUtilization":null,"monthlyRevenue":null,"contractFlag":null,"recommendedAction":null,"licensureNote":null,"opsNotes":null,"leaseExpiry":null,"osDate":"2025-09-18","oc01":0.85,"oc02":0.85,"oc03":0.7,"oc04":0.85,"oc05":null,"oc06":0.65,"oc07":0.75,"oc08":0.9,"oc09":null,"adaFlag":false,"brandingFlag":false,"criticalOptimus":false}},{"type":"Feature","geometry":{"type":"Point","coordinates":[-111.984600808071,43.487423384559]},"properties":{"id":"9688","name":"Idaho Falls - College of Eastern Idaho","propertyType":"PSI Authorized","category":"3P","address":"1600 S. 25th E. Bldg 1, Rm 25","city":"Idaho Falls","state":"Idaho","zip":"83404","country":"USA","geocodeSource":"census","scoreBucket":2,"scoreRaw":15,"seats":6,"cdVolume":1510,"avgMonthlyVol":125.8,"zdTicketRate":0.0669,"dispRate":0.0132,"reschdRate":0.0921,"dmaRegion":"IDAHO FALLS - POCATELLO","leaseAction":null,"leaseStatus":null,"daysRemaining":null,"leaseUtilization":null,"monthlyRevenue":null,"contractFlag":null,"recommendedAction":null,"licensureNote":null,"opsNotes":null,"leaseExpiry":null,"criticalOptimus":false}},{"type":"Feature","geometry":{"type":"Point","coordinates":[-117.026630617293,46.412623437547]},"properties":{"id":"12695","name":"Lewiston - Lewis-Clark State College","propertyType":"PSI Authorized","category":"3P","address":"500 8th Avenue, Library Building, Room 161","city":"Lewiston","state":"Idaho","zip":"83501","country":"USA","geocodeSource":"census","scoreBucket":3,"scoreRaw":18,"seats":6,"cdVolume":353,"avgMonthlyVol":29.4,"zdTicketRate":0.119,"dispRate":0,"reschdRate":0,"dmaRegion":"SPOKANE","leaseAction":null,"leaseStatus":null,"daysRemaining":null,"leaseUtilization":null,"monthlyRevenue":null,"contractFlag":null,"recommendedAction":null,"licensureNote":null,"opsNotes":null,"leaseExpiry":null,"criticalOptimus":false}},{"type":"Feature","geometry":{"type":"Point","coordinates":[-117.008278441802,46.723402969852]},"properties":{"id":"5997","name":"Moscow - University of Idaho","propertyType":"PSI Authorized","category":"3P","address":"1210 Blake Ave","city":"Moscow","state":"Idaho","zip":"83844","country":"USA","geocodeSource":"census","scoreBucket":2,"scoreRaw":12,"seats":8,"cdVolume":93,"avgMonthlyVol":7.8,"zdTicketRate":0.3226,"dispRate":0.0108,"reschdRate":0.086,"dmaRegion":"SPOKANE","leaseAction":null,"leaseStatus":null,"daysRemaining":null,"leaseUtilization":null,"monthlyRevenue":null,"contractFlag":null,"recommendedAction":null,"licensureNote":null,"opsNotes":null,"leaseExpiry":null,"criticalOptimus":false}},{"type":"Feature","geometry":{"type":"Point","coordinates":[-112.42672978981,42.866615971082]},"properties":{"id":"6002","name":"Pocatello - Idaho State University","propertyType":"PSI Authorized","category":"3P","address":"1556 E. Terry Street,","city":"Pocatello","state":"Idaho","zip":"83209","country":"USA","geocodeSource":"census","scoreBucket":2,"scoreRaw":16,"seats":23,"cdVolume":649,"avgMonthlyVol":54.1,"zdTicketRate":0.1371,"dispRate":0.0123,"reschdRate":0.0092,"dmaRegion":"IDAHO FALLS - POCATELLO","leaseAction":null,"leaseStatus":null,"daysRemaining":null,"leaseUtilization":null,"monthlyRevenue":null,"contractFlag":null,"recommendedAction":null,"licensureNote":null,"opsNotes":null,"leaseExpiry":null,"criticalOptimus":false}},{"type":"Feature","geometry":{"type":"Point","coordinates":[-114.473550434142,42.577937504391]},"properties":{"id":"5999","name":"Twin Falls - The College of Southern Idaho","propertyType":"PSI Authorized","category":"3P","address":"315 Falls Ave, Meyerhoeffer Library Bldg, Rm 230","city":"Twin Falls","state":"Idaho","zip":"83301","country":"USA","geocodeSource":"census","scoreBucket":3,"scoreRaw":17,"seats":10,"cdVolume":497,"avgMonthlyVol":41.4,"zdTicketRate":0.0865,"dispRate":0.004,"reschdRate":0.0121,"dmaRegion":"TWIN FALLS","leaseAction":null,"leaseStatus":null,"daysRemaining":null,"leaseUtilization":null,"monthlyRevenue":null,"contractFlag":null,"recommendedAction":null,"licensureNote":null,"opsNotes":null,"leaseExpiry":null,"criticalOptimus":false}},{"type":"Feature","geometry":{"type":"Point","coordinates":[-88.986862535122,40.484626858228]},"properties":{"id":"11829","name":"Bloomington - Sales Consultants of Bloomington, Inc","propertyType":"PSI Authorized","category":"3P","address":"513 E. Locust St","city":"Bloomington","state":"Illinois","zip":"61701","country":"USA","geocodeSource":"census","scoreBucket":2,"scoreRaw":15,"seats":7,"cdVolume":1682,"avgMonthlyVol":140.2,"zdTicketRate":0.0648,"dispRate":0.0202,"reschdRate":0.0321,"dmaRegion":"PEORIA - BLOOMINGTON","leaseAction":null,"leaseStatus":null,"daysRemaining":null,"leaseUtilization":null,"monthlyRevenue":null,"contractFlag":null,"recommendedAction":null,"licensureNote":null,"opsNotes":null,"leaseExpiry":null,"criticalOptimus":false}},{"type":"Feature","geometry":{"type":"Point","coordinates":[-87.965453996437,42.169477586023]},"properties":{"id":"11818","name":"Buffalo Grove - HRB","propertyType":"PSI Authorized","category":"3P","address":"794 S Buffalo Grove Rd, Suite 794","city":"Buffalo Grove","state":"Illinois","zip":"60089","country":"USA","geocodeSource":"census","scoreBucket":1,"scoreRaw":10,"seats":5,"cdVolume":176,"avgMonthlyVol":44,"zdTicketRate":0.4489,"dispRate":0.1818,"reschdRate":0.017,"dmaRegion":"CHICAGO","leaseAction":null,"leaseStatus":null,"daysRemaining":null,"leaseUtilization":null,"monthlyRevenue":null,"contractFlag":null,"recommendedAction":null,"licensureNote":null,"opsNotes":null,"leaseExpiry":null,"criticalOptimus":false}},{"type":"Feature","geometry":{"type":"Point","coordinates":[-89.221714934755,37.714446634483]},"properties":{"id":"5615","name":"Carbondale - Southern Illinois University","propertyType":"PSI Authorized","category":"3P","address":"605 Agriculture Drive, MC 4722 Room 781, 7th Floor","city":"Carbondale","state":"Illinois","zip":"62901","country":"USA","geocodeSource":"census","scoreBucket":2,"scoreRaw":14,"seats":8,"cdVolume":675,"avgMonthlyVol":56.2,"zdTicketRate":0.037,"dispRate":0.0044,"reschdRate":0.0533,"dmaRegion":"PADUCAH - CAPE GIRAR D - HARSBG","leaseAction":null,"leaseStatus":null,"daysRemaining":null,"leaseUtilization":null,"monthlyRevenue":null,"contractFlag":null,"recommendedAction":null,"licensureNote":null,"opsNotes":null,"leaseExpiry":null,"criticalOptimus":false}},{"type":"Feature","geometry":{"type":"Point","coordinates":[-88.285549569851,40.127575904868]},"properties":{"id":"5949","name":"Champaign - Parkland College","propertyType":"PSI Authorized","category":"3P","address":"2400 W Bradley Ave, U203","city":"Champaign","state":"Illinois","zip":"61821","country":"USA","geocodeSource":"census","scoreBucket":3,"scoreRaw":17,"seats":9,"cdVolume":764,"avgMonthlyVol":63.7,"zdTicketRate":0.1309,"dispRate":0.0183,"reschdRate":0,"dmaRegion":"CHAMPAIGN & SPRNGFLD - DECATUR","leaseAction":null,"leaseStatus":null,"daysRemaining":null,"leaseUtilization":null,"monthlyRevenue":null,"contractFlag":null,"recommendedAction":null,"licensureNote":null,"opsNotes":null,"leaseExpiry":null,"criticalOptimus":false}},{"type":"Feature","geometry":{"type":"Point","coordinates":[-87.6242046,41.8778432]},"properties":{"id":"5617","name":"CHICAGO","propertyType":"PSI Owned","category":"OO","address":"PSI Chicago, 332 S. Michigan Avenue, Suite 525","city":"Chicago","state":"Illinois","zip":"60604","country":"USA","geocodeSource":"census","scoreBucket":4,"scoreRaw":21,"seats":35,"cdVolume":18678,"avgMonthlyVol":1556.5,"zdTicketRate":0.0485,"dispRate":0.0069,"reschdRate":0.0012,"dmaRegion":"CHICAGO","optimusScore":0.671,"optimusTier":"C","fy25Volume":9516,"fy25Utilization":0.795,"priority":null,"quickWins":"Repair facade damage, repaint, replace broken doors, improve entrance appearance; Clean floors, repair walls, replace broken furniture, improve lighting; Remove personal items, organize desk, update signage, clear walkways; Replace broken furniture, organize cables, improve lighting, reduce noise; D","leaseAction":null,"leaseStatus":null,"daysRemaining":null,"leaseUtilization":null,"monthlyRevenue":null,"contractFlag":null,"recommendedAction":null,"licensureNote":null,"opsNotes":null,"leaseExpiry":null,"osDate":"2025-08-26","oc01":0.6,"oc02":0.55,"oc03":0.834,"oc04":0.85,"oc05":0.75,"oc06":0.65,"oc07":0.45,"oc08":0.85,"oc09":null,"adaFlag":true,"brandingFlag":false,"criticalOptimus":false}},{"type":"Feature","geometry":{"type":"Point","coordinates":[-87.6247046,41.8778432]},"properties":{"id":"12752","name":"PSI Chicago (SfE)","propertyType":"PSI Owned","category":"OO","address":"PSI Chicago, 332 S. Michigan Avenue, Suite 410","city":"Chicago","state":"Illinois","zip":"60604","country":"USA","geocodeSource":"census","scoreBucket":3,"scoreRaw":18,"seats":8,"cdVolume":51,"avgMonthlyVol":4.2,"zdTicketRate":0,"dispRate":0,"reschdRate":0,"dmaRegion":"CHICAGO","fy25Utilization":null,"fy25Volume":null,"optimusTier":null,"optimusScore":null,"quickWins":null,"priority":null,"leaseAction":null,"leaseStatus":null,"daysRemaining":null,"leaseUtilization":null,"monthlyRevenue":null,"contractFlag":null,"recommendedAction":null,"licensureNote":null,"opsNotes":null,"leaseExpiry":null,"osDate":null,"oc01":null,"oc02":null,"oc03":null,"oc04":null,"oc05":null,"oc06":null,"oc07":null,"oc08":null,"oc09":null,"brandingFlag":false,"adaFlag":false,"criticalOptimus":false}},{"type":"Feature","geometry":{"type":"Point","coordinates":[-90.026449003884,38.688543769334]},"properties":{"id":"6214","name":"Collinsville - TEKSOLV","propertyType":"MG TESTING","category":"3P","address":"100 Lanter Ct","city":"Collinsville","state":"Illinois","zip":"62234","country":"USA","geocodeSource":"census","scoreBucket":4,"scoreRaw":21,"seats":16,"cdVolume":1720,"avgMonthlyVol":143.3,"zdTicketRate":0.0395,"dispRate":0,"reschdRate":0.007,"dmaRegion":"ST. LOUIS","leaseAction":null,"leaseStatus":null,"daysRemaining":null,"leaseUtilization":null,"monthlyRevenue":null,"contractFlag":null,"recommendedAction":null,"licensureNote":null,"opsNotes":null,"leaseExpiry":null,"criticalOptimus":false}},{"type":"Feature","geometry":{"type":"Point","coordinates":[-89.595313787246,41.822864004589]},"properties":{"id":"18039","name":"Dixon - Sauk Valley Community College","propertyType":"PSI Authorized","category":"3P","address":"173, IL Rte 2","city":"Dixon","state":"Illinois","zip":"61021","country":"USA","geocodeSource":"census","scoreBucket":1,"scoreRaw":7,"seats":5,"cdVolume":550,"avgMonthlyVol":45.8,"zdTicketRate":0.1891,"dispRate":0.08,"reschdRate":0.0836,"dmaRegion":"ROCKFORD","leaseAction":null,"leaseStatus":null,"daysRemaining":null,"leaseUtilization":null,"monthlyRevenue":null,"contractFlag":null,"recommendedAction":null,"licensureNote":null,"opsNotes":null,"leaseExpiry":null,"criticalOptimus":false}},{"type":"Feature","geometry":{"type":"Point","coordinates":[-88.294319262426,42.04517489213]},"properties":{"id":"10221","name":"Elgin - Training Institute of Elgin","propertyType":"PSI Authorized","category":"3P","address":"620 Wing Street, Suite 9","city":"Elgin","state":"Illinois","zip":"60123","country":"USA","geocodeSource":"census","scoreBucket":4,"scoreRaw":22,"seats":14,"cdVolume":3377,"avgMonthlyVol":281.4,"zdTicketRate":0.0083,"dispRate":0,"reschdRate":0.0006,"dmaRegion":"CHICAGO","leaseAction":null,"leaseStatus":null,"daysRemaining":null,"leaseUtilization":null,"monthlyRevenue":null,"contractFlag":null,"recommendedAction":null,"licensureNote":null,"opsNotes":null,"leaseExpiry":null,"criticalOptimus":false}},{"type":"Feature","geometry":{"type":"Point","coordinates":[-87.863082951952,41.929482499104]},"properties":{"id":"11819","name":"Franklin Park - HRB","propertyType":"PSI Authorized","category":"3P","address":"9507 Grand Ave","city":"Franklin Park","state":"Illinois","zip":"60131","country":"USA","geocodeSource":"census","scoreBucket":2,"scoreRaw":12,"seats":7,"cdVolume":1024,"avgMonthlyVol":85.3,"zdTicketRate":0.1211,"dispRate":0.0146,"reschdRate":0.0576,"dmaRegion":"CHICAGO","leaseAction":null,"leaseStatus":null,"daysRemaining":null,"leaseUtilization":null,"monthlyRevenue":null,"contractFlag":null,"recommendedAction":null,"licensureNote":null,"opsNotes":null,"leaseExpiry":null,"criticalOptimus":false}},{"type":"Feature","geometry":{"type":"Point","coordinates":[-90.4044521,40.9828991]},"properties":{"id":"5620","name":"Galesburg - Carl Sandburg College","propertyType":"PSI Authorized","category":"3P","address":"2400 Tom L Wilson Blvd, Building A, Office A051","city":"Galesburg","state":"Illinois","zip":"61401","country":"USA","geocodeSource":"nominatim","scoreBucket":2,"scoreRaw":13,"seats":6,"cdVolume":935,"avgMonthlyVol":77.9,"zdTicketRate":0.092,"dispRate":0.0246,"reschdRate":0.0524,"dmaRegion":"DAVENPORT - R. ISLAND - MOLINE","leaseAction":null,"leaseStatus":null,"daysRemaining":null,"leaseUtilization":null,"monthlyRevenue":null,"contractFlag":null,"recommendedAction":null,"licensureNote":null,"opsNotes":null,"leaseExpiry":null,"criticalOptimus":false}},{"type":"Feature","geometry":{"type":"Point","coordinates":[-88.052045597585,41.859506547076]},"properties":{"id":"12022","name":"Glen Ellyn - HRB","propertyType":"PSI Authorized","category":"3P","address":"800 Roosevelt Road, Building A, Suite 106","city":"Glen Ellyn","state":"Illinois","zip":"60137","country":"USA","geocodeSource":"census","scoreBucket":2,"scoreRaw":13,"seats":10,"cdVolume":531,"avgMonthlyVol":44.2,"zdTicketRate":0.1846,"dispRate":0.0075,"reschdRate":0.0508,"dmaRegion":"CHICAGO","leaseAction":null,"leaseStatus":null,"daysRemaining":null,"leaseUtilization":null,"monthlyRevenue":null,"contractFlag":null,"recommendedAction":null,"licensureNote":null,"opsNotes":null,"leaseExpiry":null,"criticalOptimus":false}},{"type":"Feature","geometry":{"type":"Point","coordinates":[-88.120829503284,41.522784988658]},"properties":{"id":"13163","name":"Joliet - TRMA Safety Center","propertyType":"MG TESTING","category":"3P","address":"1615 W. Jefferson Street","city":"Joliet","state":"Illinois","zip":"60435","country":"USA","geocodeSource":"census","scoreBucket":4,"scoreRaw":20,"seats":14,"cdVolume":2991,"avgMonthlyVol":249.2,"zdTicketRate":0.0318,"dispRate":0.0134,"reschdRate":0.0027,"dmaRegion":"CHICAGO","leaseAction":null,"leaseStatus":null,"daysRemaining":null,"leaseUtilization":null,"monthlyRevenue":null,"contractFlag":null,"recommendedAction":null,"licensureNote":null,"opsNotes":null,"leaseExpiry":null,"criticalOptimus":false}},{"type":"Feature","geometry":{"type":"Point","coordinates":[-88.313645385248,42.201142407092]},"properties":{"id":"5299","name":"Lake-In-The-Hills - Blue Skies Pilot Shop","propertyType":"PSI Authorized","category":"3P","address":"8411 Pyott Road, Suite 106, Lake-In-The-Hills Airport","city":"Lake-In-The-Hills","state":"Illinois","zip":"60156","country":"USA","geocodeSource":"census","scoreBucket":3,"scoreRaw":17,"seats":6,"cdVolume":1104,"avgMonthlyVol":92,"zdTicketRate":0.0616,"dispRate":0,"reschdRate":0.0226,"dmaRegion":"CHICAGO","leaseAction":null,"leaseStatus":null,"daysRemaining":null,"leaseUtilization":null,"monthlyRevenue":null,"contractFlag":null,"recommendedAction":null,"licensureNote":null,"opsNotes":null,"leaseExpiry":null,"criticalOptimus":false}},{"type":"Feature","geometry":{"type":"Point","coordinates":[-87.716362613604,41.506039705742]},"properties":{"id":"11915","name":"Matteson - HRB","propertyType":"PSI Authorized","category":"3P","address":"4163 W. 211 Street","city":"Matteson","state":"Illinois","zip":"60443","country":"USA","geocodeSource":"census","scoreBucket":1,"scoreRaw":10,"seats":5,"cdVolume":517,"avgMonthlyVol":47,"zdTicketRate":0.1451,"dispRate":0.0329,"reschdRate":0.0271,"dmaRegion":"CHICAGO","leaseAction":null,"leaseStatus":null,"daysRemaining":null,"leaseUtilization":null,"monthlyRevenue":null,"contractFlag":null,"recommendedAction":null,"licensureNote":null,"opsNotes":null,"leaseExpiry":null,"criticalOptimus":false}},{"type":"Feature","geometry":{"type":"Point","coordinates":[-87.734174992296,41.625210048703]},"properties":{"id":"10261","name":"Midlothian - Royal Testing Center","propertyType":"PSI Authorized","category":"3P","address":"4645 W 147th St.","city":"Midlothian","state":"Illinois","zip":"60445","country":"USA","geocodeSource":"census","scoreBucket":3,"scoreRaw":19,"seats":15,"cdVolume":5691,"avgMonthlyVol":474.2,"zdTicketRate":0.0365,"dispRate":0.0016,"reschdRate":0.0097,"dmaRegion":"CHICAGO","leaseAction":null,"leaseStatus":null,"daysRemaining":null,"leaseUtilization":null,"monthlyRevenue":null,"contractFlag":null,"recommendedAction":null,"licensureNote":null,"opsNotes":null,"leaseExpiry":null,"criticalOptimus":false}},{"type":"Feature","geometry":{"type":"Point","coordinates":[-88.200534249731,41.797217104924]},"properties":{"id":"12792","name":"Naperville - IT Expert System","propertyType":"PSI Authorized","category":"3P","address":"1560 Wall Street, Suite 111","city":"Naperville","state":"Illinois","zip":"60563","country":"USA","geocodeSource":"census","scoreBucket":4,"scoreRaw":22,"seats":15,"cdVolume":5385,"avgMonthlyVol":448.8,"zdTicketRate":0.0204,"dispRate":0,"reschdRate":0.0104,"dmaRegion":"CHICAGO","leaseAction":null,"leaseStatus":null,"daysRemaining":null,"leaseUtilization":null,"monthlyRevenue":null,"contractFlag":null,"recommendedAction":null,"licensureNote":null,"opsNotes":null,"leaseExpiry":null,"criticalOptimus":false}},{"type":"Feature","geometry":{"type":"Point","coordinates":[-87.71970403744,41.592334833743]},"properties":{"id":"13466","name":"Oak Forest - South Suburban College","propertyType":"PSI Authorized","category":"3P","address":"16333 S. Kilbourn Avenue, Room 5350","city":"Oak Forest","state":"Illinois","zip":"60452","country":"USA","geocodeSource":"census","scoreBucket":2,"scoreRaw":15,"seats":4,"cdVolume":442,"avgMonthlyVol":36.8,"zdTicketRate":0.1674,"dispRate":0.0045,"reschdRate":0.0136,"dmaRegion":"CHICAGO","leaseAction":null,"leaseStatus":null,"daysRemaining":null,"leaseUtilization":null,"monthlyRevenue":null,"contractFlag":null,"recommendedAction":null,"licensureNote":null,"opsNotes":null,"leaseExpiry":null,"criticalOptimus":false}},{"type":"Feature","geometry":{"type":"Point","coordinates":[-88.059966771945,42.046558635965]},"properties":{"id":"12761","name":"Schaumburg - IT Expert System","propertyType":"PSI Authorized","category":"3P","address":"951 N Plum Grove Rd , Suite A","city":"Schaumburg","state":"Illinois","zip":"60173","country":"USA","geocodeSource":"census","scoreBucket":4,"scoreRaw":21,"seats":18,"cdVolume":6866,"avgMonthlyVol":572.2,"zdTicketRate":0.0296,"dispRate":0.0022,"reschdRate":0.0047,"dmaRegion":"CHICAGO","leaseAction":null,"leaseStatus":null,"daysRemaining":null,"leaseUtilization":null,"monthlyRevenue":null,"contractFlag":null,"recommendedAction":null,"licensureNote":null,"opsNotes":null,"leaseExpiry":null,"criticalOptimus":false}},{"type":"Feature","geometry":{"type":"Point","coordinates":[-89.692727397364,39.769810331374]},"properties":{"id":"19168","name":"SPRINGFIELD IL (ILES AVE)","propertyType":"PSI Owned","category":"OO","address":"2050 W. Iles Ave, Suite D","city":"Springfield","state":"Illinois","zip":"62704","country":"USA","geocodeSource":"census","seats":null,"scoreRaw":null,"scoreBucket":null,"avgMonthlyVol":null,"cdVolume":null,"reschdRate":null,"dispRate":null,"zdTicketRate":null,"dmaRegion":null,"fy25Utilization":null,"fy25Volume":null,"optimusTier":null,"optimusScore":null,"quickWins":null,"priority":null,"leaseAction":null,"leaseStatus":null,"daysRemaining":null,"leaseUtilization":null,"monthlyRevenue":null,"contractFlag":null,"recommendedAction":null,"licensureNote":null,"opsNotes":null,"leaseExpiry":null,"osDate":null,"oc01":null,"oc02":null,"oc03":null,"oc04":null,"oc05":null,"oc06":null,"oc07":null,"oc08":null,"oc09":null,"brandingFlag":false,"adaFlag":false,"criticalOptimus":false}},{"type":"Feature","geometry":{"type":"Point","coordinates":[-88.260176618338,41.916354040509]},"properties":{"id":"5165","name":"West Chicago - Illinois Aviation Academy","propertyType":"PSI Authorized","category":"3P","address":"32 W 751 Tower Rd","city":"West Chicago","state":"Illinois","zip":"60185","country":"USA","geocodeSource":"census","scoreBucket":2,"scoreRaw":16,"seats":3,"cdVolume":1274,"avgMonthlyVol":106.2,"zdTicketRate":0.0738,"dispRate":0.0024,"reschdRate":0.022,"dmaRegion":"CHICAGO","leaseAction":null,"leaseStatus":null,"daysRemaining":null,"leaseUtilization":null,"monthlyRevenue":null,"contractFlag":null,"recommendedAction":null,"licensureNote":null,"opsNotes":null,"leaseExpiry":null,"criticalOptimus":false}},{"type":"Feature","geometry":{"type":"Point","coordinates":[-85.673447925537,40.054291071344]},"properties":{"id":"5573","name":"Anderson - Ivy Tech Community College","propertyType":"PSI Authorized","category":"3P","address":"815 East 60th Street Room 121, Certification and Assessment Center","city":"Anderson","state":"Indiana","zip":"46013","country":"USA","geocodeSource":"census","scoreBucket":3,"scoreRaw":18,"seats":15,"cdVolume":1117,"avgMonthlyVol":93.1,"zdTicketRate":0.0573,"dispRate":0.0134,"reschdRate":0.0045,"dmaRegion":"INDIANAPOLIS","leaseAction":null,"leaseStatus":null,"daysRemaining":null,"leaseUtilization":null,"monthlyRevenue":null,"contractFlag":null,"recommendedAction":null,"licensureNote":null,"opsNotes":null,"leaseExpiry":null,"criticalOptimus":false}},{"type":"Feature","geometry":{"type":"Point","coordinates":[-86.599029127445,39.16488281012]},"properties":{"id":"10641","name":"Bloomington - Ivy Tech Community College","propertyType":"PSI Authorized","category":"3P","address":"200 Daniels Way, Room A200","city":"Bloomington","state":"Indiana","zip":"47404","country":"USA","geocodeSource":"census","scoreBucket":4,"scoreRaw":20,"seats":6,"cdVolume":1324,"avgMonthlyVol":110.3,"zdTicketRate":0.0582,"dispRate":0.0053,"reschdRate":0.0023,"dmaRegion":"INDIANAPOLIS","leaseAction":null,"leaseStatus":null,"daysRemaining":null,"leaseUtilization":null,"monthlyRevenue":null,"contractFlag":null,"recommendedAction":null,"licensureNote":null,"opsNotes":null,"leaseExpiry":null,"criticalOptimus":false}},{"type":"Feature","geometry":{"type":"Point","coordinates":[-85.904117308405,39.250960078364]},"properties":{"id":"6717","name":"Columbus - Ivy Tech Community College","propertyType":"PSI Authorized","category":"3P","address":"4475 Central Ave, Moravec Hall Room 110","city":"Columbus","state":"Indiana","zip":"47203","country":"USA","geocodeSource":"census","scoreBucket":3,"scoreRaw":19,"seats":5,"cdVolume":531,"avgMonthlyVol":44.2,"zdTicketRate":0.0791,"dispRate":0.0094,"reschdRate":0.0038,"dmaRegion":"INDIANAPOLIS","leaseAction":null,"leaseStatus":null,"daysRemaining":null,"leaseUtilization":null,"monthlyRevenue":null,"contractFlag":null,"recommendedAction":null,"licensureNote":null,"opsNotes":null,"leaseExpiry":null,"criticalOptimus":false}},{"type":"Feature","geometry":{"type":"Point","coordinates":[-85.0950978,41.1223874]},"properties":{"id":"5574","name":"Fort Wayne - Ivy Tech Community College","propertyType":"PSI Authorized","category":"3P","address":"4805 Sirlin Drive, Harshman Hall, Room 0126","city":"Fort Wayne","state":"Indiana","zip":"46835","country":"USA","geocodeSource":"nominatim","scoreBucket":4,"scoreRaw":20,"seats":40,"cdVolume":3241,"avgMonthlyVol":270.1,"zdTicketRate":0.0299,"dispRate":0,"reschdRate":0,"dmaRegion":"FT. WAYNE","leaseAction":null,"leaseStatus":null,"daysRemaining":null,"leaseUtilization":null,"monthlyRevenue":null,"contractFlag":null,"recommendedAction":null,"licensureNote":null,"opsNotes":null,"leaseExpiry":null,"criticalOptimus":false}},{"type":"Feature","geometry":{"type":"Point","coordinates":[-85.89874785484,41.659622978004]},"properties":{"id":"6691","name":"Goshen - Ivy Tech Community College","propertyType":"PSI Authorized","category":"3P","address":"Elkhart County Campus, 22531 County Rd 18","city":"Goshen","state":"Indiana","zip":"46528","country":"USA","geocodeSource":"census","scoreBucket":3,"scoreRaw":18,"seats":4,"cdVolume":800,"avgMonthlyVol":66.7,"zdTicketRate":0.0862,"dispRate":0,"reschdRate":0.0025,"dmaRegion":"SOUTH BEND - ELKHART","leaseAction":null,"leaseStatus":null,"daysRemaining":null,"leaseUtilization":null,"monthlyRevenue":null,"contractFlag":null,"recommendedAction":null,"licensureNote":null,"opsNotes":null,"leaseExpiry":null,"criticalOptimus":false}},{"type":"Feature","geometry":{"type":"Point","coordinates":[-85.796497506516,41.52270421752]},"properties":{"id":"5308","name":"Goshen - New Horizons Aviation Inc.","propertyType":"PSI Authorized","category":"3P","address":"17229 County Rd 42, Goshen Municipal Airport","city":"Goshen","state":"Indiana","zip":"46526","country":"USA","geocodeSource":"census","scoreBucket":3,"scoreRaw":17,"seats":3,"cdVolume":555,"avgMonthlyVol":46.2,"zdTicketRate":0.3117,"dispRate":0.0036,"reschdRate":0.0054,"dmaRegion":"SOUTH BEND - ELKHART","leaseAction":null,"leaseStatus":null,"daysRemaining":null,"leaseUtilization":null,"monthlyRevenue":null,"contractFlag":null,"recommendedAction":null,"licensureNote":null,"opsNotes":null,"leaseExpiry":null,"criticalOptimus":false}},{"type":"Feature","geometry":{"type":"Point","coordinates":[-87.399115413685,41.522572282825]},"properties":{"id":"5310","name":"Griffith - Griffith Aviation, Inc.","propertyType":"PSI Authorized","category":"3P","address":"1705 E. Main Street, Griffith Airport","city":"Griffith","state":"Indiana","zip":"46319","country":"USA","geocodeSource":"census","scoreBucket":2,"scoreRaw":14,"seats":3,"cdVolume":315,"avgMonthlyVol":26.2,"zdTicketRate":0.1619,"dispRate":0.0254,"reschdRate":0.0222,"dmaRegion":"CHICAGO","leaseAction":null,"leaseStatus":null,"daysRemaining":null,"leaseUtilization":null,"monthlyRevenue":null,"contractFlag":null,"recommendedAction":null,"licensureNote":null,"opsNotes":null,"leaseExpiry":null,"criticalOptimus":false}},{"type":"Feature","geometry":{"type":"Point","coordinates":[-86.158013357768,39.922855178085]},"properties":{"id":"6672","name":"INDIANAPOLIS","propertyType":"PSI Owned","category":"OO","address":"9302 N. Meridian St, Suite 194","city":"Indianapolis","state":"Indiana","zip":"46260","country":"USA","geocodeSource":"census","scoreBucket":5,"scoreRaw":24,"seats":19,"cdVolume":14631,"avgMonthlyVol":1219.2,"zdTicketRate":0.0342,"dispRate":0.0074,"reschdRate":0.0021,"dmaRegion":"INDIANAPOLIS","optimusScore":0.562,"optimusTier":"C","fy25Volume":8269,"fy25Utilization":0.651,"priority":null,"quickWins":"Repair facade damage, repaint, replace broken doors, improve entrance appearance; Clean floors, repair walls, replace broken furniture, improve lighting; Remove personal items, organize desk, update signage, clear walkways; Replace broken furniture, organize cables, improve lighting, reduce noise; D","leaseAction":null,"leaseStatus":null,"daysRemaining":null,"leaseUtilization":null,"monthlyRevenue":null,"contractFlag":null,"recommendedAction":null,"licensureNote":null,"opsNotes":null,"leaseExpiry":null,"osDate":"2025-09-17","oc01":0.75,"oc02":0.55,"oc03":0.7,"oc04":0.65,"oc05":0.65,"oc06":0.65,"oc07":0.65,"oc08":0.8,"oc09":null,"adaFlag":true,"brandingFlag":false,"criticalOptimus":false}},{"type":"Feature","geometry":{"type":"Point","coordinates":[-86.004657722631,39.862709058763]},"properties":{"id":"5311","name":"Indianapolis - Ivy Tech Community College","propertyType":"PSI Authorized","category":"3P","address":"9301 E 59th St, Lawrence Fairbanks Bldg, Rm 147","city":"Indianapolis","state":"Indiana","zip":"46216","country":"USA","geocodeSource":"census","scoreBucket":2,"scoreRaw":16,"seats":25,"cdVolume":2674,"avgMonthlyVol":222.8,"zdTicketRate":0.0868,"dispRate":0.0183,"reschdRate":0.0243,"dmaRegion":"INDIANAPOLIS","leaseAction":null,"leaseStatus":null,"daysRemaining":null,"leaseUtilization":null,"monthlyRevenue":null,"contractFlag":null,"recommendedAction":null,"licensureNote":null,"opsNotes":null,"leaseExpiry":null,"criticalOptimus":false}},{"type":"Feature","geometry":{"type":"Point","coordinates":[-86.109377990019,40.505611135169]},"properties":{"id":"5948","name":"Kokomo - Ivy Tech Community College","propertyType":"PSI Authorized","category":"3P","address":"1815 E Morgan St, Rm M100","city":"Kokomo","state":"Indiana","zip":"46901","country":"USA","geocodeSource":"census","scoreBucket":3,"scoreRaw":19,"seats":13,"cdVolume":1045,"avgMonthlyVol":87.1,"zdTicketRate":0.0947,"dispRate":0.0019,"reschdRate":0.0067,"dmaRegion":"INDIANAPOLIS","leaseAction":null,"leaseStatus":null,"daysRemaining":null,"leaseUtilization":null,"monthlyRevenue":null,"contractFlag":null,"recommendedAction":null,"licensureNote":null,"opsNotes":null,"leaseExpiry":null,"criticalOptimus":false}},{"type":"Feature","geometry":{"type":"Point","coordinates":[-86.841815133771,40.384974698229]},"properties":{"id":"5312","name":"Lafayette - Ivy Tech Community College","propertyType":"PSI Authorized","category":"3P","address":"3101 S Creasy Lane","city":"Lafayette","state":"Indiana","zip":"47906","country":"USA","geocodeSource":"census","scoreBucket":4,"scoreRaw":20,"seats":7,"cdVolume":1651,"avgMonthlyVol":137.6,"zdTicketRate":0.0454,"dispRate":0.0127,"reschdRate":0.0012,"dmaRegion":"LAFAYETTE, IN","leaseAction":null,"leaseStatus":null,"daysRemaining":null,"leaseUtilization":null,"monthlyRevenue":null,"contractFlag":null,"recommendedAction":null,"licensureNote":null,"opsNotes":null,"leaseExpiry":null,"criticalOptimus":false}},{"type":"Feature","geometry":{"type":"Point","coordinates":[-84.846734062854,39.09205523031]},"properties":{"id":"6005","name":"Lawrenceburg - Ivy Tech Community College","propertyType":"PSI Authorized","category":"3P","address":"50 Walnut St  -  RM439","city":"Lawrenceburg","state":"Indiana","zip":"47025","country":"USA","geocodeSource":"census","scoreBucket":3,"scoreRaw":18,"seats":7,"cdVolume":454,"avgMonthlyVol":37.8,"zdTicketRate":0.0793,"dispRate":0,"reschdRate":0.011,"dmaRegion":"CINCINNATI","leaseAction":null,"leaseStatus":null,"daysRemaining":null,"leaseUtilization":null,"monthlyRevenue":null,"contractFlag":null,"recommendedAction":null,"licensureNote":null,"opsNotes":null,"leaseExpiry":null,"criticalOptimus":false}},{"type":"Feature","geometry":{"type":"Point","coordinates":[-86.354286936457,40.7379814853]},"properties":{"id":"13386","name":"Logansport - Ivy Tech Community College","propertyType":"PSI Authorized","category":"3P","address":"1 Ivy Tech Way","city":"Logansport","state":"Indiana","zip":"46947","country":"USA","geocodeSource":"census","scoreBucket":3,"scoreRaw":18,"seats":1,"cdVolume":191,"avgMonthlyVol":15.9,"zdTicketRate":0.0942,"dispRate":0,"reschdRate":0.0105,"dmaRegion":"INDIANAPOLIS","leaseAction":null,"leaseStatus":null,"daysRemaining":null,"leaseUtilization":null,"monthlyRevenue":null,"contractFlag":null,"recommendedAction":null,"licensureNote":null,"opsNotes":null,"leaseExpiry":null,"criticalOptimus":false}},{"type":"Feature","geometry":{"type":"Point","coordinates":[-85.375396753196,38.781907586192]},"properties":{"id":"5708","name":"Madison - Ivy Tech Community College","propertyType":"PSI Authorized","category":"3P","address":"590 Ivy Tech Dr","city":"Madison","state":"Indiana","zip":"47250","country":"USA","geocodeSource":"census","scoreBucket":3,"scoreRaw":18,"seats":13,"cdVolume":456,"avgMonthlyVol":38,"zdTicketRate":0.0965,"dispRate":0.0022,"reschdRate":0.011,"dmaRegion":"LOUISVILLE","leaseAction":null,"leaseStatus":null,"daysRemaining":null,"leaseUtilization":null,"monthlyRevenue":null,"contractFlag":null,"recommendedAction":null,"licensureNote":null,"opsNotes":null,"leaseExpiry":null,"criticalOptimus":false}},{"type":"Feature","geometry":{"type":"Point","coordinates":[-87.318786388058,41.464788904946]},"properties":{"id":"13286","name":"Merrillville - Training and Testing Center","propertyType":"PSI Authorized","category":"3P","address":"1443 E 84th Place","city":"Merrillville","state":"Indiana","zip":"46410","country":"USA","geocodeSource":"census","scoreBucket":4,"scoreRaw":21,"seats":20,"cdVolume":7035,"avgMonthlyVol":586.2,"zdTicketRate":0.0766,"dispRate":0.0081,"reschdRate":0.0091,"dmaRegion":"CHICAGO","leaseAction":null,"leaseStatus":null,"daysRemaining":null,"leaseUtilization":null,"monthlyRevenue":null,"contractFlag":null,"recommendedAction":null,"licensureNote":null,"opsNotes":null,"leaseExpiry":null,"criticalOptimus":false}},{"type":"Feature","geometry":{"type":"Point","coordinates":[-85.387742623218,40.193456320559]},"properties":{"id":"5575","name":"Muncie - Ivy Tech Community College","propertyType":"PSI Authorized","category":"3P","address":"125 S. High Street Room 212","city":"Muncie","state":"Indiana","zip":"47305","country":"USA","geocodeSource":"census","scoreBucket":3,"scoreRaw":19,"seats":8,"cdVolume":1341,"avgMonthlyVol":111.8,"zdTicketRate":0.1007,"dispRate":0.0015,"reschdRate":0,"dmaRegion":"INDIANAPOLIS","leaseAction":null,"leaseStatus":null,"daysRemaining":null,"leaseUtilization":null,"monthlyRevenue":null,"contractFlag":null,"recommendedAction":null,"licensureNote":null,"opsNotes":null,"leaseExpiry":null,"criticalOptimus":false}},{"type":"Feature","geometry":{"type":"Point","coordinates":[-86.381061798259,39.681819394697]},"properties":{"id":"6633","name":"Plainfield - Ivy Tech Comm College","propertyType":"PSI Authorized","category":"3P","address":"1610 Reeves Rd, Room 111","city":"Plainfield","state":"Indiana","zip":"46168","country":"USA","geocodeSource":"census","scoreBucket":3,"scoreRaw":18,"seats":26,"cdVolume":768,"avgMonthlyVol":64,"zdTicketRate":0.0833,"dispRate":0.0182,"reschdRate":0.0013,"dmaRegion":"INDIANAPOLIS","leaseAction":null,"leaseStatus":null,"daysRemaining":null,"leaseUtilization":null,"monthlyRevenue":null,"contractFlag":null,"recommendedAction":null,"licensureNote":null,"opsNotes":null,"leaseExpiry":null,"criticalOptimus":false}},{"type":"Feature","geometry":{"type":"Point","coordinates":[-86.2477742,41.6630597]},"properties":{"id":"5314","name":"South Bend - Ivy Tech Community College","propertyType":"PSI Authorized","category":"3P","address":"220 Dean Johnson Blvd, Door 3, Room 134","city":"South Bend","state":"Indiana","zip":"46601","country":"USA","geocodeSource":"nominatim","scoreBucket":4,"scoreRaw":20,"seats":6,"cdVolume":1337,"avgMonthlyVol":111.4,"zdTicketRate":0.092,"dispRate":0.006,"reschdRate":0.0022,"dmaRegion":"SOUTH BEND - ELKHART","leaseAction":null,"leaseStatus":null,"daysRemaining":null,"leaseUtilization":null,"monthlyRevenue":null,"contractFlag":null,"recommendedAction":null,"licensureNote":null,"opsNotes":null,"leaseExpiry":null,"criticalOptimus":false}},{"type":"Feature","geometry":{"type":"Point","coordinates":[-87.0200959,41.4617988]},"properties":{"id":"5909","name":"Valparaiso - Ivy Tech Community College","propertyType":"PSI Authorized","category":"3P","address":"3100 Ivy Tech Drive","city":"Valparaiso","state":"Indiana","zip":"46383","country":"USA","geocodeSource":"nominatim","scoreBucket":1,"scoreRaw":11,"seats":10,"cdVolume":577,"avgMonthlyVol":48.1,"zdTicketRate":0.1941,"dispRate":0.026,"reschdRate":0.1144,"dmaRegion":"CHICAGO","leaseAction":null,"leaseStatus":null,"daysRemaining":null,"leaseUtilization":null,"monthlyRevenue":null,"contractFlag":null,"recommendedAction":null,"licensureNote":null,"opsNotes":null,"leaseExpiry":null,"criticalOptimus":false}},{"type":"Feature","geometry":{"type":"Point","coordinates":[-85.871871804351,41.27091583663]},"properties":{"id":"6669","name":"Warsaw - Ivy Tech Community College","propertyType":"PSI Authorized","category":"3P","address":"2545 Silveus Crossing","city":"Warsaw","state":"Indiana","zip":"46582","country":"USA","geocodeSource":"census","scoreBucket":2,"scoreRaw":15,"seats":3,"cdVolume":285,"avgMonthlyVol":23.8,"zdTicketRate":0.0526,"dispRate":0.0175,"reschdRate":0.0386,"dmaRegion":"SOUTH BEND - ELKHART","leaseAction":null,"leaseStatus":null,"daysRemaining":null,"leaseUtilization":null,"monthlyRevenue":null,"contractFlag":null,"recommendedAction":null,"licensureNote":null,"opsNotes":null,"leaseExpiry":null,"criticalOptimus":false}},{"type":"Feature","geometry":{"type":"Point","coordinates":[-93.600695534543,41.708792214567]},"properties":{"id":"18306","name":"Ankeny - Des Moines Area Community College","propertyType":"PSI Authorized","category":"3P","address":"2006 S. Ankeny Blvd.,, Bldg. 6, Room 23","city":"Ankeny","state":"Iowa","zip":"50023","country":"USA","geocodeSource":"census","scoreBucket":3,"scoreRaw":17,"seats":3,"cdVolume":424,"avgMonthlyVol":35.3,"zdTicketRate":0.1061,"dispRate":0.0047,"reschdRate":0.0071,"dmaRegion":"DES MOINES - AMES","leaseAction":null,"leaseStatus":null,"daysRemaining":null,"leaseUtilization":null,"monthlyRevenue":null,"contractFlag":null,"recommendedAction":null,"licensureNote":null,"opsNotes":null,"leaseExpiry":null,"criticalOptimus":false}},{"type":"Feature","geometry":{"type":"Point","coordinates":[-91.656831614023,41.931103697322]},"properties":{"id":"43","name":"CEDAR RAPIDS","propertyType":"PSI Owned","category":"OO","address":"4935 BOWLING STREET, SW, STE C","city":"CEDAR RAPIDS","state":"Iowa","zip":"52404","country":"USA","geocodeSource":"census","scoreBucket":4,"scoreRaw":20,"seats":7,"cdVolume":4519,"avgMonthlyVol":376.6,"zdTicketRate":0.0635,"dispRate":0.0131,"reschdRate":0.0018,"dmaRegion":"CEDAR RAPIDS - WTRLO - IWC&DUB","optimusScore":0.617,"optimusTier":"C","fy25Volume":2266,"fy25Utilization":0.611,"priority":"N","quickWins":"Repair facade damage, repaint, replace broken doors, improve entrance appearance; Clean floors, repair walls, replace broken furniture, improve lighting; Remove personal items, organize desk, update signage, clear walkways; Replace broken furniture, organize cables, improve lighting, reduce noise; D","leaseAction":"Renew","leaseStatus":"EXPIRED","daysRemaining":-148,"leaseUtilization":0.61,"monthlyRevenue":97592,"contractFlag":false,"recommendedAction":"Landlord offered 3-yr extension 5/1/26 — respond now","licensureNote":"IA RE expires 6/30/2027","opsNotes":null,"leaseExpiry":"12-31-2025","osDate":"2025-09-24","oc01":0.65,"oc02":0.65,"oc03":0.7,"oc04":0.85,"oc05":0.85,"oc06":null,"oc07":null,"oc08":0.85,"oc09":null,"adaFlag":false,"brandingFlag":false,"criticalOptimus":false}},{"type":"Feature","geometry":{"type":"Point","coordinates":[-95.815540407645,41.260515627067]},"properties":{"id":"45","name":"COUNCIL BLUFFS","propertyType":"PSI Owned","category":"OO","address":"1705 MCPHERSON, SUITE 300","city":"COUNCIL BLUFFS","state":"Iowa","zip":"51503","country":"USA","geocodeSource":"census","scoreBucket":2,"scoreRaw":15,"seats":5,"cdVolume":2676,"avgMonthlyVol":223,"zdTicketRate":0.1528,"dispRate":0.0179,"reschdRate":0.0019,"dmaRegion":"OMAHA","optimusScore":0.632,"optimusTier":"C","fy25Volume":1276,"fy25Utilization":0.633,"priority":null,"quickWins":"Repair facade damage, repaint, replace broken doors, improve entrance appearance; Clean floors, repair walls, replace broken furniture, improve lighting; Remove personal items, organize desk, update signage, clear walkways; Replace broken furniture, organize cables, improve lighting, reduce noise; D","leaseAction":null,"leaseStatus":null,"daysRemaining":null,"leaseUtilization":null,"monthlyRevenue":null,"contractFlag":null,"recommendedAction":null,"licensureNote":null,"opsNotes":null,"leaseExpiry":null,"osDate":"2025-09-22","oc01":0.85,"oc02":0.55,"oc03":0.634,"oc04":0.85,"oc05":0.85,"oc06":0.65,"oc07":0.45,"oc08":0.85,"oc09":null,"adaFlag":true,"brandingFlag":false,"criticalOptimus":false}},{"type":"Feature","geometry":{"type":"Point","coordinates":[-94.2008458,42.4908426]},"properties":{"id":"12677","name":"Fort Dodge - Iowa Central Community College","propertyType":"PSI Authorized","category":"3P","address":"One Triton Circle","city":"Fort Dodge","state":"Iowa","zip":"50501","country":"USA","geocodeSource":"nominatim","scoreBucket":2,"scoreRaw":15,"seats":20,"cdVolume":156,"avgMonthlyVol":13,"zdTicketRate":0.141,"dispRate":0.0256,"reschdRate":0,"dmaRegion":"DES MOINES - AMES","leaseAction":null,"leaseStatus":null,"daysRemaining":null,"leaseUtilization":null,"monthlyRevenue":null,"contractFlag":null,"recommendedAction":null,"licensureNote":null,"opsNotes":null,"leaseExpiry":null,"criticalOptimus":false}},{"type":"Feature","geometry":{"type":"Point","coordinates":[-92.396398169891,41.044136543992]},"properties":{"id":"5323","name":"Ottumwa - Indian Hills Community College","propertyType":"PSI Authorized","category":"3P","address":"525 Grandview Ave  - Trustee Hall","city":"Ottumwa","state":"Iowa","zip":"52501","country":"USA","geocodeSource":"census","scoreBucket":2,"scoreRaw":16,"seats":5,"cdVolume":242,"avgMonthlyVol":20.2,"zdTicketRate":0.1901,"dispRate":0.0083,"reschdRate":0,"dmaRegion":"OTTUMWA - KIRKSVILLE","leaseAction":null,"leaseStatus":null,"daysRemaining":null,"leaseUtilization":null,"monthlyRevenue":null,"contractFlag":null,"recommendedAction":null,"licensureNote":null,"opsNotes":null,"leaseExpiry":null,"criticalOptimus":false}},{"type":"Feature","geometry":{"type":"Point","coordinates":[-95.878701626779,43.185845334235]},"properties":{"id":"9010","name":"Sheldon - Northwest Iowa Community College","propertyType":"PSI Authorized","category":"3P","address":"603 West Park St., Bldg A, Learning Center","city":"Sheldon","state":"Iowa","zip":"51201","country":"USA","geocodeSource":"census","scoreBucket":2,"scoreRaw":13,"seats":3,"cdVolume":368,"avgMonthlyVol":30.7,"zdTicketRate":0.1576,"dispRate":0.0163,"reschdRate":0.0163,"dmaRegion":"SIOUX CITY","leaseAction":null,"leaseStatus":null,"daysRemaining":null,"leaseUtilization":null,"monthlyRevenue":null,"contractFlag":null,"recommendedAction":null,"licensureNote":null,"opsNotes":null,"leaseExpiry":null,"criticalOptimus":false}},{"type":"Feature","geometry":{"type":"Point","coordinates":[-93.715651189098,41.590294258907]},"properties":{"id":"44","name":"WEST DES MOINES","propertyType":"PSI Owned","category":"OO","address":"950 OFFICE PARK RD, SUITE 212","city":"W. DES MOINES","state":"Iowa","zip":"50265","country":"USA","geocodeSource":"census","scoreBucket":3,"scoreRaw":18,"seats":8,"cdVolume":6677,"avgMonthlyVol":556.4,"zdTicketRate":0.0517,"dispRate":0.0202,"reschdRate":0.0067,"dmaRegion":"DES MOINES - AMES","fy25Utilization":null,"fy25Volume":null,"optimusTier":null,"optimusScore":null,"quickWins":null,"priority":null,"leaseAction":null,"leaseStatus":null,"daysRemaining":null,"leaseUtilization":null,"monthlyRevenue":null,"contractFlag":null,"recommendedAction":null,"licensureNote":null,"opsNotes":null,"leaseExpiry":null,"osDate":null,"oc01":null,"oc02":null,"oc03":null,"oc04":null,"oc05":null,"oc06":null,"oc07":null,"oc08":null,"oc09":null,"brandingFlag":false,"adaFlag":false,"criticalOptimus":false}},{"type":"Feature","geometry":{"type":"Point","coordinates":[-92.325767212653,42.42856962909]},"properties":{"id":"13276","name":"Waterloo - Hawkeye Community College","propertyType":"PSI Authorized","category":"3P","address":"1501 East Orange Rd","city":"Waterloo","state":"Iowa","zip":"50704","country":"USA","geocodeSource":"census","scoreBucket":2,"scoreRaw":15,"seats":6,"cdVolume":630,"avgMonthlyVol":52.5,"zdTicketRate":0.1381,"dispRate":0.0286,"reschdRate":0.0079,"dmaRegion":"#N/A","leaseAction":null,"leaseStatus":null,"daysRemaining":null,"leaseUtilization":null,"monthlyRevenue":null,"contractFlag":null,"recommendedAction":null,"licensureNote":null,"opsNotes":null,"leaseExpiry":null,"criticalOptimus":false}},{"type":"Feature","geometry":{"type":"Point","coordinates":[-94.7956843,38.938617]},"properties":{"id":"10137","name":"OLATHE","propertyType":"PSI Owned","category":"OO","address":"18000 W. 105th St., Corporate Ridge Office Park","city":"Olathe","state":"Kansas","zip":"66061","country":"USA","geocodeSource":"census","scoreBucket":3,"scoreRaw":19,"seats":14,"cdVolume":9167,"avgMonthlyVol":763.9,"zdTicketRate":0.0316,"dispRate":0.0159,"reschdRate":0.0073,"dmaRegion":"KANSAS CITY","optimusScore":0.774,"optimusTier":"B","fy25Volume":4723,"fy25Utilization":0.808,"priority":"N","quickWins":null,"leaseAction":null,"leaseStatus":null,"daysRemaining":null,"leaseUtilization":null,"monthlyRevenue":null,"contractFlag":null,"recommendedAction":null,"licensureNote":null,"opsNotes":null,"leaseExpiry":null,"osDate":"2025-09-25","oc01":0.85,"oc02":0.9,"oc03":0.834,"oc04":0.85,"oc05":0.85,"oc06":0.65,"oc07":0.45,"oc08":0.85,"oc09":0.75,"adaFlag":true,"brandingFlag":false,"criticalOptimus":false}},{"type":"Feature","geometry":{"type":"Point","coordinates":[-94.795857,38.9388548]},"properties":{"id":"17279","name":"Olathe - GPS NHA QA","propertyType":"PSI Owned","category":"OO","address":"18000 W. 105th St.","city":"Olathe","state":"Kansas","zip":"66061","country":"USA","geocodeSource":"census","seats":null,"scoreRaw":null,"scoreBucket":null,"avgMonthlyVol":null,"cdVolume":null,"reschdRate":null,"dispRate":null,"zdTicketRate":null,"dmaRegion":null,"fy25Utilization":null,"fy25Volume":null,"optimusTier":null,"optimusScore":null,"quickWins":null,"priority":null,"leaseAction":null,"leaseStatus":null,"daysRemaining":null,"leaseUtilization":null,"monthlyRevenue":null,"contractFlag":null,"recommendedAction":null,"licensureNote":null,"opsNotes":null,"leaseExpiry":null,"osDate":null,"oc01":null,"oc02":null,"oc03":null,"oc04":null,"oc05":null,"oc06":null,"oc07":null,"oc08":null,"oc09":null,"brandingFlag":false,"adaFlag":false,"criticalOptimus":false}},{"type":"Feature","geometry":{"type":"Point","coordinates":[-94.7961365,38.938764]},"properties":{"id":"11315","name":"PSI LAB 1.2 - OLATHE","propertyType":"PSI Owned","category":"OO","address":"18000 W. 105th Ave., Corporate Ridge Office Park","city":"Olathe","state":"Kansas","zip":"66061","country":"USA","geocodeSource":"census","seats":null,"scoreRaw":null,"scoreBucket":null,"avgMonthlyVol":null,"cdVolume":null,"reschdRate":null,"dispRate":null,"zdTicketRate":null,"dmaRegion":null,"fy25Utilization":null,"fy25Volume":null,"optimusTier":null,"optimusScore":null,"quickWins":null,"priority":null,"leaseAction":null,"leaseStatus":null,"daysRemaining":null,"leaseUtilization":null,"monthlyRevenue":null,"contractFlag":null,"recommendedAction":null,"licensureNote":null,"opsNotes":null,"leaseExpiry":null,"osDate":null,"oc01":null,"oc02":null,"oc03":null,"oc04":null,"oc05":null,"oc06":null,"oc07":null,"oc08":null,"oc09":null,"brandingFlag":false,"adaFlag":false,"criticalOptimus":false}},{"type":"Feature","geometry":{"type":"Point","coordinates":[-94.7961365,38.9384701]},"properties":{"id":"11240","name":"PSI LAB 2 - OLATHE","propertyType":"PSI Owned","category":"OO","address":"18000 W. 105th Ave., Corporate Ridge Office Park","city":"Olathe","state":"Kansas","zip":"66061","country":"USA","geocodeSource":"census","seats":null,"scoreRaw":null,"scoreBucket":null,"avgMonthlyVol":null,"cdVolume":null,"reschdRate":null,"dispRate":null,"zdTicketRate":null,"dmaRegion":null,"fy25Utilization":null,"fy25Volume":null,"optimusTier":null,"optimusScore":null,"quickWins":null,"priority":null,"leaseAction":null,"leaseStatus":null,"daysRemaining":null,"leaseUtilization":null,"monthlyRevenue":null,"contractFlag":null,"recommendedAction":null,"licensureNote":null,"opsNotes":null,"leaseExpiry":null,"osDate":null,"oc01":null,"oc02":null,"oc03":null,"oc04":null,"oc05":null,"oc06":null,"oc07":null,"oc08":null,"oc09":null,"brandingFlag":false,"adaFlag":false,"criticalOptimus":false}},{"type":"Feature","geometry":{"type":"Point","coordinates":[-94.795857,38.9383793]},"properties":{"id":"11241","name":"PSI LAB 3 - OLATHE","propertyType":"PSI Owned","category":"OO","address":"18000 W. 105th Ave., Corporate Ridge Office Park","city":"Olathe","state":"Kansas","zip":"66061","country":"USA","geocodeSource":"census","seats":null,"scoreRaw":null,"scoreBucket":null,"avgMonthlyVol":null,"cdVolume":null,"reschdRate":null,"dispRate":null,"zdTicketRate":null,"dmaRegion":null,"fy25Utilization":null,"fy25Volume":null,"optimusTier":null,"optimusScore":null,"quickWins":null,"priority":null,"leaseAction":null,"leaseStatus":null,"daysRemaining":null,"leaseUtilization":null,"monthlyRevenue":null,"contractFlag":null,"recommendedAction":null,"licensureNote":null,"opsNotes":null,"leaseExpiry":null,"osDate":null,"oc01":null,"oc02":null,"oc03":null,"oc04":null,"oc05":null,"oc06":null,"oc07":null,"oc08":null,"oc09":null,"brandingFlag":false,"adaFlag":false,"criticalOptimus":false}},{"type":"Feature","geometry":{"type":"Point","coordinates":[-97.222960087422,37.664724443312]},"properties":{"id":"5167","name":"Wichita - Aviation Testing Inc.","propertyType":"PSI Authorized","category":"3P","address":"9914 E Harry","city":"Wichita","state":"Kansas","zip":"67207","country":"USA","geocodeSource":"census","scoreBucket":2,"scoreRaw":15,"seats":10,"cdVolume":613,"avgMonthlyVol":51.1,"zdTicketRate":0.1615,"dispRate":0.0082,"reschdRate":0.0424,"dmaRegion":"WICHITA - HUTCHINSON PLUS","leaseAction":null,"leaseStatus":null,"daysRemaining":null,"leaseUtilization":null,"monthlyRevenue":null,"contractFlag":null,"recommendedAction":null,"licensureNote":null,"opsNotes":null,"leaseExpiry":null,"criticalOptimus":false}},{"type":"Feature","geometry":{"type":"Point","coordinates":[-97.379393100024,37.694797515642]},"properties":{"id":"11905","name":"Wichita - HRB","propertyType":"PSI Authorized","category":"3P","address":"3201 W. Central","city":"Wichita","state":"Kansas","zip":"67203","country":"USA","geocodeSource":"census","scoreBucket":2,"scoreRaw":15,"seats":3,"cdVolume":178,"avgMonthlyVol":14.8,"zdTicketRate":0.1236,"dispRate":0,"reschdRate":0,"dmaRegion":"WICHITA - HUTCHINSON PLUS","leaseAction":null,"leaseStatus":null,"daysRemaining":null,"leaseUtilization":null,"monthlyRevenue":null,"contractFlag":null,"recommendedAction":null,"licensureNote":null,"opsNotes":null,"leaseExpiry":null,"criticalOptimus":false}},{"type":"Feature","geometry":{"type":"Point","coordinates":[-97.226345464628,37.763763691852]},"properties":{"id":"18275","name":"Wichita - Wichita State University Campus of Applied Sciences and Technology","propertyType":"PSI Authorized","category":"3P","address":"4004 N Webb Rd Building 100","city":"Wichita","state":"Kansas","zip":"67226","country":"USA","geocodeSource":"census","scoreBucket":2,"scoreRaw":14,"seats":6,"cdVolume":781,"avgMonthlyVol":65.1,"zdTicketRate":0.1037,"dispRate":0.023,"reschdRate":0.0461,"dmaRegion":"WICHITA - HUTCHINSON PLUS","leaseAction":null,"leaseStatus":null,"daysRemaining":null,"leaseUtilization":null,"monthlyRevenue":null,"contractFlag":null,"recommendedAction":null,"licensureNote":null,"opsNotes":null,"leaseExpiry":null,"criticalOptimus":false}},{"type":"Feature","geometry":{"type":"Point","coordinates":[-82.651761534566,38.468513597921]},"properties":{"id":"16945","name":"Ashland - Ashland Community and Technical College","propertyType":"PSI Authorized","category":"3P","address":"1400 College Drive","city":"Ashland","state":"Kentucky","zip":"41101","country":"USA","geocodeSource":"census","scoreBucket":3,"scoreRaw":19,"seats":4,"cdVolume":1171,"avgMonthlyVol":97.6,"zdTicketRate":0.0572,"dispRate":0.0051,"reschdRate":0.006,"dmaRegion":"CHARLESTON - HUNTINGTON","leaseAction":null,"leaseStatus":null,"daysRemaining":null,"leaseUtilization":null,"monthlyRevenue":null,"contractFlag":null,"recommendedAction":null,"licensureNote":null,"opsNotes":null,"leaseExpiry":null,"criticalOptimus":false}},{"type":"Feature","geometry":{"type":"Point","coordinates":[-86.481904188301,36.988875581302]},"properties":{"id":"5565","name":"Bowling Green - Southcentral Kentucky CTC","propertyType":"PSI Authorized","category":"3P","address":"1127 Morgantown Rd","city":"Bowling Green","state":"Kentucky","zip":"42101","country":"USA","geocodeSource":"census","scoreBucket":4,"scoreRaw":20,"seats":5,"cdVolume":1612,"avgMonthlyVol":134.3,"zdTicketRate":0.0912,"dispRate":0.0087,"reschdRate":0.005,"dmaRegion":"BOWLING GREEN","leaseAction":null,"leaseStatus":null,"daysRemaining":null,"leaseUtilization":null,"monthlyRevenue":null,"contractFlag":null,"recommendedAction":null,"licensureNote":null,"opsNotes":null,"leaseExpiry":null,"criticalOptimus":false}},{"type":"Feature","geometry":{"type":"Point","coordinates":[-85.875546293618,37.691906046759]},"properties":{"id":"12044","name":"Elizabethtown - Elizabethtown Community and Technical College","propertyType":"PSI Authorized","category":"3P","address":"650 College Street Road, 129RPC (Regional Postsecondary Bldg, Rom 129)","city":"Elizabethtown","state":"Kentucky","zip":"42701","country":"USA","geocodeSource":"census","scoreBucket":2,"scoreRaw":14,"seats":8,"cdVolume":1107,"avgMonthlyVol":92.2,"zdTicketRate":0.1066,"dispRate":0.0217,"reschdRate":0.0199,"dmaRegion":"LOUISVILLE","leaseAction":null,"leaseStatus":null,"daysRemaining":null,"leaseUtilization":null,"monthlyRevenue":null,"contractFlag":null,"recommendedAction":null,"licensureNote":null,"opsNotes":null,"leaseExpiry":null,"criticalOptimus":false}},{"type":"Feature","geometry":{"type":"Point","coordinates":[-84.629499118154,38.960949835765]},"properties":{"id":"5330","name":"Florence - Gateway Comm and Tech College","propertyType":"PSI Authorized","category":"3P","address":"500 Technology Way","city":"Florence","state":"Kentucky","zip":"41042","country":"USA","geocodeSource":"census","scoreBucket":3,"scoreRaw":18,"seats":5,"cdVolume":2355,"avgMonthlyVol":196.2,"zdTicketRate":0.087,"dispRate":0.0034,"reschdRate":0.0144,"dmaRegion":"CINCINNATI","leaseAction":null,"leaseStatus":null,"daysRemaining":null,"leaseUtilization":null,"monthlyRevenue":null,"contractFlag":null,"recommendedAction":null,"licensureNote":null,"opsNotes":null,"leaseExpiry":null,"criticalOptimus":false}},{"type":"Feature","geometry":{"type":"Point","coordinates":[-84.497580956576,37.96993417395]},"properties":{"id":"11941","name":"Lexington - HRB","propertyType":"PSI Authorized","category":"3P","address":"4101 Tates Creek Centre Suite 102","city":"Lexington","state":"Kentucky","zip":"40517","country":"USA","geocodeSource":"census","scoreBucket":2,"scoreRaw":15,"seats":3,"cdVolume":1071,"avgMonthlyVol":89.2,"zdTicketRate":0.1326,"dispRate":0.0037,"reschdRate":0.0121,"dmaRegion":"LEXINGTON","leaseAction":null,"leaseStatus":null,"daysRemaining":null,"leaseUtilization":null,"monthlyRevenue":null,"contractFlag":null,"recommendedAction":null,"licensureNote":null,"opsNotes":null,"leaseExpiry":null,"criticalOptimus":false}},{"type":"Feature","geometry":{"type":"Point","coordinates":[-84.496061115689,38.045577367804]},"properties":{"id":"13074","name":"Lexington - Lexington Testing Center","propertyType":"PSI Authorized","category":"3P","address":"163 East Main Street, Suite 405","city":"Lexington","state":"Kentucky","zip":"40507","country":"USA","geocodeSource":"census","scoreBucket":4,"scoreRaw":20,"seats":18,"cdVolume":2485,"avgMonthlyVol":207.1,"zdTicketRate":0.0926,"dispRate":0,"reschdRate":0.0072,"dmaRegion":"LEXINGTON","leaseAction":null,"leaseStatus":null,"daysRemaining":null,"leaseUtilization":null,"monthlyRevenue":null,"contractFlag":null,"recommendedAction":null,"licensureNote":null,"opsNotes":null,"leaseExpiry":null,"criticalOptimus":false}},{"type":"Feature","geometry":{"type":"Point","coordinates":[-84.6097907,38.0375873]},"properties":{"id":"6637","name":"Lexington - NexGen Aviation LLC","propertyType":"PSI Authorized","category":"3P","address":"4444 Gumbert Rd., Suite B","city":"Lexington","state":"Kentucky","zip":"40510","country":"USA","geocodeSource":"nominatim","scoreBucket":2,"scoreRaw":13,"seats":4,"cdVolume":1365,"avgMonthlyVol":113.8,"zdTicketRate":0.1377,"dispRate":0.0425,"reschdRate":0.0498,"dmaRegion":"LEXINGTON","leaseAction":null,"leaseStatus":null,"daysRemaining":null,"leaseUtilization":null,"monthlyRevenue":null,"contractFlag":null,"recommendedAction":null,"licensureNote":null,"opsNotes":null,"leaseExpiry":null,"criticalOptimus":false}},{"type":"Feature","geometry":{"type":"Point","coordinates":[-84.551039045942,37.980650759999]},"properties":{"id":"16933","name":"Paul Mitchell the School Lexington","propertyType":"PSI Authorized","category":"3P","address":"3644 Boston Rd","city":"Lexington","state":"Kentucky","zip":"40514","country":"USA","geocodeSource":"census","seats":null,"scoreRaw":null,"scoreBucket":null,"avgMonthlyVol":null,"cdVolume":null,"reschdRate":null,"dispRate":null,"zdTicketRate":null,"dmaRegion":null,"leaseAction":null,"leaseStatus":null,"daysRemaining":null,"leaseUtilization":null,"monthlyRevenue":null,"contractFlag":null,"recommendedAction":null,"licensureNote":null,"opsNotes":null,"leaseExpiry":null,"criticalOptimus":false}},{"type":"Feature","geometry":{"type":"Point","coordinates":[-85.753153246099,38.24836761375]},"properties":{"id":"5562","name":"Louisville - Jefferson Comm Tech College","propertyType":"PSI Authorized","category":"3P","address":"110 West Chestnut St Suite 301","city":"Louisville","state":"Kentucky","zip":"40202","country":"USA","geocodeSource":"census","scoreBucket":3,"scoreRaw":18,"seats":null,"cdVolume":1815,"avgMonthlyVol":151.2,"zdTicketRate":0.0915,"dispRate":0.0061,"reschdRate":0.0061,"dmaRegion":"LOUISVILLE","leaseAction":null,"leaseStatus":null,"daysRemaining":null,"leaseUtilization":null,"monthlyRevenue":null,"contractFlag":null,"recommendedAction":null,"licensureNote":null,"opsNotes":null,"leaseExpiry":null,"criticalOptimus":false}},{"type":"Feature","geometry":{"type":"Point","coordinates":[-83.8055345,38.6232436]},"properties":{"id":"5563","name":"Maysville - Maysville Community and Technical College","propertyType":"PSI Authorized","category":"3P","address":"1755 US 68, Technical Bldg. RM T202","city":"Maysville","state":"Kentucky","zip":"41056","country":"USA","geocodeSource":"nominatim","scoreBucket":2,"scoreRaw":15,"seats":6,"cdVolume":548,"avgMonthlyVol":45.7,"zdTicketRate":0.1588,"dispRate":0.0073,"reschdRate":0.0493,"dmaRegion":"CINCINNATI","leaseAction":null,"leaseStatus":null,"daysRemaining":null,"leaseUtilization":null,"monthlyRevenue":null,"contractFlag":null,"recommendedAction":null,"licensureNote":null,"opsNotes":null,"leaseExpiry":null,"criticalOptimus":false}},{"type":"Feature","geometry":{"type":"Point","coordinates":[-83.983528911508,38.055235822329]},"properties":{"id":"5583","name":"Mount Sterling - Kentucky Airmotive, Inc.","propertyType":"PSI Authorized","category":"3P","address":"709 Airport Rd, Mount Sterling-Montgomery Co. Airport","city":"Mount Sterling","state":"Kentucky","zip":"40353","country":"USA","geocodeSource":"census","scoreBucket":2,"scoreRaw":16,"seats":4,"cdVolume":871,"avgMonthlyVol":72.6,"zdTicketRate":0.0654,"dispRate":0,"reschdRate":0.0138,"dmaRegion":"LEXINGTON","leaseAction":null,"leaseStatus":null,"daysRemaining":null,"leaseUtilization":null,"monthlyRevenue":null,"contractFlag":null,"recommendedAction":null,"licensureNote":null,"opsNotes":null,"leaseExpiry":null,"criticalOptimus":false}},{"type":"Feature","geometry":{"type":"Point","coordinates":[-87.112298872612,37.762004735458]},"properties":{"id":"5337","name":"Owensboro - Owensboro Community and Technical College","propertyType":"PSI Authorized","category":"3P","address":"1501 Frederica St","city":"Owensboro","state":"Kentucky","zip":"42301","country":"USA","geocodeSource":"census","scoreBucket":3,"scoreRaw":18,"seats":6,"cdVolume":1145,"avgMonthlyVol":95.4,"zdTicketRate":0.0786,"dispRate":0.0061,"reschdRate":0.0079,"dmaRegion":"EVANSVILLE","leaseAction":null,"leaseStatus":null,"daysRemaining":null,"leaseUtilization":null,"monthlyRevenue":null,"contractFlag":null,"recommendedAction":null,"licensureNote":null,"opsNotes":null,"leaseExpiry":null,"criticalOptimus":false}},{"type":"Feature","geometry":{"type":"Point","coordinates":[-88.657504165551,37.05668282515]},"properties":{"id":"5566","name":"Paducah - West Kentucky CTC","propertyType":"PSI Authorized","category":"3P","address":"4810 Alben Barkley Dr, Emergin Tech Ctr, Rm 133","city":"Paducah","state":"Kentucky","zip":"42002","country":"USA","geocodeSource":"census","scoreBucket":2,"scoreRaw":13,"seats":5,"cdVolume":1167,"avgMonthlyVol":97.2,"zdTicketRate":0.1482,"dispRate":0.0308,"reschdRate":0.0368,"dmaRegion":"#N/A","leaseAction":null,"leaseStatus":null,"daysRemaining":null,"leaseUtilization":null,"monthlyRevenue":null,"contractFlag":null,"recommendedAction":null,"licensureNote":null,"opsNotes":null,"leaseExpiry":null,"criticalOptimus":false}},{"type":"Feature","geometry":{"type":"Point","coordinates":[-82.810758126467,37.815566343774]},"properties":{"id":"13775","name":"EAST KY PRACTICAL","propertyType":"PSI Owned","category":"OO","address":"KCTCS - Big Sandy Campus, 513 Third St/Building A Room 107","city":"Paintsville","state":"Kentucky","zip":"41240","country":"USA","geocodeSource":"census","scoreBucket":3,"scoreRaw":18,"seats":null,"cdVolume":76,"avgMonthlyVol":6.9,"zdTicketRate":0,"dispRate":0,"reschdRate":0,"dmaRegion":"CHARLESTON - HUNTINGTON","fy25Utilization":null,"fy25Volume":null,"optimusTier":null,"optimusScore":null,"quickWins":null,"priority":null,"leaseAction":null,"leaseStatus":null,"daysRemaining":null,"leaseUtilization":null,"monthlyRevenue":null,"contractFlag":null,"recommendedAction":null,"licensureNote":null,"opsNotes":null,"leaseExpiry":null,"osDate":null,"oc01":null,"oc02":null,"oc03":null,"oc04":null,"oc05":null,"oc06":null,"oc07":null,"oc08":null,"oc09":null,"brandingFlag":false,"adaFlag":false,"criticalOptimus":false}},{"type":"Feature","geometry":{"type":"Point","coordinates":[-84.618621598731,37.061788354522]},"properties":{"id":"5564","name":"Somerset - Somerset Community College-KCTCS","propertyType":"PSI Authorized","category":"3P","address":"808 Monticello St, Room 101, Matthew Rodriquez","city":"Somerset","state":"Kentucky","zip":"42501","country":"USA","geocodeSource":"census","scoreBucket":4,"scoreRaw":20,"seats":4,"cdVolume":940,"avgMonthlyVol":78.3,"zdTicketRate":0.0457,"dispRate":0.0096,"reschdRate":0.0011,"dmaRegion":"LEXINGTON","leaseAction":null,"leaseStatus":null,"daysRemaining":null,"leaseUtilization":null,"monthlyRevenue":null,"contractFlag":null,"recommendedAction":null,"licensureNote":null,"opsNotes":null,"leaseExpiry":null,"criticalOptimus":false}},{"type":"Feature","geometry":{"type":"Point","coordinates":[-82.828001772828,37.120887007705]},"properties":{"id":"12651","name":"Whitesburg - Southeast Kentucky Community and Technical College","propertyType":"PSI Authorized","category":"3P","address":"2 Long Ave.","city":"Whitesburg","state":"Kentucky","zip":"41858","country":"USA","geocodeSource":"census","scoreBucket":1,"scoreRaw":11,"seats":6,"cdVolume":272,"avgMonthlyVol":22.7,"zdTicketRate":0.1213,"dispRate":0.0956,"reschdRate":0.0221,"dmaRegion":"TRI - CITIES, TN - VA","leaseAction":null,"leaseStatus":null,"daysRemaining":null,"leaseUtilization":null,"monthlyRevenue":null,"contractFlag":null,"recommendedAction":null,"licensureNote":null,"opsNotes":null,"leaseExpiry":null,"criticalOptimus":false}},{"type":"Feature","geometry":{"type":"Point","coordinates":[-91.064882393603,30.384377076366]},"properties":{"id":"6196","name":"Baton Rouge - Alliance Safety Council","propertyType":"MG TESTING","category":"3P","address":"10099 Reiger Rd","city":"Baton Rouge","state":"Louisiana","zip":"70809","country":"USA","geocodeSource":"census","scoreBucket":4,"scoreRaw":20,"seats":13,"cdVolume":5043,"avgMonthlyVol":420.2,"zdTicketRate":0.0284,"dispRate":0.0071,"reschdRate":0,"dmaRegion":"BATON ROUGE","leaseAction":null,"leaseStatus":null,"daysRemaining":null,"leaseUtilization":null,"monthlyRevenue":null,"contractFlag":null,"recommendedAction":null,"licensureNote":null,"opsNotes":null,"leaseExpiry":null,"criticalOptimus":false}},{"type":"Feature","geometry":{"type":"Point","coordinates":[-91.125562835029,30.407000400105]},"properties":{"id":"12770","name":"Baton Rouge - Kocch Testing Centers of America","propertyType":"PSI Authorized","category":"3P","address":"6160 Perkins Rd, Suite 133","city":"Baton Rouge","state":"Louisiana","zip":"70808","country":"USA","geocodeSource":"census","scoreBucket":4,"scoreRaw":20,"seats":10,"cdVolume":5135,"avgMonthlyVol":427.9,"zdTicketRate":0.0713,"dispRate":0.0107,"reschdRate":0.0064,"dmaRegion":"BATON ROUGE","leaseAction":null,"leaseStatus":null,"daysRemaining":null,"leaseUtilization":null,"monthlyRevenue":null,"contractFlag":null,"recommendedAction":null,"licensureNote":null,"opsNotes":null,"leaseExpiry":null,"criticalOptimus":false}},{"type":"Feature","geometry":{"type":"Point","coordinates":[-91.992530967643,30.215112095578]},"properties":{"id":"6761","name":"Lafayette II - Acadian Aviation Testing Center","propertyType":"PSI Authorized","category":"3P","address":"123 Grissom Dr.","city":"Lafayette","state":"Louisiana","zip":"70508","country":"USA","geocodeSource":"census","scoreBucket":4,"scoreRaw":20,"seats":8,"cdVolume":3825,"avgMonthlyVol":318.8,"zdTicketRate":0.0413,"dispRate":0.0092,"reschdRate":0.011,"dmaRegion":"LAFAYETTE, LA","leaseAction":null,"leaseStatus":null,"daysRemaining":null,"leaseUtilization":null,"monthlyRevenue":null,"contractFlag":null,"recommendedAction":null,"licensureNote":null,"opsNotes":null,"leaseExpiry":null,"criticalOptimus":false}},{"type":"Feature","geometry":{"type":"Point","coordinates":[-90.176062663571,29.999359133355]},"properties":{"id":"1","name":"METAIRIE (NEW ORLEANS)","propertyType":"PSI Owned","category":"OO","address":"2750 Lake Villa Dr., Suite #202","city":"Metairie","state":"Louisiana","zip":"70002","country":"USA","geocodeSource":"census","scoreBucket":4,"scoreRaw":22,"seats":16,"cdVolume":11779,"avgMonthlyVol":981.6,"zdTicketRate":0.0302,"dispRate":0.0069,"reschdRate":0.0108,"dmaRegion":"NEW ORLEANS","optimusScore":0.679,"optimusTier":"C","fy25Volume":6389,"fy25Utilization":0.676,"priority":null,"quickWins":"Repair facade damage, repaint, replace broken doors, improve entrance appearance; Clean floors, repair walls, replace broken furniture, improve lighting; Remove personal items, organize desk, update signage, clear walkways; Replace broken furniture, organize cables, improve lighting, reduce noise; D","leaseAction":null,"leaseStatus":null,"daysRemaining":null,"leaseUtilization":null,"monthlyRevenue":null,"contractFlag":null,"recommendedAction":null,"licensureNote":null,"opsNotes":null,"leaseExpiry":null,"osDate":"2025-08-28","oc01":0.65,"oc02":0.6,"oc03":0.766,"oc04":0.8,"oc05":0.85,"oc06":0.8,"oc07":0.85,"oc08":0.85,"oc09":null,"adaFlag":false,"brandingFlag":false,"criticalOptimus":false}},{"type":"Feature","geometry":{"type":"Point","coordinates":[-90.281767504223,29.980664532235]},"properties":{"id":"6194","name":"Saint Rose - Gulf Coast Safety Council","propertyType":"MG TESTING","category":"3P","address":"170 James Dr E, Room 102","city":"Saint Rose","state":"Louisiana","zip":"70087","country":"USA","geocodeSource":"census","scoreBucket":3,"scoreRaw":19,"seats":8,"cdVolume":2312,"avgMonthlyVol":192.7,"zdTicketRate":0.0666,"dispRate":0.0039,"reschdRate":0,"dmaRegion":"NEW ORLEANS","leaseAction":null,"leaseStatus":null,"daysRemaining":null,"leaseUtilization":null,"monthlyRevenue":null,"contractFlag":null,"recommendedAction":null,"licensureNote":null,"opsNotes":null,"leaseExpiry":null,"criticalOptimus":false}},{"type":"Feature","geometry":{"type":"Point","coordinates":[-93.7852019,32.4274803]},"properties":{"id":"6188","name":"Shreveport - Nat'l Safety Council-ArkLaTex","propertyType":"MG TESTING","category":"3P","address":"8100 Kingston Rd, Suite 107","city":"Shreveport","state":"Louisiana","zip":"71108","country":"USA","geocodeSource":"nominatim","scoreBucket":2,"scoreRaw":12,"seats":17,"cdVolume":609,"avgMonthlyVol":50.8,"zdTicketRate":0.1166,"dispRate":0.0378,"reschdRate":0.0887,"dmaRegion":"SHREVEPORT","leaseAction":null,"leaseStatus":null,"daysRemaining":null,"leaseUtilization":null,"monthlyRevenue":null,"contractFlag":null,"recommendedAction":null,"licensureNote":null,"opsNotes":null,"leaseExpiry":null,"criticalOptimus":false}},{"type":"Feature","geometry":{"type":"Point","coordinates":[-93.748646027812,32.454762494411]},"properties":{"id":"17812","name":"Shreveport - Shreveport Training and Testing Center","propertyType":"PSI Authorized","category":"3P","address":"910 Pierremont Rd., Suite 216","city":"Shreveport","state":"Louisiana","zip":"71106","country":"USA","geocodeSource":"census","scoreBucket":2,"scoreRaw":14,"seats":6,"cdVolume":4867,"avgMonthlyVol":405.6,"zdTicketRate":0.3047,"dispRate":0.0203,"reschdRate":0.024,"dmaRegion":"SHREVEPORT","leaseAction":null,"leaseStatus":null,"daysRemaining":null,"leaseUtilization":null,"monthlyRevenue":null,"contractFlag":null,"recommendedAction":null,"licensureNote":null,"opsNotes":null,"leaseExpiry":null,"criticalOptimus":false}},{"type":"Feature","geometry":{"type":"Point","coordinates":[-93.325445898409,30.23513197765]},"properties":{"id":"12864","name":"Sulphur - HASC Louisiana-Sulphur","propertyType":"MG TESTING","category":"3P","address":"714 N. Cities Service Hwy","city":"Sulphur","state":"Louisiana","zip":"70663","country":"USA","geocodeSource":"census","scoreBucket":2,"scoreRaw":16,"seats":10,"cdVolume":1752,"avgMonthlyVol":146,"zdTicketRate":0.0759,"dispRate":0.0011,"reschdRate":0.0148,"dmaRegion":"LAKE CHARLES","leaseAction":null,"leaseStatus":null,"daysRemaining":null,"leaseUtilization":null,"monthlyRevenue":null,"contractFlag":null,"recommendedAction":null,"licensureNote":null,"opsNotes":null,"leaseExpiry":null,"criticalOptimus":false}},{"type":"Feature","geometry":{"type":"Point","coordinates":[-76.751637547199,39.328631865805]},"properties":{"id":"13355","name":"Baltimore - Baltimore Training and Testing Center","propertyType":"PSI Authorized","category":"3P","address":"2622 Lord Baltimore Dr., Suite C-D","city":"Baltimore","state":"Maryland","zip":"21244","country":"USA","geocodeSource":"census","scoreBucket":5,"scoreRaw":24,"seats":12,"cdVolume":21443,"avgMonthlyVol":1786.9,"zdTicketRate":0.047,"dispRate":0.0019,"reschdRate":0.0007,"dmaRegion":"BALTIMORE","leaseAction":null,"leaseStatus":null,"daysRemaining":null,"leaseUtilization":null,"monthlyRevenue":null,"contractFlag":null,"recommendedAction":null,"licensureNote":null,"opsNotes":null,"leaseExpiry":null,"criticalOptimus":false}},{"type":"Feature","geometry":{"type":"Point","coordinates":[-76.204131534117,39.563364199032]},"properties":{"id":"5354","name":"Churchville - Harford Air Services LLC","propertyType":"PSI Authorized","category":"3P","address":"3538 Aldino Road, Harford County Airport Area","city":"Churchville","state":"Maryland","zip":"21028","country":"USA","geocodeSource":"census","scoreBucket":3,"scoreRaw":18,"seats":3,"cdVolume":357,"avgMonthlyVol":29.8,"zdTicketRate":0.1317,"dispRate":0.0028,"reschdRate":0.0056,"dmaRegion":"BALTIMORE","leaseAction":null,"leaseStatus":null,"daysRemaining":null,"leaseUtilization":null,"monthlyRevenue":null,"contractFlag":null,"recommendedAction":null,"licensureNote":null,"opsNotes":null,"leaseExpiry":null,"criticalOptimus":false}},{"type":"Feature","geometry":{"type":"Point","coordinates":[-76.921586975848,39.01752028981]},"properties":{"id":"13353","name":"College Park - College Park Training and Testing Center","propertyType":"PSI Authorized","category":"3P","address":"4920 Niagara Road, Suite 400","city":"College Park","state":"Maryland","zip":"20740","country":"USA","geocodeSource":"census","scoreBucket":4,"scoreRaw":22,"seats":6,"cdVolume":17591,"avgMonthlyVol":1465.9,"zdTicketRate":0.0622,"dispRate":0.0048,"reschdRate":0.0044,"dmaRegion":"WASHINGTON, DC (HAGRSTWN)","leaseAction":null,"leaseStatus":null,"daysRemaining":null,"leaseUtilization":null,"monthlyRevenue":null,"contractFlag":null,"recommendedAction":null,"licensureNote":null,"opsNotes":null,"leaseExpiry":null,"criticalOptimus":false}},{"type":"Feature","geometry":{"type":"Point","coordinates":[-76.698745313608,38.989363059841]},"properties":{"id":"13354","name":"Crofton - Crofton Training and Testing Center","propertyType":"PSI Authorized","category":"3P","address":"2137 Espey Court, Suite 3","city":"Crofton","state":"Maryland","zip":"21114","country":"USA","geocodeSource":"census","scoreBucket":4,"scoreRaw":22,"seats":4,"cdVolume":11450,"avgMonthlyVol":954.2,"zdTicketRate":0.0653,"dispRate":0.0066,"reschdRate":0.0048,"dmaRegion":"BALTIMORE","leaseAction":null,"leaseStatus":null,"daysRemaining":null,"leaseUtilization":null,"monthlyRevenue":null,"contractFlag":null,"recommendedAction":null,"licensureNote":null,"opsNotes":null,"leaseExpiry":null,"criticalOptimus":false}},{"type":"Feature","geometry":{"type":"Point","coordinates":[-77.722294717553,39.644815734326]},"properties":{"id":"13198","name":"Hagerstown - Hagerstown Training and Testing Center","propertyType":"PSI Authorized","category":"3P","address":"140 West Franklin St, Suite A","city":"Hagerstown","state":"Maryland","zip":"21740","country":"USA","geocodeSource":"census","scoreBucket":4,"scoreRaw":21,"seats":23,"cdVolume":6798,"avgMonthlyVol":566.5,"zdTicketRate":0.0407,"dispRate":0.0003,"reschdRate":0.0018,"dmaRegion":"WASHINGTON, DC (HAGRSTWN)","leaseAction":null,"leaseStatus":null,"daysRemaining":null,"leaseUtilization":null,"monthlyRevenue":null,"contractFlag":null,"recommendedAction":null,"licensureNote":null,"opsNotes":null,"leaseExpiry":null,"criticalOptimus":false}},{"type":"Feature","geometry":{"type":"Point","coordinates":[-76.863868522019,39.082182030902]},"properties":{"id":"5625","name":"Laurel - Mid-Atlantic Testing Company","propertyType":"PSI Authorized","category":"3P","address":"13992 Baltimore Ave, Suite 205","city":"Laurel","state":"Maryland","zip":"20707","country":"USA","geocodeSource":"census","scoreBucket":4,"scoreRaw":20,"seats":13,"cdVolume":5817,"avgMonthlyVol":484.8,"zdTicketRate":0.0584,"dispRate":0.0165,"reschdRate":0.0015,"dmaRegion":"WASHINGTON, DC (HAGRSTWN)","leaseAction":null,"leaseStatus":null,"daysRemaining":null,"leaseUtilization":null,"monthlyRevenue":null,"contractFlag":null,"recommendedAction":null,"licensureNote":null,"opsNotes":null,"leaseExpiry":null,"criticalOptimus":false}},{"type":"Feature","geometry":{"type":"Point","coordinates":[-77.155312532489,39.062453165902]},"properties":{"id":"13069","name":"Rockville - Tower Oaks Testing LLC","propertyType":"PSI Authorized","category":"3P","address":"3206 Tower Oaks Blvd, Suite 400","city":"Rockville","state":"Maryland","zip":"20852","country":"USA","geocodeSource":"census","scoreBucket":4,"scoreRaw":21,"seats":9,"cdVolume":5458,"avgMonthlyVol":454.8,"zdTicketRate":0.033,"dispRate":0.0016,"reschdRate":0.0022,"dmaRegion":"WASHINGTON, DC (HAGRSTWN)","leaseAction":null,"leaseStatus":null,"daysRemaining":null,"leaseUtilization":null,"monthlyRevenue":null,"contractFlag":null,"recommendedAction":null,"licensureNote":null,"opsNotes":null,"leaseExpiry":null,"criticalOptimus":false}},{"type":"Feature","geometry":{"type":"Point","coordinates":[-75.570726735429,38.37003413511]},"properties":{"id":"11367","name":"Salisbury - Brainseed Testing Services","propertyType":"PSI Authorized","category":"3P","address":"1322 Belmont Avenue, Bldg #2, Suite 203","city":"Salisbury","state":"Maryland","zip":"21801","country":"USA","geocodeSource":"census","scoreBucket":4,"scoreRaw":22,"seats":8,"cdVolume":3714,"avgMonthlyVol":309.5,"zdTicketRate":0.0374,"dispRate":0.0043,"reschdRate":0,"dmaRegion":"SALISBURY","leaseAction":null,"leaseStatus":null,"daysRemaining":null,"leaseUtilization":null,"monthlyRevenue":null,"contractFlag":null,"recommendedAction":null,"licensureNote":null,"opsNotes":null,"leaseExpiry":null,"criticalOptimus":false}},{"type":"Feature","geometry":{"type":"Point","coordinates":[-76.88374021292,38.615508075998]},"properties":{"id":"13125","name":"Waldorf - DW Industries LLC","propertyType":"PSI Authorized","category":"3P","address":"3825 Leonardtown Road, Suite 7","city":"Waldorf","state":"Maryland","zip":"20601","country":"USA","geocodeSource":"census","scoreBucket":3,"scoreRaw":18,"seats":5,"cdVolume":3903,"avgMonthlyVol":325.2,"zdTicketRate":0.1066,"dispRate":0.0067,"reschdRate":0.0118,"dmaRegion":"WASHINGTON, DC (HAGRSTWN)","leaseAction":null,"leaseStatus":null,"daysRemaining":null,"leaseUtilization":null,"monthlyRevenue":null,"contractFlag":null,"recommendedAction":null,"licensureNote":null,"opsNotes":null,"leaseExpiry":null,"criticalOptimus":false}},{"type":"Feature","geometry":{"type":"Point","coordinates":[-70.15014199091,44.669494466231]},"properties":{"id":"5705","name":"Farmington - University of Maine at Farmington","propertyType":"PSI Authorized","category":"3P","address":"252 Main St,Franklin Hall, 3rd Floor","city":"Farmington","state":"Maine","zip":"04938","country":"USA","geocodeSource":"census","scoreBucket":3,"scoreRaw":18,"seats":12,"cdVolume":981,"avgMonthlyVol":81.8,"zdTicketRate":0.0989,"dispRate":0.0194,"reschdRate":0.002,"dmaRegion":"PORTLAND - AUBURN","leaseAction":null,"leaseStatus":null,"daysRemaining":null,"leaseUtilization":null,"monthlyRevenue":null,"contractFlag":null,"recommendedAction":null,"licensureNote":null,"opsNotes":null,"leaseExpiry":null,"criticalOptimus":false}},{"type":"Feature","geometry":{"type":"Point","coordinates":[-72.627655362966,42.118840450514]},"properties":{"id":"93","name":"SPRINGFIELD MA","propertyType":"PSI Owned","category":"OO","address":"1111 ELM STREET, SUITE 32A","city":"WEST SPRINGFIELD","state":"Massachusetts","zip":"01089","country":"USA","geocodeSource":"census","scoreBucket":3,"scoreRaw":19,"seats":10,"cdVolume":7753,"avgMonthlyVol":646.1,"zdTicketRate":0.0749,"dispRate":0.0049,"reschdRate":0.0067,"dmaRegion":"SPRINGFIELD - HOLYOKE","optimusScore":0.679,"optimusTier":"C","fy25Volume":3782,"fy25Utilization":0.714,"priority":null,"quickWins":"Repair facade damage, repaint, replace broken doors, improve entrance appearance; Clean floors, repair walls, replace broken furniture, improve lighting; Remove personal items, organize desk, update signage, clear walkways; Replace broken furniture, organize cables, improve lighting, reduce noise; D","leaseAction":"Renew","leaseStatus":"EXPIRED","daysRemaining":-3985,"leaseUtilization":0.71,"monthlyRevenue":161226,"contractFlag":false,"recommendedAction":"10+ yrs MTM; renew — no recent landlord contact","licensureNote":"No contract data","opsNotes":"No priority but industrial area","leaseExpiry":"06-30-2015","osDate":"2025-09-30","oc01":0.85,"oc02":0.55,"oc03":0.766,"oc04":0.85,"oc05":0.85,"oc06":null,"oc07":0.65,"oc08":0.85,"oc09":null,"adaFlag":true,"brandingFlag":false,"criticalOptimus":false}},{"type":"Feature","geometry":{"type":"Point","coordinates":[-70.970312993702,41.986294510584]},"properties":{"id":"5352","name":"Bridgewater - Bridgewater State University","propertyType":"PSI Authorized","category":"3P","address":"10 Shaw Rd, Maxwell Library,  Room 001A, Academic Achievement Center - Testing Services","city":"Bridgewater","state":"Massachusetts","zip":"02325","country":"USA","geocodeSource":"census","scoreBucket":5,"scoreRaw":23,"seats":13,"cdVolume":5673,"avgMonthlyVol":472.8,"zdTicketRate":0.0206,"dispRate":0.0039,"reschdRate":0.0005,"dmaRegion":"#N/A","leaseAction":null,"leaseStatus":null,"daysRemaining":null,"leaseUtilization":null,"monthlyRevenue":null,"contractFlag":null,"recommendedAction":null,"licensureNote":null,"opsNotes":null,"leaseExpiry":null,"criticalOptimus":false}},{"type":"Feature","geometry":{"type":"Point","coordinates":[-83.1924654,42.3129063]},"properties":{"id":"9817","name":"DEARBORN","propertyType":"PSI Owned","category":"OO","address":"3200 Greenfield Rd., Suite 253","city":"Dearborn","state":"Michigan","zip":"48120","country":"USA","geocodeSource":"nominatim","scoreBucket":4,"scoreRaw":20,"seats":25,"cdVolume":22300,"avgMonthlyVol":1858.3,"zdTicketRate":0.0263,"dispRate":0.0279,"reschdRate":0.002,"dmaRegion":"DETROIT","optimusScore":0.712,"optimusTier":"B","fy25Volume":10524,"fy25Utilization":0.675,"priority":null,"quickWins":null,"leaseAction":null,"leaseStatus":null,"daysRemaining":null,"leaseUtilization":null,"monthlyRevenue":null,"contractFlag":null,"recommendedAction":null,"licensureNote":null,"opsNotes":null,"leaseExpiry":null,"osDate":"2025-09-16","oc01":0.85,"oc02":0.85,"oc03":0.7,"oc04":0.85,"oc05":0.85,"oc06":0.85,"oc07":0.8,"oc08":0.85,"oc09":null,"adaFlag":false,"brandingFlag":false,"criticalOptimus":false}},{"type":"Feature","geometry":{"type":"Point","coordinates":[-84.679372666578,45.027435751536]},"properties":{"id":"5008","name":"GAYLORD","propertyType":"PSI Owned","category":"OO","address":"440 W. MAIN STREET, SUITE D","city":"GAYLORD","state":"Michigan","zip":"49735","country":"USA","geocodeSource":"census","scoreBucket":4,"scoreRaw":21,"seats":9,"cdVolume":6724,"avgMonthlyVol":560.3,"zdTicketRate":0.0458,"dispRate":0.0396,"reschdRate":0.0065,"dmaRegion":"TRAVERSE CITY - CADILLAC","optimusScore":0.736,"optimusTier":"B","fy25Volume":3372,"fy25Utilization":0.655,"priority":null,"quickWins":"Organize cables and wires at the proctor station to reduce clutter.; Remove any visible papers from workstations to reduce clutter.; Organize and conceal exposed wires near signage.; Remove personal items from areas near signage.","leaseAction":"Assess-Close","leaseStatus":"EXPIRED","daysRemaining":-1244,"leaseUtilization":0.66,"monthlyRevenue":114548,"contractFlag":false,"recommendedAction":"Low volume — evaluate continuation","licensureNote":"MI LARA expires 12/31/2030","opsNotes":null,"leaseExpiry":"12-31-2022","osDate":"2025-09-16","oc01":0.85,"oc02":0.65,"oc03":0.766,"oc04":0.85,"oc05":0.85,"oc06":0.8,"oc07":0.55,"oc08":0.85,"oc09":0.75,"adaFlag":true,"brandingFlag":false,"criticalOptimus":false}},{"type":"Feature","geometry":{"type":"Point","coordinates":[-84.671422458587,45.043685097716]},"properties":{"id":"6276","name":"Gaylord - University Center Gaylord","propertyType":"TD TESTING","category":"3P","address":"80 Livingston Blvd.","city":"Gaylord","state":"Michigan","zip":"49735","country":"USA","geocodeSource":"census","scoreBucket":3,"scoreRaw":18,"seats":9,"cdVolume":369,"avgMonthlyVol":30.8,"zdTicketRate":0.1328,"dispRate":0.0081,"reschdRate":0.0027,"dmaRegion":"TRAVERSE CITY - CADILLAC","leaseAction":null,"leaseStatus":null,"daysRemaining":null,"leaseUtilization":null,"monthlyRevenue":null,"contractFlag":null,"recommendedAction":null,"licensureNote":null,"opsNotes":null,"leaseExpiry":null,"criticalOptimus":false}},{"type":"Feature","geometry":{"type":"Point","coordinates":[-85.562870532619,42.880114686483]},"properties":{"id":"116","name":"GRAND RAPIDS","propertyType":"PSI Owned","category":"OO","address":"4595 BROADMOOR AVE SE, SUITE 201","city":"GRAND RAPIDS","state":"Michigan","zip":"49512","country":"USA","geocodeSource":"census","scoreBucket":4,"scoreRaw":21,"seats":11,"cdVolume":17738,"avgMonthlyVol":1478.2,"zdTicketRate":0.0295,"dispRate":0.016,"reschdRate":0.0001,"dmaRegion":"GRAND RAPIDS - KALMZOO - B. CRK","optimusScore":0.533,"optimusTier":"C","fy25Volume":9250,"fy25Utilization":0.824,"priority":null,"quickWins":"Repair facade damage, repaint, replace broken doors, improve entrance appearance; Clean floors, repair walls, replace broken furniture, improve lighting; Remove personal items, organize desk, update signage, clear walkways; Replace broken furniture, organize cables, improve lighting, reduce noise; D","leaseAction":null,"leaseStatus":null,"daysRemaining":null,"leaseUtilization":null,"monthlyRevenue":null,"contractFlag":null,"recommendedAction":null,"licensureNote":null,"opsNotes":null,"leaseExpiry":null,"osDate":"2025-08-27","oc01":0.75,"oc02":null,"oc03":0.6,"oc04":0.65,"oc05":0.85,"oc06":0.85,"oc07":0.75,"oc08":0.85,"oc09":null,"adaFlag":false,"brandingFlag":false,"criticalOptimus":false}},{"type":"Feature","geometry":{"type":"Point","coordinates":[-84.510568197581,42.634593902993]},"properties":{"id":"5097","name":"HOLT (LANSING)","propertyType":"PSI Owned","category":"OO","address":"4202 CHARLAR DRIVE, STE 1","city":"HOLT","state":"Michigan","zip":"48842","country":"USA","geocodeSource":"census","scoreBucket":5,"scoreRaw":23,"seats":17,"cdVolume":22187,"avgMonthlyVol":1848.9,"zdTicketRate":0.0206,"dispRate":0.0119,"reschdRate":0.0008,"dmaRegion":"LANSING","optimusScore":0.656,"optimusTier":"C","fy25Volume":11724,"fy25Utilization":0.846,"priority":null,"quickWins":"Repair facade damage, repaint, replace broken doors, improve entrance appearance; Clean floors, repair walls, replace broken furniture, improve lighting; Remove personal items, organize desk, update signage, clear walkways; Replace broken furniture, organize cables, improve lighting, reduce noise; D","leaseAction":"Renew","leaseStatus":"Expiring 2026","daysRemaining":217,"leaseUtilization":0.85,"monthlyRevenue":357790,"contractFlag":false,"recommendedAction":"84.6% util, full schedule — optionally negotiate +2 seats","licensureNote":"MI LARA expires 12/31/2030","opsNotes":null,"leaseExpiry":"12-31-2026","osDate":"2025-08-27","oc01":0.75,"oc02":0.65,"oc03":0.7,"oc04":0.85,"oc05":0.85,"oc06":0.65,"oc07":0.45,"oc08":0.85,"oc09":null,"adaFlag":true,"brandingFlag":false,"criticalOptimus":false}},{"type":"Feature","geometry":{"type":"Point","coordinates":[-87.42263216312,46.545864089106]},"properties":{"id":"117","name":"MARQUETTE","propertyType":"PSI Owned","category":"OO","address":"1229 W. WASHINGTON, STE: 4 2nd Fl","city":"MARQUETTE","state":"Michigan","zip":"49855","country":"USA","geocodeSource":"census","scoreBucket":2,"scoreRaw":16,"seats":4,"cdVolume":1887,"avgMonthlyVol":157.2,"zdTicketRate":0.0843,"dispRate":0.0413,"reschdRate":0.0026,"dmaRegion":"MARQUETTE","optimusScore":0.738,"optimusTier":"B","fy25Volume":952,"fy25Utilization":0.689,"priority":null,"quickWins":"Remove visible clutter such as water bottles and papers.; Ensure cleaning supplies are stored out of sight to maintain a professional appearance.; Remove clutter from the proctor station to enhance cleanliness.; Remove personal items from window sills to reduce clutter.; Organize cables and boxes to","leaseAction":"Assess-Close","leaseStatus":"Expiring 2026","daysRemaining":217,"leaseUtilization":0.69,"monthlyRevenue":30324,"contractFlag":false,"recommendedAction":"Low volume (952/yr), 3-day schedule — evaluate","licensureNote":"MI LARA expires 12/31/2030","opsNotes":null,"leaseExpiry":"12-31-2026","osDate":"2025-09-16","oc01":0.85,"oc02":0.65,"oc03":0.834,"oc04":0.85,"oc05":0.85,"oc06":0.65,"oc07":0.8,"oc08":0.85,"oc09":null,"adaFlag":false,"brandingFlag":false,"criticalOptimus":false}},{"type":"Feature","geometry":{"type":"Point","coordinates":[-83.210749230414,42.444967179179]},"properties":{"id":"128","name":"SOUTHFIELD - CROSSROADS","propertyType":"PSI Owned","category":"OO","address":"16250 NORTHLAND DRIVE, STE 361","city":"SOUTHFIELD","state":"Michigan","zip":"48075","country":"USA","geocodeSource":"census","scoreBucket":4,"scoreRaw":21,"seats":16,"cdVolume":15100,"avgMonthlyVol":1258.3,"zdTicketRate":0.0335,"dispRate":0.017,"reschdRate":0.0037,"dmaRegion":"DETROIT","optimusScore":0.67,"optimusTier":"C","fy25Volume":8249,"fy25Utilization":0.788,"priority":null,"quickWins":"Repair facade damage, repaint, replace broken doors, improve entrance appearance; Clean floors, repair walls, replace broken furniture, improve lighting; Remove personal items, organize desk, update signage, clear walkways; Replace broken furniture, organize cables, improve lighting, reduce noise; D","leaseAction":null,"leaseStatus":null,"daysRemaining":null,"leaseUtilization":null,"monthlyRevenue":null,"contractFlag":null,"recommendedAction":null,"licensureNote":null,"opsNotes":null,"leaseExpiry":null,"osDate":"2025-09-23","oc01":0.9,"oc02":0.75,"oc03":0.6,"oc04":0.85,"oc05":0.85,"oc06":0.75,"oc07":0.85,"oc08":0.85,"oc09":null,"adaFlag":false,"brandingFlag":false,"criticalOptimus":false}},{"type":"Feature","geometry":{"type":"Point","coordinates":[-83.261039490208,42.481616085539]},"properties":{"id":"9001","name":"SOUTHFIELD - LAHSER ROAD","propertyType":"PSI Owned","category":"OO","address":"26400 Lahser Road, Suite 150","city":"Southfield","state":"Michigan","zip":"48033","country":"USA","geocodeSource":"census","scoreBucket":4,"scoreRaw":20,"seats":21,"cdVolume":24788,"avgMonthlyVol":2065.7,"zdTicketRate":0.0448,"dispRate":0.0123,"reschdRate":0.0011,"dmaRegion":"DETROIT","optimusScore":0.667,"optimusTier":"C","fy25Volume":12867,"fy25Utilization":0.794,"priority":null,"quickWins":"Repair facade damage, repaint, replace broken doors, improve entrance appearance; Clean floors, repair walls, replace broken furniture, improve lighting; Remove personal items, organize desk, update signage, clear walkways; Replace broken furniture, organize cables, improve lighting, reduce noise; D","leaseAction":null,"leaseStatus":null,"daysRemaining":null,"leaseUtilization":null,"monthlyRevenue":null,"contractFlag":null,"recommendedAction":null,"licensureNote":null,"opsNotes":null,"leaseExpiry":null,"osDate":"2025-08-29","oc01":0.75,"oc02":0.75,"oc03":0.7,"oc04":0.8,"oc05":0.9,"oc06":0.85,"oc07":0.6,"oc08":0.8,"oc09":null,"adaFlag":true,"brandingFlag":false,"criticalOptimus":false}},{"type":"Feature","geometry":{"type":"Point","coordinates":[-93.2064012,45.1386705]},"properties":{"id":"13405","name":"Blaine - Blaine Testing Service LLC","propertyType":"PSI Authorized","category":"3P","address":"2155 Missouri Ave NE, Anoka County Airport","city":"Blaine","state":"Minnesota","zip":"55449","country":"USA","geocodeSource":"nominatim","scoreBucket":3,"scoreRaw":17,"seats":4,"cdVolume":2594,"avgMonthlyVol":216.2,"zdTicketRate":0.0663,"dispRate":0,"reschdRate":0.0035,"dmaRegion":"MINNEAPOLIS - ST. PAUL","leaseAction":null,"leaseStatus":null,"daysRemaining":null,"leaseUtilization":null,"monthlyRevenue":null,"contractFlag":null,"recommendedAction":null,"licensureNote":null,"opsNotes":null,"leaseExpiry":null,"criticalOptimus":false}},{"type":"Feature","geometry":{"type":"Point","coordinates":[-94.212609589143,46.347324691921]},"properties":{"id":"12434","name":"Brainerd - Central Lakes College","propertyType":"PSI Authorized","category":"3P","address":"501 W. College Drive, Library Tutoring Center, #E408","city":"Brainerd","state":"Minnesota","zip":"56401","country":"USA","geocodeSource":"census","scoreBucket":3,"scoreRaw":17,"seats":10,"cdVolume":1449,"avgMonthlyVol":120.8,"zdTicketRate":0.0621,"dispRate":0.0193,"reschdRate":0.0262,"dmaRegion":"MINNEAPOLIS - ST. PAUL","leaseAction":null,"leaseStatus":null,"daysRemaining":null,"leaseUtilization":null,"monthlyRevenue":null,"contractFlag":null,"recommendedAction":null,"licensureNote":null,"opsNotes":null,"leaseExpiry":null,"criticalOptimus":false}},{"type":"Feature","geometry":{"type":"Point","coordinates":[-92.103241600261,46.782906704999]},"properties":{"id":"5118","name":"DULUTH","propertyType":"PSI Owned","category":"OO","address":"416 West Superior Street","city":"Duluth","state":"Minnesota","zip":"55802","country":"USA","geocodeSource":"census","scoreBucket":2,"scoreRaw":15,"seats":9,"cdVolume":3220,"avgMonthlyVol":268.3,"zdTicketRate":0.0578,"dispRate":0.0863,"reschdRate":0.0248,"dmaRegion":"DULUTH - SUPERIOR","optimusScore":0.656,"optimusTier":"C","fy25Volume":1693,"fy25Utilization":0.553,"priority":null,"quickWins":"Repair facade damage, repaint, replace broken doors, improve entrance appearance; Clean floors, repair walls, replace broken furniture, improve lighting; Remove personal items, organize desk, update signage, clear walkways; Replace broken furniture, organize cables, improve lighting, reduce noise; D","leaseAction":null,"leaseStatus":null,"daysRemaining":null,"leaseUtilization":null,"monthlyRevenue":null,"contractFlag":null,"recommendedAction":null,"licensureNote":null,"opsNotes":null,"leaseExpiry":null,"osDate":"2025-09-29","oc01":0.85,"oc02":0.75,"oc03":0.7,"oc04":0.85,"oc05":0.65,"oc06":0.65,"oc07":0.55,"oc08":0.85,"oc09":null,"adaFlag":true,"brandingFlag":false,"criticalOptimus":false}},{"type":"Feature","geometry":{"type":"Point","coordinates":[-93.189176728939,44.833666318128]},"properties":{"id":"12594","name":"Eagan - Knowledge Transfer Consulting Services","propertyType":"TD TESTING","category":"3P","address":"1715 Yankee Doodle Rd, Suite 202","city":"Eagan","state":"Minnesota","zip":"55121","country":"USA","geocodeSource":"census","scoreBucket":5,"scoreRaw":24,"seats":8,"cdVolume":12794,"avgMonthlyVol":1066.2,"zdTicketRate":0.0403,"dispRate":0.0021,"reschdRate":0.0008,"dmaRegion":"MINNEAPOLIS - ST. PAUL","leaseAction":null,"leaseStatus":null,"daysRemaining":null,"leaseUtilization":null,"monthlyRevenue":null,"contractFlag":null,"recommendedAction":null,"licensureNote":null,"opsNotes":null,"leaseExpiry":null,"criticalOptimus":false}},{"type":"Feature","geometry":{"type":"Point","coordinates":[-92.528620467131,44.057103004823]},"properties":{"id":"12908","name":"Rochester","propertyType":"PSI Authorized","category":"3P","address":"3155 Superior Drive NW","city":"Rochester","state":"Minnesota","zip":"55901","country":"USA","geocodeSource":"census","scoreBucket":4,"scoreRaw":20,"seats":11,"cdVolume":4286,"avgMonthlyVol":357.2,"zdTicketRate":0.0518,"dispRate":0.0056,"reschdRate":0.0121,"dmaRegion":"ROCHESTR - MASON CITY - AUSTIN","leaseAction":null,"leaseStatus":null,"daysRemaining":null,"leaseUtilization":null,"monthlyRevenue":null,"contractFlag":null,"recommendedAction":null,"licensureNote":null,"opsNotes":null,"leaseExpiry":null,"criticalOptimus":false}},{"type":"Feature","geometry":{"type":"Point","coordinates":[-95.072188465379,45.139434816129]},"properties":{"id":"11340","name":"Willmar - Ridgewater College","propertyType":"PSI Authorized","category":"3P","address":"2101 15th Avenue NW, Room A-146","city":"Willmar","state":"Minnesota","zip":"56201","country":"USA","geocodeSource":"census","scoreBucket":2,"scoreRaw":15,"seats":6,"cdVolume":1010,"avgMonthlyVol":84.2,"zdTicketRate":0.0644,"dispRate":0.0277,"reschdRate":0.0228,"dmaRegion":"MINNEAPOLIS - ST. PAUL","leaseAction":null,"leaseStatus":null,"daysRemaining":null,"leaseUtilization":null,"monthlyRevenue":null,"contractFlag":null,"recommendedAction":null,"licensureNote":null,"opsNotes":null,"leaseExpiry":null,"criticalOptimus":false}},{"type":"Feature","geometry":{"type":"Point","coordinates":[-88.933890884235,30.443646345858]},"properties":{"id":"6193","name":"Biloxi - Gulf Coast Safety Council","propertyType":"MG TESTING","category":"3P","address":"920 Cedar Lake Rd","city":"Biloxi","state":"Mississippi","zip":"39532","country":"USA","geocodeSource":"census","scoreBucket":2,"scoreRaw":15,"seats":4,"cdVolume":911,"avgMonthlyVol":75.9,"zdTicketRate":0.1087,"dispRate":0.0121,"reschdRate":0.0252,"dmaRegion":"BILOXI - GULFPORT","leaseAction":null,"leaseStatus":null,"daysRemaining":null,"leaseUtilization":null,"monthlyRevenue":null,"contractFlag":null,"recommendedAction":null,"licensureNote":null,"opsNotes":null,"leaseExpiry":null,"criticalOptimus":false}},{"type":"Feature","geometry":{"type":"Point","coordinates":[-90.438844025853,31.578566239374]},"properties":{"id":"12227","name":"Brookhaven - Healthkey Wellness Solutions LLC","propertyType":"PSI Authorized","category":"3P","address":"332 E. Monticello St.","city":"Brookhaven","state":"Mississippi","zip":"39601","country":"USA","geocodeSource":"census","scoreBucket":2,"scoreRaw":15,"seats":10,"cdVolume":921,"avgMonthlyVol":76.8,"zdTicketRate":0.202,"dispRate":0,"reschdRate":0.0076,"dmaRegion":"JACKSON, MS","leaseAction":null,"leaseStatus":null,"daysRemaining":null,"leaseUtilization":null,"monthlyRevenue":null,"contractFlag":null,"recommendedAction":null,"licensureNote":null,"opsNotes":null,"leaseExpiry":null,"criticalOptimus":false}},{"type":"Feature","geometry":{"type":"Point","coordinates":[-90.1401444,32.3314195]},"properties":{"id":"5654","name":"JACKSON","propertyType":"PSI Owned","category":"OO","address":"2679 CRANE RIDGE DR., SUITE B","city":"JACKSON","state":"Mississippi","zip":"39216","country":"USA","geocodeSource":"nominatim","scoreBucket":4,"scoreRaw":22,"seats":11,"cdVolume":7104,"avgMonthlyVol":592,"zdTicketRate":0.018,"dispRate":0.0015,"reschdRate":0.001,"dmaRegion":"JACKSON, MS","optimusScore":0.608,"optimusTier":"C","fy25Volume":3553,"fy25Utilization":0.765,"priority":null,"quickWins":"Repair facade damage, repaint, replace broken doors, improve entrance appearance; Clean floors, repair walls, replace broken furniture, improve lighting; Remove personal items, organize desk, update signage, clear walkways; Replace broken furniture, organize cables, improve lighting, reduce noise; D","leaseAction":null,"leaseStatus":null,"daysRemaining":null,"leaseUtilization":null,"monthlyRevenue":null,"contractFlag":null,"recommendedAction":null,"licensureNote":null,"opsNotes":null,"leaseExpiry":null,"osDate":"2025-09-24","oc01":0.85,"oc02":0.6,"oc03":0.7,"oc04":0.65,"oc05":0.65,"oc06":0.75,"oc07":0.6,"oc08":0.85,"oc09":0.65,"adaFlag":true,"brandingFlag":false,"criticalOptimus":false}},{"type":"Feature","geometry":{"type":"Point","coordinates":[-88.648495460674,32.366849121597]},"properties":{"id":"5378","name":"Meridian - Meridian Community College","propertyType":"PSI Authorized","category":"3P","address":"910 Hwy 19 North, Holladay Center","city":"Meridian","state":"Mississippi","zip":"39307","country":"USA","geocodeSource":"census","scoreBucket":3,"scoreRaw":18,"seats":7,"cdVolume":465,"avgMonthlyVol":38.8,"zdTicketRate":0.0968,"dispRate":0.0086,"reschdRate":0.0108,"dmaRegion":"MERIDIAN","leaseAction":null,"leaseStatus":null,"daysRemaining":null,"leaseUtilization":null,"monthlyRevenue":null,"contractFlag":null,"recommendedAction":null,"licensureNote":null,"opsNotes":null,"leaseExpiry":null,"criticalOptimus":false}},{"type":"Feature","geometry":{"type":"Point","coordinates":[-89.8692652,31.59531]},"properties":{"id":"12292","name":"Prentiss - Healthkey Wellness Solutions LLC","propertyType":"PSI Authorized","category":"3P","address":"785 Columbia Ave","city":"Prentiss","state":"Mississippi","zip":"39474","country":"USA","geocodeSource":"nominatim","scoreBucket":3,"scoreRaw":17,"seats":10,"cdVolume":1226,"avgMonthlyVol":102.2,"zdTicketRate":0.1158,"dispRate":0.0106,"reschdRate":0.009,"dmaRegion":"JACKSON, MS","leaseAction":null,"leaseStatus":null,"daysRemaining":null,"leaseUtilization":null,"monthlyRevenue":null,"contractFlag":null,"recommendedAction":null,"licensureNote":null,"opsNotes":null,"leaseExpiry":null,"criticalOptimus":false}},{"type":"Feature","geometry":{"type":"Point","coordinates":[-88.80139144337,33.463568703843]},"properties":{"id":"5885","name":"Starkville - Mississippi State University","propertyType":"PSI Authorized","category":"3P","address":"375 Collegeview Street, Suite 12","city":"Starkville","state":"Mississippi","zip":"39759","country":"USA","geocodeSource":"census","scoreBucket":2,"scoreRaw":15,"seats":3,"cdVolume":658,"avgMonthlyVol":54.8,"zdTicketRate":0.1064,"dispRate":0,"reschdRate":0.0046,"dmaRegion":"COLUMBUS - TUPELO - WEST POINT","leaseAction":null,"leaseStatus":null,"daysRemaining":null,"leaseUtilization":null,"monthlyRevenue":null,"contractFlag":null,"recommendedAction":null,"licensureNote":null,"opsNotes":null,"leaseExpiry":null,"criticalOptimus":false}},{"type":"Feature","geometry":{"type":"Point","coordinates":[-90.467822202737,38.596090372888]},"properties":{"id":"18969","name":"ST. LOUIS (BARRETT PARKWAY)","propertyType":"PSI Owned","category":"OO","address":"13515 Barrett Parkway, Suite 150","city":"Ballwin","state":"Missouri","zip":"63021","country":"USA","geocodeSource":"census","scoreBucket":4,"scoreRaw":21,"seats":21,"cdVolume":3929,"avgMonthlyVol":561.3,"zdTicketRate":0.0196,"dispRate":0.028,"reschdRate":0,"dmaRegion":null,"optimusScore":0.714,"optimusTier":"B","fy25Volume":2194,"fy25Utilization":0.683,"priority":null,"quickWins":null,"leaseAction":null,"leaseStatus":null,"daysRemaining":null,"leaseUtilization":null,"monthlyRevenue":null,"contractFlag":null,"recommendedAction":null,"licensureNote":null,"opsNotes":null,"leaseExpiry":null,"osDate":"2025-08-27","oc01":0.75,"oc02":0.65,"oc03":0.7,"oc04":0.85,"oc05":0.85,"oc06":0.8,"oc07":0.75,"oc08":0.85,"oc09":0.75,"adaFlag":false,"brandingFlag":false,"criticalOptimus":false}},{"type":"Feature","geometry":{"type":"Point","coordinates":[-89.565261600277,37.270963388825]},"properties":{"id":"6750","name":"Cape Girardeau - Cape Girardeau Career and Technology Center","propertyType":"PSI Authorized","category":"3P","address":"1080 S. Silver Springs Rd.","city":"Cape Girardeau","state":"Missouri","zip":"63703","country":"USA","geocodeSource":"census","scoreBucket":2,"scoreRaw":14,"seats":3,"cdVolume":602,"avgMonthlyVol":50.2,"zdTicketRate":0.093,"dispRate":0.0266,"reschdRate":0.0166,"dmaRegion":"PADUCAH - CAPE GIRAR D - HARSBG","leaseAction":null,"leaseStatus":null,"daysRemaining":null,"leaseUtilization":null,"monthlyRevenue":null,"contractFlag":null,"recommendedAction":null,"licensureNote":null,"opsNotes":null,"leaseExpiry":null,"criticalOptimus":false}},{"type":"Feature","geometry":{"type":"Point","coordinates":[-94.300547455588,37.174354267537]},"properties":{"id":"9780","name":"Carthage - Carthage Technical Center","propertyType":"TD TESTING","category":"3P","address":"609 South River St Room 311","city":"Carthage","state":"Missouri","zip":"64836","country":"USA","geocodeSource":"census","scoreBucket":1,"scoreRaw":10,"seats":null,"cdVolume":245,"avgMonthlyVol":20.4,"zdTicketRate":0.2939,"dispRate":0.0286,"reschdRate":0.0571,"dmaRegion":"JOPLIN - PITTSBURG","leaseAction":null,"leaseStatus":null,"daysRemaining":null,"leaseUtilization":null,"monthlyRevenue":null,"contractFlag":null,"recommendedAction":null,"licensureNote":null,"opsNotes":null,"leaseExpiry":null,"criticalOptimus":false}},{"type":"Feature","geometry":{"type":"Point","coordinates":[-94.5476511,39.2010626]},"properties":{"id":"11687","name":"Gladstone - HRB","propertyType":"PSI Authorized","category":"3P","address":"5941 Antioch","city":"Gladstone","state":"Missouri","zip":"64119","country":"USA","geocodeSource":"nominatim","scoreBucket":4,"scoreRaw":20,"seats":3,"cdVolume":3607,"avgMonthlyVol":300.6,"zdTicketRate":0.0549,"dispRate":0.0047,"reschdRate":0.0078,"dmaRegion":"KANSAS CITY","leaseAction":null,"leaseStatus":null,"daysRemaining":null,"leaseUtilization":null,"monthlyRevenue":null,"contractFlag":null,"recommendedAction":null,"licensureNote":null,"opsNotes":null,"leaseExpiry":null,"criticalOptimus":false}},{"type":"Feature","geometry":{"type":"Point","coordinates":[-92.211586037253,38.576941038882]},"properties":{"id":"10571","name":"JEFFERSON CITY","propertyType":"PSI Owned","category":"OO","address":"2410 Hyde Park Road, Suite C","city":"Jefferson City","state":"Missouri","zip":"65109","country":"USA","geocodeSource":"census","scoreBucket":4,"scoreRaw":20,"seats":6,"cdVolume":3842,"avgMonthlyVol":320.2,"zdTicketRate":0.0973,"dispRate":0.0078,"reschdRate":0.0049,"dmaRegion":"COLUMBIA - JEFFERSON CITY","optimusScore":0.726,"optimusTier":"B","fy25Volume":1882,"fy25Utilization":0.671,"priority":"Y","quickWins":"Organize storage area to reduce clutter.; Organize the storage area to reduce clutter.; Organize cleaning supplies and wires to improve safety.","leaseAction":"Relocate","leaseStatus":"EXPIRED","daysRemaining":-423,"leaseUtilization":0.67,"monthlyRevenue":70158,"contractFlag":false,"recommendedAction":"No ADA, small lobby, restroom inside test room — relo","licensureNote":"MO RE expires 3/12/2027","opsNotes":"High priority — bathroom in testing room, bad look","leaseExpiry":"03-31-2025","osDate":"2025-09-29","oc01":0.85,"oc02":0.8,"oc03":0.766,"oc04":0.85,"oc05":0.85,"oc06":0.55,"oc07":0.85,"oc08":0.85,"oc09":null,"adaFlag":false,"brandingFlag":false,"criticalOptimus":false}},{"type":"Feature","geometry":{"type":"Point","coordinates":[-94.474991389699,39.048422143134]},"properties":{"id":"6348","name":"Kansas City - Safety and Health Council","propertyType":"MG TESTING","category":"3P","address":"9150 East 41st Terrace, Suite 215","city":"Kansas City","state":"Missouri","zip":"64133","country":"USA","geocodeSource":"census","scoreBucket":2,"scoreRaw":15,"seats":5,"cdVolume":2436,"avgMonthlyVol":203,"zdTicketRate":0.0546,"dispRate":0.0443,"reschdRate":0.0107,"dmaRegion":"KANSAS CITY","leaseAction":null,"leaseStatus":null,"daysRemaining":null,"leaseUtilization":null,"monthlyRevenue":null,"contractFlag":null,"recommendedAction":null,"licensureNote":null,"opsNotes":null,"leaseExpiry":null,"criticalOptimus":false}},{"type":"Feature","geometry":{"type":"Point","coordinates":[-92.581027187991,40.186381754804]},"properties":{"id":"17490","name":"Kirksville - Truman State University","propertyType":"PSI Authorized","category":"3P","address":"301 East Patterson Ave.","city":"Kirksville","state":"Missouri","zip":"63501","country":"USA","geocodeSource":"census","scoreBucket":2,"scoreRaw":16,"seats":null,"cdVolume":51,"avgMonthlyVol":17,"zdTicketRate":0.3137,"dispRate":0,"reschdRate":0,"dmaRegion":"OTTUMWA - KIRKSVILLE","leaseAction":null,"leaseStatus":null,"daysRemaining":null,"leaseUtilization":null,"monthlyRevenue":null,"contractFlag":null,"recommendedAction":null,"licensureNote":null,"opsNotes":null,"leaseExpiry":null,"criticalOptimus":false}},{"type":"Feature","geometry":{"type":"Point","coordinates":[-93.234178379832,37.209996248846]},"properties":{"id":"10572","name":"SPRINGFIELD MO","propertyType":"PSI Owned","category":"OO","address":"3003 East Chestnut Expressway, RDI Building, Suite 400","city":"Springfield","state":"Missouri","zip":"65802","country":"USA","geocodeSource":"census","scoreBucket":3,"scoreRaw":19,"seats":10,"cdVolume":5943,"avgMonthlyVol":495.2,"zdTicketRate":0.0655,"dispRate":0.0116,"reschdRate":0.0017,"dmaRegion":"SPRINGFIELD, MO","optimusScore":0.505,"optimusTier":"C","fy25Volume":3045,"fy25Utilization":0.711,"priority":null,"quickWins":"Repair facade damage, repaint, replace broken doors, improve entrance appearance; Clean floors, repair walls, replace broken furniture, improve lighting; Remove personal items, organize desk, update signage, clear walkways; Replace broken furniture, organize cables, improve lighting, reduce noise; D","leaseAction":"Renew","leaseStatus":"EXPIRED","daysRemaining":-423,"leaseUtilization":0.71,"monthlyRevenue":59680,"contractFlag":false,"recommendedAction":"MTM Mar 2025 — 74% util, full schedule; renew","licensureNote":"MO RE expires 3/12/2027","opsNotes":null,"leaseExpiry":"03-31-2025","osDate":"2025-09-18","oc01":0.75,"oc02":0.75,"oc03":0.2,"oc04":0.85,"oc05":0.85,"oc06":0.8,"oc07":0.65,"oc08":1,"oc09":null,"adaFlag":true,"brandingFlag":false,"criticalOptimus":false}},{"type":"Feature","geometry":{"type":"Point","coordinates":[-91.857423346676,36.728333430507]},"properties":{"id":"9007","name":"West Plains - Missouri State University","propertyType":"PSI Authorized","category":"3P","address":"605 W Main, Lybyer Enchanced Technology Bulding RM 108","city":"West Plains","state":"Missouri","zip":"65775","country":"USA","geocodeSource":"census","scoreBucket":3,"scoreRaw":19,"seats":6,"cdVolume":686,"avgMonthlyVol":57.2,"zdTicketRate":0.0933,"dispRate":0.0029,"reschdRate":0,"dmaRegion":"SPRINGFIELD, MO","leaseAction":null,"leaseStatus":null,"daysRemaining":null,"leaseUtilization":null,"monthlyRevenue":null,"contractFlag":null,"recommendedAction":null,"licensureNote":null,"opsNotes":null,"leaseExpiry":null,"criticalOptimus":false}},{"type":"Feature","geometry":{"type":"Point","coordinates":[-108.56170354659,45.798139907877]},"properties":{"id":"5164","name":"Billings - Rocky Mountain College","propertyType":"PSI Authorized","category":"3P","address":"2821 Augusta Lane, Aviation Hall, Room 102","city":"Billings","state":"Montana","zip":"59102","country":"USA","geocodeSource":"census","scoreBucket":2,"scoreRaw":14,"seats":4,"cdVolume":726,"avgMonthlyVol":60.5,"zdTicketRate":0.1736,"dispRate":0.0096,"reschdRate":0.0275,"dmaRegion":"BILLINGS","leaseAction":null,"leaseStatus":null,"daysRemaining":null,"leaseUtilization":null,"monthlyRevenue":null,"contractFlag":null,"recommendedAction":null,"licensureNote":null,"opsNotes":null,"leaseExpiry":null,"criticalOptimus":false}},{"type":"Feature","geometry":{"type":"Point","coordinates":[-108.598658381901,45.769155237342]},"properties":{"id":"11744","name":"Billings - Summers McNea CPAs (HRB)","propertyType":"PSI Authorized","category":"3P","address":"15 Avanta Way, Suite 1","city":"Billings","state":"Montana","zip":"59102","country":"USA","geocodeSource":"census","scoreBucket":3,"scoreRaw":18,"seats":3,"cdVolume":1028,"avgMonthlyVol":85.7,"zdTicketRate":0.0418,"dispRate":0.0029,"reschdRate":0.0165,"dmaRegion":"BILLINGS","leaseAction":null,"leaseStatus":null,"daysRemaining":null,"leaseUtilization":null,"monthlyRevenue":null,"contractFlag":null,"recommendedAction":null,"licensureNote":null,"opsNotes":null,"leaseExpiry":null,"criticalOptimus":false}},{"type":"Feature","geometry":{"type":"Point","coordinates":[-112.513167146696,45.994386455089]},"properties":{"id":"9463","name":"Butte - Sylvan Learning Center","propertyType":"PSI Authorized","category":"3P","address":"1941 Harrison","city":"Butte","state":"Montana","zip":"59701","country":"USA","geocodeSource":"census","scoreBucket":2,"scoreRaw":16,"seats":2,"cdVolume":864,"avgMonthlyVol":72,"zdTicketRate":0.1412,"dispRate":0.0046,"reschdRate":0.0081,"dmaRegion":"HELENA","leaseAction":null,"leaseStatus":null,"daysRemaining":null,"leaseUtilization":null,"monthlyRevenue":null,"contractFlag":null,"recommendedAction":null,"licensureNote":null,"opsNotes":null,"leaseExpiry":null,"criticalOptimus":false}},{"type":"Feature","geometry":{"type":"Point","coordinates":[-111.353794464272,47.485042946652]},"properties":{"id":"5388","name":"Great Falls - Holman Aviation Co","propertyType":"PSI Authorized","category":"3P","address":"1940 Airport Ct, Great Falls International","city":"Great Falls","state":"Montana","zip":"59404","country":"USA","geocodeSource":"census","scoreBucket":3,"scoreRaw":17,"seats":3,"cdVolume":563,"avgMonthlyVol":46.9,"zdTicketRate":0.0835,"dispRate":0.0036,"reschdRate":0.0018,"dmaRegion":"GREAT FALLS","leaseAction":null,"leaseStatus":null,"daysRemaining":null,"leaseUtilization":null,"monthlyRevenue":null,"contractFlag":null,"recommendedAction":null,"licensureNote":null,"opsNotes":null,"leaseExpiry":null,"criticalOptimus":false}},{"type":"Feature","geometry":{"type":"Point","coordinates":[-114.303984653221,48.181047769585]},"properties":{"id":"5391","name":"Kalispell - Red Eagle Aviation Inc.","propertyType":"PSI Authorized","category":"3P","address":"1880 Hwy 93 S., Kalispell City Airport, Paige Pitz","city":"Kalispell","state":"Montana","zip":"59901","country":"USA","geocodeSource":"census","scoreBucket":3,"scoreRaw":19,"seats":4,"cdVolume":500,"avgMonthlyVol":41.7,"zdTicketRate":0.066,"dispRate":0,"reschdRate":0.002,"dmaRegion":"MISSOULA","leaseAction":null,"leaseStatus":null,"daysRemaining":null,"leaseUtilization":null,"monthlyRevenue":null,"contractFlag":null,"recommendedAction":null,"licensureNote":null,"opsNotes":null,"leaseExpiry":null,"criticalOptimus":false}},{"type":"Feature","geometry":{"type":"Point","coordinates":[-114.079025552122,46.912709567046]},"properties":{"id":"5648","name":"Missoula - Northstar Jet Inc.","propertyType":"PSI Authorized","category":"3P","address":"4045 Corporate Way","city":"Missoula","state":"Montana","zip":"59808","country":"USA","geocodeSource":"census","scoreBucket":1,"scoreRaw":10,"seats":6,"cdVolume":256,"avgMonthlyVol":21.3,"zdTicketRate":0.2031,"dispRate":0.0625,"reschdRate":0.0586,"dmaRegion":"MISSOULA","leaseAction":null,"leaseStatus":null,"daysRemaining":null,"leaseUtilization":null,"monthlyRevenue":null,"contractFlag":null,"recommendedAction":null,"licensureNote":null,"opsNotes":null,"leaseExpiry":null,"criticalOptimus":false}},{"type":"Feature","geometry":{"type":"Point","coordinates":[-96.683226770014,40.813420130398]},"properties":{"id":"11724","name":"Lincoln - HRB","propertyType":"PSI Authorized","category":"3P","address":"2637 O Street","city":"Lincoln","state":"Nebraska","zip":"68510","country":"USA","geocodeSource":"census","scoreBucket":4,"scoreRaw":20,"seats":6,"cdVolume":2420,"avgMonthlyVol":201.7,"zdTicketRate":0.036,"dispRate":0,"reschdRate":0.0029,"dmaRegion":"LINCOLN & HSTNGS - KRNY","leaseAction":null,"leaseStatus":null,"daysRemaining":null,"leaseUtilization":null,"monthlyRevenue":null,"contractFlag":null,"recommendedAction":null,"licensureNote":null,"opsNotes":null,"leaseExpiry":null,"criticalOptimus":false}},{"type":"Feature","geometry":{"type":"Point","coordinates":[-96.586470503523,40.813330273819]},"properties":{"id":"18158","name":"Lincoln - Southeast Community College","propertyType":"PSI Authorized","category":"3P","address":"8800 O St","city":"Lincoln","state":"Nebraska","zip":"68520","country":"USA","geocodeSource":"census","scoreBucket":3,"scoreRaw":19,"seats":3,"cdVolume":1308,"avgMonthlyVol":109,"zdTicketRate":0.0558,"dispRate":0.0054,"reschdRate":0.0038,"dmaRegion":"LINCOLN & HSTNGS - KRNY","leaseAction":null,"leaseStatus":null,"daysRemaining":null,"leaseUtilization":null,"monthlyRevenue":null,"contractFlag":null,"recommendedAction":null,"licensureNote":null,"opsNotes":null,"leaseExpiry":null,"criticalOptimus":false}},{"type":"Feature","geometry":{"type":"Point","coordinates":[-100.751336110354,41.109953585463]},"properties":{"id":"6136","name":"North Platte - Mid-Plains Community College","propertyType":"PSI Authorized","category":"3P","address":"1101 Halligan Drive, Rm 205, North Platte Community College","city":"North Platte","state":"Nebraska","zip":"69101","country":"USA","geocodeSource":"census","scoreBucket":3,"scoreRaw":17,"seats":10,"cdVolume":1011,"avgMonthlyVol":84.2,"zdTicketRate":0.1197,"dispRate":0.002,"reschdRate":0.004,"dmaRegion":"NORTH PLATTE","leaseAction":null,"leaseStatus":null,"daysRemaining":null,"leaseUtilization":null,"monthlyRevenue":null,"contractFlag":null,"recommendedAction":null,"licensureNote":null,"opsNotes":null,"leaseExpiry":null,"criticalOptimus":false}},{"type":"Feature","geometry":{"type":"Point","coordinates":[-95.987056079598,41.21248346316]},"properties":{"id":"11725","name":"Omaha - HRB","propertyType":"PSI Authorized","category":"3P","address":"4843 L Street","city":"Omaha","state":"Nebraska","zip":"68117","country":"USA","geocodeSource":"census","scoreBucket":3,"scoreRaw":17,"seats":6,"cdVolume":1860,"avgMonthlyVol":155,"zdTicketRate":0.0419,"dispRate":0.0306,"reschdRate":0.022,"dmaRegion":"OMAHA","leaseAction":null,"leaseStatus":null,"daysRemaining":null,"leaseUtilization":null,"monthlyRevenue":null,"contractFlag":null,"recommendedAction":null,"licensureNote":null,"opsNotes":null,"leaseExpiry":null,"criticalOptimus":false}},{"type":"Feature","geometry":{"type":"Point","coordinates":[-95.956637148336,41.309456108418]},"properties":{"id":"18828","name":"Omaha - Metropolitan Community College","propertyType":"PSI Authorized","category":"3P","address":"5300 N 30th Street, Bldg. 23 Room 311","city":"Omaha","state":"Nebraska","zip":"68111","country":"USA","geocodeSource":"census","scoreBucket":3,"scoreRaw":18,"seats":11,"cdVolume":342,"avgMonthlyVol":34.2,"zdTicketRate":0,"dispRate":0,"reschdRate":0,"dmaRegion":null,"leaseAction":null,"leaseStatus":null,"daysRemaining":null,"leaseUtilization":null,"monthlyRevenue":null,"contractFlag":null,"recommendedAction":null,"licensureNote":null,"opsNotes":null,"leaseExpiry":null,"criticalOptimus":false}},{"type":"Feature","geometry":{"type":"Point","coordinates":[-96.114606312701,41.194990514922]},"properties":{"id":"9156","name":"Omaha - Oracle Aviation","propertyType":"PSI Authorized","category":"3P","address":"12916 Millard Airport Plaza","city":"Omaha","state":"Nebraska","zip":"68137","country":"USA","geocodeSource":"census","scoreBucket":2,"scoreRaw":14,"seats":3,"cdVolume":1703,"avgMonthlyVol":141.9,"zdTicketRate":0.0746,"dispRate":0.0153,"reschdRate":0.0182,"dmaRegion":"OMAHA","leaseAction":null,"leaseStatus":null,"daysRemaining":null,"leaseUtilization":null,"monthlyRevenue":null,"contractFlag":null,"recommendedAction":null,"licensureNote":null,"opsNotes":null,"leaseExpiry":null,"criticalOptimus":false}},{"type":"Feature","geometry":{"type":"Point","coordinates":[-96.014970674849,41.259571457602]},"properties":{"id":"10330","name":"Omaha - University of Nebraska","propertyType":"PSI Authorized","category":"3P","address":"6001 Dodge Street, Kayser Hall - Room 522","city":"Omaha","state":"Nebraska","zip":"68182","country":"USA","geocodeSource":"census","scoreBucket":4,"scoreRaw":21,"seats":29,"cdVolume":4346,"avgMonthlyVol":362.2,"zdTicketRate":0.0414,"dispRate":0.0122,"reschdRate":0.0035,"dmaRegion":"#N/A","leaseAction":null,"leaseStatus":null,"daysRemaining":null,"leaseUtilization":null,"monthlyRevenue":null,"contractFlag":null,"recommendedAction":null,"licensureNote":null,"opsNotes":null,"leaseExpiry":null,"criticalOptimus":false}},{"type":"Feature","geometry":{"type":"Point","coordinates":[-103.643832887947,41.872859024402]},"properties":{"id":"11797","name":"Scottsbluff - Western Nebraska Community College","propertyType":"PSI Authorized","category":"3P","address":"Harms Advanced Technology Center, 2620 College Park","city":"Scottsbluff","state":"Nebraska","zip":"69361","country":"USA","geocodeSource":"census","scoreBucket":3,"scoreRaw":17,"seats":1,"cdVolume":298,"avgMonthlyVol":24.8,"zdTicketRate":0.151,"dispRate":0,"reschdRate":0.0034,"dmaRegion":"CHEYENNE - SCOTTSBLUF","leaseAction":null,"leaseStatus":null,"daysRemaining":null,"leaseUtilization":null,"monthlyRevenue":null,"contractFlag":null,"recommendedAction":null,"licensureNote":null,"opsNotes":null,"leaseExpiry":null,"criticalOptimus":false}},{"type":"Feature","geometry":{"type":"Point","coordinates":[-102.966001006554,41.129825841441]},"properties":{"id":"5177","name":"Sidney - Western Nebraska Community College","propertyType":"PSI Authorized","category":"3P","address":"371 College Drive","city":"Sidney","state":"Nebraska","zip":"69162","country":"USA","geocodeSource":"census","scoreBucket":2,"scoreRaw":12,"seats":2,"cdVolume":138,"avgMonthlyVol":11.5,"zdTicketRate":0.3188,"dispRate":0,"reschdRate":0.1812,"dmaRegion":"DENVER","leaseAction":null,"leaseStatus":null,"daysRemaining":null,"leaseUtilization":null,"monthlyRevenue":null,"contractFlag":null,"recommendedAction":null,"licensureNote":null,"opsNotes":null,"leaseExpiry":null,"criticalOptimus":false}},{"type":"Feature","geometry":{"type":"Point","coordinates":[-115.763604725084,40.829139550298]},"properties":{"id":"69","name":"ELKO","propertyType":"PSI Owned","category":"OO","address":"225 SILVER ST, SUITE 102","city":"ELKO","state":"Nevada","zip":"89801","country":"USA","geocodeSource":"census","scoreBucket":2,"scoreRaw":16,"seats":4,"cdVolume":438,"avgMonthlyVol":36.5,"zdTicketRate":0.1598,"dispRate":0.0046,"reschdRate":0,"dmaRegion":"SALT LAKE CITY","optimusScore":0.55,"optimusTier":"C","fy25Volume":220,"fy25Utilization":0.416,"priority":null,"quickWins":"Repair facade damage, repaint, replace broken doors, improve entrance appearance; Clean floors, repair walls, replace broken furniture, improve lighting; Remove personal items, organize desk, update signage, clear walkways; Replace broken furniture, organize cables, improve lighting, reduce noise; D","leaseAction":"Renew","leaseStatus":"EXPIRED","daysRemaining":-3070,"leaseUtilization":0.42,"monthlyRevenue":12167,"contractFlag":false,"recommendedAction":"8+ yrs MTM; remote market — renew MTM","licensureNote":"NV CON expires 6/30/2030","opsNotes":null,"leaseExpiry":"12-31-2017","osDate":"2025-09-25","oc01":0.85,"oc02":0.65,"oc03":0.5,"oc04":0.65,"oc05":0.85,"oc06":0.65,"oc07":0.65,"oc08":0.85,"oc09":0.45,"adaFlag":true,"brandingFlag":false,"criticalOptimus":false}},{"type":"Feature","geometry":{"type":"Point","coordinates":[-115.118745688007,36.085409059325]},"properties":{"id":"18446","name":"Las Vegas - Brainseed Testing Center","propertyType":"PSI Authorized","category":"3P","address":"5740 S Eastern Ave, Suite 200","city":"Las Vegas","state":"Nevada","zip":"89121","country":"USA","geocodeSource":"census","scoreBucket":5,"scoreRaw":23,"seats":19,"cdVolume":11568,"avgMonthlyVol":964,"zdTicketRate":0.0247,"dispRate":0.0013,"reschdRate":0.0018,"dmaRegion":"LAS VEGAS","leaseAction":null,"leaseStatus":null,"daysRemaining":null,"leaseUtilization":null,"monthlyRevenue":null,"contractFlag":null,"recommendedAction":null,"licensureNote":null,"opsNotes":null,"leaseExpiry":null,"criticalOptimus":false}},{"type":"Feature","geometry":{"type":"Point","coordinates":[-115.243051654784,36.141841681936]},"properties":{"id":"6321","name":"Las Vegas - Las Vegas Professional Institute of Technical","propertyType":"TD TESTING","category":"3P","address":"2625 S. Rainbow Blvd. -Bldg A.","city":"Las Vegas","state":"Nevada","zip":"89146","country":"USA","geocodeSource":"census","scoreBucket":3,"scoreRaw":19,"seats":5,"cdVolume":1090,"avgMonthlyVol":90.8,"zdTicketRate":0.0862,"dispRate":0,"reschdRate":0.0018,"dmaRegion":"LAS VEGAS","leaseAction":null,"leaseStatus":null,"daysRemaining":null,"leaseUtilization":null,"monthlyRevenue":null,"contractFlag":null,"recommendedAction":null,"licensureNote":null,"opsNotes":null,"leaseExpiry":null,"criticalOptimus":false}},{"type":"Feature","geometry":{"type":"Point","coordinates":[-119.778478334521,39.474359431189]},"properties":{"id":"11959","name":"Reno - Brainseed Testing Services","propertyType":"PSI Authorized","category":"3P","address":"5250 Neil Road, Suite 110","city":"Reno","state":"Nevada","zip":"89502","country":"USA","geocodeSource":"census","scoreBucket":4,"scoreRaw":21,"seats":9,"cdVolume":4413,"avgMonthlyVol":367.8,"zdTicketRate":0.0544,"dispRate":0.0057,"reschdRate":0,"dmaRegion":"RENO","leaseAction":null,"leaseStatus":null,"daysRemaining":null,"leaseUtilization":null,"monthlyRevenue":null,"contractFlag":null,"recommendedAction":null,"licensureNote":null,"opsNotes":null,"leaseExpiry":null,"criticalOptimus":false}},{"type":"Feature","geometry":{"type":"Point","coordinates":[-72.578726223386,42.11050665304]},"properties":{"id":"5353","name":"Springfield - Springfield Technical Community College","propertyType":"PSI Authorized","category":"3P","address":"One Armory Square, Building 19 Room 238,, Suite 1 PO Box 9000","city":"Springfield","state":"Massachusetts","zip":"01105","country":"USA","geocodeSource":"census","scoreBucket":1,"scoreRaw":11,"seats":7,"cdVolume":939,"avgMonthlyVol":78.2,"zdTicketRate":0.1118,"dispRate":0.0075,"reschdRate":0.033,"dmaRegion":"SPRINGFIELD - HOLYOKE","leaseAction":null,"leaseStatus":null,"daysRemaining":null,"leaseUtilization":null,"monthlyRevenue":null,"contractFlag":null,"recommendedAction":null,"licensureNote":null,"opsNotes":null,"leaseExpiry":null,"criticalOptimus":false}},{"type":"Feature","geometry":{"type":"Point","coordinates":[-71.003085579551,42.218262470611]},"properties":{"id":"12008","name":"Braintree - Northeast Test Centers","propertyType":"PSI Authorized","category":"3P","address":"420 Washington Street, Suite 300","city":"Braintree","state":"Massachusetts","zip":"02184","country":"USA","geocodeSource":"census","scoreBucket":4,"scoreRaw":22,"seats":7,"cdVolume":9250,"avgMonthlyVol":770.8,"zdTicketRate":0.0278,"dispRate":0.0018,"reschdRate":0.0079,"dmaRegion":"BOSTON (MANCHESTER)","leaseAction":null,"leaseStatus":null,"daysRemaining":null,"leaseUtilization":null,"monthlyRevenue":null,"contractFlag":null,"recommendedAction":null,"licensureNote":null,"opsNotes":null,"leaseExpiry":null,"criticalOptimus":false}},{"type":"Feature","geometry":{"type":"Point","coordinates":[-71.788383428423,42.340971670394]},"properties":{"id":"12091","name":"West Boylston - Angels-Net Foundation Inc","propertyType":"PSI Authorized","category":"3P","address":"360 West Boylston Street, Suite 216","city":"West Boylston","state":"Massachusetts","zip":"01583","country":"USA","geocodeSource":"census","scoreBucket":2,"scoreRaw":16,"seats":5,"cdVolume":2254,"avgMonthlyVol":187.8,"zdTicketRate":0.1074,"dispRate":0.0226,"reschdRate":0.0209,"dmaRegion":"BOSTON (MANCHESTER)","leaseAction":null,"leaseStatus":null,"daysRemaining":null,"leaseUtilization":null,"monthlyRevenue":null,"contractFlag":null,"recommendedAction":null,"licensureNote":null,"opsNotes":null,"leaseExpiry":null,"criticalOptimus":false}},{"type":"Feature","geometry":{"type":"Point","coordinates":[-71.079756002562,42.381596737123]},"properties":{"id":"13349","name":"Boston - Boston Training and Testing Center","propertyType":"PSI Authorized","category":"3P","address":"56 Roland Street, Suite 305","city":"Charlestown","state":"Massachusetts","zip":"02129","country":"USA","geocodeSource":"census","scoreBucket":3,"scoreRaw":17,"seats":12,"cdVolume":14617,"avgMonthlyVol":1218.1,"zdTicketRate":0.0515,"dispRate":0.0102,"reschdRate":0.0203,"dmaRegion":"BOSTON (MANCHESTER)","leaseAction":null,"leaseStatus":null,"daysRemaining":null,"leaseUtilization":null,"monthlyRevenue":null,"contractFlag":null,"recommendedAction":null,"licensureNote":null,"opsNotes":null,"leaseExpiry":null,"criticalOptimus":false}},{"type":"Feature","geometry":{"type":"Point","coordinates":[-71.13641803464,41.68301923341]},"properties":{"id":"13350","name":"Fall River - Fall River Training and Testing Center","propertyType":"PSI Authorized","category":"3P","address":"1 Father Devalles Blvd, Ground Level 1 (GR1)","city":"Fall River","state":"Massachusetts","zip":"02723","country":"USA","geocodeSource":"census","scoreBucket":4,"scoreRaw":21,"seats":9,"cdVolume":10615,"avgMonthlyVol":884.6,"zdTicketRate":0.0781,"dispRate":0.0055,"reschdRate":0.0099,"dmaRegion":"PROVIDENCE - NEW BEDFORD","leaseAction":null,"leaseStatus":null,"daysRemaining":null,"leaseUtilization":null,"monthlyRevenue":null,"contractFlag":null,"recommendedAction":null,"licensureNote":null,"opsNotes":null,"leaseExpiry":null,"criticalOptimus":false}},{"type":"Feature","geometry":{"type":"Point","coordinates":[-74.1479237,40.0692296]},"properties":{"id":"5135","name":"BRICK","propertyType":"PSI Owned","category":"OO","address":"260 Chambersbridge Rd, Unit # 1A","city":"Brick","state":"New Jersey","zip":"08723","country":"USA","geocodeSource":"nominatim","scoreBucket":5,"scoreRaw":24,"seats":20,"cdVolume":13227,"avgMonthlyVol":1102.2,"zdTicketRate":0.0442,"dispRate":0.0023,"reschdRate":0.0008,"dmaRegion":"NEW YORK","optimusScore":0.65,"optimusTier":"C","fy25Volume":6533,"fy25Utilization":0.802,"priority":null,"quickWins":"Repair facade damage, repaint, replace broken doors, improve entrance appearance; Clean floors, repair walls, replace broken furniture, improve lighting; Remove personal items, organize desk, update signage, clear walkways; Replace broken furniture, organize cables, improve lighting, reduce noise; D","leaseAction":null,"leaseStatus":null,"daysRemaining":null,"leaseUtilization":null,"monthlyRevenue":null,"contractFlag":null,"recommendedAction":null,"licensureNote":null,"opsNotes":null,"leaseExpiry":null,"osDate":"2025-09-20","oc01":0.85,"oc02":0.8,"oc03":0.6,"oc04":0.85,"oc05":0.65,"oc06":null,"oc07":0.85,"oc08":0.85,"oc09":0.55,"adaFlag":false,"brandingFlag":false,"criticalOptimus":false}},{"type":"Feature","geometry":{"type":"Point","coordinates":[-74.064302880092,40.732080036412]},"properties":{"id":"10502","name":"Jersey City - AVNA Learning Center","propertyType":"PSI Authorized","category":"3P","address":"26 Journal Square, Suite 803","city":"Jersey City","state":"New Jersey","zip":"07306","country":"USA","geocodeSource":"census","scoreBucket":5,"scoreRaw":23,"seats":18,"cdVolume":9231,"avgMonthlyVol":769.2,"zdTicketRate":0.0299,"dispRate":0,"reschdRate":0.0031,"dmaRegion":"NEW YORK","leaseAction":null,"leaseStatus":null,"daysRemaining":null,"leaseUtilization":null,"monthlyRevenue":null,"contractFlag":null,"recommendedAction":null,"licensureNote":null,"opsNotes":null,"leaseExpiry":null,"criticalOptimus":false}},{"type":"Feature","geometry":{"type":"Point","coordinates":[-74.568304047976,39.358474064664]},"properties":{"id":"5134","name":"LINWOOD","propertyType":"PSI Owned","category":"OO","address":"222 New Road, Suite 301","city":"Linwood","state":"New Jersey","zip":"08221","country":"USA","geocodeSource":"census","scoreBucket":4,"scoreRaw":22,"seats":7,"cdVolume":6100,"avgMonthlyVol":508.3,"zdTicketRate":0.0649,"dispRate":0.0057,"reschdRate":0.0028,"dmaRegion":"PHILADELPHIA","optimusScore":0.581,"optimusTier":"C","fy25Volume":3087,"fy25Utilization":0.885,"priority":null,"quickWins":"Repair facade damage, repaint, replace broken doors, improve entrance appearance; Clean floors, repair walls, replace broken furniture, improve lighting; Remove personal items, organize desk, update signage, clear walkways; Replace broken furniture, organize cables, improve lighting, reduce noise; D","leaseAction":null,"leaseStatus":null,"daysRemaining":null,"leaseUtilization":null,"monthlyRevenue":null,"contractFlag":null,"recommendedAction":null,"licensureNote":null,"opsNotes":null,"leaseExpiry":null,"osDate":"2025-09-19","oc01":0.85,"oc02":0.45,"oc03":0.634,"oc04":0.65,"oc05":0.85,"oc06":0.45,"oc07":0.65,"oc08":0.85,"oc09":0.55,"adaFlag":true,"brandingFlag":false,"criticalOptimus":false}},{"type":"Feature","geometry":{"type":"Point","coordinates":[-74.105188000204,40.806999293039]},"properties":{"id":"19438","name":"Lyndhurst - America's Training Center","propertyType":"PSI Authorized","category":"3P","address":"1050 West Wall St, Room 600","city":"Lyndhurst","state":"New Jersey","zip":"07071","country":"USA","geocodeSource":"census","seats":null,"scoreRaw":null,"scoreBucket":null,"avgMonthlyVol":null,"cdVolume":null,"reschdRate":null,"dispRate":null,"zdTicketRate":null,"dmaRegion":null,"leaseAction":null,"leaseStatus":null,"daysRemaining":null,"leaseUtilization":null,"monthlyRevenue":null,"contractFlag":null,"recommendedAction":null,"licensureNote":null,"opsNotes":null,"leaseExpiry":null,"criticalOptimus":false}},{"type":"Feature","geometry":{"type":"Point","coordinates":[-74.94357906035,39.913670047493]},"properties":{"id":"18506","name":"MARLTON","propertyType":"PSI Owned","category":"OO","address":"901 Lincoln Dr W, Suite 130","city":"Marlton","state":"New Jersey","zip":"08053","country":"USA","geocodeSource":"census","scoreBucket":4,"scoreRaw":22,"seats":10,"cdVolume":6695,"avgMonthlyVol":557.9,"zdTicketRate":0.0382,"dispRate":0.0075,"reschdRate":0.001,"dmaRegion":null,"fy25Utilization":null,"fy25Volume":null,"optimusTier":null,"optimusScore":null,"quickWins":null,"priority":null,"leaseAction":null,"leaseStatus":null,"daysRemaining":null,"leaseUtilization":null,"monthlyRevenue":null,"contractFlag":null,"recommendedAction":null,"licensureNote":null,"opsNotes":null,"leaseExpiry":null,"osDate":null,"oc01":null,"oc02":null,"oc03":null,"oc04":null,"oc05":null,"oc06":null,"oc07":null,"oc08":null,"oc09":null,"brandingFlag":false,"adaFlag":false,"criticalOptimus":false}},{"type":"Feature","geometry":{"type":"Point","coordinates":[-74.680540791752,40.25514881347]},"properties":{"id":"5132","name":"HAMILTON TOWNSHIP","propertyType":"PSI Owned","category":"OO","address":"3525 Quakerbridge Rd, Suite 1000","city":"Mercerville","state":"New Jersey","zip":"08619","country":"USA","geocodeSource":"census","scoreBucket":4,"scoreRaw":21,"seats":11,"cdVolume":6317,"avgMonthlyVol":526.4,"zdTicketRate":0.1781,"dispRate":0.0063,"reschdRate":0.0005,"dmaRegion":"PHILADELPHIA","optimusScore":0.717,"optimusTier":"B","fy25Volume":3311,"fy25Utilization":0.859,"priority":null,"quickWins":"Reduce clutter on the reception desk for a cleaner appearance.; Organize visible wires to reduce clutter.; Remove or better position the fan to enhance room aesthetics.; Organize boxes and supplies to reduce clutter.; Clean and maintain door area.","leaseAction":null,"leaseStatus":null,"daysRemaining":null,"leaseUtilization":null,"monthlyRevenue":null,"contractFlag":null,"recommendedAction":null,"licensureNote":null,"opsNotes":null,"leaseExpiry":null,"osDate":"2025-10-16","oc01":0.85,"oc02":0.75,"oc03":0.834,"oc04":0.8,"oc05":0.75,"oc06":0.65,"oc07":0.55,"oc08":0.85,"oc09":0.45,"adaFlag":true,"brandingFlag":false,"criticalOptimus":false}},{"type":"Feature","geometry":{"type":"Point","coordinates":[-74.4432,40.6998]},"properties":{"id":"5129","name":"NEW PROVIDENCE - Murray Hill Office Center","propertyType":"PSI Owned","category":"OO","address":"571 Central Avenue, Suite 117","city":"New Providence","state":"New Jersey","zip":"07974","country":"USA","geocodeSource":"census","scoreBucket":5,"scoreRaw":23,"seats":20,"cdVolume":12382,"avgMonthlyVol":1031.8,"zdTicketRate":0.0569,"dispRate":0.001,"reschdRate":0.001,"dmaRegion":"NEW YORK","optimusScore":0.286,"optimusTier":"C","fy25Volume":6428,"fy25Utilization":0.882,"priority":null,"quickWins":"Repair facade damage, repaint, replace broken doors, improve entrance appearance; Clean floors, repair walls, replace broken furniture, improve lighting; Remove personal items, organize desk, update signage, clear walkways; Replace broken furniture, organize cables, improve lighting, reduce noise; D","leaseAction":null,"leaseStatus":null,"daysRemaining":null,"leaseUtilization":null,"monthlyRevenue":null,"contractFlag":null,"recommendedAction":null,"licensureNote":null,"opsNotes":null,"leaseExpiry":null,"osDate":"2025-09-30","oc01":null,"oc02":0.75,"oc03":0.7,"oc04":null,"oc05":null,"oc06":null,"oc07":null,"oc08":0.95,"oc09":null,"adaFlag":false,"brandingFlag":false,"criticalOptimus":true,"phone":"(908) 219-4595","email":"NJ.NewProvidence@psionline.com"}},{"type":"Feature","geometry":{"type":"Point","coordinates":[-74.486890988492,40.472830525618]},"properties":{"id":"13606","name":"North Brunswick - AVNA Learning Center","propertyType":"PSI Authorized","category":"3P","address":"1440 How Lane, Suite 2E","city":"North Brunswick","state":"New Jersey","zip":"08902","country":"USA","geocodeSource":"census","scoreBucket":5,"scoreRaw":24,"seats":19,"cdVolume":15510,"avgMonthlyVol":1292.5,"zdTicketRate":0.0387,"dispRate":0,"reschdRate":0.0034,"dmaRegion":"NEW YORK","leaseAction":null,"leaseStatus":null,"daysRemaining":null,"leaseUtilization":null,"monthlyRevenue":null,"contractFlag":null,"recommendedAction":null,"licensureNote":null,"opsNotes":null,"leaseExpiry":null,"criticalOptimus":false}},{"type":"Feature","geometry":{"type":"Point","coordinates":[-74.348019039185,40.853029746919]},"properties":{"id":"5131","name":"PARSIPPANY","propertyType":"PSI Owned","category":"OO","address":"239 New Road, Suite A-203","city":"Parsippany","state":"New Jersey","zip":"07054","country":"USA","geocodeSource":"census","scoreBucket":4,"scoreRaw":22,"seats":11,"cdVolume":9249,"avgMonthlyVol":770.8,"zdTicketRate":0.0583,"dispRate":0,"reschdRate":0.0001,"dmaRegion":"NEW YORK","optimusScore":0.714,"optimusTier":"B","fy25Volume":4713,"fy25Utilization":0.941,"priority":"Y","quickWins":"Replace temporary signage with permanent fixtures.; Remove unnecessary items from the reception desk to reduce clutter.; Secure and organize exposed wires.; Remove or tidy up tape on the floor.; Address minor discoloration around the toilet base to enhance cleanliness.; Organize and reduce the numbe","leaseAction":"Relocate","leaseStatus":"COMPLETE","daysRemaining":-58,"leaseUtilization":0.94,"monthlyRevenue":95466,"contractFlag":false,"recommendedAction":"Relocation complete","licensureNote":"NJ RE and INS expires 2/1/2027","opsNotes":null,"leaseExpiry":"03-31-2026","osDate":"2025-09-25","oc01":0.85,"oc02":0.65,"oc03":0.834,"oc04":0.8,"oc05":0.85,"oc06":0.55,"oc07":0.75,"oc08":0.85,"oc09":null,"adaFlag":false,"brandingFlag":false,"criticalOptimus":false}},{"type":"Feature","geometry":{"type":"Point","coordinates":[-74.084727000376,40.917986307622]},"properties":{"id":"10781","name":"ROCHELLE PARK","propertyType":"PSI Owned","category":"OO","address":"365 W. Passaic St, Suite 180","city":"Rochelle Park","state":"New Jersey","zip":"07662","country":"USA","geocodeSource":"census","scoreBucket":4,"scoreRaw":22,"seats":25,"cdVolume":11839,"avgMonthlyVol":986.6,"zdTicketRate":0.0698,"dispRate":0.0008,"reschdRate":0,"dmaRegion":"NEW YORK","optimusScore":0.75,"optimusTier":"B","fy25Volume":5470,"fy25Utilization":0.932,"priority":"N","quickWins":"Remove personal items from visible areas.; Remove excess items from the top of cabinets to reduce clutter.; Replace handwritten signs with printed versions to reduce clutter.","leaseAction":null,"leaseStatus":null,"daysRemaining":null,"leaseUtilization":null,"monthlyRevenue":null,"contractFlag":null,"recommendedAction":null,"licensureNote":null,"opsNotes":null,"leaseExpiry":null,"osDate":"2025-09-25","oc01":0.85,"oc02":0.75,"oc03":0.766,"oc04":0.8,"oc05":0.9,"oc06":0.8,"oc07":0.75,"oc08":0.85,"oc09":0.8,"adaFlag":false,"brandingFlag":false,"criticalOptimus":false}},{"type":"Feature","geometry":{"type":"Point","coordinates":[-74.418930870168,40.553657371732]},"properties":{"id":"10211","name":"South Plainfield - American Vocational Trng Inst","propertyType":"PSI Authorized","category":"3P","address":"50 Cragwood Rd., Suite 350","city":"South Plainfield","state":"New Jersey","zip":"07080","country":"USA","geocodeSource":"census","scoreBucket":2,"scoreRaw":16,"seats":2,"cdVolume":518,"avgMonthlyVol":43.2,"zdTicketRate":0.0753,"dispRate":0,"reschdRate":0.0039,"dmaRegion":"NEW YORK","leaseAction":null,"leaseStatus":null,"daysRemaining":null,"leaseUtilization":null,"monthlyRevenue":null,"contractFlag":null,"recommendedAction":null,"licensureNote":null,"opsNotes":null,"leaseExpiry":null,"criticalOptimus":false}},{"type":"Feature","geometry":{"type":"Point","coordinates":[-75.363086148372,39.764774908205]},"properties":{"id":"6662","name":"Swedesboro - Delaware Valley Safety Council","propertyType":"MG TESTING","category":"3P","address":"510 Heron Dr, Suite 210","city":"Swedesboro","state":"New Jersey","zip":"08085","country":"USA","geocodeSource":"census","scoreBucket":4,"scoreRaw":20,"seats":10,"cdVolume":1622,"avgMonthlyVol":135.2,"zdTicketRate":0.0573,"dispRate":0,"reschdRate":0.0049,"dmaRegion":"PHILADELPHIA","leaseAction":null,"leaseStatus":null,"daysRemaining":null,"leaseUtilization":null,"monthlyRevenue":null,"contractFlag":null,"recommendedAction":null,"licensureNote":null,"opsNotes":null,"leaseExpiry":null,"criticalOptimus":false}},{"type":"Feature","geometry":{"type":"Point","coordinates":[-106.586436635069,35.195363412311]},"properties":{"id":"19030","name":"ALBUQUERQUE - SAN MATEO","propertyType":"PSI Owned","category":"OO","address":"9550 San Mateo Blvd, N.E., Suite G","city":"Albuquerque","state":"New Mexico","zip":"87113","country":"USA","geocodeSource":"census","scoreBucket":4,"scoreRaw":21,"seats":null,"cdVolume":4676,"avgMonthlyVol":668,"zdTicketRate":0.0233,"dispRate":0,"reschdRate":0.0154,"dmaRegion":null,"optimusScore":0.536,"optimusTier":"C","fy25Volume":2553,"fy25Utilization":0.88,"priority":null,"quickWins":"Repair facade damage, repaint, replace broken doors, improve entrance appearance; Clean floors, repair walls, replace broken furniture, improve lighting; Remove personal items, organize desk, update signage, clear walkways; Replace broken furniture, organize cables, improve lighting, reduce noise; D","leaseAction":null,"leaseStatus":null,"daysRemaining":null,"leaseUtilization":null,"monthlyRevenue":null,"contractFlag":null,"recommendedAction":null,"licensureNote":null,"opsNotes":null,"leaseExpiry":null,"osDate":"2025-08-28","oc01":0.85,"oc02":0.85,"oc03":0.834,"oc04":0.2,"oc05":0.85,"oc06":0.65,"oc07":0.85,"oc08":0.85,"oc09":null,"adaFlag":false,"brandingFlag":false,"criticalOptimus":false}},{"type":"Feature","geometry":{"type":"Point","coordinates":[-108.191020807129,36.748169909992]},"properties":{"id":"5040","name":"FARMINGTON","propertyType":"PSI Owned","category":"OO","address":"1307 E. 20th Street","city":"Farmington","state":"New Mexico","zip":"87401","country":"USA","geocodeSource":"census","scoreBucket":3,"scoreRaw":19,"seats":6,"cdVolume":1341,"avgMonthlyVol":111.8,"zdTicketRate":0.0947,"dispRate":0.0246,"reschdRate":0.0015,"dmaRegion":"ALBUQUERQUE - SANTA FE","optimusScore":0.662,"optimusTier":"C","fy25Volume":640,"fy25Utilization":0.583,"priority":null,"quickWins":"Repair facade damage, repaint, replace broken doors, improve entrance appearance; Clean floors, repair walls, replace broken furniture, improve lighting; Remove personal items, organize desk, update signage, clear walkways; Replace broken furniture, organize cables, improve lighting, reduce noise; D","leaseAction":null,"leaseStatus":null,"daysRemaining":null,"leaseUtilization":null,"monthlyRevenue":null,"contractFlag":null,"recommendedAction":null,"licensureNote":null,"opsNotes":null,"leaseExpiry":null,"osDate":"2025-10-03","oc01":0.75,"oc02":0.75,"oc03":0.6,"oc04":0.85,"oc05":0.85,"oc06":0.65,"oc07":0.45,"oc08":0.85,"oc09":0.75,"adaFlag":true,"brandingFlag":false,"criticalOptimus":false}},{"type":"Feature","geometry":{"type":"Point","coordinates":[-108.166316064218,36.771074019358]},"properties":{"id":"13160","name":"Farmington - San Juan College","propertyType":"PSI Authorized","category":"3P","address":"4601 College Boulevard, Information Technology Building","city":"Farmington","state":"New Mexico","zip":"87402","country":"USA","geocodeSource":"census","scoreBucket":2,"scoreRaw":16,"seats":5,"cdVolume":385,"avgMonthlyVol":32.1,"zdTicketRate":0.1584,"dispRate":0.0052,"reschdRate":0.0104,"dmaRegion":"ALBUQUERQUE - SANTA FE","leaseAction":null,"leaseStatus":null,"daysRemaining":null,"leaseUtilization":null,"monthlyRevenue":null,"contractFlag":null,"recommendedAction":null,"licensureNote":null,"opsNotes":null,"leaseExpiry":null,"criticalOptimus":false}},{"type":"Feature","geometry":{"type":"Point","coordinates":[-106.770645417708,32.31928680548]},"properties":{"id":"5003","name":"LAS CRUCES","propertyType":"PSI Owned","category":"OO","address":"1001 N. Solano, Suite D","city":"Las Cruces","state":"New Mexico","zip":"88001","country":"USA","geocodeSource":"census","scoreBucket":4,"scoreRaw":22,"seats":6,"cdVolume":5194,"avgMonthlyVol":432.8,"zdTicketRate":0.0489,"dispRate":0.0035,"reschdRate":0.0006,"dmaRegion":"EL PASO (LAS CRUCES)","optimusScore":0.694,"optimusTier":"C","fy25Volume":2898,"fy25Utilization":0.795,"priority":null,"quickWins":"Repair facade damage, repaint, replace broken doors, improve entrance appearance; Clean floors, repair walls, replace broken furniture, improve lighting; Remove personal items, organize desk, update signage, clear walkways; Replace broken furniture, organize cables, improve lighting, reduce noise; D","leaseAction":null,"leaseStatus":null,"daysRemaining":null,"leaseUtilization":null,"monthlyRevenue":null,"contractFlag":null,"recommendedAction":null,"licensureNote":null,"opsNotes":null,"leaseExpiry":null,"osDate":"2025-09-27","oc01":0.85,"oc02":0.65,"oc03":0.7,"oc04":0.85,"oc05":0.85,"oc06":0.85,"oc07":0.8,"oc08":0.85,"oc09":null,"adaFlag":false,"brandingFlag":false,"criticalOptimus":false}},{"type":"Feature","geometry":{"type":"Point","coordinates":[-104.52262538003,33.397728804254]},"properties":{"id":"5004","name":"ROSWELL","propertyType":"PSI Owned","category":"OO","address":"105 E. Fifth Street","city":"Roswell","state":"New Mexico","zip":"88201","country":"USA","geocodeSource":"census","scoreBucket":3,"scoreRaw":19,"seats":6,"cdVolume":2624,"avgMonthlyVol":218.7,"zdTicketRate":0.0507,"dispRate":0.0141,"reschdRate":0,"dmaRegion":"ALBUQUERQUE - SANTA FE","optimusScore":0.691,"optimusTier":"C","fy25Volume":1336,"fy25Utilization":0.686,"priority":null,"quickWins":"Repair facade damage, repaint, replace broken doors, improve entrance appearance; Clean floors, repair walls, replace broken furniture, improve lighting; Remove personal items, organize desk, update signage, clear walkways; Replace broken furniture, organize cables, improve lighting, reduce noise; D","leaseAction":"Renew","leaseStatus":"EXPIRED","daysRemaining":-575,"leaseUtilization":0.69,"monthlyRevenue":53703,"contractFlag":true,"recommendedAction":"MTM Oct 2024 — no landlord contact; renew or assess","licensureNote":"NM RE — appears expired; contract sent 4/7/26","opsNotes":null,"leaseExpiry":"10-30-2024","osDate":"2025-09-24","oc01":0.65,"oc02":0.75,"oc03":0.834,"oc04":0.85,"oc05":0.85,"oc06":0.65,"oc07":null,"oc08":0.85,"oc09":null,"adaFlag":false,"brandingFlag":false,"criticalOptimus":false}},{"type":"Feature","geometry":{"type":"Point","coordinates":[-106.016836536969,35.634447382412]},"properties":{"id":"5039","name":"SANTA FE","propertyType":"PSI Owned","category":"OO","address":"4001 Office Court Drive, Suite 301","city":"Santa Fe","state":"New Mexico","zip":"87507","country":"USA","geocodeSource":"census","scoreBucket":3,"scoreRaw":19,"seats":10,"cdVolume":4700,"avgMonthlyVol":391.7,"zdTicketRate":0.1026,"dispRate":0.017,"reschdRate":0.0006,"dmaRegion":"ALBUQUERQUE - SANTA FE","optimusScore":0.693,"optimusTier":"C","fy25Volume":2712,"fy25Utilization":0.719,"priority":null,"quickWins":"Repair facade damage, repaint, replace broken doors, improve entrance appearance; Clean floors, repair walls, replace broken furniture, improve lighting; Remove personal items, organize desk, update signage, clear walkways; Replace broken furniture, organize cables, improve lighting, reduce noise; D","leaseAction":null,"leaseStatus":null,"daysRemaining":null,"leaseUtilization":null,"monthlyRevenue":null,"contractFlag":null,"recommendedAction":null,"licensureNote":null,"opsNotes":null,"leaseExpiry":null,"osDate":"2025-10-14","oc01":0.75,"oc02":0.65,"oc03":0.766,"oc04":0.85,"oc05":0.75,"oc06":0.65,"oc07":0.85,"oc08":0.85,"oc09":null,"adaFlag":false,"brandingFlag":false,"criticalOptimus":false}},{"type":"Feature","geometry":{"type":"Point","coordinates":[-73.799552571166,42.717900502453]},"properties":{"id":"11704","name":"Albany - AVNA Learning Center","propertyType":"PSI Authorized","category":"3P","address":"12 Metro Park Rd. Suite 101","city":"Albany","state":"New York","zip":"12205","country":"USA","geocodeSource":"census","scoreBucket":3,"scoreRaw":19,"seats":18,"cdVolume":7431,"avgMonthlyVol":619.2,"zdTicketRate":0.0351,"dispRate":0.0022,"reschdRate":0.0013,"dmaRegion":"ALBANY - SCHENECTADY - TROY","leaseAction":null,"leaseStatus":null,"daysRemaining":null,"leaseUtilization":null,"monthlyRevenue":null,"contractFlag":null,"recommendedAction":null,"licensureNote":null,"opsNotes":null,"leaseExpiry":null,"criticalOptimus":false}},{"type":"Feature","geometry":{"type":"Point","coordinates":[-73.867804630468,42.712110923459]},"properties":{"id":"17817","name":"Albany - Sylvan Learning","propertyType":"PSI Authorized","category":"3P","address":"1A Pine West Plaza","city":"Albany","state":"New York","zip":"12205","country":"USA","geocodeSource":"census","scoreBucket":3,"scoreRaw":17,"seats":3,"cdVolume":380,"avgMonthlyVol":31.7,"zdTicketRate":0.0684,"dispRate":0,"reschdRate":0.0105,"dmaRegion":"ALBANY - SCHENECTADY - TROY","leaseAction":null,"leaseStatus":null,"daysRemaining":null,"leaseUtilization":null,"monthlyRevenue":null,"contractFlag":null,"recommendedAction":null,"licensureNote":null,"opsNotes":null,"leaseExpiry":null,"criticalOptimus":false}},{"type":"Feature","geometry":{"type":"Point","coordinates":[-73.8428567,40.8479498]},"properties":{"id":"11553","name":"BRONX","propertyType":"PSI Owned","category":"OO","address":"34 Marconi Street, Suite 210","city":"Bronx","state":"New York","zip":"10461","country":"USA","geocodeSource":"nominatim","scoreBucket":4,"scoreRaw":22,"seats":23,"cdVolume":18663,"avgMonthlyVol":1555.2,"zdTicketRate":0.0278,"dispRate":0.0009,"reschdRate":0.0018,"dmaRegion":"NEW YORK","optimusScore":0.761,"optimusTier":"B","fy25Volume":9705,"fy25Utilization":0.848,"priority":null,"quickWins":"Remove any visible clutter from the parking area.; Organize clipboards and pens to reduce clutter.; Remove unnecessary items from the reception desk.; Secure and organize exposed wires.; Reorganize scattered items to reduce clutter.; Remove any unnecessary items to reduce clutter.","leaseAction":null,"leaseStatus":null,"daysRemaining":null,"leaseUtilization":null,"monthlyRevenue":null,"contractFlag":null,"recommendedAction":null,"licensureNote":null,"opsNotes":null,"leaseExpiry":null,"osDate":"2025-08-28","oc01":0.8,"oc02":0.65,"oc03":0.834,"oc04":0.85,"oc05":0.85,"oc06":0.65,"oc07":0.85,"oc08":0.85,"oc09":0.6,"adaFlag":false,"brandingFlag":false,"criticalOptimus":false}},{"type":"Feature","geometry":{"type":"Point","coordinates":[-73.970334913684,40.644861275447]},"properties":{"id":"11555","name":"BROOKLYN","propertyType":"PSI Owned","category":"OO","address":"527 Coney Island Ave.","city":"Brooklyn","state":"New York","zip":"11218","country":"USA","geocodeSource":"census","scoreBucket":5,"scoreRaw":23,"seats":20,"cdVolume":15649,"avgMonthlyVol":1304.1,"zdTicketRate":0.0286,"dispRate":0,"reschdRate":0,"dmaRegion":"NEW YORK","optimusScore":0.608,"optimusTier":"C","fy25Volume":7058,"fy25Utilization":0.953,"priority":null,"quickWins":"Repair facade damage, repaint, replace broken doors, improve entrance appearance; Clean floors, repair walls, replace broken furniture, improve lighting; Remove personal items, organize desk, update signage, clear walkways; Replace broken furniture, organize cables, improve lighting, reduce noise; D","leaseAction":null,"leaseStatus":null,"daysRemaining":null,"leaseUtilization":null,"monthlyRevenue":null,"contractFlag":null,"recommendedAction":null,"licensureNote":null,"opsNotes":null,"leaseExpiry":null,"osDate":"2025-08-27","oc01":0.7,"oc02":0.45,"oc03":0.834,"oc04":0.75,"oc05":0.5,"oc06":0.55,"oc07":0.45,"oc08":0.55,"oc09":0.6,"adaFlag":true,"brandingFlag":true,"criticalOptimus":false}},{"type":"Feature","geometry":{"type":"Point","coordinates":[-73.944200277584,40.680900634628]},"properties":{"id":"10230","name":"Brooklyn - Kennedy Online Training Center","propertyType":"PSI Authorized","category":"3P","address":"54 Macdonough St.","city":"Brooklyn","state":"New York","zip":"11216","country":"USA","geocodeSource":"census","scoreBucket":4,"scoreRaw":20,"seats":8,"cdVolume":4372,"avgMonthlyVol":364.3,"zdTicketRate":0.051,"dispRate":0.0167,"reschdRate":0.0059,"dmaRegion":"NEW YORK","leaseAction":null,"leaseStatus":null,"daysRemaining":null,"leaseUtilization":null,"monthlyRevenue":null,"contractFlag":null,"recommendedAction":null,"licensureNote":null,"opsNotes":null,"leaseExpiry":null,"criticalOptimus":false}},{"type":"Feature","geometry":{"type":"Point","coordinates":[-78.765980809675,42.860923674828]},"properties":{"id":"12053","name":"Buffalo - Brainseed Testing Services","propertyType":"PSI Authorized","category":"3P","address":"3121 Clinton St., Suite 6, Gardenville Commercial Center","city":"Buffalo","state":"New York","zip":"14224","country":"USA","geocodeSource":"census","scoreBucket":4,"scoreRaw":21,"seats":12,"cdVolume":7618,"avgMonthlyVol":634.8,"zdTicketRate":0.0391,"dispRate":0.0033,"reschdRate":0.0001,"dmaRegion":"BUFFALO","leaseAction":null,"leaseStatus":null,"daysRemaining":null,"leaseUtilization":null,"monthlyRevenue":null,"contractFlag":null,"recommendedAction":null,"licensureNote":null,"opsNotes":null,"leaseExpiry":null,"criticalOptimus":false}},{"type":"Feature","geometry":{"type":"Point","coordinates":[-77.0745285,42.1166845]},"properties":{"id":"12032","name":"Corning - Corning Community College","propertyType":"PSI Authorized","category":"3P","address":"1 Academic Drive, Room 102 Chemung Hall (CHM 102)","city":"Corning","state":"New York","zip":"14830","country":"USA","geocodeSource":"nominatim","scoreBucket":2,"scoreRaw":15,"seats":11,"cdVolume":795,"avgMonthlyVol":66.2,"zdTicketRate":0.1195,"dispRate":0.0101,"reschdRate":0,"dmaRegion":"ELMIRA (CORNING)","leaseAction":null,"leaseStatus":null,"daysRemaining":null,"leaseUtilization":null,"monthlyRevenue":null,"contractFlag":null,"recommendedAction":null,"licensureNote":null,"opsNotes":null,"leaseExpiry":null,"criticalOptimus":false}},{"type":"Feature","geometry":{"type":"Point","coordinates":[-73.831157731088,40.761463024545]},"properties":{"id":"5412","name":"Flushing - Alliance Computing Solutions","propertyType":"PSI Authorized","category":"3P","address":"3702 Main Street, 4th Floor","city":"Flushing","state":"New York","zip":"11354","country":"USA","geocodeSource":"census","scoreBucket":4,"scoreRaw":21,"seats":11,"cdVolume":18305,"avgMonthlyVol":1525.4,"zdTicketRate":0.0201,"dispRate":0.0054,"reschdRate":0.0036,"dmaRegion":"NEW YORK","leaseAction":null,"leaseStatus":null,"daysRemaining":null,"leaseUtilization":null,"monthlyRevenue":null,"contractFlag":null,"recommendedAction":null,"licensureNote":null,"opsNotes":null,"leaseExpiry":null,"criticalOptimus":false}},{"type":"Feature","geometry":{"type":"Point","coordinates":[-73.8499523,40.7265665]},"properties":{"id":"11562","name":"Forest Hills - Brainseed Testing Center - Queens Room A","propertyType":"PSI Authorized","category":"3P","address":"102-50 67th Drive, Unit C-1","city":"Forest Hills","state":"New York","zip":"11375","country":"USA","geocodeSource":"census","scoreBucket":5,"scoreRaw":24,"seats":12,"cdVolume":14282,"avgMonthlyVol":1190.2,"zdTicketRate":0.0193,"dispRate":0.0004,"reschdRate":0.0004,"dmaRegion":"NEW YORK","leaseAction":null,"leaseStatus":null,"daysRemaining":null,"leaseUtilization":null,"monthlyRevenue":null,"contractFlag":null,"recommendedAction":null,"licensureNote":null,"opsNotes":null,"leaseExpiry":null,"criticalOptimus":false}},{"type":"Feature","geometry":{"type":"Point","coordinates":[-73.8503273,40.726783]},"properties":{"id":"11563","name":"Forest Hills - Brainseed Testing Center - Queens Room B","propertyType":"PSI Authorized","category":"3P","address":"102-50 67th Drive, Unit 1","city":"Forest Hills","state":"New York","zip":"11375","country":"USA","geocodeSource":"census","scoreBucket":5,"scoreRaw":23,"seats":12,"cdVolume":5167,"avgMonthlyVol":430.6,"zdTicketRate":0.024,"dispRate":0,"reschdRate":0.0033,"dmaRegion":"NEW YORK","leaseAction":null,"leaseStatus":null,"daysRemaining":null,"leaseUtilization":null,"monthlyRevenue":null,"contractFlag":null,"recommendedAction":null,"licensureNote":null,"opsNotes":null,"leaseExpiry":null,"criticalOptimus":false}},{"type":"Feature","geometry":{"type":"Point","coordinates":[-73.8503273,40.72635]},"properties":{"id":"12551","name":"Queens, NY - Brainseed Testing Center (SfE)","propertyType":"PSI Authorized","category":"3P","address":"102-50 67th Drive, Unit C-1","city":"Forest Hills","state":"New York","zip":"11375","country":"USA","geocodeSource":"census","scoreBucket":3,"scoreRaw":18,"seats":12,"cdVolume":66,"avgMonthlyVol":5.5,"zdTicketRate":0.0909,"dispRate":0,"reschdRate":0,"dmaRegion":"NEW YORK","leaseAction":null,"leaseStatus":null,"daysRemaining":null,"leaseUtilization":null,"monthlyRevenue":null,"contractFlag":null,"recommendedAction":null,"licensureNote":null,"opsNotes":null,"leaseExpiry":null,"criticalOptimus":false}},{"type":"Feature","geometry":{"type":"Point","coordinates":[-73.618901153312,40.70781454525]},"properties":{"id":"9131","name":"Hempstead - Cambridge Business Institute","propertyType":"PSI Authorized","category":"3P","address":"50 Clinton St., Suite 303","city":"Hempstead","state":"New York","zip":"11550","country":"USA","geocodeSource":"census","scoreBucket":3,"scoreRaw":17,"seats":18,"cdVolume":5625,"avgMonthlyVol":468.8,"zdTicketRate":0.0576,"dispRate":0.0032,"reschdRate":0.0018,"dmaRegion":"NEW YORK","leaseAction":null,"leaseStatus":null,"daysRemaining":null,"leaseUtilization":null,"monthlyRevenue":null,"contractFlag":null,"recommendedAction":null,"licensureNote":null,"opsNotes":null,"leaseExpiry":null,"criticalOptimus":false}},{"type":"Feature","geometry":{"type":"Point","coordinates":[-73.529112641134,40.761548510544]},"properties":{"id":"11602","name":"Hicksville - HRB","propertyType":"PSI Authorized","category":"3P","address":"204 W. Old Country Road","city":"Hicksville","state":"New York","zip":"11801","country":"USA","geocodeSource":"census","scoreBucket":2,"scoreRaw":13,"seats":4,"cdVolume":1830,"avgMonthlyVol":152.5,"zdTicketRate":0.0656,"dispRate":0.0251,"reschdRate":0.0175,"dmaRegion":"NEW YORK","leaseAction":null,"leaseStatus":null,"daysRemaining":null,"leaseUtilization":null,"monthlyRevenue":null,"contractFlag":null,"recommendedAction":null,"licensureNote":null,"opsNotes":null,"leaseExpiry":null,"criticalOptimus":false}},{"type":"Feature","geometry":{"type":"Point","coordinates":[-75.965060542527,42.129579599364]},"properties":{"id":"12054","name":"Binghamton - AVNA Learning Center","propertyType":"PSI Authorized","category":"3P","address":"520 Columbia Drive, Suite 101","city":"Johnson City","state":"New York","zip":"13790","country":"USA","geocodeSource":"census","scoreBucket":3,"scoreRaw":18,"seats":23,"cdVolume":2349,"avgMonthlyVol":195.8,"zdTicketRate":0.0515,"dispRate":0.0009,"reschdRate":0.0132,"dmaRegion":"BINGHAMTON","leaseAction":null,"leaseStatus":null,"daysRemaining":null,"leaseUtilization":null,"monthlyRevenue":null,"contractFlag":null,"recommendedAction":null,"licensureNote":null,"opsNotes":null,"leaseExpiry":null,"criticalOptimus":false}},{"type":"Feature","geometry":{"type":"Point","coordinates":[-73.415706242039,40.792588595313]},"properties":{"id":"12253","name":"Long Island - AVNA Learning Center","propertyType":"PSI Authorized","category":"3P","address":"20 Broad Hollow Road, Suite LL10","city":"Long Island","state":"New York","zip":"11747","country":"USA","geocodeSource":"census","scoreBucket":5,"scoreRaw":23,"seats":32,"cdVolume":14117,"avgMonthlyVol":1176.4,"zdTicketRate":0.0356,"dispRate":0.0091,"reschdRate":0.0026,"dmaRegion":"NEW YORK","leaseAction":null,"leaseStatus":null,"daysRemaining":null,"leaseUtilization":null,"monthlyRevenue":null,"contractFlag":null,"recommendedAction":null,"licensureNote":null,"opsNotes":null,"leaseExpiry":null,"criticalOptimus":false}},{"type":"Feature","geometry":{"type":"Point","coordinates":[-73.992016659178,40.754296668578]},"properties":{"id":"5943","name":"New York - Alliance Computing Solutions","propertyType":"PSI Authorized","category":"3P","address":"545 Eighth Ave, Suite 1210, Btw. 37/38 St","city":"New York","state":"New York","zip":"10018","country":"USA","geocodeSource":"census","scoreBucket":4,"scoreRaw":22,"seats":11,"cdVolume":18274,"avgMonthlyVol":1522.8,"zdTicketRate":0.0235,"dispRate":0.0008,"reschdRate":0.0009,"dmaRegion":"NEW YORK","leaseAction":null,"leaseStatus":null,"daysRemaining":null,"leaseUtilization":null,"monthlyRevenue":null,"contractFlag":null,"recommendedAction":null,"licensureNote":null,"opsNotes":null,"leaseExpiry":null,"criticalOptimus":false}},{"type":"Feature","geometry":{"type":"Point","coordinates":[-73.9876134,40.7549068]},"properties":{"id":"11564","name":"New York - Brainseed Testing Center - Times Square - Room A","propertyType":"PSI Authorized","category":"3P","address":"566 7th Ave, Suite 703","city":"New York","state":"New York","zip":"10018","country":"USA","geocodeSource":"census","scoreBucket":5,"scoreRaw":23,"seats":13,"cdVolume":6420,"avgMonthlyVol":535,"zdTicketRate":0.0372,"dispRate":0,"reschdRate":0.0017,"dmaRegion":"NEW YORK","leaseAction":null,"leaseStatus":null,"daysRemaining":null,"leaseUtilization":null,"monthlyRevenue":null,"contractFlag":null,"recommendedAction":null,"licensureNote":null,"opsNotes":null,"leaseExpiry":null,"criticalOptimus":false}},{"type":"Feature","geometry":{"type":"Point","coordinates":[-73.9881134,40.7549068]},"properties":{"id":"10437","name":"New York - Brainseed Testing Center - Times Square - Room B","propertyType":"PSI Authorized","category":"3P","address":"566 7th Ave, Suite 703","city":"New York","state":"New York","zip":"10018","country":"USA","geocodeSource":"census","scoreBucket":4,"scoreRaw":20,"seats":25,"cdVolume":3217,"avgMonthlyVol":268.1,"zdTicketRate":0.0448,"dispRate":0,"reschdRate":0.0031,"dmaRegion":"NEW YORK","leaseAction":null,"leaseStatus":null,"daysRemaining":null,"leaseUtilization":null,"monthlyRevenue":null,"contractFlag":null,"recommendedAction":null,"licensureNote":null,"opsNotes":null,"leaseExpiry":null,"criticalOptimus":false}},{"type":"Feature","geometry":{"type":"Point","coordinates":[-73.978827716305,40.721780181829]},"properties":{"id":"11601","name":"New York - HRB","propertyType":"PSI Authorized","category":"3P","address":"355 East 4th St., Ste 102","city":"New York","state":"New York","zip":"10009","country":"USA","geocodeSource":"census","scoreBucket":3,"scoreRaw":18,"seats":5,"cdVolume":1547,"avgMonthlyVol":128.9,"zdTicketRate":0.0633,"dispRate":0.0052,"reschdRate":0.0233,"dmaRegion":"NEW YORK","leaseAction":null,"leaseStatus":null,"daysRemaining":null,"leaseUtilization":null,"monthlyRevenue":null,"contractFlag":null,"recommendedAction":null,"licensureNote":null,"opsNotes":null,"leaseExpiry":null,"criticalOptimus":false}},{"type":"Feature","geometry":{"type":"Point","coordinates":[-74.009637120277,40.704771601283]},"properties":{"id":"11936","name":"New York City - AVNA Learning Center - Downtown","propertyType":"PSI Authorized","category":"3P","address":"11 Hanover Square, Suite 600","city":"New York","state":"New York","zip":"10005","country":"USA","geocodeSource":"census","scoreBucket":4,"scoreRaw":22,"seats":40,"cdVolume":10159,"avgMonthlyVol":846.6,"zdTicketRate":0.0472,"dispRate":0.0136,"reschdRate":0.0044,"dmaRegion":"NEW YORK","leaseAction":null,"leaseStatus":null,"daysRemaining":null,"leaseUtilization":null,"monthlyRevenue":null,"contractFlag":null,"recommendedAction":null,"licensureNote":null,"opsNotes":null,"leaseExpiry":null,"criticalOptimus":false}},{"type":"Feature","geometry":{"type":"Point","coordinates":[-73.940573097237,40.798244804294]},"properties":{"id":"12375","name":"New York City Uptown - AVNA Learning Center","propertyType":"PSI Authorized","category":"3P","address":"179 East 116th Street, Suite LL-1","city":"New York","state":"New York","zip":"10029","country":"USA","geocodeSource":"census","scoreBucket":3,"scoreRaw":19,"seats":30,"cdVolume":9505,"avgMonthlyVol":792.1,"zdTicketRate":0.0291,"dispRate":0.0047,"reschdRate":0.0095,"dmaRegion":"NEW YORK","leaseAction":null,"leaseStatus":null,"daysRemaining":null,"leaseUtilization":null,"monthlyRevenue":null,"contractFlag":null,"recommendedAction":null,"licensureNote":null,"opsNotes":null,"leaseExpiry":null,"criticalOptimus":false}},{"type":"Feature","geometry":{"type":"Point","coordinates":[-73.931810357145,41.69166577524]},"properties":{"id":"10658","name":"Poughkeepsie - Brainseed Testing Services","propertyType":"PSI Authorized","category":"3P","address":"201 South Avenue, Suite 501","city":"Poughkeepsie","state":"New York","zip":"12601","country":"USA","geocodeSource":"census","scoreBucket":4,"scoreRaw":21,"seats":12,"cdVolume":6491,"avgMonthlyVol":540.9,"zdTicketRate":0.0319,"dispRate":0.0059,"reschdRate":0,"dmaRegion":"NEW YORK","leaseAction":null,"leaseStatus":null,"daysRemaining":null,"leaseUtilization":null,"monthlyRevenue":null,"contractFlag":null,"recommendedAction":null,"licensureNote":null,"opsNotes":null,"leaseExpiry":null,"criticalOptimus":false}},{"type":"Feature","geometry":{"type":"Point","coordinates":[-77.538734869487,43.103291013595]},"properties":{"id":"13005","name":"Rochester - S and S Testing Inc.","propertyType":"PSI Authorized","category":"3P","address":"Sylvan Pittsford Center, 3300 Monroe Ave","city":"Rochester","state":"New York","zip":"14618","country":"USA","geocodeSource":"census","scoreBucket":4,"scoreRaw":22,"seats":8,"cdVolume":3962,"avgMonthlyVol":330.2,"zdTicketRate":0.0399,"dispRate":0.0015,"reschdRate":0.0045,"dmaRegion":"ROCHESTER, NY","leaseAction":null,"leaseStatus":null,"daysRemaining":null,"leaseUtilization":null,"monthlyRevenue":null,"contractFlag":null,"recommendedAction":null,"licensureNote":null,"opsNotes":null,"leaseExpiry":null,"criticalOptimus":false}},{"type":"Feature","geometry":{"type":"Point","coordinates":[-74.1628285,40.6010933]},"properties":{"id":"11560","name":"Staten Island - Brainseed Testing Center - Room A","propertyType":"PSI Authorized","category":"3P","address":"1911 Richmond Ave, Suite 130","city":"Staten Island","state":"New York","zip":"10314","country":"USA","geocodeSource":"census","scoreBucket":4,"scoreRaw":22,"seats":13,"cdVolume":6131,"avgMonthlyVol":510.9,"zdTicketRate":0.0584,"dispRate":0.0054,"reschdRate":0.0003,"dmaRegion":"NEW YORK","leaseAction":null,"leaseStatus":null,"daysRemaining":null,"leaseUtilization":null,"monthlyRevenue":null,"contractFlag":null,"recommendedAction":null,"licensureNote":null,"opsNotes":null,"leaseExpiry":null,"criticalOptimus":false}},{"type":"Feature","geometry":{"type":"Point","coordinates":[-74.1633285,40.6010933]},"properties":{"id":"11561","name":"Staten Island - Brainseed Testing Center - Room B","propertyType":"PSI Authorized","category":"3P","address":"1911 Richmond Ave, Suite 130","city":"Staten Island","state":"New York","zip":"10314","country":"USA","geocodeSource":"census","scoreBucket":4,"scoreRaw":20,"seats":12,"cdVolume":2808,"avgMonthlyVol":234,"zdTicketRate":0.0524,"dispRate":0.0028,"reschdRate":0.0018,"dmaRegion":"NEW YORK","leaseAction":null,"leaseStatus":null,"daysRemaining":null,"leaseUtilization":null,"monthlyRevenue":null,"contractFlag":null,"recommendedAction":null,"licensureNote":null,"opsNotes":null,"leaseExpiry":null,"criticalOptimus":false}},{"type":"Feature","geometry":{"type":"Point","coordinates":[-76.107989871191,43.083402634639]},"properties":{"id":"5947","name":"Syracuse - Professional Career Center","propertyType":"PSI Authorized","category":"3P","address":"6443 Ridings Road, Suite 108","city":"Syracuse","state":"New York","zip":"13206","country":"USA","geocodeSource":"census","scoreBucket":3,"scoreRaw":19,"seats":14,"cdVolume":5357,"avgMonthlyVol":446.4,"zdTicketRate":0.0547,"dispRate":0.0037,"reschdRate":0,"dmaRegion":"SYRACUSE","leaseAction":null,"leaseStatus":null,"daysRemaining":null,"leaseUtilization":null,"monthlyRevenue":null,"contractFlag":null,"recommendedAction":null,"licensureNote":null,"opsNotes":null,"leaseExpiry":null,"criticalOptimus":false}},{"type":"Feature","geometry":{"type":"Point","coordinates":[-75.910928218057,43.974395785789]},"properties":{"id":"13255","name":"Watertown - Fort Drum Regional Health Planning Organization","propertyType":"PSI Authorized","category":"3P","address":"120 Washington Street, Suite 230","city":"Watertown","state":"New York","zip":"13601","country":"USA","geocodeSource":"census","scoreBucket":3,"scoreRaw":18,"seats":6,"cdVolume":899,"avgMonthlyVol":74.9,"zdTicketRate":0.079,"dispRate":0.0022,"reschdRate":0,"dmaRegion":"WATERTOWN","leaseAction":null,"leaseStatus":null,"daysRemaining":null,"leaseUtilization":null,"monthlyRevenue":null,"contractFlag":null,"recommendedAction":null,"licensureNote":null,"opsNotes":null,"leaseExpiry":null,"criticalOptimus":false}},{"type":"Feature","geometry":{"type":"Point","coordinates":[-73.587722131457,40.760474467329]},"properties":{"id":"13174","name":"Westbury - HTC Testing Center","propertyType":"PSI Authorized","category":"3P","address":"320 Post Ave., Suite 102","city":"Westbury","state":"New York","zip":"11590","country":"USA","geocodeSource":"census","scoreBucket":4,"scoreRaw":22,"seats":33,"cdVolume":6974,"avgMonthlyVol":581.2,"zdTicketRate":0.0231,"dispRate":0,"reschdRate":0.0067,"dmaRegion":"NEW YORK","leaseAction":null,"leaseStatus":null,"daysRemaining":null,"leaseUtilization":null,"monthlyRevenue":null,"contractFlag":null,"recommendedAction":null,"licensureNote":null,"opsNotes":null,"leaseExpiry":null,"criticalOptimus":false}},{"type":"Feature","geometry":{"type":"Point","coordinates":[-73.781212977266,41.037543584193]},"properties":{"id":"19042","name":"White Plains - AVNA Learning Center","propertyType":"PSI Authorized","category":"3P","address":"77 Tarrytown Road, Suite 1W","city":"White Plains","state":"New York","zip":"10607","country":"USA","geocodeSource":"census","scoreBucket":4,"scoreRaw":20,"seats":30,"cdVolume":3118,"avgMonthlyVol":346.4,"zdTicketRate":0,"dispRate":0.0071,"reschdRate":0,"dmaRegion":null,"leaseAction":null,"leaseStatus":null,"daysRemaining":null,"leaseUtilization":null,"monthlyRevenue":null,"contractFlag":null,"recommendedAction":null,"licensureNote":null,"opsNotes":null,"leaseExpiry":null,"criticalOptimus":false}},{"type":"Feature","geometry":{"type":"Point","coordinates":[-75.290719995823,43.116781143547]},"properties":{"id":"11685","name":"Whitesboro - HRB","propertyType":"PSI Authorized","category":"3P","address":"34 Oriskany Blvd.","city":"Whitesboro","state":"New York","zip":"13492","country":"USA","geocodeSource":"census","scoreBucket":3,"scoreRaw":18,"seats":3,"cdVolume":1150,"avgMonthlyVol":95.8,"zdTicketRate":0.0835,"dispRate":0,"reschdRate":0,"dmaRegion":"UTICA","leaseAction":null,"leaseStatus":null,"daysRemaining":null,"leaseUtilization":null,"monthlyRevenue":null,"contractFlag":null,"recommendedAction":null,"licensureNote":null,"opsNotes":null,"leaseExpiry":null,"criticalOptimus":false}},{"type":"Feature","geometry":{"type":"Point","coordinates":[-82.602284288993,35.585164933288]},"properties":{"id":"34","name":"ASHEVILLE","propertyType":"PSI Owned","category":"OO","address":"1306-C Patton Avenue","city":"Asheville","state":"North Carolina","zip":"28806","country":"USA","geocodeSource":"census","scoreBucket":3,"scoreRaw":17,"seats":8,"cdVolume":4635,"avgMonthlyVol":386.2,"zdTicketRate":0.241,"dispRate":0.019,"reschdRate":0.0119,"dmaRegion":"GREENVLL - SPART - ASHEVLL - AND","fy25Utilization":null,"fy25Volume":null,"optimusTier":null,"optimusScore":null,"quickWins":null,"priority":null,"leaseAction":"Renew","leaseStatus":"EXPIRED","daysRemaining":-28,"leaseUtilization":null,"monthlyRevenue":97605,"contractFlag":false,"recommendedAction":"Landlord waiting on renewal response — urgent","licensureNote":"No contract data","opsNotes":null,"leaseExpiry":"04-30-2026","osDate":null,"oc01":null,"oc02":null,"oc03":null,"oc04":null,"oc05":null,"oc06":null,"oc07":null,"oc08":null,"oc09":null,"brandingFlag":false,"adaFlag":false,"criticalOptimus":false}},{"type":"Feature","geometry":{"type":"Point","coordinates":[-78.802690829196,35.817723927706]},"properties":{"id":"5423","name":"Cary - NC Elite Career Service Center LLC","propertyType":"PSI Authorized","category":"3P","address":"132 Quade Dr","city":"Cary","state":"North Carolina","zip":"27513","country":"USA","geocodeSource":"census","scoreBucket":3,"scoreRaw":19,"seats":20,"cdVolume":2504,"avgMonthlyVol":208.7,"zdTicketRate":0.0391,"dispRate":0.0008,"reschdRate":0.004,"dmaRegion":"RALEIGH - DURHAM (FAYETVLLE)","leaseAction":null,"leaseStatus":null,"daysRemaining":null,"leaseUtilization":null,"monthlyRevenue":null,"contractFlag":null,"recommendedAction":null,"licensureNote":null,"opsNotes":null,"leaseExpiry":null,"criticalOptimus":false}},{"type":"Feature","geometry":{"type":"Point","coordinates":[-80.74994581779,35.307761432465]},"properties":{"id":"9083","name":"Charlotte - BCY Testing Solution","propertyType":"PSI Authorized","category":"3P","address":"8801 J.M. Keynes Drive, Suite 150","city":"Charlotte","state":"North Carolina","zip":"28262","country":"USA","geocodeSource":"census","scoreBucket":4,"scoreRaw":22,"seats":10,"cdVolume":5503,"avgMonthlyVol":458.6,"zdTicketRate":0.0303,"dispRate":0.0004,"reschdRate":0.0018,"dmaRegion":"CHARLOTTE","leaseAction":null,"leaseStatus":null,"daysRemaining":null,"leaseUtilization":null,"monthlyRevenue":null,"contractFlag":null,"recommendedAction":null,"licensureNote":null,"opsNotes":null,"leaseExpiry":null,"criticalOptimus":false}},{"type":"Feature","geometry":{"type":"Point","coordinates":[-80.798623255676,35.277096457965]},"properties":{"id":"9085","name":"Charlotte - NC Elite Career Center","propertyType":"PSI Authorized","category":"3P","address":"5108 Reagan Dr. Suite 12","city":"Charlotte","state":"North Carolina","zip":"28206","country":"USA","geocodeSource":"census","scoreBucket":4,"scoreRaw":20,"seats":15,"cdVolume":1495,"avgMonthlyVol":124.6,"zdTicketRate":0.0876,"dispRate":0.006,"reschdRate":0.0054,"dmaRegion":"CHARLOTTE","leaseAction":null,"leaseStatus":null,"daysRemaining":null,"leaseUtilization":null,"monthlyRevenue":null,"contractFlag":null,"recommendedAction":null,"licensureNote":null,"opsNotes":null,"leaseExpiry":null,"criticalOptimus":false}},{"type":"Feature","geometry":{"type":"Point","coordinates":[-80.888275254277,35.159511990918]},"properties":{"id":"5002","name":"CHARLOTTE - TYVOLA EXECUTIVE PARK","propertyType":"PSI Owned","category":"OO","address":"5701 Westpark Drive, Suite 101","city":"Charlotte","state":"North Carolina","zip":"28217","country":"USA","geocodeSource":"census","scoreBucket":4,"scoreRaw":22,"seats":25,"cdVolume":15214,"avgMonthlyVol":1267.8,"zdTicketRate":0.0327,"dispRate":0.0128,"reschdRate":0.0009,"dmaRegion":"CHARLOTTE","optimusScore":0.717,"optimusTier":"B","fy25Volume":8059,"fy25Utilization":0.713,"priority":null,"quickWins":"Organize items on the reception desk to reduce clutter.; Remove clutter from tables and window sills.","leaseAction":"Renew","leaseStatus":"Expiring 2026","daysRemaining":217,"leaseUtilization":0.71,"monthlyRevenue":338908,"contractFlag":false,"recommendedAction":"71.3% util; add evening hours before seat discussion","licensureNote":"No contract data","opsNotes":null,"leaseExpiry":"12-31-2026","osDate":"2025-08-22","oc01":0.93,"oc02":0.75,"oc03":0.8,"oc04":0.75,"oc05":0.85,"oc06":0.85,"oc07":0.85,"oc08":0.85,"oc09":null,"adaFlag":false,"brandingFlag":false,"criticalOptimus":false}},{"type":"Feature","geometry":{"type":"Point","coordinates":[-78.943774092311,35.078997627006]},"properties":{"id":"35","name":"FAYETTEVILLE","propertyType":"PSI Owned","category":"OO","address":"3724 Sycamore Dairy Rd., Ste 128, Arbor Alley Bldg","city":"Fayetteville","state":"North Carolina","zip":"28303","country":"USA","geocodeSource":"census","scoreBucket":4,"scoreRaw":21,"seats":17,"cdVolume":5061,"avgMonthlyVol":421.8,"zdTicketRate":0.0682,"dispRate":0.0085,"reschdRate":0.0002,"dmaRegion":"RALEIGH - DURHAM (FAYETVLLE)","optimusScore":0.623,"optimusTier":"C","fy25Volume":2505,"fy25Utilization":0.663,"priority":null,"quickWins":"Repair facade damage, repaint, replace broken doors, improve entrance appearance; Clean floors, repair walls, replace broken furniture, improve lighting; Remove personal items, organize desk, update signage, clear walkways; Replace broken furniture, organize cables, improve lighting, reduce noise; D","leaseAction":"Renew","leaseStatus":"< 180 days","daysRemaining":125,"leaseUtilization":0.66,"monthlyRevenue":91127,"contractFlag":false,"recommendedAction":"66.3% util, 4-day only (no Fri/Sat) — expand schedule","licensureNote":"No contract data","opsNotes":null,"leaseExpiry":"09-30-2026","osDate":"2025-09-22","oc01":0.85,"oc02":0.6,"oc03":0.8,"oc04":0.65,"oc05":0.65,"oc06":0.65,"oc07":0.75,"oc08":0.85,"oc09":null,"adaFlag":false,"brandingFlag":false,"criticalOptimus":false}},{"type":"Feature","geometry":{"type":"Point","coordinates":[-79.825747246164,36.108784715528]},"properties":{"id":"9157","name":"Greensboro - BCY Testing Solution","propertyType":"PSI Authorized","category":"3P","address":"2311 W Cone Blvd, Suite 225","city":"Greensboro","state":"North Carolina","zip":"27408","country":"USA","geocodeSource":"census","scoreBucket":4,"scoreRaw":22,"seats":10,"cdVolume":4676,"avgMonthlyVol":389.7,"zdTicketRate":0.0428,"dispRate":0.0017,"reschdRate":0.0004,"dmaRegion":"GREENSBORO - H. POINT - W. SALEM","leaseAction":null,"leaseStatus":null,"daysRemaining":null,"leaseUtilization":null,"monthlyRevenue":null,"contractFlag":null,"recommendedAction":null,"licensureNote":null,"opsNotes":null,"leaseExpiry":null,"criticalOptimus":false}},{"type":"Feature","geometry":{"type":"Point","coordinates":[-77.359990947579,35.582400724136]},"properties":{"id":"32","name":"GREENVILLE","propertyType":"PSI Owned","category":"OO","address":"2404 South Charles Blvd, Suite B","city":"Greenville","state":"North Carolina","zip":"27858","country":"USA","geocodeSource":"census","scoreBucket":3,"scoreRaw":18,"seats":6,"cdVolume":4176,"avgMonthlyVol":348,"zdTicketRate":0.074,"dispRate":0.0163,"reschdRate":0.0002,"dmaRegion":"GREENVILLE - N. BERN - WASHNGTN","optimusScore":0.534,"optimusTier":"C","fy25Volume":2058,"fy25Utilization":0.682,"priority":"N","quickWins":"Repair facade damage, repaint, replace broken doors, improve entrance appearance; Clean floors, repair walls, replace broken furniture, improve lighting; Remove personal items, organize desk, update signage, clear walkways; Replace broken furniture, organize cables, improve lighting, reduce noise; D","leaseAction":"Relocate","leaseStatus":"EXPIRED","daysRemaining":-1762,"leaseUtilization":0.68,"monthlyRevenue":96631,"contractFlag":false,"recommendedAction":"No ADA room, small waiting room — relo needed","licensureNote":"No contract data","opsNotes":null,"leaseExpiry":"07-31-2021","osDate":"2025-09-25","oc01":0.85,"oc02":0.6,"oc03":0.4,"oc04":0.85,"oc05":0.75,"oc06":null,"oc07":0.65,"oc08":0.85,"oc09":null,"adaFlag":true,"brandingFlag":false,"criticalOptimus":false}},{"type":"Feature","geometry":{"type":"Point","coordinates":[-79.003065913514,34.666982718199]},"properties":{"id":"17224","name":"Lumberton - Robeson Community College","propertyType":"PSI Authorized","category":"3P","address":"5160 Fayetteville Road, Room 1412-B","city":"Lumberton","state":"North Carolina","zip":"28360","country":"USA","geocodeSource":"census","scoreBucket":2,"scoreRaw":14,"seats":6,"cdVolume":175,"avgMonthlyVol":14.6,"zdTicketRate":0.4114,"dispRate":0.0171,"reschdRate":0.0171,"dmaRegion":"MYRTLE BEACH - FLORENCE","leaseAction":null,"leaseStatus":null,"daysRemaining":null,"leaseUtilization":null,"monthlyRevenue":null,"contractFlag":null,"recommendedAction":null,"licensureNote":null,"opsNotes":null,"leaseExpiry":null,"criticalOptimus":false}},{"type":"Feature","geometry":{"type":"Point","coordinates":[-77.10129007355,35.11044170856]},"properties":{"id":"12016","name":"New Bern - Craven Community College","propertyType":"PSI Authorized","category":"3P","address":"800 College Court, Barker Hall Room 200A","city":"New Bern","state":"North Carolina","zip":"28562","country":"USA","geocodeSource":"census","scoreBucket":2,"scoreRaw":15,"seats":27,"cdVolume":757,"avgMonthlyVol":63.1,"zdTicketRate":0.1519,"dispRate":0.0277,"reschdRate":0.0119,"dmaRegion":"GREENVILLE - N. BERN - WASHNGTN","leaseAction":null,"leaseStatus":null,"daysRemaining":null,"leaseUtilization":null,"monthlyRevenue":null,"contractFlag":null,"recommendedAction":null,"licensureNote":null,"opsNotes":null,"leaseExpiry":null,"criticalOptimus":false}},{"type":"Feature","geometry":{"type":"Point","coordinates":[-78.639527977951,35.85906995413]},"properties":{"id":"29","name":"RALEIGH","propertyType":"PSI Owned","category":"OO","address":"5711 Six Forks Road, Suite 208","city":"Raleigh","state":"North Carolina","zip":"27609","country":"USA","geocodeSource":"census","scoreBucket":4,"scoreRaw":21,"seats":17,"cdVolume":11518,"avgMonthlyVol":959.8,"zdTicketRate":0.06,"dispRate":0.0197,"reschdRate":0.0001,"dmaRegion":"RALEIGH - DURHAM (FAYETVLLE)","optimusScore":0.677,"optimusTier":"C","fy25Volume":5731,"fy25Utilization":0.7,"priority":null,"quickWins":"Repair facade damage, repaint, replace broken doors, improve entrance appearance; Clean floors, repair walls, replace broken furniture, improve lighting; Remove personal items, organize desk, update signage, clear walkways; Replace broken furniture, organize cables, improve lighting, reduce noise; D","leaseAction":null,"leaseStatus":null,"daysRemaining":null,"leaseUtilization":null,"monthlyRevenue":null,"contractFlag":null,"recommendedAction":null,"licensureNote":null,"opsNotes":null,"leaseExpiry":null,"osDate":"2025-09-23","oc01":0.85,"oc02":0.75,"oc03":0.634,"oc04":0.8,"oc05":0.85,"oc06":0.65,"oc07":0.65,"oc08":0.8,"oc09":0.75,"adaFlag":true,"brandingFlag":false,"criticalOptimus":false}},{"type":"Feature","geometry":{"type":"Point","coordinates":[-77.85531609219,34.253227343455]},"properties":{"id":"33","name":"WILMINGTON","propertyType":"PSI Owned","category":"OO","address":"311 Judges Road, Suite 8D","city":"Wilmington","state":"North Carolina","zip":"28405","country":"USA","geocodeSource":"census","scoreBucket":4,"scoreRaw":20,"seats":8,"cdVolume":4626,"avgMonthlyVol":385.5,"zdTicketRate":0.0538,"dispRate":0.0184,"reschdRate":0.0028,"dmaRegion":"WILMINGTON","optimusScore":0.584,"optimusTier":"C","fy25Volume":2321,"fy25Utilization":0.686,"priority":"Y","quickWins":"Repair facade damage, repaint, replace broken doors, improve entrance appearance; Clean floors, repair walls, replace broken furniture, improve lighting; Remove personal items, organize desk, update signage, clear walkways; Replace broken furniture, organize cables, improve lighting, reduce noise; D","leaseAction":"Relocate","leaseStatus":"EXPIRED","daysRemaining":-301,"leaseUtilization":0.69,"monthlyRevenue":106313,"contractFlag":false,"recommendedAction":"No ADA, A/C issues — relo needed; 1-yr renewal bridge","licensureNote":"No contract data","opsNotes":"#1 Priority East","leaseExpiry":"07-31-2025","osDate":"2025-09-25","oc01":0.85,"oc02":0.6,"oc03":0.7,"oc04":0.65,"oc05":0.65,"oc06":null,"oc07":0.85,"oc08":0.95,"oc09":null,"adaFlag":false,"brandingFlag":false,"criticalOptimus":false}},{"type":"Feature","geometry":{"type":"Point","coordinates":[-80.314730133492,36.069764170688]},"properties":{"id":"31","name":"WINSTON-SALEM","propertyType":"PSI Owned","category":"OO","address":"1540 Westbrook Plaza Dr., Suite 103","city":"Winston-Salem","state":"North Carolina","zip":"27103","country":"USA","geocodeSource":"census","scoreBucket":5,"scoreRaw":23,"seats":8,"cdVolume":6001,"avgMonthlyVol":500.1,"zdTicketRate":0.0497,"dispRate":0.0035,"reschdRate":0.0013,"dmaRegion":"GREENSBORO - H. POINT - W. SALEM","optimusScore":0.661,"optimusTier":"C","fy25Volume":3014,"fy25Utilization":0.719,"priority":null,"quickWins":"Repair facade damage, repaint, replace broken doors, improve entrance appearance; Clean floors, repair walls, replace broken furniture, improve lighting; Remove personal items, organize desk, update signage, clear walkways; Replace broken furniture, organize cables, improve lighting, reduce noise; D","leaseAction":"Renew","leaseStatus":"< 90 days","daysRemaining":64,"leaseUtilization":0.72,"monthlyRevenue":144379,"contractFlag":false,"recommendedAction":"71.9% util, full schedule; consider evening hours","licensureNote":"No contract data","opsNotes":null,"leaseExpiry":"07-31-2026","osDate":"2025-09-27","oc01":0.75,"oc02":0.75,"oc03":0.7,"oc04":0.8,"oc05":0.85,"oc06":0.65,"oc07":0.65,"oc08":0.85,"oc09":null,"adaFlag":true,"brandingFlag":false,"criticalOptimus":false}},{"type":"Feature","geometry":{"type":"Point","coordinates":[-100.787744892354,46.805715321998]},"properties":{"id":"6723","name":"BISMARCK","propertyType":"PSI Owned","category":"OO","address":"120 N. 3rd Street,  Suite 75","city":"Bismarck","state":"North Dakota","zip":"58501","country":"USA","geocodeSource":"census","scoreBucket":2,"scoreRaw":16,"seats":11,"cdVolume":1127,"avgMonthlyVol":93.9,"zdTicketRate":0.1189,"dispRate":0.0169,"reschdRate":0.0115,"dmaRegion":"MINOT - BISMARCK - DICKINSON","optimusScore":0.736,"optimusTier":"B","fy25Volume":501,"fy25Utilization":0.404,"priority":null,"quickWins":"Organize PSI bags to reduce clutter.; Secure and organize exposed wires to improve safety.","leaseAction":null,"leaseStatus":null,"daysRemaining":null,"leaseUtilization":null,"monthlyRevenue":null,"contractFlag":null,"recommendedAction":null,"licensureNote":null,"opsNotes":null,"leaseExpiry":null,"osDate":"2025-09-23","oc01":0.75,"oc02":0.85,"oc03":0.8,"oc04":0.85,"oc05":0.9,"oc06":0.8,"oc07":0.65,"oc08":0.85,"oc09":null,"adaFlag":true,"brandingFlag":false,"criticalOptimus":false}},{"type":"Feature","geometry":{"type":"Point","coordinates":[-96.8634791,46.8449751]},"properties":{"id":"13771","name":"Fargo - Fargo Training and Testing Center","propertyType":"PSI Authorized","category":"3P","address":"4575 23rd Ave S, Suite 1100","city":"Fargo","state":"North Dakota","zip":"58104","country":"USA","geocodeSource":"nominatim","scoreBucket":3,"scoreRaw":17,"seats":9,"cdVolume":5060,"avgMonthlyVol":421.7,"zdTicketRate":0.1172,"dispRate":0.0138,"reschdRate":0.0243,"dmaRegion":"FARGO - VALLEY CITY","leaseAction":null,"leaseStatus":null,"daysRemaining":null,"leaseUtilization":null,"monthlyRevenue":null,"contractFlag":null,"recommendedAction":null,"licensureNote":null,"opsNotes":null,"leaseExpiry":null,"criticalOptimus":false}},{"type":"Feature","geometry":{"type":"Point","coordinates":[-97.069322117061,47.921126833088]},"properties":{"id":"13480","name":"Grand Forks - University of North Dakota-UND Testing Services","propertyType":"TD TESTING","category":"3P","address":"2891 2nd Ave N - (Red Jarrett Way) Stop 9063, Room 180","city":"Grand Forks","state":"North Dakota","zip":"58202","country":"USA","geocodeSource":"census","scoreBucket":3,"scoreRaw":17,"seats":2,"cdVolume":627,"avgMonthlyVol":52.2,"zdTicketRate":0.1802,"dispRate":0.0112,"reschdRate":0.0016,"dmaRegion":"FARGO - VALLEY CITY","leaseAction":null,"leaseStatus":null,"daysRemaining":null,"leaseUtilization":null,"monthlyRevenue":null,"contractFlag":null,"recommendedAction":null,"licensureNote":null,"opsNotes":null,"leaseExpiry":null,"criticalOptimus":false}},{"type":"Feature","geometry":{"type":"Point","coordinates":[-101.292940601032,48.233277368552]},"properties":{"id":"12690","name":"Minot - Main Medical Testing Center","propertyType":"PSI Authorized","category":"3P","address":"315 South Main St., Suite 103B","city":"Minot","state":"North Dakota","zip":"58701","country":"USA","geocodeSource":"census","scoreBucket":3,"scoreRaw":17,"seats":3,"cdVolume":259,"avgMonthlyVol":21.6,"zdTicketRate":0.1892,"dispRate":0,"reschdRate":0,"dmaRegion":"MINOT - BISMARCK - DICKINSON","leaseAction":null,"leaseStatus":null,"daysRemaining":null,"leaseUtilization":null,"monthlyRevenue":null,"contractFlag":null,"recommendedAction":null,"licensureNote":null,"opsNotes":null,"leaseExpiry":null,"criticalOptimus":false}},{"type":"Feature","geometry":{"type":"Point","coordinates":[-101.301727336951,48.245127868925]},"properties":{"id":"5686","name":"Minot - Minot State University","propertyType":"PSI Authorized","category":"3P","address":"500 University Ave W, Ctr for Extended Lrng - Admin Bldg, Rm 361","city":"Minot","state":"North Dakota","zip":"58707","country":"USA","geocodeSource":"census","scoreBucket":3,"scoreRaw":18,"seats":15,"cdVolume":583,"avgMonthlyVol":48.6,"zdTicketRate":0.0497,"dispRate":0.0051,"reschdRate":0.0137,"dmaRegion":"MINOT - BISMARCK - DICKINSON","leaseAction":null,"leaseStatus":null,"daysRemaining":null,"leaseUtilization":null,"monthlyRevenue":null,"contractFlag":null,"recommendedAction":null,"licensureNote":null,"opsNotes":null,"leaseExpiry":null,"criticalOptimus":false}},{"type":"Feature","geometry":{"type":"Point","coordinates":[-81.64455236283,41.140937284168]},"properties":{"id":"17029","name":"Akron - Akron Training and Testing Center","propertyType":"PSI Authorized","category":"3P","address":"231 Springside Dr, Suite 125","city":"Akron","state":"Ohio","zip":"44333","country":"USA","geocodeSource":"census","scoreBucket":4,"scoreRaw":21,"seats":10,"cdVolume":12949,"avgMonthlyVol":1079.1,"zdTicketRate":0.0706,"dispRate":0.0056,"reschdRate":0.0073,"dmaRegion":"CLEVELAND - AKRON (CANTON)","leaseAction":null,"leaseStatus":null,"daysRemaining":null,"leaseUtilization":null,"monthlyRevenue":null,"contractFlag":null,"recommendedAction":null,"licensureNote":null,"opsNotes":null,"leaseExpiry":null,"criticalOptimus":false}},{"type":"Feature","geometry":{"type":"Point","coordinates":[-81.577041881937,40.038795793878]},"properties":{"id":"5038","name":"CAMBRIDGE","propertyType":"PSI Owned","category":"OO","address":"1300 Clark Street, Suite 5","city":"Cambridge","state":"Ohio","zip":"43725","country":"USA","geocodeSource":"census","scoreBucket":4,"scoreRaw":20,"seats":4,"cdVolume":2849,"avgMonthlyVol":237.4,"zdTicketRate":0.0856,"dispRate":0.006,"reschdRate":0.0042,"dmaRegion":"COLUMBUS, OH","optimusScore":0.573,"optimusTier":"C","fy25Volume":1399,"fy25Utilization":0.606,"priority":"N","quickWins":"Repair facade damage, repaint, replace broken doors, improve entrance appearance; Clean floors, repair walls, replace broken furniture, improve lighting; Remove personal items, organize desk, update signage, clear walkways; Replace broken furniture, organize cables, improve lighting, reduce noise; D","leaseAction":"Renew","leaseStatus":"EXPIRED","daysRemaining":-666,"leaseUtilization":0.61,"monthlyRevenue":45697,"contractFlag":false,"recommendedAction":"Official MTM Aug 2024 — assess demand and renew","licensureNote":"OH RE expires 6/30/2027 | OH IN expires 6/30/2029","opsNotes":null,"leaseExpiry":"07-31-2024","osDate":"2025-09-16","oc01":0.85,"oc02":0.6,"oc03":0.7,"oc04":0.8,"oc05":null,"oc06":null,"oc07":0.85,"oc08":0.85,"oc09":null,"adaFlag":false,"brandingFlag":false,"criticalOptimus":false}},{"type":"Feature","geometry":{"type":"Point","coordinates":[-84.430373351525,39.105842996325]},"properties":{"id":"5437","name":"Cincinnati - Flamingo Air Academy","propertyType":"PSI Authorized","category":"3P","address":"4240 Airport Rd Suite 106","city":"Cincinnati","state":"Ohio","zip":"45226","country":"USA","geocodeSource":"census","scoreBucket":3,"scoreRaw":19,"seats":6,"cdVolume":622,"avgMonthlyVol":51.8,"zdTicketRate":0.0579,"dispRate":0.0032,"reschdRate":0,"dmaRegion":"CINCINNATI","leaseAction":null,"leaseStatus":null,"daysRemaining":null,"leaseUtilization":null,"monthlyRevenue":null,"contractFlag":null,"recommendedAction":null,"licensureNote":null,"opsNotes":null,"leaseExpiry":null,"criticalOptimus":false}},{"type":"Feature","geometry":{"type":"Point","coordinates":[-84.446971592992,39.289838612032]},"properties":{"id":"12680","name":"Cincinnati - Tactix Consulting Group, Inc","propertyType":"MG TESTING","category":"3P","address":"14 Triangle Park Drive Suite 1403","city":"Cincinnati","state":"Ohio","zip":"45246","country":"USA","geocodeSource":"census","scoreBucket":4,"scoreRaw":20,"seats":11,"cdVolume":4767,"avgMonthlyVol":397.2,"zdTicketRate":0.0468,"dispRate":0.0044,"reschdRate":0.0159,"dmaRegion":"CINCINNATI","leaseAction":null,"leaseStatus":null,"daysRemaining":null,"leaseUtilization":null,"monthlyRevenue":null,"contractFlag":null,"recommendedAction":null,"licensureNote":null,"opsNotes":null,"leaseExpiry":null,"criticalOptimus":false}},{"type":"Feature","geometry":{"type":"Point","coordinates":[-83.141431306307,40.081046130827]},"properties":{"id":"13469","name":"Columbus North - Columbus North Training and Testing Center","propertyType":"PSI Authorized","category":"3P","address":"6397 Emerald Parkway, Suite 150","city":"Dublin","state":"Ohio","zip":"43016","country":"USA","geocodeSource":"census","scoreBucket":4,"scoreRaw":22,"seats":6,"cdVolume":16098,"avgMonthlyVol":1341.5,"zdTicketRate":0.0312,"dispRate":0.0034,"reschdRate":0.0036,"dmaRegion":"COLUMBUS, OH","leaseAction":null,"leaseStatus":null,"daysRemaining":null,"leaseUtilization":null,"monthlyRevenue":null,"contractFlag":null,"recommendedAction":null,"licensureNote":null,"opsNotes":null,"leaseExpiry":null,"criticalOptimus":false}},{"type":"Feature","geometry":{"type":"Point","coordinates":[-82.933610919092,39.837572061427]},"properties":{"id":"5032","name":"COLUMBUS SOUTH","propertyType":"PSI Owned","category":"OO","address":"6431 Alum Creek Dr, Suite I","city":"Groveport","state":"Ohio","zip":"43125","country":"USA","geocodeSource":"census","scoreBucket":4,"scoreRaw":21,"seats":11,"cdVolume":11390,"avgMonthlyVol":949.2,"zdTicketRate":0.1373,"dispRate":0.0043,"reschdRate":0.0029,"dmaRegion":"COLUMBUS, OH","optimusScore":0.688,"optimusTier":"C","fy25Volume":5877,"fy25Utilization":0.741,"priority":"N","quickWins":"Repair facade damage, repaint, replace broken doors, improve entrance appearance; Clean floors, repair walls, replace broken furniture, improve lighting; Remove personal items, organize desk, update signage, clear walkways; Replace broken furniture, organize cables, improve lighting, reduce noise; D","leaseAction":"Renew","leaseStatus":"Expiring 2026","daysRemaining":217,"leaseUtilization":0.74,"monthlyRevenue":204074,"contractFlag":false,"recommendedAction":"74.1% util, full schedule — renew","licensureNote":"OH RE expires 6/30/2027 | OH IN expires 6/30/2029","opsNotes":null,"leaseExpiry":"12-31-2026","osDate":"2025-09-16","oc01":0.85,"oc02":0.75,"oc03":0.7,"oc04":0.85,"oc05":0.85,"oc06":0.65,"oc07":null,"oc08":0.85,"oc09":0.65,"adaFlag":false,"brandingFlag":false,"criticalOptimus":false}},{"type":"Feature","geometry":{"type":"Point","coordinates":[-84.533357958704,39.365086856374]},"properties":{"id":"6655","name":"Cincinnati-Hamilton - Tri-State Professional Training and Testing Center","propertyType":"PSI Authorized","category":"3P","address":"2820 Bobmeyer Rd., Hangar C-7","city":"Hamilton","state":"Ohio","zip":"45015","country":"USA","geocodeSource":"census","scoreBucket":4,"scoreRaw":22,"seats":20,"cdVolume":12953,"avgMonthlyVol":1079.4,"zdTicketRate":0.0571,"dispRate":0.0001,"reschdRate":0.0027,"dmaRegion":"CINCINNATI","leaseAction":null,"leaseStatus":null,"daysRemaining":null,"leaseUtilization":null,"monthlyRevenue":null,"contractFlag":null,"recommendedAction":null,"licensureNote":null,"opsNotes":null,"leaseExpiry":null,"criticalOptimus":false}},{"type":"Feature","geometry":{"type":"Point","coordinates":[-81.505089731431,41.316099863003]},"properties":{"id":"6207","name":"Macedonia - Test Spots - Cleveland East","propertyType":"MG TESTING","category":"3P","address":"8536 Crow Dr, Suite GL-55","city":"Macedonia","state":"Ohio","zip":"44056","country":"USA","geocodeSource":"census","scoreBucket":4,"scoreRaw":22,"seats":40,"cdVolume":5997,"avgMonthlyVol":499.8,"zdTicketRate":0.0242,"dispRate":0.0008,"reschdRate":0.007,"dmaRegion":"CLEVELAND - AKRON (CANTON)","leaseAction":null,"leaseStatus":null,"daysRemaining":null,"leaseUtilization":null,"monthlyRevenue":null,"contractFlag":null,"recommendedAction":null,"licensureNote":null,"opsNotes":null,"leaseExpiry":null,"criticalOptimus":false}},{"type":"Feature","geometry":{"type":"Point","coordinates":[-81.796737712004,41.374650261608]},"properties":{"id":"10329","name":"CLEVELAND (Pearl Rd)","propertyType":"PSI Owned","category":"OO","address":"7029 Pearl Rd, Suite 320","city":"Middleburg Heights","state":"Ohio","zip":"44130","country":"USA","geocodeSource":"census","scoreBucket":4,"scoreRaw":21,"seats":19,"cdVolume":15157,"avgMonthlyVol":1263.1,"zdTicketRate":0.131,"dispRate":0.0058,"reschdRate":0.002,"dmaRegion":"CLEVELAND - AKRON (CANTON)","optimusScore":0.697,"optimusTier":"C","fy25Volume":7439,"fy25Utilization":0.511,"priority":null,"quickWins":"Repair facade damage, repaint, replace broken doors, improve entrance appearance; Clean floors, repair walls, replace broken furniture, improve lighting; Remove personal items, organize desk, update signage, clear walkways; Replace broken furniture, organize cables, improve lighting, reduce noise; D","leaseAction":null,"leaseStatus":null,"daysRemaining":null,"leaseUtilization":null,"monthlyRevenue":null,"contractFlag":null,"recommendedAction":null,"licensureNote":null,"opsNotes":null,"leaseExpiry":null,"osDate":"2025-08-29","oc01":0.85,"oc02":0.55,"oc03":0.7,"oc04":0.85,"oc05":0.65,"oc06":0.85,"oc07":0.8,"oc08":0.9,"oc09":0.75,"adaFlag":false,"brandingFlag":false,"criticalOptimus":false}},{"type":"Feature","geometry":{"type":"Point","coordinates":[-84.218662341846,40.03427393754]},"properties":{"id":"11860","name":"Troy - Brainseed Testing Center","propertyType":"PSI Authorized","category":"3P","address":"1100 Wayne St., Suite 5200","city":"Troy","state":"Ohio","zip":"45373","country":"USA","geocodeSource":"census","scoreBucket":4,"scoreRaw":21,"seats":23,"cdVolume":7026,"avgMonthlyVol":585.5,"zdTicketRate":0.0865,"dispRate":0.0061,"reschdRate":0.0046,"dmaRegion":"DAYTON","leaseAction":null,"leaseStatus":null,"daysRemaining":null,"leaseUtilization":null,"monthlyRevenue":null,"contractFlag":null,"recommendedAction":null,"licensureNote":null,"opsNotes":null,"leaseExpiry":null,"criticalOptimus":false}},{"type":"Feature","geometry":{"type":"Point","coordinates":[-82.006143793079,40.008099897896]},"properties":{"id":"5444","name":"Zanesville - Y-City Flying Service","propertyType":"PSI Authorized","category":"3P","address":"1200 Fairview Rd, PARR Airport","city":"Zanesville","state":"Ohio","zip":"43701","country":"USA","geocodeSource":"census","scoreBucket":3,"scoreRaw":17,"seats":3,"cdVolume":117,"avgMonthlyVol":9.8,"zdTicketRate":0.1624,"dispRate":0,"reschdRate":0,"dmaRegion":"ZANESVILLE","leaseAction":null,"leaseStatus":null,"daysRemaining":null,"leaseUtilization":null,"monthlyRevenue":null,"contractFlag":null,"recommendedAction":null,"licensureNote":null,"opsNotes":null,"leaseExpiry":null,"criticalOptimus":false}},{"type":"Feature","geometry":{"type":"Point","coordinates":[-97.083672815768,34.187255579543]},"properties":{"id":"17200","name":"Ardmore - Southern Tech","propertyType":"PSI Authorized","category":"3P","address":"2610 Sam Noble Parkway","city":"Ardmore","state":"Oklahoma","zip":"73401","country":"USA","geocodeSource":"census","scoreBucket":3,"scoreRaw":18,"seats":12,"cdVolume":335,"avgMonthlyVol":27.9,"zdTicketRate":0.1075,"dispRate":0,"reschdRate":0,"dmaRegion":"SHERMAN - ADA","leaseAction":null,"leaseStatus":null,"daysRemaining":null,"leaseUtilization":null,"monthlyRevenue":null,"contractFlag":null,"recommendedAction":null,"licensureNote":null,"opsNotes":null,"leaseExpiry":null,"criticalOptimus":false}},{"type":"Feature","geometry":{"type":"Point","coordinates":[-97.897527140928,36.419786363446]},"properties":{"id":"10669","name":"Enid - Autry Technology Center","propertyType":"PSI Authorized","category":"3P","address":"1201 W. Willow Rd., Rm 402","city":"Enid","state":"Oklahoma","zip":"73703","country":"USA","geocodeSource":"census","scoreBucket":2,"scoreRaw":16,"seats":5,"cdVolume":779,"avgMonthlyVol":64.9,"zdTicketRate":0.1053,"dispRate":0.0321,"reschdRate":0.0064,"dmaRegion":"OKLAHOMA CITY","leaseAction":null,"leaseStatus":null,"daysRemaining":null,"leaseUtilization":null,"monthlyRevenue":null,"contractFlag":null,"recommendedAction":null,"licensureNote":null,"opsNotes":null,"leaseExpiry":null,"criticalOptimus":false}},{"type":"Feature","geometry":{"type":"Point","coordinates":[-98.450135117626,34.594272887235]},"properties":{"id":"5115","name":"Lawton - Great Plains Technology Center","propertyType":"PSI Authorized","category":"3P","address":"4500 West Lee Blvd, Building 300, RM 308","city":"Lawton","state":"Oklahoma","zip":"73505","country":"USA","geocodeSource":"census","scoreBucket":3,"scoreRaw":18,"seats":17,"cdVolume":1608,"avgMonthlyVol":134,"zdTicketRate":0.0504,"dispRate":0.0112,"reschdRate":0.0106,"dmaRegion":"WICHITA FALLS & LAWTON","leaseAction":null,"leaseStatus":null,"daysRemaining":null,"leaseUtilization":null,"monthlyRevenue":null,"contractFlag":null,"recommendedAction":null,"licensureNote":null,"opsNotes":null,"leaseExpiry":null,"criticalOptimus":false}},{"type":"Feature","geometry":{"type":"Point","coordinates":[-95.769971908983,34.933485402831]},"properties":{"id":"143","name":"MCALESTER","propertyType":"PSI Owned","category":"OO","address":"21 East Carl Albert Parkway","city":"McAlester","state":"Oklahoma","zip":"74501","country":"USA","geocodeSource":"census","scoreBucket":4,"scoreRaw":20,"seats":4,"cdVolume":2923,"avgMonthlyVol":243.6,"zdTicketRate":0.0387,"dispRate":0.0161,"reschdRate":0.001,"dmaRegion":"TULSA","optimusScore":0.636,"optimusTier":"C","fy25Volume":1388,"fy25Utilization":0.655,"priority":null,"quickWins":"Repair facade damage, repaint, replace broken doors, improve entrance appearance; Clean floors, repair walls, replace broken furniture, improve lighting; Remove personal items, organize desk, update signage, clear walkways; Replace broken furniture, organize cables, improve lighting, reduce noise; D","leaseAction":"Relocate","leaseStatus":"EXPIRED","daysRemaining":-2705,"leaseUtilization":0.65,"monthlyRevenue":45665,"contractFlag":false,"recommendedAction":"7+ yrs MTM; very poor conditions — relo or close","licensureNote":"OK contract expires 2/15/2028","opsNotes":null,"leaseExpiry":"12-31-2018","osDate":"2025-08-22","oc01":0.75,"oc02":0.55,"oc03":0.7,"oc04":0.85,"oc05":0.65,"oc06":0.8,"oc07":0.65,"oc08":0.8,"oc09":null,"adaFlag":true,"brandingFlag":false,"criticalOptimus":false}},{"type":"Feature","geometry":{"type":"Point","coordinates":[-97.458999827172,35.274060668681]},"properties":{"id":"12515","name":"Norman - Moore Norman Technology Center","propertyType":"TD TESTING","category":"3P","address":"4701 12th Ave NW","city":"Norman","state":"Oklahoma","zip":"73070","country":"USA","geocodeSource":"census","scoreBucket":2,"scoreRaw":16,"seats":4,"cdVolume":258,"avgMonthlyVol":21.5,"zdTicketRate":0.1279,"dispRate":0.0116,"reschdRate":0.0078,"dmaRegion":"#N/A","leaseAction":null,"leaseStatus":null,"daysRemaining":null,"leaseUtilization":null,"monthlyRevenue":null,"contractFlag":null,"recommendedAction":null,"licensureNote":null,"opsNotes":null,"leaseExpiry":null,"criticalOptimus":false}},{"type":"Feature","geometry":{"type":"Point","coordinates":[-97.534159217206,35.509011094261]},"properties":{"id":"140","name":"OKLAHOMA CITY","propertyType":"PSI Owned","category":"OO","address":"3800 N. Classen Blvd, Ste C-20","city":"Oklahoma City","state":"Oklahoma","zip":"73118","country":"USA","geocodeSource":"census","scoreBucket":5,"scoreRaw":23,"seats":13,"cdVolume":18685,"avgMonthlyVol":1557.1,"zdTicketRate":0.0415,"dispRate":0.0149,"reschdRate":0.0018,"dmaRegion":"OKLAHOMA CITY","optimusScore":0.705,"optimusTier":"B","fy25Volume":8781,"fy25Utilization":0.763,"priority":null,"quickWins":"Organize visible wires to reduce clutter.","leaseAction":"Renew","leaseStatus":"EXPIRED","daysRemaining":-148,"leaseUtilization":0.76,"monthlyRevenue":376101,"contractFlag":false,"recommendedAction":"Paying holdover — 1-yr renewal in review; high volume","licensureNote":"OK contract expires 2/15/2028","opsNotes":null,"leaseExpiry":"12-31-2025","osDate":"2025-08-22","oc01":0.85,"oc02":0.65,"oc03":0.8,"oc04":0.85,"oc05":0.85,"oc06":null,"oc07":0.65,"oc08":0.9,"oc09":null,"adaFlag":true,"brandingFlag":false,"criticalOptimus":false}},{"type":"Feature","geometry":{"type":"Point","coordinates":[-97.5970449,35.4628142]},"properties":{"id":"6204","name":"Oklahoma City - Oklahoma Safety Council","propertyType":"MG TESTING","category":"3P","address":"2400 S Vermont Ave","city":"Oklahoma City","state":"Oklahoma","zip":"73108","country":"USA","geocodeSource":"nominatim","scoreBucket":4,"scoreRaw":20,"seats":10,"cdVolume":4875,"avgMonthlyVol":406.2,"zdTicketRate":0.0254,"dispRate":0.017,"reschdRate":0.0096,"dmaRegion":"OKLAHOMA CITY","leaseAction":null,"leaseStatus":null,"daysRemaining":null,"leaseUtilization":null,"monthlyRevenue":null,"contractFlag":null,"recommendedAction":null,"licensureNote":null,"opsNotes":null,"leaseExpiry":null,"criticalOptimus":false}},{"type":"Feature","geometry":{"type":"Point","coordinates":[-97.547714349186,35.336069561852]},"properties":{"id":"12674","name":"South Penn - Moore Norman Technology Center","propertyType":"TD TESTING","category":"3P","address":"13301 S. Pennsylvania","city":"Oklahoma City","state":"Oklahoma","zip":"73170","country":"USA","geocodeSource":"census","scoreBucket":3,"scoreRaw":17,"seats":8,"cdVolume":450,"avgMonthlyVol":37.5,"zdTicketRate":0.0756,"dispRate":0.0244,"reschdRate":0.0067,"dmaRegion":"OKLAHOMA CITY","leaseAction":null,"leaseStatus":null,"daysRemaining":null,"leaseUtilization":null,"monthlyRevenue":null,"contractFlag":null,"recommendedAction":null,"licensureNote":null,"opsNotes":null,"leaseExpiry":null,"criticalOptimus":false}},{"type":"Feature","geometry":{"type":"Point","coordinates":[-97.094872308402,36.72720124543]},"properties":{"id":"5613","name":"Ponca City - Pioneer Technology Center","propertyType":"PSI Authorized","category":"3P","address":"2101 N Ash","city":"Ponca City","state":"Oklahoma","zip":"74601","country":"USA","geocodeSource":"census","scoreBucket":2,"scoreRaw":16,"seats":7,"cdVolume":593,"avgMonthlyVol":49.4,"zdTicketRate":0.0843,"dispRate":0.0135,"reschdRate":0.0202,"dmaRegion":"OKLAHOMA CITY","leaseAction":null,"leaseStatus":null,"daysRemaining":null,"leaseUtilization":null,"monthlyRevenue":null,"contractFlag":null,"recommendedAction":null,"licensureNote":null,"opsNotes":null,"leaseExpiry":null,"criticalOptimus":false}},{"type":"Feature","geometry":{"type":"Point","coordinates":[-95.990669892703,36.041899906485]},"properties":{"id":"5446","name":"Tulsa - Christiansen Aviation Inc.","propertyType":"PSI Authorized","category":"3P","address":"200 Lear Jet Lane, Riverside Jones Airport","city":"Tulsa","state":"Oklahoma","zip":"74132","country":"USA","geocodeSource":"census","scoreBucket":4,"scoreRaw":20,"seats":4,"cdVolume":1187,"avgMonthlyVol":98.9,"zdTicketRate":0.0295,"dispRate":0,"reschdRate":0,"dmaRegion":"TULSA","leaseAction":null,"leaseStatus":null,"daysRemaining":null,"leaseUtilization":null,"monthlyRevenue":null,"contractFlag":null,"recommendedAction":null,"licensureNote":null,"opsNotes":null,"leaseExpiry":null,"criticalOptimus":false}},{"type":"Feature","geometry":{"type":"Point","coordinates":[-95.867222600333,36.102227557607]},"properties":{"id":"6203","name":"Tulsa - Oklahoma Safety Council","propertyType":"MG TESTING","category":"3P","address":"9810 E 42nd St., Suite 205","city":"Tulsa","state":"Oklahoma","zip":"74146","country":"USA","geocodeSource":"census","scoreBucket":3,"scoreRaw":19,"seats":10,"cdVolume":2584,"avgMonthlyVol":215.3,"zdTicketRate":0.0333,"dispRate":0.0023,"reschdRate":0.0008,"dmaRegion":"TULSA","leaseAction":null,"leaseStatus":null,"daysRemaining":null,"leaseUtilization":null,"monthlyRevenue":null,"contractFlag":null,"recommendedAction":null,"licensureNote":null,"opsNotes":null,"leaseExpiry":null,"criticalOptimus":false}},{"type":"Feature","geometry":{"type":"Point","coordinates":[-95.947436003534,36.089747318583]},"properties":{"id":"12237","name":"TULSA (EAST 51ST)","propertyType":"PSI Owned","category":"OO","address":"2840 E. 51st Street, Brittany Square Office Park, Suite 215","city":"Tulsa","state":"Oklahoma","zip":"74105","country":"USA","geocodeSource":"census","scoreBucket":5,"scoreRaw":23,"seats":13,"cdVolume":13275,"avgMonthlyVol":1106.2,"zdTicketRate":0.046,"dispRate":0.0235,"reschdRate":0.0001,"dmaRegion":"TULSA","optimusScore":0.633,"optimusTier":"C","fy25Volume":6760,"fy25Utilization":0.73,"priority":null,"quickWins":"Repair facade damage, repaint, replace broken doors, improve entrance appearance; Clean floors, repair walls, replace broken furniture, improve lighting; Remove personal items, organize desk, update signage, clear walkways; Replace broken furniture, organize cables, improve lighting, reduce noise; D","leaseAction":null,"leaseStatus":null,"daysRemaining":null,"leaseUtilization":null,"monthlyRevenue":null,"contractFlag":null,"recommendedAction":null,"licensureNote":null,"opsNotes":null,"leaseExpiry":null,"osDate":"2025-09-18","oc01":0.85,"oc02":0.65,"oc03":0.866,"oc04":0.85,"oc05":0.85,"oc06":null,"oc07":0.45,"oc08":0.85,"oc09":0.3,"adaFlag":true,"brandingFlag":false,"criticalOptimus":false}},{"type":"Feature","geometry":{"type":"Point","coordinates":[-97.36438647048,34.913351459311]},"properties":{"id":"17562","name":"Wayne - Mid America Technology Center","propertyType":"PSI Authorized","category":"3P","address":"27438 ST Hwy 59","city":"Wayne","state":"Oklahoma","zip":"73095","country":"USA","geocodeSource":"census","scoreBucket":2,"scoreRaw":15,"seats":2,"cdVolume":472,"avgMonthlyVol":39.3,"zdTicketRate":0.072,"dispRate":0.0085,"reschdRate":0.0424,"dmaRegion":"OKLAHOMA CITY","leaseAction":null,"leaseStatus":null,"daysRemaining":null,"leaseUtilization":null,"monthlyRevenue":null,"contractFlag":null,"recommendedAction":null,"licensureNote":null,"opsNotes":null,"leaseExpiry":null,"criticalOptimus":false}},{"type":"Feature","geometry":{"type":"Point","coordinates":[-98.711891213631,35.535516150292]},"properties":{"id":"12045","name":"Weatherford - Southwestern Oklahoma State University","propertyType":"PSI Authorized","category":"3P","address":"1001 N. 7th St.","city":"Weatherford","state":"Oklahoma","zip":"73096","country":"USA","geocodeSource":"census","scoreBucket":3,"scoreRaw":17,"seats":14,"cdVolume":901,"avgMonthlyVol":75.1,"zdTicketRate":0.0677,"dispRate":0.0122,"reschdRate":0.0078,"dmaRegion":"OKLAHOMA CITY","leaseAction":null,"leaseStatus":null,"daysRemaining":null,"leaseUtilization":null,"monthlyRevenue":null,"contractFlag":null,"recommendedAction":null,"licensureNote":null,"opsNotes":null,"leaseExpiry":null,"criticalOptimus":false}},{"type":"Feature","geometry":{"type":"Point","coordinates":[-99.403745784869,36.433592443087]},"properties":{"id":"142","name":"WOODWARD","propertyType":"PSI Owned","category":"OO","address":"1915 Oklahoma Avenue, Suite 3","city":"Woodward","state":"Oklahoma","zip":"73801","country":"USA","geocodeSource":"census","scoreBucket":2,"scoreRaw":13,"seats":4,"cdVolume":995,"avgMonthlyVol":82.9,"zdTicketRate":0.206,"dispRate":0.0241,"reschdRate":0.0171,"dmaRegion":"OKLAHOMA CITY","optimusScore":0.581,"optimusTier":"C","fy25Volume":532,"fy25Utilization":0.585,"priority":null,"quickWins":"Repair facade damage, repaint, replace broken doors, improve entrance appearance; Clean floors, repair walls, replace broken furniture, improve lighting; Remove personal items, organize desk, update signage, clear walkways; Replace broken furniture, organize cables, improve lighting, reduce noise; D","leaseAction":"Review","leaseStatus":"EXPIRED","daysRemaining":-4288,"leaseUtilization":0.59,"monthlyRevenue":19701,"contractFlag":false,"recommendedAction":"11+ yrs MTM, no activity — assess continuation","licensureNote":"OK contract expires 2/15/2028","opsNotes":null,"leaseExpiry":"08-31-2014","osDate":"2025-09-23","oc01":0.65,"oc02":0.75,"oc03":0.7,"oc04":0.75,"oc05":0.65,"oc06":0.65,"oc07":null,"oc08":0.85,"oc09":null,"adaFlag":false,"brandingFlag":false,"criticalOptimus":false}},{"type":"Feature","geometry":{"type":"Point","coordinates":[-117.829885194986,44.778183398136]},"properties":{"id":"48","name":"BAKER CITY","propertyType":"PSI Owned","category":"OO","address":"2101 Main Street, Suite 203","city":"Baker City","state":"Oregon","zip":"97814","country":"USA","geocodeSource":"census","scoreBucket":3,"scoreRaw":18,"seats":4,"cdVolume":757,"avgMonthlyVol":63.1,"zdTicketRate":0.1215,"dispRate":0,"reschdRate":0.0053,"dmaRegion":"PORTLAND, OR","optimusScore":0.539,"optimusTier":"C","fy25Volume":406,"fy25Utilization":0.348,"priority":null,"quickWins":"Repair facade damage, repaint, replace broken doors, improve entrance appearance; Clean floors, repair walls, replace broken furniture, improve lighting; Remove personal items, organize desk, update signage, clear walkways; Replace broken furniture, organize cables, improve lighting, reduce noise; D","leaseAction":null,"leaseStatus":null,"daysRemaining":null,"leaseUtilization":null,"monthlyRevenue":null,"contractFlag":null,"recommendedAction":null,"licensureNote":null,"opsNotes":null,"leaseExpiry":null,"osDate":"2025-09-20","oc01":0.65,"oc02":0.45,"oc03":0.7,"oc04":0.75,"oc05":0.65,"oc06":null,"oc07":null,"oc08":0.85,"oc09":null,"adaFlag":false,"brandingFlag":false,"criticalOptimus":false}},{"type":"Feature","geometry":{"type":"Point","coordinates":[-121.311877702777,44.06190584194]},"properties":{"id":"49","name":"BEND","propertyType":"PSI Owned","category":"OO","address":"325 NW Vermont Pl, Suite 106","city":"Bend","state":"Oregon","zip":"97701","country":"USA","geocodeSource":"census","scoreBucket":2,"scoreRaw":15,"seats":5,"cdVolume":3961,"avgMonthlyVol":330.1,"zdTicketRate":0.1646,"dispRate":0.0144,"reschdRate":0.0035,"dmaRegion":"BEND, OR","optimusScore":0.608,"optimusTier":"C","fy25Volume":1886,"fy25Utilization":0.64,"priority":null,"quickWins":"Repair facade damage, repaint, replace broken doors, improve entrance appearance; Clean floors, repair walls, replace broken furniture, improve lighting; Remove personal items, organize desk, update signage, clear walkways; Replace broken furniture, organize cables, improve lighting, reduce noise; D","leaseAction":"Renew","leaseStatus":"EXPIRED","daysRemaining":-1609,"leaseUtilization":0.64,"monthlyRevenue":74555,"contractFlag":false,"recommendedAction":"Official MTM Jan 2022 — renew","licensureNote":"OR RE expires 3/31/2027 | OR INS expires 12/31/2033","opsNotes":"Funky location, parking problems, slight safety issue for entry","leaseExpiry":"12-31-2021","osDate":"2025-09-30","oc01":0.65,"oc02":0.6,"oc03":0.634,"oc04":0.85,"oc05":0.75,"oc06":0.85,"oc07":0.4,"oc08":0.85,"oc09":null,"adaFlag":true,"brandingFlag":false,"criticalOptimus":false}},{"type":"Feature","geometry":{"type":"Point","coordinates":[-123.154687517942,44.083670019819]},"properties":{"id":"50","name":"EUGENE","propertyType":"PSI Owned","category":"OO","address":"1955 Empire Park Drive, Suite A","city":"Eugene","state":"Oregon","zip":"97402","country":"USA","geocodeSource":"census","scoreBucket":3,"scoreRaw":19,"seats":10,"cdVolume":5047,"avgMonthlyVol":420.6,"zdTicketRate":0.0596,"dispRate":0.0046,"reschdRate":0.0081,"dmaRegion":"EUGENE","optimusScore":0.689,"optimusTier":"C","fy25Volume":2583,"fy25Utilization":0.649,"priority":null,"quickWins":"Repair facade damage, repaint, replace broken doors, improve entrance appearance; Clean floors, repair walls, replace broken furniture, improve lighting; Remove personal items, organize desk, update signage, clear walkways; Replace broken furniture, organize cables, improve lighting, reduce noise; D","leaseAction":"Renew","leaseStatus":"EXPIRED","daysRemaining":-362,"leaseUtilization":0.65,"monthlyRevenue":116214,"contractFlag":false,"recommendedAction":"MTM May 2025 — renew","licensureNote":"OR RE expires 3/31/2027 | OR INS expires 12/31/2033","opsNotes":null,"leaseExpiry":"05-31-2025","osDate":"2025-09-29","oc01":0.9,"oc02":null,"oc03":0.834,"oc04":0.85,"oc05":0.85,"oc06":null,"oc07":0.85,"oc08":0.85,"oc09":null,"adaFlag":false,"brandingFlag":false,"criticalOptimus":false}},{"type":"Feature","geometry":{"type":"Point","coordinates":[-123.195924245283,44.863108499942]},"properties":{"id":"5453","name":"Independence - Nutsch.com LLC","propertyType":"PSI Authorized","category":"3P","address":"4901 Airport Rd, Independence State Airport","city":"Independence","state":"Oregon","zip":"97351","country":"USA","geocodeSource":"census","scoreBucket":3,"scoreRaw":19,"seats":13,"cdVolume":6639,"avgMonthlyVol":553.2,"zdTicketRate":0.0288,"dispRate":0,"reschdRate":0.0002,"dmaRegion":"PORTLAND, OR","leaseAction":null,"leaseStatus":null,"daysRemaining":null,"leaseUtilization":null,"monthlyRevenue":null,"contractFlag":null,"recommendedAction":null,"licensureNote":null,"opsNotes":null,"leaseExpiry":null,"criticalOptimus":false}},{"type":"Feature","geometry":{"type":"Point","coordinates":[-121.701178169149,42.198010859342]},"properties":{"id":"9117","name":"Klamath Falls - Klamath Community College","propertyType":"PSI Authorized","category":"3P","address":"7390 South 6th","city":"Klamath Falls","state":"Oregon","zip":"97603","country":"USA","geocodeSource":"census","scoreBucket":2,"scoreRaw":14,"seats":18,"cdVolume":335,"avgMonthlyVol":27.9,"zdTicketRate":0.209,"dispRate":0.006,"reschdRate":0.006,"dmaRegion":"MEDFORD - KLAMATH FALLS","leaseAction":null,"leaseStatus":null,"daysRemaining":null,"leaseUtilization":null,"monthlyRevenue":null,"contractFlag":null,"recommendedAction":null,"licensureNote":null,"opsNotes":null,"leaseExpiry":null,"criticalOptimus":false}},{"type":"Feature","geometry":{"type":"Point","coordinates":[-122.876104873838,42.338586579456]},"properties":{"id":"51","name":"MEDFORD","propertyType":"PSI Owned","category":"OO","address":"1236 N Riverside Ave, Suite A","city":"Medford","state":"Oregon","zip":"97501","country":"USA","geocodeSource":"census","scoreBucket":4,"scoreRaw":20,"seats":6,"cdVolume":3624,"avgMonthlyVol":302,"zdTicketRate":0.0403,"dispRate":0.0022,"reschdRate":0.0006,"dmaRegion":"MEDFORD - KLAMATH FALLS","fy25Utilization":null,"fy25Volume":null,"optimusTier":null,"optimusScore":null,"quickWins":null,"priority":null,"leaseAction":null,"leaseStatus":null,"daysRemaining":null,"leaseUtilization":null,"monthlyRevenue":null,"contractFlag":null,"recommendedAction":null,"licensureNote":null,"opsNotes":null,"leaseExpiry":null,"osDate":null,"oc01":null,"oc02":null,"oc03":null,"oc04":null,"oc05":null,"oc06":null,"oc07":null,"oc08":null,"oc09":null,"brandingFlag":false,"adaFlag":false,"criticalOptimus":false}},{"type":"Feature","geometry":{"type":"Point","coordinates":[-122.710502865842,45.458147267064]},"properties":{"id":"19114","name":"PORTLAND (BARBUR BLVD)","propertyType":"PSI Owned","category":"OO","address":"9320 SW Barbur Blvd, Suite 170, Capitol Plaza Office Building","city":"Portland","state":"Oregon","zip":"97219","country":"USA","geocodeSource":"census","seats":null,"scoreRaw":null,"scoreBucket":null,"avgMonthlyVol":null,"cdVolume":null,"reschdRate":null,"dispRate":null,"zdTicketRate":null,"dmaRegion":null,"optimusScore":0.791,"optimusTier":"B","fy25Volume":null,"fy25Utilization":0.701,"priority":null,"quickWins":"Organize desk items to reduce clutter.; Organize items on storage cart.","leaseAction":null,"leaseStatus":null,"daysRemaining":null,"leaseUtilization":null,"monthlyRevenue":null,"contractFlag":null,"recommendedAction":null,"licensureNote":null,"opsNotes":null,"leaseExpiry":null,"osDate":"2025-08-29","oc01":0.85,"oc02":0.75,"oc03":0.834,"oc04":0.85,"oc05":0.85,"oc06":0.65,"oc07":0.8,"oc08":0.9,"oc09":0.85,"adaFlag":false,"brandingFlag":false,"criticalOptimus":false}},{"type":"Feature","geometry":{"type":"Point","coordinates":[-122.983804240681,44.946707810932]},"properties":{"id":"11917","name":"Salem - HRB","propertyType":"PSI Authorized","category":"3P","address":"1361 Lancaster Dr. N.E.","city":"Salem","state":"Oregon","zip":"97301","country":"USA","geocodeSource":"census","scoreBucket":3,"scoreRaw":18,"seats":3,"cdVolume":229,"avgMonthlyVol":19.1,"zdTicketRate":0.1921,"dispRate":0.0044,"reschdRate":0,"dmaRegion":"PORTLAND, OR","leaseAction":null,"leaseStatus":null,"daysRemaining":null,"leaseUtilization":null,"monthlyRevenue":null,"contractFlag":null,"recommendedAction":null,"licensureNote":null,"opsNotes":null,"leaseExpiry":null,"criticalOptimus":false}},{"type":"Feature","geometry":{"type":"Point","coordinates":[-122.76682541514,45.338345542087]},"properties":{"id":"6559","name":"WILSONVILLE","propertyType":"PSI Owned","category":"OO","address":"25195 SW Parkway Avenue, Suite 105","city":"Wilsonville","state":"Oregon","zip":"97070","country":"USA","geocodeSource":"census","scoreBucket":4,"scoreRaw":21,"seats":17,"cdVolume":8439,"avgMonthlyVol":703.2,"zdTicketRate":0.043,"dispRate":0.0043,"reschdRate":0,"dmaRegion":"PORTLAND, OR","optimusScore":0.738,"optimusTier":"B","fy25Volume":4381,"fy25Utilization":0.605,"priority":null,"quickWins":"Ensure regular maintenance to sustain cleanliness.; Replace paper signs with more professional, permanent signage.","leaseAction":null,"leaseStatus":null,"daysRemaining":null,"leaseUtilization":null,"monthlyRevenue":null,"contractFlag":null,"recommendedAction":null,"licensureNote":null,"opsNotes":null,"leaseExpiry":null,"osDate":"2025-10-10","oc01":0.85,"oc02":0.85,"oc03":0.834,"oc04":0.85,"oc05":0.9,"oc06":0.85,"oc07":0.65,"oc08":0.5,"oc09":null,"adaFlag":true,"brandingFlag":true,"criticalOptimus":false}},{"type":"Feature","geometry":{"type":"Point","coordinates":[-75.440568880061,40.642156686923]},"properties":{"id":"11590","name":"Allentown - BCY Testing Solution","propertyType":"PSI Authorized","category":"3P","address":"961 Marcon Blvd, Suite 101","city":"Allentown","state":"Pennsylvania","zip":"18109","country":"USA","geocodeSource":"census","scoreBucket":5,"scoreRaw":23,"seats":10,"cdVolume":7294,"avgMonthlyVol":607.8,"zdTicketRate":0.0362,"dispRate":0,"reschdRate":0,"dmaRegion":"PHILADELPHIA","leaseAction":null,"leaseStatus":null,"daysRemaining":null,"leaseUtilization":null,"monthlyRevenue":null,"contractFlag":null,"recommendedAction":null,"licensureNote":null,"opsNotes":null,"leaseExpiry":null,"criticalOptimus":false}},{"type":"Feature","geometry":{"type":"Point","coordinates":[-75.232617226447,40.007320934076]},"properties":{"id":"63","name":"PHILADELPHIA","propertyType":"PSI Owned","category":"OO","address":"One Bala Avenue, Suite 310","city":"Bala Cynwyd","state":"Pennsylvania","zip":"19004","country":"USA","geocodeSource":"census","scoreBucket":3,"scoreRaw":17,"seats":25,"cdVolume":12777,"avgMonthlyVol":1064.8,"zdTicketRate":0.0781,"dispRate":0.0274,"reschdRate":0.01,"dmaRegion":"PHILADELPHIA","optimusScore":0.736,"optimusTier":"B","fy25Volume":6337,"fy25Utilization":0.691,"priority":null,"quickWins":"Organize the proctor station to reduce clutter.; Repair or replace worn-out carpet sections.; Repair or replace damaged carpet.","leaseAction":null,"leaseStatus":null,"daysRemaining":null,"leaseUtilization":null,"monthlyRevenue":null,"contractFlag":null,"recommendedAction":null,"licensureNote":null,"opsNotes":null,"leaseExpiry":null,"osDate":"2025-08-28","oc01":0.75,"oc02":0.85,"oc03":0.7,"oc04":0.9,"oc05":0.85,"oc06":0.65,"oc07":0.85,"oc08":0.85,"oc09":0.5,"adaFlag":false,"brandingFlag":false,"criticalOptimus":false}},{"type":"Feature","geometry":{"type":"Point","coordinates":[-74.877508897072,40.108213917428]},"properties":{"id":"57","name":"BRISTOL","propertyType":"PSI Owned","category":"OO","address":"1200 Veteran's Highway, Suite B4","city":"Bristol","state":"Pennsylvania","zip":"19007","country":"USA","geocodeSource":"census","scoreBucket":4,"scoreRaw":21,"seats":6,"cdVolume":5545,"avgMonthlyVol":462.1,"zdTicketRate":0.0828,"dispRate":0.0088,"reschdRate":0.0027,"dmaRegion":"PHILADELPHIA","optimusScore":0.577,"optimusTier":"C","fy25Volume":2939,"fy25Utilization":0.862,"priority":null,"quickWins":"Repair facade damage, repaint, replace broken doors, improve entrance appearance; Clean floors, repair walls, replace broken furniture, improve lighting; Remove personal items, organize desk, update signage, clear walkways; Replace broken furniture, organize cables, improve lighting, reduce noise; D","leaseAction":"Renew+Expand","leaseStatus":"Expiring 2026","daysRemaining":217,"leaseUtilization":0.86,"monthlyRevenue":92978,"contractFlag":false,"recommendedAction":"86.2% util on only 6 seats; relo to larger footprint","licensureNote":"No contract data","opsNotes":null,"leaseExpiry":"12-31-2026","osDate":"2025-09-24","oc01":0.85,"oc02":0.8,"oc03":0.634,"oc04":0.65,"oc05":0.65,"oc06":0.45,"oc07":0.8,"oc08":0.85,"oc09":null,"adaFlag":false,"brandingFlag":false,"criticalOptimus":false}},{"type":"Feature","geometry":{"type":"Point","coordinates":[-79.952795401966,40.779400315146]},"properties":{"id":"13416","name":"Butler - AirQuest Aviation","propertyType":"PSI Authorized","category":"3P","address":"485 Airport Rd, Butler County Airfield, Site#16001","city":"Butler","state":"Pennsylvania","zip":"16002","country":"USA","geocodeSource":"census","scoreBucket":4,"scoreRaw":20,"seats":1,"cdVolume":1421,"avgMonthlyVol":118.4,"zdTicketRate":0.0436,"dispRate":0.0007,"reschdRate":0.0028,"dmaRegion":"PITTSBURGH","leaseAction":null,"leaseStatus":null,"daysRemaining":null,"leaseUtilization":null,"monthlyRevenue":null,"contractFlag":null,"recommendedAction":null,"licensureNote":null,"opsNotes":null,"leaseExpiry":null,"criticalOptimus":false}},{"type":"Feature","geometry":{"type":"Point","coordinates":[-75.67578271216,41.469482364923]},"properties":{"id":"13418","name":"Clarks Summit - BLE - Clarks Summit","propertyType":"PSI Authorized","category":"3P","address":"233 Northern Blvd Suite 4","city":"Clarks Summit","state":"Pennsylvania","zip":"18411","country":"USA","geocodeSource":"census","scoreBucket":2,"scoreRaw":14,"seats":6,"cdVolume":514,"avgMonthlyVol":42.8,"zdTicketRate":0.1887,"dispRate":0.0058,"reschdRate":0.0389,"dmaRegion":"WILKES BARRE - SCRANTON","leaseAction":null,"leaseStatus":null,"daysRemaining":null,"leaseUtilization":null,"monthlyRevenue":null,"contractFlag":null,"recommendedAction":null,"licensureNote":null,"opsNotes":null,"leaseExpiry":null,"criticalOptimus":false}},{"type":"Feature","geometry":{"type":"Point","coordinates":[-75.723557385604,41.507330941418]},"properties":{"id":"65","name":"SCRANTON","propertyType":"PSI Owned","category":"OO","address":"1125 Lackawanna Trail, Routes 6 and 11","city":"Clarks Summit","state":"Pennsylvania","zip":"18411","country":"USA","geocodeSource":"census","scoreBucket":4,"scoreRaw":20,"seats":8,"cdVolume":3150,"avgMonthlyVol":262.5,"zdTicketRate":0.0635,"dispRate":0,"reschdRate":0.0013,"dmaRegion":"WILKES BARRE - SCRANTON","optimusScore":0.652,"optimusTier":"C","fy25Volume":1627,"fy25Utilization":0.625,"priority":"N","quickWins":"Repair facade damage, repaint, replace broken doors, improve entrance appearance; Clean floors, repair walls, replace broken furniture, improve lighting; Remove personal items, organize desk, update signage, clear walkways; Replace broken furniture, organize cables, improve lighting, reduce noise; D","leaseAction":"Relocate","leaseStatus":"EXPIRED","daysRemaining":-1793,"leaseUtilization":0.63,"monthlyRevenue":56026,"contractFlag":false,"recommendedAction":"No ADA room, small waiting room — relo needed","licensureNote":"No contract data","opsNotes":null,"leaseExpiry":"06-30-2021","osDate":"2025-09-23","oc01":0.85,"oc02":0.65,"oc03":0.7,"oc04":0.85,"oc05":0.65,"oc06":null,"oc07":0.8,"oc08":0.9,"oc09":null,"adaFlag":false,"brandingFlag":false,"criticalOptimus":false}},{"type":"Feature","geometry":{"type":"Point","coordinates":[-80.136284671316,42.093998198069]},"properties":{"id":"59","name":"ERIE","propertyType":"PSI Owned","category":"OO","address":"2700 W. 21st Street, Suite 21 and 22","city":"Erie","state":"Pennsylvania","zip":"16506","country":"USA","geocodeSource":"census","scoreBucket":2,"scoreRaw":16,"seats":5,"cdVolume":3021,"avgMonthlyVol":251.8,"zdTicketRate":0.0745,"dispRate":0.0341,"reschdRate":0.0159,"dmaRegion":"ERIE","optimusScore":0.577,"optimusTier":"C","fy25Volume":1471,"fy25Utilization":0.586,"priority":null,"quickWins":"Repair facade damage, repaint, replace broken doors, improve entrance appearance; Clean floors, repair walls, replace broken furniture, improve lighting; Remove personal items, organize desk, update signage, clear walkways; Replace broken furniture, organize cables, improve lighting, reduce noise; D","leaseAction":"Refurbish","leaseStatus":"EXPIRED","daysRemaining":-1793,"leaseUtilization":0.59,"monthlyRevenue":43115,"contractFlag":false,"recommendedAction":"Refurb underway — carpet/paint/furniture; no ADA","licensureNote":"No contract data","opsNotes":"Fine but one of many with no ADA — how much is ADA room a priority?","leaseExpiry":"06-30-2021","osDate":"2025-08-27","oc01":0.85,"oc02":0.75,"oc03":0.7,"oc04":0.65,"oc05":0.85,"oc06":null,"oc07":0.85,"oc08":0.85,"oc09":null,"adaFlag":false,"brandingFlag":false,"criticalOptimus":false}},{"type":"Feature","geometry":{"type":"Point","coordinates":[-79.54171827855,40.302873234064]},"properties":{"id":"60","name":"GREENSBURG","propertyType":"PSI Owned","category":"OO","address":"116 E. Pittsburgh St., Suite 101","city":"Greensburg","state":"Pennsylvania","zip":"15601","country":"USA","geocodeSource":"census","scoreBucket":3,"scoreRaw":18,"seats":8,"cdVolume":3884,"avgMonthlyVol":323.7,"zdTicketRate":0.0559,"dispRate":0.0116,"reschdRate":0.0211,"dmaRegion":"PITTSBURGH","optimusScore":0.667,"optimusTier":"C","fy25Volume":1799,"fy25Utilization":0.596,"priority":null,"quickWins":"Repair facade damage, repaint, replace broken doors, improve entrance appearance; Clean floors, repair walls, replace broken furniture, improve lighting; Remove personal items, organize desk, update signage, clear walkways; Replace broken furniture, organize cables, improve lighting, reduce noise; D","leaseAction":null,"leaseStatus":null,"daysRemaining":null,"leaseUtilization":null,"monthlyRevenue":null,"contractFlag":null,"recommendedAction":null,"licensureNote":null,"opsNotes":null,"leaseExpiry":null,"osDate":"2025-08-28","oc01":0.75,"oc02":0.65,"oc03":0.7,"oc04":0.85,"oc05":0.85,"oc06":null,"oc07":0.85,"oc08":0.85,"oc09":null,"adaFlag":false,"brandingFlag":false,"criticalOptimus":false}},{"type":"Feature","geometry":{"type":"Point","coordinates":[-76.824174930237,40.336145659572]},"properties":{"id":"13338","name":"Harrisburg - AVNA Learning Center","propertyType":"PSI Authorized","category":"3P","address":"4309 Linglestown Rd., Suite 114- Door 4","city":"Harrisburg","state":"Pennsylvania","zip":"17112","country":"USA","geocodeSource":"census","scoreBucket":4,"scoreRaw":21,"seats":14,"cdVolume":7849,"avgMonthlyVol":654.1,"zdTicketRate":0.0513,"dispRate":0.0038,"reschdRate":0,"dmaRegion":"HARRISBURG - LNCSTR - LEB - YORK","leaseAction":null,"leaseStatus":null,"daysRemaining":null,"leaseUtilization":null,"monthlyRevenue":null,"contractFlag":null,"recommendedAction":null,"licensureNote":null,"opsNotes":null,"leaseExpiry":null,"criticalOptimus":false}},{"type":"Feature","geometry":{"type":"Point","coordinates":[-75.355445523286,40.079458827107]},"properties":{"id":"13064","name":"King of Prussia - AVNA Learning Center","propertyType":"PSI Authorized","category":"3P","address":"601 South Henderson Road, Suite 205","city":"King of Prussia","state":"Pennsylvania","zip":"19406","country":"USA","geocodeSource":"census","scoreBucket":5,"scoreRaw":23,"seats":20,"cdVolume":12154,"avgMonthlyVol":1012.8,"zdTicketRate":0.0295,"dispRate":0.0037,"reschdRate":0.001,"dmaRegion":"PHILADELPHIA","leaseAction":null,"leaseStatus":null,"daysRemaining":null,"leaseUtilization":null,"monthlyRevenue":null,"contractFlag":null,"recommendedAction":null,"licensureNote":null,"opsNotes":null,"leaseExpiry":null,"criticalOptimus":false}},{"type":"Feature","geometry":{"type":"Point","coordinates":[-79.8964423,40.4368991]},"properties":{"id":"64","name":"PITTSBURGH","propertyType":"PSI Owned","category":"OO","address":"1789 South Braddock Ave, STE 296","city":"Pittsburgh","state":"Pennsylvania","zip":"15218","country":"USA","geocodeSource":"nominatim","scoreBucket":4,"scoreRaw":21,"seats":10,"cdVolume":7921,"avgMonthlyVol":660.1,"zdTicketRate":0.0506,"dispRate":0.0049,"reschdRate":0,"dmaRegion":"PITTSBURGH","optimusScore":0.675,"optimusTier":"C","fy25Volume":3769,"fy25Utilization":0.785,"priority":null,"quickWins":"Repair facade damage, repaint, replace broken doors, improve entrance appearance; Clean floors, repair walls, replace broken furniture, improve lighting; Remove personal items, organize desk, update signage, clear walkways; Replace broken furniture, organize cables, improve lighting, reduce noise; D","leaseAction":null,"leaseStatus":null,"daysRemaining":null,"leaseUtilization":null,"monthlyRevenue":null,"contractFlag":null,"recommendedAction":null,"licensureNote":null,"opsNotes":null,"leaseExpiry":null,"osDate":"2025-09-03","oc01":0.85,"oc02":0.55,"oc03":0.766,"oc04":0.85,"oc05":0.55,"oc06":0.85,"oc07":0.85,"oc08":0.85,"oc09":null,"adaFlag":false,"brandingFlag":false,"criticalOptimus":false}},{"type":"Feature","geometry":{"type":"Point","coordinates":[-74.963249897065,40.138227090503]},"properties":{"id":"18915","name":"Trevose - Training Camp","propertyType":"PSI Authorized","category":"3P","address":"3800 Horizon Blvd, Suite 107","city":"Trevose","state":"Pennsylvania","zip":"19053","country":"USA","geocodeSource":"census","scoreBucket":3,"scoreRaw":18,"seats":8,"cdVolume":19,"avgMonthlyVol":6.3,"zdTicketRate":0,"dispRate":0,"reschdRate":0,"dmaRegion":null,"leaseAction":null,"leaseStatus":null,"daysRemaining":null,"leaseUtilization":null,"monthlyRevenue":null,"contractFlag":null,"recommendedAction":null,"licensureNote":null,"opsNotes":null,"leaseExpiry":null,"criticalOptimus":false}},{"type":"Feature","geometry":{"type":"Point","coordinates":[-71.827008671395,42.222403146487]},"properties":{"id":"13351","name":"Auburn - Auburn Training and Testing Center","propertyType":"PSI Authorized","category":"3P","address":"48 Sword St., Unit 204","city":"Auburn","state":"Massachusetts","zip":"01501","country":"USA","geocodeSource":"census","scoreBucket":3,"scoreRaw":19,"seats":10,"cdVolume":9028,"avgMonthlyVol":752.3,"zdTicketRate":0.0438,"dispRate":0.0179,"reschdRate":0.0085,"dmaRegion":"BOSTON (MANCHESTER)","leaseAction":null,"leaseStatus":null,"daysRemaining":null,"leaseUtilization":null,"monthlyRevenue":null,"contractFlag":null,"recommendedAction":null,"licensureNote":null,"opsNotes":null,"leaseExpiry":null,"criticalOptimus":false}},{"type":"Feature","geometry":{"type":"Point","coordinates":[-80.709190623924,32.436272711593]},"properties":{"id":"74","name":"BEAUFORT","propertyType":"PSI Owned","category":"OO","address":"69 ROBERT SMALLS PKWY/SC-170, REGIONS BANK BUILDING, UNIT 4D","city":"BEAUFORT","state":"South Carolina","zip":"29902","country":"USA","geocodeSource":"census","scoreBucket":4,"scoreRaw":20,"seats":8,"cdVolume":5163,"avgMonthlyVol":430.2,"zdTicketRate":0.0643,"dispRate":0.0126,"reschdRate":0.0045,"dmaRegion":"SAVANNAH","optimusScore":0.597,"optimusTier":"C","fy25Volume":2577,"fy25Utilization":0.716,"priority":"Y","quickWins":"Repair facade damage, repaint, replace broken doors, improve entrance appearance; Clean floors, repair walls, replace broken furniture, improve lighting; Remove personal items, organize desk, update signage, clear walkways; Replace broken furniture, organize cables, improve lighting, reduce noise; D","leaseAction":"Renew","leaseStatus":"Expiring 2026","daysRemaining":186,"leaseUtilization":0.72,"monthlyRevenue":69612,"contractFlag":true,"recommendedAction":"71.6% util, 4-day — add Mon + Sat at renewal","licensureNote":"SC RE — working on 5-year extension","opsNotes":null,"leaseExpiry":"11-30-2026","osDate":"2025-09-26","oc01":0.85,"oc02":0.6,"oc03":0.7,"oc04":0.75,"oc05":0.85,"oc06":null,"oc07":null,"oc08":0.85,"oc09":null,"adaFlag":false,"brandingFlag":false,"criticalOptimus":false}},{"type":"Feature","geometry":{"type":"Point","coordinates":[-80.00884884708,32.870846065221]},"properties":{"id":"73","name":"CHARLESTON","propertyType":"PSI Owned","category":"OO","address":"4600 GOER DR, SUITE 112A","city":"Charleston","state":"South Carolina","zip":"29406","country":"USA","geocodeSource":"census","scoreBucket":4,"scoreRaw":22,"seats":10,"cdVolume":13068,"avgMonthlyVol":1089,"zdTicketRate":0.0286,"dispRate":0.0154,"reschdRate":0.0011,"dmaRegion":"CHARLESTON, SC","optimusScore":0.667,"optimusTier":"C","fy25Volume":7124,"fy25Utilization":0.784,"priority":"Y","quickWins":"Repair facade damage, repaint, replace broken doors, improve entrance appearance; Clean floors, repair walls, replace broken furniture, improve lighting; Remove personal items, organize desk, update signage, clear walkways; Replace broken furniture, organize cables, improve lighting, reduce noise; D","leaseAction":"Renew","leaseStatus":"EXPIRED","daysRemaining":-270,"leaseUtilization":0.78,"monthlyRevenue":242822,"contractFlag":true,"recommendedAction":"Paying holdover — 1-yr extension in review; resolve","licensureNote":"SC RE — working on 5-year extension","opsNotes":null,"leaseExpiry":"08-31-2025","osDate":"2025-09-27","oc01":0.85,"oc02":0.55,"oc03":0.7,"oc04":0.85,"oc05":0.9,"oc06":null,"oc07":0.75,"oc08":0.85,"oc09":null,"adaFlag":false,"brandingFlag":false,"criticalOptimus":false}},{"type":"Feature","geometry":{"type":"Point","coordinates":[-81.212032847128,34.707212160313]},"properties":{"id":"18092","name":"Chester - Prime Testing Solutions","propertyType":"PSI Authorized","category":"3P","address":"106 York St.","city":"Chester","state":"South Carolina","zip":"29706","country":"USA","geocodeSource":"census","scoreBucket":3,"scoreRaw":17,"seats":10,"cdVolume":1588,"avgMonthlyVol":132.3,"zdTicketRate":0.0762,"dispRate":0.0101,"reschdRate":0.0069,"dmaRegion":"CHARLOTTE","leaseAction":null,"leaseStatus":null,"daysRemaining":null,"leaseUtilization":null,"monthlyRevenue":null,"contractFlag":null,"recommendedAction":null,"licensureNote":null,"opsNotes":null,"leaseExpiry":null,"criticalOptimus":false}},{"type":"Feature","geometry":{"type":"Point","coordinates":[-81.121186294062,34.033458415601]},"properties":{"id":"71","name":"COLUMBIA","propertyType":"PSI Owned","category":"OO","address":"Synergy Business Park/Congaree Building, 121 Executive Center Drive, Suite 143","city":"COLUMBIA","state":"South Carolina","zip":"29210","country":"USA","geocodeSource":"census","scoreBucket":4,"scoreRaw":22,"seats":16,"cdVolume":11947,"avgMonthlyVol":995.6,"zdTicketRate":0.0337,"dispRate":0.0151,"reschdRate":0.0032,"dmaRegion":"COLUMBIA, SC","optimusScore":0.643,"optimusTier":"C","fy25Volume":6366,"fy25Utilization":0.718,"priority":null,"quickWins":"Repair facade damage, repaint, replace broken doors, improve entrance appearance; Clean floors, repair walls, replace broken furniture, improve lighting; Remove personal items, organize desk, update signage, clear walkways; Replace broken furniture, organize cables, improve lighting, reduce noise; D","leaseAction":"Renew","leaseStatus":"EXPIRED","daysRemaining":-58,"leaseUtilization":0.72,"monthlyRevenue":179739,"contractFlag":true,"recommendedAction":"5-mo bridge MTM agreed (Colliers 3/25/26); move to practical TC","licensureNote":"SC RE — working on 5-year extension","opsNotes":null,"leaseExpiry":"03-31-2026","osDate":"2025-08-26","oc01":0.93,"oc02":0.55,"oc03":0.7,"oc04":0.85,"oc05":0.9,"oc06":null,"oc07":null,"oc08":0.9,"oc09":null,"adaFlag":false,"brandingFlag":false,"criticalOptimus":false}},{"type":"Feature","geometry":{"type":"Point","coordinates":[-80.937039624423,34.086130218831]},"properties":{"id":"13117","name":"Columbia - BCY Testing Solution","propertyType":"PSI Authorized","category":"3P","address":"115 Atrium Way, Suite 101","city":"Columbia","state":"South Carolina","zip":"29223","country":"USA","geocodeSource":"census","scoreBucket":5,"scoreRaw":23,"seats":10,"cdVolume":5174,"avgMonthlyVol":431.2,"zdTicketRate":0.0176,"dispRate":0.0014,"reschdRate":0,"dmaRegion":"COLUMBIA, SC","leaseAction":null,"leaseStatus":null,"daysRemaining":null,"leaseUtilization":null,"monthlyRevenue":null,"contractFlag":null,"recommendedAction":null,"licensureNote":null,"opsNotes":null,"leaseExpiry":null,"criticalOptimus":false}},{"type":"Feature","geometry":{"type":"Point","coordinates":[-78.995666007397,33.797831950376]},"properties":{"id":"5473","name":"Conway - Coastal Carolina University","propertyType":"PSI Authorized","category":"3P","address":"301 Allied Drive, Room 100","city":"Conway","state":"South Carolina","zip":"29526","country":"USA","geocodeSource":"census","scoreBucket":3,"scoreRaw":18,"seats":24,"cdVolume":2598,"avgMonthlyVol":216.5,"zdTicketRate":0.1001,"dispRate":0.0154,"reschdRate":0.0004,"dmaRegion":"MYRTLE BEACH - FLORENCE","leaseAction":null,"leaseStatus":null,"daysRemaining":null,"leaseUtilization":null,"monthlyRevenue":null,"contractFlag":null,"recommendedAction":null,"licensureNote":null,"opsNotes":null,"leaseExpiry":null,"criticalOptimus":false}},{"type":"Feature","geometry":{"type":"Point","coordinates":[-79.76539148347,34.190329828426]},"properties":{"id":"11718","name":"Florence - Florence County Adult Education","propertyType":"PSI Authorized","category":"3P","address":"500 S. Dargan St, 1st Floor, Room 114","city":"Florence","state":"South Carolina","zip":"29506","country":"USA","geocodeSource":"census","scoreBucket":2,"scoreRaw":15,"seats":15,"cdVolume":1386,"avgMonthlyVol":115.5,"zdTicketRate":0.0606,"dispRate":0.0195,"reschdRate":0.0224,"dmaRegion":"MYRTLE BEACH - FLORENCE","leaseAction":null,"leaseStatus":null,"daysRemaining":null,"leaseUtilization":null,"monthlyRevenue":null,"contractFlag":null,"recommendedAction":null,"licensureNote":null,"opsNotes":null,"leaseExpiry":null,"criticalOptimus":false}},{"type":"Feature","geometry":{"type":"Point","coordinates":[-81.839878741615,33.533169616376]},"properties":{"id":"5474","name":"Graniteville - Aiken Technical College","propertyType":"PSI Authorized","category":"3P","address":"2276 Jefferson Davis Hwy, Toom 742","city":"Graniteville","state":"South Carolina","zip":"29829","country":"USA","geocodeSource":"census","scoreBucket":2,"scoreRaw":14,"seats":2,"cdVolume":1417,"avgMonthlyVol":118.1,"zdTicketRate":0.1129,"dispRate":0.0148,"reschdRate":0.0303,"dmaRegion":"AUGUSTA","leaseAction":null,"leaseStatus":null,"daysRemaining":null,"leaseUtilization":null,"monthlyRevenue":null,"contractFlag":null,"recommendedAction":null,"licensureNote":null,"opsNotes":null,"leaseExpiry":null,"criticalOptimus":false}},{"type":"Feature","geometry":{"type":"Point","coordinates":[-82.3082968586,34.837199623947]},"properties":{"id":"10042","name":"GREENVILLE/SPARTANBURG","propertyType":"PSI Owned","category":"OO","address":"150 EXECUTIVE CTR. DR., SUITE 104","city":"GREENVILLE","state":"South Carolina","zip":"29615","country":"USA","geocodeSource":"census","scoreBucket":5,"scoreRaw":24,"seats":25,"cdVolume":17031,"avgMonthlyVol":1419.2,"zdTicketRate":0.0439,"dispRate":0.0066,"reschdRate":0.0014,"dmaRegion":"GREENVLL - SPART - ASHEVLL - AND","optimusScore":0.634,"optimusTier":"C","fy25Volume":8792,"fy25Utilization":0.68,"priority":null,"quickWins":"Repair facade damage, repaint, replace broken doors, improve entrance appearance; Clean floors, repair walls, replace broken furniture, improve lighting; Remove personal items, organize desk, update signage, clear walkways; Replace broken furniture, organize cables, improve lighting, reduce noise; D","leaseAction":null,"leaseStatus":null,"daysRemaining":null,"leaseUtilization":null,"monthlyRevenue":null,"contractFlag":null,"recommendedAction":null,"licensureNote":null,"opsNotes":null,"leaseExpiry":null,"osDate":"2025-09-24","oc01":0.8,"oc02":0.65,"oc03":0.766,"oc04":0.65,"oc05":0.85,"oc06":0.8,"oc07":0.65,"oc08":0.85,"oc09":null,"adaFlag":true,"brandingFlag":false,"criticalOptimus":false}},{"type":"Feature","geometry":{"type":"Point","coordinates":[-78.878474311568,33.700718397249]},"properties":{"id":"72","name":"MYRTLE BEACH","propertyType":"PSI Owned","category":"OO","address":"1601 N. OAK ST., SUITE 305","city":"MYRTLE BEACH","state":"South Carolina","zip":"29577","country":"USA","geocodeSource":"census","scoreBucket":4,"scoreRaw":21,"seats":10,"cdVolume":6153,"avgMonthlyVol":512.8,"zdTicketRate":0.0645,"dispRate":0.0206,"reschdRate":0.0029,"dmaRegion":"MYRTLE BEACH - FLORENCE","optimusScore":0.472,"optimusTier":"C","fy25Volume":3064,"fy25Utilization":0.719,"priority":"Y","quickWins":"Repair facade damage, repaint, replace broken doors, improve entrance appearance; Clean floors, repair walls, replace broken furniture, improve lighting; Remove personal items, organize desk, update signage, clear walkways; Replace broken furniture, organize cables, improve lighting, reduce noise; D","leaseAction":"Refurbish","leaseStatus":"EXPIRED","daysRemaining":-3345,"leaseUtilization":0.72,"monthlyRevenue":128116,"contractFlag":true,"recommendedAction":"9+ yrs MTM; refurb — no ADA, wall/floor repairs, portable AC","licensureNote":"SC RE — working on 5-year extension","opsNotes":null,"leaseExpiry":"03-31-2017","osDate":"2025-09-18","oc01":null,"oc02":0.45,"oc03":0.766,"oc04":0.85,"oc05":null,"oc06":0.6,"oc07":null,"oc08":null,"oc09":null,"adaFlag":false,"brandingFlag":false,"criticalOptimus":false}},{"type":"Feature","geometry":{"type":"Point","coordinates":[-80.86607691241,33.484543836871]},"properties":{"id":"18992","name":"Orangeburg - Carolina Testing Solutions","propertyType":"PSI Authorized","category":"3P","address":"1299 John C Calhoun Drive","city":"Orangeburg","state":"South Carolina","zip":"29115","country":"USA","geocodeSource":"census","scoreBucket":3,"scoreRaw":17,"seats":11,"cdVolume":120,"avgMonthlyVol":17.1,"zdTicketRate":0.0917,"dispRate":0,"reschdRate":0.0083,"dmaRegion":null,"leaseAction":null,"leaseStatus":null,"daysRemaining":null,"leaseUtilization":null,"monthlyRevenue":null,"contractFlag":null,"recommendedAction":null,"licensureNote":null,"opsNotes":null,"leaseExpiry":null,"criticalOptimus":false}},{"type":"Feature","geometry":{"type":"Point","coordinates":[-81.9905012,34.9363608]},"properties":{"id":"13307","name":"Spartanburg - Kocch Testing Centers of America","propertyType":"PSI Authorized","category":"3P","address":"353-A E Blackstock Rd","city":"Spartanburg","state":"South Carolina","zip":"29301","country":"USA","geocodeSource":"nominatim","scoreBucket":3,"scoreRaw":19,"seats":9,"cdVolume":3191,"avgMonthlyVol":265.9,"zdTicketRate":0.0461,"dispRate":0.016,"reschdRate":0.027,"dmaRegion":"GREENVLL - SPART - ASHEVLL - AND","leaseAction":null,"leaseStatus":null,"daysRemaining":null,"leaseUtilization":null,"monthlyRevenue":null,"contractFlag":null,"recommendedAction":null,"licensureNote":null,"opsNotes":null,"leaseExpiry":null,"criticalOptimus":false}},{"type":"Feature","geometry":{"type":"Point","coordinates":[-80.370838021698,33.935033181878]},"properties":{"id":"13188","name":"Sumter - Central Carolina Technical College","propertyType":"PSI Authorized","category":"3P","address":"506 North Guignard Drive,, Building 200 Room M2315","city":"Sumter","state":"South Carolina","zip":"29150","country":"USA","geocodeSource":"census","scoreBucket":2,"scoreRaw":16,"seats":3,"cdVolume":643,"avgMonthlyVol":53.6,"zdTicketRate":0.1446,"dispRate":0.0078,"reschdRate":0.0171,"dmaRegion":"COLUMBIA, SC","leaseAction":null,"leaseStatus":null,"daysRemaining":null,"leaseUtilization":null,"monthlyRevenue":null,"contractFlag":null,"recommendedAction":null,"licensureNote":null,"opsNotes":null,"leaseExpiry":null,"criticalOptimus":false}},{"type":"Feature","geometry":{"type":"Point","coordinates":[-97.089554759642,44.01502833449]},"properties":{"id":"6571","name":"Madison - Riggin Flight Service","propertyType":"PSI Authorized","category":"3P","address":"1600 Airport Dr.","city":"Madison","state":"South Dakota","zip":"57042","country":"USA","geocodeSource":"census","scoreBucket":2,"scoreRaw":16,"seats":3,"cdVolume":843,"avgMonthlyVol":70.2,"zdTicketRate":0.2349,"dispRate":0.0107,"reschdRate":0,"dmaRegion":"SIOUX FALLS (MITCHELL)","leaseAction":null,"leaseStatus":null,"daysRemaining":null,"leaseUtilization":null,"monthlyRevenue":null,"contractFlag":null,"recommendedAction":null,"licensureNote":null,"opsNotes":null,"leaseExpiry":null,"criticalOptimus":false}},{"type":"Feature","geometry":{"type":"Point","coordinates":[-103.199510223479,44.088510307627]},"properties":{"id":"6113","name":"Rapid City - Career Learning Center of the Black Hills","propertyType":"PSI Authorized","category":"3P","address":"730 E Watertown St","city":"Rapid City","state":"South Dakota","zip":"57701","country":"USA","geocodeSource":"census","scoreBucket":3,"scoreRaw":19,"seats":5,"cdVolume":539,"avgMonthlyVol":44.9,"zdTicketRate":0.0909,"dispRate":0.0019,"reschdRate":0.0037,"dmaRegion":"RAPID CITY","leaseAction":null,"leaseStatus":null,"daysRemaining":null,"leaseUtilization":null,"monthlyRevenue":null,"contractFlag":null,"recommendedAction":null,"licensureNote":null,"opsNotes":null,"leaseExpiry":null,"criticalOptimus":false}},{"type":"Feature","geometry":{"type":"Point","coordinates":[-103.2486352,44.0812589]},"properties":{"id":"11970","name":"Rapid City - HRB","propertyType":"PSI Authorized","category":"3P","address":"1819 W. Main","city":"Rapid City","state":"South Dakota","zip":"57701","country":"USA","geocodeSource":"nominatim","scoreBucket":3,"scoreRaw":17,"seats":3,"cdVolume":488,"avgMonthlyVol":40.7,"zdTicketRate":0.1578,"dispRate":0,"reschdRate":0.0041,"dmaRegion":"RAPID CITY","leaseAction":null,"leaseStatus":null,"daysRemaining":null,"leaseUtilization":null,"monthlyRevenue":null,"contractFlag":null,"recommendedAction":null,"licensureNote":null,"opsNotes":null,"leaseExpiry":null,"criticalOptimus":false}},{"type":"Feature","geometry":{"type":"Point","coordinates":[-96.731162467963,43.51472735349]},"properties":{"id":"11971","name":"Sioux Falls - HRB","propertyType":"PSI Authorized","category":"3P","address":"3308 S. Minnesota Ave","city":"Sioux Falls","state":"South Dakota","zip":"57105","country":"USA","geocodeSource":"census","scoreBucket":2,"scoreRaw":16,"seats":3,"cdVolume":1053,"avgMonthlyVol":87.8,"zdTicketRate":0.1519,"dispRate":0.0009,"reschdRate":0,"dmaRegion":"SIOUX FALLS (MITCHELL)","leaseAction":null,"leaseStatus":null,"daysRemaining":null,"leaseUtilization":null,"monthlyRevenue":null,"contractFlag":null,"recommendedAction":null,"licensureNote":null,"opsNotes":null,"leaseExpiry":null,"criticalOptimus":false}},{"type":"Feature","geometry":{"type":"Point","coordinates":[-96.7829584,43.5625412]},"properties":{"id":"18773","name":"Sioux Falls - Southeast Technical College Testing Center","propertyType":"PSI Authorized","category":"3P","address":"2000 N Career Ave","city":"Sioux Falls","state":"South Dakota","zip":"57107","country":"USA","geocodeSource":"nominatim","scoreBucket":1,"scoreRaw":10,"seats":9,"cdVolume":149,"avgMonthlyVol":18.6,"zdTicketRate":0.094,"dispRate":0.1745,"reschdRate":0.3289,"dmaRegion":null,"leaseAction":null,"leaseStatus":null,"daysRemaining":null,"leaseUtilization":null,"monthlyRevenue":null,"contractFlag":null,"recommendedAction":null,"licensureNote":null,"opsNotes":null,"leaseExpiry":null,"criticalOptimus":false}},{"type":"Feature","geometry":{"type":"Point","coordinates":[-97.095299635947,44.90115750163]},"properties":{"id":"5478","name":"Watertown - Lake Area Technical College","propertyType":"PSI Authorized","category":"3P","address":"1201 Arrow Ave, Prarie Lakes Healthcare Ctr of Learning Entrance, PO Box 730","city":"Watertown","state":"South Dakota","zip":"57201","country":"USA","geocodeSource":"census","scoreBucket":2,"scoreRaw":14,"seats":3,"cdVolume":333,"avgMonthlyVol":27.8,"zdTicketRate":0.2402,"dispRate":0.006,"reschdRate":0.009,"dmaRegion":"SIOUX FALLS (MITCHELL)","leaseAction":null,"leaseStatus":null,"daysRemaining":null,"leaseUtilization":null,"monthlyRevenue":null,"contractFlag":null,"recommendedAction":null,"licensureNote":null,"opsNotes":null,"leaseExpiry":null,"criticalOptimus":false}},{"type":"Feature","geometry":{"type":"Point","coordinates":[-85.161408865704,35.044458793402]},"properties":{"id":"96","name":"CHATTANOOGA","propertyType":"PSI Owned","category":"OO","address":"6918 Shallowford Road, Suite 314","city":"Chattanooga","state":"Tennessee","zip":"37421","country":"USA","geocodeSource":"census","scoreBucket":4,"scoreRaw":20,"seats":9,"cdVolume":10539,"avgMonthlyVol":878.2,"zdTicketRate":0.0535,"dispRate":0.0164,"reschdRate":0.0065,"dmaRegion":"CHATTANOOGA","optimusScore":0.66,"optimusTier":"C","fy25Volume":5483,"fy25Utilization":0.695,"priority":null,"quickWins":"Repair facade damage, repaint, replace broken doors, improve entrance appearance; Clean floors, repair walls, replace broken furniture, improve lighting; Remove personal items, organize desk, update signage, clear walkways; Replace broken furniture, organize cables, improve lighting, reduce noise; D","leaseAction":"Refurbish","leaseStatus":"EXPIRED","daysRemaining":-1489,"leaseUtilization":0.7,"monthlyRevenue":199865,"contractFlag":false,"recommendedAction":"Refurb 2026 — storage clutter, navy drape in TC corner","licensureNote":"TN RE expires 8/30/2029","opsNotes":null,"leaseExpiry":"04-30-2022","osDate":"2025-08-28","oc01":0.85,"oc02":0.55,"oc03":0.834,"oc04":0.8,"oc05":0.85,"oc06":null,"oc07":null,"oc08":0.85,"oc09":null,"adaFlag":false,"brandingFlag":false,"criticalOptimus":false}},{"type":"Feature","geometry":{"type":"Point","coordinates":[-85.48502938722,36.145283406919]},"properties":{"id":"11885","name":"Cookeville - Volunteer State Community College","propertyType":"PSI Authorized","category":"3P","address":"Cookeville Higher Education Campus, 1000 Neal St","city":"Cookeville","state":"Tennessee","zip":"38501","country":"USA","geocodeSource":"census","scoreBucket":4,"scoreRaw":21,"seats":10,"cdVolume":1539,"avgMonthlyVol":128.2,"zdTicketRate":0.0468,"dispRate":0,"reschdRate":0.0026,"dmaRegion":"NASHVILLE","leaseAction":null,"leaseStatus":null,"daysRemaining":null,"leaseUtilization":null,"monthlyRevenue":null,"contractFlag":null,"recommendedAction":null,"licensureNote":null,"opsNotes":null,"leaseExpiry":null,"criticalOptimus":false}},{"type":"Feature","geometry":{"type":"Point","coordinates":[-88.850057753512,35.646428643863]},"properties":{"id":"97","name":"JACKSON, TN","propertyType":"PSI Owned","category":"OO","address":"368 North Parkway, Suite 3","city":"Jackson","state":"Tennessee","zip":"38305","country":"USA","geocodeSource":"census","scoreBucket":4,"scoreRaw":20,"seats":8,"cdVolume":4568,"avgMonthlyVol":380.7,"zdTicketRate":0.0685,"dispRate":0.0138,"reschdRate":0.0033,"dmaRegion":"JACKSON, TN","optimusScore":0.569,"optimusTier":"C","fy25Volume":2298,"fy25Utilization":0.617,"priority":null,"quickWins":"Repair facade damage, repaint, replace broken doors, improve entrance appearance; Clean floors, repair walls, replace broken furniture, improve lighting; Remove personal items, organize desk, update signage, clear walkways; Replace broken furniture, organize cables, improve lighting, reduce noise; D","leaseAction":"Renew","leaseStatus":"< 180 days","daysRemaining":95,"leaseUtilization":0.77,"monthlyRevenue":173367,"contractFlag":false,"recommendedAction":"76.5% util; add Saturday — currently 5 days only","licensureNote":"TN RE expires 8/30/2029","opsNotes":null,"leaseExpiry":"08-31-2026","osDate":"2025-09-23","oc01":0.55,"oc02":0.55,"oc03":0.766,"oc04":0.65,"oc05":0.75,"oc06":0.45,"oc07":0.55,"oc08":0.8,"oc09":null,"adaFlag":true,"brandingFlag":false,"criticalOptimus":false}},{"type":"Feature","geometry":{"type":"Point","coordinates":[-82.389898839,36.332976607131]},"properties":{"id":"98","name":"JOHNSON CITY","propertyType":"PSI Owned","category":"OO","address":"902 Sunset Drive, Suite 7A","city":"Johnson City","state":"Tennessee","zip":"37604","country":"USA","geocodeSource":"census","scoreBucket":4,"scoreRaw":21,"seats":7,"cdVolume":8779,"avgMonthlyVol":731.6,"zdTicketRate":0.0631,"dispRate":0.0142,"reschdRate":0.0025,"dmaRegion":"TRI - CITIES, TN - VA","optimusScore":0.588,"optimusTier":"C","fy25Volume":4436,"fy25Utilization":0.649,"priority":null,"quickWins":"Repair facade damage, repaint, replace broken doors, improve entrance appearance; Clean floors, repair walls, replace broken furniture, improve lighting; Remove personal items, organize desk, update signage, clear walkways; Replace broken furniture, organize cables, improve lighting, reduce noise; D","leaseAction":"Relocate","leaseStatus":"EXPIRED","daysRemaining":-2705,"leaseUtilization":0.65,"monthlyRevenue":164436,"contractFlag":false,"recommendedAction":"7+ yrs MTM; outdated bldg, no ADA, restroom in lobby — relo 2026","licensureNote":"TN RE expires 8/30/2029","opsNotes":null,"leaseExpiry":"12-31-2018","osDate":"2025-08-27","oc01":0.75,"oc02":0.45,"oc03":0.7,"oc04":0.65,"oc05":0.8,"oc06":0.55,"oc07":0.65,"oc08":0.85,"oc09":0.45,"adaFlag":true,"brandingFlag":false,"criticalOptimus":false}},{"type":"Feature","geometry":{"type":"Point","coordinates":[-84.059128961737,35.919740088575]},"properties":{"id":"13425","name":"Knoxville - Rocky Top Testing","propertyType":"PSI Authorized","category":"3P","address":"301 S Gallaher View Rd, Suite 114","city":"Knoxville","state":"Tennessee","zip":"37919","country":"USA","geocodeSource":"census","scoreBucket":4,"scoreRaw":22,"seats":11,"cdVolume":11488,"avgMonthlyVol":957.3,"zdTicketRate":0.0583,"dispRate":0.0001,"reschdRate":0.0014,"dmaRegion":"KNOXVILLE","leaseAction":null,"leaseStatus":null,"daysRemaining":null,"leaseUtilization":null,"monthlyRevenue":null,"contractFlag":null,"recommendedAction":null,"licensureNote":null,"opsNotes":null,"leaseExpiry":null,"criticalOptimus":false}},{"type":"Feature","geometry":{"type":"Point","coordinates":[-89.868803127681,35.096489418548]},"properties":{"id":"12507","name":"Memphis - Lab Four Professional Development Center","propertyType":"MG TESTING","category":"3P","address":"1255 Lynnfield Road, Suite 160","city":"Memphis","state":"Tennessee","zip":"38119","country":"USA","geocodeSource":"census","scoreBucket":5,"scoreRaw":24,"seats":6,"cdVolume":14089,"avgMonthlyVol":1174.1,"zdTicketRate":0.0421,"dispRate":0.0074,"reschdRate":0.0067,"dmaRegion":"MEMPHIS","leaseAction":null,"leaseStatus":null,"daysRemaining":null,"leaseUtilization":null,"monthlyRevenue":null,"contractFlag":null,"recommendedAction":null,"licensureNote":null,"opsNotes":null,"leaseExpiry":null,"criticalOptimus":false}},{"type":"Feature","geometry":{"type":"Point","coordinates":[-90.074091573314,35.086880529032]},"properties":{"id":"6185","name":"Memphis - Tennessee Valley Trng Ctr","propertyType":"MG TESTING","category":"3P","address":"324 West Mallory Ave","city":"Memphis","state":"Tennessee","zip":"38109","country":"USA","geocodeSource":"census","scoreBucket":3,"scoreRaw":18,"seats":10,"cdVolume":1256,"avgMonthlyVol":104.7,"zdTicketRate":0.0661,"dispRate":0.0167,"reschdRate":0.0056,"dmaRegion":"MEMPHIS","leaseAction":null,"leaseStatus":null,"daysRemaining":null,"leaseUtilization":null,"monthlyRevenue":null,"contractFlag":null,"recommendedAction":null,"licensureNote":null,"opsNotes":null,"leaseExpiry":null,"criticalOptimus":false}},{"type":"Feature","geometry":{"type":"Point","coordinates":[-86.70479314133,36.121938193825]},"properties":{"id":"5042","name":"NASHVILLE (1102 KERMIT DRIVE)","propertyType":"PSI Owned","category":"OO","address":"1102 Kermit Drive, The Oaks, Suite 101","city":"Nashville","state":"Tennessee","zip":"37217","country":"USA","geocodeSource":"census","scoreBucket":4,"scoreRaw":22,"seats":33,"cdVolume":30630,"avgMonthlyVol":2552.5,"zdTicketRate":0.0401,"dispRate":0.0108,"reschdRate":0.0011,"dmaRegion":"NASHVILLE","optimusScore":0.661,"optimusTier":"C","fy25Volume":15959,"fy25Utilization":0.777,"priority":null,"quickWins":"Repair facade damage, repaint, replace broken doors, improve entrance appearance; Clean floors, repair walls, replace broken furniture, improve lighting; Remove personal items, organize desk, update signage, clear walkways; Replace broken furniture, organize cables, improve lighting, reduce noise; D","leaseAction":null,"leaseStatus":null,"daysRemaining":null,"leaseUtilization":null,"monthlyRevenue":null,"contractFlag":null,"recommendedAction":null,"licensureNote":null,"opsNotes":null,"leaseExpiry":null,"osDate":"2025-08-28","oc01":0.7,"oc02":0.75,"oc03":0.634,"oc04":0.85,"oc05":0.85,"oc06":0.85,"oc07":0.75,"oc08":0.85,"oc09":null,"adaFlag":false,"brandingFlag":false,"criticalOptimus":false}},{"type":"Feature","geometry":{"type":"Point","coordinates":[-99.77916546568,32.448864050889]},"properties":{"id":"18648","name":"ABILENE (PIONEER)","propertyType":"PSI Owned","category":"OO","address":"301 S Pioneer Drive, Suite 103/104","city":"Abilene","state":"Texas","zip":"79605","country":"USA","geocodeSource":"census","scoreBucket":3,"scoreRaw":19,"seats":14,"cdVolume":2381,"avgMonthlyVol":198.4,"zdTicketRate":0.0953,"dispRate":0.0034,"reschdRate":0,"dmaRegion":null,"optimusScore":0.73,"optimusTier":"B","fy25Volume":1946,"fy25Utilization":0.623,"priority":null,"quickWins":"Remove any disposable items from the waiting area to improve cleanliness.; Organize items at the proctor station to reduce clutter.; Organize visible cables to reduce clutter.","leaseAction":null,"leaseStatus":null,"daysRemaining":null,"leaseUtilization":null,"monthlyRevenue":null,"contractFlag":null,"recommendedAction":null,"licensureNote":null,"opsNotes":null,"leaseExpiry":null,"osDate":"2025-09-19","oc01":0.65,"oc02":0.55,"oc03":0.8,"oc04":0.8,"oc05":0.9,"oc06":0.75,"oc07":0.8,"oc08":0.85,"oc09":0.85,"adaFlag":false,"brandingFlag":false,"criticalOptimus":false}},{"type":"Feature","geometry":{"type":"Point","coordinates":[-101.889457258834,35.165760923549]},"properties":{"id":"154","name":"AMARILLO - TECKLA","propertyType":"PSI Owned","category":"OO","address":"4312 Teckla, Suite 500","city":"Amarillo","state":"Texas","zip":"79109","country":"USA","geocodeSource":"census","scoreBucket":4,"scoreRaw":21,"seats":7,"cdVolume":5244,"avgMonthlyVol":437,"zdTicketRate":0.0759,"dispRate":0.0042,"reschdRate":0.0015,"dmaRegion":"AMARILLO","optimusScore":0.552,"optimusTier":"C","fy25Volume":2698,"fy25Utilization":0.71,"priority":null,"quickWins":"Repair facade damage, repaint, replace broken doors, improve entrance appearance; Clean floors, repair walls, replace broken furniture, improve lighting; Remove personal items, organize desk, update signage, clear walkways; Replace broken furniture, organize cables, improve lighting, reduce noise; D","leaseAction":"Refurbish","leaseStatus":"EXPIRED","daysRemaining":-3192,"leaseUtilization":0.71,"monthlyRevenue":70229,"contractFlag":false,"recommendedAction":"8+ yrs MTM; remodel written + practical","licensureNote":"TDLR expires 4/30/2027","opsNotes":null,"leaseExpiry":"08-31-2017","osDate":"2025-09-23","oc01":0.85,"oc02":0.45,"oc03":0.7,"oc04":0.55,"oc05":0.75,"oc06":null,"oc07":0.75,"oc08":0.85,"oc09":0.45,"adaFlag":false,"brandingFlag":false,"criticalOptimus":false}},{"type":"Feature","geometry":{"type":"Point","coordinates":[-97.066832334068,32.748354865868]},"properties":{"id":"10471","name":"ARLINGTON","propertyType":"PSI Owned","category":"OO","address":"Centerpoint IV, 2401 East Randol Mill Road, Suite 160","city":"Arlington","state":"Texas","zip":"76011","country":"USA","geocodeSource":"census","scoreBucket":5,"scoreRaw":23,"seats":25,"cdVolume":17169,"avgMonthlyVol":1430.8,"zdTicketRate":0.0395,"dispRate":0.008,"reschdRate":0.0019,"dmaRegion":"DALLAS - FT. WORTH","optimusScore":0.736,"optimusTier":"B","fy25Volume":9269,"fy25Utilization":0.706,"priority":null,"quickWins":"Organize the proctor's desk to reduce visible clutter.; Remove or organize boxes and water bottles from the floor.; Reorganize signs to reduce overlap and clutter.","leaseAction":"Renew","leaseStatus":"< 180 days","daysRemaining":95,"leaseUtilization":0.71,"monthlyRevenue":259629,"contractFlag":false,"recommendedAction":"70.6% util, full schedule; add evening hours","licensureNote":"TDLR expires 4/30/2027","opsNotes":null,"leaseExpiry":"08-31-2026","osDate":"2025-08-25","oc01":0.8,"oc02":0.85,"oc03":0.834,"oc04":0.85,"oc05":0.75,"oc06":0.65,"oc07":0.75,"oc08":0.85,"oc09":null,"adaFlag":false,"brandingFlag":false,"criticalOptimus":false}},{"type":"Feature","geometry":{"type":"Point","coordinates":[-97.735768392431,30.243701365144]},"properties":{"id":"19342","name":"AUSTIN - (IH35)","propertyType":"PSI Owned","category":"OO","address":"1524 S IH-35, Suite 300","city":"Austin","state":"Texas","zip":"78704","country":"USA","geocodeSource":"census","seats":null,"scoreRaw":null,"scoreBucket":null,"avgMonthlyVol":null,"cdVolume":null,"reschdRate":null,"dispRate":null,"zdTicketRate":null,"dmaRegion":null,"fy25Utilization":null,"fy25Volume":null,"optimusTier":null,"optimusScore":null,"quickWins":null,"priority":null,"leaseAction":null,"leaseStatus":null,"daysRemaining":null,"leaseUtilization":null,"monthlyRevenue":null,"contractFlag":null,"recommendedAction":null,"licensureNote":null,"opsNotes":null,"leaseExpiry":null,"osDate":null,"oc01":null,"oc02":null,"oc03":null,"oc04":null,"oc05":null,"oc06":null,"oc07":null,"oc08":null,"oc09":null,"brandingFlag":false,"adaFlag":false,"criticalOptimus":false}},{"type":"Feature","geometry":{"type":"Point","coordinates":[-97.678943852536,30.332784136839]},"properties":{"id":"13158","name":"Austin - Innovative Minds","propertyType":"PSI Authorized","category":"3P","address":"8000 Centre Park Drive 3rd Floor","city":"Austin","state":"Texas","zip":"78754","country":"USA","geocodeSource":"census","scoreBucket":3,"scoreRaw":19,"seats":10,"cdVolume":11367,"avgMonthlyVol":947.2,"zdTicketRate":0.0332,"dispRate":0.0041,"reschdRate":0.0341,"dmaRegion":"AUSTIN","leaseAction":null,"leaseStatus":null,"daysRemaining":null,"leaseUtilization":null,"monthlyRevenue":null,"contractFlag":null,"recommendedAction":null,"licensureNote":null,"opsNotes":null,"leaseExpiry":null,"criticalOptimus":false}},{"type":"Feature","geometry":{"type":"Point","coordinates":[-94.012094418832,29.954204023055]},"properties":{"id":"5486","name":"Beaumont - KUSA Aviation","propertyType":"PSI Authorized","category":"3P","address":"4700 Hangar Drive Hangar 5, Southeast Texas Regional Airport","city":"Beaumont","state":"Texas","zip":"77705","country":"USA","geocodeSource":"census","scoreBucket":3,"scoreRaw":19,"seats":6,"cdVolume":1632,"avgMonthlyVol":136,"zdTicketRate":0.0429,"dispRate":0.0129,"reschdRate":0.0098,"dmaRegion":"BEAUMONT - PORT ARTHUR","leaseAction":null,"leaseStatus":null,"daysRemaining":null,"leaseUtilization":null,"monthlyRevenue":null,"contractFlag":null,"recommendedAction":null,"licensureNote":null,"opsNotes":null,"leaseExpiry":null,"criticalOptimus":false}},{"type":"Feature","geometry":{"type":"Point","coordinates":[-96.322706770924,30.663088718931]},"properties":{"id":"17353","name":"Bryan - Sylvan Learning Bryan - College Station","propertyType":"PSI Authorized","category":"3P","address":"3100 Wildflower. Suite 310","city":"Bryan","state":"Texas","zip":"77802","country":"USA","geocodeSource":"census","scoreBucket":3,"scoreRaw":18,"seats":6,"cdVolume":2343,"avgMonthlyVol":195.2,"zdTicketRate":0.0491,"dispRate":0.0209,"reschdRate":0.0235,"dmaRegion":"WACO - TEMPLE - BRYAN","leaseAction":null,"leaseStatus":null,"daysRemaining":null,"leaseUtilization":null,"monthlyRevenue":null,"contractFlag":null,"recommendedAction":null,"licensureNote":null,"opsNotes":null,"leaseExpiry":null,"criticalOptimus":false}},{"type":"Feature","geometry":{"type":"Point","coordinates":[-96.713068549079,30.524172892529]},"properties":{"id":"19109","name":"Caldwell - Ebony Essence LLC","propertyType":"PSI Authorized","category":"3P","address":"1705 W. Hwy 21","city":"Caldwell","state":"Texas","zip":"77836","country":"USA","geocodeSource":"census","seats":null,"scoreRaw":null,"scoreBucket":null,"avgMonthlyVol":null,"cdVolume":null,"reschdRate":null,"dispRate":null,"zdTicketRate":null,"dmaRegion":null,"leaseAction":null,"leaseStatus":null,"daysRemaining":null,"leaseUtilization":null,"monthlyRevenue":null,"contractFlag":null,"recommendedAction":null,"licensureNote":null,"opsNotes":null,"leaseExpiry":null,"criticalOptimus":false}},{"type":"Feature","geometry":{"type":"Point","coordinates":[-97.419541235288,27.732161893536]},"properties":{"id":"15","name":"CORPUS CHRISTI","propertyType":"PSI Owned","category":"OO","address":"2820 South Padre Island Dr., Suite 105","city":"Corpus Christi","state":"Texas","zip":"78415","country":"USA","geocodeSource":"census","scoreBucket":4,"scoreRaw":22,"seats":6,"cdVolume":5481,"avgMonthlyVol":456.8,"zdTicketRate":0.0274,"dispRate":0,"reschdRate":0.0058,"dmaRegion":"CORPUS CHRISTI","optimusScore":0.664,"optimusTier":"C","fy25Volume":2896,"fy25Utilization":0.795,"priority":null,"quickWins":"Repair facade damage, repaint, replace broken doors, improve entrance appearance; Clean floors, repair walls, replace broken furniture, improve lighting; Remove personal items, organize desk, update signage, clear walkways; Replace broken furniture, organize cables, improve lighting, reduce noise; D","leaseAction":"Renew","leaseStatus":"EXPIRED","daysRemaining":-2615,"leaseUtilization":0.79,"monthlyRevenue":76435,"contractFlag":false,"recommendedAction":"MTM since 2019; 5-day schedule — add Saturday, renew","licensureNote":"TDLR expires 4/30/2027","opsNotes":null,"leaseExpiry":"03-31-2019","osDate":"2025-09-25","oc01":0.75,"oc02":0.65,"oc03":0.7,"oc04":0.85,"oc05":0.85,"oc06":null,"oc07":0.8,"oc08":0.85,"oc09":null,"adaFlag":false,"brandingFlag":false,"criticalOptimus":false}},{"type":"Feature","geometry":{"type":"Point","coordinates":[-96.8751576,32.8248372]},"properties":{"id":"17233","name":"Dallas - Dallas Training and Testing Center","propertyType":"PSI Authorized","category":"3P","address":"1140 Empire Central Dr, Suite 610","city":"Dallas","state":"Texas","zip":"75247","country":"USA","geocodeSource":"census","scoreBucket":2,"scoreRaw":16,"seats":4,"cdVolume":11964,"avgMonthlyVol":997,"zdTicketRate":0.0746,"dispRate":0.0233,"reschdRate":0.0394,"dmaRegion":"DALLAS - FT. WORTH","leaseAction":null,"leaseStatus":null,"daysRemaining":null,"leaseUtilization":null,"monthlyRevenue":null,"contractFlag":null,"recommendedAction":null,"licensureNote":null,"opsNotes":null,"leaseExpiry":null,"criticalOptimus":false}},{"type":"Feature","geometry":{"type":"Point","coordinates":[-96.8756576,32.8248372]},"properties":{"id":"10220","name":"Dallas - Tactix of Dallas","propertyType":"MG TESTING","category":"3P","address":"1140 Empire Central Dr., Ste. 235","city":"Dallas","state":"Texas","zip":"75247","country":"USA","geocodeSource":"census","scoreBucket":3,"scoreRaw":19,"seats":20,"cdVolume":3524,"avgMonthlyVol":293.7,"zdTicketRate":0.1081,"dispRate":0.0193,"reschdRate":0.0071,"dmaRegion":"DALLAS - FT. WORTH","leaseAction":null,"leaseStatus":null,"daysRemaining":null,"leaseUtilization":null,"monthlyRevenue":null,"contractFlag":null,"recommendedAction":null,"licensureNote":null,"opsNotes":null,"leaseExpiry":null,"criticalOptimus":false}},{"type":"Feature","geometry":{"type":"Point","coordinates":[-96.636172038873,33.705243377932]},"properties":{"id":"13582","name":"Denison - Grayson College","propertyType":"PSI Authorized","category":"3P","address":"6101 Grayson Drive","city":"Denison","state":"Texas","zip":"75020","country":"USA","geocodeSource":"census","scoreBucket":3,"scoreRaw":18,"seats":4,"cdVolume":364,"avgMonthlyVol":30.3,"zdTicketRate":0.0549,"dispRate":0.022,"reschdRate":0,"dmaRegion":"SHERMAN - ADA","leaseAction":null,"leaseStatus":null,"daysRemaining":null,"leaseUtilization":null,"monthlyRevenue":null,"contractFlag":null,"recommendedAction":null,"licensureNote":null,"opsNotes":null,"leaseExpiry":null,"criticalOptimus":false}},{"type":"Feature","geometry":{"type":"Point","coordinates":[-106.303855137733,31.744825067442]},"properties":{"id":"11859","name":"El Paso - Innovative Minds","propertyType":"PSI Authorized","category":"3P","address":"11500 Pellicano Dr, Suite B13","city":"El Paso","state":"Texas","zip":"79936","country":"USA","geocodeSource":"census","scoreBucket":3,"scoreRaw":19,"seats":12,"cdVolume":8485,"avgMonthlyVol":707.1,"zdTicketRate":0.0325,"dispRate":0.0025,"reschdRate":0.0288,"dmaRegion":"EL PASO (LAS CRUCES)","leaseAction":null,"leaseStatus":null,"daysRemaining":null,"leaseUtilization":null,"monthlyRevenue":null,"contractFlag":null,"recommendedAction":null,"licensureNote":null,"opsNotes":null,"leaseExpiry":null,"criticalOptimus":false}},{"type":"Feature","geometry":{"type":"Point","coordinates":[-97.369408382585,32.64363852722]},"properties":{"id":"18","name":"FORT WORTH","propertyType":"PSI Owned","category":"OO","address":"6801 Mc Cart Ave., Suite B-1","city":"Fort Worth","state":"Texas","zip":"76133","country":"USA","geocodeSource":"census","scoreBucket":4,"scoreRaw":22,"seats":10,"cdVolume":8989,"avgMonthlyVol":749.1,"zdTicketRate":0.0388,"dispRate":0.0027,"reschdRate":0.0003,"dmaRegion":"DALLAS - FT. WORTH","optimusScore":0.616,"optimusTier":"C","fy25Volume":4762,"fy25Utilization":0.787,"priority":null,"quickWins":"Repair facade damage, repaint, replace broken doors, improve entrance appearance; Clean floors, repair walls, replace broken furniture, improve lighting; Remove personal items, organize desk, update signage, clear walkways; Replace broken furniture, organize cables, improve lighting, reduce noise; D","leaseAction":"Renew","leaseStatus":"EXPIRED","daysRemaining":-89,"leaseUtilization":0.79,"monthlyRevenue":164439,"contractFlag":false,"recommendedAction":"1-yr renewal approved; plan standalone relo","licensureNote":"TDLR expires 4/30/2027","opsNotes":null,"leaseExpiry":"02-28-2026","osDate":"2025-09-23","oc01":0.85,"oc02":0.75,"oc03":0.834,"oc04":0.55,"oc05":0.65,"oc06":0.45,"oc07":0.85,"oc08":0.85,"oc09":null,"adaFlag":false,"brandingFlag":false,"criticalOptimus":false}},{"type":"Feature","geometry":{"type":"Point","coordinates":[-97.32102175661,32.686363019512]},"properties":{"id":"12300","name":"Fort Worth - Tactix","propertyType":"MG TESTING","category":"3P","address":"4200 South Freeway, La Gran Plaza, Suite 275","city":"Fort Worth","state":"Texas","zip":"76115","country":"USA","geocodeSource":"census","scoreBucket":4,"scoreRaw":21,"seats":20,"cdVolume":3378,"avgMonthlyVol":281.5,"zdTicketRate":0.0272,"dispRate":0.0036,"reschdRate":0.005,"dmaRegion":"DALLAS - FT. WORTH","leaseAction":null,"leaseStatus":null,"daysRemaining":null,"leaseUtilization":null,"monthlyRevenue":null,"contractFlag":null,"recommendedAction":null,"licensureNote":null,"opsNotes":null,"leaseExpiry":null,"criticalOptimus":false}},{"type":"Feature","geometry":{"type":"Point","coordinates":[-96.848237953239,33.165395177474]},"properties":{"id":"18991","name":"Frisco - Ho2 Academy","propertyType":"PSI Authorized","category":"3P","address":"4645 Avon Lane, Building 1, Suite 120B","city":"Frisco","state":"Texas","zip":"75033","country":"USA","geocodeSource":"census","scoreBucket":4,"scoreRaw":20,"seats":null,"cdVolume":1385,"avgMonthlyVol":197.9,"zdTicketRate":0.0282,"dispRate":0,"reschdRate":0.0007,"dmaRegion":null,"leaseAction":null,"leaseStatus":null,"daysRemaining":null,"leaseUtilization":null,"monthlyRevenue":null,"contractFlag":null,"recommendedAction":null,"licensureNote":null,"opsNotes":null,"leaseExpiry":null,"criticalOptimus":false}},{"type":"Feature","geometry":{"type":"Point","coordinates":[-97.755835236722,32.238705583209]},"properties":{"id":"11384","name":"Glen Rose - On-Target Training Courses, LLC","propertyType":"PSI Authorized","category":"3P","address":"301 Live Oak St Suite 1","city":"Glen Rose","state":"Texas","zip":"76043","country":"USA","geocodeSource":"census","scoreBucket":4,"scoreRaw":21,"seats":15,"cdVolume":1299,"avgMonthlyVol":108.2,"zdTicketRate":0.0269,"dispRate":0,"reschdRate":0,"dmaRegion":"DALLAS - FT. WORTH","leaseAction":null,"leaseStatus":null,"daysRemaining":null,"leaseUtilization":null,"monthlyRevenue":null,"contractFlag":null,"recommendedAction":null,"licensureNote":null,"opsNotes":null,"leaseExpiry":null,"criticalOptimus":false}},{"type":"Feature","geometry":{"type":"Point","coordinates":[-97.678914604398,26.199046618139]},"properties":{"id":"12303","name":"Harlingen - Innovative Minds","propertyType":"PSI Authorized","category":"3P","address":"722 Morgan Blvd Suite D","city":"Harlingen","state":"Texas","zip":"78550","country":"USA","geocodeSource":"census","scoreBucket":4,"scoreRaw":21,"seats":5,"cdVolume":3196,"avgMonthlyVol":266.3,"zdTicketRate":0.0829,"dispRate":0,"reschdRate":0.0072,"dmaRegion":"HARLINGEN - WSLCO - BRNSVL - MCA","leaseAction":null,"leaseStatus":null,"daysRemaining":null,"leaseUtilization":null,"monthlyRevenue":null,"contractFlag":null,"recommendedAction":null,"licensureNote":null,"opsNotes":null,"leaseExpiry":null,"criticalOptimus":false}},{"type":"Feature","geometry":{"type":"Point","coordinates":[-97.7871775,26.185004]},"properties":{"id":"5495","name":"Harlingen - Texas State Technical College","propertyType":"PSI Authorized","category":"3P","address":"3303 Ash Street, Building EK, Room 312","city":"Harlingen","state":"Texas","zip":"78550","country":"USA","geocodeSource":"nominatim","scoreBucket":2,"scoreRaw":14,"seats":3,"cdVolume":573,"avgMonthlyVol":47.8,"zdTicketRate":0.103,"dispRate":0.0175,"reschdRate":0.0471,"dmaRegion":"HARLINGEN - WSLCO - BRNSVL - MCA","leaseAction":null,"leaseStatus":null,"daysRemaining":null,"leaseUtilization":null,"monthlyRevenue":null,"contractFlag":null,"recommendedAction":null,"licensureNote":null,"opsNotes":null,"leaseExpiry":null,"criticalOptimus":false}},{"type":"Feature","geometry":{"type":"Point","coordinates":[-95.584683113177,29.927924057395]},"properties":{"id":"10224","name":"Houston - Business Communication Solutions","propertyType":"PSI Authorized","category":"3P","address":"10694 Jones Rd., Suite 205","city":"Houston","state":"Texas","zip":"77065","country":"USA","geocodeSource":"census","scoreBucket":2,"scoreRaw":16,"seats":3,"cdVolume":1165,"avgMonthlyVol":97.1,"zdTicketRate":0.0661,"dispRate":0.0094,"reschdRate":0.0163,"dmaRegion":"HOUSTON","leaseAction":null,"leaseStatus":null,"daysRemaining":null,"leaseUtilization":null,"monthlyRevenue":null,"contractFlag":null,"recommendedAction":null,"licensureNote":null,"opsNotes":null,"leaseExpiry":null,"criticalOptimus":false}},{"type":"Feature","geometry":{"type":"Point","coordinates":[-95.450909659786,29.804180143307]},"properties":{"id":"160","name":"HOUSTON - NORTHWEST FREEWAY","propertyType":"PSI Owned","category":"OO","address":"9800 Northwest Freeway, Suite 200","city":"Houston","state":"Texas","zip":"77092","country":"USA","geocodeSource":"census","scoreBucket":4,"scoreRaw":22,"seats":12,"cdVolume":12470,"avgMonthlyVol":1039.2,"zdTicketRate":0.0353,"dispRate":0.0199,"reschdRate":0.0062,"dmaRegion":"HOUSTON","optimusScore":0.637,"optimusTier":"C","fy25Volume":6352,"fy25Utilization":0.91,"priority":null,"quickWins":"Repair facade damage, repaint, replace broken doors, improve entrance appearance; Clean floors, repair walls, replace broken furniture, improve lighting; Remove personal items, organize desk, update signage, clear walkways; Replace broken furniture, organize cables, improve lighting, reduce noise; D","leaseAction":null,"leaseStatus":null,"daysRemaining":null,"leaseUtilization":null,"monthlyRevenue":null,"contractFlag":null,"recommendedAction":null,"licensureNote":null,"opsNotes":null,"leaseExpiry":null,"osDate":"2025-10-14","oc01":0.85,"oc02":0.65,"oc03":0.7,"oc04":0.75,"oc05":0.75,"oc06":0.65,"oc07":0.8,"oc08":0.8,"oc09":null,"adaFlag":false,"brandingFlag":false,"criticalOptimus":false}},{"type":"Feature","geometry":{"type":"Point","coordinates":[-95.273465565125,29.798715085146]},"properties":{"id":"10218","name":"Houston - Tactix of Houston","propertyType":"MG TESTING","category":"3P","address":"8799 N Loop E, Suite 270","city":"Houston","state":"Texas","zip":"77029","country":"USA","geocodeSource":"census","scoreBucket":4,"scoreRaw":20,"seats":16,"cdVolume":9431,"avgMonthlyVol":785.9,"zdTicketRate":0.0437,"dispRate":0.025,"reschdRate":0.0072,"dmaRegion":"HOUSTON","leaseAction":null,"leaseStatus":null,"daysRemaining":null,"leaseUtilization":null,"monthlyRevenue":null,"contractFlag":null,"recommendedAction":null,"licensureNote":null,"opsNotes":null,"leaseExpiry":null,"criticalOptimus":false}},{"type":"Feature","geometry":{"type":"Point","coordinates":[-95.231913094828,29.773374512382]},"properties":{"id":"13334","name":"Houston East - Innovative Minds","propertyType":"PSI Authorized","category":"3P","address":"11811 East Freeway, Ste. 260, Atrium Tower","city":"Houston","state":"Texas","zip":"77029","country":"USA","geocodeSource":"census","scoreBucket":4,"scoreRaw":22,"seats":7,"cdVolume":9734,"avgMonthlyVol":811.2,"zdTicketRate":0.0324,"dispRate":0.0058,"reschdRate":0.0025,"dmaRegion":"HOUSTON","leaseAction":null,"leaseStatus":null,"daysRemaining":null,"leaseUtilization":null,"monthlyRevenue":null,"contractFlag":null,"recommendedAction":null,"licensureNote":null,"opsNotes":null,"leaseExpiry":null,"criticalOptimus":false}},{"type":"Feature","geometry":{"type":"Point","coordinates":[-95.389334511767,29.938315897188]},"properties":{"id":"13333","name":"Houston North - Innovative Minds","propertyType":"PSI Authorized","category":"3P","address":"650 North Sam Houston Parkway East, Ste 535","city":"Houston","state":"Texas","zip":"77060","country":"USA","geocodeSource":"census","scoreBucket":4,"scoreRaw":20,"seats":8,"cdVolume":10271,"avgMonthlyVol":855.9,"zdTicketRate":0.0793,"dispRate":0.0215,"reschdRate":0.0002,"dmaRegion":"HOUSTON","leaseAction":null,"leaseStatus":null,"daysRemaining":null,"leaseUtilization":null,"monthlyRevenue":null,"contractFlag":null,"recommendedAction":null,"licensureNote":null,"opsNotes":null,"leaseExpiry":null,"criticalOptimus":false}},{"type":"Feature","geometry":{"type":"Point","coordinates":[-95.449069713983,29.043048178112]},"properties":{"id":"18779","name":"Lake Jackson - Lone Star Testing Services","propertyType":"PSI Authorized","category":"3P","address":"129 Circle Way, Ste 102","city":"Lake Jackson","state":"Texas","zip":"77566","country":"USA","geocodeSource":"census","scoreBucket":2,"scoreRaw":16,"seats":10,"cdVolume":693,"avgMonthlyVol":57.8,"zdTicketRate":0,"dispRate":0,"reschdRate":0.0202,"dmaRegion":null,"leaseAction":null,"leaseStatus":null,"daysRemaining":null,"leaseUtilization":null,"monthlyRevenue":null,"contractFlag":null,"recommendedAction":null,"licensureNote":null,"opsNotes":null,"leaseExpiry":null,"criticalOptimus":false}},{"type":"Feature","geometry":{"type":"Point","coordinates":[-99.432767068731,27.574032897188]},"properties":{"id":"6322","name":"Laredo - Texas A and M International University","propertyType":"TD TESTING","category":"3P","address":"5201 University Blvd","city":"Laredo","state":"Texas","zip":"78041","country":"USA","geocodeSource":"census","scoreBucket":3,"scoreRaw":17,"seats":10,"cdVolume":678,"avgMonthlyVol":56.5,"zdTicketRate":0.0767,"dispRate":0.0029,"reschdRate":0.0177,"dmaRegion":"LAREDO","leaseAction":null,"leaseStatus":null,"daysRemaining":null,"leaseUtilization":null,"monthlyRevenue":null,"contractFlag":null,"recommendedAction":null,"licensureNote":null,"opsNotes":null,"leaseExpiry":null,"criticalOptimus":false}},{"type":"Feature","geometry":{"type":"Point","coordinates":[-97.010693232371,33.022882208414]},"properties":{"id":"10226","name":"Lewisville - ETC Learning Centers / Murlle LLC","propertyType":"PSI Authorized","category":"3P","address":"1720 S. Edmonds Lane. Suite 9, Edmonds Square Professional Building","city":"Lewisville","state":"Texas","zip":"75067","country":"USA","geocodeSource":"census","scoreBucket":4,"scoreRaw":20,"seats":6,"cdVolume":2109,"avgMonthlyVol":175.8,"zdTicketRate":0.0664,"dispRate":0,"reschdRate":0.0043,"dmaRegion":"DALLAS - FT. WORTH","leaseAction":null,"leaseStatus":null,"daysRemaining":null,"leaseUtilization":null,"monthlyRevenue":null,"contractFlag":null,"recommendedAction":null,"licensureNote":null,"opsNotes":null,"leaseExpiry":null,"criticalOptimus":false}},{"type":"Feature","geometry":{"type":"Point","coordinates":[-101.905410610878,33.519688809686]},"properties":{"id":"23","name":"LUBBOCK","propertyType":"PSI Owned","category":"OO","address":"4413 82nd Street, Suite 210","city":"Lubbock","state":"Texas","zip":"79424","country":"USA","geocodeSource":"census","scoreBucket":4,"scoreRaw":21,"seats":4,"cdVolume":5256,"avgMonthlyVol":438,"zdTicketRate":0.0333,"dispRate":0.0067,"reschdRate":0.0053,"dmaRegion":"LUBBOCK","optimusScore":0.678,"optimusTier":"C","fy25Volume":2594,"fy25Utilization":0.79,"priority":null,"quickWins":"Repair facade damage, repaint, replace broken doors, improve entrance appearance; Clean floors, repair walls, replace broken furniture, improve lighting; Remove personal items, organize desk, update signage, clear walkways; Replace broken furniture, organize cables, improve lighting, reduce noise; D","leaseAction":null,"leaseStatus":null,"daysRemaining":null,"leaseUtilization":null,"monthlyRevenue":null,"contractFlag":null,"recommendedAction":null,"licensureNote":null,"opsNotes":null,"leaseExpiry":null,"osDate":"2025-09-23","oc01":0.75,"oc02":0.65,"oc03":0.7,"oc04":0.85,"oc05":0.85,"oc06":0.65,"oc07":0.8,"oc08":0.85,"oc09":null,"adaFlag":false,"brandingFlag":false,"criticalOptimus":false}},{"type":"Feature","geometry":{"type":"Point","coordinates":[-98.219429787571,26.265289392273]},"properties":{"id":"5695","name":"MCALLEN - N 10TH ST","propertyType":"PSI Owned","category":"OO","address":"7112 N. 10TH STREET Suite 100","city":"McAllen","state":"Texas","zip":"78504","country":"USA","geocodeSource":"census","scoreBucket":5,"scoreRaw":24,"seats":10,"cdVolume":10893,"avgMonthlyVol":907.8,"zdTicketRate":0.0198,"dispRate":0.0058,"reschdRate":0,"dmaRegion":"HARLINGEN - WSLCO - BRNSVL - MCA","optimusScore":0.752,"optimusTier":"B","fy25Volume":5579,"fy25Utilization":0.832,"priority":null,"quickWins":"Organize and secure visible cables to reduce clutter.; Organize cleaning supplies to reduce visible clutter.; Ensure all cleaning supplies are neatly organized.; Remove clutter near the proctor station to enhance clarity.","leaseAction":null,"leaseStatus":null,"daysRemaining":null,"leaseUtilization":null,"monthlyRevenue":null,"contractFlag":null,"recommendedAction":null,"licensureNote":null,"opsNotes":null,"leaseExpiry":null,"osDate":"2025-08-26","oc01":0.93,"oc02":0.75,"oc03":0.834,"oc04":0.85,"oc05":0.8,"oc06":0.85,"oc07":0.75,"oc08":0.85,"oc09":null,"adaFlag":false,"brandingFlag":false,"criticalOptimus":false}},{"type":"Feature","geometry":{"type":"Point","coordinates":[-102.110753316501,32.031433988532]},"properties":{"id":"17765","name":"Midland - Midland College","propertyType":"PSI Authorized","category":"3P","address":"3600 N Garfield","city":"Midland","state":"Texas","zip":"79705","country":"USA","geocodeSource":"census","scoreBucket":2,"scoreRaw":15,"seats":10,"cdVolume":285,"avgMonthlyVol":23.8,"zdTicketRate":0,"dispRate":0,"reschdRate":0.0281,"dmaRegion":"ODESSA - MIDLAND","leaseAction":null,"leaseStatus":null,"daysRemaining":null,"leaseUtilization":null,"monthlyRevenue":null,"contractFlag":null,"recommendedAction":null,"licensureNote":null,"opsNotes":null,"leaseExpiry":null,"criticalOptimus":false}},{"type":"Feature","geometry":{"type":"Point","coordinates":[-102.128849795228,31.988685378839]},"properties":{"id":"152","name":"MIDLAND - WESTWOOD VILLAGE SHOPPING CENTER","propertyType":"PSI Owned","category":"OO","address":"4200 W. Illinois Ave., Suite 200","city":"Midland","state":"Texas","zip":"79703","country":"USA","geocodeSource":"census","scoreBucket":4,"scoreRaw":20,"seats":6,"cdVolume":5240,"avgMonthlyVol":436.7,"zdTicketRate":0.1338,"dispRate":0.0029,"reschdRate":0.0063,"dmaRegion":"ODESSA - MIDLAND","optimusScore":0.75,"optimusTier":"B","fy25Volume":2789,"fy25Utilization":0.732,"priority":null,"quickWins":"Organize and reduce visible clutter.; Remove visible clutter such as boxes and organize cables.; Repair or replace damaged carpet.; Clean and maintain restroom facilities.","leaseAction":"Refurbish","leaseStatus":"EXPIRED","daysRemaining":-3192,"leaseUtilization":0.73,"monthlyRevenue":91886,"contractFlag":false,"recommendedAction":"8+ yrs MTM; strip mall refurb — roof leak, next to high school","licensureNote":"TDLR expires 4/30/2027","opsNotes":null,"leaseExpiry":"08-31-2017","osDate":"2025-09-18","oc01":0.85,"oc02":0.65,"oc03":0.8,"oc04":0.85,"oc05":0.85,"oc06":0.85,"oc07":0.85,"oc08":0.85,"oc09":0.45,"adaFlag":false,"brandingFlag":false,"criticalOptimus":false}},{"type":"Feature","geometry":{"type":"Point","coordinates":[-94.878195649237,33.105042240825]},"properties":{"id":"10671","name":"Mount Pleasant - Northeast Texas Community College","propertyType":"PSI Authorized","category":"3P","address":"2886 FM 1735 Chapell Hill Rd., Student Service Bldg","city":"Mount Pleasant","state":"Texas","zip":"75455","country":"USA","geocodeSource":"census","scoreBucket":3,"scoreRaw":17,"seats":5,"cdVolume":684,"avgMonthlyVol":57,"zdTicketRate":0.0643,"dispRate":0.0073,"reschdRate":0,"dmaRegion":"SHREVEPORT","leaseAction":null,"leaseStatus":null,"daysRemaining":null,"leaseUtilization":null,"monthlyRevenue":null,"contractFlag":null,"recommendedAction":null,"licensureNote":null,"opsNotes":null,"leaseExpiry":null,"criticalOptimus":false}},{"type":"Feature","geometry":{"type":"Point","coordinates":[-94.652413401468,31.621614725648]},"properties":{"id":"9850","name":"Nacogdoches - Stephen F. Austin State University","propertyType":"PSI Authorized","category":"3P","address":"1936 North Street, Thomas J. Rusk Bldg., Rm 328","city":"Nacogdoches","state":"Texas","zip":"75962","country":"USA","geocodeSource":"census","scoreBucket":3,"scoreRaw":17,"seats":10,"cdVolume":903,"avgMonthlyVol":75.2,"zdTicketRate":0.0786,"dispRate":0.0022,"reschdRate":0.0177,"dmaRegion":"TYLER - LONGVIEW (LFKN & NCGD)","leaseAction":null,"leaseStatus":null,"daysRemaining":null,"leaseUtilization":null,"monthlyRevenue":null,"contractFlag":null,"recommendedAction":null,"licensureNote":null,"opsNotes":null,"leaseExpiry":null,"criticalOptimus":false}},{"type":"Feature","geometry":{"type":"Point","coordinates":[-96.723815622294,32.971210472332]},"properties":{"id":"10605","name":"DALLAS/RICHARDSON","propertyType":"PSI Owned","category":"OO","address":"1701 N Collins Blvd., Suite 130","city":"Richardson","state":"Texas","zip":"75080","country":"USA","geocodeSource":"census","scoreBucket":5,"scoreRaw":23,"seats":25,"cdVolume":24962,"avgMonthlyVol":2080.2,"zdTicketRate":0.0296,"dispRate":0.0056,"reschdRate":0.0036,"dmaRegion":"DALLAS - FT. WORTH","optimusScore":0.706,"optimusTier":"B","fy25Volume":12534,"fy25Utilization":0.915,"priority":null,"quickWins":"Remove clutter from proctor desks to enhance cleanliness.; Organize storage items to reduce clutter.","leaseAction":"Relocate","leaseStatus":"COMPLETE","daysRemaining":95,"leaseUtilization":0.92,"monthlyRevenue":361844,"contractFlag":false,"recommendedAction":"Relocation complete","licensureNote":"TDLR expires 4/30/2027","opsNotes":null,"leaseExpiry":"08-31-2026","osDate":"2025-09-04","oc01":0.85,"oc02":0.85,"oc03":0.8,"oc04":0.85,"oc05":0.9,"oc06":0.65,"oc07":0.75,"oc08":null,"oc09":null,"adaFlag":false,"brandingFlag":false,"criticalOptimus":false}},{"type":"Feature","geometry":{"type":"Point","coordinates":[-97.691477752839,30.503584325464]},"properties":{"id":"12395","name":"Round Rock - Tactix of Round Rock","propertyType":"MG TESTING","category":"3P","address":"600 Round Rock West Drive, Suite 303","city":"Round Rock","state":"Texas","zip":"78681","country":"USA","geocodeSource":"census","scoreBucket":4,"scoreRaw":21,"seats":10,"cdVolume":6569,"avgMonthlyVol":547.4,"zdTicketRate":0.0589,"dispRate":0.0033,"reschdRate":0.0044,"dmaRegion":"AUSTIN","leaseAction":null,"leaseStatus":null,"daysRemaining":null,"leaseUtilization":null,"monthlyRevenue":null,"contractFlag":null,"recommendedAction":null,"licensureNote":null,"opsNotes":null,"leaseExpiry":null,"criticalOptimus":false}},{"type":"Feature","geometry":{"type":"Point","coordinates":[-98.541265431589,29.489839260894]},"properties":{"id":"13336","name":"San Antonio - Innovative Minds","propertyType":"PSI Authorized","category":"3P","address":"6655 First Park 10 Blvd., Suite 230","city":"San Antonio","state":"Texas","zip":"78213","country":"USA","geocodeSource":"census","scoreBucket":5,"scoreRaw":24,"seats":7,"cdVolume":12417,"avgMonthlyVol":1034.8,"zdTicketRate":0.0304,"dispRate":0.0004,"reschdRate":0.0029,"dmaRegion":"SAN ANTONIO","leaseAction":null,"leaseStatus":null,"daysRemaining":null,"leaseUtilization":null,"monthlyRevenue":null,"contractFlag":null,"recommendedAction":null,"licensureNote":null,"opsNotes":null,"leaseExpiry":null,"criticalOptimus":false}},{"type":"Feature","geometry":{"type":"Point","coordinates":[-98.392871686769,29.525875778365]},"properties":{"id":"12679","name":"San Antonio - Tactix of San Antonio","propertyType":"MG TESTING","category":"3P","address":"9504 N. Interstate 35, Suite 303-3","city":"San Antonio","state":"Texas","zip":"78233","country":"USA","geocodeSource":"census","scoreBucket":3,"scoreRaw":19,"seats":10,"cdVolume":3388,"avgMonthlyVol":282.3,"zdTicketRate":0.0788,"dispRate":0.0112,"reschdRate":0.0089,"dmaRegion":"SAN ANTONIO","leaseAction":null,"leaseStatus":null,"daysRemaining":null,"leaseUtilization":null,"monthlyRevenue":null,"contractFlag":null,"recommendedAction":null,"licensureNote":null,"opsNotes":null,"leaseExpiry":null,"criticalOptimus":false}},{"type":"Feature","geometry":{"type":"Point","coordinates":[-98.589389778735,29.553760224459]},"properties":{"id":"18886","name":"SAN ANTONIO (NW PARKWAY)","propertyType":"PSI Owned","category":"OO","address":"5555 NW Parkway, Suite 135","city":"San Antonio","state":"Texas","zip":"78249","country":"USA","geocodeSource":"census","scoreBucket":5,"scoreRaw":23,"seats":15,"cdVolume":4190,"avgMonthlyVol":523.8,"zdTicketRate":0.0146,"dispRate":0,"reschdRate":0,"dmaRegion":null,"optimusScore":0.716,"optimusTier":"B","fy25Volume":2613,"fy25Utilization":0.763,"priority":null,"quickWins":"Regularly clean pathways to remove debris.; Remove any unnecessary items from the proctor desk.; Ensure regular cleaning to maintain high standards.; Remove any clutter near the sink area.; Organize and store water bottles and boxes properly.; Replace handwritten signs with printed versions.","leaseAction":null,"leaseStatus":null,"daysRemaining":null,"leaseUtilization":null,"monthlyRevenue":null,"contractFlag":null,"recommendedAction":null,"licensureNote":null,"opsNotes":null,"leaseExpiry":null,"osDate":"2025-10-14","oc01":0.85,"oc02":0.85,"oc03":0.834,"oc04":0.85,"oc05":0.85,"oc06":0.75,"oc07":null,"oc08":0.75,"oc09":null,"adaFlag":false,"brandingFlag":false,"criticalOptimus":false}},{"type":"Feature","geometry":{"type":"Point","coordinates":[-96.274881540003,32.737236291509]},"properties":{"id":"18748","name":"Terrell - WINGS-Career and Testing Center","propertyType":"PSI Authorized","category":"3P","address":"200 South Virginia Street","city":"Terrell","state":"Texas","zip":"75160","country":"USA","geocodeSource":"census","scoreBucket":2,"scoreRaw":13,"seats":15,"cdVolume":674,"avgMonthlyVol":56.2,"zdTicketRate":0.0964,"dispRate":0.0223,"reschdRate":0.0579,"dmaRegion":null,"leaseAction":null,"leaseStatus":null,"daysRemaining":null,"leaseUtilization":null,"monthlyRevenue":null,"contractFlag":null,"recommendedAction":null,"licensureNote":null,"opsNotes":null,"leaseExpiry":null,"criticalOptimus":false}},{"type":"Feature","geometry":{"type":"Point","coordinates":[-94.080245855179,33.441549631351]},"properties":{"id":"16972","name":"Texarkana - Texarkana College","propertyType":"PSI Authorized","category":"3P","address":"2500 North Robison Road","city":"Texarkana","state":"Texas","zip":"75599","country":"USA","geocodeSource":"census","scoreBucket":3,"scoreRaw":18,"seats":3,"cdVolume":721,"avgMonthlyVol":60.1,"zdTicketRate":0.1082,"dispRate":0,"reschdRate":0.0028,"dmaRegion":"#N/A","leaseAction":null,"leaseStatus":null,"daysRemaining":null,"leaseUtilization":null,"monthlyRevenue":null,"contractFlag":null,"recommendedAction":null,"licensureNote":null,"opsNotes":null,"leaseExpiry":null,"criticalOptimus":false}},{"type":"Feature","geometry":{"type":"Point","coordinates":[-95.278748525494,32.30763348544]},"properties":{"id":"25","name":"TYLER","propertyType":"PSI Owned","category":"OO","address":"3800 Paluxy Dr., Suite 310","city":"Tyler","state":"Texas","zip":"75703","country":"USA","geocodeSource":"census","scoreBucket":5,"scoreRaw":23,"seats":7,"cdVolume":6539,"avgMonthlyVol":544.9,"zdTicketRate":0.0303,"dispRate":0.0093,"reschdRate":0.0011,"dmaRegion":"TYLER - LONGVIEW (LFKN & NCGD)","optimusScore":0.75,"optimusTier":"B","fy25Volume":3373,"fy25Utilization":0.693,"priority":null,"quickWins":"Organize visible wires to reduce clutter.; Remove cleaning supplies from visible areas to enhance appearance.; Organize supplies to reduce clutter.; Replace generic signs with branded versions.; Organize and secure cables.","leaseAction":null,"leaseStatus":null,"daysRemaining":null,"leaseUtilization":null,"monthlyRevenue":null,"contractFlag":null,"recommendedAction":null,"licensureNote":null,"opsNotes":null,"leaseExpiry":null,"osDate":"2025-09-25","oc01":0.85,"oc02":0.65,"oc03":0.8,"oc04":0.85,"oc05":0.85,"oc06":0.75,"oc07":0.85,"oc08":0.85,"oc09":0.5,"adaFlag":false,"brandingFlag":false,"criticalOptimus":false}},{"type":"Feature","geometry":{"type":"Point","coordinates":[-97.193403107386,31.5152579598]},"properties":{"id":"26","name":"WACO","propertyType":"PSI Owned","category":"OO","address":"345 Owen Lane, Suite 124","city":"Waco","state":"Texas","zip":"76710","country":"USA","geocodeSource":"census","scoreBucket":4,"scoreRaw":22,"seats":4,"cdVolume":4619,"avgMonthlyVol":384.9,"zdTicketRate":0.029,"dispRate":0,"reschdRate":0.0035,"dmaRegion":"WACO - TEMPLE - BRYAN","optimusScore":0.583,"optimusTier":"C","fy25Volume":2355,"fy25Utilization":0.825,"priority":null,"quickWins":"Repair facade damage, repaint, replace broken doors, improve entrance appearance; Clean floors, repair walls, replace broken furniture, improve lighting; Remove personal items, organize desk, update signage, clear walkways; Replace broken furniture, organize cables, improve lighting, reduce noise; D","leaseAction":null,"leaseStatus":null,"daysRemaining":null,"leaseUtilization":null,"monthlyRevenue":null,"contractFlag":null,"recommendedAction":null,"licensureNote":null,"opsNotes":null,"leaseExpiry":null,"osDate":"2025-09-17","oc01":0.85,"oc02":0.65,"oc03":0.634,"oc04":0.65,"oc05":0.85,"oc06":null,"oc07":0.85,"oc08":0.85,"oc09":0.2,"adaFlag":false,"brandingFlag":false,"criticalOptimus":false}},{"type":"Feature","geometry":{"type":"Point","coordinates":[-113.072966432962,37.663439166625]},"properties":{"id":"12648","name":"Cedar City - Southwest Technical College","propertyType":"PSI Authorized","category":"3P","address":"757 W 800 S","city":"Cedar City","state":"Utah","zip":"84720","country":"USA","geocodeSource":"census","scoreBucket":3,"scoreRaw":18,"seats":7,"cdVolume":202,"avgMonthlyVol":16.8,"zdTicketRate":0.1931,"dispRate":0,"reschdRate":0,"dmaRegion":"SALT LAKE CITY","leaseAction":null,"leaseStatus":null,"daysRemaining":null,"leaseUtilization":null,"monthlyRevenue":null,"contractFlag":null,"recommendedAction":null,"licensureNote":null,"opsNotes":null,"leaseExpiry":null,"criticalOptimus":false}},{"type":"Feature","geometry":{"type":"Point","coordinates":[-111.969490250956,41.263142456954]},"properties":{"id":"19181","name":"Ogden-Ogden Weber Technical College Testing Center","propertyType":"PSI Authorized","category":"3P","address":"200 N Washington Blvd","city":"Ogden","state":"Utah","zip":"84404","country":"USA","geocodeSource":"census","seats":null,"scoreRaw":null,"scoreBucket":null,"avgMonthlyVol":null,"cdVolume":null,"reschdRate":null,"dispRate":null,"zdTicketRate":null,"dmaRegion":null,"leaseAction":null,"leaseStatus":null,"daysRemaining":null,"leaseUtilization":null,"monthlyRevenue":null,"contractFlag":null,"recommendedAction":null,"licensureNote":null,"opsNotes":null,"leaseExpiry":null,"criticalOptimus":false}},{"type":"Feature","geometry":{"type":"Point","coordinates":[-111.963034242978,40.667667274521]},"properties":{"id":"13527","name":"Salt Lake City - Maleko Salt Lake City","propertyType":"PSI Authorized","category":"3P","address":"2964 W 4700 S, Suite 208","city":"Salt Lake City","state":"Utah","zip":"84129","country":"USA","geocodeSource":"census","scoreBucket":2,"scoreRaw":12,"seats":3,"cdVolume":2791,"avgMonthlyVol":232.6,"zdTicketRate":0.0903,"dispRate":0.0043,"reschdRate":0.0512,"dmaRegion":"#N/A","leaseAction":null,"leaseStatus":null,"daysRemaining":null,"leaseUtilization":null,"monthlyRevenue":null,"contractFlag":null,"recommendedAction":null,"licensureNote":null,"opsNotes":null,"leaseExpiry":null,"criticalOptimus":false}},{"type":"Feature","geometry":{"type":"Point","coordinates":[-113.562177561103,37.107321785871]},"properties":{"id":"11912","name":"St. George - Utah Tech University","propertyType":"PSI Authorized","category":"3P","address":"46 South 1000 East, North Plaza Building","city":"St. George","state":"Utah","zip":"84770","country":"USA","geocodeSource":"census","scoreBucket":2,"scoreRaw":16,"seats":6,"cdVolume":392,"avgMonthlyVol":32.7,"zdTicketRate":0.102,"dispRate":0.0051,"reschdRate":0.0077,"dmaRegion":"SALT LAKE CITY","leaseAction":null,"leaseStatus":null,"daysRemaining":null,"leaseUtilization":null,"monthlyRevenue":null,"contractFlag":null,"recommendedAction":null,"licensureNote":null,"opsNotes":null,"leaseExpiry":null,"criticalOptimus":false}},{"type":"Feature","geometry":{"type":"Point","coordinates":[-71.186601563186,42.685224420287]},"properties":{"id":"13352","name":"Lawrence - Lawrence Training and Testing Center","propertyType":"PSI Authorized","category":"3P","address":"1 Ballard Way, Suite 104","city":"Lawrence","state":"Massachusetts","zip":"01843","country":"USA","geocodeSource":"census","scoreBucket":2,"scoreRaw":12,"seats":4,"cdVolume":9763,"avgMonthlyVol":813.6,"zdTicketRate":0.0801,"dispRate":0.038,"reschdRate":0.0599,"dmaRegion":"BOSTON (MANCHESTER)","leaseAction":null,"leaseStatus":null,"daysRemaining":null,"leaseUtilization":null,"monthlyRevenue":null,"contractFlag":null,"recommendedAction":null,"licensureNote":null,"opsNotes":null,"leaseExpiry":null,"criticalOptimus":false}},{"type":"Feature","geometry":{"type":"Point","coordinates":[-77.137238985262,38.812479259498]},"properties":{"id":"6006","name":"Alexandria - Brainseed Testing Center","propertyType":"PSI Authorized","category":"3P","address":"205 S. Whiting St, The Landmark Building, Suite 505","city":"Alexandria","state":"Virginia","zip":"22304","country":"USA","geocodeSource":"census","scoreBucket":5,"scoreRaw":25,"seats":25,"cdVolume":18003,"avgMonthlyVol":1500.2,"zdTicketRate":0.0239,"dispRate":0.0022,"reschdRate":0,"dmaRegion":"WASHINGTON, DC (HAGRSTWN)","leaseAction":null,"leaseStatus":null,"daysRemaining":null,"leaseUtilization":null,"monthlyRevenue":null,"contractFlag":null,"recommendedAction":null,"licensureNote":null,"opsNotes":null,"leaseExpiry":null,"criticalOptimus":false}},{"type":"Feature","geometry":{"type":"Point","coordinates":[-77.06474945606,38.80062294334]},"properties":{"id":"17034","name":"Alexandria - SecureNinja","propertyType":"PSI Authorized","category":"3P","address":"2034 Eisenhower Ave, Suite 170","city":"Alexandria","state":"Virginia","zip":"22314","country":"USA","geocodeSource":"census","scoreBucket":2,"scoreRaw":16,"seats":2,"cdVolume":1049,"avgMonthlyVol":87.4,"zdTicketRate":0.0543,"dispRate":0.0029,"reschdRate":0.001,"dmaRegion":"WASHINGTON, DC (HAGRSTWN)","leaseAction":null,"leaseStatus":null,"daysRemaining":null,"leaseUtilization":null,"monthlyRevenue":null,"contractFlag":null,"recommendedAction":null,"licensureNote":null,"opsNotes":null,"leaseExpiry":null,"criticalOptimus":false}},{"type":"Feature","geometry":{"type":"Point","coordinates":[-78.495559717187,38.059544658518]},"properties":{"id":"163","name":"CHARLOTTESVILLE","propertyType":"PSI Owned","category":"OO","address":"2114 ANGUS ROAD, SUITE #105-B","city":"CHARLOTTESVILLE","state":"Virginia","zip":"22901","country":"USA","geocodeSource":"census","scoreBucket":3,"scoreRaw":19,"seats":10,"cdVolume":5055,"avgMonthlyVol":421.2,"zdTicketRate":0.0491,"dispRate":0.0309,"reschdRate":0.002,"dmaRegion":"CHARLOTTESVILLE","optimusScore":0.678,"optimusTier":"C","fy25Volume":2503,"fy25Utilization":0.617,"priority":null,"quickWins":"Repair facade damage, repaint, replace broken doors, improve entrance appearance; Clean floors, repair walls, replace broken furniture, improve lighting; Remove personal items, organize desk, update signage, clear walkways; Replace broken furniture, organize cables, improve lighting, reduce noise; D","leaseAction":"Renew","leaseStatus":"Expiring 2026","daysRemaining":186,"leaseUtilization":0.62,"monthlyRevenue":100820,"contractFlag":false,"recommendedAction":"61.7% util; add Mon + Sat — renew","licensureNote":"VA RE expires 11/30/2028 | Bidding on VA CON now","opsNotes":null,"leaseExpiry":"11-30-2026","osDate":"2025-09-24","oc01":0.6,"oc02":0.75,"oc03":0.834,"oc04":0.75,"oc05":0.65,"oc06":0.8,"oc07":0.8,"oc08":0.9,"oc09":0.3,"adaFlag":false,"brandingFlag":false,"criticalOptimus":false}},{"type":"Feature","geometry":{"type":"Point","coordinates":[-77.579284272585,37.499975315781]},"properties":{"id":"5643","name":"RICHMOND","propertyType":"PSI Owned","category":"OO","address":"620 Moorefield Park Drive, Suite 205, Moorefield VI Building","city":"Richmond","state":"Virginia","zip":"23236","country":"USA","geocodeSource":"census","scoreBucket":4,"scoreRaw":20,"seats":18,"cdVolume":17686,"avgMonthlyVol":1473.8,"zdTicketRate":0.0382,"dispRate":0.0241,"reschdRate":0.0012,"dmaRegion":"RICHMOND - PETERSBURG","optimusScore":0.7,"optimusTier":"B","fy25Volume":8984,"fy25Utilization":0.731,"priority":"Y","quickWins":"Remove personal items to reduce clutter.; Improve organization and cleanliness of reception desk.; Remove clutter near the entrance to improve appearance.; Organize supplies to reduce clutter.; Repair or replace damaged furniture.; Fix ceiling tiles and clean stains.","leaseAction":"Relocate","leaseStatus":"EXPIRED","daysRemaining":-3496,"leaseUtilization":0.73,"monthlyRevenue":241464,"contractFlag":false,"recommendedAction":"Relocating April 2026 — new Boulders II site","licensureNote":"VA RE expires 11/30/2028 | Bidding on VA CON now","opsNotes":null,"leaseExpiry":"10-31-2016","osDate":"2025-09-25","oc01":0.9,"oc02":0.8,"oc03":0.634,"oc04":0.85,"oc05":0.85,"oc06":0.65,"oc07":0.8,"oc08":0.9,"oc09":0.45,"adaFlag":false,"brandingFlag":false,"criticalOptimus":false}},{"type":"Feature","geometry":{"type":"Point","coordinates":[-79.987252041512,37.222248277468]},"properties":{"id":"12215","name":"ROANOKE","propertyType":"PSI Owned","category":"OO","address":"5115 BERNARD DR, SUITE 104","city":"ROANOKE","state":"Virginia","zip":"24018","country":"USA","geocodeSource":"census","scoreBucket":5,"scoreRaw":23,"seats":17,"cdVolume":8907,"avgMonthlyVol":742.2,"zdTicketRate":0.0257,"dispRate":0.0084,"reschdRate":0.0013,"dmaRegion":"ROANOKE - LYNCHBURG","optimusScore":0.756,"optimusTier":"B","fy25Volume":3954,"fy25Utilization":0.631,"priority":null,"quickWins":"Reduce clutter on the reception desk for a cleaner appearance.; Remove any clutter from workstations to improve cleanliness.; Ensure regular maintenance to sustain cleanliness.; Remove clutter such as water bottles and papers from visible areas.","leaseAction":"Renew","leaseStatus":"Expiring 2026","daysRemaining":186,"leaseUtilization":0.63,"monthlyRevenue":121210,"contractFlag":false,"recommendedAction":"63.1% util; add Wednesday + evening hours","licensureNote":"VA RE expires 11/30/2028 | Bidding on VA CON now","opsNotes":null,"leaseExpiry":"11-30-2026","osDate":"2025-09-30","oc01":0.9,"oc02":0.75,"oc03":0.766,"oc04":0.8,"oc05":0.9,"oc06":0.75,"oc07":0.75,"oc08":0.85,"oc09":0.85,"adaFlag":false,"brandingFlag":false,"criticalOptimus":false}},{"type":"Feature","geometry":{"type":"Point","coordinates":[-79.940558004756,37.274346147768]},"properties":{"id":"6293","name":"Roanoke - Roanoke Higher Education Center","propertyType":"TD TESTING","category":"3P","address":"108 N Jefferson St","city":"Roanoke","state":"Virginia","zip":"24016","country":"USA","geocodeSource":"census","scoreBucket":2,"scoreRaw":15,"seats":3,"cdVolume":374,"avgMonthlyVol":31.2,"zdTicketRate":0.1765,"dispRate":0.0027,"reschdRate":0.0134,"dmaRegion":"ROANOKE - LYNCHBURG","leaseAction":null,"leaseStatus":null,"daysRemaining":null,"leaseUtilization":null,"monthlyRevenue":null,"contractFlag":null,"recommendedAction":null,"licensureNote":null,"opsNotes":null,"leaseExpiry":null,"criticalOptimus":false}},{"type":"Feature","geometry":{"type":"Point","coordinates":[-77.372622280747,38.514241643803]},"properties":{"id":"13398","name":"Stafford - Cyber Bytes Academy","propertyType":"PSI Authorized","category":"3P","address":"1010 Corporate Drive, Suite 103","city":"Stafford","state":"Virginia","zip":"22554","country":"USA","geocodeSource":"census","scoreBucket":4,"scoreRaw":20,"seats":12,"cdVolume":3125,"avgMonthlyVol":260.4,"zdTicketRate":0.0598,"dispRate":0.0054,"reschdRate":0.0122,"dmaRegion":"WASHINGTON, DC (HAGRSTWN)","leaseAction":null,"leaseStatus":null,"daysRemaining":null,"leaseUtilization":null,"monthlyRevenue":null,"contractFlag":null,"recommendedAction":null,"licensureNote":null,"opsNotes":null,"leaseExpiry":null,"criticalOptimus":false}},{"type":"Feature","geometry":{"type":"Point","coordinates":[-81.526891780295,37.126962428433]},"properties":{"id":"13256","name":"Tazewell - Tazewell Test Center","propertyType":"PSI Authorized","category":"3P","address":"165 Chamber Drive","city":"Tazewell","state":"Virginia","zip":"24651","country":"USA","geocodeSource":"census","scoreBucket":3,"scoreRaw":18,"seats":4,"cdVolume":938,"avgMonthlyVol":78.2,"zdTicketRate":0.162,"dispRate":0,"reschdRate":0,"dmaRegion":"BLUEFIELD - BECKLEY - OAK HILL","leaseAction":null,"leaseStatus":null,"daysRemaining":null,"leaseUtilization":null,"monthlyRevenue":null,"contractFlag":null,"recommendedAction":null,"licensureNote":null,"opsNotes":null,"leaseExpiry":null,"criticalOptimus":false}},{"type":"Feature","geometry":{"type":"Point","coordinates":[-77.227861759037,38.913705518847]},"properties":{"id":"13621","name":"Vienna - Brainseed Testing Center","propertyType":"PSI Authorized","category":"3P","address":"1919 Gallows Rd, Suite 360","city":"Vienna","state":"Virginia","zip":"22182","country":"USA","geocodeSource":"census","scoreBucket":5,"scoreRaw":23,"seats":18,"cdVolume":18532,"avgMonthlyVol":1544.3,"zdTicketRate":0.0562,"dispRate":0.0051,"reschdRate":0,"dmaRegion":"WASHINGTON, DC (HAGRSTWN)","leaseAction":null,"leaseStatus":null,"daysRemaining":null,"leaseUtilization":null,"monthlyRevenue":null,"contractFlag":null,"recommendedAction":null,"licensureNote":null,"opsNotes":null,"leaseExpiry":null,"criticalOptimus":false}},{"type":"Feature","geometry":{"type":"Point","coordinates":[-76.069039670795,36.828928467165]},"properties":{"id":"11353","name":"VIRGINIA BEACH","propertyType":"PSI Owned","category":"OO","address":"484 Viking Dr, Suite 105","city":"Virginia Beach","state":"Virginia","zip":"23452","country":"USA","geocodeSource":"census","scoreBucket":4,"scoreRaw":22,"seats":13,"cdVolume":14041,"avgMonthlyVol":1170.1,"zdTicketRate":0.0256,"dispRate":0.0108,"reschdRate":0.0014,"dmaRegion":"NORFOLK - PORTSMTH - NEWPT NWS","optimusScore":0.768,"optimusTier":"B","fy25Volume":6973,"fy25Utilization":0.824,"priority":null,"quickWins":"Organize cables and items under the desks to reduce clutter.; Organize and secure exposed wires to reduce clutter.; Organize cables and remove excess boxes.","leaseAction":null,"leaseStatus":null,"daysRemaining":null,"leaseUtilization":null,"monthlyRevenue":null,"contractFlag":null,"recommendedAction":null,"licensureNote":null,"opsNotes":null,"leaseExpiry":null,"osDate":"2025-08-27","oc01":0.93,"oc02":0.85,"oc03":0.766,"oc04":0.85,"oc05":0.9,"oc06":0.2,"oc07":0.85,"oc08":0.85,"oc09":0.75,"adaFlag":false,"brandingFlag":false,"criticalOptimus":false}},{"type":"Feature","geometry":{"type":"Point","coordinates":[-122.169360907147,47.572008791795]},"properties":{"id":"13203","name":"Bellevue - Brainseed Testing Center","propertyType":"PSI Authorized","category":"3P","address":"4122 Factoria Blvd. S.E, Suite 303 Newport Place","city":"Bellevue","state":"Washington","zip":"98006","country":"USA","geocodeSource":"census","scoreBucket":5,"scoreRaw":23,"seats":17,"cdVolume":16439,"avgMonthlyVol":1369.9,"zdTicketRate":0.0258,"dispRate":0.0012,"reschdRate":0.0003,"dmaRegion":"SEATTLE - TACOMA","leaseAction":null,"leaseStatus":null,"daysRemaining":null,"leaseUtilization":null,"monthlyRevenue":null,"contractFlag":null,"recommendedAction":null,"licensureNote":null,"opsNotes":null,"leaseExpiry":null,"criticalOptimus":false}},{"type":"Feature","geometry":{"type":"Point","coordinates":[-122.767474763937,47.493373993118]},"properties":{"id":"5551","name":"Bremerton - Avian Flight","propertyType":"PSI Authorized","category":"3P","address":"8900 State Hwy 3 SW, Suite 101, Bremerton National Airport","city":"Bremerton","state":"Washington","zip":"98312","country":"USA","geocodeSource":"census","scoreBucket":3,"scoreRaw":19,"seats":3,"cdVolume":1917,"avgMonthlyVol":159.8,"zdTicketRate":0.0809,"dispRate":0.0094,"reschdRate":0.0083,"dmaRegion":"SEATTLE - TACOMA","leaseAction":null,"leaseStatus":null,"daysRemaining":null,"leaseUtilization":null,"monthlyRevenue":null,"contractFlag":null,"recommendedAction":null,"licensureNote":null,"opsNotes":null,"leaseExpiry":null,"criticalOptimus":false}},{"type":"Feature","geometry":{"type":"Point","coordinates":[-120.291819070827,47.412953678072]},"properties":{"id":"12085","name":"East Wenatchee - HRB","propertyType":"PSI Authorized","category":"3P","address":"636 Valley Mall Parkway, Suite A4","city":"East Wenatchee","state":"Washington","zip":"98802","country":"USA","geocodeSource":"census","scoreBucket":2,"scoreRaw":16,"seats":3,"cdVolume":595,"avgMonthlyVol":49.6,"zdTicketRate":0.1176,"dispRate":0.0067,"reschdRate":0.0168,"dmaRegion":"SEATTLE - TACOMA","leaseAction":null,"leaseStatus":null,"daysRemaining":null,"leaseUtilization":null,"monthlyRevenue":null,"contractFlag":null,"recommendedAction":null,"licensureNote":null,"opsNotes":null,"leaseExpiry":null,"criticalOptimus":false}},{"type":"Feature","geometry":{"type":"Point","coordinates":[-120.543048256926,46.999677381827]},"properties":{"id":"6021","name":"Ellensburg - Central Washington University","propertyType":"PSI Authorized","category":"3P","address":"400 E University Way, Bouillon Hall-RM 125","city":"Ellensburg","state":"Washington","zip":"98926","country":"USA","geocodeSource":"census","scoreBucket":3,"scoreRaw":19,"seats":10,"cdVolume":936,"avgMonthlyVol":78,"zdTicketRate":0.0812,"dispRate":0,"reschdRate":0.0075,"dmaRegion":"YAKIMA - PASCO - RCHLND - KNNWCK","leaseAction":null,"leaseStatus":null,"daysRemaining":null,"leaseUtilization":null,"monthlyRevenue":null,"contractFlag":null,"recommendedAction":null,"licensureNote":null,"opsNotes":null,"leaseExpiry":null,"criticalOptimus":false}},{"type":"Feature","geometry":{"type":"Point","coordinates":[-122.219112065148,47.910630274889]},"properties":{"id":"13204","name":"Everett - Brainseed Testing Center","propertyType":"PSI Authorized","category":"3P","address":"1010 SE Everett Mall Way, Suite 208","city":"Everett","state":"Washington","zip":"98208","country":"USA","geocodeSource":"census","scoreBucket":5,"scoreRaw":25,"seats":11,"cdVolume":12584,"avgMonthlyVol":1048.7,"zdTicketRate":0.0226,"dispRate":0.0074,"reschdRate":0.0011,"dmaRegion":"SEATTLE - TACOMA","leaseAction":null,"leaseStatus":null,"daysRemaining":null,"leaseUtilization":null,"monthlyRevenue":null,"contractFlag":null,"recommendedAction":null,"licensureNote":null,"opsNotes":null,"leaseExpiry":null,"criticalOptimus":false}},{"type":"Feature","geometry":{"type":"Point","coordinates":[-122.32886609061,47.298538961369]},"properties":{"id":"13397","name":"Federal Way - Pacific Northwest Testing and Assessment Services","propertyType":"PSI Authorized","category":"3P","address":"33801 1st Way S, Suite 231","city":"Federal Way","state":"Washington","zip":"98003","country":"USA","geocodeSource":"census","scoreBucket":4,"scoreRaw":21,"seats":10,"cdVolume":2766,"avgMonthlyVol":230.5,"zdTicketRate":0.0351,"dispRate":0,"reschdRate":0.0054,"dmaRegion":"SEATTLE - TACOMA","leaseAction":null,"leaseStatus":null,"daysRemaining":null,"leaseUtilization":null,"monthlyRevenue":null,"contractFlag":null,"recommendedAction":null,"licensureNote":null,"opsNotes":null,"leaseExpiry":null,"criticalOptimus":false}},{"type":"Feature","geometry":{"type":"Point","coordinates":[-119.17476664812,46.212407967119]},"properties":{"id":"11943","name":"Kennewick - HRB","propertyType":"PSI Authorized","category":"3P","address":"4018 W. Clearwater Ave.","city":"Kennewick","state":"Washington","zip":"99336","country":"USA","geocodeSource":"census","scoreBucket":2,"scoreRaw":14,"seats":2,"cdVolume":709,"avgMonthlyVol":59.1,"zdTicketRate":0.1001,"dispRate":0,"reschdRate":0.0127,"dmaRegion":"YAKIMA - PASCO - RCHLND - KNNWCK","leaseAction":null,"leaseStatus":null,"daysRemaining":null,"leaseUtilization":null,"monthlyRevenue":null,"contractFlag":null,"recommendedAction":null,"licensureNote":null,"opsNotes":null,"leaseExpiry":null,"criticalOptimus":false}},{"type":"Feature","geometry":{"type":"Point","coordinates":[-122.559625926171,47.143105398258]},"properties":{"id":"11772","name":"Lakewood - HRB","propertyType":"PSI Authorized","category":"3P","address":"9132 Veterans Dr. SW, anthony.davenport@hrblock.com Owner","city":"Lakewood","state":"Washington","zip":"98498","country":"USA","geocodeSource":"census","scoreBucket":2,"scoreRaw":16,"seats":4,"cdVolume":1172,"avgMonthlyVol":97.7,"zdTicketRate":0.0811,"dispRate":0.0137,"reschdRate":0,"dmaRegion":"SEATTLE - TACOMA","leaseAction":null,"leaseStatus":null,"daysRemaining":null,"leaseUtilization":null,"monthlyRevenue":null,"contractFlag":null,"recommendedAction":null,"licensureNote":null,"opsNotes":null,"leaseExpiry":null,"criticalOptimus":false}},{"type":"Feature","geometry":{"type":"Point","coordinates":[-117.097026185501,47.674477760448]},"properties":{"id":"12754","name":"Liberty Lake - Tactix","propertyType":"MG TESTING","category":"3P","address":"22910 E Appleway Ave, Ste 3","city":"Liberty Lake","state":"Washington","zip":"99019","country":"USA","geocodeSource":"census","scoreBucket":4,"scoreRaw":20,"seats":16,"cdVolume":1597,"avgMonthlyVol":133.1,"zdTicketRate":0.0589,"dispRate":0.0069,"reschdRate":0.0006,"dmaRegion":"SPOKANE","leaseAction":null,"leaseStatus":null,"daysRemaining":null,"leaseUtilization":null,"monthlyRevenue":null,"contractFlag":null,"recommendedAction":null,"licensureNote":null,"opsNotes":null,"leaseExpiry":null,"criticalOptimus":false}},{"type":"Feature","geometry":{"type":"Point","coordinates":[-122.84789386664,47.046974156447]},"properties":{"id":"5093","name":"OLYMPIA","propertyType":"PSI Owned","category":"OO","address":"3435 MARTIN WAY E, STE I","city":"OLYMPIA","state":"Washington","zip":"98501","country":"USA","geocodeSource":"census","scoreBucket":3,"scoreRaw":19,"seats":10,"cdVolume":5989,"avgMonthlyVol":499.1,"zdTicketRate":0.0795,"dispRate":0.0109,"reschdRate":0.0018,"dmaRegion":"SEATTLE - TACOMA","optimusScore":0.695,"optimusTier":"C","fy25Volume":2987,"fy25Utilization":0.797,"priority":null,"quickWins":"Repair facade damage, repaint, replace broken doors, improve entrance appearance; Clean floors, repair walls, replace broken furniture, improve lighting; Remove personal items, organize desk, update signage, clear walkways; Replace broken furniture, organize cables, improve lighting, reduce noise; D","leaseAction":"Renew","leaseStatus":"< 180 days","daysRemaining":95,"leaseUtilization":0.8,"monthlyRevenue":126834,"contractFlag":true,"recommendedAction":"79.7% util, full schedule; no WA ETS market data — renew","licensureNote":"WA Insurance expires 6/30/2027 | WA RE may expire 6/30/2026","opsNotes":null,"leaseExpiry":"08-31-2026","osDate":"2025-09-18","oc01":0.85,"oc02":0.65,"oc03":0.766,"oc04":0.85,"oc05":0.85,"oc06":0.5,"oc07":0.55,"oc08":0.65,"oc09":0.45,"adaFlag":true,"brandingFlag":true,"criticalOptimus":false}},{"type":"Feature","geometry":{"type":"Point","coordinates":[-122.290591,47.1036871]},"properties":{"id":"5552","name":"Puyallup - SpanaFlight","propertyType":"PSI Authorized","category":"3P","address":"Pierce County Airport, 16705 103rd Avenue, Court E","city":"Puyallup","state":"Washington","zip":"98374","country":"USA","geocodeSource":"nominatim","scoreBucket":4,"scoreRaw":21,"seats":3,"cdVolume":1898,"avgMonthlyVol":158.2,"zdTicketRate":0.0358,"dispRate":0.0005,"reschdRate":0.0021,"dmaRegion":"SEATTLE - TACOMA","leaseAction":null,"leaseStatus":null,"daysRemaining":null,"leaseUtilization":null,"monthlyRevenue":null,"contractFlag":null,"recommendedAction":null,"licensureNote":null,"opsNotes":null,"leaseExpiry":null,"criticalOptimus":false}},{"type":"Feature","geometry":{"type":"Point","coordinates":[-119.27250725543,46.343779007851]},"properties":{"id":"17433","name":"Richland - Tri-Cities Testing Center","propertyType":"PSI Authorized","category":"3P","address":"3100 George Washington Way, Suite 135","city":"Richland","state":"Washington","zip":"99354","country":"USA","geocodeSource":"census","scoreBucket":5,"scoreRaw":23,"seats":13,"cdVolume":3971,"avgMonthlyVol":330.9,"zdTicketRate":0.0199,"dispRate":0,"reschdRate":0.0045,"dmaRegion":"YAKIMA - PASCO - RCHLND - KNNWCK","leaseAction":null,"leaseStatus":null,"daysRemaining":null,"leaseUtilization":null,"monthlyRevenue":null,"contractFlag":null,"recommendedAction":null,"licensureNote":null,"opsNotes":null,"leaseExpiry":null,"criticalOptimus":false}},{"type":"Feature","geometry":{"type":"Point","coordinates":[-117.282734896448,47.665321045799]},"properties":{"id":"10653","name":"SPOKANE","propertyType":"PSI Owned","category":"OO","address":"920 N Argonne Rd, Suite 202","city":"Spokane Valley","state":"Washington","zip":"99212","country":"USA","geocodeSource":"census","scoreBucket":4,"scoreRaw":21,"seats":13,"cdVolume":7776,"avgMonthlyVol":648,"zdTicketRate":0.0428,"dispRate":0.014,"reschdRate":0.0026,"dmaRegion":"SPOKANE","optimusScore":0.634,"optimusTier":"C","fy25Volume":4018,"fy25Utilization":0.755,"priority":null,"quickWins":"Repair facade damage, repaint, replace broken doors, improve entrance appearance; Clean floors, repair walls, replace broken furniture, improve lighting; Remove personal items, organize desk, update signage, clear walkways; Replace broken furniture, organize cables, improve lighting, reduce noise; D","leaseAction":null,"leaseStatus":null,"daysRemaining":null,"leaseUtilization":null,"monthlyRevenue":null,"contractFlag":null,"recommendedAction":null,"licensureNote":null,"opsNotes":null,"leaseExpiry":null,"osDate":"2025-09-19","oc01":0.85,"oc02":0.75,"oc03":0.766,"oc04":0.85,"oc05":null,"oc06":0.65,"oc07":0.65,"oc08":0.9,"oc09":null,"adaFlag":true,"brandingFlag":false,"criticalOptimus":false}},{"type":"Feature","geometry":{"type":"Point","coordinates":[-122.434710739468,47.115584622275]},"properties":{"id":"11771","name":"Spanaway - HRB","propertyType":"PSI Authorized","category":"3P","address":"15633 Pacific Ave South","city":"Tacoma","state":"Washington","zip":"98444","country":"USA","geocodeSource":"census","scoreBucket":3,"scoreRaw":18,"seats":5,"cdVolume":1251,"avgMonthlyVol":104.2,"zdTicketRate":0.0584,"dispRate":0,"reschdRate":0,"dmaRegion":"SEATTLE - TACOMA","leaseAction":null,"leaseStatus":null,"daysRemaining":null,"leaseUtilization":null,"monthlyRevenue":null,"contractFlag":null,"recommendedAction":null,"licensureNote":null,"opsNotes":null,"leaseExpiry":null,"criticalOptimus":false}},{"type":"Feature","geometry":{"type":"Point","coordinates":[-122.523636759297,47.242781218429]},"properties":{"id":"5179","name":"Tacoma - Tacoma Community College","propertyType":"PSI Authorized","category":"3P","address":"6501 S. 19th St., Building 6","city":"Tacoma","state":"Washington","zip":"98466","country":"USA","geocodeSource":"census","scoreBucket":4,"scoreRaw":20,"seats":10,"cdVolume":4814,"avgMonthlyVol":401.2,"zdTicketRate":0.0299,"dispRate":0.0002,"reschdRate":0.01,"dmaRegion":"SEATTLE - TACOMA","leaseAction":null,"leaseStatus":null,"daysRemaining":null,"leaseUtilization":null,"monthlyRevenue":null,"contractFlag":null,"recommendedAction":null,"licensureNote":null,"opsNotes":null,"leaseExpiry":null,"criticalOptimus":false}},{"type":"Feature","geometry":{"type":"Point","coordinates":[-122.550758992063,45.620649141818]},"properties":{"id":"18073","name":"VANCOUVER - MILL PLAIN BLVD","propertyType":"PSI Owned","category":"OO","address":"11818 SE Mill Plain Blvd., Suite 402","city":"Vancouver","state":"Washington","zip":"98684","country":"USA","geocodeSource":"census","scoreBucket":5,"scoreRaw":23,"seats":16,"cdVolume":7835,"avgMonthlyVol":652.9,"zdTicketRate":0.0285,"dispRate":0.004,"reschdRate":0.0003,"dmaRegion":"PORTLAND, OR","optimusScore":0.725,"optimusTier":"B","fy25Volume":4081,"fy25Utilization":0.422,"priority":null,"quickWins":"Ensure cleaning supplies are stored out of sight.","leaseAction":null,"leaseStatus":null,"daysRemaining":null,"leaseUtilization":null,"monthlyRevenue":null,"contractFlag":null,"recommendedAction":null,"licensureNote":null,"opsNotes":null,"leaseExpiry":null,"osDate":"2025-08-23","oc01":0.85,"oc02":0.75,"oc03":0.8,"oc04":0.85,"oc05":0.85,"oc06":0.85,"oc07":0.65,"oc08":0.75,"oc09":null,"adaFlag":true,"brandingFlag":false,"criticalOptimus":false}},{"type":"Feature","geometry":{"type":"Point","coordinates":[-122.6743913,45.9654647]},"properties":{"id":"18248","name":"SA Demo Site","propertyType":"PSI Authorized","category":"3P","address":"x","city":"Woodland","state":"Washington","zip":"98674","country":"USA","geocodeSource":"nominatim","seats":null,"scoreRaw":null,"scoreBucket":null,"avgMonthlyVol":null,"cdVolume":null,"reschdRate":null,"dispRate":null,"zdTicketRate":null,"dmaRegion":null,"leaseAction":null,"leaseStatus":null,"daysRemaining":null,"leaseUtilization":null,"monthlyRevenue":null,"contractFlag":null,"recommendedAction":null,"licensureNote":null,"opsNotes":null,"leaseExpiry":null,"criticalOptimus":false}},{"type":"Feature","geometry":{"type":"Point","coordinates":[-120.557312225827,46.618012962224]},"properties":{"id":"13205","name":"Yakima - Brainseed Testing Center","propertyType":"PSI Authorized","category":"3P","address":"3611 River Rd, Suite 120","city":"Yakima","state":"Washington","zip":"98902","country":"USA","geocodeSource":"census","scoreBucket":3,"scoreRaw":19,"seats":9,"cdVolume":3628,"avgMonthlyVol":302.3,"zdTicketRate":0.0626,"dispRate":0.0003,"reschdRate":0.0003,"dmaRegion":"YAKIMA - PASCO - RCHLND - KNNWCK","leaseAction":null,"leaseStatus":null,"daysRemaining":null,"leaseUtilization":null,"monthlyRevenue":null,"contractFlag":null,"recommendedAction":null,"licensureNote":null,"opsNotes":null,"leaseExpiry":null,"criticalOptimus":false}},{"type":"Feature","geometry":{"type":"Point","coordinates":[-77.029724725296,38.89540518372]},"properties":{"id":"18072","name":"Washington DC - Washington DC Training and Testing Center","propertyType":"PSI Authorized","category":"3P","address":"1300 Pennsylvania Ave, NW, Suite C-0082B, The Ronald Reagan Building and International Trade","city":"Washington","state":"Washington D.C.","zip":"20004","country":"USA","geocodeSource":"census","scoreBucket":5,"scoreRaw":23,"seats":15,"cdVolume":15400,"avgMonthlyVol":1283.3,"zdTicketRate":0.0399,"dispRate":0.0038,"reschdRate":0.0043,"dmaRegion":"WASHINGTON, DC (HAGRSTWN)","leaseAction":null,"leaseStatus":null,"daysRemaining":null,"leaseUtilization":null,"monthlyRevenue":null,"contractFlag":null,"recommendedAction":null,"licensureNote":null,"opsNotes":null,"leaseExpiry":null,"criticalOptimus":false}},{"type":"Feature","geometry":{"type":"Point","coordinates":[-81.187057005907,37.7767913533]},"properties":{"id":"18782","name":"Beckley - Compliance Technology","propertyType":"PSI Authorized","category":"3P","address":"300 North Kanawha Street","city":"Beckley","state":"West Virginia","zip":"25801","country":"USA","geocodeSource":"census","scoreBucket":3,"scoreRaw":18,"seats":8,"cdVolume":219,"avgMonthlyVol":18.2,"zdTicketRate":0,"dispRate":0.0091,"reschdRate":0.0046,"dmaRegion":null,"leaseAction":null,"leaseStatus":null,"daysRemaining":null,"leaseUtilization":null,"monthlyRevenue":null,"contractFlag":null,"recommendedAction":null,"licensureNote":null,"opsNotes":null,"leaseExpiry":null,"criticalOptimus":false}},{"type":"Feature","geometry":{"type":"Point","coordinates":[-80.190215669192,39.432736233778]},"properties":{"id":"10492","name":"Fairmont - Pierpont Community and Technical College","propertyType":"PSI Authorized","category":"3P","address":"500 Galliher Drive","city":"Fairmont","state":"West Virginia","zip":"26554","country":"USA","geocodeSource":"census","scoreBucket":2,"scoreRaw":16,"seats":10,"cdVolume":798,"avgMonthlyVol":66.5,"zdTicketRate":0.0551,"dispRate":0.0013,"reschdRate":0.0276,"dmaRegion":"CLARKSBURG - WESTON","leaseAction":null,"leaseStatus":null,"daysRemaining":null,"leaseUtilization":null,"monthlyRevenue":null,"contractFlag":null,"recommendedAction":null,"licensureNote":null,"opsNotes":null,"leaseExpiry":null,"criticalOptimus":false}},{"type":"Feature","geometry":{"type":"Point","coordinates":[-82.4582079,38.3926592]},"properties":{"id":"12311","name":"Huntington -  Mountwest Community and Technical College","propertyType":"PSI Authorized","category":"3P","address":"1 Mountwest Way, Room G14","city":"Huntington","state":"West Virginia","zip":"25701","country":"USA","geocodeSource":"nominatim","scoreBucket":3,"scoreRaw":17,"seats":8,"cdVolume":1347,"avgMonthlyVol":112.2,"zdTicketRate":0.0468,"dispRate":0.0304,"reschdRate":0.0208,"dmaRegion":"CHARLESTON - HUNTINGTON","leaseAction":null,"leaseStatus":null,"daysRemaining":null,"leaseUtilization":null,"monthlyRevenue":null,"contractFlag":null,"recommendedAction":null,"licensureNote":null,"opsNotes":null,"leaseExpiry":null,"criticalOptimus":false}},{"type":"Feature","geometry":{"type":"Point","coordinates":[-78.001563553183,39.438238337575]},"properties":{"id":"12718","name":"Martinsburg - Blue Ridge Community And Technical College","propertyType":"PSI Authorized","category":"3P","address":"13650 Apple Harvest Drive","city":"Martinsburg","state":"West Virginia","zip":"25403","country":"USA","geocodeSource":"census","scoreBucket":2,"scoreRaw":15,"seats":10,"cdVolume":1004,"avgMonthlyVol":83.7,"zdTicketRate":0.0956,"dispRate":0.0249,"reschdRate":0.0299,"dmaRegion":"WASHINGTON, DC (HAGRSTWN)","leaseAction":null,"leaseStatus":null,"daysRemaining":null,"leaseUtilization":null,"monthlyRevenue":null,"contractFlag":null,"recommendedAction":null,"licensureNote":null,"opsNotes":null,"leaseExpiry":null,"criticalOptimus":false}},{"type":"Feature","geometry":{"type":"Point","coordinates":[-80.721857739928,40.063521888338]},"properties":{"id":"11865","name":"Wheeling - West Virginia Northern Community College","propertyType":"PSI Authorized","category":"3P","address":"1704 Market Street","city":"Wheeling","state":"West Virginia","zip":"26003","country":"USA","geocodeSource":"census","scoreBucket":2,"scoreRaw":13,"seats":7,"cdVolume":866,"avgMonthlyVol":72.2,"zdTicketRate":0.1905,"dispRate":0.0115,"reschdRate":0.0831,"dmaRegion":"WHEELING - STEUBENVILLE","leaseAction":null,"leaseStatus":null,"daysRemaining":null,"leaseUtilization":null,"monthlyRevenue":null,"contractFlag":null,"recommendedAction":null,"licensureNote":null,"opsNotes":null,"leaseExpiry":null,"criticalOptimus":false}},{"type":"Feature","geometry":{"type":"Point","coordinates":[-88.063354266028,44.524520197348]},"properties":{"id":"11612","name":"Green Bay - HRB","propertyType":"PSI Authorized","category":"3P","address":"601 S. Military Avenue","city":"Green Bay","state":"Wisconsin","zip":"54303","country":"USA","geocodeSource":"census","scoreBucket":2,"scoreRaw":15,"seats":3,"cdVolume":1576,"avgMonthlyVol":131.3,"zdTicketRate":0.0635,"dispRate":0.0025,"reschdRate":0.0501,"dmaRegion":"GREEN BAY - APPLETON","leaseAction":null,"leaseStatus":null,"daysRemaining":null,"leaseUtilization":null,"monthlyRevenue":null,"contractFlag":null,"recommendedAction":null,"licensureNote":null,"opsNotes":null,"leaseExpiry":null,"criticalOptimus":false}},{"type":"Feature","geometry":{"type":"Point","coordinates":[-91.232544583355,43.813459971989]},"properties":{"id":"5930","name":"La Crosse - University of Wisconsin-La Crosse","propertyType":"PSI Authorized","category":"3P","address":"308 16th St. North, Counseling & Testing Center, 2106 Centennial Hall","city":"La Crosse","state":"Wisconsin","zip":"54601","country":"USA","geocodeSource":"census","scoreBucket":4,"scoreRaw":20,"seats":2,"cdVolume":1725,"avgMonthlyVol":143.8,"zdTicketRate":0.058,"dispRate":0.0006,"reschdRate":0.0052,"dmaRegion":"LA CROSSE - EAU CLAIRE","leaseAction":null,"leaseStatus":null,"daysRemaining":null,"leaseUtilization":null,"monthlyRevenue":null,"contractFlag":null,"recommendedAction":null,"licensureNote":null,"opsNotes":null,"leaseExpiry":null,"criticalOptimus":false}},{"type":"Feature","geometry":{"type":"Point","coordinates":[-89.325547657821,43.139027135541]},"properties":{"id":"5186","name":"Madison - Wisconsin Aviation","propertyType":"PSI Authorized","category":"3P","address":"3606 Corben Ct.","city":"Madison","state":"Wisconsin","zip":"53704","country":"USA","geocodeSource":"census","scoreBucket":4,"scoreRaw":20,"seats":5,"cdVolume":2806,"avgMonthlyVol":233.8,"zdTicketRate":0.0175,"dispRate":0.0018,"reschdRate":0,"dmaRegion":"MADISON","leaseAction":null,"leaseStatus":null,"daysRemaining":null,"leaseUtilization":null,"monthlyRevenue":null,"contractFlag":null,"recommendedAction":null,"licensureNote":null,"opsNotes":null,"leaseExpiry":null,"criticalOptimus":false}},{"type":"Feature","geometry":{"type":"Point","coordinates":[-89.423551155475,45.609796598894]},"properties":{"id":"17436","name":"Rhinelander - Nicolet College","propertyType":"PSI Authorized","category":"3P","address":"5364 College Dr","city":"Rhinelander","state":"Wisconsin","zip":"54501","country":"USA","geocodeSource":"census","scoreBucket":3,"scoreRaw":17,"seats":3,"cdVolume":550,"avgMonthlyVol":45.8,"zdTicketRate":0,"dispRate":0.0055,"reschdRate":0.0018,"dmaRegion":"WAUSAU - RHINELANDER","leaseAction":null,"leaseStatus":null,"daysRemaining":null,"leaseUtilization":null,"monthlyRevenue":null,"contractFlag":null,"recommendedAction":null,"licensureNote":null,"opsNotes":null,"leaseExpiry":null,"criticalOptimus":false}},{"type":"Feature","geometry":{"type":"Point","coordinates":[-89.570347233898,44.528915546196]},"properties":{"id":"9025","name":"Stevens Point - University of Wisconsin","propertyType":"PSI Authorized","category":"3P","address":"2050 Fourth Ave Suite A, Health and Wellness Center","city":"Stevens Point","state":"Wisconsin","zip":"54481","country":"USA","geocodeSource":"census","scoreBucket":2,"scoreRaw":15,"seats":3,"cdVolume":892,"avgMonthlyVol":74.3,"zdTicketRate":0.1368,"dispRate":0.0078,"reschdRate":0.009,"dmaRegion":"WAUSAU - RHINELANDER","leaseAction":null,"leaseStatus":null,"daysRemaining":null,"leaseUtilization":null,"monthlyRevenue":null,"contractFlag":null,"recommendedAction":null,"licensureNote":null,"opsNotes":null,"leaseExpiry":null,"criticalOptimus":false}},{"type":"Feature","geometry":{"type":"Point","coordinates":[-88.227436792802,43.050895869382]},"properties":{"id":"12658","name":"Waukesha - Greater Milwaukee Training and Testing Center","propertyType":"PSI Authorized","category":"3P","address":"N14W24200 Tower Place, Suite 200, Tower Executive Building","city":"Waukesha","state":"Wisconsin","zip":"53188","country":"USA","geocodeSource":"census","scoreBucket":4,"scoreRaw":20,"seats":24,"cdVolume":14044,"avgMonthlyVol":1170.3,"zdTicketRate":0.047,"dispRate":0.0225,"reschdRate":0.0093,"dmaRegion":"MILWAUKEE","leaseAction":null,"leaseStatus":null,"daysRemaining":null,"leaseUtilization":null,"monthlyRevenue":null,"contractFlag":null,"recommendedAction":null,"licensureNote":null,"opsNotes":null,"leaseExpiry":null,"criticalOptimus":false}},{"type":"Feature","geometry":{"type":"Point","coordinates":[-106.325065965283,42.834034312721]},"properties":{"id":"5182","name":"Casper - Casper College","propertyType":"PSI Authorized","category":"3P","address":"125 College Dr, Thorson Business Institute, Rm BU120","city":"Casper","state":"Wyoming","zip":"82604","country":"USA","geocodeSource":"census","scoreBucket":3,"scoreRaw":18,"seats":3,"cdVolume":519,"avgMonthlyVol":43.2,"zdTicketRate":0.1214,"dispRate":0,"reschdRate":0,"dmaRegion":"CASPER - RIVERTON","leaseAction":null,"leaseStatus":null,"daysRemaining":null,"leaseUtilization":null,"monthlyRevenue":null,"contractFlag":null,"recommendedAction":null,"licensureNote":null,"opsNotes":null,"leaseExpiry":null,"criticalOptimus":false}},{"type":"Feature","geometry":{"type":"Point","coordinates":[-104.777168852486,41.10242538215]},"properties":{"id":"17479","name":"Cheyenne -  Laramie County Community College","propertyType":"PSI Authorized","category":"3P","address":"1400 E College Dr","city":"Cheyenne","state":"Wyoming","zip":"82007","country":"USA","geocodeSource":"census","scoreBucket":3,"scoreRaw":17,"seats":6,"cdVolume":266,"avgMonthlyVol":22.2,"zdTicketRate":0.0113,"dispRate":0,"reschdRate":0.0376,"dmaRegion":"CHEYENNE - SCOTTSBLUF","leaseAction":null,"leaseStatus":null,"daysRemaining":null,"leaseUtilization":null,"monthlyRevenue":null,"contractFlag":null,"recommendedAction":null,"licensureNote":null,"opsNotes":null,"leaseExpiry":null,"criticalOptimus":false}},{"type":"Feature","geometry":{"type":"Point","coordinates":[-104.800670430635,41.108625378977]},"properties":{"id":"10789","name":"Cheyenne - Wyoming Montana Safety Council","propertyType":"MG TESTING","category":"3P","address":"1002 S Greeley Hwy","city":"Cheyenne","state":"Wyoming","zip":"82007","country":"USA","geocodeSource":"census","scoreBucket":2,"scoreRaw":16,"seats":2,"cdVolume":114,"avgMonthlyVol":9.5,"zdTicketRate":0.4123,"dispRate":0,"reschdRate":0,"dmaRegion":"CHEYENNE - SCOTTSBLUF","leaseAction":null,"leaseStatus":null,"daysRemaining":null,"leaseUtilization":null,"monthlyRevenue":null,"contractFlag":null,"recommendedAction":null,"licensureNote":null,"opsNotes":null,"leaseExpiry":null,"criticalOptimus":false}},{"type":"Feature","geometry":{"type":"Point","coordinates":[-109.469570839563,41.497639463029]},"properties":{"id":"11856","name":"Green River - Western WY Community College","propertyType":"PSI Authorized","category":"3P","address":"1 College Way, Room 106","city":"Green River","state":"Wyoming","zip":"82935","country":"USA","geocodeSource":"census","scoreBucket":2,"scoreRaw":14,"seats":2,"cdVolume":184,"avgMonthlyVol":15.3,"zdTicketRate":0.3043,"dispRate":0.0054,"reschdRate":0.0217,"dmaRegion":"SALT LAKE CITY","leaseAction":null,"leaseStatus":null,"daysRemaining":null,"leaseUtilization":null,"monthlyRevenue":null,"contractFlag":null,"recommendedAction":null,"licensureNote":null,"opsNotes":null,"leaseExpiry":null,"criticalOptimus":false}},{"type":"Feature","geometry":{"type":"Point","coordinates":[-70.102884394439,41.287428798581]},"properties":{"id":"17143","name":"Nantucket -  Nantucket Community School","propertyType":"PSI Authorized","category":"3P","address":"56 Centre Street","city":"Nantucket","state":"Massachusetts","zip":"02554","country":"USA","geocodeSource":"census","scoreBucket":2,"scoreRaw":15,"seats":2,"cdVolume":84,"avgMonthlyVol":8.4,"zdTicketRate":0.4643,"dispRate":0,"reschdRate":0.0119,"dmaRegion":"BOSTON (MANCHESTER)","leaseAction":null,"leaseStatus":null,"daysRemaining":null,"leaseUtilization":null,"monthlyRevenue":null,"contractFlag":null,"recommendedAction":null,"licensureNote":null,"opsNotes":null,"leaseExpiry":null,"criticalOptimus":false}},{"type":"Feature","geometry":{"type":"Point","coordinates":[-72.594516043565,42.104476553011]},"properties":{"id":"18988","name":"Springfield - Omnipoint Technology","propertyType":"PSI Authorized","category":"3P","address":"1666 Main Street","city":"Springfield","state":"Massachusetts","zip":"01103","country":"USA","geocodeSource":"census","scoreBucket":3,"scoreRaw":18,"seats":6,"cdVolume":157,"avgMonthlyVol":19.6,"zdTicketRate":0,"dispRate":0,"reschdRate":0,"dmaRegion":null,"leaseAction":null,"leaseStatus":null,"daysRemaining":null,"leaseUtilization":null,"monthlyRevenue":null,"contractFlag":null,"recommendedAction":null,"licensureNote":null,"opsNotes":null,"leaseExpiry":null,"criticalOptimus":false}},{"type":"Feature","geometry":{"type":"Point","coordinates":[-72.272282172959,42.907188259208]},"properties":{"id":"5702","name":"Keene - Monadnock Aviation Inc","propertyType":"PSI Authorized","category":"3P","address":"80 Airport Rd","city":"Keene","state":"New Hampshire","zip":"03431","country":"USA","geocodeSource":"census","scoreBucket":3,"scoreRaw":17,"seats":3,"cdVolume":428,"avgMonthlyVol":35.7,"zdTicketRate":0.1332,"dispRate":0.0117,"reschdRate":0.007,"dmaRegion":"BOSTON (MANCHESTER)","leaseAction":null,"leaseStatus":null,"daysRemaining":null,"leaseUtilization":null,"monthlyRevenue":null,"contractFlag":null,"recommendedAction":null,"licensureNote":null,"opsNotes":null,"leaseExpiry":null,"criticalOptimus":false}},{"type":"Feature","geometry":{"type":"Point","coordinates":[-70.770454884034,43.05174806475]},"properties":{"id":"11622","name":"Portsmouth - HRB","propertyType":"PSI Authorized","category":"3P","address":"775 Lafayette Road, Suite 10","city":"Portsmouth","state":"New Hampshire","zip":"03801","country":"USA","geocodeSource":"census","scoreBucket":2,"scoreRaw":16,"seats":3,"cdVolume":171,"avgMonthlyVol":34.2,"zdTicketRate":0.1462,"dispRate":0.0058,"reschdRate":0,"dmaRegion":"BOSTON (MANCHESTER)","leaseAction":null,"leaseStatus":null,"daysRemaining":null,"leaseUtilization":null,"monthlyRevenue":null,"contractFlag":null,"recommendedAction":null,"licensureNote":null,"opsNotes":null,"leaseExpiry":null,"criticalOptimus":false}},{"type":"Feature","geometry":{"type":"Point","coordinates":[-71.46569521568,42.750046054419]},"properties":{"id":"12330","name":"Nashua - X.L.O.S. Testing Center","propertyType":"MG TESTING","category":"3P","address":"71 Spit Brook Road, Suite 106","city":"Nashua","state":"New Hampshire","zip":"03060","country":"USA","geocodeSource":"census","scoreBucket":4,"scoreRaw":20,"seats":10,"cdVolume":2175,"avgMonthlyVol":181.2,"zdTicketRate":0.0336,"dispRate":0.0225,"reschdRate":0.0018,"dmaRegion":"BOSTON (MANCHESTER)","leaseAction":null,"leaseStatus":null,"daysRemaining":null,"leaseUtilization":null,"monthlyRevenue":null,"contractFlag":null,"recommendedAction":null,"licensureNote":null,"opsNotes":null,"leaseExpiry":null,"criticalOptimus":false}},{"type":"Feature","geometry":{"type":"Point","coordinates":[-70.831443190975,43.094820613438]},"properties":{"id":"12760","name":"Newington - Brainseed Testing Services","propertyType":"PSI Authorized","category":"3P","address":"100 Arboretum Drive, Suite 120","city":"Newington","state":"New Hampshire","zip":"03801","country":"USA","geocodeSource":"census","scoreBucket":4,"scoreRaw":21,"seats":8,"cdVolume":2504,"avgMonthlyVol":208.7,"zdTicketRate":0.0319,"dispRate":0.0024,"reschdRate":0,"dmaRegion":"BOSTON (MANCHESTER)","leaseAction":null,"leaseStatus":null,"daysRemaining":null,"leaseUtilization":null,"monthlyRevenue":null,"contractFlag":null,"recommendedAction":null,"licensureNote":null,"opsNotes":null,"leaseExpiry":null,"criticalOptimus":false}},{"type":"Feature","geometry":{"type":"Point","coordinates":[-71.581743341689,43.289036390481]},"properties":{"id":"13279","name":"Concord - Brainseed Testing Center","propertyType":"PSI Authorized","category":"3P","address":"2 Whitney Road, Suite 24","city":"Concord","state":"New Hampshire","zip":"03301","country":"USA","geocodeSource":"census","scoreBucket":4,"scoreRaw":20,"seats":6,"cdVolume":2980,"avgMonthlyVol":248.3,"zdTicketRate":0.0302,"dispRate":0.0077,"reschdRate":0,"dmaRegion":"BOSTON (MANCHESTER)","leaseAction":null,"leaseStatus":null,"daysRemaining":null,"leaseUtilization":null,"monthlyRevenue":null,"contractFlag":null,"recommendedAction":null,"licensureNote":null,"opsNotes":null,"leaseExpiry":null,"criticalOptimus":false}},{"type":"Feature","geometry":{"type":"Point","coordinates":[-71.463016906562,42.9922711502]},"properties":{"id":"19058","name":"Manchester - Excel Testing LLC","propertyType":"PSI Authorized","category":"3P","address":"1001 Elm Street, Suite 105","city":"Manchester","state":"New Hampshire","zip":"03101","country":"USA","geocodeSource":"census","scoreBucket":3,"scoreRaw":17,"seats":null,"cdVolume":427,"avgMonthlyVol":85.4,"zdTicketRate":0.0351,"dispRate":0,"reschdRate":0.0164,"dmaRegion":null,"leaseAction":null,"leaseStatus":null,"daysRemaining":null,"leaseUtilization":null,"monthlyRevenue":null,"contractFlag":null,"recommendedAction":null,"licensureNote":null,"opsNotes":null,"leaseExpiry":null,"criticalOptimus":false}},{"type":"Feature","geometry":{"type":"Point","coordinates":[-71.401477612395,41.791372260248]},"properties":{"id":"18317","name":"Providence - RI Training and Testing Center","propertyType":"PSI Authorized","category":"3P","address":"235 Georgia Avenue, Suite 103","city":"Providence","state":"Rhode Island","zip":"02905","country":"USA","geocodeSource":"census","scoreBucket":2,"scoreRaw":16,"seats":23,"cdVolume":2829,"avgMonthlyVol":235.8,"zdTicketRate":0.1209,"dispRate":0.0078,"reschdRate":0.0255,"dmaRegion":"PROVIDENCE - NEW BEDFORD","leaseAction":null,"leaseStatus":null,"daysRemaining":null,"leaseUtilization":null,"monthlyRevenue":null,"contractFlag":null,"recommendedAction":null,"licensureNote":null,"opsNotes":null,"leaseExpiry":null,"criticalOptimus":false}},{"type":"Feature","geometry":{"type":"Point","coordinates":[-73.147835363641,44.463763954849]},"properties":{"id":"12694","name":"South Burlington - Burlington Technical Center","propertyType":"PSI Authorized","category":"3P","address":"265 Aviation Avenue, 2nd Floor","city":"South Burlington","state":"Vermont","zip":"05403","country":"USA","geocodeSource":"census","scoreBucket":1,"scoreRaw":10,"seats":3,"cdVolume":747,"avgMonthlyVol":62.2,"zdTicketRate":0.0736,"dispRate":0.0897,"reschdRate":0.1526,"dmaRegion":"BURLINGTON - PLATTSBURGH","leaseAction":null,"leaseStatus":null,"daysRemaining":null,"leaseUtilization":null,"monthlyRevenue":null,"contractFlag":null,"recommendedAction":null,"licensureNote":null,"opsNotes":null,"leaseExpiry":null,"criticalOptimus":false}},{"type":"Feature","geometry":{"type":"Point","coordinates":[-66.0541522,18.4126621]},"properties":{"id":"9912","name":"San Juan - Expertis","propertyType":"PSI Authorized","category":"3P","address":"623 Avenida Juan Ponce de Leon, Suite 605 - BanCoop - Executive Tower","city":"San Juan","state":"","zip":"00917","country":"Puerto Rico","geocodeSource":"nominatim","seats":null,"scoreRaw":null,"scoreBucket":null,"avgMonthlyVol":null,"cdVolume":null,"reschdRate":null,"dispRate":null,"zdTicketRate":null,"dmaRegion":null,"leaseAction":null,"leaseStatus":null,"daysRemaining":null,"leaseUtilization":null,"monthlyRevenue":null,"contractFlag":null,"recommendedAction":null,"licensureNote":null,"opsNotes":null,"leaseExpiry":null,"criticalOptimus":false}},{"type":"Feature","geometry":{"type":"Point","coordinates":[-83.6632,41.5431]},"properties":{"id":"5037","name":"MAUMEE","propertyType":"PSI Owned","category":"OO","address":"1446 S. Reynolds Rd, Suite 201","city":"Maumee","state":"Ohio","zip":"43537","country":"USA","geocodeSource":"manual","scoreBucket":4,"scoreRaw":22,"seats":8,"cdVolume":8527,"avgMonthlyVol":710.6,"zdTicketRate":0.0536,"dispRate":0.0069,"reschdRate":0.0001,"dmaRegion":"TOLEDO","optimusScore":0.578,"optimusTier":"C","fy25Volume":4332,"fy25Utilization":0.885,"priority":null,"quickWins":"Repair facade damage, repaint, replace broken doors, improve entrance appearance; Clean floors, repair walls, replace broken furniture, improve lighting; Remove personal items, organize desk, update signage, clear walkways; Replace broken furniture, organize cables, improve lighting, reduce noise; D","leaseAction":null,"leaseStatus":null,"daysRemaining":null,"leaseUtilization":null,"monthlyRevenue":null,"contractFlag":null,"recommendedAction":null,"licensureNote":null,"opsNotes":null,"leaseExpiry":null,"osDate":"2025-09-16","oc01":0.75,"oc02":0.75,"oc03":0.734,"oc04":0.85,"oc05":null,"oc06":0.55,"oc07":null,"oc08":0.85,"oc09":null,"adaFlag":false,"brandingFlag":false,"criticalOptimus":false}},{"type":"Feature","geometry":{"type":"Point","coordinates":[-93.9167,44.2215]},"properties":{"id":"5124","name":"Mankato - North Star Aviation","propertyType":"PSI Authorized","category":"3P","address":"3030 Airport Rd., Mankato Regional Airport","city":"Mankato","state":"Minnesota","zip":"56001","country":"USA","geocodeSource":"manual","scoreBucket":2,"scoreRaw":14,"seats":3,"cdVolume":496,"avgMonthlyVol":41.3,"zdTicketRate":0.1169,"dispRate":0,"reschdRate":0,"dmaRegion":"MANKATO","leaseAction":null,"leaseStatus":null,"daysRemaining":null,"leaseUtilization":null,"monthlyRevenue":null,"contractFlag":null,"recommendedAction":null,"licensureNote":null,"opsNotes":null,"leaseExpiry":null,"criticalOptimus":false}},{"type":"Feature","geometry":{"type":"Point","coordinates":[-85.7543,38.2069]},"properties":{"id":"5174","name":"Louisville - University of Louisville","propertyType":"PSI Authorized","category":"3P","address":"2010 S. First Street, Davidson Hall RM 310","city":"Louisville","state":"Kentucky","zip":"40208","country":"USA","geocodeSource":"manual","scoreBucket":4,"scoreRaw":22,"seats":12,"cdVolume":6118,"avgMonthlyVol":509.8,"zdTicketRate":0.0472,"dispRate":0.0136,"reschdRate":0.0052,"dmaRegion":"LOUISVILLE","leaseAction":null,"leaseStatus":null,"daysRemaining":null,"leaseUtilization":null,"monthlyRevenue":null,"contractFlag":null,"recommendedAction":null,"licensureNote":null,"opsNotes":null,"leaseExpiry":null,"criticalOptimus":false}},{"type":"Feature","geometry":{"type":"Point","coordinates":[-92.4282,31.3571]},"properties":{"id":"5347","name":"Pineville - Flightline Air Service LLC","propertyType":"PSI Authorized","category":"3P","address":"200 Lake Buhlow Rd, Pineville Municipal Airport","city":"Pineville","state":"Louisiana","zip":"71360","country":"USA","geocodeSource":"manual","scoreBucket":3,"scoreRaw":19,"seats":5,"cdVolume":1982,"avgMonthlyVol":165.2,"zdTicketRate":0.1181,"dispRate":0.0061,"reschdRate":0.002,"dmaRegion":"ALEXANDRIA, LA","leaseAction":null,"leaseStatus":null,"daysRemaining":null,"leaseUtilization":null,"monthlyRevenue":null,"contractFlag":null,"recommendedAction":null,"licensureNote":null,"opsNotes":null,"leaseExpiry":null,"criticalOptimus":false}},{"type":"Feature","geometry":{"type":"Point","coordinates":[-97.3624,32.8193]},"properties":{"id":"5491","name":"Fort Worth - Pro Test","propertyType":"PSI Authorized","category":"3P","address":"201 American Concourse, Suite L10, Fort Worth Meacham Int'l Airport Admin Bldg.","city":"Fort Worth","state":"Texas","zip":"76106","country":"USA","geocodeSource":"manual","scoreBucket":4,"scoreRaw":21,"seats":6,"cdVolume":1679,"avgMonthlyVol":139.9,"zdTicketRate":0.0197,"dispRate":0,"reschdRate":0.0048,"dmaRegion":"DALLAS - FT. WORTH","leaseAction":null,"leaseStatus":null,"daysRemaining":null,"leaseUtilization":null,"monthlyRevenue":null,"contractFlag":null,"recommendedAction":null,"licensureNote":null,"opsNotes":null,"leaseExpiry":null,"criticalOptimus":false}},{"type":"Feature","geometry":{"type":"Point","coordinates":[-118.2551,34.1424]},"properties":{"id":"6199","name":"Glendale - Integrated Digital Technologies","propertyType":"PSI Authorized","category":"3P","address":"138 N Brand Blvd, Ste 200C","city":"Glendale","state":"California","zip":"91203","country":"USA","geocodeSource":"manual","scoreBucket":4,"scoreRaw":21,"seats":21,"cdVolume":8768,"avgMonthlyVol":730.7,"zdTicketRate":0.0393,"dispRate":0.0021,"reschdRate":0.0063,"dmaRegion":"LOS ANGELES","leaseAction":null,"leaseStatus":null,"daysRemaining":null,"leaseUtilization":null,"monthlyRevenue":null,"contractFlag":null,"recommendedAction":null,"licensureNote":null,"opsNotes":null,"leaseExpiry":null,"criticalOptimus":false}},{"type":"Feature","geometry":{"type":"Point","coordinates":[-71.1434,42.4969]},"properties":{"id":"6264","name":"Woburn - Millennium Training Inst.","propertyType":"MG TESTING","category":"3P","address":"800 West Cummings Park, Suite 3550, Testing room 3250","city":"Woburn","state":"Massachusetts","zip":"01801","country":"USA","geocodeSource":"manual","scoreBucket":4,"scoreRaw":21,"seats":10,"cdVolume":4487,"avgMonthlyVol":373.9,"zdTicketRate":0.0595,"dispRate":0,"reschdRate":0.0033,"dmaRegion":"BOSTON (MANCHESTER)","leaseAction":null,"leaseStatus":null,"daysRemaining":null,"leaseUtilization":null,"monthlyRevenue":null,"contractFlag":null,"recommendedAction":null,"licensureNote":null,"opsNotes":null,"leaseExpiry":null,"criticalOptimus":false}},{"type":"Feature","geometry":{"type":"Point","coordinates":[-87.499,37.3454]},"properties":{"id":"6331","name":"Madisonville - Madisonville Community College","propertyType":"TD TESTING","category":"3P","address":"2000 College Drive, John H Gray, Room 201","city":"Madisonville","state":"Kentucky","zip":"42431","country":"USA","geocodeSource":"manual","scoreBucket":2,"scoreRaw":13,"seats":8,"cdVolume":506,"avgMonthlyVol":42.2,"zdTicketRate":0.2055,"dispRate":0.0158,"reschdRate":0.0474,"dmaRegion":"EVANSVILLE","leaseAction":null,"leaseStatus":null,"daysRemaining":null,"leaseUtilization":null,"monthlyRevenue":null,"contractFlag":null,"recommendedAction":null,"licensureNote":null,"opsNotes":null,"leaseExpiry":null,"criticalOptimus":false}},{"type":"Feature","geometry":{"type":"Point","coordinates":[-74.1143,40.8187]},"properties":{"id":"6558","name":"Lyndhurst - K and M Testing Center","propertyType":"PSI Authorized","category":"3P","address":"155 Park Ave, Ste 104","city":"Lyndhurst","state":"New Jersey","zip":"07071","country":"USA","geocodeSource":"manual","scoreBucket":4,"scoreRaw":21,"seats":12,"cdVolume":1776,"avgMonthlyVol":148,"zdTicketRate":0.0349,"dispRate":0.0034,"reschdRate":0.0006,"dmaRegion":"NEW YORK","leaseAction":null,"leaseStatus":null,"daysRemaining":null,"leaseUtilization":null,"monthlyRevenue":null,"contractFlag":null,"recommendedAction":null,"licensureNote":null,"opsNotes":null,"leaseExpiry":null,"criticalOptimus":false}},{"type":"Feature","geometry":{"type":"Point","coordinates":[-78.8742,38.4163]},"properties":{"id":"11510","name":"Harrisonburg - Brainseed Testing Service","propertyType":"PSI Authorized","category":"3P","address":"2322 Blue Stone Hills Drive, Suite280","city":"Harrisonburg","state":"Virginia","zip":"22801","country":"USA","geocodeSource":"manual","scoreBucket":4,"scoreRaw":22,"seats":10,"cdVolume":4360,"avgMonthlyVol":363.3,"zdTicketRate":0.03,"dispRate":0,"reschdRate":0,"dmaRegion":"HARRISONBURG","leaseAction":null,"leaseStatus":null,"daysRemaining":null,"leaseUtilization":null,"monthlyRevenue":null,"contractFlag":null,"recommendedAction":null,"licensureNote":null,"opsNotes":null,"leaseExpiry":null,"criticalOptimus":false}},{"type":"Feature","geometry":{"type":"Point","coordinates":[-92.9544,44.9239]},"properties":{"id":"12907","name":"Woodbury","propertyType":"PSI Authorized","category":"3P","address":"6053 Hudson Rd, Suite 210","city":"Woodbury","state":"Minnesota","zip":"55125","country":"USA","geocodeSource":"manual","scoreBucket":4,"scoreRaw":22,"seats":21,"cdVolume":9582,"avgMonthlyVol":798.5,"zdTicketRate":0.0626,"dispRate":0.0004,"reschdRate":0.0007,"dmaRegion":"MINNEAPOLIS - ST. PAUL","leaseAction":null,"leaseStatus":null,"daysRemaining":null,"leaseUtilization":null,"monthlyRevenue":null,"contractFlag":null,"recommendedAction":null,"licensureNote":null,"opsNotes":null,"leaseExpiry":null,"criticalOptimus":false}},{"type":"Feature","geometry":{"type":"Point","coordinates":[-74.0601,40.7891]},"properties":{"id":"12956","name":"Secaucus - AVNA Learning Center","propertyType":"PSI Authorized","category":"3P","address":"110-B Meadowlands Parkway, Suite 204","city":"Secaucus","state":"New Jersey","zip":"07094","country":"USA","geocodeSource":"manual","scoreBucket":5,"scoreRaw":24,"seats":22,"cdVolume":20048,"avgMonthlyVol":1670.7,"zdTicketRate":0.0304,"dispRate":0,"reschdRate":0.0012,"dmaRegion":"NEW YORK","leaseAction":null,"leaseStatus":null,"daysRemaining":null,"leaseUtilization":null,"monthlyRevenue":null,"contractFlag":null,"recommendedAction":null,"licensureNote":null,"opsNotes":null,"leaseExpiry":null,"criticalOptimus":false}},{"type":"Feature","geometry":{"type":"Point","coordinates":[-100.7587,46.8138]},"properties":{"id":"13001","name":"Bismarck - North Dakota Safety Council","propertyType":"PSI Authorized","category":"3P","address":"1710 Canary Ave., Suite A","city":"Bismarck","state":"North Dakota","zip":"58501","country":"USA","geocodeSource":"manual","scoreBucket":3,"scoreRaw":18,"seats":4,"cdVolume":747,"avgMonthlyVol":62.2,"zdTicketRate":0.0589,"dispRate":0,"reschdRate":0.008,"dmaRegion":"MINOT - BISMARCK - DICKINSON","leaseAction":null,"leaseStatus":null,"daysRemaining":null,"leaseUtilization":null,"monthlyRevenue":null,"contractFlag":null,"recommendedAction":null,"licensureNote":null,"opsNotes":null,"leaseExpiry":null,"criticalOptimus":false}},{"type":"Feature","geometry":{"type":"Point","coordinates":[-86.768,34.0645]},"properties":{"id":"13111","name":"Cullman - Wallace State Community College","propertyType":"PSI Authorized","category":"3P","address":"801 Main Street NW, Bailey Bulding 4th FL","city":"Hanceville","state":"Alabama","zip":"35077","country":"USA","geocodeSource":"manual","scoreBucket":2,"scoreRaw":14,"seats":6,"cdVolume":829,"avgMonthlyVol":69.1,"zdTicketRate":0.1218,"dispRate":0.0097,"reschdRate":0.0567,"dmaRegion":"BIRMINGHAM (ANN & TUSC)","leaseAction":null,"leaseStatus":null,"daysRemaining":null,"leaseUtilization":null,"monthlyRevenue":null,"contractFlag":null,"recommendedAction":null,"licensureNote":null,"opsNotes":null,"leaseExpiry":null,"criticalOptimus":false}},{"type":"Feature","geometry":{"type":"Point","coordinates":[-75.4197,43.2312]},"properties":{"id":"18324","name":"Rome - Mohawk Valley Testing Center","propertyType":"PSI Authorized","category":"3P","address":"625 Bomber Dr., Suite 133","city":"Rome","state":"New York","zip":"13441","country":"USA","geocodeSource":"manual","scoreBucket":3,"scoreRaw":19,"seats":3,"cdVolume":406,"avgMonthlyVol":33.8,"zdTicketRate":0.0493,"dispRate":0.0099,"reschdRate":0.0049,"dmaRegion":"UTICA","leaseAction":null,"leaseStatus":null,"daysRemaining":null,"leaseUtilization":null,"monthlyRevenue":null,"contractFlag":null,"recommendedAction":null,"licensureNote":null,"opsNotes":null,"leaseExpiry":null,"criticalOptimus":false}},{"type":"Feature","geometry":{"type":"Point","coordinates":[-96.4086,33.9967]},"properties":{"id":"18587","name":"Durant - Choctaw Nation of Oklahoma","propertyType":"PSI Authorized","category":"3P","address":"1802 Chukka Hina Drive","city":"Durant","state":"Oklahoma","zip":"74701","country":"USA","geocodeSource":"manual","scoreBucket":3,"scoreRaw":18,"seats":6,"cdVolume":441,"avgMonthlyVol":36.8,"zdTicketRate":0,"dispRate":0,"reschdRate":0,"dmaRegion":null,"leaseAction":null,"leaseStatus":null,"daysRemaining":null,"leaseUtilization":null,"monthlyRevenue":null,"contractFlag":null,"recommendedAction":null,"licensureNote":null,"opsNotes":null,"leaseExpiry":null,"criticalOptimus":false}},{"type":"Feature","geometry":{"type":"Point","coordinates":[-73.0307,40.8173]},"properties":{"id":"19147","name":"Suffolk - AVNA Learning Center","propertyType":"PSI Authorized","category":"3P","address":"Brookhaven Professional Center,, Building 8, Suite 3","city":"Medford","state":"New York","zip":"11763","country":"USA","geocodeSource":"manual","seats":null,"scoreRaw":null,"scoreBucket":null,"avgMonthlyVol":null,"cdVolume":null,"reschdRate":null,"dispRate":null,"zdTicketRate":null,"dmaRegion":null,"leaseAction":null,"leaseStatus":null,"daysRemaining":null,"leaseUtilization":null,"monthlyRevenue":null,"contractFlag":null,"recommendedAction":null,"licensureNote":null,"opsNotes":null,"leaseExpiry":null,"criticalOptimus":false}},{"type":"Feature","geometry":{"type":"Point","coordinates":[-93.1667,44.9556]},"properties":{"id":"19193","name":"Saint Paul - Brainseed Testing Center","propertyType":"PSI Authorized","category":"3P","address":"Hamline Park Plaza, 570 Asbury St. Suite 206","city":"Saint Paul","state":"Minnesota","zip":"55104","country":"USA","geocodeSource":"manual","seats":null,"scoreRaw":null,"scoreBucket":null,"avgMonthlyVol":null,"cdVolume":null,"reschdRate":null,"dispRate":null,"zdTicketRate":null,"dmaRegion":null,"leaseAction":null,"leaseStatus":null,"daysRemaining":null,"leaseUtilization":null,"monthlyRevenue":null,"contractFlag":null,"recommendedAction":null,"licensureNote":null,"opsNotes":null,"leaseExpiry":null,"criticalOptimus":false}}]}