{"type": "FeatureCollection", "features": [{"type": "Feature", "properties": {"name": "New York VA Medical Center", "city": "New York", "state": "New York", "type": "Government Hub"}, "geometry": {"type": "Point", "coordinates": [-74.0055, 40.6819]}}, {"type": "Feature", "properties": {"name": "New York County Courthouse", "city": "New York", "state": "New York", "type": "Government Hub"}, "geometry": {"type": "Point", "coordinates": [-73.9958, 40.7051]}}, {"type": "Feature", "properties": {"name": "New York State Office Building", "city": "New York", "state": "New York", "type": "Government Hub"}, "geometry": {"type": "Point", "coordinates": [-74.0403, 40.7446]}}, {"type": "Feature", "properties": {"name": "New York IRS Service Center", "city": "New York", "state": "New York", "type": "Government Hub"}, "geometry": {"type": "Point", "coordinates": [-73.9804, 40.6815]}}, {"type": "Feature", "properties": {"name": "New York VA Medical Center", "city": "New York", "state": "New York", "type": "Government Hub"}, "geometry": {"type": "Point", "coordinates": [-73.9741, 40.7278]}}, {"type": "Feature", "properties": {"name": "New York Public Safety Building", "city": "New York", "state": "New York", "type": "Government Hub"}, "geometry": {"type": "Point", "coordinates": [-74.0524, 40.6898]}}, {"type": "Feature", "properties": {"name": "New York VA Medical Center", "city": "New York", "state": "New York", "type": "Government Hub"}, "geometry": {"type": "Point", "coordinates": [-74.0258, 40.7495]}}, {"type": "Feature", "properties": {"name": "New York Social Security Office", "city": "New York", "state": "New York", "type": "Government Hub"}, "geometry": {"type": "Point", "coordinates": [-73.997, 40.6871]}}, {"type": "Feature", "properties": {"name": "New York Public Safety Building", "city": "New York", "state": "New York", "type": "Government Hub"}, "geometry": {"type": "Point", "coordinates": [-74.0144, 40.6765]}}, {"type": "Feature", "properties": {"name": "New York Administrative Center", "city": "New York", "state": "New York", "type": "Government Hub"}, "geometry": {"type": "Point", "coordinates": [-74.0507, 40.7168]}}, {"type": "Feature", "properties": {"name": "New York Post Office", "city": "New York", "state": "New York", "type": "Government Hub"}, "geometry": {"type": "Point", "coordinates": [-73.9647, 40.7235]}}, {"type": "Feature", "properties": {"name": "New York Federal Building", "city": "New York", "state": "New York", "type": "Government Hub"}, "geometry": {"type": "Point", "coordinates": [-74.0597, 40.7269]}}, {"type": "Feature", "properties": {"name": "New York Federal Courthouse", "city": "New York", "state": "New York", "type": "Government Hub"}, "geometry": {"type": "Point", "coordinates": [-74.0404, 40.6879]}}, {"type": "Feature", "properties": {"name": "New York DMV Regional Office", "city": "New York", "state": "New York", "type": "Government Hub"}, "geometry": {"type": "Point", "coordinates": [-74.0381, 40.7416]}}, {"type": "Feature", "properties": {"name": "New York Civic Center", "city": "New York", "state": "New York", "type": "Government Hub"}, "geometry": {"type": "Point", "coordinates": [-74.0592, 40.7077]}}, {"type": "Feature", "properties": {"name": "New York Civic Center", "city": "New York", "state": "New York", "type": "Government Hub"}, "geometry": {"type": "Point", "coordinates": [-73.9618, 40.6867]}}, {"type": "Feature", "properties": {"name": "New York DMV Regional Office", "city": "New York", "state": "New York", "type": "Government Hub"}, "geometry": {"type": "Point", "coordinates": [-74.0105, 40.7187]}}, {"type": "Feature", "properties": {"name": "Los Angeles Municipal Center", "city": "Los Angeles", "state": "California", "type": "Government Hub"}, "geometry": {"type": "Point", "coordinates": [-118.2892, 34.031]}}, {"type": "Feature", "properties": {"name": "Los Angeles County Courthouse", "city": "Los Angeles", "state": "California", "type": "Government Hub"}, "geometry": {"type": "Point", "coordinates": [-118.2629, 34.048]}}, {"type": "Feature", "properties": {"name": "Los Angeles Public Safety Building", "city": "Los Angeles", "state": "California", "type": "Government Hub"}, "geometry": {"type": "Point", "coordinates": [-118.2704, 34.0166]}}, {"type": "Feature", "properties": {"name": "Los Angeles Administrative Center", "city": "Los Angeles", "state": "California", "type": "Government Hub"}, "geometry": {"type": "Point", "coordinates": [-118.2186, 34.0453]}}, {"type": "Feature", "properties": {"name": "Los Angeles Federal Courthouse", "city": "Los Angeles", "state": "California", "type": "Government Hub"}, "geometry": {"type": "Point", "coordinates": [-118.2579, 34.0528]}}, {"type": "Feature", "properties": {"name": "Los Angeles VA Medical Center", "city": "Los Angeles", "state": "California", "type": "Government Hub"}, "geometry": {"type": "Point", "coordinates": [-118.1903, 34.0821]}}, {"type": "Feature", "properties": {"name": "Los Angeles Post Office", "city": "Los Angeles", "state": "California", "type": "Government Hub"}, "geometry": {"type": "Point", "coordinates": [-118.2096, 34.077]}}, {"type": "Feature", "properties": {"name": "Los Angeles Government Center", "city": "Los Angeles", "state": "California", "type": "Government Hub"}, "geometry": {"type": "Point", "coordinates": [-118.2033, 34.0793]}}, {"type": "Feature", "properties": {"name": "Los Angeles IRS Service Center", "city": "Los Angeles", "state": "California", "type": "Government Hub"}, "geometry": {"type": "Point", "coordinates": [-118.2214, 34.0344]}}, {"type": "Feature", "properties": {"name": "Los Angeles Civic Center", "city": "Los Angeles", "state": "California", "type": "Government Hub"}, "geometry": {"type": "Point", "coordinates": [-118.1888, 34.0332]}}, {"type": "Feature", "properties": {"name": "Los Angeles Public Safety Building", "city": "Los Angeles", "state": "California", "type": "Government Hub"}, "geometry": {"type": "Point", "coordinates": [-118.2868, 34.0602]}}, {"type": "Feature", "properties": {"name": "Los Angeles City Hall", "city": "Los Angeles", "state": "California", "type": "Government Hub"}, "geometry": {"type": "Point", "coordinates": [-118.2745, 34.0521]}}, {"type": "Feature", "properties": {"name": "Los Angeles VA Medical Center", "city": "Los Angeles", "state": "California", "type": "Government Hub"}, "geometry": {"type": "Point", "coordinates": [-118.1942, 34.0823]}}, {"type": "Feature", "properties": {"name": "Los Angeles State Office Building", "city": "Los Angeles", "state": "California", "type": "Government Hub"}, "geometry": {"type": "Point", "coordinates": [-118.2832, 34.0518]}}, {"type": "Feature", "properties": {"name": "Los Angeles Civic Center", "city": "Los Angeles", "state": "California", "type": "Government Hub"}, "geometry": {"type": "Point", "coordinates": [-118.2062, 34.0617]}}, {"type": "Feature", "properties": {"name": "Los Angeles Public Safety Building", "city": "Los Angeles", "state": "California", "type": "Government Hub"}, "geometry": {"type": "Point", "coordinates": [-118.2453, 34.0366]}}, {"type": "Feature", "properties": {"name": "Los Angeles Federal Courthouse", "city": "Los Angeles", "state": "California", "type": "Government Hub"}, "geometry": {"type": "Point", "coordinates": [-118.2942, 34.0145]}}, {"type": "Feature", "properties": {"name": "Chicago Federal Building", "city": "Chicago", "state": "Illinois", "type": "Government Hub"}, "geometry": {"type": "Point", "coordinates": [-87.6663, 41.9135]}}, {"type": "Feature", "properties": {"name": "Chicago IRS Service Center", "city": "Chicago", "state": "Illinois", "type": "Government Hub"}, "geometry": {"type": "Point", "coordinates": [-87.601, 41.9025]}}, {"type": "Feature", "properties": {"name": "Chicago State Office Building", "city": "Chicago", "state": "Illinois", "type": "Government Hub"}, "geometry": {"type": "Point", "coordinates": [-87.6844, 41.8679]}}, {"type": "Feature", "properties": {"name": "Chicago DMV Regional Office", "city": "Chicago", "state": "Illinois", "type": "Government Hub"}, "geometry": {"type": "Point", "coordinates": [-87.6307, 41.8484]}}, {"type": "Feature", "properties": {"name": "Chicago DMV Regional Office", "city": "Chicago", "state": "Illinois", "type": "Government Hub"}, "geometry": {"type": "Point", "coordinates": [-87.677, 41.8875]}}, {"type": "Feature", "properties": {"name": "Chicago Municipal Center", "city": "Chicago", "state": "Illinois", "type": "Government Hub"}, "geometry": {"type": "Point", "coordinates": [-87.6596, 41.9163]}}, {"type": "Feature", "properties": {"name": "Chicago Public Safety Building", "city": "Chicago", "state": "Illinois", "type": "Government Hub"}, "geometry": {"type": "Point", "coordinates": [-87.6574, 41.8691]}}, {"type": "Feature", "properties": {"name": "Chicago IRS Service Center", "city": "Chicago", "state": "Illinois", "type": "Government Hub"}, "geometry": {"type": "Point", "coordinates": [-87.6234, 41.9007]}}, {"type": "Feature", "properties": {"name": "Chicago Federal Courthouse", "city": "Chicago", "state": "Illinois", "type": "Government Hub"}, "geometry": {"type": "Point", "coordinates": [-87.5967, 41.8951]}}, {"type": "Feature", "properties": {"name": "Chicago Public Safety Building", "city": "Chicago", "state": "Illinois", "type": "Government Hub"}, "geometry": {"type": "Point", "coordinates": [-87.6848, 41.9157]}}, {"type": "Feature", "properties": {"name": "Chicago State Office Building", "city": "Chicago", "state": "Illinois", "type": "Government Hub"}, "geometry": {"type": "Point", "coordinates": [-87.6279, 41.8793]}}, {"type": "Feature", "properties": {"name": "Chicago Civic Center", "city": "Chicago", "state": "Illinois", "type": "Government Hub"}, "geometry": {"type": "Point", "coordinates": [-87.6056, 41.8983]}}, {"type": "Feature", "properties": {"name": "Houston VA Medical Center", "city": "Houston", "state": "Texas", "type": "Government Hub"}, "geometry": {"type": "Point", "coordinates": [-95.3173, 29.7665]}}, {"type": "Feature", "properties": {"name": "Houston Municipal Center", "city": "Houston", "state": "Texas", "type": "Government Hub"}, "geometry": {"type": "Point", "coordinates": [-95.3859, 29.7652]}}, {"type": "Feature", "properties": {"name": "Houston Civic Center", "city": "Houston", "state": "Texas", "type": "Government Hub"}, "geometry": {"type": "Point", "coordinates": [-95.3408, 29.7386]}}, {"type": "Feature", "properties": {"name": "Houston VA Medical Center", "city": "Houston", "state": "Texas", "type": "Government Hub"}, "geometry": {"type": "Point", "coordinates": [-95.3748, 29.785]}}, {"type": "Feature", "properties": {"name": "Houston DMV Regional Office", "city": "Houston", "state": "Texas", "type": "Government Hub"}, "geometry": {"type": "Point", "coordinates": [-95.4076, 29.7462]}}, {"type": "Feature", "properties": {"name": "Houston Federal Building", "city": "Houston", "state": "Texas", "type": "Government Hub"}, "geometry": {"type": "Point", "coordinates": [-95.385, 29.7959]}}, {"type": "Feature", "properties": {"name": "Houston Administrative Center", "city": "Houston", "state": "Texas", "type": "Government Hub"}, "geometry": {"type": "Point", "coordinates": [-95.3248, 29.7703]}}, {"type": "Feature", "properties": {"name": "Houston Government Center", "city": "Houston", "state": "Texas", "type": "Government Hub"}, "geometry": {"type": "Point", "coordinates": [-95.3995, 29.7999]}}, {"type": "Feature", "properties": {"name": "Houston State Office Building", "city": "Houston", "state": "Texas", "type": "Government Hub"}, "geometry": {"type": "Point", "coordinates": [-95.3261, 29.7942]}}, {"type": "Feature", "properties": {"name": "Houston DMV Regional Office", "city": "Houston", "state": "Texas", "type": "Government Hub"}, "geometry": {"type": "Point", "coordinates": [-95.342, 29.7724]}}, {"type": "Feature", "properties": {"name": "Houston Civic Center", "city": "Houston", "state": "Texas", "type": "Government Hub"}, "geometry": {"type": "Point", "coordinates": [-95.3158, 29.7359]}}, {"type": "Feature", "properties": {"name": "Houston Public Safety Building", "city": "Houston", "state": "Texas", "type": "Government Hub"}, "geometry": {"type": "Point", "coordinates": [-95.3982, 29.7855]}}, {"type": "Feature", "properties": {"name": "Philadelphia IRS Service Center", "city": "Philadelphia", "state": "Pennsylvania", "type": "Government Hub"}, "geometry": {"type": "Point", "coordinates": [-75.1576, 39.9164]}}, {"type": "Feature", "properties": {"name": "Philadelphia IRS Service Center", "city": "Philadelphia", "state": "Pennsylvania", "type": "Government Hub"}, "geometry": {"type": "Point", "coordinates": [-75.1911, 39.9817]}}, {"type": "Feature", "properties": {"name": "Philadelphia Social Security Office", "city": "Philadelphia", "state": "Pennsylvania", "type": "Government Hub"}, "geometry": {"type": "Point", "coordinates": [-75.1434, 39.9836]}}, {"type": "Feature", "properties": {"name": "Philadelphia County Courthouse", "city": "Philadelphia", "state": "Pennsylvania", "type": "Government Hub"}, "geometry": {"type": "Point", "coordinates": [-75.1266, 39.9462]}}, {"type": "Feature", "properties": {"name": "Philadelphia Federal Building", "city": "Philadelphia", "state": "Pennsylvania", "type": "Government Hub"}, "geometry": {"type": "Point", "coordinates": [-75.1615, 39.9676]}}, {"type": "Feature", "properties": {"name": "Philadelphia VA Medical Center", "city": "Philadelphia", "state": "Pennsylvania", "type": "Government Hub"}, "geometry": {"type": "Point", "coordinates": [-75.1379, 39.9194]}}, {"type": "Feature", "properties": {"name": "Philadelphia VA Medical Center", "city": "Philadelphia", "state": "Pennsylvania", "type": "Government Hub"}, "geometry": {"type": "Point", "coordinates": [-75.127, 39.9724]}}, {"type": "Feature", "properties": {"name": "Philadelphia City Hall", "city": "Philadelphia", "state": "Pennsylvania", "type": "Government Hub"}, "geometry": {"type": "Point", "coordinates": [-75.119, 39.9406]}}, {"type": "Feature", "properties": {"name": "Philadelphia Government Center", "city": "Philadelphia", "state": "Pennsylvania", "type": "Government Hub"}, "geometry": {"type": "Point", "coordinates": [-75.1399, 39.9272]}}, {"type": "Feature", "properties": {"name": "Philadelphia Administrative Center", "city": "Philadelphia", "state": "Pennsylvania", "type": "Government Hub"}, "geometry": {"type": "Point", "coordinates": [-75.1541, 39.9618]}}, {"type": "Feature", "properties": {"name": "Philadelphia Federal Courthouse", "city": "Philadelphia", "state": "Pennsylvania", "type": "Government Hub"}, "geometry": {"type": "Point", "coordinates": [-75.137, 39.9215]}}, {"type": "Feature", "properties": {"name": "Philadelphia City Hall", "city": "Philadelphia", "state": "Pennsylvania", "type": "Government Hub"}, "geometry": {"type": "Point", "coordinates": [-75.1961, 39.9206]}}, {"type": "Feature", "properties": {"name": "Phoenix Government Center", "city": "Phoenix", "state": "Arizona", "type": "Government Hub"}, "geometry": {"type": "Point", "coordinates": [-112.0878, 33.4868]}}, {"type": "Feature", "properties": {"name": "Phoenix Post Office", "city": "Phoenix", "state": "Arizona", "type": "Government Hub"}, "geometry": {"type": "Point", "coordinates": [-112.0456, 33.4821]}}, {"type": "Feature", "properties": {"name": "Phoenix Administrative Center", "city": "Phoenix", "state": "Arizona", "type": "Government Hub"}, "geometry": {"type": "Point", "coordinates": [-112.0461, 33.4221]}}, {"type": "Feature", "properties": {"name": "Phoenix VA Medical Center", "city": "Phoenix", "state": "Arizona", "type": "Government Hub"}, "geometry": {"type": "Point", "coordinates": [-112.0653, 33.4262]}}, {"type": "Feature", "properties": {"name": "Phoenix Government Center", "city": "Phoenix", "state": "Arizona", "type": "Government Hub"}, "geometry": {"type": "Point", "coordinates": [-112.044, 33.4678]}}, {"type": "Feature", "properties": {"name": "Phoenix Administrative Center", "city": "Phoenix", "state": "Arizona", "type": "Government Hub"}, "geometry": {"type": "Point", "coordinates": [-112.0877, 33.4521]}}, {"type": "Feature", "properties": {"name": "Phoenix Public Safety Building", "city": "Phoenix", "state": "Arizona", "type": "Government Hub"}, "geometry": {"type": "Point", "coordinates": [-112.0187, 33.4862]}}, {"type": "Feature", "properties": {"name": "Phoenix VA Medical Center", "city": "Phoenix", "state": "Arizona", "type": "Government Hub"}, "geometry": {"type": "Point", "coordinates": [-112.0316, 33.4849]}}, {"type": "Feature", "properties": {"name": "Phoenix Government Center", "city": "Phoenix", "state": "Arizona", "type": "Government Hub"}, "geometry": {"type": "Point", "coordinates": [-112.0296, 33.4487]}}, {"type": "Feature", "properties": {"name": "Phoenix Social Security Office", "city": "Phoenix", "state": "Arizona", "type": "Government Hub"}, "geometry": {"type": "Point", "coordinates": [-112.101, 33.454]}}, {"type": "Feature", "properties": {"name": "Phoenix Government Center", "city": "Phoenix", "state": "Arizona", "type": "Government Hub"}, "geometry": {"type": "Point", "coordinates": [-112.074, 33.4307]}}, {"type": "Feature", "properties": {"name": "Phoenix Post Office", "city": "Phoenix", "state": "Arizona", "type": "Government Hub"}, "geometry": {"type": "Point", "coordinates": [-112.0186, 33.4486]}}, {"type": "Feature", "properties": {"name": "Phoenix County Courthouse", "city": "Phoenix", "state": "Arizona", "type": "Government Hub"}, "geometry": {"type": "Point", "coordinates": [-112.108, 33.4882]}}, {"type": "Feature", "properties": {"name": "Phoenix Social Security Office", "city": "Phoenix", "state": "Arizona", "type": "Government Hub"}, "geometry": {"type": "Point", "coordinates": [-112.0718, 33.4681]}}, {"type": "Feature", "properties": {"name": "Phoenix Government Center", "city": "Phoenix", "state": "Arizona", "type": "Government Hub"}, "geometry": {"type": "Point", "coordinates": [-112.0839, 33.423]}}, {"type": "Feature", "properties": {"name": "San Antonio VA Medical Center", "city": "San Antonio", "state": "Texas", "type": "Government Hub"}, "geometry": {"type": "Point", "coordinates": [-98.4857, 29.4531]}}, {"type": "Feature", "properties": {"name": "San Antonio City Hall", "city": "San Antonio", "state": "Texas", "type": "Government Hub"}, "geometry": {"type": "Point", "coordinates": [-98.5227, 29.3949]}}, {"type": "Feature", "properties": {"name": "San Antonio DMV Regional Office", "city": "San Antonio", "state": "Texas", "type": "Government Hub"}, "geometry": {"type": "Point", "coordinates": [-98.5072, 29.4579]}}, {"type": "Feature", "properties": {"name": "San Antonio Government Center", "city": "San Antonio", "state": "Texas", "type": "Government Hub"}, "geometry": {"type": "Point", "coordinates": [-98.4985, 29.3904]}}, {"type": "Feature", "properties": {"name": "San Antonio Government Center", "city": "San Antonio", "state": "Texas", "type": "Government Hub"}, "geometry": {"type": "Point", "coordinates": [-98.5031, 29.4026]}}, {"type": "Feature", "properties": {"name": "San Antonio State Office Building", "city": "San Antonio", "state": "Texas", "type": "Government Hub"}, "geometry": {"type": "Point", "coordinates": [-98.5455, 29.4453]}}, {"type": "Feature", "properties": {"name": "San Antonio Civic Center", "city": "San Antonio", "state": "Texas", "type": "Government Hub"}, "geometry": {"type": "Point", "coordinates": [-98.469, 29.3868]}}, {"type": "Feature", "properties": {"name": "San Antonio Post Office", "city": "San Antonio", "state": "Texas", "type": "Government Hub"}, "geometry": {"type": "Point", "coordinates": [-98.5109, 29.4241]}}, {"type": "Feature", "properties": {"name": "San Antonio Post Office", "city": "San Antonio", "state": "Texas", "type": "Government Hub"}, "geometry": {"type": "Point", "coordinates": [-98.5322, 29.4303]}}, {"type": "Feature", "properties": {"name": "San Antonio Government Center", "city": "San Antonio", "state": "Texas", "type": "Government Hub"}, "geometry": {"type": "Point", "coordinates": [-98.4595, 29.4598]}}, {"type": "Feature", "properties": {"name": "San Antonio State Office Building", "city": "San Antonio", "state": "Texas", "type": "Government Hub"}, "geometry": {"type": "Point", "coordinates": [-98.5232, 29.4191]}}, {"type": "Feature", "properties": {"name": "San Antonio Government Center", "city": "San Antonio", "state": "Texas", "type": "Government Hub"}, "geometry": {"type": "Point", "coordinates": [-98.5331, 29.4231]}}, {"type": "Feature", "properties": {"name": "San Antonio IRS Service Center", "city": "San Antonio", "state": "Texas", "type": "Government Hub"}, "geometry": {"type": "Point", "coordinates": [-98.5158, 29.4371]}}, {"type": "Feature", "properties": {"name": "San Antonio IRS Service Center", "city": "San Antonio", "state": "Texas", "type": "Government Hub"}, "geometry": {"type": "Point", "coordinates": [-98.4909, 29.4121]}}, {"type": "Feature", "properties": {"name": "San Antonio Public Safety Building", "city": "San Antonio", "state": "Texas", "type": "Government Hub"}, "geometry": {"type": "Point", "coordinates": [-98.5268, 29.4136]}}, {"type": "Feature", "properties": {"name": "San Antonio Government Center", "city": "San Antonio", "state": "Texas", "type": "Government Hub"}, "geometry": {"type": "Point", "coordinates": [-98.4817, 29.3978]}}, {"type": "Feature", "properties": {"name": "San Antonio Administrative Center", "city": "San Antonio", "state": "Texas", "type": "Government Hub"}, "geometry": {"type": "Point", "coordinates": [-98.489, 29.421]}}, {"type": "Feature", "properties": {"name": "San Antonio Government Center", "city": "San Antonio", "state": "Texas", "type": "Government Hub"}, "geometry": {"type": "Point", "coordinates": [-98.463, 29.4332]}}, {"type": "Feature", "properties": {"name": "San Antonio Municipal Center", "city": "San Antonio", "state": "Texas", "type": "Government Hub"}, "geometry": {"type": "Point", "coordinates": [-98.5327, 29.4332]}}, {"type": "Feature", "properties": {"name": "San Diego County Courthouse", "city": "San Diego", "state": "California", "type": "Government Hub"}, "geometry": {"type": "Point", "coordinates": [-117.1417, 32.7527]}}, {"type": "Feature", "properties": {"name": "San Diego Government Center", "city": "San Diego", "state": "California", "type": "Government Hub"}, "geometry": {"type": "Point", "coordinates": [-117.1182, 32.6807]}}, {"type": "Feature", "properties": {"name": "San Diego DMV Regional Office", "city": "San Diego", "state": "California", "type": "Government Hub"}, "geometry": {"type": "Point", "coordinates": [-117.1813, 32.7009]}}, {"type": "Feature", "properties": {"name": "San Diego State Office Building", "city": "San Diego", "state": "California", "type": "Government Hub"}, "geometry": {"type": "Point", "coordinates": [-117.1961, 32.7085]}}, {"type": "Feature", "properties": {"name": "San Diego Social Security Office", "city": "San Diego", "state": "California", "type": "Government Hub"}, "geometry": {"type": "Point", "coordinates": [-117.2056, 32.742]}}, {"type": "Feature", "properties": {"name": "San Diego Government Center", "city": "San Diego", "state": "California", "type": "Government Hub"}, "geometry": {"type": "Point", "coordinates": [-117.1471, 32.7399]}}, {"type": "Feature", "properties": {"name": "San Diego State Office Building", "city": "San Diego", "state": "California", "type": "Government Hub"}, "geometry": {"type": "Point", "coordinates": [-117.1226, 32.731]}}, {"type": "Feature", "properties": {"name": "San Diego Public Safety Building", "city": "San Diego", "state": "California", "type": "Government Hub"}, "geometry": {"type": "Point", "coordinates": [-117.1413, 32.7428]}}, {"type": "Feature", "properties": {"name": "San Diego Post Office", "city": "San Diego", "state": "California", "type": "Government Hub"}, "geometry": {"type": "Point", "coordinates": [-117.2139, 32.755]}}, {"type": "Feature", "properties": {"name": "San Diego State Office Building", "city": "San Diego", "state": "California", "type": "Government Hub"}, "geometry": {"type": "Point", "coordinates": [-117.1358, 32.7313]}}, {"type": "Feature", "properties": {"name": "San Diego Post Office", "city": "San Diego", "state": "California", "type": "Government Hub"}, "geometry": {"type": "Point", "coordinates": [-117.1898, 32.736]}}, {"type": "Feature", "properties": {"name": "San Diego Civic Center", "city": "San Diego", "state": "California", "type": "Government Hub"}, "geometry": {"type": "Point", "coordinates": [-117.194, 32.7196]}}, {"type": "Feature", "properties": {"name": "San Diego Government Center", "city": "San Diego", "state": "California", "type": "Government Hub"}, "geometry": {"type": "Point", "coordinates": [-117.189, 32.7382]}}, {"type": "Feature", "properties": {"name": "Dallas Civic Center", "city": "Dallas", "state": "Texas", "type": "Government Hub"}, "geometry": {"type": "Point", "coordinates": [-96.8499, 32.7549]}}, {"type": "Feature", "properties": {"name": "Dallas DMV Regional Office", "city": "Dallas", "state": "Texas", "type": "Government Hub"}, "geometry": {"type": "Point", "coordinates": [-96.8426, 32.7639]}}, {"type": "Feature", "properties": {"name": "Dallas State Office Building", "city": "Dallas", "state": "Texas", "type": "Government Hub"}, "geometry": {"type": "Point", "coordinates": [-96.7632, 32.7821]}}, {"type": "Feature", "properties": {"name": "Dallas Post Office", "city": "Dallas", "state": "Texas", "type": "Government Hub"}, "geometry": {"type": "Point", "coordinates": [-96.7793, 32.7766]}}, {"type": "Feature", "properties": {"name": "Dallas Federal Courthouse", "city": "Dallas", "state": "Texas", "type": "Government Hub"}, "geometry": {"type": "Point", "coordinates": [-96.7434, 32.754]}}, {"type": "Feature", "properties": {"name": "Dallas Civic Center", "city": "Dallas", "state": "Texas", "type": "Government Hub"}, "geometry": {"type": "Point", "coordinates": [-96.7829, 32.8085]}}, {"type": "Feature", "properties": {"name": "Dallas County Courthouse", "city": "Dallas", "state": "Texas", "type": "Government Hub"}, "geometry": {"type": "Point", "coordinates": [-96.828, 32.7865]}}, {"type": "Feature", "properties": {"name": "Dallas Civic Center", "city": "Dallas", "state": "Texas", "type": "Government Hub"}, "geometry": {"type": "Point", "coordinates": [-96.7759, 32.7448]}}, {"type": "Feature", "properties": {"name": "Dallas DMV Regional Office", "city": "Dallas", "state": "Texas", "type": "Government Hub"}, "geometry": {"type": "Point", "coordinates": [-96.7621, 32.7672]}}, {"type": "Feature", "properties": {"name": "Dallas State Office Building", "city": "Dallas", "state": "Texas", "type": "Government Hub"}, "geometry": {"type": "Point", "coordinates": [-96.8206, 32.7939]}}, {"type": "Feature", "properties": {"name": "Dallas Administrative Center", "city": "Dallas", "state": "Texas", "type": "Government Hub"}, "geometry": {"type": "Point", "coordinates": [-96.7807, 32.812]}}, {"type": "Feature", "properties": {"name": "Dallas Government Center", "city": "Dallas", "state": "Texas", "type": "Government Hub"}, "geometry": {"type": "Point", "coordinates": [-96.7731, 32.7505]}}, {"type": "Feature", "properties": {"name": "Dallas Federal Building", "city": "Dallas", "state": "Texas", "type": "Government Hub"}, "geometry": {"type": "Point", "coordinates": [-96.7545, 32.7546]}}, {"type": "Feature", "properties": {"name": "Dallas Government Center", "city": "Dallas", "state": "Texas", "type": "Government Hub"}, "geometry": {"type": "Point", "coordinates": [-96.7888, 32.7502]}}, {"type": "Feature", "properties": {"name": "Dallas Municipal Center", "city": "Dallas", "state": "Texas", "type": "Government Hub"}, "geometry": {"type": "Point", "coordinates": [-96.8186, 32.7913]}}, {"type": "Feature", "properties": {"name": "Dallas Federal Building", "city": "Dallas", "state": "Texas", "type": "Government Hub"}, "geometry": {"type": "Point", "coordinates": [-96.7705, 32.7413]}}, {"type": "Feature", "properties": {"name": "Dallas Post Office", "city": "Dallas", "state": "Texas", "type": "Government Hub"}, "geometry": {"type": "Point", "coordinates": [-96.7858, 32.7762]}}, {"type": "Feature", "properties": {"name": "San Jose Post Office", "city": "San Jose", "state": "California", "type": "Government Hub"}, "geometry": {"type": "Point", "coordinates": [-121.9035, 37.3015]}}, {"type": "Feature", "properties": {"name": "San Jose DMV Regional Office", "city": "San Jose", "state": "California", "type": "Government Hub"}, "geometry": {"type": "Point", "coordinates": [-121.868, 37.3774]}}, {"type": "Feature", "properties": {"name": "San Jose Social Security Office", "city": "San Jose", "state": "California", "type": "Government Hub"}, "geometry": {"type": "Point", "coordinates": [-121.9132, 37.3308]}}, {"type": "Feature", "properties": {"name": "San Jose VA Medical Center", "city": "San Jose", "state": "California", "type": "Government Hub"}, "geometry": {"type": "Point", "coordinates": [-121.9348, 37.3083]}}, {"type": "Feature", "properties": {"name": "San Jose Administrative Center", "city": "San Jose", "state": "California", "type": "Government Hub"}, "geometry": {"type": "Point", "coordinates": [-121.8779, 37.3772]}}, {"type": "Feature", "properties": {"name": "San Jose Public Safety Building", "city": "San Jose", "state": "California", "type": "Government Hub"}, "geometry": {"type": "Point", "coordinates": [-121.8767, 37.3102]}}, {"type": "Feature", "properties": {"name": "San Jose County Courthouse", "city": "San Jose", "state": "California", "type": "Government Hub"}, "geometry": {"type": "Point", "coordinates": [-121.8578, 37.3514]}}, {"type": "Feature", "properties": {"name": "San Jose Social Security Office", "city": "San Jose", "state": "California", "type": "Government Hub"}, "geometry": {"type": "Point", "coordinates": [-121.866, 37.3184]}}, {"type": "Feature", "properties": {"name": "Austin IRS Service Center", "city": "Austin", "state": "Texas", "type": "Government Hub"}, "geometry": {"type": "Point", "coordinates": [-97.7485, 30.2942]}}, {"type": "Feature", "properties": {"name": "Austin Social Security Office", "city": "Austin", "state": "Texas", "type": "Government Hub"}, "geometry": {"type": "Point", "coordinates": [-97.7102, 30.2785]}}, {"type": "Feature", "properties": {"name": "Austin City Hall", "city": "Austin", "state": "Texas", "type": "Government Hub"}, "geometry": {"type": "Point", "coordinates": [-97.7269, 30.2376]}}, {"type": "Feature", "properties": {"name": "Austin Government Center", "city": "Austin", "state": "Texas", "type": "Government Hub"}, "geometry": {"type": "Point", "coordinates": [-97.7307, 30.3007]}}, {"type": "Feature", "properties": {"name": "Austin Federal Courthouse", "city": "Austin", "state": "Texas", "type": "Government Hub"}, "geometry": {"type": "Point", "coordinates": [-97.7031, 30.2358]}}, {"type": "Feature", "properties": {"name": "Austin Social Security Office", "city": "Austin", "state": "Texas", "type": "Government Hub"}, "geometry": {"type": "Point", "coordinates": [-97.7553, 30.2763]}}, {"type": "Feature", "properties": {"name": "Austin Public Safety Building", "city": "Austin", "state": "Texas", "type": "Government Hub"}, "geometry": {"type": "Point", "coordinates": [-97.7523, 30.3059]}}, {"type": "Feature", "properties": {"name": "Austin VA Medical Center", "city": "Austin", "state": "Texas", "type": "Government Hub"}, "geometry": {"type": "Point", "coordinates": [-97.7445, 30.305]}}, {"type": "Feature", "properties": {"name": "Austin Municipal Center", "city": "Austin", "state": "Texas", "type": "Government Hub"}, "geometry": {"type": "Point", "coordinates": [-97.6954, 30.2955]}}, {"type": "Feature", "properties": {"name": "Austin IRS Service Center", "city": "Austin", "state": "Texas", "type": "Government Hub"}, "geometry": {"type": "Point", "coordinates": [-97.6978, 30.2966]}}, {"type": "Feature", "properties": {"name": "Indianapolis Government Center", "city": "Indianapolis", "state": "Indiana", "type": "Government Hub"}, "geometry": {"type": "Point", "coordinates": [-86.1542, 39.7557]}}, {"type": "Feature", "properties": {"name": "Indianapolis IRS Service Center", "city": "Indianapolis", "state": "Indiana", "type": "Government Hub"}, "geometry": {"type": "Point", "coordinates": [-86.1504, 39.7698]}}, {"type": "Feature", "properties": {"name": "Indianapolis Administrative Center", "city": "Indianapolis", "state": "Indiana", "type": "Government Hub"}, "geometry": {"type": "Point", "coordinates": [-86.1614, 39.7331]}}, {"type": "Feature", "properties": {"name": "Indianapolis Municipal Center", "city": "Indianapolis", "state": "Indiana", "type": "Government Hub"}, "geometry": {"type": "Point", "coordinates": [-86.1472, 39.7878]}}, {"type": "Feature", "properties": {"name": "Indianapolis Administrative Center", "city": "Indianapolis", "state": "Indiana", "type": "Government Hub"}, "geometry": {"type": "Point", "coordinates": [-86.2006, 39.7845]}}, {"type": "Feature", "properties": {"name": "Indianapolis Federal Building", "city": "Indianapolis", "state": "Indiana", "type": "Government Hub"}, "geometry": {"type": "Point", "coordinates": [-86.1367, 39.7885]}}, {"type": "Feature", "properties": {"name": "Indianapolis Public Safety Building", "city": "Indianapolis", "state": "Indiana", "type": "Government Hub"}, "geometry": {"type": "Point", "coordinates": [-86.1025, 39.7978]}}, {"type": "Feature", "properties": {"name": "Indianapolis City Hall", "city": "Indianapolis", "state": "Indiana", "type": "Government Hub"}, "geometry": {"type": "Point", "coordinates": [-86.1393, 39.752]}}, {"type": "Feature", "properties": {"name": "Indianapolis State Office Building", "city": "Indianapolis", "state": "Indiana", "type": "Government Hub"}, "geometry": {"type": "Point", "coordinates": [-86.1369, 39.7793]}}, {"type": "Feature", "properties": {"name": "Jacksonville Federal Building", "city": "Jacksonville", "state": "Florida", "type": "Government Hub"}, "geometry": {"type": "Point", "coordinates": [-81.623, 30.3378]}}, {"type": "Feature", "properties": {"name": "Jacksonville Government Center", "city": "Jacksonville", "state": "Florida", "type": "Government Hub"}, "geometry": {"type": "Point", "coordinates": [-81.7068, 30.3305]}}, {"type": "Feature", "properties": {"name": "Jacksonville Municipal Center", "city": "Jacksonville", "state": "Florida", "type": "Government Hub"}, "geometry": {"type": "Point", "coordinates": [-81.6483, 30.3411]}}, {"type": "Feature", "properties": {"name": "Jacksonville Social Security Office", "city": "Jacksonville", "state": "Florida", "type": "Government Hub"}, "geometry": {"type": "Point", "coordinates": [-81.6725, 30.3225]}}, {"type": "Feature", "properties": {"name": "Jacksonville State Office Building", "city": "Jacksonville", "state": "Florida", "type": "Government Hub"}, "geometry": {"type": "Point", "coordinates": [-81.6814, 30.2967]}}, {"type": "Feature", "properties": {"name": "Jacksonville Civic Center", "city": "Jacksonville", "state": "Florida", "type": "Government Hub"}, "geometry": {"type": "Point", "coordinates": [-81.6412, 30.3555]}}, {"type": "Feature", "properties": {"name": "Jacksonville VA Medical Center", "city": "Jacksonville", "state": "Florida", "type": "Government Hub"}, "geometry": {"type": "Point", "coordinates": [-81.6868, 30.3268]}}, {"type": "Feature", "properties": {"name": "Jacksonville VA Medical Center", "city": "Jacksonville", "state": "Florida", "type": "Government Hub"}, "geometry": {"type": "Point", "coordinates": [-81.6046, 30.3366]}}, {"type": "Feature", "properties": {"name": "Jacksonville Post Office", "city": "Jacksonville", "state": "Florida", "type": "Government Hub"}, "geometry": {"type": "Point", "coordinates": [-81.6207, 30.3024]}}, {"type": "Feature", "properties": {"name": "Jacksonville County Courthouse", "city": "Jacksonville", "state": "Florida", "type": "Government Hub"}, "geometry": {"type": "Point", "coordinates": [-81.6953, 30.2991]}}, {"type": "Feature", "properties": {"name": "San Francisco Civic Center", "city": "San Francisco", "state": "California", "type": "Government Hub"}, "geometry": {"type": "Point", "coordinates": [-122.417, 37.8063]}}, {"type": "Feature", "properties": {"name": "San Francisco Federal Building", "city": "San Francisco", "state": "California", "type": "Government Hub"}, "geometry": {"type": "Point", "coordinates": [-122.4652, 37.7966]}}, {"type": "Feature", "properties": {"name": "San Francisco Government Center", "city": "San Francisco", "state": "California", "type": "Government Hub"}, "geometry": {"type": "Point", "coordinates": [-122.4302, 37.7623]}}, {"type": "Feature", "properties": {"name": "San Francisco State Office Building", "city": "San Francisco", "state": "California", "type": "Government Hub"}, "geometry": {"type": "Point", "coordinates": [-122.4637, 37.7963]}}, {"type": "Feature", "properties": {"name": "San Francisco IRS Service Center", "city": "San Francisco", "state": "California", "type": "Government Hub"}, "geometry": {"type": "Point", "coordinates": [-122.4258, 37.7877]}}, {"type": "Feature", "properties": {"name": "San Francisco Administrative Center", "city": "San Francisco", "state": "California", "type": "Government Hub"}, "geometry": {"type": "Point", "coordinates": [-122.3704, 37.8102]}}, {"type": "Feature", "properties": {"name": "San Francisco DMV Regional Office", "city": "San Francisco", "state": "California", "type": "Government Hub"}, "geometry": {"type": "Point", "coordinates": [-122.4527, 37.7817]}}, {"type": "Feature", "properties": {"name": "San Francisco Social Security Office", "city": "San Francisco", "state": "California", "type": "Government Hub"}, "geometry": {"type": "Point", "coordinates": [-122.4573, 37.8147]}}, {"type": "Feature", "properties": {"name": "Columbus Social Security Office", "city": "Columbus", "state": "Ohio", "type": "Government Hub"}, "geometry": {"type": "Point", "coordinates": [-82.9961, 39.9452]}}, {"type": "Feature", "properties": {"name": "Columbus Administrative Center", "city": "Columbus", "state": "Ohio", "type": "Government Hub"}, "geometry": {"type": "Point", "coordinates": [-83.0157, 39.9972]}}, {"type": "Feature", "properties": {"name": "Columbus Municipal Center", "city": "Columbus", "state": "Ohio", "type": "Government Hub"}, "geometry": {"type": "Point", "coordinates": [-82.9747, 39.9689]}}, {"type": "Feature", "properties": {"name": "Columbus Post Office", "city": "Columbus", "state": "Ohio", "type": "Government Hub"}, "geometry": {"type": "Point", "coordinates": [-83.0243, 39.9327]}}, {"type": "Feature", "properties": {"name": "Columbus State Office Building", "city": "Columbus", "state": "Ohio", "type": "Government Hub"}, "geometry": {"type": "Point", "coordinates": [-82.9901, 39.982]}}, {"type": "Feature", "properties": {"name": "Columbus Administrative Center", "city": "Columbus", "state": "Ohio", "type": "Government Hub"}, "geometry": {"type": "Point", "coordinates": [-83.0319, 39.9952]}}, {"type": "Feature", "properties": {"name": "Columbus Civic Center", "city": "Columbus", "state": "Ohio", "type": "Government Hub"}, "geometry": {"type": "Point", "coordinates": [-82.9607, 39.9844]}}, {"type": "Feature", "properties": {"name": "Columbus Post Office", "city": "Columbus", "state": "Ohio", "type": "Government Hub"}, "geometry": {"type": "Point", "coordinates": [-83.0041, 39.9971]}}, {"type": "Feature", "properties": {"name": "Columbus Public Safety Building", "city": "Columbus", "state": "Ohio", "type": "Government Hub"}, "geometry": {"type": "Point", "coordinates": [-82.9979, 39.9597]}}, {"type": "Feature", "properties": {"name": "Columbus DMV Regional Office", "city": "Columbus", "state": "Ohio", "type": "Government Hub"}, "geometry": {"type": "Point", "coordinates": [-82.9743, 39.9375]}}, {"type": "Feature", "properties": {"name": "Columbus Federal Courthouse", "city": "Columbus", "state": "Ohio", "type": "Government Hub"}, "geometry": {"type": "Point", "coordinates": [-82.9857, 39.999]}}, {"type": "Feature", "properties": {"name": "Columbus Government Center", "city": "Columbus", "state": "Ohio", "type": "Government Hub"}, "geometry": {"type": "Point", "coordinates": [-82.944, 39.9833]}}, {"type": "Feature", "properties": {"name": "Charlotte Federal Building", "city": "Charlotte", "state": "North Carolina", "type": "Government Hub"}, "geometry": {"type": "Point", "coordinates": [-80.8155, 35.2023]}}, {"type": "Feature", "properties": {"name": "Charlotte State Office Building", "city": "Charlotte", "state": "North Carolina", "type": "Government Hub"}, "geometry": {"type": "Point", "coordinates": [-80.8347, 35.2083]}}, {"type": "Feature", "properties": {"name": "Charlotte Municipal Center", "city": "Charlotte", "state": "North Carolina", "type": "Government Hub"}, "geometry": {"type": "Point", "coordinates": [-80.794, 35.2494]}}, {"type": "Feature", "properties": {"name": "Charlotte Federal Courthouse", "city": "Charlotte", "state": "North Carolina", "type": "Government Hub"}, "geometry": {"type": "Point", "coordinates": [-80.8666, 35.2175]}}, {"type": "Feature", "properties": {"name": "Charlotte DMV Regional Office", "city": "Charlotte", "state": "North Carolina", "type": "Government Hub"}, "geometry": {"type": "Point", "coordinates": [-80.8981, 35.2299]}}, {"type": "Feature", "properties": {"name": "Charlotte Government Center", "city": "Charlotte", "state": "North Carolina", "type": "Government Hub"}, "geometry": {"type": "Point", "coordinates": [-80.8248, 35.2028]}}, {"type": "Feature", "properties": {"name": "Charlotte Administrative Center", "city": "Charlotte", "state": "North Carolina", "type": "Government Hub"}, "geometry": {"type": "Point", "coordinates": [-80.8905, 35.2129]}}, {"type": "Feature", "properties": {"name": "Charlotte DMV Regional Office", "city": "Charlotte", "state": "North Carolina", "type": "Government Hub"}, "geometry": {"type": "Point", "coordinates": [-80.804, 35.2384]}}, {"type": "Feature", "properties": {"name": "Fort Worth County Courthouse", "city": "Fort Worth", "state": "Texas", "type": "Government Hub"}, "geometry": {"type": "Point", "coordinates": [-97.3566, 32.7667]}}, {"type": "Feature", "properties": {"name": "Fort Worth County Courthouse", "city": "Fort Worth", "state": "Texas", "type": "Government Hub"}, "geometry": {"type": "Point", "coordinates": [-97.312, 32.7793]}}, {"type": "Feature", "properties": {"name": "Fort Worth Federal Courthouse", "city": "Fort Worth", "state": "Texas", "type": "Government Hub"}, "geometry": {"type": "Point", "coordinates": [-97.3007, 32.7389]}}, {"type": "Feature", "properties": {"name": "Fort Worth Post Office", "city": "Fort Worth", "state": "Texas", "type": "Government Hub"}, "geometry": {"type": "Point", "coordinates": [-97.3062, 32.7454]}}, {"type": "Feature", "properties": {"name": "Fort Worth City Hall", "city": "Fort Worth", "state": "Texas", "type": "Government Hub"}, "geometry": {"type": "Point", "coordinates": [-97.3071, 32.7173]}}, {"type": "Feature", "properties": {"name": "Fort Worth IRS Service Center", "city": "Fort Worth", "state": "Texas", "type": "Government Hub"}, "geometry": {"type": "Point", "coordinates": [-97.3219, 32.7666]}}, {"type": "Feature", "properties": {"name": "Fort Worth Administrative Center", "city": "Fort Worth", "state": "Texas", "type": "Government Hub"}, "geometry": {"type": "Point", "coordinates": [-97.2786, 32.7871]}}, {"type": "Feature", "properties": {"name": "Fort Worth Post Office", "city": "Fort Worth", "state": "Texas", "type": "Government Hub"}, "geometry": {"type": "Point", "coordinates": [-97.3431, 32.7399]}}, {"type": "Feature", "properties": {"name": "Fort Worth Public Safety Building", "city": "Fort Worth", "state": "Texas", "type": "Government Hub"}, "geometry": {"type": "Point", "coordinates": [-97.3418, 32.7853]}}, {"type": "Feature", "properties": {"name": "Detroit Government Center", "city": "Detroit", "state": "Michigan", "type": "Government Hub"}, "geometry": {"type": "Point", "coordinates": [-83.0797, 42.3516]}}, {"type": "Feature", "properties": {"name": "Detroit State Office Building", "city": "Detroit", "state": "Michigan", "type": "Government Hub"}, "geometry": {"type": "Point", "coordinates": [-83.0644, 42.3552]}}, {"type": "Feature", "properties": {"name": "Detroit Federal Courthouse", "city": "Detroit", "state": "Michigan", "type": "Government Hub"}, "geometry": {"type": "Point", "coordinates": [-83.0888, 42.3321]}}, {"type": "Feature", "properties": {"name": "Detroit City Hall", "city": "Detroit", "state": "Michigan", "type": "Government Hub"}, "geometry": {"type": "Point", "coordinates": [-83.088, 42.3469]}}, {"type": "Feature", "properties": {"name": "Detroit Municipal Center", "city": "Detroit", "state": "Michigan", "type": "Government Hub"}, "geometry": {"type": "Point", "coordinates": [-83.0049, 42.3372]}}, {"type": "Feature", "properties": {"name": "Detroit City Hall", "city": "Detroit", "state": "Michigan", "type": "Government Hub"}, "geometry": {"type": "Point", "coordinates": [-83.0276, 42.3674]}}, {"type": "Feature", "properties": {"name": "Detroit Federal Courthouse", "city": "Detroit", "state": "Michigan", "type": "Government Hub"}, "geometry": {"type": "Point", "coordinates": [-83.086, 42.3042]}}, {"type": "Feature", "properties": {"name": "El Paso Administrative Center", "city": "El Paso", "state": "Texas", "type": "Government Hub"}, "geometry": {"type": "Point", "coordinates": [-106.3951, 31.7599]}}, {"type": "Feature", "properties": {"name": "El Paso Administrative Center", "city": "El Paso", "state": "Texas", "type": "Government Hub"}, "geometry": {"type": "Point", "coordinates": [-106.3874, 31.7514]}}, {"type": "Feature", "properties": {"name": "El Paso VA Medical Center", "city": "El Paso", "state": "Texas", "type": "Government Hub"}, "geometry": {"type": "Point", "coordinates": [-106.4416, 31.7454]}}, {"type": "Feature", "properties": {"name": "El Paso Social Security Office", "city": "El Paso", "state": "Texas", "type": "Government Hub"}, "geometry": {"type": "Point", "coordinates": [-106.3999, 31.7801]}}, {"type": "Feature", "properties": {"name": "El Paso City Hall", "city": "El Paso", "state": "Texas", "type": "Government Hub"}, "geometry": {"type": "Point", "coordinates": [-106.3933, 31.7766]}}, {"type": "Feature", "properties": {"name": "El Paso Municipal Center", "city": "El Paso", "state": "Texas", "type": "Government Hub"}, "geometry": {"type": "Point", "coordinates": [-106.4019, 31.7637]}}, {"type": "Feature", "properties": {"name": "El Paso State Office Building", "city": "El Paso", "state": "Texas", "type": "Government Hub"}, "geometry": {"type": "Point", "coordinates": [-106.426, 31.8141]}}, {"type": "Feature", "properties": {"name": "El Paso State Office Building", "city": "El Paso", "state": "Texas", "type": "Government Hub"}, "geometry": {"type": "Point", "coordinates": [-106.4245, 31.8175]}}, {"type": "Feature", "properties": {"name": "Memphis Government Center", "city": "Memphis", "state": "Tennessee", "type": "Government Hub"}, "geometry": {"type": "Point", "coordinates": [-90.0752, 35.1831]}}, {"type": "Feature", "properties": {"name": "Memphis Public Safety Building", "city": "Memphis", "state": "Tennessee", "type": "Government Hub"}, "geometry": {"type": "Point", "coordinates": [-90.0969, 35.1248]}}, {"type": "Feature", "properties": {"name": "Memphis Post Office", "city": "Memphis", "state": "Tennessee", "type": "Government Hub"}, "geometry": {"type": "Point", "coordinates": [-90.0813, 35.1611]}}, {"type": "Feature", "properties": {"name": "Memphis Federal Building", "city": "Memphis", "state": "Tennessee", "type": "Government Hub"}, "geometry": {"type": "Point", "coordinates": [-90.1024, 35.124]}}, {"type": "Feature", "properties": {"name": "Memphis Government Center", "city": "Memphis", "state": "Tennessee", "type": "Government Hub"}, "geometry": {"type": "Point", "coordinates": [-90.0796, 35.1805]}}, {"type": "Feature", "properties": {"name": "Memphis County Courthouse", "city": "Memphis", "state": "Tennessee", "type": "Government Hub"}, "geometry": {"type": "Point", "coordinates": [-90.0664, 35.1101]}}, {"type": "Feature", "properties": {"name": "Memphis City Hall", "city": "Memphis", "state": "Tennessee", "type": "Government Hub"}, "geometry": {"type": "Point", "coordinates": [-90.0374, 35.1285]}}, {"type": "Feature", "properties": {"name": "Memphis Government Center", "city": "Memphis", "state": "Tennessee", "type": "Government Hub"}, "geometry": {"type": "Point", "coordinates": [-90.0839, 35.1863]}}, {"type": "Feature", "properties": {"name": "Memphis Civic Center", "city": "Memphis", "state": "Tennessee", "type": "Government Hub"}, "geometry": {"type": "Point", "coordinates": [-90.0815, 35.1875]}}, {"type": "Feature", "properties": {"name": "Seattle Federal Building", "city": "Seattle", "state": "Washington", "type": "Government Hub"}, "geometry": {"type": "Point", "coordinates": [-122.2853, 47.5899]}}, {"type": "Feature", "properties": {"name": "Seattle Federal Courthouse", "city": "Seattle", "state": "Washington", "type": "Government Hub"}, "geometry": {"type": "Point", "coordinates": [-122.3733, 47.5856]}}, {"type": "Feature", "properties": {"name": "Seattle County Courthouse", "city": "Seattle", "state": "Washington", "type": "Government Hub"}, "geometry": {"type": "Point", "coordinates": [-122.2803, 47.6222]}}, {"type": "Feature", "properties": {"name": "Seattle County Courthouse", "city": "Seattle", "state": "Washington", "type": "Government Hub"}, "geometry": {"type": "Point", "coordinates": [-122.2953, 47.5693]}}, {"type": "Feature", "properties": {"name": "Seattle Civic Center", "city": "Seattle", "state": "Washington", "type": "Government Hub"}, "geometry": {"type": "Point", "coordinates": [-122.2976, 47.5904]}}, {"type": "Feature", "properties": {"name": "Seattle Post Office", "city": "Seattle", "state": "Washington", "type": "Government Hub"}, "geometry": {"type": "Point", "coordinates": [-122.3112, 47.5884]}}, {"type": "Feature", "properties": {"name": "Seattle County Courthouse", "city": "Seattle", "state": "Washington", "type": "Government Hub"}, "geometry": {"type": "Point", "coordinates": [-122.3267, 47.6295]}}, {"type": "Feature", "properties": {"name": "Seattle Post Office", "city": "Seattle", "state": "Washington", "type": "Government Hub"}, "geometry": {"type": "Point", "coordinates": [-122.2865, 47.6316]}}, {"type": "Feature", "properties": {"name": "Seattle Municipal Center", "city": "Seattle", "state": "Washington", "type": "Government Hub"}, "geometry": {"type": "Point", "coordinates": [-122.329, 47.626]}}, {"type": "Feature", "properties": {"name": "Denver State Office Building", "city": "Denver", "state": "Colorado", "type": "Government Hub"}, "geometry": {"type": "Point", "coordinates": [-105.0002, 39.7038]}}, {"type": "Feature", "properties": {"name": "Denver Government Center", "city": "Denver", "state": "Colorado", "type": "Government Hub"}, "geometry": {"type": "Point", "coordinates": [-105.0243, 39.7406]}}, {"type": "Feature", "properties": {"name": "Denver Public Safety Building", "city": "Denver", "state": "Colorado", "type": "Government Hub"}, "geometry": {"type": "Point", "coordinates": [-104.9824, 39.7648]}}, {"type": "Feature", "properties": {"name": "Denver Social Security Office", "city": "Denver", "state": "Colorado", "type": "Government Hub"}, "geometry": {"type": "Point", "coordinates": [-104.9491, 39.733]}}, {"type": "Feature", "properties": {"name": "Denver Civic Center", "city": "Denver", "state": "Colorado", "type": "Government Hub"}, "geometry": {"type": "Point", "coordinates": [-105.0307, 39.7301]}}, {"type": "Feature", "properties": {"name": "Denver Federal Building", "city": "Denver", "state": "Colorado", "type": "Government Hub"}, "geometry": {"type": "Point", "coordinates": [-104.9939, 39.6994]}}, {"type": "Feature", "properties": {"name": "Denver County Courthouse", "city": "Denver", "state": "Colorado", "type": "Government Hub"}, "geometry": {"type": "Point", "coordinates": [-105.0346, 39.7324]}}, {"type": "Feature", "properties": {"name": "Denver IRS Service Center", "city": "Denver", "state": "Colorado", "type": "Government Hub"}, "geometry": {"type": "Point", "coordinates": [-104.9897, 39.7612]}}, {"type": "Feature", "properties": {"name": "Denver County Courthouse", "city": "Denver", "state": "Colorado", "type": "Government Hub"}, "geometry": {"type": "Point", "coordinates": [-104.9465, 39.7222]}}, {"type": "Feature", "properties": {"name": "Denver Social Security Office", "city": "Denver", "state": "Colorado", "type": "Government Hub"}, "geometry": {"type": "Point", "coordinates": [-104.962, 39.7234]}}, {"type": "Feature", "properties": {"name": "Denver VA Medical Center", "city": "Denver", "state": "Colorado", "type": "Government Hub"}, "geometry": {"type": "Point", "coordinates": [-104.9774, 39.7342]}}, {"type": "Feature", "properties": {"name": "Denver Federal Courthouse", "city": "Denver", "state": "Colorado", "type": "Government Hub"}, "geometry": {"type": "Point", "coordinates": [-104.9343, 39.7752]}}, {"type": "Feature", "properties": {"name": "Washington County Courthouse", "city": "Washington", "state": "District of Columbia", "type": "Government Hub"}, "geometry": {"type": "Point", "coordinates": [-77.0479, 38.896]}}, {"type": "Feature", "properties": {"name": "Washington Government Center", "city": "Washington", "state": "District of Columbia", "type": "Government Hub"}, "geometry": {"type": "Point", "coordinates": [-76.9872, 38.9121]}}, {"type": "Feature", "properties": {"name": "Washington Administrative Center", "city": "Washington", "state": "District of Columbia", "type": "Government Hub"}, "geometry": {"type": "Point", "coordinates": [-77.0112, 38.8804]}}, {"type": "Feature", "properties": {"name": "Washington State Office Building", "city": "Washington", "state": "District of Columbia", "type": "Government Hub"}, "geometry": {"type": "Point", "coordinates": [-77.0522, 38.8941]}}, {"type": "Feature", "properties": {"name": "Washington Administrative Center", "city": "Washington", "state": "District of Columbia", "type": "Government Hub"}, "geometry": {"type": "Point", "coordinates": [-77.0372, 38.9235]}}, {"type": "Feature", "properties": {"name": "Washington Public Safety Building", "city": "Washington", "state": "District of Columbia", "type": "Government Hub"}, "geometry": {"type": "Point", "coordinates": [-77.0761, 38.9312]}}, {"type": "Feature", "properties": {"name": "Washington Public Safety Building", "city": "Washington", "state": "District of Columbia", "type": "Government Hub"}, "geometry": {"type": "Point", "coordinates": [-77.0348, 38.8927]}}, {"type": "Feature", "properties": {"name": "Washington City Hall", "city": "Washington", "state": "District of Columbia", "type": "Government Hub"}, "geometry": {"type": "Point", "coordinates": [-77.0849, 38.9321]}}, {"type": "Feature", "properties": {"name": "Boston Social Security Office", "city": "Boston", "state": "Massachusetts", "type": "Government Hub"}, "geometry": {"type": "Point", "coordinates": [-71.0188, 42.3992]}}, {"type": "Feature", "properties": {"name": "Boston State Office Building", "city": "Boston", "state": "Massachusetts", "type": "Government Hub"}, "geometry": {"type": "Point", "coordinates": [-71.0039, 42.3558]}}, {"type": "Feature", "properties": {"name": "Boston Municipal Center", "city": "Boston", "state": "Massachusetts", "type": "Government Hub"}, "geometry": {"type": "Point", "coordinates": [-71.0235, 42.3637]}}, {"type": "Feature", "properties": {"name": "Boston IRS Service Center", "city": "Boston", "state": "Massachusetts", "type": "Government Hub"}, "geometry": {"type": "Point", "coordinates": [-71.0587, 42.3567]}}, {"type": "Feature", "properties": {"name": "Boston VA Medical Center", "city": "Boston", "state": "Massachusetts", "type": "Government Hub"}, "geometry": {"type": "Point", "coordinates": [-71.0986, 42.3906]}}, {"type": "Feature", "properties": {"name": "Boston Federal Courthouse", "city": "Boston", "state": "Massachusetts", "type": "Government Hub"}, "geometry": {"type": "Point", "coordinates": [-71.0063, 42.3773]}}, {"type": "Feature", "properties": {"name": "Boston County Courthouse", "city": "Boston", "state": "Massachusetts", "type": "Government Hub"}, "geometry": {"type": "Point", "coordinates": [-71.0269, 42.3321]}}, {"type": "Feature", "properties": {"name": "Boston Municipal Center", "city": "Boston", "state": "Massachusetts", "type": "Government Hub"}, "geometry": {"type": "Point", "coordinates": [-71.1035, 42.3344]}}, {"type": "Feature", "properties": {"name": "Nashville Post Office", "city": "Nashville", "state": "Tennessee", "type": "Government Hub"}, "geometry": {"type": "Point", "coordinates": [-86.7901, 36.153]}}, {"type": "Feature", "properties": {"name": "Nashville Municipal Center", "city": "Nashville", "state": "Tennessee", "type": "Government Hub"}, "geometry": {"type": "Point", "coordinates": [-86.7473, 36.1896]}}, {"type": "Feature", "properties": {"name": "Nashville Federal Building", "city": "Nashville", "state": "Tennessee", "type": "Government Hub"}, "geometry": {"type": "Point", "coordinates": [-86.7371, 36.1975]}}, {"type": "Feature", "properties": {"name": "Nashville Federal Building", "city": "Nashville", "state": "Tennessee", "type": "Government Hub"}, "geometry": {"type": "Point", "coordinates": [-86.7416, 36.1371]}}, {"type": "Feature", "properties": {"name": "Nashville Government Center", "city": "Nashville", "state": "Tennessee", "type": "Government Hub"}, "geometry": {"type": "Point", "coordinates": [-86.8209, 36.1899]}}, {"type": "Feature", "properties": {"name": "Nashville Federal Courthouse", "city": "Nashville", "state": "Tennessee", "type": "Government Hub"}, "geometry": {"type": "Point", "coordinates": [-86.8342, 36.1703]}}, {"type": "Feature", "properties": {"name": "Nashville Government Center", "city": "Nashville", "state": "Tennessee", "type": "Government Hub"}, "geometry": {"type": "Point", "coordinates": [-86.7891, 36.1678]}}, {"type": "Feature", "properties": {"name": "Baltimore Post Office", "city": "Baltimore", "state": "Maryland", "type": "Government Hub"}, "geometry": {"type": "Point", "coordinates": [-76.6559, 39.2823]}}, {"type": "Feature", "properties": {"name": "Baltimore Federal Courthouse", "city": "Baltimore", "state": "Maryland", "type": "Government Hub"}, "geometry": {"type": "Point", "coordinates": [-76.5901, 39.2759]}}, {"type": "Feature", "properties": {"name": "Baltimore Civic Center", "city": "Baltimore", "state": "Maryland", "type": "Government Hub"}, "geometry": {"type": "Point", "coordinates": [-76.607, 39.3103]}}, {"type": "Feature", "properties": {"name": "Baltimore Civic Center", "city": "Baltimore", "state": "Maryland", "type": "Government Hub"}, "geometry": {"type": "Point", "coordinates": [-76.5753, 39.2786]}}, {"type": "Feature", "properties": {"name": "Baltimore Federal Building", "city": "Baltimore", "state": "Maryland", "type": "Government Hub"}, "geometry": {"type": "Point", "coordinates": [-76.65, 39.3084]}}, {"type": "Feature", "properties": {"name": "Baltimore IRS Service Center", "city": "Baltimore", "state": "Maryland", "type": "Government Hub"}, "geometry": {"type": "Point", "coordinates": [-76.6073, 39.3171]}}, {"type": "Feature", "properties": {"name": "Baltimore Administrative Center", "city": "Baltimore", "state": "Maryland", "type": "Government Hub"}, "geometry": {"type": "Point", "coordinates": [-76.5573, 39.3176]}}, {"type": "Feature", "properties": {"name": "Baltimore Government Center", "city": "Baltimore", "state": "Maryland", "type": "Government Hub"}, "geometry": {"type": "Point", "coordinates": [-76.6451, 39.3054]}}, {"type": "Feature", "properties": {"name": "Baltimore City Hall", "city": "Baltimore", "state": "Maryland", "type": "Government Hub"}, "geometry": {"type": "Point", "coordinates": [-76.5687, 39.3132]}}, {"type": "Feature", "properties": {"name": "Baltimore Post Office", "city": "Baltimore", "state": "Maryland", "type": "Government Hub"}, "geometry": {"type": "Point", "coordinates": [-76.6446, 39.2592]}}, {"type": "Feature", "properties": {"name": "Baltimore Public Safety Building", "city": "Baltimore", "state": "Maryland", "type": "Government Hub"}, "geometry": {"type": "Point", "coordinates": [-76.6407, 39.3151]}}, {"type": "Feature", "properties": {"name": "Oklahoma City Federal Courthouse", "city": "Oklahoma City", "state": "Oklahoma", "type": "Government Hub"}, "geometry": {"type": "Point", "coordinates": [-97.5151, 35.4451]}}, {"type": "Feature", "properties": {"name": "Oklahoma City Municipal Center", "city": "Oklahoma City", "state": "Oklahoma", "type": "Government Hub"}, "geometry": {"type": "Point", "coordinates": [-97.5204, 35.4381]}}, {"type": "Feature", "properties": {"name": "Oklahoma City County Courthouse", "city": "Oklahoma City", "state": "Oklahoma", "type": "Government Hub"}, "geometry": {"type": "Point", "coordinates": [-97.5449, 35.4618]}}, {"type": "Feature", "properties": {"name": "Oklahoma City Federal Building", "city": "Oklahoma City", "state": "Oklahoma", "type": "Government Hub"}, "geometry": {"type": "Point", "coordinates": [-97.5632, 35.4965]}}, {"type": "Feature", "properties": {"name": "Oklahoma City City Hall", "city": "Oklahoma City", "state": "Oklahoma", "type": "Government Hub"}, "geometry": {"type": "Point", "coordinates": [-97.5628, 35.4334]}}, {"type": "Feature", "properties": {"name": "Oklahoma City Public Safety Building", "city": "Oklahoma City", "state": "Oklahoma", "type": "Government Hub"}, "geometry": {"type": "Point", "coordinates": [-97.5722, 35.4795]}}, {"type": "Feature", "properties": {"name": "Oklahoma City DMV Regional Office", "city": "Oklahoma City", "state": "Oklahoma", "type": "Government Hub"}, "geometry": {"type": "Point", "coordinates": [-97.5401, 35.4535]}}, {"type": "Feature", "properties": {"name": "Oklahoma City Federal Courthouse", "city": "Oklahoma City", "state": "Oklahoma", "type": "Government Hub"}, "geometry": {"type": "Point", "coordinates": [-97.5113, 35.4355]}}, {"type": "Feature", "properties": {"name": "Oklahoma City Administrative Center", "city": "Oklahoma City", "state": "Oklahoma", "type": "Government Hub"}, "geometry": {"type": "Point", "coordinates": [-97.5083, 35.4722]}}, {"type": "Feature", "properties": {"name": "Oklahoma City State Office Building", "city": "Oklahoma City", "state": "Oklahoma", "type": "Government Hub"}, "geometry": {"type": "Point", "coordinates": [-97.538, 35.5022]}}, {"type": "Feature", "properties": {"name": "Louisville Federal Building", "city": "Louisville", "state": "Kentucky", "type": "Government Hub"}, "geometry": {"type": "Point", "coordinates": [-85.7579, 38.2224]}}, {"type": "Feature", "properties": {"name": "Louisville Federal Building", "city": "Louisville", "state": "Kentucky", "type": "Government Hub"}, "geometry": {"type": "Point", "coordinates": [-85.7674, 38.2143]}}, {"type": "Feature", "properties": {"name": "Louisville Federal Courthouse", "city": "Louisville", "state": "Kentucky", "type": "Government Hub"}, "geometry": {"type": "Point", "coordinates": [-85.7374, 38.2197]}}, {"type": "Feature", "properties": {"name": "Louisville IRS Service Center", "city": "Louisville", "state": "Kentucky", "type": "Government Hub"}, "geometry": {"type": "Point", "coordinates": [-85.7752, 38.2699]}}, {"type": "Feature", "properties": {"name": "Louisville Government Center", "city": "Louisville", "state": "Kentucky", "type": "Government Hub"}, "geometry": {"type": "Point", "coordinates": [-85.719, 38.2184]}}, {"type": "Feature", "properties": {"name": "Louisville City Hall", "city": "Louisville", "state": "Kentucky", "type": "Government Hub"}, "geometry": {"type": "Point", "coordinates": [-85.8144, 38.2559]}}, {"type": "Feature", "properties": {"name": "Louisville Federal Courthouse", "city": "Louisville", "state": "Kentucky", "type": "Government Hub"}, "geometry": {"type": "Point", "coordinates": [-85.7165, 38.2658]}}, {"type": "Feature", "properties": {"name": "Louisville VA Medical Center", "city": "Louisville", "state": "Kentucky", "type": "Government Hub"}, "geometry": {"type": "Point", "coordinates": [-85.7361, 38.2488]}}, {"type": "Feature", "properties": {"name": "Louisville County Courthouse", "city": "Louisville", "state": "Kentucky", "type": "Government Hub"}, "geometry": {"type": "Point", "coordinates": [-85.7864, 38.2158]}}, {"type": "Feature", "properties": {"name": "Louisville Social Security Office", "city": "Louisville", "state": "Kentucky", "type": "Government Hub"}, "geometry": {"type": "Point", "coordinates": [-85.7343, 38.2215]}}, {"type": "Feature", "properties": {"name": "Louisville State Office Building", "city": "Louisville", "state": "Kentucky", "type": "Government Hub"}, "geometry": {"type": "Point", "coordinates": [-85.7856, 38.284]}}, {"type": "Feature", "properties": {"name": "Louisville Federal Building", "city": "Louisville", "state": "Kentucky", "type": "Government Hub"}, "geometry": {"type": "Point", "coordinates": [-85.7349, 38.2505]}}, {"type": "Feature", "properties": {"name": "Portland City Hall", "city": "Portland", "state": "Oregon", "type": "Government Hub"}, "geometry": {"type": "Point", "coordinates": [-122.732, 45.5098]}}, {"type": "Feature", "properties": {"name": "Portland Social Security Office", "city": "Portland", "state": "Oregon", "type": "Government Hub"}, "geometry": {"type": "Point", "coordinates": [-122.6235, 45.5172]}}, {"type": "Feature", "properties": {"name": "Portland Federal Building", "city": "Portland", "state": "Oregon", "type": "Government Hub"}, "geometry": {"type": "Point", "coordinates": [-122.696, 45.4935]}}, {"type": "Feature", "properties": {"name": "Portland IRS Service Center", "city": "Portland", "state": "Oregon", "type": "Government Hub"}, "geometry": {"type": "Point", "coordinates": [-122.6508, 45.5548]}}, {"type": "Feature", "properties": {"name": "Portland Municipal Center", "city": "Portland", "state": "Oregon", "type": "Government Hub"}, "geometry": {"type": "Point", "coordinates": [-122.7014, 45.5361]}}, {"type": "Feature", "properties": {"name": "Portland Government Center", "city": "Portland", "state": "Oregon", "type": "Government Hub"}, "geometry": {"type": "Point", "coordinates": [-122.64, 45.5036]}}, {"type": "Feature", "properties": {"name": "Portland Municipal Center", "city": "Portland", "state": "Oregon", "type": "Government Hub"}, "geometry": {"type": "Point", "coordinates": [-122.6301, 45.5286]}}, {"type": "Feature", "properties": {"name": "Portland Federal Building", "city": "Portland", "state": "Oregon", "type": "Government Hub"}, "geometry": {"type": "Point", "coordinates": [-122.659, 45.5566]}}, {"type": "Feature", "properties": {"name": "Portland DMV Regional Office", "city": "Portland", "state": "Oregon", "type": "Government Hub"}, "geometry": {"type": "Point", "coordinates": [-122.6448, 45.5414]}}, {"type": "Feature", "properties": {"name": "Las Vegas Municipal Center", "city": "Las Vegas", "state": "Nevada", "type": "Government Hub"}, "geometry": {"type": "Point", "coordinates": [-115.181, 36.139]}}, {"type": "Feature", "properties": {"name": "Las Vegas State Office Building", "city": "Las Vegas", "state": "Nevada", "type": "Government Hub"}, "geometry": {"type": "Point", "coordinates": [-115.09, 36.1841]}}, {"type": "Feature", "properties": {"name": "Las Vegas Municipal Center", "city": "Las Vegas", "state": "Nevada", "type": "Government Hub"}, "geometry": {"type": "Point", "coordinates": [-115.1495, 36.1329]}}, {"type": "Feature", "properties": {"name": "Las Vegas DMV Regional Office", "city": "Las Vegas", "state": "Nevada", "type": "Government Hub"}, "geometry": {"type": "Point", "coordinates": [-115.1779, 36.1743]}}, {"type": "Feature", "properties": {"name": "Las Vegas DMV Regional Office", "city": "Las Vegas", "state": "Nevada", "type": "Government Hub"}, "geometry": {"type": "Point", "coordinates": [-115.0845, 36.1592]}}, {"type": "Feature", "properties": {"name": "Las Vegas Social Security Office", "city": "Las Vegas", "state": "Nevada", "type": "Government Hub"}, "geometry": {"type": "Point", "coordinates": [-115.1898, 36.1554]}}, {"type": "Feature", "properties": {"name": "Las Vegas City Hall", "city": "Las Vegas", "state": "Nevada", "type": "Government Hub"}, "geometry": {"type": "Point", "coordinates": [-115.1182, 36.1332]}}, {"type": "Feature", "properties": {"name": "Las Vegas Federal Building", "city": "Las Vegas", "state": "Nevada", "type": "Government Hub"}, "geometry": {"type": "Point", "coordinates": [-115.1217, 36.2001]}}, {"type": "Feature", "properties": {"name": "Milwaukee Municipal Center", "city": "Milwaukee", "state": "Wisconsin", "type": "Government Hub"}, "geometry": {"type": "Point", "coordinates": [-87.9242, 43.0323]}}, {"type": "Feature", "properties": {"name": "Milwaukee Administrative Center", "city": "Milwaukee", "state": "Wisconsin", "type": "Government Hub"}, "geometry": {"type": "Point", "coordinates": [-87.9135, 43.0199]}}, {"type": "Feature", "properties": {"name": "Milwaukee Government Center", "city": "Milwaukee", "state": "Wisconsin", "type": "Government Hub"}, "geometry": {"type": "Point", "coordinates": [-87.9604, 43.0319]}}, {"type": "Feature", "properties": {"name": "Milwaukee Government Center", "city": "Milwaukee", "state": "Wisconsin", "type": "Government Hub"}, "geometry": {"type": "Point", "coordinates": [-87.9071, 43.0293]}}, {"type": "Feature", "properties": {"name": "Milwaukee Post Office", "city": "Milwaukee", "state": "Wisconsin", "type": "Government Hub"}, "geometry": {"type": "Point", "coordinates": [-87.9495, 43.0707]}}, {"type": "Feature", "properties": {"name": "Milwaukee Civic Center", "city": "Milwaukee", "state": "Wisconsin", "type": "Government Hub"}, "geometry": {"type": "Point", "coordinates": [-87.9005, 43.0589]}}, {"type": "Feature", "properties": {"name": "Milwaukee Civic Center", "city": "Milwaukee", "state": "Wisconsin", "type": "Government Hub"}, "geometry": {"type": "Point", "coordinates": [-87.8578, 43.0736]}}, {"type": "Feature", "properties": {"name": "Milwaukee VA Medical Center", "city": "Milwaukee", "state": "Wisconsin", "type": "Government Hub"}, "geometry": {"type": "Point", "coordinates": [-87.9518, 43.0623]}}, {"type": "Feature", "properties": {"name": "Milwaukee IRS Service Center", "city": "Milwaukee", "state": "Wisconsin", "type": "Government Hub"}, "geometry": {"type": "Point", "coordinates": [-87.8713, 43.0491]}}, {"type": "Feature", "properties": {"name": "Albuquerque Administrative Center", "city": "Albuquerque", "state": "New Mexico", "type": "Government Hub"}, "geometry": {"type": "Point", "coordinates": [-106.649, 35.1134]}}, {"type": "Feature", "properties": {"name": "Albuquerque State Office Building", "city": "Albuquerque", "state": "New Mexico", "type": "Government Hub"}, "geometry": {"type": "Point", "coordinates": [-106.6294, 35.0825]}}, {"type": "Feature", "properties": {"name": "Albuquerque Administrative Center", "city": "Albuquerque", "state": "New Mexico", "type": "Government Hub"}, "geometry": {"type": "Point", "coordinates": [-106.5554, 35.0505]}}, {"type": "Feature", "properties": {"name": "Albuquerque City Hall", "city": "Albuquerque", "state": "New Mexico", "type": "Government Hub"}, "geometry": {"type": "Point", "coordinates": [-106.5678, 35.1105]}}, {"type": "Feature", "properties": {"name": "Albuquerque DMV Regional Office", "city": "Albuquerque", "state": "New Mexico", "type": "Government Hub"}, "geometry": {"type": "Point", "coordinates": [-106.6412, 35.0928]}}, {"type": "Feature", "properties": {"name": "Albuquerque Administrative Center", "city": "Albuquerque", "state": "New Mexico", "type": "Government Hub"}, "geometry": {"type": "Point", "coordinates": [-106.6335, 35.0488]}}, {"type": "Feature", "properties": {"name": "Albuquerque Administrative Center", "city": "Albuquerque", "state": "New Mexico", "type": "Government Hub"}, "geometry": {"type": "Point", "coordinates": [-106.6331, 35.1165]}}, {"type": "Feature", "properties": {"name": "Albuquerque Public Safety Building", "city": "Albuquerque", "state": "New Mexico", "type": "Government Hub"}, "geometry": {"type": "Point", "coordinates": [-106.5622, 35.1068]}}, {"type": "Feature", "properties": {"name": "Tucson County Courthouse", "city": "Tucson", "state": "Arizona", "type": "Government Hub"}, "geometry": {"type": "Point", "coordinates": [-110.976, 32.235]}}, {"type": "Feature", "properties": {"name": "Tucson Civic Center", "city": "Tucson", "state": "Arizona", "type": "Government Hub"}, "geometry": {"type": "Point", "coordinates": [-110.8819, 32.2451]}}, {"type": "Feature", "properties": {"name": "Tucson City Hall", "city": "Tucson", "state": "Arizona", "type": "Government Hub"}, "geometry": {"type": "Point", "coordinates": [-110.8957, 32.1898]}}, {"type": "Feature", "properties": {"name": "Tucson Social Security Office", "city": "Tucson", "state": "Arizona", "type": "Government Hub"}, "geometry": {"type": "Point", "coordinates": [-110.9354, 32.1894]}}, {"type": "Feature", "properties": {"name": "Tucson DMV Regional Office", "city": "Tucson", "state": "Arizona", "type": "Government Hub"}, "geometry": {"type": "Point", "coordinates": [-110.9301, 32.2045]}}, {"type": "Feature", "properties": {"name": "Tucson Municipal Center", "city": "Tucson", "state": "Arizona", "type": "Government Hub"}, "geometry": {"type": "Point", "coordinates": [-110.8712, 32.2054]}}, {"type": "Feature", "properties": {"name": "Tucson County Courthouse", "city": "Tucson", "state": "Arizona", "type": "Government Hub"}, "geometry": {"type": "Point", "coordinates": [-110.9534, 32.2564]}}, {"type": "Feature", "properties": {"name": "Tucson Municipal Center", "city": "Tucson", "state": "Arizona", "type": "Government Hub"}, "geometry": {"type": "Point", "coordinates": [-110.9437, 32.1965]}}, {"type": "Feature", "properties": {"name": "Tucson City Hall", "city": "Tucson", "state": "Arizona", "type": "Government Hub"}, "geometry": {"type": "Point", "coordinates": [-110.9452, 32.1887]}}, {"type": "Feature", "properties": {"name": "Tucson County Courthouse", "city": "Tucson", "state": "Arizona", "type": "Government Hub"}, "geometry": {"type": "Point", "coordinates": [-110.971, 32.2073]}}, {"type": "Feature", "properties": {"name": "Tucson Civic Center", "city": "Tucson", "state": "Arizona", "type": "Government Hub"}, "geometry": {"type": "Point", "coordinates": [-110.9373, 32.2043]}}, {"type": "Feature", "properties": {"name": "Tucson Government Center", "city": "Tucson", "state": "Arizona", "type": "Government Hub"}, "geometry": {"type": "Point", "coordinates": [-110.8848, 32.2287]}}, {"type": "Feature", "properties": {"name": "Fresno Municipal Center", "city": "Fresno", "state": "California", "type": "Government Hub"}, "geometry": {"type": "Point", "coordinates": [-119.7846, 36.7785]}}, {"type": "Feature", "properties": {"name": "Fresno Post Office", "city": "Fresno", "state": "California", "type": "Government Hub"}, "geometry": {"type": "Point", "coordinates": [-119.7812, 36.7817]}}, {"type": "Feature", "properties": {"name": "Fresno State Office Building", "city": "Fresno", "state": "California", "type": "Government Hub"}, "geometry": {"type": "Point", "coordinates": [-119.7968, 36.7415]}}, {"type": "Feature", "properties": {"name": "Fresno Post Office", "city": "Fresno", "state": "California", "type": "Government Hub"}, "geometry": {"type": "Point", "coordinates": [-119.7526, 36.7564]}}, {"type": "Feature", "properties": {"name": "Fresno Administrative Center", "city": "Fresno", "state": "California", "type": "Government Hub"}, "geometry": {"type": "Point", "coordinates": [-119.7772, 36.7316]}}, {"type": "Feature", "properties": {"name": "Fresno DMV Regional Office", "city": "Fresno", "state": "California", "type": "Government Hub"}, "geometry": {"type": "Point", "coordinates": [-119.7967, 36.7716]}}, {"type": "Feature", "properties": {"name": "Fresno State Office Building", "city": "Fresno", "state": "California", "type": "Government Hub"}, "geometry": {"type": "Point", "coordinates": [-119.7513, 36.7563]}}, {"type": "Feature", "properties": {"name": "Fresno State Office Building", "city": "Fresno", "state": "California", "type": "Government Hub"}, "geometry": {"type": "Point", "coordinates": [-119.8139, 36.7854]}}, {"type": "Feature", "properties": {"name": "Fresno Social Security Office", "city": "Fresno", "state": "California", "type": "Government Hub"}, "geometry": {"type": "Point", "coordinates": [-119.827, 36.7843]}}, {"type": "Feature", "properties": {"name": "Fresno Federal Building", "city": "Fresno", "state": "California", "type": "Government Hub"}, "geometry": {"type": "Point", "coordinates": [-119.8102, 36.7141]}}, {"type": "Feature", "properties": {"name": "Sacramento County Courthouse", "city": "Sacramento", "state": "California", "type": "Government Hub"}, "geometry": {"type": "Point", "coordinates": [-121.5397, 38.6093]}}, {"type": "Feature", "properties": {"name": "Sacramento DMV Regional Office", "city": "Sacramento", "state": "California", "type": "Government Hub"}, "geometry": {"type": "Point", "coordinates": [-121.5102, 38.5426]}}, {"type": "Feature", "properties": {"name": "Sacramento IRS Service Center", "city": "Sacramento", "state": "California", "type": "Government Hub"}, "geometry": {"type": "Point", "coordinates": [-121.4873, 38.5605]}}, {"type": "Feature", "properties": {"name": "Sacramento Post Office", "city": "Sacramento", "state": "California", "type": "Government Hub"}, "geometry": {"type": "Point", "coordinates": [-121.4518, 38.6114]}}, {"type": "Feature", "properties": {"name": "Sacramento VA Medical Center", "city": "Sacramento", "state": "California", "type": "Government Hub"}, "geometry": {"type": "Point", "coordinates": [-121.5103, 38.6126]}}, {"type": "Feature", "properties": {"name": "Sacramento City Hall", "city": "Sacramento", "state": "California", "type": "Government Hub"}, "geometry": {"type": "Point", "coordinates": [-121.5115, 38.6132]}}, {"type": "Feature", "properties": {"name": "Sacramento Social Security Office", "city": "Sacramento", "state": "California", "type": "Government Hub"}, "geometry": {"type": "Point", "coordinates": [-121.5335, 38.5616]}}, {"type": "Feature", "properties": {"name": "Sacramento Post Office", "city": "Sacramento", "state": "California", "type": "Government Hub"}, "geometry": {"type": "Point", "coordinates": [-121.4453, 38.5815]}}, {"type": "Feature", "properties": {"name": "Long Beach Municipal Center", "city": "Long Beach", "state": "California", "type": "Government Hub"}, "geometry": {"type": "Point", "coordinates": [-118.1572, 33.7913]}}, {"type": "Feature", "properties": {"name": "Long Beach Civic Center", "city": "Long Beach", "state": "California", "type": "Government Hub"}, "geometry": {"type": "Point", "coordinates": [-118.1389, 33.7436]}}, {"type": "Feature", "properties": {"name": "Long Beach Post Office", "city": "Long Beach", "state": "California", "type": "Government Hub"}, "geometry": {"type": "Point", "coordinates": [-118.2099, 33.7954]}}, {"type": "Feature", "properties": {"name": "Long Beach Federal Building", "city": "Long Beach", "state": "California", "type": "Government Hub"}, "geometry": {"type": "Point", "coordinates": [-118.2351, 33.803]}}, {"type": "Feature", "properties": {"name": "Long Beach Federal Courthouse", "city": "Long Beach", "state": "California", "type": "Government Hub"}, "geometry": {"type": "Point", "coordinates": [-118.1622, 33.7996]}}, {"type": "Feature", "properties": {"name": "Long Beach VA Medical Center", "city": "Long Beach", "state": "California", "type": "Government Hub"}, "geometry": {"type": "Point", "coordinates": [-118.1402, 33.7515]}}, {"type": "Feature", "properties": {"name": "Long Beach VA Medical Center", "city": "Long Beach", "state": "California", "type": "Government Hub"}, "geometry": {"type": "Point", "coordinates": [-118.1477, 33.7835]}}, {"type": "Feature", "properties": {"name": "Long Beach Government Center", "city": "Long Beach", "state": "California", "type": "Government Hub"}, "geometry": {"type": "Point", "coordinates": [-118.2167, 33.7392]}}, {"type": "Feature", "properties": {"name": "Kansas City VA Medical Center", "city": "Kansas City", "state": "Missouri", "type": "Government Hub"}, "geometry": {"type": "Point", "coordinates": [-94.5282, 39.1239]}}, {"type": "Feature", "properties": {"name": "Kansas City Post Office", "city": "Kansas City", "state": "Missouri", "type": "Government Hub"}, "geometry": {"type": "Point", "coordinates": [-94.5724, 39.1021]}}, {"type": "Feature", "properties": {"name": "Kansas City Public Safety Building", "city": "Kansas City", "state": "Missouri", "type": "Government Hub"}, "geometry": {"type": "Point", "coordinates": [-94.6232, 39.0793]}}, {"type": "Feature", "properties": {"name": "Kansas City Municipal Center", "city": "Kansas City", "state": "Missouri", "type": "Government Hub"}, "geometry": {"type": "Point", "coordinates": [-94.5253, 39.1257]}}, {"type": "Feature", "properties": {"name": "Kansas City State Office Building", "city": "Kansas City", "state": "Missouri", "type": "Government Hub"}, "geometry": {"type": "Point", "coordinates": [-94.5949, 39.1009]}}, {"type": "Feature", "properties": {"name": "Kansas City County Courthouse", "city": "Kansas City", "state": "Missouri", "type": "Government Hub"}, "geometry": {"type": "Point", "coordinates": [-94.6254, 39.0862]}}, {"type": "Feature", "properties": {"name": "Kansas City VA Medical Center", "city": "Kansas City", "state": "Missouri", "type": "Government Hub"}, "geometry": {"type": "Point", "coordinates": [-94.5948, 39.1095]}}, {"type": "Feature", "properties": {"name": "Kansas City Municipal Center", "city": "Kansas City", "state": "Missouri", "type": "Government Hub"}, "geometry": {"type": "Point", "coordinates": [-94.5227, 39.087]}}, {"type": "Feature", "properties": {"name": "Mesa DMV Regional Office", "city": "Mesa", "state": "Arizona", "type": "Government Hub"}, "geometry": {"type": "Point", "coordinates": [-111.8713, 33.3759]}}, {"type": "Feature", "properties": {"name": "Mesa Federal Courthouse", "city": "Mesa", "state": "Arizona", "type": "Government Hub"}, "geometry": {"type": "Point", "coordinates": [-111.8301, 33.3816]}}, {"type": "Feature", "properties": {"name": "Mesa County Courthouse", "city": "Mesa", "state": "Arizona", "type": "Government Hub"}, "geometry": {"type": "Point", "coordinates": [-111.7907, 33.3846]}}, {"type": "Feature", "properties": {"name": "Mesa IRS Service Center", "city": "Mesa", "state": "Arizona", "type": "Government Hub"}, "geometry": {"type": "Point", "coordinates": [-111.812, 33.4439]}}, {"type": "Feature", "properties": {"name": "Mesa State Office Building", "city": "Mesa", "state": "Arizona", "type": "Government Hub"}, "geometry": {"type": "Point", "coordinates": [-111.7974, 33.3822]}}, {"type": "Feature", "properties": {"name": "Mesa County Courthouse", "city": "Mesa", "state": "Arizona", "type": "Government Hub"}, "geometry": {"type": "Point", "coordinates": [-111.8604, 33.4013]}}, {"type": "Feature", "properties": {"name": "Virginia Beach State Office Building", "city": "Virginia Beach", "state": "Virginia", "type": "Government Hub"}, "geometry": {"type": "Point", "coordinates": [-76.0319, 36.8447]}}, {"type": "Feature", "properties": {"name": "Virginia Beach Administrative Center", "city": "Virginia Beach", "state": "Virginia", "type": "Government Hub"}, "geometry": {"type": "Point", "coordinates": [-75.9352, 36.8874]}}, {"type": "Feature", "properties": {"name": "Virginia Beach Municipal Center", "city": "Virginia Beach", "state": "Virginia", "type": "Government Hub"}, "geometry": {"type": "Point", "coordinates": [-75.9935, 36.8829]}}, {"type": "Feature", "properties": {"name": "Virginia Beach Municipal Center", "city": "Virginia Beach", "state": "Virginia", "type": "Government Hub"}, "geometry": {"type": "Point", "coordinates": [-76.0191, 36.819]}}, {"type": "Feature", "properties": {"name": "Virginia Beach VA Medical Center", "city": "Virginia Beach", "state": "Virginia", "type": "Government Hub"}, "geometry": {"type": "Point", "coordinates": [-75.9594, 36.842]}}, {"type": "Feature", "properties": {"name": "Virginia Beach Federal Building", "city": "Virginia Beach", "state": "Virginia", "type": "Government Hub"}, "geometry": {"type": "Point", "coordinates": [-75.9764, 36.8431]}}, {"type": "Feature", "properties": {"name": "Atlanta Social Security Office", "city": "Atlanta", "state": "Georgia", "type": "Government Hub"}, "geometry": {"type": "Point", "coordinates": [-84.3961, 33.7477]}}, {"type": "Feature", "properties": {"name": "Atlanta IRS Service Center", "city": "Atlanta", "state": "Georgia", "type": "Government Hub"}, "geometry": {"type": "Point", "coordinates": [-84.3721, 33.7812]}}, {"type": "Feature", "properties": {"name": "Atlanta Post Office", "city": "Atlanta", "state": "Georgia", "type": "Government Hub"}, "geometry": {"type": "Point", "coordinates": [-84.3838, 33.773]}}, {"type": "Feature", "properties": {"name": "Atlanta City Hall", "city": "Atlanta", "state": "Georgia", "type": "Government Hub"}, "geometry": {"type": "Point", "coordinates": [-84.4385, 33.78]}}, {"type": "Feature", "properties": {"name": "Atlanta Administrative Center", "city": "Atlanta", "state": "Georgia", "type": "Government Hub"}, "geometry": {"type": "Point", "coordinates": [-84.4192, 33.7748]}}, {"type": "Feature", "properties": {"name": "Atlanta Post Office", "city": "Atlanta", "state": "Georgia", "type": "Government Hub"}, "geometry": {"type": "Point", "coordinates": [-84.3377, 33.7526]}}, {"type": "Feature", "properties": {"name": "Atlanta Social Security Office", "city": "Atlanta", "state": "Georgia", "type": "Government Hub"}, "geometry": {"type": "Point", "coordinates": [-84.4125, 33.7424]}}, {"type": "Feature", "properties": {"name": "Colorado Springs Administrative Center", "city": "Colorado Springs", "state": "Colorado", "type": "Government Hub"}, "geometry": {"type": "Point", "coordinates": [-104.8626, 38.8081]}}, {"type": "Feature", "properties": {"name": "Colorado Springs Federal Building", "city": "Colorado Springs", "state": "Colorado", "type": "Government Hub"}, "geometry": {"type": "Point", "coordinates": [-104.8315, 38.8545]}}, {"type": "Feature", "properties": {"name": "Colorado Springs Federal Building", "city": "Colorado Springs", "state": "Colorado", "type": "Government Hub"}, "geometry": {"type": "Point", "coordinates": [-104.8718, 38.832]}}, {"type": "Feature", "properties": {"name": "Colorado Springs Civic Center", "city": "Colorado Springs", "state": "Colorado", "type": "Government Hub"}, "geometry": {"type": "Point", "coordinates": [-104.8402, 38.8648]}}, {"type": "Feature", "properties": {"name": "Colorado Springs State Office Building", "city": "Colorado Springs", "state": "Colorado", "type": "Government Hub"}, "geometry": {"type": "Point", "coordinates": [-104.7947, 38.8376]}}, {"type": "Feature", "properties": {"name": "Colorado Springs Social Security Office", "city": "Colorado Springs", "state": "Colorado", "type": "Government Hub"}, "geometry": {"type": "Point", "coordinates": [-104.8273, 38.8102]}}, {"type": "Feature", "properties": {"name": "Colorado Springs City Hall", "city": "Colorado Springs", "state": "Colorado", "type": "Government Hub"}, "geometry": {"type": "Point", "coordinates": [-104.8311, 38.8138]}}, {"type": "Feature", "properties": {"name": "Colorado Springs Municipal Center", "city": "Colorado Springs", "state": "Colorado", "type": "Government Hub"}, "geometry": {"type": "Point", "coordinates": [-104.8438, 38.8712]}}, {"type": "Feature", "properties": {"name": "Omaha DMV Regional Office", "city": "Omaha", "state": "Nebraska", "type": "Government Hub"}, "geometry": {"type": "Point", "coordinates": [-96.0173, 41.2263]}}, {"type": "Feature", "properties": {"name": "Omaha Public Safety Building", "city": "Omaha", "state": "Nebraska", "type": "Government Hub"}, "geometry": {"type": "Point", "coordinates": [-95.9713, 41.2182]}}, {"type": "Feature", "properties": {"name": "Omaha County Courthouse", "city": "Omaha", "state": "Nebraska", "type": "Government Hub"}, "geometry": {"type": "Point", "coordinates": [-96.0489, 41.2562]}}, {"type": "Feature", "properties": {"name": "Omaha City Hall", "city": "Omaha", "state": "Nebraska", "type": "Government Hub"}, "geometry": {"type": "Point", "coordinates": [-95.968, 41.2288]}}, {"type": "Feature", "properties": {"name": "Omaha Government Center", "city": "Omaha", "state": "Nebraska", "type": "Government Hub"}, "geometry": {"type": "Point", "coordinates": [-96.05, 41.2402]}}, {"type": "Feature", "properties": {"name": "Omaha Federal Courthouse", "city": "Omaha", "state": "Nebraska", "type": "Government Hub"}, "geometry": {"type": "Point", "coordinates": [-95.9565, 41.2419]}}, {"type": "Feature", "properties": {"name": "Omaha Civic Center", "city": "Omaha", "state": "Nebraska", "type": "Government Hub"}, "geometry": {"type": "Point", "coordinates": [-96.0535, 41.2834]}}, {"type": "Feature", "properties": {"name": "Raleigh IRS Service Center", "city": "Raleigh", "state": "North Carolina", "type": "Government Hub"}, "geometry": {"type": "Point", "coordinates": [-78.6092, 35.7549]}}, {"type": "Feature", "properties": {"name": "Raleigh County Courthouse", "city": "Raleigh", "state": "North Carolina", "type": "Government Hub"}, "geometry": {"type": "Point", "coordinates": [-78.6319, 35.7528]}}, {"type": "Feature", "properties": {"name": "Raleigh Municipal Center", "city": "Raleigh", "state": "North Carolina", "type": "Government Hub"}, "geometry": {"type": "Point", "coordinates": [-78.6716, 35.7676]}}, {"type": "Feature", "properties": {"name": "Raleigh Post Office", "city": "Raleigh", "state": "North Carolina", "type": "Government Hub"}, "geometry": {"type": "Point", "coordinates": [-78.624, 35.7573]}}, {"type": "Feature", "properties": {"name": "Raleigh Post Office", "city": "Raleigh", "state": "North Carolina", "type": "Government Hub"}, "geometry": {"type": "Point", "coordinates": [-78.6397, 35.808]}}, {"type": "Feature", "properties": {"name": "Raleigh Public Safety Building", "city": "Raleigh", "state": "North Carolina", "type": "Government Hub"}, "geometry": {"type": "Point", "coordinates": [-78.587, 35.7821]}}, {"type": "Feature", "properties": {"name": "Raleigh City Hall", "city": "Raleigh", "state": "North Carolina", "type": "Government Hub"}, "geometry": {"type": "Point", "coordinates": [-78.6374, 35.8167]}}, {"type": "Feature", "properties": {"name": "Miami VA Medical Center", "city": "Miami", "state": "Florida", "type": "Government Hub"}, "geometry": {"type": "Point", "coordinates": [-80.1551, 25.7978]}}, {"type": "Feature", "properties": {"name": "Miami Public Safety Building", "city": "Miami", "state": "Florida", "type": "Government Hub"}, "geometry": {"type": "Point", "coordinates": [-80.1451, 25.7954]}}, {"type": "Feature", "properties": {"name": "Miami Civic Center", "city": "Miami", "state": "Florida", "type": "Government Hub"}, "geometry": {"type": "Point", "coordinates": [-80.2252, 25.7788]}}, {"type": "Feature", "properties": {"name": "Miami Federal Courthouse", "city": "Miami", "state": "Florida", "type": "Government Hub"}, "geometry": {"type": "Point", "coordinates": [-80.2048, 25.7947]}}, {"type": "Feature", "properties": {"name": "Oakland Civic Center", "city": "Oakland", "state": "California", "type": "Government Hub"}, "geometry": {"type": "Point", "coordinates": [-122.3174, 37.8095]}}, {"type": "Feature", "properties": {"name": "Oakland IRS Service Center", "city": "Oakland", "state": "California", "type": "Government Hub"}, "geometry": {"type": "Point", "coordinates": [-122.2643, 37.8238]}}, {"type": "Feature", "properties": {"name": "Oakland Civic Center", "city": "Oakland", "state": "California", "type": "Government Hub"}, "geometry": {"type": "Point", "coordinates": [-122.2244, 37.8007]}}, {"type": "Feature", "properties": {"name": "Oakland DMV Regional Office", "city": "Oakland", "state": "California", "type": "Government Hub"}, "geometry": {"type": "Point", "coordinates": [-122.2794, 37.8104]}}, {"type": "Feature", "properties": {"name": "Oakland County Courthouse", "city": "Oakland", "state": "California", "type": "Government Hub"}, "geometry": {"type": "Point", "coordinates": [-122.2166, 37.7879]}}, {"type": "Feature", "properties": {"name": "Oakland Government Center", "city": "Oakland", "state": "California", "type": "Government Hub"}, "geometry": {"type": "Point", "coordinates": [-122.2545, 37.7838]}}, {"type": "Feature", "properties": {"name": "Minneapolis Federal Courthouse", "city": "Minneapolis", "state": "Minnesota", "type": "Government Hub"}, "geometry": {"type": "Point", "coordinates": [-93.2683, 44.9628]}}, {"type": "Feature", "properties": {"name": "Minneapolis Civic Center", "city": "Minneapolis", "state": "Minnesota", "type": "Government Hub"}, "geometry": {"type": "Point", "coordinates": [-93.2242, 44.9981]}}, {"type": "Feature", "properties": {"name": "Minneapolis Public Safety Building", "city": "Minneapolis", "state": "Minnesota", "type": "Government Hub"}, "geometry": {"type": "Point", "coordinates": [-93.24, 44.9565]}}, {"type": "Feature", "properties": {"name": "Minneapolis Government Center", "city": "Minneapolis", "state": "Minnesota", "type": "Government Hub"}, "geometry": {"type": "Point", "coordinates": [-93.2624, 44.9754]}}, {"type": "Feature", "properties": {"name": "Minneapolis Federal Building", "city": "Minneapolis", "state": "Minnesota", "type": "Government Hub"}, "geometry": {"type": "Point", "coordinates": [-93.2754, 44.9669]}}, {"type": "Feature", "properties": {"name": "Minneapolis Administrative Center", "city": "Minneapolis", "state": "Minnesota", "type": "Government Hub"}, "geometry": {"type": "Point", "coordinates": [-93.2683, 45.0076]}}, {"type": "Feature", "properties": {"name": "Minneapolis DMV Regional Office", "city": "Minneapolis", "state": "Minnesota", "type": "Government Hub"}, "geometry": {"type": "Point", "coordinates": [-93.2387, 45.0095]}}, {"type": "Feature", "properties": {"name": "Minneapolis Administrative Center", "city": "Minneapolis", "state": "Minnesota", "type": "Government Hub"}, "geometry": {"type": "Point", "coordinates": [-93.2777, 44.9611]}}, {"type": "Feature", "properties": {"name": "Tulsa Municipal Center", "city": "Tulsa", "state": "Oklahoma", "type": "Government Hub"}, "geometry": {"type": "Point", "coordinates": [-96.0457, 36.1666]}}, {"type": "Feature", "properties": {"name": "Tulsa DMV Regional Office", "city": "Tulsa", "state": "Oklahoma", "type": "Government Hub"}, "geometry": {"type": "Point", "coordinates": [-96.0033, 36.1345]}}, {"type": "Feature", "properties": {"name": "Tulsa Civic Center", "city": "Tulsa", "state": "Oklahoma", "type": "Government Hub"}, "geometry": {"type": "Point", "coordinates": [-95.9872, 36.1891]}}, {"type": "Feature", "properties": {"name": "Tulsa Civic Center", "city": "Tulsa", "state": "Oklahoma", "type": "Government Hub"}, "geometry": {"type": "Point", "coordinates": [-96.0234, 36.1493]}}, {"type": "Feature", "properties": {"name": "Cleveland Civic Center", "city": "Cleveland", "state": "Ohio", "type": "Government Hub"}, "geometry": {"type": "Point", "coordinates": [-81.6907, 41.5184]}}, {"type": "Feature", "properties": {"name": "Cleveland Public Safety Building", "city": "Cleveland", "state": "Ohio", "type": "Government Hub"}, "geometry": {"type": "Point", "coordinates": [-81.723, 41.5268]}}, {"type": "Feature", "properties": {"name": "Cleveland City Hall", "city": "Cleveland", "state": "Ohio", "type": "Government Hub"}, "geometry": {"type": "Point", "coordinates": [-81.6568, 41.484]}}, {"type": "Feature", "properties": {"name": "Cleveland Government Center", "city": "Cleveland", "state": "Ohio", "type": "Government Hub"}, "geometry": {"type": "Point", "coordinates": [-81.6942, 41.4966]}}, {"type": "Feature", "properties": {"name": "Wichita Municipal Center", "city": "Wichita", "state": "Kansas", "type": "Government Hub"}, "geometry": {"type": "Point", "coordinates": [-97.2978, 37.684]}}, {"type": "Feature", "properties": {"name": "Wichita County Courthouse", "city": "Wichita", "state": "Kansas", "type": "Government Hub"}, "geometry": {"type": "Point", "coordinates": [-97.3139, 37.6777]}}, {"type": "Feature", "properties": {"name": "Wichita Post Office", "city": "Wichita", "state": "Kansas", "type": "Government Hub"}, "geometry": {"type": "Point", "coordinates": [-97.3833, 37.6951]}}, {"type": "Feature", "properties": {"name": "Wichita VA Medical Center", "city": "Wichita", "state": "Kansas", "type": "Government Hub"}, "geometry": {"type": "Point", "coordinates": [-97.3786, 37.7264]}}, {"type": "Feature", "properties": {"name": "Wichita IRS Service Center", "city": "Wichita", "state": "Kansas", "type": "Government Hub"}, "geometry": {"type": "Point", "coordinates": [-97.3383, 37.7154]}}, {"type": "Feature", "properties": {"name": "Arlington IRS Service Center", "city": "Arlington", "state": "Texas", "type": "Government Hub"}, "geometry": {"type": "Point", "coordinates": [-97.0641, 32.7724]}}, {"type": "Feature", "properties": {"name": "Arlington Municipal Center", "city": "Arlington", "state": "Texas", "type": "Government Hub"}, "geometry": {"type": "Point", "coordinates": [-97.1188, 32.7269]}}, {"type": "Feature", "properties": {"name": "Arlington Civic Center", "city": "Arlington", "state": "Texas", "type": "Government Hub"}, "geometry": {"type": "Point", "coordinates": [-97.0989, 32.7211]}}, {"type": "Feature", "properties": {"name": "Arlington Administrative Center", "city": "Arlington", "state": "Texas", "type": "Government Hub"}, "geometry": {"type": "Point", "coordinates": [-97.0773, 32.7183]}}, {"type": "Feature", "properties": {"name": "Arlington Post Office", "city": "Arlington", "state": "Texas", "type": "Government Hub"}, "geometry": {"type": "Point", "coordinates": [-97.1498, 32.7495]}}, {"type": "Feature", "properties": {"name": "Arlington VA Medical Center", "city": "Arlington", "state": "Texas", "type": "Government Hub"}, "geometry": {"type": "Point", "coordinates": [-97.1345, 32.7326]}}, {"type": "Feature", "properties": {"name": "New Orleans VA Medical Center", "city": "New Orleans", "state": "Louisiana", "type": "Government Hub"}, "geometry": {"type": "Point", "coordinates": [-90.0901, 29.9647]}}, {"type": "Feature", "properties": {"name": "New Orleans IRS Service Center", "city": "New Orleans", "state": "Louisiana", "type": "Government Hub"}, "geometry": {"type": "Point", "coordinates": [-90.0444, 29.9785]}}, {"type": "Feature", "properties": {"name": "New Orleans City Hall", "city": "New Orleans", "state": "Louisiana", "type": "Government Hub"}, "geometry": {"type": "Point", "coordinates": [-90.1003, 29.9339]}}, {"type": "Feature", "properties": {"name": "New Orleans State Office Building", "city": "New Orleans", "state": "Louisiana", "type": "Government Hub"}, "geometry": {"type": "Point", "coordinates": [-90.1131, 29.9245]}}, {"type": "Feature", "properties": {"name": "Bakersfield Social Security Office", "city": "Bakersfield", "state": "California", "type": "Government Hub"}, "geometry": {"type": "Point", "coordinates": [-119.008, 35.3515]}}, {"type": "Feature", "properties": {"name": "Bakersfield IRS Service Center", "city": "Bakersfield", "state": "California", "type": "Government Hub"}, "geometry": {"type": "Point", "coordinates": [-119.0745, 35.3384]}}, {"type": "Feature", "properties": {"name": "Bakersfield VA Medical Center", "city": "Bakersfield", "state": "California", "type": "Government Hub"}, "geometry": {"type": "Point", "coordinates": [-119.0459, 35.3683]}}, {"type": "Feature", "properties": {"name": "Bakersfield Municipal Center", "city": "Bakersfield", "state": "California", "type": "Government Hub"}, "geometry": {"type": "Point", "coordinates": [-119.03, 35.3576]}}, {"type": "Feature", "properties": {"name": "Bakersfield Civic Center", "city": "Bakersfield", "state": "California", "type": "Government Hub"}, "geometry": {"type": "Point", "coordinates": [-118.9898, 35.3705]}}, {"type": "Feature", "properties": {"name": "Bakersfield Civic Center", "city": "Bakersfield", "state": "California", "type": "Government Hub"}, "geometry": {"type": "Point", "coordinates": [-118.9711, 35.3814]}}, {"type": "Feature", "properties": {"name": "Tampa VA Medical Center", "city": "Tampa", "state": "Florida", "type": "Government Hub"}, "geometry": {"type": "Point", "coordinates": [-82.4388, 27.9656]}}, {"type": "Feature", "properties": {"name": "Tampa Government Center", "city": "Tampa", "state": "Florida", "type": "Government Hub"}, "geometry": {"type": "Point", "coordinates": [-82.503, 27.9238]}}, {"type": "Feature", "properties": {"name": "Tampa State Office Building", "city": "Tampa", "state": "Florida", "type": "Government Hub"}, "geometry": {"type": "Point", "coordinates": [-82.5066, 27.9381]}}, {"type": "Feature", "properties": {"name": "Tampa County Courthouse", "city": "Tampa", "state": "Florida", "type": "Government Hub"}, "geometry": {"type": "Point", "coordinates": [-82.4433, 27.9489]}}, {"type": "Feature", "properties": {"name": "Tampa Administrative Center", "city": "Tampa", "state": "Florida", "type": "Government Hub"}, "geometry": {"type": "Point", "coordinates": [-82.4335, 27.99]}}, {"type": "Feature", "properties": {"name": "Tampa Social Security Office", "city": "Tampa", "state": "Florida", "type": "Government Hub"}, "geometry": {"type": "Point", "coordinates": [-82.5004, 27.9702]}}, {"type": "Feature", "properties": {"name": "Honolulu City Hall", "city": "Honolulu", "state": "Hawaii", "type": "Government Hub"}, "geometry": {"type": "Point", "coordinates": [-157.9072, 21.322]}}, {"type": "Feature", "properties": {"name": "Honolulu Government Center", "city": "Honolulu", "state": "Hawaii", "type": "Government Hub"}, "geometry": {"type": "Point", "coordinates": [-157.816, 21.3279]}}, {"type": "Feature", "properties": {"name": "Honolulu Public Safety Building", "city": "Honolulu", "state": "Hawaii", "type": "Government Hub"}, "geometry": {"type": "Point", "coordinates": [-157.9027, 21.3215]}}, {"type": "Feature", "properties": {"name": "Honolulu Post Office", "city": "Honolulu", "state": "Hawaii", "type": "Government Hub"}, "geometry": {"type": "Point", "coordinates": [-157.8047, 21.2983]}}, {"type": "Feature", "properties": {"name": "Honolulu Federal Building", "city": "Honolulu", "state": "Hawaii", "type": "Government Hub"}, "geometry": {"type": "Point", "coordinates": [-157.8626, 21.3445]}}, {"type": "Feature", "properties": {"name": "Honolulu City Hall", "city": "Honolulu", "state": "Hawaii", "type": "Government Hub"}, "geometry": {"type": "Point", "coordinates": [-157.8459, 21.3358]}}, {"type": "Feature", "properties": {"name": "Aurora County Courthouse", "city": "Aurora", "state": "Colorado", "type": "Government Hub"}, "geometry": {"type": "Point", "coordinates": [-104.8114, 39.7401]}}, {"type": "Feature", "properties": {"name": "Aurora VA Medical Center", "city": "Aurora", "state": "Colorado", "type": "Government Hub"}, "geometry": {"type": "Point", "coordinates": [-104.8027, 39.7216]}}, {"type": "Feature", "properties": {"name": "Aurora County Courthouse", "city": "Aurora", "state": "Colorado", "type": "Government Hub"}, "geometry": {"type": "Point", "coordinates": [-104.7981, 39.7404]}}, {"type": "Feature", "properties": {"name": "Aurora Government Center", "city": "Aurora", "state": "Colorado", "type": "Government Hub"}, "geometry": {"type": "Point", "coordinates": [-104.8559, 39.7374]}}, {"type": "Feature", "properties": {"name": "Aurora City Hall", "city": "Aurora", "state": "Colorado", "type": "Government Hub"}, "geometry": {"type": "Point", "coordinates": [-104.8044, 39.7282]}}, {"type": "Feature", "properties": {"name": "Aurora Civic Center", "city": "Aurora", "state": "Colorado", "type": "Government Hub"}, "geometry": {"type": "Point", "coordinates": [-104.8441, 39.7519]}}, {"type": "Feature", "properties": {"name": "Aurora County Courthouse", "city": "Aurora", "state": "Colorado", "type": "Government Hub"}, "geometry": {"type": "Point", "coordinates": [-104.8655, 39.6901]}}, {"type": "Feature", "properties": {"name": "Aurora State Office Building", "city": "Aurora", "state": "Colorado", "type": "Government Hub"}, "geometry": {"type": "Point", "coordinates": [-104.8165, 39.7243]}}, {"type": "Feature", "properties": {"name": "Anaheim County Courthouse", "city": "Anaheim", "state": "California", "type": "Government Hub"}, "geometry": {"type": "Point", "coordinates": [-117.9275, 33.8723]}}, {"type": "Feature", "properties": {"name": "Anaheim State Office Building", "city": "Anaheim", "state": "California", "type": "Government Hub"}, "geometry": {"type": "Point", "coordinates": [-117.9134, 33.8209]}}, {"type": "Feature", "properties": {"name": "Anaheim Government Center", "city": "Anaheim", "state": "California", "type": "Government Hub"}, "geometry": {"type": "Point", "coordinates": [-117.8927, 33.8091]}}, {"type": "Feature", "properties": {"name": "Anaheim County Courthouse", "city": "Anaheim", "state": "California", "type": "Government Hub"}, "geometry": {"type": "Point", "coordinates": [-117.9346, 33.8206]}}, {"type": "Feature", "properties": {"name": "Anaheim Federal Building", "city": "Anaheim", "state": "California", "type": "Government Hub"}, "geometry": {"type": "Point", "coordinates": [-117.8793, 33.8665]}}, {"type": "Feature", "properties": {"name": "Santa Ana DMV Regional Office", "city": "Santa Ana", "state": "California", "type": "Government Hub"}, "geometry": {"type": "Point", "coordinates": [-117.8683, 33.7577]}}, {"type": "Feature", "properties": {"name": "Santa Ana Administrative Center", "city": "Santa Ana", "state": "California", "type": "Government Hub"}, "geometry": {"type": "Point", "coordinates": [-117.8564, 33.7581]}}, {"type": "Feature", "properties": {"name": "Santa Ana Government Center", "city": "Santa Ana", "state": "California", "type": "Government Hub"}, "geometry": {"type": "Point", "coordinates": [-117.8146, 33.7125]}}, {"type": "Feature", "properties": {"name": "Santa Ana State Office Building", "city": "Santa Ana", "state": "California", "type": "Government Hub"}, "geometry": {"type": "Point", "coordinates": [-117.8287, 33.7805]}}, {"type": "Feature", "properties": {"name": "Santa Ana Public Safety Building", "city": "Santa Ana", "state": "California", "type": "Government Hub"}, "geometry": {"type": "Point", "coordinates": [-117.8245, 33.7774]}}, {"type": "Feature", "properties": {"name": "Santa Ana Public Safety Building", "city": "Santa Ana", "state": "California", "type": "Government Hub"}, "geometry": {"type": "Point", "coordinates": [-117.9221, 33.7685]}}, {"type": "Feature", "properties": {"name": "St. Louis Civic Center", "city": "St. Louis", "state": "Missouri", "type": "Government Hub"}, "geometry": {"type": "Point", "coordinates": [-90.2097, 38.657]}}, {"type": "Feature", "properties": {"name": "St. Louis Municipal Center", "city": "St. Louis", "state": "Missouri", "type": "Government Hub"}, "geometry": {"type": "Point", "coordinates": [-90.2467, 38.6431]}}, {"type": "Feature", "properties": {"name": "St. Louis City Hall", "city": "St. Louis", "state": "Missouri", "type": "Government Hub"}, "geometry": {"type": "Point", "coordinates": [-90.194, 38.6466]}}, {"type": "Feature", "properties": {"name": "St. Louis Federal Building", "city": "St. Louis", "state": "Missouri", "type": "Government Hub"}, "geometry": {"type": "Point", "coordinates": [-90.1719, 38.65]}}, {"type": "Feature", "properties": {"name": "St. Louis Federal Building", "city": "St. Louis", "state": "Missouri", "type": "Government Hub"}, "geometry": {"type": "Point", "coordinates": [-90.2485, 38.624]}}, {"type": "Feature", "properties": {"name": "Riverside Government Center", "city": "Riverside", "state": "California", "type": "Government Hub"}, "geometry": {"type": "Point", "coordinates": [-117.3852, 33.9493]}}, {"type": "Feature", "properties": {"name": "Riverside Post Office", "city": "Riverside", "state": "California", "type": "Government Hub"}, "geometry": {"type": "Point", "coordinates": [-117.3492, 33.9188]}}, {"type": "Feature", "properties": {"name": "Riverside DMV Regional Office", "city": "Riverside", "state": "California", "type": "Government Hub"}, "geometry": {"type": "Point", "coordinates": [-117.4004, 33.9716]}}, {"type": "Feature", "properties": {"name": "Riverside Civic Center", "city": "Riverside", "state": "California", "type": "Government Hub"}, "geometry": {"type": "Point", "coordinates": [-117.4353, 33.9852]}}, {"type": "Feature", "properties": {"name": "Riverside DMV Regional Office", "city": "Riverside", "state": "California", "type": "Government Hub"}, "geometry": {"type": "Point", "coordinates": [-117.4201, 33.9246]}}, {"type": "Feature", "properties": {"name": "Riverside Federal Building", "city": "Riverside", "state": "California", "type": "Government Hub"}, "geometry": {"type": "Point", "coordinates": [-117.4495, 33.9322]}}, {"type": "Feature", "properties": {"name": "Riverside Civic Center", "city": "Riverside", "state": "California", "type": "Government Hub"}, "geometry": {"type": "Point", "coordinates": [-117.444, 33.9572]}}, {"type": "Feature", "properties": {"name": "Riverside Post Office", "city": "Riverside", "state": "California", "type": "Government Hub"}, "geometry": {"type": "Point", "coordinates": [-117.3502, 33.9372]}}, {"type": "Feature", "properties": {"name": "Corpus Christi DMV Regional Office", "city": "Corpus Christi", "state": "Texas", "type": "Government Hub"}, "geometry": {"type": "Point", "coordinates": [-97.3484, 27.8041]}}, {"type": "Feature", "properties": {"name": "Corpus Christi Civic Center", "city": "Corpus Christi", "state": "Texas", "type": "Government Hub"}, "geometry": {"type": "Point", "coordinates": [-97.4113, 27.795]}}, {"type": "Feature", "properties": {"name": "Corpus Christi Municipal Center", "city": "Corpus Christi", "state": "Texas", "type": "Government Hub"}, "geometry": {"type": "Point", "coordinates": [-97.4499, 27.7859]}}, {"type": "Feature", "properties": {"name": "Corpus Christi Civic Center", "city": "Corpus Christi", "state": "Texas", "type": "Government Hub"}, "geometry": {"type": "Point", "coordinates": [-97.3939, 27.7651]}}, {"type": "Feature", "properties": {"name": "Corpus Christi DMV Regional Office", "city": "Corpus Christi", "state": "Texas", "type": "Government Hub"}, "geometry": {"type": "Point", "coordinates": [-97.4179, 27.7667]}}, {"type": "Feature", "properties": {"name": "Corpus Christi IRS Service Center", "city": "Corpus Christi", "state": "Texas", "type": "Government Hub"}, "geometry": {"type": "Point", "coordinates": [-97.3826, 27.7982]}}, {"type": "Feature", "properties": {"name": "Corpus Christi City Hall", "city": "Corpus Christi", "state": "Texas", "type": "Government Hub"}, "geometry": {"type": "Point", "coordinates": [-97.3726, 27.8261]}}, {"type": "Feature", "properties": {"name": "Lexington-Fayette Government Center", "city": "Lexington-Fayette", "state": "Kentucky", "type": "Government Hub"}, "geometry": {"type": "Point", "coordinates": [-84.5346, 38.0607]}}, {"type": "Feature", "properties": {"name": "Lexington-Fayette Federal Courthouse", "city": "Lexington-Fayette", "state": "Kentucky", "type": "Government Hub"}, "geometry": {"type": "Point", "coordinates": [-84.5258, 38.0557]}}, {"type": "Feature", "properties": {"name": "Lexington-Fayette Federal Courthouse", "city": "Lexington-Fayette", "state": "Kentucky", "type": "Government Hub"}, "geometry": {"type": "Point", "coordinates": [-84.5505, 38.0259]}}, {"type": "Feature", "properties": {"name": "Lexington-Fayette IRS Service Center", "city": "Lexington-Fayette", "state": "Kentucky", "type": "Government Hub"}, "geometry": {"type": "Point", "coordinates": [-84.5124, 38.0119]}}, {"type": "Feature", "properties": {"name": "Pittsburgh Social Security Office", "city": "Pittsburgh", "state": "Pennsylvania", "type": "Government Hub"}, "geometry": {"type": "Point", "coordinates": [-80.0223, 40.4503]}}, {"type": "Feature", "properties": {"name": "Pittsburgh County Courthouse", "city": "Pittsburgh", "state": "Pennsylvania", "type": "Government Hub"}, "geometry": {"type": "Point", "coordinates": [-79.9513, 40.4758]}}, {"type": "Feature", "properties": {"name": "Pittsburgh County Courthouse", "city": "Pittsburgh", "state": "Pennsylvania", "type": "Government Hub"}, "geometry": {"type": "Point", "coordinates": [-80.0501, 40.4734]}}, {"type": "Feature", "properties": {"name": "Pittsburgh Government Center", "city": "Pittsburgh", "state": "Pennsylvania", "type": "Government Hub"}, "geometry": {"type": "Point", "coordinates": [-79.9783, 40.4588]}}, {"type": "Feature", "properties": {"name": "Pittsburgh State Office Building", "city": "Pittsburgh", "state": "Pennsylvania", "type": "Government Hub"}, "geometry": {"type": "Point", "coordinates": [-79.9531, 40.469]}}, {"type": "Feature", "properties": {"name": "Pittsburgh Public Safety Building", "city": "Pittsburgh", "state": "Pennsylvania", "type": "Government Hub"}, "geometry": {"type": "Point", "coordinates": [-79.9515, 40.4119]}}, {"type": "Feature", "properties": {"name": "Pittsburgh Administrative Center", "city": "Pittsburgh", "state": "Pennsylvania", "type": "Government Hub"}, "geometry": {"type": "Point", "coordinates": [-79.9478, 40.4021]}}, {"type": "Feature", "properties": {"name": "Pittsburgh Social Security Office", "city": "Pittsburgh", "state": "Pennsylvania", "type": "Government Hub"}, "geometry": {"type": "Point", "coordinates": [-79.9673, 40.4242]}}, {"type": "Feature", "properties": {"name": "Anchorage County Courthouse", "city": "Anchorage", "state": "Alaska", "type": "Government Hub"}, "geometry": {"type": "Point", "coordinates": [-149.9078, 61.2561]}}, {"type": "Feature", "properties": {"name": "Anchorage Post Office", "city": "Anchorage", "state": "Alaska", "type": "Government Hub"}, "geometry": {"type": "Point", "coordinates": [-149.8814, 61.2188]}}, {"type": "Feature", "properties": {"name": "Anchorage IRS Service Center", "city": "Anchorage", "state": "Alaska", "type": "Government Hub"}, "geometry": {"type": "Point", "coordinates": [-149.8662, 61.2469]}}, {"type": "Feature", "properties": {"name": "Anchorage Government Center", "city": "Anchorage", "state": "Alaska", "type": "Government Hub"}, "geometry": {"type": "Point", "coordinates": [-149.8858, 61.2143]}}, {"type": "Feature", "properties": {"name": "Anchorage Social Security Office", "city": "Anchorage", "state": "Alaska", "type": "Government Hub"}, "geometry": {"type": "Point", "coordinates": [-149.9341, 61.2192]}}, {"type": "Feature", "properties": {"name": "Anchorage Civic Center", "city": "Anchorage", "state": "Alaska", "type": "Government Hub"}, "geometry": {"type": "Point", "coordinates": [-149.9442, 61.1907]}}, {"type": "Feature", "properties": {"name": "Anchorage DMV Regional Office", "city": "Anchorage", "state": "Alaska", "type": "Government Hub"}, "geometry": {"type": "Point", "coordinates": [-149.8576, 61.179]}}, {"type": "Feature", "properties": {"name": "Stockton Federal Building", "city": "Stockton", "state": "California", "type": "Government Hub"}, "geometry": {"type": "Point", "coordinates": [-121.2823, 37.963]}}, {"type": "Feature", "properties": {"name": "Stockton VA Medical Center", "city": "Stockton", "state": "California", "type": "Government Hub"}, "geometry": {"type": "Point", "coordinates": [-121.2656, 37.9719]}}, {"type": "Feature", "properties": {"name": "Stockton VA Medical Center", "city": "Stockton", "state": "California", "type": "Government Hub"}, "geometry": {"type": "Point", "coordinates": [-121.317, 37.9194]}}, {"type": "Feature", "properties": {"name": "Stockton City Hall", "city": "Stockton", "state": "California", "type": "Government Hub"}, "geometry": {"type": "Point", "coordinates": [-121.2454, 37.9923]}}, {"type": "Feature", "properties": {"name": "Stockton IRS Service Center", "city": "Stockton", "state": "California", "type": "Government Hub"}, "geometry": {"type": "Point", "coordinates": [-121.281, 37.9907]}}, {"type": "Feature", "properties": {"name": "Stockton Federal Courthouse", "city": "Stockton", "state": "California", "type": "Government Hub"}, "geometry": {"type": "Point", "coordinates": [-121.2899, 37.9884]}}, {"type": "Feature", "properties": {"name": "Cincinnati State Office Building", "city": "Cincinnati", "state": "Ohio", "type": "Government Hub"}, "geometry": {"type": "Point", "coordinates": [-84.5645, 39.1282]}}, {"type": "Feature", "properties": {"name": "Cincinnati Public Safety Building", "city": "Cincinnati", "state": "Ohio", "type": "Government Hub"}, "geometry": {"type": "Point", "coordinates": [-84.516, 39.1134]}}, {"type": "Feature", "properties": {"name": "Cincinnati Municipal Center", "city": "Cincinnati", "state": "Ohio", "type": "Government Hub"}, "geometry": {"type": "Point", "coordinates": [-84.532, 39.088]}}, {"type": "Feature", "properties": {"name": "Cincinnati Civic Center", "city": "Cincinnati", "state": "Ohio", "type": "Government Hub"}, "geometry": {"type": "Point", "coordinates": [-84.4969, 39.1294]}}, {"type": "Feature", "properties": {"name": "Cincinnati County Courthouse", "city": "Cincinnati", "state": "Ohio", "type": "Government Hub"}, "geometry": {"type": "Point", "coordinates": [-84.5445, 39.1188]}}, {"type": "Feature", "properties": {"name": "Cincinnati Civic Center", "city": "Cincinnati", "state": "Ohio", "type": "Government Hub"}, "geometry": {"type": "Point", "coordinates": [-84.4626, 39.1185]}}, {"type": "Feature", "properties": {"name": "Cincinnati Administrative Center", "city": "Cincinnati", "state": "Ohio", "type": "Government Hub"}, "geometry": {"type": "Point", "coordinates": [-84.4631, 39.1072]}}, {"type": "Feature", "properties": {"name": "St. Paul Administrative Center", "city": "St. Paul", "state": "Minnesota", "type": "Government Hub"}, "geometry": {"type": "Point", "coordinates": [-93.0709, 44.9867]}}, {"type": "Feature", "properties": {"name": "St. Paul Federal Building", "city": "St. Paul", "state": "Minnesota", "type": "Government Hub"}, "geometry": {"type": "Point", "coordinates": [-93.0868, 44.9579]}}, {"type": "Feature", "properties": {"name": "St. Paul Administrative Center", "city": "St. Paul", "state": "Minnesota", "type": "Government Hub"}, "geometry": {"type": "Point", "coordinates": [-93.1285, 44.9855]}}, {"type": "Feature", "properties": {"name": "St. Paul State Office Building", "city": "St. Paul", "state": "Minnesota", "type": "Government Hub"}, "geometry": {"type": "Point", "coordinates": [-93.1429, 44.9752]}}, {"type": "Feature", "properties": {"name": "St. Paul Social Security Office", "city": "St. Paul", "state": "Minnesota", "type": "Government Hub"}, "geometry": {"type": "Point", "coordinates": [-93.1225, 44.9686]}}, {"type": "Feature", "properties": {"name": "Toledo State Office Building", "city": "Toledo", "state": "Ohio", "type": "Government Hub"}, "geometry": {"type": "Point", "coordinates": [-83.6011, 41.7033]}}, {"type": "Feature", "properties": {"name": "Toledo DMV Regional Office", "city": "Toledo", "state": "Ohio", "type": "Government Hub"}, "geometry": {"type": "Point", "coordinates": [-83.5498, 41.685]}}, {"type": "Feature", "properties": {"name": "Toledo IRS Service Center", "city": "Toledo", "state": "Ohio", "type": "Government Hub"}, "geometry": {"type": "Point", "coordinates": [-83.544, 41.654]}}, {"type": "Feature", "properties": {"name": "Toledo Government Center", "city": "Toledo", "state": "Ohio", "type": "Government Hub"}, "geometry": {"type": "Point", "coordinates": [-83.5961, 41.7015]}}, {"type": "Feature", "properties": {"name": "Toledo VA Medical Center", "city": "Toledo", "state": "Ohio", "type": "Government Hub"}, "geometry": {"type": "Point", "coordinates": [-83.5081, 41.6708]}}, {"type": "Feature", "properties": {"name": "Toledo VA Medical Center", "city": "Toledo", "state": "Ohio", "type": "Government Hub"}, "geometry": {"type": "Point", "coordinates": [-83.5498, 41.6882]}}, {"type": "Feature", "properties": {"name": "Greensboro State Office Building", "city": "Greensboro", "state": "North Carolina", "type": "Government Hub"}, "geometry": {"type": "Point", "coordinates": [-79.7939, 36.0627]}}, {"type": "Feature", "properties": {"name": "Greensboro VA Medical Center", "city": "Greensboro", "state": "North Carolina", "type": "Government Hub"}, "geometry": {"type": "Point", "coordinates": [-79.8075, 36.0993]}}, {"type": "Feature", "properties": {"name": "Greensboro Public Safety Building", "city": "Greensboro", "state": "North Carolina", "type": "Government Hub"}, "geometry": {"type": "Point", "coordinates": [-79.7656, 36.0561]}}, {"type": "Feature", "properties": {"name": "Greensboro Civic Center", "city": "Greensboro", "state": "North Carolina", "type": "Government Hub"}, "geometry": {"type": "Point", "coordinates": [-79.7971, 36.0408]}}, {"type": "Feature", "properties": {"name": "Greensboro Municipal Center", "city": "Greensboro", "state": "North Carolina", "type": "Government Hub"}, "geometry": {"type": "Point", "coordinates": [-79.8068, 36.1068]}}, {"type": "Feature", "properties": {"name": "Greensboro Civic Center", "city": "Greensboro", "state": "North Carolina", "type": "Government Hub"}, "geometry": {"type": "Point", "coordinates": [-79.7523, 36.0933]}}, {"type": "Feature", "properties": {"name": "Greensboro State Office Building", "city": "Greensboro", "state": "North Carolina", "type": "Government Hub"}, "geometry": {"type": "Point", "coordinates": [-79.8479, 36.052]}}, {"type": "Feature", "properties": {"name": "Newark Municipal Center", "city": "Newark", "state": "New Jersey", "type": "Government Hub"}, "geometry": {"type": "Point", "coordinates": [-74.1764, 40.7107]}}, {"type": "Feature", "properties": {"name": "Newark City Hall", "city": "Newark", "state": "New Jersey", "type": "Government Hub"}, "geometry": {"type": "Point", "coordinates": [-74.1855, 40.747]}}, {"type": "Feature", "properties": {"name": "Newark Social Security Office", "city": "Newark", "state": "New Jersey", "type": "Government Hub"}, "geometry": {"type": "Point", "coordinates": [-74.1734, 40.7723]}}, {"type": "Feature", "properties": {"name": "Newark Federal Building", "city": "Newark", "state": "New Jersey", "type": "Government Hub"}, "geometry": {"type": "Point", "coordinates": [-74.1482, 40.7525]}}, {"type": "Feature", "properties": {"name": "Newark Civic Center", "city": "Newark", "state": "New Jersey", "type": "Government Hub"}, "geometry": {"type": "Point", "coordinates": [-74.1352, 40.7121]}}, {"type": "Feature", "properties": {"name": "Newark City Hall", "city": "Newark", "state": "New Jersey", "type": "Government Hub"}, "geometry": {"type": "Point", "coordinates": [-74.147, 40.7298]}}, {"type": "Feature", "properties": {"name": "Newark Social Security Office", "city": "Newark", "state": "New Jersey", "type": "Government Hub"}, "geometry": {"type": "Point", "coordinates": [-74.1532, 40.7495]}}, {"type": "Feature", "properties": {"name": "Newark DMV Regional Office", "city": "Newark", "state": "New Jersey", "type": "Government Hub"}, "geometry": {"type": "Point", "coordinates": [-74.1551, 40.7056]}}, {"type": "Feature", "properties": {"name": "Plano Public Safety Building", "city": "Plano", "state": "Texas", "type": "Government Hub"}, "geometry": {"type": "Point", "coordinates": [-96.6877, 33.0447]}}, {"type": "Feature", "properties": {"name": "Plano Administrative Center", "city": "Plano", "state": "Texas", "type": "Government Hub"}, "geometry": {"type": "Point", "coordinates": [-96.7063, 33.0346]}}, {"type": "Feature", "properties": {"name": "Plano Government Center", "city": "Plano", "state": "Texas", "type": "Government Hub"}, "geometry": {"type": "Point", "coordinates": [-96.6656, 33.0043]}}, {"type": "Feature", "properties": {"name": "Plano Municipal Center", "city": "Plano", "state": "Texas", "type": "Government Hub"}, "geometry": {"type": "Point", "coordinates": [-96.6584, 33.0251]}}, {"type": "Feature", "properties": {"name": "Plano Federal Courthouse", "city": "Plano", "state": "Texas", "type": "Government Hub"}, "geometry": {"type": "Point", "coordinates": [-96.6803, 33.0093]}}, {"type": "Feature", "properties": {"name": "Plano County Courthouse", "city": "Plano", "state": "Texas", "type": "Government Hub"}, "geometry": {"type": "Point", "coordinates": [-96.7296, 33.0489]}}, {"type": "Feature", "properties": {"name": "Plano State Office Building", "city": "Plano", "state": "Texas", "type": "Government Hub"}, "geometry": {"type": "Point", "coordinates": [-96.7373, 33.0439]}}, {"type": "Feature", "properties": {"name": "Plano State Office Building", "city": "Plano", "state": "Texas", "type": "Government Hub"}, "geometry": {"type": "Point", "coordinates": [-96.6833, 33.031]}}, {"type": "Feature", "properties": {"name": "Henderson Post Office", "city": "Henderson", "state": "Nevada", "type": "Government Hub"}, "geometry": {"type": "Point", "coordinates": [-114.9969, 36.0628]}}, {"type": "Feature", "properties": {"name": "Henderson VA Medical Center", "city": "Henderson", "state": "Nevada", "type": "Government Hub"}, "geometry": {"type": "Point", "coordinates": [-115.0313, 36.0221]}}, {"type": "Feature", "properties": {"name": "Henderson Social Security Office", "city": "Henderson", "state": "Nevada", "type": "Government Hub"}, "geometry": {"type": "Point", "coordinates": [-114.9576, 36.0444]}}, {"type": "Feature", "properties": {"name": "Henderson Public Safety Building", "city": "Henderson", "state": "Nevada", "type": "Government Hub"}, "geometry": {"type": "Point", "coordinates": [-114.9816, 36.0072]}}, {"type": "Feature", "properties": {"name": "Henderson Post Office", "city": "Henderson", "state": "Nevada", "type": "Government Hub"}, "geometry": {"type": "Point", "coordinates": [-114.9897, 36.0701]}}, {"type": "Feature", "properties": {"name": "Henderson Social Security Office", "city": "Henderson", "state": "Nevada", "type": "Government Hub"}, "geometry": {"type": "Point", "coordinates": [-115.0121, 36.0747]}}, {"type": "Feature", "properties": {"name": "Henderson Social Security Office", "city": "Henderson", "state": "Nevada", "type": "Government Hub"}, "geometry": {"type": "Point", "coordinates": [-114.944, 36.0336]}}, {"type": "Feature", "properties": {"name": "Henderson Social Security Office", "city": "Henderson", "state": "Nevada", "type": "Government Hub"}, "geometry": {"type": "Point", "coordinates": [-115.034, 36.0039]}}, {"type": "Feature", "properties": {"name": "Lincoln City Hall", "city": "Lincoln", "state": "Nebraska", "type": "Government Hub"}, "geometry": {"type": "Point", "coordinates": [-96.635, 40.8421]}}, {"type": "Feature", "properties": {"name": "Lincoln Government Center", "city": "Lincoln", "state": "Nebraska", "type": "Government Hub"}, "geometry": {"type": "Point", "coordinates": [-96.6805, 40.845]}}, {"type": "Feature", "properties": {"name": "Lincoln Administrative Center", "city": "Lincoln", "state": "Nebraska", "type": "Government Hub"}, "geometry": {"type": "Point", "coordinates": [-96.7076, 40.8234]}}, {"type": "Feature", "properties": {"name": "Lincoln Administrative Center", "city": "Lincoln", "state": "Nebraska", "type": "Government Hub"}, "geometry": {"type": "Point", "coordinates": [-96.7071, 40.8388]}}, {"type": "Feature", "properties": {"name": "Lincoln DMV Regional Office", "city": "Lincoln", "state": "Nebraska", "type": "Government Hub"}, "geometry": {"type": "Point", "coordinates": [-96.6648, 40.796]}}, {"type": "Feature", "properties": {"name": "Buffalo Federal Building", "city": "Buffalo", "state": "New York", "type": "Government Hub"}, "geometry": {"type": "Point", "coordinates": [-78.9341, 42.8559]}}, {"type": "Feature", "properties": {"name": "Buffalo Federal Building", "city": "Buffalo", "state": "New York", "type": "Government Hub"}, "geometry": {"type": "Point", "coordinates": [-78.885, 42.9039]}}, {"type": "Feature", "properties": {"name": "Buffalo Social Security Office", "city": "Buffalo", "state": "New York", "type": "Government Hub"}, "geometry": {"type": "Point", "coordinates": [-78.8638, 42.8576]}}, {"type": "Feature", "properties": {"name": "Buffalo Public Safety Building", "city": "Buffalo", "state": "New York", "type": "Government Hub"}, "geometry": {"type": "Point", "coordinates": [-78.8433, 42.9087]}}, {"type": "Feature", "properties": {"name": "Buffalo Administrative Center", "city": "Buffalo", "state": "New York", "type": "Government Hub"}, "geometry": {"type": "Point", "coordinates": [-78.8666, 42.8901]}}, {"type": "Feature", "properties": {"name": "Buffalo Post Office", "city": "Buffalo", "state": "New York", "type": "Government Hub"}, "geometry": {"type": "Point", "coordinates": [-78.8797, 42.8534]}}, {"type": "Feature", "properties": {"name": "Buffalo Federal Courthouse", "city": "Buffalo", "state": "New York", "type": "Government Hub"}, "geometry": {"type": "Point", "coordinates": [-78.8593, 42.9071]}}, {"type": "Feature", "properties": {"name": "Jersey City County Courthouse", "city": "Jersey City", "state": "New Jersey", "type": "Government Hub"}, "geometry": {"type": "Point", "coordinates": [-74.1054, 40.697]}}, {"type": "Feature", "properties": {"name": "Jersey City Public Safety Building", "city": "Jersey City", "state": "New Jersey", "type": "Government Hub"}, "geometry": {"type": "Point", "coordinates": [-74.0618, 40.6883]}}, {"type": "Feature", "properties": {"name": "Jersey City State Office Building", "city": "Jersey City", "state": "New Jersey", "type": "Government Hub"}, "geometry": {"type": "Point", "coordinates": [-74.0874, 40.7645]}}, {"type": "Feature", "properties": {"name": "Jersey City DMV Regional Office", "city": "Jersey City", "state": "New Jersey", "type": "Government Hub"}, "geometry": {"type": "Point", "coordinates": [-74.1206, 40.7279]}}, {"type": "Feature", "properties": {"name": "Jersey City Administrative Center", "city": "Jersey City", "state": "New Jersey", "type": "Government Hub"}, "geometry": {"type": "Point", "coordinates": [-74.0512, 40.6949]}}, {"type": "Feature", "properties": {"name": "Jersey City City Hall", "city": "Jersey City", "state": "New Jersey", "type": "Government Hub"}, "geometry": {"type": "Point", "coordinates": [-74.1317, 40.6981]}}, {"type": "Feature", "properties": {"name": "Jersey City DMV Regional Office", "city": "Jersey City", "state": "New Jersey", "type": "Government Hub"}, "geometry": {"type": "Point", "coordinates": [-74.1263, 40.7488]}}, {"type": "Feature", "properties": {"name": "Chula Vista Federal Building", "city": "Chula Vista", "state": "California", "type": "Government Hub"}, "geometry": {"type": "Point", "coordinates": [-117.0946, 32.6267]}}, {"type": "Feature", "properties": {"name": "Chula Vista DMV Regional Office", "city": "Chula Vista", "state": "California", "type": "Government Hub"}, "geometry": {"type": "Point", "coordinates": [-117.0703, 32.6185]}}, {"type": "Feature", "properties": {"name": "Chula Vista County Courthouse", "city": "Chula Vista", "state": "California", "type": "Government Hub"}, "geometry": {"type": "Point", "coordinates": [-117.0665, 32.675]}}, {"type": "Feature", "properties": {"name": "Chula Vista Civic Center", "city": "Chula Vista", "state": "California", "type": "Government Hub"}, "geometry": {"type": "Point", "coordinates": [-117.1034, 32.6454]}}, {"type": "Feature", "properties": {"name": "Chula Vista Administrative Center", "city": "Chula Vista", "state": "California", "type": "Government Hub"}, "geometry": {"type": "Point", "coordinates": [-117.1209, 32.6191]}}, {"type": "Feature", "properties": {"name": "Chula Vista IRS Service Center", "city": "Chula Vista", "state": "California", "type": "Government Hub"}, "geometry": {"type": "Point", "coordinates": [-117.124, 32.6284]}}, {"type": "Feature", "properties": {"name": "Chula Vista Public Safety Building", "city": "Chula Vista", "state": "California", "type": "Government Hub"}, "geometry": {"type": "Point", "coordinates": [-117.0378, 32.6541]}}, {"type": "Feature", "properties": {"name": "Chula Vista Post Office", "city": "Chula Vista", "state": "California", "type": "Government Hub"}, "geometry": {"type": "Point", "coordinates": [-117.084, 32.6618]}}, {"type": "Feature", "properties": {"name": "Fort Wayne Social Security Office", "city": "Fort Wayne", "state": "Indiana", "type": "Government Hub"}, "geometry": {"type": "Point", "coordinates": [-85.1016, 41.112]}}, {"type": "Feature", "properties": {"name": "Fort Wayne Federal Building", "city": "Fort Wayne", "state": "Indiana", "type": "Government Hub"}, "geometry": {"type": "Point", "coordinates": [-85.1109, 41.0879]}}, {"type": "Feature", "properties": {"name": "Fort Wayne Post Office", "city": "Fort Wayne", "state": "Indiana", "type": "Government Hub"}, "geometry": {"type": "Point", "coordinates": [-85.1185, 41.06]}}, {"type": "Feature", "properties": {"name": "Fort Wayne Public Safety Building", "city": "Fort Wayne", "state": "Indiana", "type": "Government Hub"}, "geometry": {"type": "Point", "coordinates": [-85.1367, 41.0856]}}, {"type": "Feature", "properties": {"name": "Fort Wayne Federal Courthouse", "city": "Fort Wayne", "state": "Indiana", "type": "Government Hub"}, "geometry": {"type": "Point", "coordinates": [-85.1296, 41.0421]}}, {"type": "Feature", "properties": {"name": "Fort Wayne State Office Building", "city": "Fort Wayne", "state": "Indiana", "type": "Government Hub"}, "geometry": {"type": "Point", "coordinates": [-85.142, 41.0465]}}, {"type": "Feature", "properties": {"name": "Fort Wayne VA Medical Center", "city": "Fort Wayne", "state": "Indiana", "type": "Government Hub"}, "geometry": {"type": "Point", "coordinates": [-85.1347, 41.0876]}}, {"type": "Feature", "properties": {"name": "Orlando Federal Building", "city": "Orlando", "state": "Florida", "type": "Government Hub"}, "geometry": {"type": "Point", "coordinates": [-81.3703, 28.5418]}}, {"type": "Feature", "properties": {"name": "Orlando County Courthouse", "city": "Orlando", "state": "Florida", "type": "Government Hub"}, "geometry": {"type": "Point", "coordinates": [-81.3519, 28.5212]}}, {"type": "Feature", "properties": {"name": "Orlando Social Security Office", "city": "Orlando", "state": "Florida", "type": "Government Hub"}, "geometry": {"type": "Point", "coordinates": [-81.3541, 28.5516]}}, {"type": "Feature", "properties": {"name": "Orlando Municipal Center", "city": "Orlando", "state": "Florida", "type": "Government Hub"}, "geometry": {"type": "Point", "coordinates": [-81.4211, 28.5001]}}, {"type": "Feature", "properties": {"name": "Orlando DMV Regional Office", "city": "Orlando", "state": "Florida", "type": "Government Hub"}, "geometry": {"type": "Point", "coordinates": [-81.3425, 28.5479]}}, {"type": "Feature", "properties": {"name": "Orlando Federal Courthouse", "city": "Orlando", "state": "Florida", "type": "Government Hub"}, "geometry": {"type": "Point", "coordinates": [-81.3616, 28.5515]}}, {"type": "Feature", "properties": {"name": "Orlando VA Medical Center", "city": "Orlando", "state": "Florida", "type": "Government Hub"}, "geometry": {"type": "Point", "coordinates": [-81.3644, 28.5693]}}, {"type": "Feature", "properties": {"name": "St. Petersburg Government Center", "city": "St. Petersburg", "state": "Florida", "type": "Government Hub"}, "geometry": {"type": "Point", "coordinates": [-82.6065, 27.7749]}}, {"type": "Feature", "properties": {"name": "St. Petersburg Public Safety Building", "city": "St. Petersburg", "state": "Florida", "type": "Government Hub"}, "geometry": {"type": "Point", "coordinates": [-82.5939, 27.8087]}}, {"type": "Feature", "properties": {"name": "St. Petersburg VA Medical Center", "city": "St. Petersburg", "state": "Florida", "type": "Government Hub"}, "geometry": {"type": "Point", "coordinates": [-82.6151, 27.7576]}}, {"type": "Feature", "properties": {"name": "Chandler VA Medical Center", "city": "Chandler", "state": "Arizona", "type": "Government Hub"}, "geometry": {"type": "Point", "coordinates": [-111.8072, 33.2694]}}, {"type": "Feature", "properties": {"name": "Chandler State Office Building", "city": "Chandler", "state": "Arizona", "type": "Government Hub"}, "geometry": {"type": "Point", "coordinates": [-111.8053, 33.3433]}}, {"type": "Feature", "properties": {"name": "Chandler Federal Building", "city": "Chandler", "state": "Arizona", "type": "Government Hub"}, "geometry": {"type": "Point", "coordinates": [-111.8668, 33.3119]}}, {"type": "Feature", "properties": {"name": "Laredo Civic Center", "city": "Laredo", "state": "Texas", "type": "Government Hub"}, "geometry": {"type": "Point", "coordinates": [-99.4595, 27.5295]}}, {"type": "Feature", "properties": {"name": "Laredo VA Medical Center", "city": "Laredo", "state": "Texas", "type": "Government Hub"}, "geometry": {"type": "Point", "coordinates": [-99.4405, 27.5146]}}, {"type": "Feature", "properties": {"name": "Laredo County Courthouse", "city": "Laredo", "state": "Texas", "type": "Government Hub"}, "geometry": {"type": "Point", "coordinates": [-99.4561, 27.5476]}}, {"type": "Feature", "properties": {"name": "Laredo Government Center", "city": "Laredo", "state": "Texas", "type": "Government Hub"}, "geometry": {"type": "Point", "coordinates": [-99.4286, 27.5372]}}, {"type": "Feature", "properties": {"name": "Norfolk Government Center", "city": "Norfolk", "state": "Virginia", "type": "Government Hub"}, "geometry": {"type": "Point", "coordinates": [-76.2568, 36.8759]}}, {"type": "Feature", "properties": {"name": "Norfolk Federal Building", "city": "Norfolk", "state": "Virginia", "type": "Government Hub"}, "geometry": {"type": "Point", "coordinates": [-76.2715, 36.8529]}}, {"type": "Feature", "properties": {"name": "Norfolk County Courthouse", "city": "Norfolk", "state": "Virginia", "type": "Government Hub"}, "geometry": {"type": "Point", "coordinates": [-76.2356, 36.8311]}}, {"type": "Feature", "properties": {"name": "Norfolk Government Center", "city": "Norfolk", "state": "Virginia", "type": "Government Hub"}, "geometry": {"type": "Point", "coordinates": [-76.2419, 36.8556]}}, {"type": "Feature", "properties": {"name": "Norfolk Federal Building", "city": "Norfolk", "state": "Virginia", "type": "Government Hub"}, "geometry": {"type": "Point", "coordinates": [-76.3126, 36.8647]}}, {"type": "Feature", "properties": {"name": "Durham County Courthouse", "city": "Durham", "state": "North Carolina", "type": "Government Hub"}, "geometry": {"type": "Point", "coordinates": [-78.8675, 35.9669]}}, {"type": "Feature", "properties": {"name": "Durham County Courthouse", "city": "Durham", "state": "North Carolina", "type": "Government Hub"}, "geometry": {"type": "Point", "coordinates": [-78.9193, 36.0321]}}, {"type": "Feature", "properties": {"name": "Madison Post Office", "city": "Madison", "state": "Wisconsin", "type": "Government Hub"}, "geometry": {"type": "Point", "coordinates": [-89.4522, 43.0361]}}, {"type": "Feature", "properties": {"name": "Madison Municipal Center", "city": "Madison", "state": "Wisconsin", "type": "Government Hub"}, "geometry": {"type": "Point", "coordinates": [-89.3593, 43.0554]}}, {"type": "Feature", "properties": {"name": "Madison VA Medical Center", "city": "Madison", "state": "Wisconsin", "type": "Government Hub"}, "geometry": {"type": "Point", "coordinates": [-89.4346, 43.0948]}}, {"type": "Feature", "properties": {"name": "Madison DMV Regional Office", "city": "Madison", "state": "Wisconsin", "type": "Government Hub"}, "geometry": {"type": "Point", "coordinates": [-89.3579, 43.0838]}}, {"type": "Feature", "properties": {"name": "Lubbock DMV Regional Office", "city": "Lubbock", "state": "Texas", "type": "Government Hub"}, "geometry": {"type": "Point", "coordinates": [-101.8955, 33.6044]}}, {"type": "Feature", "properties": {"name": "Lubbock VA Medical Center", "city": "Lubbock", "state": "Texas", "type": "Government Hub"}, "geometry": {"type": "Point", "coordinates": [-101.882, 33.5501]}}, {"type": "Feature", "properties": {"name": "Lubbock DMV Regional Office", "city": "Lubbock", "state": "Texas", "type": "Government Hub"}, "geometry": {"type": "Point", "coordinates": [-101.9067, 33.5519]}}, {"type": "Feature", "properties": {"name": "Lubbock Administrative Center", "city": "Lubbock", "state": "Texas", "type": "Government Hub"}, "geometry": {"type": "Point", "coordinates": [-101.8403, 33.6152]}}, {"type": "Feature", "properties": {"name": "Irvine VA Medical Center", "city": "Irvine", "state": "California", "type": "Government Hub"}, "geometry": {"type": "Point", "coordinates": [-117.7445, 33.7233]}}, {"type": "Feature", "properties": {"name": "Irvine State Office Building", "city": "Irvine", "state": "California", "type": "Government Hub"}, "geometry": {"type": "Point", "coordinates": [-117.7803, 33.6955]}}, {"type": "Feature", "properties": {"name": "Irvine Municipal Center", "city": "Irvine", "state": "California", "type": "Government Hub"}, "geometry": {"type": "Point", "coordinates": [-117.8438, 33.7057]}}, {"type": "Feature", "properties": {"name": "Irvine Civic Center", "city": "Irvine", "state": "California", "type": "Government Hub"}, "geometry": {"type": "Point", "coordinates": [-117.7855, 33.6653]}}, {"type": "Feature", "properties": {"name": "Winston-Salem Municipal Center", "city": "Winston-Salem", "state": "North Carolina", "type": "Government Hub"}, "geometry": {"type": "Point", "coordinates": [-80.2424, 36.093]}}, {"type": "Feature", "properties": {"name": "Winston-Salem Federal Building", "city": "Winston-Salem", "state": "North Carolina", "type": "Government Hub"}, "geometry": {"type": "Point", "coordinates": [-80.2025, 36.1215]}}, {"type": "Feature", "properties": {"name": "Winston-Salem IRS Service Center", "city": "Winston-Salem", "state": "North Carolina", "type": "Government Hub"}, "geometry": {"type": "Point", "coordinates": [-80.2156, 36.0719]}}, {"type": "Feature", "properties": {"name": "Winston-Salem Federal Building", "city": "Winston-Salem", "state": "North Carolina", "type": "Government Hub"}, "geometry": {"type": "Point", "coordinates": [-80.2916, 36.1356]}}, {"type": "Feature", "properties": {"name": "Winston-Salem County Courthouse", "city": "Winston-Salem", "state": "North Carolina", "type": "Government Hub"}, "geometry": {"type": "Point", "coordinates": [-80.2619, 36.1103]}}, {"type": "Feature", "properties": {"name": "Glendale County Courthouse", "city": "Glendale", "state": "Arizona", "type": "Government Hub"}, "geometry": {"type": "Point", "coordinates": [-112.2159, 33.5141]}}, {"type": "Feature", "properties": {"name": "Glendale Federal Building", "city": "Glendale", "state": "Arizona", "type": "Government Hub"}, "geometry": {"type": "Point", "coordinates": [-112.1827, 33.5134]}}, {"type": "Feature", "properties": {"name": "Glendale Civic Center", "city": "Glendale", "state": "Arizona", "type": "Government Hub"}, "geometry": {"type": "Point", "coordinates": [-112.1812, 33.5444]}}, {"type": "Feature", "properties": {"name": "Glendale Administrative Center", "city": "Glendale", "state": "Arizona", "type": "Government Hub"}, "geometry": {"type": "Point", "coordinates": [-112.1941, 33.5526]}}, {"type": "Feature", "properties": {"name": "Glendale State Office Building", "city": "Glendale", "state": "Arizona", "type": "Government Hub"}, "geometry": {"type": "Point", "coordinates": [-112.1514, 33.5379]}}, {"type": "Feature", "properties": {"name": "Garland County Courthouse", "city": "Garland", "state": "Texas", "type": "Government Hub"}, "geometry": {"type": "Point", "coordinates": [-96.6674, 32.8801]}}, {"type": "Feature", "properties": {"name": "Garland Public Safety Building", "city": "Garland", "state": "Texas", "type": "Government Hub"}, "geometry": {"type": "Point", "coordinates": [-96.6017, 32.9027]}}, {"type": "Feature", "properties": {"name": "Garland Municipal Center", "city": "Garland", "state": "Texas", "type": "Government Hub"}, "geometry": {"type": "Point", "coordinates": [-96.5862, 32.9286]}}, {"type": "Feature", "properties": {"name": "Hialeah City Hall", "city": "Hialeah", "state": "Florida", "type": "Government Hub"}, "geometry": {"type": "Point", "coordinates": [-80.2237, 25.8209]}}, {"type": "Feature", "properties": {"name": "Hialeah Federal Building", "city": "Hialeah", "state": "Florida", "type": "Government Hub"}, "geometry": {"type": "Point", "coordinates": [-80.3301, 25.8252]}}, {"type": "Feature", "properties": {"name": "Hialeah VA Medical Center", "city": "Hialeah", "state": "Florida", "type": "Government Hub"}, "geometry": {"type": "Point", "coordinates": [-80.2716, 25.8825]}}, {"type": "Feature", "properties": {"name": "Reno County Courthouse", "city": "Reno", "state": "Nevada", "type": "Government Hub"}, "geometry": {"type": "Point", "coordinates": [-119.7827, 39.4912]}}, {"type": "Feature", "properties": {"name": "Reno Civic Center", "city": "Reno", "state": "Nevada", "type": "Government Hub"}, "geometry": {"type": "Point", "coordinates": [-119.8458, 39.5073]}}, {"type": "Feature", "properties": {"name": "Reno IRS Service Center", "city": "Reno", "state": "Nevada", "type": "Government Hub"}, "geometry": {"type": "Point", "coordinates": [-119.7983, 39.5467]}}, {"type": "Feature", "properties": {"name": "Reno Social Security Office", "city": "Reno", "state": "Nevada", "type": "Government Hub"}, "geometry": {"type": "Point", "coordinates": [-119.8435, 39.528]}}, {"type": "Feature", "properties": {"name": "Reno DMV Regional Office", "city": "Reno", "state": "Nevada", "type": "Government Hub"}, "geometry": {"type": "Point", "coordinates": [-119.8539, 39.5523]}}, {"type": "Feature", "properties": {"name": "Chesapeake Post Office", "city": "Chesapeake", "state": "Virginia", "type": "Government Hub"}, "geometry": {"type": "Point", "coordinates": [-76.3287, 36.7857]}}, {"type": "Feature", "properties": {"name": "Chesapeake Administrative Center", "city": "Chesapeake", "state": "Virginia", "type": "Government Hub"}, "geometry": {"type": "Point", "coordinates": [-76.2694, 36.7681]}}, {"type": "Feature", "properties": {"name": "Chesapeake Federal Courthouse", "city": "Chesapeake", "state": "Virginia", "type": "Government Hub"}, "geometry": {"type": "Point", "coordinates": [-76.2433, 36.7904]}}, {"type": "Feature", "properties": {"name": "Gilbert State Office Building", "city": "Gilbert", "state": "Arizona", "type": "Government Hub"}, "geometry": {"type": "Point", "coordinates": [-111.7481, 33.3575]}}, {"type": "Feature", "properties": {"name": "Gilbert DMV Regional Office", "city": "Gilbert", "state": "Arizona", "type": "Government Hub"}, "geometry": {"type": "Point", "coordinates": [-111.778, 33.3835]}}, {"type": "Feature", "properties": {"name": "Gilbert Government Center", "city": "Gilbert", "state": "Arizona", "type": "Government Hub"}, "geometry": {"type": "Point", "coordinates": [-111.7971, 33.3609]}}, {"type": "Feature", "properties": {"name": "Baton Rouge Administrative Center", "city": "Baton Rouge", "state": "Louisiana", "type": "Government Hub"}, "geometry": {"type": "Point", "coordinates": [-91.1482, 30.4371]}}, {"type": "Feature", "properties": {"name": "Baton Rouge Public Safety Building", "city": "Baton Rouge", "state": "Louisiana", "type": "Government Hub"}, "geometry": {"type": "Point", "coordinates": [-91.0916, 30.4337]}}, {"type": "Feature", "properties": {"name": "Baton Rouge City Hall", "city": "Baton Rouge", "state": "Louisiana", "type": "Government Hub"}, "geometry": {"type": "Point", "coordinates": [-91.1484, 30.4843]}}, {"type": "Feature", "properties": {"name": "Baton Rouge Public Safety Building", "city": "Baton Rouge", "state": "Louisiana", "type": "Government Hub"}, "geometry": {"type": "Point", "coordinates": [-91.1917, 30.4916]}}, {"type": "Feature", "properties": {"name": "Irving City Hall", "city": "Irving", "state": "Texas", "type": "Government Hub"}, "geometry": {"type": "Point", "coordinates": [-96.9991, 32.801]}}, {"type": "Feature", "properties": {"name": "Irving Civic Center", "city": "Irving", "state": "Texas", "type": "Government Hub"}, "geometry": {"type": "Point", "coordinates": [-96.9385, 32.8068]}}, {"type": "Feature", "properties": {"name": "Scottsdale VA Medical Center", "city": "Scottsdale", "state": "Arizona", "type": "Government Hub"}, "geometry": {"type": "Point", "coordinates": [-111.9269, 33.5187]}}, {"type": "Feature", "properties": {"name": "Scottsdale Government Center", "city": "Scottsdale", "state": "Arizona", "type": "Government Hub"}, "geometry": {"type": "Point", "coordinates": [-111.9703, 33.465]}}, {"type": "Feature", "properties": {"name": "Scottsdale Post Office", "city": "Scottsdale", "state": "Arizona", "type": "Government Hub"}, "geometry": {"type": "Point", "coordinates": [-111.9709, 33.5193]}}, {"type": "Feature", "properties": {"name": "North Las Vegas County Courthouse", "city": "North Las Vegas", "state": "Nevada", "type": "Government Hub"}, "geometry": {"type": "Point", "coordinates": [-115.1263, 36.2069]}}, {"type": "Feature", "properties": {"name": "North Las Vegas Post Office", "city": "North Las Vegas", "state": "Nevada", "type": "Government Hub"}, "geometry": {"type": "Point", "coordinates": [-115.168, 36.1909]}}, {"type": "Feature", "properties": {"name": "North Las Vegas Federal Building", "city": "North Las Vegas", "state": "Nevada", "type": "Government Hub"}, "geometry": {"type": "Point", "coordinates": [-115.1106, 36.162]}}, {"type": "Feature", "properties": {"name": "Fremont Municipal Center", "city": "Fremont", "state": "California", "type": "Government Hub"}, "geometry": {"type": "Point", "coordinates": [-121.9747, 37.5874]}}, {"type": "Feature", "properties": {"name": "Fremont County Courthouse", "city": "Fremont", "state": "California", "type": "Government Hub"}, "geometry": {"type": "Point", "coordinates": [-121.9468, 37.5547]}}, {"type": "Feature", "properties": {"name": "Boise City County Courthouse", "city": "Boise City", "state": "Idaho", "type": "Government Hub"}, "geometry": {"type": "Point", "coordinates": [-116.2655, 43.6349]}}, {"type": "Feature", "properties": {"name": "Boise City Municipal Center", "city": "Boise City", "state": "Idaho", "type": "Government Hub"}, "geometry": {"type": "Point", "coordinates": [-116.2607, 43.6496]}}, {"type": "Feature", "properties": {"name": "Richmond VA Medical Center", "city": "Richmond", "state": "Virginia", "type": "Government Hub"}, "geometry": {"type": "Point", "coordinates": [-77.4825, 37.5364]}}, {"type": "Feature", "properties": {"name": "Richmond Social Security Office", "city": "Richmond", "state": "Virginia", "type": "Government Hub"}, "geometry": {"type": "Point", "coordinates": [-77.4521, 37.5276]}}, {"type": "Feature", "properties": {"name": "San Bernardino Post Office", "city": "San Bernardino", "state": "California", "type": "Government Hub"}, "geometry": {"type": "Point", "coordinates": [-117.3188, 34.0783]}}, {"type": "Feature", "properties": {"name": "San Bernardino County Courthouse", "city": "San Bernardino", "state": "California", "type": "Government Hub"}, "geometry": {"type": "Point", "coordinates": [-117.2695, 34.092]}}, {"type": "Feature", "properties": {"name": "San Bernardino Social Security Office", "city": "San Bernardino", "state": "California", "type": "Government Hub"}, "geometry": {"type": "Point", "coordinates": [-117.3355, 34.0734]}}, {"type": "Feature", "properties": {"name": "San Bernardino Social Security Office", "city": "San Bernardino", "state": "California", "type": "Government Hub"}, "geometry": {"type": "Point", "coordinates": [-117.3323, 34.1376]}}, {"type": "Feature", "properties": {"name": "San Bernardino Federal Courthouse", "city": "San Bernardino", "state": "California", "type": "Government Hub"}, "geometry": {"type": "Point", "coordinates": [-117.3267, 34.1075]}}, {"type": "Feature", "properties": {"name": "Birmingham Post Office", "city": "Birmingham", "state": "Alabama", "type": "Government Hub"}, "geometry": {"type": "Point", "coordinates": [-86.8233, 33.4904]}}, {"type": "Feature", "properties": {"name": "Birmingham DMV Regional Office", "city": "Birmingham", "state": "Alabama", "type": "Government Hub"}, "geometry": {"type": "Point", "coordinates": [-86.817, 33.4848]}}, {"type": "Feature", "properties": {"name": "Birmingham IRS Service Center", "city": "Birmingham", "state": "Alabama", "type": "Government Hub"}, "geometry": {"type": "Point", "coordinates": [-86.752, 33.486]}}, {"type": "Feature", "properties": {"name": "Birmingham Administrative Center", "city": "Birmingham", "state": "Alabama", "type": "Government Hub"}, "geometry": {"type": "Point", "coordinates": [-86.8187, 33.5505]}}, {"type": "Feature", "properties": {"name": "Spokane Federal Courthouse", "city": "Spokane", "state": "Washington", "type": "Government Hub"}, "geometry": {"type": "Point", "coordinates": [-117.476, 47.6863]}}, {"type": "Feature", "properties": {"name": "Spokane Social Security Office", "city": "Spokane", "state": "Washington", "type": "Government Hub"}, "geometry": {"type": "Point", "coordinates": [-117.3847, 47.6674]}}, {"type": "Feature", "properties": {"name": "Rochester County Courthouse", "city": "Rochester", "state": "New York", "type": "Government Hub"}, "geometry": {"type": "Point", "coordinates": [-77.5617, 43.1362]}}, {"type": "Feature", "properties": {"name": "Rochester City Hall", "city": "Rochester", "state": "New York", "type": "Government Hub"}, "geometry": {"type": "Point", "coordinates": [-77.6436, 43.1255]}}, {"type": "Feature", "properties": {"name": "Rochester Civic Center", "city": "Rochester", "state": "New York", "type": "Government Hub"}, "geometry": {"type": "Point", "coordinates": [-77.6543, 43.1651]}}, {"type": "Feature", "properties": {"name": "Des Moines Public Safety Building", "city": "Des Moines", "state": "Iowa", "type": "Government Hub"}, "geometry": {"type": "Point", "coordinates": [-93.6376, 41.6085]}}, {"type": "Feature", "properties": {"name": "Des Moines Federal Building", "city": "Des Moines", "state": "Iowa", "type": "Government Hub"}, "geometry": {"type": "Point", "coordinates": [-93.621, 41.6057]}}, {"type": "Feature", "properties": {"name": "Des Moines Public Safety Building", "city": "Des Moines", "state": "Iowa", "type": "Government Hub"}, "geometry": {"type": "Point", "coordinates": [-93.5921, 41.602]}}, {"type": "Feature", "properties": {"name": "Des Moines Municipal Center", "city": "Des Moines", "state": "Iowa", "type": "Government Hub"}, "geometry": {"type": "Point", "coordinates": [-93.611, 41.5778]}}, {"type": "Feature", "properties": {"name": "Des Moines VA Medical Center", "city": "Des Moines", "state": "Iowa", "type": "Government Hub"}, "geometry": {"type": "Point", "coordinates": [-93.6191, 41.574]}}, {"type": "Feature", "properties": {"name": "Modesto Government Center", "city": "Modesto", "state": "California", "type": "Government Hub"}, "geometry": {"type": "Point", "coordinates": [-120.9602, 37.6207]}}, {"type": "Feature", "properties": {"name": "Modesto Post Office", "city": "Modesto", "state": "California", "type": "Government Hub"}, "geometry": {"type": "Point", "coordinates": [-120.9848, 37.669]}}, {"type": "Feature", "properties": {"name": "Fayetteville Administrative Center", "city": "Fayetteville", "state": "North Carolina", "type": "Government Hub"}, "geometry": {"type": "Point", "coordinates": [-78.8774, 35.0583]}}, {"type": "Feature", "properties": {"name": "Fayetteville Government Center", "city": "Fayetteville", "state": "North Carolina", "type": "Government Hub"}, "geometry": {"type": "Point", "coordinates": [-78.8651, 35.0543]}}, {"type": "Feature", "properties": {"name": "Tacoma Post Office", "city": "Tacoma", "state": "Washington", "type": "Government Hub"}, "geometry": {"type": "Point", "coordinates": [-122.3912, 47.2627]}}, {"type": "Feature", "properties": {"name": "Tacoma Federal Building", "city": "Tacoma", "state": "Washington", "type": "Government Hub"}, "geometry": {"type": "Point", "coordinates": [-122.4288, 47.2242]}}, {"type": "Feature", "properties": {"name": "Oxnard Government Center", "city": "Oxnard", "state": "California", "type": "Government Hub"}, "geometry": {"type": "Point", "coordinates": [-119.1633, 34.2143]}}, {"type": "Feature", "properties": {"name": "Oxnard County Courthouse", "city": "Oxnard", "state": "California", "type": "Government Hub"}, "geometry": {"type": "Point", "coordinates": [-119.2321, 34.2024]}}, {"type": "Feature", "properties": {"name": "Fontana Government Center", "city": "Fontana", "state": "California", "type": "Government Hub"}, "geometry": {"type": "Point", "coordinates": [-117.4587, 34.1281]}}, {"type": "Feature", "properties": {"name": "Fontana Government Center", "city": "Fontana", "state": "California", "type": "Government Hub"}, "geometry": {"type": "Point", "coordinates": [-117.4764, 34.1036]}}, {"type": "Feature", "properties": {"name": "Fontana VA Medical Center", "city": "Fontana", "state": "California", "type": "Government Hub"}, "geometry": {"type": "Point", "coordinates": [-117.4719, 34.0945]}}, {"type": "Feature", "properties": {"name": "Fontana Federal Building", "city": "Fontana", "state": "California", "type": "Government Hub"}, "geometry": {"type": "Point", "coordinates": [-117.4616, 34.0728]}}, {"type": "Feature", "properties": {"name": "Columbus Social Security Office", "city": "Columbus", "state": "Georgia", "type": "Government Hub"}, "geometry": {"type": "Point", "coordinates": [-85.0061, 32.4305]}}, {"type": "Feature", "properties": {"name": "Columbus Social Security Office", "city": "Columbus", "state": "Georgia", "type": "Government Hub"}, "geometry": {"type": "Point", "coordinates": [-84.9486, 32.4958]}}, {"type": "Feature", "properties": {"name": "Columbus Post Office", "city": "Columbus", "state": "Georgia", "type": "Government Hub"}, "geometry": {"type": "Point", "coordinates": [-84.9333, 32.4444]}}, {"type": "Feature", "properties": {"name": "Montgomery County Courthouse", "city": "Montgomery", "state": "Alabama", "type": "Government Hub"}, "geometry": {"type": "Point", "coordinates": [-86.3137, 32.3829]}}, {"type": "Feature", "properties": {"name": "Montgomery City Hall", "city": "Montgomery", "state": "Alabama", "type": "Government Hub"}, "geometry": {"type": "Point", "coordinates": [-86.3172, 32.3588]}}, {"type": "Feature", "properties": {"name": "Montgomery VA Medical Center", "city": "Montgomery", "state": "Alabama", "type": "Government Hub"}, "geometry": {"type": "Point", "coordinates": [-86.3153, 32.374]}}, {"type": "Feature", "properties": {"name": "Montgomery County Courthouse", "city": "Montgomery", "state": "Alabama", "type": "Government Hub"}, "geometry": {"type": "Point", "coordinates": [-86.2508, 32.3741]}}, {"type": "Feature", "properties": {"name": "Montgomery Government Center", "city": "Montgomery", "state": "Alabama", "type": "Government Hub"}, "geometry": {"type": "Point", "coordinates": [-86.3213, 32.4021]}}, {"type": "Feature", "properties": {"name": "Moreno Valley IRS Service Center", "city": "Moreno Valley", "state": "California", "type": "Government Hub"}, "geometry": {"type": "Point", "coordinates": [-117.1954, 33.9342]}}, {"type": "Feature", "properties": {"name": "Moreno Valley IRS Service Center", "city": "Moreno Valley", "state": "California", "type": "Government Hub"}, "geometry": {"type": "Point", "coordinates": [-117.1845, 33.974]}}, {"type": "Feature", "properties": {"name": "Shreveport City Hall", "city": "Shreveport", "state": "Louisiana", "type": "Government Hub"}, "geometry": {"type": "Point", "coordinates": [-93.7101, 32.5054]}}, {"type": "Feature", "properties": {"name": "Shreveport Social Security Office", "city": "Shreveport", "state": "Louisiana", "type": "Government Hub"}, "geometry": {"type": "Point", "coordinates": [-93.7376, 32.4957]}}, {"type": "Feature", "properties": {"name": "Shreveport Federal Courthouse", "city": "Shreveport", "state": "Louisiana", "type": "Government Hub"}, "geometry": {"type": "Point", "coordinates": [-93.7566, 32.5463]}}, {"type": "Feature", "properties": {"name": "Shreveport City Hall", "city": "Shreveport", "state": "Louisiana", "type": "Government Hub"}, "geometry": {"type": "Point", "coordinates": [-93.7456, 32.5018]}}, {"type": "Feature", "properties": {"name": "Aurora City Hall", "city": "Aurora", "state": "Illinois", "type": "Government Hub"}, "geometry": {"type": "Point", "coordinates": [-88.287, 41.7796]}}, {"type": "Feature", "properties": {"name": "Aurora Government Center", "city": "Aurora", "state": "Illinois", "type": "Government Hub"}, "geometry": {"type": "Point", "coordinates": [-88.2968, 41.7913]}}, {"type": "Feature", "properties": {"name": "Aurora Municipal Center", "city": "Aurora", "state": "Illinois", "type": "Government Hub"}, "geometry": {"type": "Point", "coordinates": [-88.3204, 41.7675]}}, {"type": "Feature", "properties": {"name": "Aurora Federal Courthouse", "city": "Aurora", "state": "Illinois", "type": "Government Hub"}, "geometry": {"type": "Point", "coordinates": [-88.2978, 41.7687]}}, {"type": "Feature", "properties": {"name": "Yonkers Federal Courthouse", "city": "Yonkers", "state": "New York", "type": "Government Hub"}, "geometry": {"type": "Point", "coordinates": [-73.8873, 40.9276]}}, {"type": "Feature", "properties": {"name": "Yonkers Municipal Center", "city": "Yonkers", "state": "New York", "type": "Government Hub"}, "geometry": {"type": "Point", "coordinates": [-73.9186, 40.9194]}}, {"type": "Feature", "properties": {"name": "Yonkers Federal Courthouse", "city": "Yonkers", "state": "New York", "type": "Government Hub"}, "geometry": {"type": "Point", "coordinates": [-73.9303, 40.9049]}}, {"type": "Feature", "properties": {"name": "Yonkers Federal Courthouse", "city": "Yonkers", "state": "New York", "type": "Government Hub"}, "geometry": {"type": "Point", "coordinates": [-73.9086, 40.9513]}}, {"type": "Feature", "properties": {"name": "Yonkers Government Center", "city": "Yonkers", "state": "New York", "type": "Government Hub"}, "geometry": {"type": "Point", "coordinates": [-73.9077, 40.931]}}, {"type": "Feature", "properties": {"name": "Akron State Office Building", "city": "Akron", "state": "Ohio", "type": "Government Hub"}, "geometry": {"type": "Point", "coordinates": [-81.5578, 41.0428]}}, {"type": "Feature", "properties": {"name": "Akron DMV Regional Office", "city": "Akron", "state": "Ohio", "type": "Government Hub"}, "geometry": {"type": "Point", "coordinates": [-81.556, 41.0858]}}, {"type": "Feature", "properties": {"name": "Huntington Beach Post Office", "city": "Huntington Beach", "state": "California", "type": "Government Hub"}, "geometry": {"type": "Point", "coordinates": [-117.9874, 33.6399]}}, {"type": "Feature", "properties": {"name": "Huntington Beach Administrative Center", "city": "Huntington Beach", "state": "California", "type": "Government Hub"}, "geometry": {"type": "Point", "coordinates": [-118.029, 33.6464]}}, {"type": "Feature", "properties": {"name": "Huntington Beach IRS Service Center", "city": "Huntington Beach", "state": "California", "type": "Government Hub"}, "geometry": {"type": "Point", "coordinates": [-117.9943, 33.6426]}}, {"type": "Feature", "properties": {"name": "Huntington Beach Public Safety Building", "city": "Huntington Beach", "state": "California", "type": "Government Hub"}, "geometry": {"type": "Point", "coordinates": [-118.025, 33.6352]}}, {"type": "Feature", "properties": {"name": "Huntington Beach Public Safety Building", "city": "Huntington Beach", "state": "California", "type": "Government Hub"}, "geometry": {"type": "Point", "coordinates": [-117.9445, 33.68]}}, {"type": "Feature", "properties": {"name": "Little Rock Social Security Office", "city": "Little Rock", "state": "Arkansas", "type": "Government Hub"}, "geometry": {"type": "Point", "coordinates": [-92.276, 34.7685]}}, {"type": "Feature", "properties": {"name": "Little Rock Government Center", "city": "Little Rock", "state": "Arkansas", "type": "Government Hub"}, "geometry": {"type": "Point", "coordinates": [-92.2682, 34.7288]}}, {"type": "Feature", "properties": {"name": "Little Rock Administrative Center", "city": "Little Rock", "state": "Arkansas", "type": "Government Hub"}, "geometry": {"type": "Point", "coordinates": [-92.3193, 34.746]}}, {"type": "Feature", "properties": {"name": "Augusta-Richmond County Administrative Center", "city": "Augusta-Richmond County", "state": "Georgia", "type": "Government Hub"}, "geometry": {"type": "Point", "coordinates": [-82.0521, 33.4354]}}, {"type": "Feature", "properties": {"name": "Augusta-Richmond County VA Medical Center", "city": "Augusta-Richmond County", "state": "Georgia", "type": "Government Hub"}, "geometry": {"type": "Point", "coordinates": [-81.9595, 33.461]}}, {"type": "Feature", "properties": {"name": "Augusta-Richmond County Post Office", "city": "Augusta-Richmond County", "state": "Georgia", "type": "Government Hub"}, "geometry": {"type": "Point", "coordinates": [-82.0173, 33.4947]}}, {"type": "Feature", "properties": {"name": "Augusta-Richmond County City Hall", "city": "Augusta-Richmond County", "state": "Georgia", "type": "Government Hub"}, "geometry": {"type": "Point", "coordinates": [-82.0401, 33.4836]}}, {"type": "Feature", "properties": {"name": "Amarillo Civic Center", "city": "Amarillo", "state": "Texas", "type": "Government Hub"}, "geometry": {"type": "Point", "coordinates": [-101.7967, 35.2207]}}, {"type": "Feature", "properties": {"name": "Amarillo Federal Building", "city": "Amarillo", "state": "Texas", "type": "Government Hub"}, "geometry": {"type": "Point", "coordinates": [-101.849, 35.204]}}, {"type": "Feature", "properties": {"name": "Amarillo Civic Center", "city": "Amarillo", "state": "Texas", "type": "Government Hub"}, "geometry": {"type": "Point", "coordinates": [-101.7949, 35.2016]}}, {"type": "Feature", "properties": {"name": "Glendale County Courthouse", "city": "Glendale", "state": "California", "type": "Government Hub"}, "geometry": {"type": "Point", "coordinates": [-118.2446, 34.1033]}}, {"type": "Feature", "properties": {"name": "Glendale State Office Building", "city": "Glendale", "state": "California", "type": "Government Hub"}, "geometry": {"type": "Point", "coordinates": [-118.2459, 34.1617]}}, {"type": "Feature", "properties": {"name": "Glendale Municipal Center", "city": "Glendale", "state": "California", "type": "Government Hub"}, "geometry": {"type": "Point", "coordinates": [-118.2887, 34.1794]}}, {"type": "Feature", "properties": {"name": "Glendale VA Medical Center", "city": "Glendale", "state": "California", "type": "Government Hub"}, "geometry": {"type": "Point", "coordinates": [-118.2771, 34.1244]}}, {"type": "Feature", "properties": {"name": "Glendale Public Safety Building", "city": "Glendale", "state": "California", "type": "Government Hub"}, "geometry": {"type": "Point", "coordinates": [-118.2676, 34.1206]}}, {"type": "Feature", "properties": {"name": "Mobile DMV Regional Office", "city": "Mobile", "state": "Alabama", "type": "Government Hub"}, "geometry": {"type": "Point", "coordinates": [-88.0023, 30.7348]}}, {"type": "Feature", "properties": {"name": "Mobile Public Safety Building", "city": "Mobile", "state": "Alabama", "type": "Government Hub"}, "geometry": {"type": "Point", "coordinates": [-88.0287, 30.7177]}}, {"type": "Feature", "properties": {"name": "Mobile VA Medical Center", "city": "Mobile", "state": "Alabama", "type": "Government Hub"}, "geometry": {"type": "Point", "coordinates": [-88.0661, 30.6716]}}, {"type": "Feature", "properties": {"name": "Mobile DMV Regional Office", "city": "Mobile", "state": "Alabama", "type": "Government Hub"}, "geometry": {"type": "Point", "coordinates": [-88.085, 30.6759]}}, {"type": "Feature", "properties": {"name": "Mobile VA Medical Center", "city": "Mobile", "state": "Alabama", "type": "Government Hub"}, "geometry": {"type": "Point", "coordinates": [-88.0194, 30.6811]}}, {"type": "Feature", "properties": {"name": "Grand Rapids Federal Building", "city": "Grand Rapids", "state": "Michigan", "type": "Government Hub"}, "geometry": {"type": "Point", "coordinates": [-85.6703, 42.9796]}}, {"type": "Feature", "properties": {"name": "Grand Rapids DMV Regional Office", "city": "Grand Rapids", "state": "Michigan", "type": "Government Hub"}, "geometry": {"type": "Point", "coordinates": [-85.7106, 42.9885]}}, {"type": "Feature", "properties": {"name": "Grand Rapids Government Center", "city": "Grand Rapids", "state": "Michigan", "type": "Government Hub"}, "geometry": {"type": "Point", "coordinates": [-85.6539, 42.9569]}}, {"type": "Feature", "properties": {"name": "Grand Rapids Municipal Center", "city": "Grand Rapids", "state": "Michigan", "type": "Government Hub"}, "geometry": {"type": "Point", "coordinates": [-85.6536, 42.9959]}}, {"type": "Feature", "properties": {"name": "Grand Rapids Municipal Center", "city": "Grand Rapids", "state": "Michigan", "type": "Government Hub"}, "geometry": {"type": "Point", "coordinates": [-85.7079, 42.9356]}}, {"type": "Feature", "properties": {"name": "Salt Lake City Social Security Office", "city": "Salt Lake City", "state": "Utah", "type": "Government Hub"}, "geometry": {"type": "Point", "coordinates": [-111.9398, 40.7264]}}, {"type": "Feature", "properties": {"name": "Salt Lake City Civic Center", "city": "Salt Lake City", "state": "Utah", "type": "Government Hub"}, "geometry": {"type": "Point", "coordinates": [-111.8749, 40.7567]}}, {"type": "Feature", "properties": {"name": "Salt Lake City State Office Building", "city": "Salt Lake City", "state": "Utah", "type": "Government Hub"}, "geometry": {"type": "Point", "coordinates": [-111.9038, 40.7284]}}, {"type": "Feature", "properties": {"name": "Salt Lake City Social Security Office", "city": "Salt Lake City", "state": "Utah", "type": "Government Hub"}, "geometry": {"type": "Point", "coordinates": [-111.9046, 40.7279]}}, {"type": "Feature", "properties": {"name": "Tallahassee Social Security Office", "city": "Tallahassee", "state": "Florida", "type": "Government Hub"}, "geometry": {"type": "Point", "coordinates": [-84.2468, 30.4717]}}, {"type": "Feature", "properties": {"name": "Tallahassee Municipal Center", "city": "Tallahassee", "state": "Florida", "type": "Government Hub"}, "geometry": {"type": "Point", "coordinates": [-84.2954, 30.4118]}}, {"type": "Feature", "properties": {"name": "Tallahassee DMV Regional Office", "city": "Tallahassee", "state": "Florida", "type": "Government Hub"}, "geometry": {"type": "Point", "coordinates": [-84.2371, 30.4126]}}, {"type": "Feature", "properties": {"name": "Tallahassee Public Safety Building", "city": "Tallahassee", "state": "Florida", "type": "Government Hub"}, "geometry": {"type": "Point", "coordinates": [-84.2448, 30.4326]}}, {"type": "Feature", "properties": {"name": "Tallahassee Public Safety Building", "city": "Tallahassee", "state": "Florida", "type": "Government Hub"}, "geometry": {"type": "Point", "coordinates": [-84.2609, 30.4267]}}, {"type": "Feature", "properties": {"name": "Huntsville Government Center", "city": "Huntsville", "state": "Alabama", "type": "Government Hub"}, "geometry": {"type": "Point", "coordinates": [-86.6224, 34.7304]}}, {"type": "Feature", "properties": {"name": "Huntsville Government Center", "city": "Huntsville", "state": "Alabama", "type": "Government Hub"}, "geometry": {"type": "Point", "coordinates": [-86.6179, 34.7586]}}, {"type": "Feature", "properties": {"name": "Huntsville State Office Building", "city": "Huntsville", "state": "Alabama", "type": "Government Hub"}, "geometry": {"type": "Point", "coordinates": [-86.5377, 34.7366]}}, {"type": "Feature", "properties": {"name": "Grand Prairie Administrative Center", "city": "Grand Prairie", "state": "Texas", "type": "Government Hub"}, "geometry": {"type": "Point", "coordinates": [-96.9741, 32.7103]}}, {"type": "Feature", "properties": {"name": "Grand Prairie County Courthouse", "city": "Grand Prairie", "state": "Texas", "type": "Government Hub"}, "geometry": {"type": "Point", "coordinates": [-97.0451, 32.7719]}}, {"type": "Feature", "properties": {"name": "Grand Prairie Federal Courthouse", "city": "Grand Prairie", "state": "Texas", "type": "Government Hub"}, "geometry": {"type": "Point", "coordinates": [-96.9925, 32.7799]}}, {"type": "Feature", "properties": {"name": "Grand Prairie DMV Regional Office", "city": "Grand Prairie", "state": "Texas", "type": "Government Hub"}, "geometry": {"type": "Point", "coordinates": [-96.9661, 32.731]}}, {"type": "Feature", "properties": {"name": "Grand Prairie Social Security Office", "city": "Grand Prairie", "state": "Texas", "type": "Government Hub"}, "geometry": {"type": "Point", "coordinates": [-96.9566, 32.7494]}}, {"type": "Feature", "properties": {"name": "Knoxville Post Office", "city": "Knoxville", "state": "Tennessee", "type": "Government Hub"}, "geometry": {"type": "Point", "coordinates": [-83.8794, 35.9811]}}, {"type": "Feature", "properties": {"name": "Knoxville Post Office", "city": "Knoxville", "state": "Tennessee", "type": "Government Hub"}, "geometry": {"type": "Point", "coordinates": [-83.9201, 35.941]}}, {"type": "Feature", "properties": {"name": "Knoxville Public Safety Building", "city": "Knoxville", "state": "Tennessee", "type": "Government Hub"}, "geometry": {"type": "Point", "coordinates": [-83.8999, 35.9617]}}, {"type": "Feature", "properties": {"name": "Worcester County Courthouse", "city": "Worcester", "state": "Massachusetts", "type": "Government Hub"}, "geometry": {"type": "Point", "coordinates": [-71.841, 42.2658]}}, {"type": "Feature", "properties": {"name": "Worcester Municipal Center", "city": "Worcester", "state": "Massachusetts", "type": "Government Hub"}, "geometry": {"type": "Point", "coordinates": [-71.8157, 42.2354]}}, {"type": "Feature", "properties": {"name": "Worcester VA Medical Center", "city": "Worcester", "state": "Massachusetts", "type": "Government Hub"}, "geometry": {"type": "Point", "coordinates": [-71.7743, 42.2364]}}, {"type": "Feature", "properties": {"name": "Worcester County Courthouse", "city": "Worcester", "state": "Massachusetts", "type": "Government Hub"}, "geometry": {"type": "Point", "coordinates": [-71.8246, 42.2761]}}, {"type": "Feature", "properties": {"name": "Worcester IRS Service Center", "city": "Worcester", "state": "Massachusetts", "type": "Government Hub"}, "geometry": {"type": "Point", "coordinates": [-71.8045, 42.2633]}}, {"type": "Feature", "properties": {"name": "Newport News Federal Building", "city": "Newport News", "state": "Virginia", "type": "Government Hub"}, "geometry": {"type": "Point", "coordinates": [-76.4796, 37.1233]}}, {"type": "Feature", "properties": {"name": "Newport News Municipal Center", "city": "Newport News", "state": "Virginia", "type": "Government Hub"}, "geometry": {"type": "Point", "coordinates": [-76.4975, 37.0933]}}, {"type": "Feature", "properties": {"name": "Newport News Civic Center", "city": "Newport News", "state": "Virginia", "type": "Government Hub"}, "geometry": {"type": "Point", "coordinates": [-76.5083, 37.0505]}}, {"type": "Feature", "properties": {"name": "Brownsville Government Center", "city": "Brownsville", "state": "Texas", "type": "Government Hub"}, "geometry": {"type": "Point", "coordinates": [-97.4778, 25.8704]}}, {"type": "Feature", "properties": {"name": "Brownsville State Office Building", "city": "Brownsville", "state": "Texas", "type": "Government Hub"}, "geometry": {"type": "Point", "coordinates": [-97.4818, 25.8685]}}, {"type": "Feature", "properties": {"name": "Brownsville Federal Courthouse", "city": "Brownsville", "state": "Texas", "type": "Government Hub"}, "geometry": {"type": "Point", "coordinates": [-97.4996, 25.9222]}}, {"type": "Feature", "properties": {"name": "Brownsville IRS Service Center", "city": "Brownsville", "state": "Texas", "type": "Government Hub"}, "geometry": {"type": "Point", "coordinates": [-97.5472, 25.9406]}}, {"type": "Feature", "properties": {"name": "Brownsville State Office Building", "city": "Brownsville", "state": "Texas", "type": "Government Hub"}, "geometry": {"type": "Point", "coordinates": [-97.5028, 25.9348]}}, {"type": "Feature", "properties": {"name": "Overland Park VA Medical Center", "city": "Overland Park", "state": "Kansas", "type": "Government Hub"}, "geometry": {"type": "Point", "coordinates": [-94.6772, 38.9507]}}, {"type": "Feature", "properties": {"name": "Overland Park VA Medical Center", "city": "Overland Park", "state": "Kansas", "type": "Government Hub"}, "geometry": {"type": "Point", "coordinates": [-94.6547, 38.9653]}}, {"type": "Feature", "properties": {"name": "Overland Park Administrative Center", "city": "Overland Park", "state": "Kansas", "type": "Government Hub"}, "geometry": {"type": "Point", "coordinates": [-94.6412, 38.9984]}}, {"type": "Feature", "properties": {"name": "Santa Clarita Administrative Center", "city": "Santa Clarita", "state": "California", "type": "Government Hub"}, "geometry": {"type": "Point", "coordinates": [-118.5645, 34.3792]}}, {"type": "Feature", "properties": {"name": "Santa Clarita IRS Service Center", "city": "Santa Clarita", "state": "California", "type": "Government Hub"}, "geometry": {"type": "Point", "coordinates": [-118.5396, 34.352]}}, {"type": "Feature", "properties": {"name": "Providence City Hall", "city": "Providence", "state": "Rhode Island", "type": "Government Hub"}, "geometry": {"type": "Point", "coordinates": [-71.467, 41.8416]}}, {"type": "Feature", "properties": {"name": "Providence State Office Building", "city": "Providence", "state": "Rhode Island", "type": "Government Hub"}, "geometry": {"type": "Point", "coordinates": [-71.4431, 41.8514]}}, {"type": "Feature", "properties": {"name": "Garden Grove DMV Regional Office", "city": "Garden Grove", "state": "California", "type": "Government Hub"}, "geometry": {"type": "Point", "coordinates": [-117.945, 33.7667]}}, {"type": "Feature", "properties": {"name": "Garden Grove VA Medical Center", "city": "Garden Grove", "state": "California", "type": "Government Hub"}, "geometry": {"type": "Point", "coordinates": [-117.9816, 33.7681]}}, {"type": "Feature", "properties": {"name": "Garden Grove DMV Regional Office", "city": "Garden Grove", "state": "California", "type": "Government Hub"}, "geometry": {"type": "Point", "coordinates": [-117.9299, 33.7879]}}, {"type": "Feature", "properties": {"name": "Chattanooga Municipal Center", "city": "Chattanooga", "state": "Tennessee", "type": "Government Hub"}, "geometry": {"type": "Point", "coordinates": [-85.2957, 35.0154]}}, {"type": "Feature", "properties": {"name": "Chattanooga IRS Service Center", "city": "Chattanooga", "state": "Tennessee", "type": "Government Hub"}, "geometry": {"type": "Point", "coordinates": [-85.2905, 35.079]}}, {"type": "Feature", "properties": {"name": "Chattanooga IRS Service Center", "city": "Chattanooga", "state": "Tennessee", "type": "Government Hub"}, "geometry": {"type": "Point", "coordinates": [-85.3562, 35.0751]}}, {"type": "Feature", "properties": {"name": "Oceanside VA Medical Center", "city": "Oceanside", "state": "California", "type": "Government Hub"}, "geometry": {"type": "Point", "coordinates": [-117.4038, 33.173]}}, {"type": "Feature", "properties": {"name": "Oceanside Public Safety Building", "city": "Oceanside", "state": "California", "type": "Government Hub"}, "geometry": {"type": "Point", "coordinates": [-117.3912, 33.2275]}}, {"type": "Feature", "properties": {"name": "Oceanside Social Security Office", "city": "Oceanside", "state": "California", "type": "Government Hub"}, "geometry": {"type": "Point", "coordinates": [-117.4333, 33.1834]}}, {"type": "Feature", "properties": {"name": "Oceanside Post Office", "city": "Oceanside", "state": "California", "type": "Government Hub"}, "geometry": {"type": "Point", "coordinates": [-117.4057, 33.1696]}}, {"type": "Feature", "properties": {"name": "Oceanside Federal Building", "city": "Oceanside", "state": "California", "type": "Government Hub"}, "geometry": {"type": "Point", "coordinates": [-117.3715, 33.1665]}}, {"type": "Feature", "properties": {"name": "Jackson County Courthouse", "city": "Jackson", "state": "Mississippi", "type": "Government Hub"}, "geometry": {"type": "Point", "coordinates": [-90.2127, 32.2959]}}, {"type": "Feature", "properties": {"name": "Jackson County Courthouse", "city": "Jackson", "state": "Mississippi", "type": "Government Hub"}, "geometry": {"type": "Point", "coordinates": [-90.2261, 32.2844]}}, {"type": "Feature", "properties": {"name": "Fort Lauderdale Public Safety Building", "city": "Fort Lauderdale", "state": "Florida", "type": "Government Hub"}, "geometry": {"type": "Point", "coordinates": [-80.1779, 26.1357]}}, {"type": "Feature", "properties": {"name": "Fort Lauderdale County Courthouse", "city": "Fort Lauderdale", "state": "Florida", "type": "Government Hub"}, "geometry": {"type": "Point", "coordinates": [-80.0991, 26.0983]}}, {"type": "Feature", "properties": {"name": "Santa Rosa Post Office", "city": "Santa Rosa", "state": "California", "type": "Government Hub"}, "geometry": {"type": "Point", "coordinates": [-122.7383, 38.4032]}}, {"type": "Feature", "properties": {"name": "Santa Rosa Government Center", "city": "Santa Rosa", "state": "California", "type": "Government Hub"}, "geometry": {"type": "Point", "coordinates": [-122.6695, 38.475]}}, {"type": "Feature", "properties": {"name": "Santa Rosa City Hall", "city": "Santa Rosa", "state": "California", "type": "Government Hub"}, "geometry": {"type": "Point", "coordinates": [-122.7163, 38.4423]}}, {"type": "Feature", "properties": {"name": "Rancho Cucamonga City Hall", "city": "Rancho Cucamonga", "state": "California", "type": "Government Hub"}, "geometry": {"type": "Point", "coordinates": [-117.571, 34.0883]}}, {"type": "Feature", "properties": {"name": "Rancho Cucamonga Government Center", "city": "Rancho Cucamonga", "state": "California", "type": "Government Hub"}, "geometry": {"type": "Point", "coordinates": [-117.6087, 34.126]}}, {"type": "Feature", "properties": {"name": "Rancho Cucamonga Social Security Office", "city": "Rancho Cucamonga", "state": "California", "type": "Government Hub"}, "geometry": {"type": "Point", "coordinates": [-117.5449, 34.1348]}}, {"type": "Feature", "properties": {"name": "Rancho Cucamonga Public Safety Building", "city": "Rancho Cucamonga", "state": "California", "type": "Government Hub"}, "geometry": {"type": "Point", "coordinates": [-117.601, 34.0875]}}, {"type": "Feature", "properties": {"name": "Port St. Lucie County Courthouse", "city": "Port St. Lucie", "state": "Florida", "type": "Government Hub"}, "geometry": {"type": "Point", "coordinates": [-80.3746, 27.264]}}, {"type": "Feature", "properties": {"name": "Port St. Lucie Federal Building", "city": "Port St. Lucie", "state": "Florida", "type": "Government Hub"}, "geometry": {"type": "Point", "coordinates": [-80.3094, 27.2928]}}, {"type": "Feature", "properties": {"name": "Port St. Lucie VA Medical Center", "city": "Port St. Lucie", "state": "Florida", "type": "Government Hub"}, "geometry": {"type": "Point", "coordinates": [-80.3371, 27.2499]}}, {"type": "Feature", "properties": {"name": "Port St. Lucie State Office Building", "city": "Port St. Lucie", "state": "Florida", "type": "Government Hub"}, "geometry": {"type": "Point", "coordinates": [-80.3145, 27.26]}}, {"type": "Feature", "properties": {"name": "Port St. Lucie Post Office", "city": "Port St. Lucie", "state": "Florida", "type": "Government Hub"}, "geometry": {"type": "Point", "coordinates": [-80.3898, 27.2741]}}, {"type": "Feature", "properties": {"name": "Tempe City Hall", "city": "Tempe", "state": "Arizona", "type": "Government Hub"}, "geometry": {"type": "Point", "coordinates": [-111.8866, 33.4135]}}, {"type": "Feature", "properties": {"name": "Tempe DMV Regional Office", "city": "Tempe", "state": "Arizona", "type": "Government Hub"}, "geometry": {"type": "Point", "coordinates": [-111.8949, 33.4534]}}, {"type": "Feature", "properties": {"name": "Tempe County Courthouse", "city": "Tempe", "state": "Arizona", "type": "Government Hub"}, "geometry": {"type": "Point", "coordinates": [-111.9082, 33.406]}}, {"type": "Feature", "properties": {"name": "Tempe IRS Service Center", "city": "Tempe", "state": "Arizona", "type": "Government Hub"}, "geometry": {"type": "Point", "coordinates": [-111.9789, 33.3857]}}, {"type": "Feature", "properties": {"name": "Tempe State Office Building", "city": "Tempe", "state": "Arizona", "type": "Government Hub"}, "geometry": {"type": "Point", "coordinates": [-111.9524, 33.4036]}}, {"type": "Feature", "properties": {"name": "Ontario Administrative Center", "city": "Ontario", "state": "California", "type": "Government Hub"}, "geometry": {"type": "Point", "coordinates": [-117.6482, 34.0867]}}, {"type": "Feature", "properties": {"name": "Ontario County Courthouse", "city": "Ontario", "state": "California", "type": "Government Hub"}, "geometry": {"type": "Point", "coordinates": [-117.6143, 34.0865]}}, {"type": "Feature", "properties": {"name": "Ontario Municipal Center", "city": "Ontario", "state": "California", "type": "Government Hub"}, "geometry": {"type": "Point", "coordinates": [-117.7032, 34.0627]}}, {"type": "Feature", "properties": {"name": "Vancouver City Hall", "city": "Vancouver", "state": "Washington", "type": "Government Hub"}, "geometry": {"type": "Point", "coordinates": [-122.7157, 45.6034]}}, {"type": "Feature", "properties": {"name": "Vancouver Administrative Center", "city": "Vancouver", "state": "Washington", "type": "Government Hub"}, "geometry": {"type": "Point", "coordinates": [-122.6245, 45.6692]}}, {"type": "Feature", "properties": {"name": "Vancouver City Hall", "city": "Vancouver", "state": "Washington", "type": "Government Hub"}, "geometry": {"type": "Point", "coordinates": [-122.714, 45.6745]}}, {"type": "Feature", "properties": {"name": "Vancouver Federal Building", "city": "Vancouver", "state": "Washington", "type": "Government Hub"}, "geometry": {"type": "Point", "coordinates": [-122.6458, 45.6402]}}, {"type": "Feature", "properties": {"name": "Vancouver Public Safety Building", "city": "Vancouver", "state": "Washington", "type": "Government Hub"}, "geometry": {"type": "Point", "coordinates": [-122.6733, 45.6528]}}, {"type": "Feature", "properties": {"name": "Cape Coral Federal Building", "city": "Cape Coral", "state": "Florida", "type": "Government Hub"}, "geometry": {"type": "Point", "coordinates": [-81.9372, 26.5633]}}, {"type": "Feature", "properties": {"name": "Cape Coral City Hall", "city": "Cape Coral", "state": "Florida", "type": "Government Hub"}, "geometry": {"type": "Point", "coordinates": [-81.9994, 26.5556]}}, {"type": "Feature", "properties": {"name": "Cape Coral City Hall", "city": "Cape Coral", "state": "Florida", "type": "Government Hub"}, "geometry": {"type": "Point", "coordinates": [-81.9343, 26.5958]}}, {"type": "Feature", "properties": {"name": "Cape Coral Government Center", "city": "Cape Coral", "state": "Florida", "type": "Government Hub"}, "geometry": {"type": "Point", "coordinates": [-82.0003, 26.553]}}, {"type": "Feature", "properties": {"name": "Cape Coral DMV Regional Office", "city": "Cape Coral", "state": "Florida", "type": "Government Hub"}, "geometry": {"type": "Point", "coordinates": [-81.9471, 26.598]}}, {"type": "Feature", "properties": {"name": "Sioux Falls Federal Building", "city": "Sioux Falls", "state": "South Dakota", "type": "Government Hub"}, "geometry": {"type": "Point", "coordinates": [-96.7584, 43.5528]}}, {"type": "Feature", "properties": {"name": "Sioux Falls Public Safety Building", "city": "Sioux Falls", "state": "South Dakota", "type": "Government Hub"}, "geometry": {"type": "Point", "coordinates": [-96.7026, 43.539]}}, {"type": "Feature", "properties": {"name": "Sioux Falls IRS Service Center", "city": "Sioux Falls", "state": "South Dakota", "type": "Government Hub"}, "geometry": {"type": "Point", "coordinates": [-96.7698, 43.5395]}}, {"type": "Feature", "properties": {"name": "Springfield DMV Regional Office", "city": "Springfield", "state": "Missouri", "type": "Government Hub"}, "geometry": {"type": "Point", "coordinates": [-93.2804, 37.1869]}}, {"type": "Feature", "properties": {"name": "Springfield IRS Service Center", "city": "Springfield", "state": "Missouri", "type": "Government Hub"}, "geometry": {"type": "Point", "coordinates": [-93.2701, 37.1763]}}, {"type": "Feature", "properties": {"name": "Peoria Social Security Office", "city": "Peoria", "state": "Arizona", "type": "Government Hub"}, "geometry": {"type": "Point", "coordinates": [-112.2836, 33.5776]}}, {"type": "Feature", "properties": {"name": "Peoria DMV Regional Office", "city": "Peoria", "state": "Arizona", "type": "Government Hub"}, "geometry": {"type": "Point", "coordinates": [-112.2247, 33.5631]}}, {"type": "Feature", "properties": {"name": "Peoria Public Safety Building", "city": "Peoria", "state": "Arizona", "type": "Government Hub"}, "geometry": {"type": "Point", "coordinates": [-112.2764, 33.5464]}}, {"type": "Feature", "properties": {"name": "Peoria Public Safety Building", "city": "Peoria", "state": "Arizona", "type": "Government Hub"}, "geometry": {"type": "Point", "coordinates": [-112.2028, 33.6106]}}, {"type": "Feature", "properties": {"name": "Peoria Municipal Center", "city": "Peoria", "state": "Arizona", "type": "Government Hub"}, "geometry": {"type": "Point", "coordinates": [-112.1962, 33.5949]}}, {"type": "Feature", "properties": {"name": "Pembroke Pines Federal Building", "city": "Pembroke Pines", "state": "Florida", "type": "Government Hub"}, "geometry": {"type": "Point", "coordinates": [-80.2568, 26.0062]}}, {"type": "Feature", "properties": {"name": "Pembroke Pines State Office Building", "city": "Pembroke Pines", "state": "Florida", "type": "Government Hub"}, "geometry": {"type": "Point", "coordinates": [-80.3354, 26.0277]}}, {"type": "Feature", "properties": {"name": "Pembroke Pines VA Medical Center", "city": "Pembroke Pines", "state": "Florida", "type": "Government Hub"}, "geometry": {"type": "Point", "coordinates": [-80.2928, 25.9873]}}, {"type": "Feature", "properties": {"name": "Pembroke Pines State Office Building", "city": "Pembroke Pines", "state": "Florida", "type": "Government Hub"}, "geometry": {"type": "Point", "coordinates": [-80.288, 26.0058]}}, {"type": "Feature", "properties": {"name": "Pembroke Pines VA Medical Center", "city": "Pembroke Pines", "state": "Florida", "type": "Government Hub"}, "geometry": {"type": "Point", "coordinates": [-80.3333, 26.043]}}, {"type": "Feature", "properties": {"name": "Elk Grove VA Medical Center", "city": "Elk Grove", "state": "California", "type": "Government Hub"}, "geometry": {"type": "Point", "coordinates": [-121.3545, 38.3968]}}, {"type": "Feature", "properties": {"name": "Elk Grove Government Center", "city": "Elk Grove", "state": "California", "type": "Government Hub"}, "geometry": {"type": "Point", "coordinates": [-121.382, 38.4131]}}, {"type": "Feature", "properties": {"name": "Elk Grove IRS Service Center", "city": "Elk Grove", "state": "California", "type": "Government Hub"}, "geometry": {"type": "Point", "coordinates": [-121.4054, 38.4236]}}, {"type": "Feature", "properties": {"name": "Elk Grove County Courthouse", "city": "Elk Grove", "state": "California", "type": "Government Hub"}, "geometry": {"type": "Point", "coordinates": [-121.386, 38.3887]}}, {"type": "Feature", "properties": {"name": "Salem Government Center", "city": "Salem", "state": "Oregon", "type": "Government Hub"}, "geometry": {"type": "Point", "coordinates": [-123.0027, 44.9762]}}, {"type": "Feature", "properties": {"name": "Salem VA Medical Center", "city": "Salem", "state": "Oregon", "type": "Government Hub"}, "geometry": {"type": "Point", "coordinates": [-123.0344, 44.9578]}}, {"type": "Feature", "properties": {"name": "Salem Administrative Center", "city": "Salem", "state": "Oregon", "type": "Government Hub"}, "geometry": {"type": "Point", "coordinates": [-123.0275, 44.9257]}}, {"type": "Feature", "properties": {"name": "Salem VA Medical Center", "city": "Salem", "state": "Oregon", "type": "Government Hub"}, "geometry": {"type": "Point", "coordinates": [-123.0494, 44.9592]}}, {"type": "Feature", "properties": {"name": "Lancaster Administrative Center", "city": "Lancaster", "state": "California", "type": "Government Hub"}, "geometry": {"type": "Point", "coordinates": [-118.1688, 34.6627]}}, {"type": "Feature", "properties": {"name": "Lancaster Municipal Center", "city": "Lancaster", "state": "California", "type": "Government Hub"}, "geometry": {"type": "Point", "coordinates": [-118.1836, 34.7063]}}, {"type": "Feature", "properties": {"name": "Lancaster Federal Courthouse", "city": "Lancaster", "state": "California", "type": "Government Hub"}, "geometry": {"type": "Point", "coordinates": [-118.2022, 34.7172]}}, {"type": "Feature", "properties": {"name": "Corona Municipal Center", "city": "Corona", "state": "California", "type": "Government Hub"}, "geometry": {"type": "Point", "coordinates": [-117.5146, 33.863]}}, {"type": "Feature", "properties": {"name": "Corona Federal Courthouse", "city": "Corona", "state": "California", "type": "Government Hub"}, "geometry": {"type": "Point", "coordinates": [-117.5152, 33.8927]}}, {"type": "Feature", "properties": {"name": "Corona Federal Building", "city": "Corona", "state": "California", "type": "Government Hub"}, "geometry": {"type": "Point", "coordinates": [-117.607, 33.8713]}}, {"type": "Feature", "properties": {"name": "Eugene County Courthouse", "city": "Eugene", "state": "Oregon", "type": "Government Hub"}, "geometry": {"type": "Point", "coordinates": [-123.1281, 44.0451]}}, {"type": "Feature", "properties": {"name": "Eugene State Office Building", "city": "Eugene", "state": "Oregon", "type": "Government Hub"}, "geometry": {"type": "Point", "coordinates": [-123.0626, 44.0785]}}, {"type": "Feature", "properties": {"name": "Eugene Administrative Center", "city": "Eugene", "state": "Oregon", "type": "Government Hub"}, "geometry": {"type": "Point", "coordinates": [-123.0806, 44.0794]}}, {"type": "Feature", "properties": {"name": "Palmdale State Office Building", "city": "Palmdale", "state": "California", "type": "Government Hub"}, "geometry": {"type": "Point", "coordinates": [-118.1252, 34.5845]}}, {"type": "Feature", "properties": {"name": "Palmdale Post Office", "city": "Palmdale", "state": "California", "type": "Government Hub"}, "geometry": {"type": "Point", "coordinates": [-118.0748, 34.5937]}}, {"type": "Feature", "properties": {"name": "Palmdale VA Medical Center", "city": "Palmdale", "state": "California", "type": "Government Hub"}, "geometry": {"type": "Point", "coordinates": [-118.1262, 34.6099]}}, {"type": "Feature", "properties": {"name": "Palmdale Government Center", "city": "Palmdale", "state": "California", "type": "Government Hub"}, "geometry": {"type": "Point", "coordinates": [-118.1337, 34.5895]}}, {"type": "Feature", "properties": {"name": "Palmdale Federal Courthouse", "city": "Palmdale", "state": "California", "type": "Government Hub"}, "geometry": {"type": "Point", "coordinates": [-118.1169, 34.6061]}}, {"type": "Feature", "properties": {"name": "Salinas Social Security Office", "city": "Salinas", "state": "California", "type": "Government Hub"}, "geometry": {"type": "Point", "coordinates": [-121.6511, 36.6966]}}, {"type": "Feature", "properties": {"name": "Salinas State Office Building", "city": "Salinas", "state": "California", "type": "Government Hub"}, "geometry": {"type": "Point", "coordinates": [-121.6229, 36.6986]}}, {"type": "Feature", "properties": {"name": "Springfield County Courthouse", "city": "Springfield", "state": "Massachusetts", "type": "Government Hub"}, "geometry": {"type": "Point", "coordinates": [-72.5385, 42.13]}}, {"type": "Feature", "properties": {"name": "Springfield Federal Courthouse", "city": "Springfield", "state": "Massachusetts", "type": "Government Hub"}, "geometry": {"type": "Point", "coordinates": [-72.6096, 42.1237]}}, {"type": "Feature", "properties": {"name": "Pasadena Social Security Office", "city": "Pasadena", "state": "Texas", "type": "Government Hub"}, "geometry": {"type": "Point", "coordinates": [-95.1675, 29.6988]}}, {"type": "Feature", "properties": {"name": "Pasadena State Office Building", "city": "Pasadena", "state": "Texas", "type": "Government Hub"}, "geometry": {"type": "Point", "coordinates": [-95.1767, 29.7181]}}, {"type": "Feature", "properties": {"name": "Pasadena IRS Service Center", "city": "Pasadena", "state": "Texas", "type": "Government Hub"}, "geometry": {"type": "Point", "coordinates": [-95.2398, 29.719]}}, {"type": "Feature", "properties": {"name": "Pasadena City Hall", "city": "Pasadena", "state": "Texas", "type": "Government Hub"}, "geometry": {"type": "Point", "coordinates": [-95.1866, 29.6584]}}, {"type": "Feature", "properties": {"name": "Fort Collins IRS Service Center", "city": "Fort Collins", "state": "Colorado", "type": "Government Hub"}, "geometry": {"type": "Point", "coordinates": [-105.1191, 40.5898]}}, {"type": "Feature", "properties": {"name": "Fort Collins VA Medical Center", "city": "Fort Collins", "state": "Colorado", "type": "Government Hub"}, "geometry": {"type": "Point", "coordinates": [-105.0368, 40.5596]}}, {"type": "Feature", "properties": {"name": "Fort Collins VA Medical Center", "city": "Fort Collins", "state": "Colorado", "type": "Government Hub"}, "geometry": {"type": "Point", "coordinates": [-105.0704, 40.591]}}, {"type": "Feature", "properties": {"name": "Fort Collins Federal Courthouse", "city": "Fort Collins", "state": "Colorado", "type": "Government Hub"}, "geometry": {"type": "Point", "coordinates": [-105.051, 40.5703]}}, {"type": "Feature", "properties": {"name": "Fort Collins State Office Building", "city": "Fort Collins", "state": "Colorado", "type": "Government Hub"}, "geometry": {"type": "Point", "coordinates": [-105.1084, 40.621]}}, {"type": "Feature", "properties": {"name": "Hayward Federal Courthouse", "city": "Hayward", "state": "California", "type": "Government Hub"}, "geometry": {"type": "Point", "coordinates": [-122.0685, 37.6683]}}, {"type": "Feature", "properties": {"name": "Hayward VA Medical Center", "city": "Hayward", "state": "California", "type": "Government Hub"}, "geometry": {"type": "Point", "coordinates": [-122.1084, 37.637]}}, {"type": "Feature", "properties": {"name": "Hayward VA Medical Center", "city": "Hayward", "state": "California", "type": "Government Hub"}, "geometry": {"type": "Point", "coordinates": [-122.086, 37.6638]}}, {"type": "Feature", "properties": {"name": "Hayward County Courthouse", "city": "Hayward", "state": "California", "type": "Government Hub"}, "geometry": {"type": "Point", "coordinates": [-122.0702, 37.6475]}}, {"type": "Feature", "properties": {"name": "Pomona Administrative Center", "city": "Pomona", "state": "California", "type": "Government Hub"}, "geometry": {"type": "Point", "coordinates": [-117.7209, 34.0507]}}, {"type": "Feature", "properties": {"name": "Pomona Municipal Center", "city": "Pomona", "state": "California", "type": "Government Hub"}, "geometry": {"type": "Point", "coordinates": [-117.7143, 34.0306]}}, {"type": "Feature", "properties": {"name": "Pomona Public Safety Building", "city": "Pomona", "state": "California", "type": "Government Hub"}, "geometry": {"type": "Point", "coordinates": [-117.782, 34.0592]}}, {"type": "Feature", "properties": {"name": "Cary County Courthouse", "city": "Cary", "state": "North Carolina", "type": "Government Hub"}, "geometry": {"type": "Point", "coordinates": [-78.7271, 35.818]}}, {"type": "Feature", "properties": {"name": "Cary Social Security Office", "city": "Cary", "state": "North Carolina", "type": "Government Hub"}, "geometry": {"type": "Point", "coordinates": [-78.7744, 35.8276]}}, {"type": "Feature", "properties": {"name": "Cary Administrative Center", "city": "Cary", "state": "North Carolina", "type": "Government Hub"}, "geometry": {"type": "Point", "coordinates": [-78.7751, 35.7771]}}, {"type": "Feature", "properties": {"name": "Rockford DMV Regional Office", "city": "Rockford", "state": "Illinois", "type": "Government Hub"}, "geometry": {"type": "Point", "coordinates": [-89.1361, 42.2642]}}, {"type": "Feature", "properties": {"name": "Rockford Municipal Center", "city": "Rockford", "state": "Illinois", "type": "Government Hub"}, "geometry": {"type": "Point", "coordinates": [-89.09, 42.2709]}}, {"type": "Feature", "properties": {"name": "Rockford Municipal Center", "city": "Rockford", "state": "Illinois", "type": "Government Hub"}, "geometry": {"type": "Point", "coordinates": [-89.0435, 42.3096]}}, {"type": "Feature", "properties": {"name": "Alexandria Federal Building", "city": "Alexandria", "state": "Virginia", "type": "Government Hub"}, "geometry": {"type": "Point", "coordinates": [-77.0804, 38.8035]}}, {"type": "Feature", "properties": {"name": "Alexandria Federal Building", "city": "Alexandria", "state": "Virginia", "type": "Government Hub"}, "geometry": {"type": "Point", "coordinates": [-77.0247, 38.7664]}}, {"type": "Feature", "properties": {"name": "Alexandria DMV Regional Office", "city": "Alexandria", "state": "Virginia", "type": "Government Hub"}, "geometry": {"type": "Point", "coordinates": [-76.9951, 38.81]}}, {"type": "Feature", "properties": {"name": "Alexandria VA Medical Center", "city": "Alexandria", "state": "Virginia", "type": "Government Hub"}, "geometry": {"type": "Point", "coordinates": [-77.0245, 38.7933]}}, {"type": "Feature", "properties": {"name": "Alexandria City Hall", "city": "Alexandria", "state": "Virginia", "type": "Government Hub"}, "geometry": {"type": "Point", "coordinates": [-77.0693, 38.808]}}, {"type": "Feature", "properties": {"name": "Escondido Federal Courthouse", "city": "Escondido", "state": "California", "type": "Government Hub"}, "geometry": {"type": "Point", "coordinates": [-117.0539, 33.155]}}, {"type": "Feature", "properties": {"name": "Escondido Public Safety Building", "city": "Escondido", "state": "California", "type": "Government Hub"}, "geometry": {"type": "Point", "coordinates": [-117.1108, 33.1152]}}, {"type": "Feature", "properties": {"name": "Escondido Civic Center", "city": "Escondido", "state": "California", "type": "Government Hub"}, "geometry": {"type": "Point", "coordinates": [-117.1085, 33.1445]}}, {"type": "Feature", "properties": {"name": "Escondido Social Security Office", "city": "Escondido", "state": "California", "type": "Government Hub"}, "geometry": {"type": "Point", "coordinates": [-117.0855, 33.1454]}}, {"type": "Feature", "properties": {"name": "Escondido DMV Regional Office", "city": "Escondido", "state": "California", "type": "Government Hub"}, "geometry": {"type": "Point", "coordinates": [-117.0781, 33.1013]}}, {"type": "Feature", "properties": {"name": "McKinney IRS Service Center", "city": "McKinney", "state": "Texas", "type": "Government Hub"}, "geometry": {"type": "Point", "coordinates": [-96.6788, 33.2336]}}, {"type": "Feature", "properties": {"name": "McKinney Social Security Office", "city": "McKinney", "state": "Texas", "type": "Government Hub"}, "geometry": {"type": "Point", "coordinates": [-96.6316, 33.2236]}}, {"type": "Feature", "properties": {"name": "McKinney State Office Building", "city": "McKinney", "state": "Texas", "type": "Government Hub"}, "geometry": {"type": "Point", "coordinates": [-96.6366, 33.2268]}}, {"type": "Feature", "properties": {"name": "Kansas City Post Office", "city": "Kansas City", "state": "Kansas", "type": "Government Hub"}, "geometry": {"type": "Point", "coordinates": [-94.6486, 39.1469]}}, {"type": "Feature", "properties": {"name": "Kansas City DMV Regional Office", "city": "Kansas City", "state": "Kansas", "type": "Government Hub"}, "geometry": {"type": "Point", "coordinates": [-94.6814, 39.0898]}}, {"type": "Feature", "properties": {"name": "Joliet IRS Service Center", "city": "Joliet", "state": "Illinois", "type": "Government Hub"}, "geometry": {"type": "Point", "coordinates": [-88.0695, 41.5543]}}, {"type": "Feature", "properties": {"name": "Joliet DMV Regional Office", "city": "Joliet", "state": "Illinois", "type": "Government Hub"}, "geometry": {"type": "Point", "coordinates": [-88.1103, 41.4897]}}, {"type": "Feature", "properties": {"name": "Sunnyvale Federal Building", "city": "Sunnyvale", "state": "California", "type": "Government Hub"}, "geometry": {"type": "Point", "coordinates": [-122.0585, 37.3525]}}, {"type": "Feature", "properties": {"name": "Sunnyvale City Hall", "city": "Sunnyvale", "state": "California", "type": "Government Hub"}, "geometry": {"type": "Point", "coordinates": [-122.0324, 37.3667]}}, {"type": "Feature", "properties": {"name": "Sunnyvale Social Security Office", "city": "Sunnyvale", "state": "California", "type": "Government Hub"}, "geometry": {"type": "Point", "coordinates": [-122.0339, 37.3943]}}, {"type": "Feature", "properties": {"name": "Sunnyvale County Courthouse", "city": "Sunnyvale", "state": "California", "type": "Government Hub"}, "geometry": {"type": "Point", "coordinates": [-122.0013, 37.385]}}, {"type": "Feature", "properties": {"name": "Torrance Post Office", "city": "Torrance", "state": "California", "type": "Government Hub"}, "geometry": {"type": "Point", "coordinates": [-118.3202, 33.834]}}, {"type": "Feature", "properties": {"name": "Torrance Post Office", "city": "Torrance", "state": "California", "type": "Government Hub"}, "geometry": {"type": "Point", "coordinates": [-118.2985, 33.8508]}}, {"type": "Feature", "properties": {"name": "Bridgeport Municipal Center", "city": "Bridgeport", "state": "Connecticut", "type": "Government Hub"}, "geometry": {"type": "Point", "coordinates": [-73.2402, 41.1574]}}, {"type": "Feature", "properties": {"name": "Bridgeport VA Medical Center", "city": "Bridgeport", "state": "Connecticut", "type": "Government Hub"}, "geometry": {"type": "Point", "coordinates": [-73.1577, 41.1922]}}, {"type": "Feature", "properties": {"name": "Bridgeport Municipal Center", "city": "Bridgeport", "state": "Connecticut", "type": "Government Hub"}, "geometry": {"type": "Point", "coordinates": [-73.2428, 41.1546]}}, {"type": "Feature", "properties": {"name": "Bridgeport Federal Building", "city": "Bridgeport", "state": "Connecticut", "type": "Government Hub"}, "geometry": {"type": "Point", "coordinates": [-73.2089, 41.1953]}}, {"type": "Feature", "properties": {"name": "Bridgeport Federal Courthouse", "city": "Bridgeport", "state": "Connecticut", "type": "Government Hub"}, "geometry": {"type": "Point", "coordinates": [-73.2093, 41.1532]}}, {"type": "Feature", "properties": {"name": "Lakewood Federal Courthouse", "city": "Lakewood", "state": "Colorado", "type": "Government Hub"}, "geometry": {"type": "Point", "coordinates": [-105.0942, 39.6708]}}, {"type": "Feature", "properties": {"name": "Lakewood VA Medical Center", "city": "Lakewood", "state": "Colorado", "type": "Government Hub"}, "geometry": {"type": "Point", "coordinates": [-105.0991, 39.7195]}}, {"type": "Feature", "properties": {"name": "Lakewood VA Medical Center", "city": "Lakewood", "state": "Colorado", "type": "Government Hub"}, "geometry": {"type": "Point", "coordinates": [-105.0304, 39.7059]}}, {"type": "Feature", "properties": {"name": "Hollywood VA Medical Center", "city": "Hollywood", "state": "Florida", "type": "Government Hub"}, "geometry": {"type": "Point", "coordinates": [-80.1507, 25.9792]}}, {"type": "Feature", "properties": {"name": "Hollywood Federal Courthouse", "city": "Hollywood", "state": "Florida", "type": "Government Hub"}, "geometry": {"type": "Point", "coordinates": [-80.1443, 26.0437]}}, {"type": "Feature", "properties": {"name": "Hollywood County Courthouse", "city": "Hollywood", "state": "Florida", "type": "Government Hub"}, "geometry": {"type": "Point", "coordinates": [-80.1796, 26.0352]}}, {"type": "Feature", "properties": {"name": "Hollywood DMV Regional Office", "city": "Hollywood", "state": "Florida", "type": "Government Hub"}, "geometry": {"type": "Point", "coordinates": [-80.1257, 25.9746]}}, {"type": "Feature", "properties": {"name": "Hollywood Social Security Office", "city": "Hollywood", "state": "Florida", "type": "Government Hub"}, "geometry": {"type": "Point", "coordinates": [-80.1999, 25.9817]}}, {"type": "Feature", "properties": {"name": "Paterson IRS Service Center", "city": "Paterson", "state": "New Jersey", "type": "Government Hub"}, "geometry": {"type": "Point", "coordinates": [-74.2154, 40.8899]}}, {"type": "Feature", "properties": {"name": "Paterson Administrative Center", "city": "Paterson", "state": "New Jersey", "type": "Government Hub"}, "geometry": {"type": "Point", "coordinates": [-74.1256, 40.8985]}}, {"type": "Feature", "properties": {"name": "Paterson Social Security Office", "city": "Paterson", "state": "New Jersey", "type": "Government Hub"}, "geometry": {"type": "Point", "coordinates": [-74.2127, 40.9343]}}, {"type": "Feature", "properties": {"name": "Paterson City Hall", "city": "Paterson", "state": "New Jersey", "type": "Government Hub"}, "geometry": {"type": "Point", "coordinates": [-74.2201, 40.9151]}}, {"type": "Feature", "properties": {"name": "Naperville IRS Service Center", "city": "Naperville", "state": "Illinois", "type": "Government Hub"}, "geometry": {"type": "Point", "coordinates": [-88.1675, 41.7609]}}, {"type": "Feature", "properties": {"name": "Naperville VA Medical Center", "city": "Naperville", "state": "Illinois", "type": "Government Hub"}, "geometry": {"type": "Point", "coordinates": [-88.152, 41.7723]}}, {"type": "Feature", "properties": {"name": "Syracuse Government Center", "city": "Syracuse", "state": "New York", "type": "Government Hub"}, "geometry": {"type": "Point", "coordinates": [-76.1854, 43.0413]}}, {"type": "Feature", "properties": {"name": "Syracuse DMV Regional Office", "city": "Syracuse", "state": "New York", "type": "Government Hub"}, "geometry": {"type": "Point", "coordinates": [-76.1161, 43.0598]}}, {"type": "Feature", "properties": {"name": "Syracuse IRS Service Center", "city": "Syracuse", "state": "New York", "type": "Government Hub"}, "geometry": {"type": "Point", "coordinates": [-76.1551, 43.0588]}}, {"type": "Feature", "properties": {"name": "Syracuse Government Center", "city": "Syracuse", "state": "New York", "type": "Government Hub"}, "geometry": {"type": "Point", "coordinates": [-76.1096, 43.0689]}}, {"type": "Feature", "properties": {"name": "Syracuse VA Medical Center", "city": "Syracuse", "state": "New York", "type": "Government Hub"}, "geometry": {"type": "Point", "coordinates": [-76.1383, 43.0236]}}, {"type": "Feature", "properties": {"name": "Mesquite City Hall", "city": "Mesquite", "state": "Texas", "type": "Government Hub"}, "geometry": {"type": "Point", "coordinates": [-96.6143, 32.7599]}}, {"type": "Feature", "properties": {"name": "Mesquite County Courthouse", "city": "Mesquite", "state": "Texas", "type": "Government Hub"}, "geometry": {"type": "Point", "coordinates": [-96.6287, 32.7274]}}, {"type": "Feature", "properties": {"name": "Dayton Municipal Center", "city": "Dayton", "state": "Ohio", "type": "Government Hub"}, "geometry": {"type": "Point", "coordinates": [-84.1495, 39.7555]}}, {"type": "Feature", "properties": {"name": "Dayton IRS Service Center", "city": "Dayton", "state": "Ohio", "type": "Government Hub"}, "geometry": {"type": "Point", "coordinates": [-84.1847, 39.7331]}}, {"type": "Feature", "properties": {"name": "Dayton Government Center", "city": "Dayton", "state": "Ohio", "type": "Government Hub"}, "geometry": {"type": "Point", "coordinates": [-84.2038, 39.723]}}, {"type": "Feature", "properties": {"name": "Dayton VA Medical Center", "city": "Dayton", "state": "Ohio", "type": "Government Hub"}, "geometry": {"type": "Point", "coordinates": [-84.2245, 39.7479]}}, {"type": "Feature", "properties": {"name": "Savannah Federal Building", "city": "Savannah", "state": "Georgia", "type": "Government Hub"}, "geometry": {"type": "Point", "coordinates": [-81.151, 32.0677]}}, {"type": "Feature", "properties": {"name": "Savannah Social Security Office", "city": "Savannah", "state": "Georgia", "type": "Government Hub"}, "geometry": {"type": "Point", "coordinates": [-81.0465, 32.1135]}}, {"type": "Feature", "properties": {"name": "Savannah DMV Regional Office", "city": "Savannah", "state": "Georgia", "type": "Government Hub"}, "geometry": {"type": "Point", "coordinates": [-81.0852, 32.0581]}}, {"type": "Feature", "properties": {"name": "Savannah City Hall", "city": "Savannah", "state": "Georgia", "type": "Government Hub"}, "geometry": {"type": "Point", "coordinates": [-81.1215, 32.0651]}}, {"type": "Feature", "properties": {"name": "Clarksville Administrative Center", "city": "Clarksville", "state": "Tennessee", "type": "Government Hub"}, "geometry": {"type": "Point", "coordinates": [-87.3103, 36.5236]}}, {"type": "Feature", "properties": {"name": "Clarksville Federal Courthouse", "city": "Clarksville", "state": "Tennessee", "type": "Government Hub"}, "geometry": {"type": "Point", "coordinates": [-87.4085, 36.517]}}, {"type": "Feature", "properties": {"name": "Clarksville Federal Courthouse", "city": "Clarksville", "state": "Tennessee", "type": "Government Hub"}, "geometry": {"type": "Point", "coordinates": [-87.3301, 36.5623]}}, {"type": "Feature", "properties": {"name": "Clarksville Post Office", "city": "Clarksville", "state": "Tennessee", "type": "Government Hub"}, "geometry": {"type": "Point", "coordinates": [-87.3899, 36.5039]}}, {"type": "Feature", "properties": {"name": "Clarksville Federal Courthouse", "city": "Clarksville", "state": "Tennessee", "type": "Government Hub"}, "geometry": {"type": "Point", "coordinates": [-87.3963, 36.5319]}}, {"type": "Feature", "properties": {"name": "Orange Government Center", "city": "Orange", "state": "California", "type": "Government Hub"}, "geometry": {"type": "Point", "coordinates": [-117.8121, 33.7808]}}, {"type": "Feature", "properties": {"name": "Orange Public Safety Building", "city": "Orange", "state": "California", "type": "Government Hub"}, "geometry": {"type": "Point", "coordinates": [-117.907, 33.7814]}}, {"type": "Feature", "properties": {"name": "Orange Government Center", "city": "Orange", "state": "California", "type": "Government Hub"}, "geometry": {"type": "Point", "coordinates": [-117.8711, 33.7856]}}, {"type": "Feature", "properties": {"name": "Pasadena Municipal Center", "city": "Pasadena", "state": "California", "type": "Government Hub"}, "geometry": {"type": "Point", "coordinates": [-118.1043, 34.1176]}}, {"type": "Feature", "properties": {"name": "Pasadena City Hall", "city": "Pasadena", "state": "California", "type": "Government Hub"}, "geometry": {"type": "Point", "coordinates": [-118.1704, 34.1793]}}, {"type": "Feature", "properties": {"name": "Fullerton Social Security Office", "city": "Fullerton", "state": "California", "type": "Government Hub"}, "geometry": {"type": "Point", "coordinates": [-117.9665, 33.8478]}}, {"type": "Feature", "properties": {"name": "Fullerton Social Security Office", "city": "Fullerton", "state": "California", "type": "Government Hub"}, "geometry": {"type": "Point", "coordinates": [-117.898, 33.8653]}}, {"type": "Feature", "properties": {"name": "Fullerton Municipal Center", "city": "Fullerton", "state": "California", "type": "Government Hub"}, "geometry": {"type": "Point", "coordinates": [-117.9354, 33.873]}}, {"type": "Feature", "properties": {"name": "Fullerton Government Center", "city": "Fullerton", "state": "California", "type": "Government Hub"}, "geometry": {"type": "Point", "coordinates": [-117.9425, 33.8335]}}, {"type": "Feature", "properties": {"name": "Fullerton DMV Regional Office", "city": "Fullerton", "state": "California", "type": "Government Hub"}, "geometry": {"type": "Point", "coordinates": [-117.9699, 33.8317]}}, {"type": "Feature", "properties": {"name": "Killeen Federal Building", "city": "Killeen", "state": "Texas", "type": "Government Hub"}, "geometry": {"type": "Point", "coordinates": [-97.7086, 31.085]}}, {"type": "Feature", "properties": {"name": "Killeen County Courthouse", "city": "Killeen", "state": "Texas", "type": "Government Hub"}, "geometry": {"type": "Point", "coordinates": [-97.7065, 31.1049]}}, {"type": "Feature", "properties": {"name": "Killeen City Hall", "city": "Killeen", "state": "Texas", "type": "Government Hub"}, "geometry": {"type": "Point", "coordinates": [-97.7225, 31.0817]}}, {"type": "Feature", "properties": {"name": "Killeen Federal Building", "city": "Killeen", "state": "Texas", "type": "Government Hub"}, "geometry": {"type": "Point", "coordinates": [-97.6979, 31.1267]}}, {"type": "Feature", "properties": {"name": "Frisco VA Medical Center", "city": "Frisco", "state": "Texas", "type": "Government Hub"}, "geometry": {"type": "Point", "coordinates": [-96.7822, 33.1656]}}, {"type": "Feature", "properties": {"name": "Frisco Civic Center", "city": "Frisco", "state": "Texas", "type": "Government Hub"}, "geometry": {"type": "Point", "coordinates": [-96.8012, 33.1356]}}, {"type": "Feature", "properties": {"name": "Frisco State Office Building", "city": "Frisco", "state": "Texas", "type": "Government Hub"}, "geometry": {"type": "Point", "coordinates": [-96.7689, 33.186]}}, {"type": "Feature", "properties": {"name": "Frisco DMV Regional Office", "city": "Frisco", "state": "Texas", "type": "Government Hub"}, "geometry": {"type": "Point", "coordinates": [-96.7865, 33.1569]}}, {"type": "Feature", "properties": {"name": "Frisco Post Office", "city": "Frisco", "state": "Texas", "type": "Government Hub"}, "geometry": {"type": "Point", "coordinates": [-96.8681, 33.1129]}}, {"type": "Feature", "properties": {"name": "Hampton Post Office", "city": "Hampton", "state": "Virginia", "type": "Government Hub"}, "geometry": {"type": "Point", "coordinates": [-76.3439, 37.0138]}}, {"type": "Feature", "properties": {"name": "Hampton Municipal Center", "city": "Hampton", "state": "Virginia", "type": "Government Hub"}, "geometry": {"type": "Point", "coordinates": [-76.3387, 37.0621]}}, {"type": "Feature", "properties": {"name": "Hampton Municipal Center", "city": "Hampton", "state": "Virginia", "type": "Government Hub"}, "geometry": {"type": "Point", "coordinates": [-76.312, 37.0672]}}, {"type": "Feature", "properties": {"name": "Hampton Public Safety Building", "city": "Hampton", "state": "Virginia", "type": "Government Hub"}, "geometry": {"type": "Point", "coordinates": [-76.3279, 37.042]}}, {"type": "Feature", "properties": {"name": "Hampton Civic Center", "city": "Hampton", "state": "Virginia", "type": "Government Hub"}, "geometry": {"type": "Point", "coordinates": [-76.347, 37.0306]}}, {"type": "Feature", "properties": {"name": "McAllen County Courthouse", "city": "McAllen", "state": "Texas", "type": "Government Hub"}, "geometry": {"type": "Point", "coordinates": [-98.2445, 26.1889]}}, {"type": "Feature", "properties": {"name": "McAllen Civic Center", "city": "McAllen", "state": "Texas", "type": "Government Hub"}, "geometry": {"type": "Point", "coordinates": [-98.1848, 26.2001]}}, {"type": "Feature", "properties": {"name": "Warren County Courthouse", "city": "Warren", "state": "Michigan", "type": "Government Hub"}, "geometry": {"type": "Point", "coordinates": [-83.0381, 42.551]}}, {"type": "Feature", "properties": {"name": "Warren IRS Service Center", "city": "Warren", "state": "Michigan", "type": "Government Hub"}, "geometry": {"type": "Point", "coordinates": [-82.9916, 42.5543]}}, {"type": "Feature", "properties": {"name": "Warren State Office Building", "city": "Warren", "state": "Michigan", "type": "Government Hub"}, "geometry": {"type": "Point", "coordinates": [-83.0365, 42.5469]}}, {"type": "Feature", "properties": {"name": "Warren Federal Building", "city": "Warren", "state": "Michigan", "type": "Government Hub"}, "geometry": {"type": "Point", "coordinates": [-83.0125, 42.4937]}}, {"type": "Feature", "properties": {"name": "Warren Federal Courthouse", "city": "Warren", "state": "Michigan", "type": "Government Hub"}, "geometry": {"type": "Point", "coordinates": [-82.9869, 42.505]}}, {"type": "Feature", "properties": {"name": "Bellevue VA Medical Center", "city": "Bellevue", "state": "Washington", "type": "Government Hub"}, "geometry": {"type": "Point", "coordinates": [-122.164, 47.6204]}}, {"type": "Feature", "properties": {"name": "Bellevue Municipal Center", "city": "Bellevue", "state": "Washington", "type": "Government Hub"}, "geometry": {"type": "Point", "coordinates": [-122.1619, 47.6071]}}, {"type": "Feature", "properties": {"name": "Bellevue Federal Courthouse", "city": "Bellevue", "state": "Washington", "type": "Government Hub"}, "geometry": {"type": "Point", "coordinates": [-122.155, 47.6378]}}, {"type": "Feature", "properties": {"name": "Bellevue Post Office", "city": "Bellevue", "state": "Washington", "type": "Government Hub"}, "geometry": {"type": "Point", "coordinates": [-122.1453, 47.6015]}}, {"type": "Feature", "properties": {"name": "Bellevue Government Center", "city": "Bellevue", "state": "Washington", "type": "Government Hub"}, "geometry": {"type": "Point", "coordinates": [-122.154, 47.6145]}}, {"type": "Feature", "properties": {"name": "West Valley City Post Office", "city": "West Valley City", "state": "Utah", "type": "Government Hub"}, "geometry": {"type": "Point", "coordinates": [-112.0038, 40.655]}}, {"type": "Feature", "properties": {"name": "West Valley City Federal Building", "city": "West Valley City", "state": "Utah", "type": "Government Hub"}, "geometry": {"type": "Point", "coordinates": [-111.9792, 40.7209]}}, {"type": "Feature", "properties": {"name": "West Valley City IRS Service Center", "city": "West Valley City", "state": "Utah", "type": "Government Hub"}, "geometry": {"type": "Point", "coordinates": [-112.0167, 40.6517]}}, {"type": "Feature", "properties": {"name": "West Valley City IRS Service Center", "city": "West Valley City", "state": "Utah", "type": "Government Hub"}, "geometry": {"type": "Point", "coordinates": [-112.0243, 40.7143]}}, {"type": "Feature", "properties": {"name": "Columbia VA Medical Center", "city": "Columbia", "state": "South Carolina", "type": "Government Hub"}, "geometry": {"type": "Point", "coordinates": [-81.0715, 33.9684]}}, {"type": "Feature", "properties": {"name": "Columbia IRS Service Center", "city": "Columbia", "state": "South Carolina", "type": "Government Hub"}, "geometry": {"type": "Point", "coordinates": [-81.0876, 33.9679]}}, {"type": "Feature", "properties": {"name": "Columbia Social Security Office", "city": "Columbia", "state": "South Carolina", "type": "Government Hub"}, "geometry": {"type": "Point", "coordinates": [-81.0611, 34.037]}}, {"type": "Feature", "properties": {"name": "Columbia State Office Building", "city": "Columbia", "state": "South Carolina", "type": "Government Hub"}, "geometry": {"type": "Point", "coordinates": [-81.0566, 33.9913]}}, {"type": "Feature", "properties": {"name": "Olathe County Courthouse", "city": "Olathe", "state": "Kansas", "type": "Government Hub"}, "geometry": {"type": "Point", "coordinates": [-94.8733, 38.8567]}}, {"type": "Feature", "properties": {"name": "Olathe VA Medical Center", "city": "Olathe", "state": "Kansas", "type": "Government Hub"}, "geometry": {"type": "Point", "coordinates": [-94.8572, 38.8859]}}, {"type": "Feature", "properties": {"name": "Olathe Social Security Office", "city": "Olathe", "state": "Kansas", "type": "Government Hub"}, "geometry": {"type": "Point", "coordinates": [-94.8535, 38.871]}}, {"type": "Feature", "properties": {"name": "Sterling Heights VA Medical Center", "city": "Sterling Heights", "state": "Michigan", "type": "Government Hub"}, "geometry": {"type": "Point", "coordinates": [-82.9892, 42.5715]}}, {"type": "Feature", "properties": {"name": "Sterling Heights DMV Regional Office", "city": "Sterling Heights", "state": "Michigan", "type": "Government Hub"}, "geometry": {"type": "Point", "coordinates": [-82.976, 42.5834]}}, {"type": "Feature", "properties": {"name": "Sterling Heights State Office Building", "city": "Sterling Heights", "state": "Michigan", "type": "Government Hub"}, "geometry": {"type": "Point", "coordinates": [-83.062, 42.5975]}}, {"type": "Feature", "properties": {"name": "New Haven City Hall", "city": "New Haven", "state": "Connecticut", "type": "Government Hub"}, "geometry": {"type": "Point", "coordinates": [-72.9705, 41.345]}}, {"type": "Feature", "properties": {"name": "New Haven Civic Center", "city": "New Haven", "state": "Connecticut", "type": "Government Hub"}, "geometry": {"type": "Point", "coordinates": [-72.9789, 41.2816]}}, {"type": "Feature", "properties": {"name": "New Haven Public Safety Building", "city": "New Haven", "state": "Connecticut", "type": "Government Hub"}, "geometry": {"type": "Point", "coordinates": [-72.9249, 41.3146]}}, {"type": "Feature", "properties": {"name": "New Haven State Office Building", "city": "New Haven", "state": "Connecticut", "type": "Government Hub"}, "geometry": {"type": "Point", "coordinates": [-72.8872, 41.333]}}, {"type": "Feature", "properties": {"name": "Miramar IRS Service Center", "city": "Miramar", "state": "Florida", "type": "Government Hub"}, "geometry": {"type": "Point", "coordinates": [-80.3501, 25.9519]}}, {"type": "Feature", "properties": {"name": "Miramar VA Medical Center", "city": "Miramar", "state": "Florida", "type": "Government Hub"}, "geometry": {"type": "Point", "coordinates": [-80.2571, 25.9692]}}, {"type": "Feature", "properties": {"name": "Miramar Administrative Center", "city": "Miramar", "state": "Florida", "type": "Government Hub"}, "geometry": {"type": "Point", "coordinates": [-80.3127, 26.0157]}}, {"type": "Feature", "properties": {"name": "Miramar City Hall", "city": "Miramar", "state": "Florida", "type": "Government Hub"}, "geometry": {"type": "Point", "coordinates": [-80.3518, 25.9748]}}, {"type": "Feature", "properties": {"name": "Waco County Courthouse", "city": "Waco", "state": "Texas", "type": "Government Hub"}, "geometry": {"type": "Point", "coordinates": [-97.1491, 31.5582]}}, {"type": "Feature", "properties": {"name": "Waco City Hall", "city": "Waco", "state": "Texas", "type": "Government Hub"}, "geometry": {"type": "Point", "coordinates": [-97.1348, 31.5777]}}, {"type": "Feature", "properties": {"name": "Waco DMV Regional Office", "city": "Waco", "state": "Texas", "type": "Government Hub"}, "geometry": {"type": "Point", "coordinates": [-97.1842, 31.576]}}, {"type": "Feature", "properties": {"name": "Thousand Oaks Federal Courthouse", "city": "Thousand Oaks", "state": "California", "type": "Government Hub"}, "geometry": {"type": "Point", "coordinates": [-118.8284, 34.1691]}}, {"type": "Feature", "properties": {"name": "Thousand Oaks State Office Building", "city": "Thousand Oaks", "state": "California", "type": "Government Hub"}, "geometry": {"type": "Point", "coordinates": [-118.7817, 34.1346]}}, {"type": "Feature", "properties": {"name": "Cedar Rapids Administrative Center", "city": "Cedar Rapids", "state": "Iowa", "type": "Government Hub"}, "geometry": {"type": "Point", "coordinates": [-91.7083, 42.015]}}, {"type": "Feature", "properties": {"name": "Cedar Rapids Administrative Center", "city": "Cedar Rapids", "state": "Iowa", "type": "Government Hub"}, "geometry": {"type": "Point", "coordinates": [-91.6217, 41.9671]}}, {"type": "Feature", "properties": {"name": "Cedar Rapids Administrative Center", "city": "Cedar Rapids", "state": "Iowa", "type": "Government Hub"}, "geometry": {"type": "Point", "coordinates": [-91.6642, 42.0102]}}, {"type": "Feature", "properties": {"name": "Charleston Public Safety Building", "city": "Charleston", "state": "South Carolina", "type": "Government Hub"}, "geometry": {"type": "Point", "coordinates": [-79.9829, 32.7606]}}, {"type": "Feature", "properties": {"name": "Charleston City Hall", "city": "Charleston", "state": "South Carolina", "type": "Government Hub"}, "geometry": {"type": "Point", "coordinates": [-79.9559, 32.7584]}}, {"type": "Feature", "properties": {"name": "Charleston IRS Service Center", "city": "Charleston", "state": "South Carolina", "type": "Government Hub"}, "geometry": {"type": "Point", "coordinates": [-79.9738, 32.7631]}}, {"type": "Feature", "properties": {"name": "Visalia Municipal Center", "city": "Visalia", "state": "California", "type": "Government Hub"}, "geometry": {"type": "Point", "coordinates": [-119.2863, 36.3187]}}, {"type": "Feature", "properties": {"name": "Visalia State Office Building", "city": "Visalia", "state": "California", "type": "Government Hub"}, "geometry": {"type": "Point", "coordinates": [-119.3387, 36.311]}}, {"type": "Feature", "properties": {"name": "Visalia Government Center", "city": "Visalia", "state": "California", "type": "Government Hub"}, "geometry": {"type": "Point", "coordinates": [-119.2794, 36.35]}}, {"type": "Feature", "properties": {"name": "Visalia Government Center", "city": "Visalia", "state": "California", "type": "Government Hub"}, "geometry": {"type": "Point", "coordinates": [-119.3129, 36.3149]}}, {"type": "Feature", "properties": {"name": "Visalia County Courthouse", "city": "Visalia", "state": "California", "type": "Government Hub"}, "geometry": {"type": "Point", "coordinates": [-119.2474, 36.3104]}}, {"type": "Feature", "properties": {"name": "Topeka Administrative Center", "city": "Topeka", "state": "Kansas", "type": "Government Hub"}, "geometry": {"type": "Point", "coordinates": [-95.6621, 39.0303]}}, {"type": "Feature", "properties": {"name": "Topeka Federal Courthouse", "city": "Topeka", "state": "Kansas", "type": "Government Hub"}, "geometry": {"type": "Point", "coordinates": [-95.6645, 39.0677]}}, {"type": "Feature", "properties": {"name": "Elizabeth Federal Building", "city": "Elizabeth", "state": "New Jersey", "type": "Government Hub"}, "geometry": {"type": "Point", "coordinates": [-74.2489, 40.6903]}}, {"type": "Feature", "properties": {"name": "Elizabeth IRS Service Center", "city": "Elizabeth", "state": "New Jersey", "type": "Government Hub"}, "geometry": {"type": "Point", "coordinates": [-74.2018, 40.6506]}}, {"type": "Feature", "properties": {"name": "Gainesville VA Medical Center", "city": "Gainesville", "state": "Florida", "type": "Government Hub"}, "geometry": {"type": "Point", "coordinates": [-82.3455, 29.6416]}}, {"type": "Feature", "properties": {"name": "Gainesville Federal Building", "city": "Gainesville", "state": "Florida", "type": "Government Hub"}, "geometry": {"type": "Point", "coordinates": [-82.2855, 29.6889]}}, {"type": "Feature", "properties": {"name": "Thornton Administrative Center", "city": "Thornton", "state": "Colorado", "type": "Government Hub"}, "geometry": {"type": "Point", "coordinates": [-105.0148, 39.8427]}}, {"type": "Feature", "properties": {"name": "Thornton Federal Building", "city": "Thornton", "state": "Colorado", "type": "Government Hub"}, "geometry": {"type": "Point", "coordinates": [-104.9692, 39.8622]}}, {"type": "Feature", "properties": {"name": "Thornton Social Security Office", "city": "Thornton", "state": "Colorado", "type": "Government Hub"}, "geometry": {"type": "Point", "coordinates": [-104.9521, 39.833]}}, {"type": "Feature", "properties": {"name": "Roseville VA Medical Center", "city": "Roseville", "state": "California", "type": "Government Hub"}, "geometry": {"type": "Point", "coordinates": [-121.2674, 38.7257]}}, {"type": "Feature", "properties": {"name": "Roseville Civic Center", "city": "Roseville", "state": "California", "type": "Government Hub"}, "geometry": {"type": "Point", "coordinates": [-121.2935, 38.7526]}}, {"type": "Feature", "properties": {"name": "Roseville Administrative Center", "city": "Roseville", "state": "California", "type": "Government Hub"}, "geometry": {"type": "Point", "coordinates": [-121.3334, 38.7887]}}, {"type": "Feature", "properties": {"name": "Roseville Civic Center", "city": "Roseville", "state": "California", "type": "Government Hub"}, "geometry": {"type": "Point", "coordinates": [-121.2645, 38.7483]}}, {"type": "Feature", "properties": {"name": "Carrollton Administrative Center", "city": "Carrollton", "state": "Texas", "type": "Government Hub"}, "geometry": {"type": "Point", "coordinates": [-96.8642, 32.9918]}}, {"type": "Feature", "properties": {"name": "Carrollton VA Medical Center", "city": "Carrollton", "state": "Texas", "type": "Government Hub"}, "geometry": {"type": "Point", "coordinates": [-96.8344, 32.9939]}}, {"type": "Feature", "properties": {"name": "Coral Springs Civic Center", "city": "Coral Springs", "state": "Florida", "type": "Government Hub"}, "geometry": {"type": "Point", "coordinates": [-80.3036, 26.3101]}}, {"type": "Feature", "properties": {"name": "Coral Springs Public Safety Building", "city": "Coral Springs", "state": "Florida", "type": "Government Hub"}, "geometry": {"type": "Point", "coordinates": [-80.2842, 26.2614]}}, {"type": "Feature", "properties": {"name": "Coral Springs City Hall", "city": "Coral Springs", "state": "Florida", "type": "Government Hub"}, "geometry": {"type": "Point", "coordinates": [-80.3089, 26.257]}}, {"type": "Feature", "properties": {"name": "Coral Springs Municipal Center", "city": "Coral Springs", "state": "Florida", "type": "Government Hub"}, "geometry": {"type": "Point", "coordinates": [-80.2338, 26.2601]}}, {"type": "Feature", "properties": {"name": "Stamford Government Center", "city": "Stamford", "state": "Connecticut", "type": "Government Hub"}, "geometry": {"type": "Point", "coordinates": [-73.5346, 41.0204]}}, {"type": "Feature", "properties": {"name": "Stamford Post Office", "city": "Stamford", "state": "Connecticut", "type": "Government Hub"}, "geometry": {"type": "Point", "coordinates": [-73.486, 41.0735]}}, {"type": "Feature", "properties": {"name": "Stamford Civic Center", "city": "Stamford", "state": "Connecticut", "type": "Government Hub"}, "geometry": {"type": "Point", "coordinates": [-73.5129, 41.044]}}, {"type": "Feature", "properties": {"name": "Simi Valley Federal Building", "city": "Simi Valley", "state": "California", "type": "Government Hub"}, "geometry": {"type": "Point", "coordinates": [-118.7959, 34.2967]}}, {"type": "Feature", "properties": {"name": "Simi Valley Civic Center", "city": "Simi Valley", "state": "California", "type": "Government Hub"}, "geometry": {"type": "Point", "coordinates": [-118.7283, 34.2946]}}, {"type": "Feature", "properties": {"name": "Concord Public Safety Building", "city": "Concord", "state": "California", "type": "Government Hub"}, "geometry": {"type": "Point", "coordinates": [-122.0637, 37.9754]}}, {"type": "Feature", "properties": {"name": "Concord Government Center", "city": "Concord", "state": "California", "type": "Government Hub"}, "geometry": {"type": "Point", "coordinates": [-122.0006, 37.9582]}}, {"type": "Feature", "properties": {"name": "Concord DMV Regional Office", "city": "Concord", "state": "California", "type": "Government Hub"}, "geometry": {"type": "Point", "coordinates": [-122.0201, 38.0098]}}, {"type": "Feature", "properties": {"name": "Concord Public Safety Building", "city": "Concord", "state": "California", "type": "Government Hub"}, "geometry": {"type": "Point", "coordinates": [-122.0707, 37.9788]}}, {"type": "Feature", "properties": {"name": "Hartford Federal Building", "city": "Hartford", "state": "Connecticut", "type": "Government Hub"}, "geometry": {"type": "Point", "coordinates": [-72.6734, 41.7282]}}, {"type": "Feature", "properties": {"name": "Hartford Administrative Center", "city": "Hartford", "state": "Connecticut", "type": "Government Hub"}, "geometry": {"type": "Point", "coordinates": [-72.68, 41.7588]}}, {"type": "Feature", "properties": {"name": "Hartford IRS Service Center", "city": "Hartford", "state": "Connecticut", "type": "Government Hub"}, "geometry": {"type": "Point", "coordinates": [-72.6473, 41.7396]}}, {"type": "Feature", "properties": {"name": "Hartford County Courthouse", "city": "Hartford", "state": "Connecticut", "type": "Government Hub"}, "geometry": {"type": "Point", "coordinates": [-72.6342, 41.8]}}, {"type": "Feature", "properties": {"name": "Kent DMV Regional Office", "city": "Kent", "state": "Washington", "type": "Government Hub"}, "geometry": {"type": "Point", "coordinates": [-122.2779, 47.3771]}}, {"type": "Feature", "properties": {"name": "Kent Federal Building", "city": "Kent", "state": "Washington", "type": "Government Hub"}, "geometry": {"type": "Point", "coordinates": [-122.1895, 47.3964]}}, {"type": "Feature", "properties": {"name": "Kent Federal Building", "city": "Kent", "state": "Washington", "type": "Government Hub"}, "geometry": {"type": "Point", "coordinates": [-122.221, 47.3794]}}, {"type": "Feature", "properties": {"name": "Kent City Hall", "city": "Kent", "state": "Washington", "type": "Government Hub"}, "geometry": {"type": "Point", "coordinates": [-122.1848, 47.4192]}}, {"type": "Feature", "properties": {"name": "Kent County Courthouse", "city": "Kent", "state": "Washington", "type": "Government Hub"}, "geometry": {"type": "Point", "coordinates": [-122.1843, 47.3465]}}, {"type": "Feature", "properties": {"name": "Lafayette State Office Building", "city": "Lafayette", "state": "Louisiana", "type": "Government Hub"}, "geometry": {"type": "Point", "coordinates": [-92.0427, 30.2568]}}, {"type": "Feature", "properties": {"name": "Lafayette IRS Service Center", "city": "Lafayette", "state": "Louisiana", "type": "Government Hub"}, "geometry": {"type": "Point", "coordinates": [-92.0192, 30.2049]}}, {"type": "Feature", "properties": {"name": "Lafayette County Courthouse", "city": "Lafayette", "state": "Louisiana", "type": "Government Hub"}, "geometry": {"type": "Point", "coordinates": [-91.9981, 30.23]}}, {"type": "Feature", "properties": {"name": "Midland Social Security Office", "city": "Midland", "state": "Texas", "type": "Government Hub"}, "geometry": {"type": "Point", "coordinates": [-102.0897, 32.0326]}}, {"type": "Feature", "properties": {"name": "Midland Public Safety Building", "city": "Midland", "state": "Texas", "type": "Government Hub"}, "geometry": {"type": "Point", "coordinates": [-102.08, 31.9801]}}, {"type": "Feature", "properties": {"name": "Midland County Courthouse", "city": "Midland", "state": "Texas", "type": "Government Hub"}, "geometry": {"type": "Point", "coordinates": [-102.03, 32.0067]}}, {"type": "Feature", "properties": {"name": "Surprise VA Medical Center", "city": "Surprise", "state": "Arizona", "type": "Government Hub"}, "geometry": {"type": "Point", "coordinates": [-112.3383, 33.6576]}}, {"type": "Feature", "properties": {"name": "Surprise Municipal Center", "city": "Surprise", "state": "Arizona", "type": "Government Hub"}, "geometry": {"type": "Point", "coordinates": [-112.4218, 33.6274]}}, {"type": "Feature", "properties": {"name": "Denton County Courthouse", "city": "Denton", "state": "Texas", "type": "Government Hub"}, "geometry": {"type": "Point", "coordinates": [-97.1061, 33.1884]}}, {"type": "Feature", "properties": {"name": "Denton Federal Building", "city": "Denton", "state": "Texas", "type": "Government Hub"}, "geometry": {"type": "Point", "coordinates": [-97.1452, 33.2206]}}, {"type": "Feature", "properties": {"name": "Victorville State Office Building", "city": "Victorville", "state": "California", "type": "Government Hub"}, "geometry": {"type": "Point", "coordinates": [-117.3465, 34.5751]}}, {"type": "Feature", "properties": {"name": "Victorville Social Security Office", "city": "Victorville", "state": "California", "type": "Government Hub"}, "geometry": {"type": "Point", "coordinates": [-117.3118, 34.5745]}}, {"type": "Feature", "properties": {"name": "Victorville Administrative Center", "city": "Victorville", "state": "California", "type": "Government Hub"}, "geometry": {"type": "Point", "coordinates": [-117.2424, 34.5105]}}, {"type": "Feature", "properties": {"name": "Victorville Post Office", "city": "Victorville", "state": "California", "type": "Government Hub"}, "geometry": {"type": "Point", "coordinates": [-117.2467, 34.4985]}}, {"type": "Feature", "properties": {"name": "Victorville Public Safety Building", "city": "Victorville", "state": "California", "type": "Government Hub"}, "geometry": {"type": "Point", "coordinates": [-117.3383, 34.5075]}}, {"type": "Feature", "properties": {"name": "Evansville Federal Courthouse", "city": "Evansville", "state": "Indiana", "type": "Government Hub"}, "geometry": {"type": "Point", "coordinates": [-87.5789, 37.993]}}, {"type": "Feature", "properties": {"name": "Evansville State Office Building", "city": "Evansville", "state": "Indiana", "type": "Government Hub"}, "geometry": {"type": "Point", "coordinates": [-87.6219, 37.9544]}}, {"type": "Feature", "properties": {"name": "Evansville City Hall", "city": "Evansville", "state": "Indiana", "type": "Government Hub"}, "geometry": {"type": "Point", "coordinates": [-87.5351, 37.9994]}}, {"type": "Feature", "properties": {"name": "Santa Clara Civic Center", "city": "Santa Clara", "state": "California", "type": "Government Hub"}, "geometry": {"type": "Point", "coordinates": [-121.8993, 37.3614]}}, {"type": "Feature", "properties": {"name": "Santa Clara City Hall", "city": "Santa Clara", "state": "California", "type": "Government Hub"}, "geometry": {"type": "Point", "coordinates": [-122.0063, 37.3465]}}, {"type": "Feature", "properties": {"name": "Santa Clara County Courthouse", "city": "Santa Clara", "state": "California", "type": "Government Hub"}, "geometry": {"type": "Point", "coordinates": [-121.939, 37.3188]}}, {"type": "Feature", "properties": {"name": "Santa Clara Public Safety Building", "city": "Santa Clara", "state": "California", "type": "Government Hub"}, "geometry": {"type": "Point", "coordinates": [-121.9511, 37.3335]}}, {"type": "Feature", "properties": {"name": "Santa Clara DMV Regional Office", "city": "Santa Clara", "state": "California", "type": "Government Hub"}, "geometry": {"type": "Point", "coordinates": [-122.0038, 37.3429]}}, {"type": "Feature", "properties": {"name": "Abilene City Hall", "city": "Abilene", "state": "Texas", "type": "Government Hub"}, "geometry": {"type": "Point", "coordinates": [-99.7718, 32.4533]}}, {"type": "Feature", "properties": {"name": "Abilene Administrative Center", "city": "Abilene", "state": "Texas", "type": "Government Hub"}, "geometry": {"type": "Point", "coordinates": [-99.7535, 32.4275]}}, {"type": "Feature", "properties": {"name": "Abilene Federal Courthouse", "city": "Abilene", "state": "Texas", "type": "Government Hub"}, "geometry": {"type": "Point", "coordinates": [-99.7175, 32.4096]}}, {"type": "Feature", "properties": {"name": "Abilene Post Office", "city": "Abilene", "state": "Texas", "type": "Government Hub"}, "geometry": {"type": "Point", "coordinates": [-99.7022, 32.4446]}}, {"type": "Feature", "properties": {"name": "Abilene IRS Service Center", "city": "Abilene", "state": "Texas", "type": "Government Hub"}, "geometry": {"type": "Point", "coordinates": [-99.7575, 32.4331]}}, {"type": "Feature", "properties": {"name": "Athens-Clarke County VA Medical Center", "city": "Athens-Clarke County", "state": "Georgia", "type": "Government Hub"}, "geometry": {"type": "Point", "coordinates": [-83.3219, 33.9338]}}, {"type": "Feature", "properties": {"name": "Athens-Clarke County Public Safety Building", "city": "Athens-Clarke County", "state": "Georgia", "type": "Government Hub"}, "geometry": {"type": "Point", "coordinates": [-83.4003, 33.9605]}}, {"type": "Feature", "properties": {"name": "Athens-Clarke County State Office Building", "city": "Athens-Clarke County", "state": "Georgia", "type": "Government Hub"}, "geometry": {"type": "Point", "coordinates": [-83.3136, 33.9136]}}, {"type": "Feature", "properties": {"name": "Athens-Clarke County IRS Service Center", "city": "Athens-Clarke County", "state": "Georgia", "type": "Government Hub"}, "geometry": {"type": "Point", "coordinates": [-83.4125, 33.916]}}, {"type": "Feature", "properties": {"name": "Athens-Clarke County County Courthouse", "city": "Athens-Clarke County", "state": "Georgia", "type": "Government Hub"}, "geometry": {"type": "Point", "coordinates": [-83.3366, 33.9506]}}, {"type": "Feature", "properties": {"name": "Vallejo State Office Building", "city": "Vallejo", "state": "California", "type": "Government Hub"}, "geometry": {"type": "Point", "coordinates": [-122.2528, 38.1162]}}, {"type": "Feature", "properties": {"name": "Vallejo VA Medical Center", "city": "Vallejo", "state": "California", "type": "Government Hub"}, "geometry": {"type": "Point", "coordinates": [-122.2128, 38.0751]}}, {"type": "Feature", "properties": {"name": "Allentown Social Security Office", "city": "Allentown", "state": "Pennsylvania", "type": "Government Hub"}, "geometry": {"type": "Point", "coordinates": [-75.5289, 40.6058]}}, {"type": "Feature", "properties": {"name": "Allentown Administrative Center", "city": "Allentown", "state": "Pennsylvania", "type": "Government Hub"}, "geometry": {"type": "Point", "coordinates": [-75.4643, 40.5895]}}, {"type": "Feature", "properties": {"name": "Allentown Civic Center", "city": "Allentown", "state": "Pennsylvania", "type": "Government Hub"}, "geometry": {"type": "Point", "coordinates": [-75.4648, 40.6323]}}, {"type": "Feature", "properties": {"name": "Norman Public Safety Building", "city": "Norman", "state": "Oklahoma", "type": "Government Hub"}, "geometry": {"type": "Point", "coordinates": [-97.4516, 35.2506]}}, {"type": "Feature", "properties": {"name": "Norman Civic Center", "city": "Norman", "state": "Oklahoma", "type": "Government Hub"}, "geometry": {"type": "Point", "coordinates": [-97.447, 35.2405]}}, {"type": "Feature", "properties": {"name": "Beaumont Social Security Office", "city": "Beaumont", "state": "Texas", "type": "Government Hub"}, "geometry": {"type": "Point", "coordinates": [-94.1704, 30.0526]}}, {"type": "Feature", "properties": {"name": "Beaumont Public Safety Building", "city": "Beaumont", "state": "Texas", "type": "Government Hub"}, "geometry": {"type": "Point", "coordinates": [-94.0973, 30.1176]}}, {"type": "Feature", "properties": {"name": "Beaumont IRS Service Center", "city": "Beaumont", "state": "Texas", "type": "Government Hub"}, "geometry": {"type": "Point", "coordinates": [-94.1202, 30.1185]}}, {"type": "Feature", "properties": {"name": "Independence Administrative Center", "city": "Independence", "state": "Missouri", "type": "Government Hub"}, "geometry": {"type": "Point", "coordinates": [-94.4067, 39.0765]}}, {"type": "Feature", "properties": {"name": "Independence County Courthouse", "city": "Independence", "state": "Missouri", "type": "Government Hub"}, "geometry": {"type": "Point", "coordinates": [-94.3655, 39.0864]}}, {"type": "Feature", "properties": {"name": "Murfreesboro Social Security Office", "city": "Murfreesboro", "state": "Tennessee", "type": "Government Hub"}, "geometry": {"type": "Point", "coordinates": [-86.4354, 35.8334]}}, {"type": "Feature", "properties": {"name": "Murfreesboro Social Security Office", "city": "Murfreesboro", "state": "Tennessee", "type": "Government Hub"}, "geometry": {"type": "Point", "coordinates": [-86.4405, 35.8579]}}, {"type": "Feature", "properties": {"name": "Ann Arbor Post Office", "city": "Ann Arbor", "state": "Michigan", "type": "Government Hub"}, "geometry": {"type": "Point", "coordinates": [-83.7606, 42.2505]}}, {"type": "Feature", "properties": {"name": "Ann Arbor VA Medical Center", "city": "Ann Arbor", "state": "Michigan", "type": "Government Hub"}, "geometry": {"type": "Point", "coordinates": [-83.7877, 42.2727]}}, {"type": "Feature", "properties": {"name": "Ann Arbor Civic Center", "city": "Ann Arbor", "state": "Michigan", "type": "Government Hub"}, "geometry": {"type": "Point", "coordinates": [-83.7035, 42.3203]}}, {"type": "Feature", "properties": {"name": "Ann Arbor Administrative Center", "city": "Ann Arbor", "state": "Michigan", "type": "Government Hub"}, "geometry": {"type": "Point", "coordinates": [-83.7255, 42.3108]}}, {"type": "Feature", "properties": {"name": "Springfield City Hall", "city": "Springfield", "state": "Illinois", "type": "Government Hub"}, "geometry": {"type": "Point", "coordinates": [-89.675, 39.7734]}}, {"type": "Feature", "properties": {"name": "Springfield Public Safety Building", "city": "Springfield", "state": "Illinois", "type": "Government Hub"}, "geometry": {"type": "Point", "coordinates": [-89.6578, 39.7967]}}, {"type": "Feature", "properties": {"name": "Springfield Social Security Office", "city": "Springfield", "state": "Illinois", "type": "Government Hub"}, "geometry": {"type": "Point", "coordinates": [-89.5961, 39.8104]}}, {"type": "Feature", "properties": {"name": "Springfield Federal Building", "city": "Springfield", "state": "Illinois", "type": "Government Hub"}, "geometry": {"type": "Point", "coordinates": [-89.5949, 39.7519]}}, {"type": "Feature", "properties": {"name": "Springfield Public Safety Building", "city": "Springfield", "state": "Illinois", "type": "Government Hub"}, "geometry": {"type": "Point", "coordinates": [-89.7056, 39.7817]}}, {"type": "Feature", "properties": {"name": "Berkeley Public Safety Building", "city": "Berkeley", "state": "California", "type": "Government Hub"}, "geometry": {"type": "Point", "coordinates": [-122.3077, 37.8725]}}, {"type": "Feature", "properties": {"name": "Berkeley Social Security Office", "city": "Berkeley", "state": "California", "type": "Government Hub"}, "geometry": {"type": "Point", "coordinates": [-122.2461, 37.8358]}}, {"type": "Feature", "properties": {"name": "Berkeley Social Security Office", "city": "Berkeley", "state": "California", "type": "Government Hub"}, "geometry": {"type": "Point", "coordinates": [-122.2536, 37.8488]}}, {"type": "Feature", "properties": {"name": "Berkeley County Courthouse", "city": "Berkeley", "state": "California", "type": "Government Hub"}, "geometry": {"type": "Point", "coordinates": [-122.2486, 37.8671]}}, {"type": "Feature", "properties": {"name": "Peoria IRS Service Center", "city": "Peoria", "state": "Illinois", "type": "Government Hub"}, "geometry": {"type": "Point", "coordinates": [-89.6, 40.6865]}}, {"type": "Feature", "properties": {"name": "Peoria City Hall", "city": "Peoria", "state": "Illinois", "type": "Government Hub"}, "geometry": {"type": "Point", "coordinates": [-89.6142, 40.6555]}}, {"type": "Feature", "properties": {"name": "Peoria Federal Building", "city": "Peoria", "state": "Illinois", "type": "Government Hub"}, "geometry": {"type": "Point", "coordinates": [-89.5547, 40.7264]}}, {"type": "Feature", "properties": {"name": "Provo Public Safety Building", "city": "Provo", "state": "Utah", "type": "Government Hub"}, "geometry": {"type": "Point", "coordinates": [-111.6439, 40.2422]}}, {"type": "Feature", "properties": {"name": "Provo Government Center", "city": "Provo", "state": "Utah", "type": "Government Hub"}, "geometry": {"type": "Point", "coordinates": [-111.6718, 40.2594]}}, {"type": "Feature", "properties": {"name": "Provo County Courthouse", "city": "Provo", "state": "Utah", "type": "Government Hub"}, "geometry": {"type": "Point", "coordinates": [-111.6206, 40.2221]}}, {"type": "Feature", "properties": {"name": "El Monte Federal Courthouse", "city": "El Monte", "state": "California", "type": "Government Hub"}, "geometry": {"type": "Point", "coordinates": [-117.9866, 34.0307]}}, {"type": "Feature", "properties": {"name": "El Monte City Hall", "city": "El Monte", "state": "California", "type": "Government Hub"}, "geometry": {"type": "Point", "coordinates": [-118.0652, 34.0367]}}, {"type": "Feature", "properties": {"name": "El Monte Civic Center", "city": "El Monte", "state": "California", "type": "Government Hub"}, "geometry": {"type": "Point", "coordinates": [-118.0457, 34.0691]}}, {"type": "Feature", "properties": {"name": "El Monte Municipal Center", "city": "El Monte", "state": "California", "type": "Government Hub"}, "geometry": {"type": "Point", "coordinates": [-117.9757, 34.0626]}}, {"type": "Feature", "properties": {"name": "Columbia Public Safety Building", "city": "Columbia", "state": "Missouri", "type": "Government Hub"}, "geometry": {"type": "Point", "coordinates": [-92.3171, 38.9643]}}, {"type": "Feature", "properties": {"name": "Columbia Federal Building", "city": "Columbia", "state": "Missouri", "type": "Government Hub"}, "geometry": {"type": "Point", "coordinates": [-92.3633, 38.9152]}}, {"type": "Feature", "properties": {"name": "Columbia Post Office", "city": "Columbia", "state": "Missouri", "type": "Government Hub"}, "geometry": {"type": "Point", "coordinates": [-92.3129, 38.9125]}}, {"type": "Feature", "properties": {"name": "Lansing DMV Regional Office", "city": "Lansing", "state": "Michigan", "type": "Government Hub"}, "geometry": {"type": "Point", "coordinates": [-84.5087, 42.745]}}, {"type": "Feature", "properties": {"name": "Lansing Post Office", "city": "Lansing", "state": "Michigan", "type": "Government Hub"}, "geometry": {"type": "Point", "coordinates": [-84.6096, 42.7236]}}, {"type": "Feature", "properties": {"name": "Fargo State Office Building", "city": "Fargo", "state": "North Dakota", "type": "Government Hub"}, "geometry": {"type": "Point", "coordinates": [-96.8043, 46.8796]}}, {"type": "Feature", "properties": {"name": "Fargo City Hall", "city": "Fargo", "state": "North Dakota", "type": "Government Hub"}, "geometry": {"type": "Point", "coordinates": [-96.8089, 46.8788]}}, {"type": "Feature", "properties": {"name": "Downey County Courthouse", "city": "Downey", "state": "California", "type": "Government Hub"}, "geometry": {"type": "Point", "coordinates": [-118.0838, 33.9323]}}, {"type": "Feature", "properties": {"name": "Downey DMV Regional Office", "city": "Downey", "state": "California", "type": "Government Hub"}, "geometry": {"type": "Point", "coordinates": [-118.149, 33.9454]}}, {"type": "Feature", "properties": {"name": "Downey Social Security Office", "city": "Downey", "state": "California", "type": "Government Hub"}, "geometry": {"type": "Point", "coordinates": [-118.132, 33.916]}}, {"type": "Feature", "properties": {"name": "Downey City Hall", "city": "Downey", "state": "California", "type": "Government Hub"}, "geometry": {"type": "Point", "coordinates": [-118.1406, 33.9515]}}, {"type": "Feature", "properties": {"name": "Costa Mesa City Hall", "city": "Costa Mesa", "state": "California", "type": "Government Hub"}, "geometry": {"type": "Point", "coordinates": [-117.9203, 33.6327]}}, {"type": "Feature", "properties": {"name": "Costa Mesa Federal Building", "city": "Costa Mesa", "state": "California", "type": "Government Hub"}, "geometry": {"type": "Point", "coordinates": [-117.9483, 33.6775]}}, {"type": "Feature", "properties": {"name": "Costa Mesa Government Center", "city": "Costa Mesa", "state": "California", "type": "Government Hub"}, "geometry": {"type": "Point", "coordinates": [-117.8714, 33.617]}}, {"type": "Feature", "properties": {"name": "Wilmington Post Office", "city": "Wilmington", "state": "North Carolina", "type": "Government Hub"}, "geometry": {"type": "Point", "coordinates": [-77.9013, 34.1914]}}, {"type": "Feature", "properties": {"name": "Wilmington Federal Courthouse", "city": "Wilmington", "state": "North Carolina", "type": "Government Hub"}, "geometry": {"type": "Point", "coordinates": [-77.8911, 34.2004]}}, {"type": "Feature", "properties": {"name": "Arvada IRS Service Center", "city": "Arvada", "state": "Colorado", "type": "Government Hub"}, "geometry": {"type": "Point", "coordinates": [-105.1321, 39.7715]}}, {"type": "Feature", "properties": {"name": "Arvada Social Security Office", "city": "Arvada", "state": "Colorado", "type": "Government Hub"}, "geometry": {"type": "Point", "coordinates": [-105.1214, 39.8235]}}, {"type": "Feature", "properties": {"name": "Arvada VA Medical Center", "city": "Arvada", "state": "Colorado", "type": "Government Hub"}, "geometry": {"type": "Point", "coordinates": [-105.045, 39.7638]}}, {"type": "Feature", "properties": {"name": "Arvada Post Office", "city": "Arvada", "state": "Colorado", "type": "Government Hub"}, "geometry": {"type": "Point", "coordinates": [-105.0783, 39.8286]}}, {"type": "Feature", "properties": {"name": "Arvada Social Security Office", "city": "Arvada", "state": "Colorado", "type": "Government Hub"}, "geometry": {"type": "Point", "coordinates": [-105.1008, 39.8117]}}, {"type": "Feature", "properties": {"name": "Inglewood Public Safety Building", "city": "Inglewood", "state": "California", "type": "Government Hub"}, "geometry": {"type": "Point", "coordinates": [-118.3381, 33.9304]}}, {"type": "Feature", "properties": {"name": "Inglewood Federal Courthouse", "city": "Inglewood", "state": "California", "type": "Government Hub"}, "geometry": {"type": "Point", "coordinates": [-118.3367, 33.9449]}}, {"type": "Feature", "properties": {"name": "Inglewood Municipal Center", "city": "Inglewood", "state": "California", "type": "Government Hub"}, "geometry": {"type": "Point", "coordinates": [-118.3756, 33.9434]}}, {"type": "Feature", "properties": {"name": "Miami Gardens City Hall", "city": "Miami Gardens", "state": "Florida", "type": "Government Hub"}, "geometry": {"type": "Point", "coordinates": [-80.216, 25.9407]}}, {"type": "Feature", "properties": {"name": "Miami Gardens State Office Building", "city": "Miami Gardens", "state": "Florida", "type": "Government Hub"}, "geometry": {"type": "Point", "coordinates": [-80.2759, 25.9055]}}, {"type": "Feature", "properties": {"name": "Miami Gardens Public Safety Building", "city": "Miami Gardens", "state": "Florida", "type": "Government Hub"}, "geometry": {"type": "Point", "coordinates": [-80.236, 25.94]}}, {"type": "Feature", "properties": {"name": "Miami Gardens Civic Center", "city": "Miami Gardens", "state": "Florida", "type": "Government Hub"}, "geometry": {"type": "Point", "coordinates": [-80.2171, 25.9058]}}, {"type": "Feature", "properties": {"name": "Miami Gardens Post Office", "city": "Miami Gardens", "state": "Florida", "type": "Government Hub"}, "geometry": {"type": "Point", "coordinates": [-80.2551, 25.9196]}}, {"type": "Feature", "properties": {"name": "Carlsbad Federal Courthouse", "city": "Carlsbad", "state": "California", "type": "Government Hub"}, "geometry": {"type": "Point", "coordinates": [-117.399, 33.1725]}}, {"type": "Feature", "properties": {"name": "Carlsbad Social Security Office", "city": "Carlsbad", "state": "California", "type": "Government Hub"}, "geometry": {"type": "Point", "coordinates": [-117.3629, 33.1447]}}, {"type": "Feature", "properties": {"name": "Carlsbad Federal Courthouse", "city": "Carlsbad", "state": "California", "type": "Government Hub"}, "geometry": {"type": "Point", "coordinates": [-117.3147, 33.1431]}}, {"type": "Feature", "properties": {"name": "Carlsbad Administrative Center", "city": "Carlsbad", "state": "California", "type": "Government Hub"}, "geometry": {"type": "Point", "coordinates": [-117.3516, 33.1483]}}, {"type": "Feature", "properties": {"name": "Carlsbad City Hall", "city": "Carlsbad", "state": "California", "type": "Government Hub"}, "geometry": {"type": "Point", "coordinates": [-117.3545, 33.1736]}}, {"type": "Feature", "properties": {"name": "Westminster City Hall", "city": "Westminster", "state": "Colorado", "type": "Government Hub"}, "geometry": {"type": "Point", "coordinates": [-105.0036, 39.8324]}}, {"type": "Feature", "properties": {"name": "Westminster Civic Center", "city": "Westminster", "state": "Colorado", "type": "Government Hub"}, "geometry": {"type": "Point", "coordinates": [-105.0657, 39.8439]}}, {"type": "Feature", "properties": {"name": "Westminster County Courthouse", "city": "Westminster", "state": "Colorado", "type": "Government Hub"}, "geometry": {"type": "Point", "coordinates": [-105.0259, 39.8455]}}, {"type": "Feature", "properties": {"name": "Westminster Social Security Office", "city": "Westminster", "state": "Colorado", "type": "Government Hub"}, "geometry": {"type": "Point", "coordinates": [-105.0208, 39.8731]}}, {"type": "Feature", "properties": {"name": "Rochester Administrative Center", "city": "Rochester", "state": "Minnesota", "type": "Government Hub"}, "geometry": {"type": "Point", "coordinates": [-92.4341, 44.0287]}}, {"type": "Feature", "properties": {"name": "Rochester State Office Building", "city": "Rochester", "state": "Minnesota", "type": "Government Hub"}, "geometry": {"type": "Point", "coordinates": [-92.5107, 43.9912]}}, {"type": "Feature", "properties": {"name": "Rochester Municipal Center", "city": "Rochester", "state": "Minnesota", "type": "Government Hub"}, "geometry": {"type": "Point", "coordinates": [-92.4916, 44.0071]}}, {"type": "Feature", "properties": {"name": "Rochester DMV Regional Office", "city": "Rochester", "state": "Minnesota", "type": "Government Hub"}, "geometry": {"type": "Point", "coordinates": [-92.4546, 44.037]}}, {"type": "Feature", "properties": {"name": "Odessa IRS Service Center", "city": "Odessa", "state": "Texas", "type": "Government Hub"}, "geometry": {"type": "Point", "coordinates": [-102.347, 31.8525]}}, {"type": "Feature", "properties": {"name": "Odessa Post Office", "city": "Odessa", "state": "Texas", "type": "Government Hub"}, "geometry": {"type": "Point", "coordinates": [-102.3215, 31.8617]}}, {"type": "Feature", "properties": {"name": "Manchester IRS Service Center", "city": "Manchester", "state": "New Hampshire", "type": "Government Hub"}, "geometry": {"type": "Point", "coordinates": [-71.4258, 42.9623]}}, {"type": "Feature", "properties": {"name": "Manchester Post Office", "city": "Manchester", "state": "New Hampshire", "type": "Government Hub"}, "geometry": {"type": "Point", "coordinates": [-71.4032, 42.9961]}}, {"type": "Feature", "properties": {"name": "Elgin DMV Regional Office", "city": "Elgin", "state": "Illinois", "type": "Government Hub"}, "geometry": {"type": "Point", "coordinates": [-88.2469, 42.0749]}}, {"type": "Feature", "properties": {"name": "Elgin Government Center", "city": "Elgin", "state": "Illinois", "type": "Government Hub"}, "geometry": {"type": "Point", "coordinates": [-88.2941, 42.0523]}}, {"type": "Feature", "properties": {"name": "Elgin Public Safety Building", "city": "Elgin", "state": "Illinois", "type": "Government Hub"}, "geometry": {"type": "Point", "coordinates": [-88.3186, 41.9962]}}, {"type": "Feature", "properties": {"name": "Elgin Social Security Office", "city": "Elgin", "state": "Illinois", "type": "Government Hub"}, "geometry": {"type": "Point", "coordinates": [-88.3372, 42.0352]}}, {"type": "Feature", "properties": {"name": "West Jordan Federal Courthouse", "city": "West Jordan", "state": "Utah", "type": "Government Hub"}, "geometry": {"type": "Point", "coordinates": [-111.9559, 40.5887]}}, {"type": "Feature", "properties": {"name": "West Jordan Civic Center", "city": "West Jordan", "state": "Utah", "type": "Government Hub"}, "geometry": {"type": "Point", "coordinates": [-111.9769, 40.6129]}}, {"type": "Feature", "properties": {"name": "West Jordan State Office Building", "city": "West Jordan", "state": "Utah", "type": "Government Hub"}, "geometry": {"type": "Point", "coordinates": [-111.9277, 40.5846]}}, {"type": "Feature", "properties": {"name": "West Jordan Civic Center", "city": "West Jordan", "state": "Utah", "type": "Government Hub"}, "geometry": {"type": "Point", "coordinates": [-111.9377, 40.6386]}}, {"type": "Feature", "properties": {"name": "West Jordan Government Center", "city": "West Jordan", "state": "Utah", "type": "Government Hub"}, "geometry": {"type": "Point", "coordinates": [-111.9125, 40.6303]}}, {"type": "Feature", "properties": {"name": "Round Rock VA Medical Center", "city": "Round Rock", "state": "Texas", "type": "Government Hub"}, "geometry": {"type": "Point", "coordinates": [-97.7281, 30.5198]}}, {"type": "Feature", "properties": {"name": "Round Rock Municipal Center", "city": "Round Rock", "state": "Texas", "type": "Government Hub"}, "geometry": {"type": "Point", "coordinates": [-97.6687, 30.5451]}}, {"type": "Feature", "properties": {"name": "Round Rock Public Safety Building", "city": "Round Rock", "state": "Texas", "type": "Government Hub"}, "geometry": {"type": "Point", "coordinates": [-97.6403, 30.4833]}}, {"type": "Feature", "properties": {"name": "Clearwater VA Medical Center", "city": "Clearwater", "state": "Florida", "type": "Government Hub"}, "geometry": {"type": "Point", "coordinates": [-82.8002, 27.9314]}}, {"type": "Feature", "properties": {"name": "Clearwater Civic Center", "city": "Clearwater", "state": "Florida", "type": "Government Hub"}, "geometry": {"type": "Point", "coordinates": [-82.775, 27.9628]}}, {"type": "Feature", "properties": {"name": "Waterbury Government Center", "city": "Waterbury", "state": "Connecticut", "type": "Government Hub"}, "geometry": {"type": "Point", "coordinates": [-73.0721, 41.545]}}, {"type": "Feature", "properties": {"name": "Waterbury Post Office", "city": "Waterbury", "state": "Connecticut", "type": "Government Hub"}, "geometry": {"type": "Point", "coordinates": [-72.996, 41.5199]}}, {"type": "Feature", "properties": {"name": "Waterbury Government Center", "city": "Waterbury", "state": "Connecticut", "type": "Government Hub"}, "geometry": {"type": "Point", "coordinates": [-73.0804, 41.5977]}}, {"type": "Feature", "properties": {"name": "Gresham Federal Building", "city": "Gresham", "state": "Oregon", "type": "Government Hub"}, "geometry": {"type": "Point", "coordinates": [-122.4726, 45.472]}}, {"type": "Feature", "properties": {"name": "Gresham Administrative Center", "city": "Gresham", "state": "Oregon", "type": "Government Hub"}, "geometry": {"type": "Point", "coordinates": [-122.3945, 45.5273]}}, {"type": "Feature", "properties": {"name": "Gresham Government Center", "city": "Gresham", "state": "Oregon", "type": "Government Hub"}, "geometry": {"type": "Point", "coordinates": [-122.4773, 45.5027]}}, {"type": "Feature", "properties": {"name": "Gresham Federal Building", "city": "Gresham", "state": "Oregon", "type": "Government Hub"}, "geometry": {"type": "Point", "coordinates": [-122.4836, 45.5289]}}, {"type": "Feature", "properties": {"name": "Fairfield State Office Building", "city": "Fairfield", "state": "California", "type": "Government Hub"}, "geometry": {"type": "Point", "coordinates": [-122.0351, 38.2696]}}, {"type": "Feature", "properties": {"name": "Fairfield Social Security Office", "city": "Fairfield", "state": "California", "type": "Government Hub"}, "geometry": {"type": "Point", "coordinates": [-122.0501, 38.2115]}}, {"type": "Feature", "properties": {"name": "Fairfield Public Safety Building", "city": "Fairfield", "state": "California", "type": "Government Hub"}, "geometry": {"type": "Point", "coordinates": [-122.0297, 38.2655]}}, {"type": "Feature", "properties": {"name": "Fairfield Municipal Center", "city": "Fairfield", "state": "California", "type": "Government Hub"}, "geometry": {"type": "Point", "coordinates": [-122.0182, 38.2097]}}, {"type": "Feature", "properties": {"name": "Billings Post Office", "city": "Billings", "state": "Montana", "type": "Government Hub"}, "geometry": {"type": "Point", "coordinates": [-108.4609, 45.8165]}}, {"type": "Feature", "properties": {"name": "Billings Post Office", "city": "Billings", "state": "Montana", "type": "Government Hub"}, "geometry": {"type": "Point", "coordinates": [-108.4693, 45.8006]}}, {"type": "Feature", "properties": {"name": "Billings Municipal Center", "city": "Billings", "state": "Montana", "type": "Government Hub"}, "geometry": {"type": "Point", "coordinates": [-108.4918, 45.7795]}}, {"type": "Feature", "properties": {"name": "Billings Government Center", "city": "Billings", "state": "Montana", "type": "Government Hub"}, "geometry": {"type": "Point", "coordinates": [-108.5272, 45.7818]}}, {"type": "Feature", "properties": {"name": "Billings Civic Center", "city": "Billings", "state": "Montana", "type": "Government Hub"}, "geometry": {"type": "Point", "coordinates": [-108.4863, 45.8156]}}, {"type": "Feature", "properties": {"name": "Lowell County Courthouse", "city": "Lowell", "state": "Massachusetts", "type": "Government Hub"}, "geometry": {"type": "Point", "coordinates": [-71.3009, 42.671]}}, {"type": "Feature", "properties": {"name": "Lowell VA Medical Center", "city": "Lowell", "state": "Massachusetts", "type": "Government Hub"}, "geometry": {"type": "Point", "coordinates": [-71.3629, 42.6442]}}, {"type": "Feature", "properties": {"name": "Lowell DMV Regional Office", "city": "Lowell", "state": "Massachusetts", "type": "Government Hub"}, "geometry": {"type": "Point", "coordinates": [-71.2702, 42.6485]}}, {"type": "Feature", "properties": {"name": "Lowell City Hall", "city": "Lowell", "state": "Massachusetts", "type": "Government Hub"}, "geometry": {"type": "Point", "coordinates": [-71.3301, 42.5975]}}, {"type": "Feature", "properties": {"name": "San Buenaventura (Ventura) County Courthouse", "city": "San Buenaventura (Ventura)", "state": "California", "type": "Government Hub"}, "geometry": {"type": "Point", "coordinates": [-119.2491, 34.247]}}, {"type": "Feature", "properties": {"name": "San Buenaventura (Ventura) City Hall", "city": "San Buenaventura (Ventura)", "state": "California", "type": "Government Hub"}, "geometry": {"type": "Point", "coordinates": [-119.2526, 34.2427]}}, {"type": "Feature", "properties": {"name": "San Buenaventura (Ventura) Federal Building", "city": "San Buenaventura (Ventura)", "state": "California", "type": "Government Hub"}, "geometry": {"type": "Point", "coordinates": [-119.1746, 34.256]}}, {"type": "Feature", "properties": {"name": "San Buenaventura (Ventura) VA Medical Center", "city": "San Buenaventura (Ventura)", "state": "California", "type": "Government Hub"}, "geometry": {"type": "Point", "coordinates": [-119.2052, 34.2377]}}, {"type": "Feature", "properties": {"name": "San Buenaventura (Ventura) County Courthouse", "city": "San Buenaventura (Ventura)", "state": "California", "type": "Government Hub"}, "geometry": {"type": "Point", "coordinates": [-119.2722, 34.2427]}}, {"type": "Feature", "properties": {"name": "Pueblo DMV Regional Office", "city": "Pueblo", "state": "Colorado", "type": "Government Hub"}, "geometry": {"type": "Point", "coordinates": [-104.581, 38.2401]}}, {"type": "Feature", "properties": {"name": "Pueblo Civic Center", "city": "Pueblo", "state": "Colorado", "type": "Government Hub"}, "geometry": {"type": "Point", "coordinates": [-104.6061, 38.2493]}}, {"type": "Feature", "properties": {"name": "Pueblo State Office Building", "city": "Pueblo", "state": "Colorado", "type": "Government Hub"}, "geometry": {"type": "Point", "coordinates": [-104.6033, 38.2173]}}, {"type": "Feature", "properties": {"name": "Pueblo Federal Building", "city": "Pueblo", "state": "Colorado", "type": "Government Hub"}, "geometry": {"type": "Point", "coordinates": [-104.5849, 38.2929]}}, {"type": "Feature", "properties": {"name": "High Point Post Office", "city": "High Point", "state": "North Carolina", "type": "Government Hub"}, "geometry": {"type": "Point", "coordinates": [-79.9623, 35.9923]}}, {"type": "Feature", "properties": {"name": "High Point Post Office", "city": "High Point", "state": "North Carolina", "type": "Government Hub"}, "geometry": {"type": "Point", "coordinates": [-79.9737, 35.9795]}}, {"type": "Feature", "properties": {"name": "High Point Post Office", "city": "High Point", "state": "North Carolina", "type": "Government Hub"}, "geometry": {"type": "Point", "coordinates": [-80.0456, 35.9272]}}, {"type": "Feature", "properties": {"name": "High Point Public Safety Building", "city": "High Point", "state": "North Carolina", "type": "Government Hub"}, "geometry": {"type": "Point", "coordinates": [-79.9734, 35.9377]}}, {"type": "Feature", "properties": {"name": "High Point VA Medical Center", "city": "High Point", "state": "North Carolina", "type": "Government Hub"}, "geometry": {"type": "Point", "coordinates": [-80.0412, 35.9432]}}, {"type": "Feature", "properties": {"name": "West Covina Administrative Center", "city": "West Covina", "state": "California", "type": "Government Hub"}, "geometry": {"type": "Point", "coordinates": [-117.9049, 34.1082]}}, {"type": "Feature", "properties": {"name": "West Covina VA Medical Center", "city": "West Covina", "state": "California", "type": "Government Hub"}, "geometry": {"type": "Point", "coordinates": [-117.9457, 34.0836]}}, {"type": "Feature", "properties": {"name": "West Covina Civic Center", "city": "West Covina", "state": "California", "type": "Government Hub"}, "geometry": {"type": "Point", "coordinates": [-117.9768, 34.0768]}}, {"type": "Feature", "properties": {"name": "Richmond Social Security Office", "city": "Richmond", "state": "California", "type": "Government Hub"}, "geometry": {"type": "Point", "coordinates": [-122.3132, 37.9182]}}, {"type": "Feature", "properties": {"name": "Richmond IRS Service Center", "city": "Richmond", "state": "California", "type": "Government Hub"}, "geometry": {"type": "Point", "coordinates": [-122.3464, 37.9152]}}, {"type": "Feature", "properties": {"name": "Richmond VA Medical Center", "city": "Richmond", "state": "California", "type": "Government Hub"}, "geometry": {"type": "Point", "coordinates": [-122.3785, 37.9132]}}, {"type": "Feature", "properties": {"name": "Murrieta Public Safety Building", "city": "Murrieta", "state": "California", "type": "Government Hub"}, "geometry": {"type": "Point", "coordinates": [-117.2435, 33.5422]}}, {"type": "Feature", "properties": {"name": "Murrieta Post Office", "city": "Murrieta", "state": "California", "type": "Government Hub"}, "geometry": {"type": "Point", "coordinates": [-117.2521, 33.5203]}}, {"type": "Feature", "properties": {"name": "Murrieta Federal Courthouse", "city": "Murrieta", "state": "California", "type": "Government Hub"}, "geometry": {"type": "Point", "coordinates": [-117.2296, 33.5669]}}, {"type": "Feature", "properties": {"name": "Murrieta Federal Building", "city": "Murrieta", "state": "California", "type": "Government Hub"}, "geometry": {"type": "Point", "coordinates": [-117.2593, 33.5215]}}, {"type": "Feature", "properties": {"name": "Cambridge Municipal Center", "city": "Cambridge", "state": "Massachusetts", "type": "Government Hub"}, "geometry": {"type": "Point", "coordinates": [-71.0614, 42.4135]}}, {"type": "Feature", "properties": {"name": "Cambridge Municipal Center", "city": "Cambridge", "state": "Massachusetts", "type": "Government Hub"}, "geometry": {"type": "Point", "coordinates": [-71.1092, 42.3843]}}, {"type": "Feature", "properties": {"name": "Antioch Government Center", "city": "Antioch", "state": "California", "type": "Government Hub"}, "geometry": {"type": "Point", "coordinates": [-121.8223, 37.9911]}}, {"type": "Feature", "properties": {"name": "Antioch Public Safety Building", "city": "Antioch", "state": "California", "type": "Government Hub"}, "geometry": {"type": "Point", "coordinates": [-121.7556, 38.0166]}}, {"type": "Feature", "properties": {"name": "Antioch Federal Building", "city": "Antioch", "state": "California", "type": "Government Hub"}, "geometry": {"type": "Point", "coordinates": [-121.8014, 37.975]}}, {"type": "Feature", "properties": {"name": "Antioch Post Office", "city": "Antioch", "state": "California", "type": "Government Hub"}, "geometry": {"type": "Point", "coordinates": [-121.8554, 37.9749]}}, {"type": "Feature", "properties": {"name": "Antioch DMV Regional Office", "city": "Antioch", "state": "California", "type": "Government Hub"}, "geometry": {"type": "Point", "coordinates": [-121.768, 38.0136]}}, {"type": "Feature", "properties": {"name": "Temecula Public Safety Building", "city": "Temecula", "state": "California", "type": "Government Hub"}, "geometry": {"type": "Point", "coordinates": [-117.1724, 33.4754]}}, {"type": "Feature", "properties": {"name": "Temecula Post Office", "city": "Temecula", "state": "California", "type": "Government Hub"}, "geometry": {"type": "Point", "coordinates": [-117.1785, 33.5034]}}, {"type": "Feature", "properties": {"name": "Norwalk IRS Service Center", "city": "Norwalk", "state": "California", "type": "Government Hub"}, "geometry": {"type": "Point", "coordinates": [-118.1359, 33.899]}}, {"type": "Feature", "properties": {"name": "Norwalk Public Safety Building", "city": "Norwalk", "state": "California", "type": "Government Hub"}, "geometry": {"type": "Point", "coordinates": [-118.0766, 33.8991]}}, {"type": "Feature", "properties": {"name": "Norwalk Government Center", "city": "Norwalk", "state": "California", "type": "Government Hub"}, "geometry": {"type": "Point", "coordinates": [-118.0605, 33.9301]}}, {"type": "Feature", "properties": {"name": "Centennial VA Medical Center", "city": "Centennial", "state": "Colorado", "type": "Government Hub"}, "geometry": {"type": "Point", "coordinates": [-104.9221, 39.6076]}}, {"type": "Feature", "properties": {"name": "Centennial Government Center", "city": "Centennial", "state": "Colorado", "type": "Government Hub"}, "geometry": {"type": "Point", "coordinates": [-104.8821, 39.6176]}}, {"type": "Feature", "properties": {"name": "Centennial Municipal Center", "city": "Centennial", "state": "Colorado", "type": "Government Hub"}, "geometry": {"type": "Point", "coordinates": [-104.9073, 39.5832]}}, {"type": "Feature", "properties": {"name": "Centennial Administrative Center", "city": "Centennial", "state": "Colorado", "type": "Government Hub"}, "geometry": {"type": "Point", "coordinates": [-104.8659, 39.5752]}}, {"type": "Feature", "properties": {"name": "Everett IRS Service Center", "city": "Everett", "state": "Washington", "type": "Government Hub"}, "geometry": {"type": "Point", "coordinates": [-122.2174, 47.9415]}}, {"type": "Feature", "properties": {"name": "Everett Federal Building", "city": "Everett", "state": "Washington", "type": "Government Hub"}, "geometry": {"type": "Point", "coordinates": [-122.253, 48.0171]}}, {"type": "Feature", "properties": {"name": "Everett Federal Building", "city": "Everett", "state": "Washington", "type": "Government Hub"}, "geometry": {"type": "Point", "coordinates": [-122.2509, 47.9592]}}, {"type": "Feature", "properties": {"name": "Everett DMV Regional Office", "city": "Everett", "state": "Washington", "type": "Government Hub"}, "geometry": {"type": "Point", "coordinates": [-122.1738, 47.9887]}}, {"type": "Feature", "properties": {"name": "Wichita Falls County Courthouse", "city": "Wichita Falls", "state": "Texas", "type": "Government Hub"}, "geometry": {"type": "Point", "coordinates": [-98.5084, 33.9247]}}, {"type": "Feature", "properties": {"name": "Wichita Falls Federal Building", "city": "Wichita Falls", "state": "Texas", "type": "Government Hub"}, "geometry": {"type": "Point", "coordinates": [-98.5083, 33.881]}}, {"type": "Feature", "properties": {"name": "Wichita Falls Municipal Center", "city": "Wichita Falls", "state": "Texas", "type": "Government Hub"}, "geometry": {"type": "Point", "coordinates": [-98.4709, 33.9302]}}, {"type": "Feature", "properties": {"name": "Wichita Falls Administrative Center", "city": "Wichita Falls", "state": "Texas", "type": "Government Hub"}, "geometry": {"type": "Point", "coordinates": [-98.4689, 33.8811]}}, {"type": "Feature", "properties": {"name": "Palm Bay Civic Center", "city": "Palm Bay", "state": "Florida", "type": "Government Hub"}, "geometry": {"type": "Point", "coordinates": [-80.5581, 28.0293]}}, {"type": "Feature", "properties": {"name": "Palm Bay Post Office", "city": "Palm Bay", "state": "Florida", "type": "Government Hub"}, "geometry": {"type": "Point", "coordinates": [-80.5638, 28.072]}}, {"type": "Feature", "properties": {"name": "Palm Bay Social Security Office", "city": "Palm Bay", "state": "Florida", "type": "Government Hub"}, "geometry": {"type": "Point", "coordinates": [-80.5476, 28.0175]}}, {"type": "Feature", "properties": {"name": "Green Bay Government Center", "city": "Green Bay", "state": "Wisconsin", "type": "Government Hub"}, "geometry": {"type": "Point", "coordinates": [-88.0758, 44.4953]}}, {"type": "Feature", "properties": {"name": "Green Bay Post Office", "city": "Green Bay", "state": "Wisconsin", "type": "Government Hub"}, "geometry": {"type": "Point", "coordinates": [-88.0032, 44.5561]}}, {"type": "Feature", "properties": {"name": "Daly City City Hall", "city": "Daly City", "state": "California", "type": "Government Hub"}, "geometry": {"type": "Point", "coordinates": [-122.5199, 37.6648]}}, {"type": "Feature", "properties": {"name": "Daly City State Office Building", "city": "Daly City", "state": "California", "type": "Government Hub"}, "geometry": {"type": "Point", "coordinates": [-122.4148, 37.6676]}}, {"type": "Feature", "properties": {"name": "Daly City County Courthouse", "city": "Daly City", "state": "California", "type": "Government Hub"}, "geometry": {"type": "Point", "coordinates": [-122.4924, 37.7194]}}, {"type": "Feature", "properties": {"name": "Daly City DMV Regional Office", "city": "Daly City", "state": "California", "type": "Government Hub"}, "geometry": {"type": "Point", "coordinates": [-122.4195, 37.7226]}}, {"type": "Feature", "properties": {"name": "Daly City Government Center", "city": "Daly City", "state": "California", "type": "Government Hub"}, "geometry": {"type": "Point", "coordinates": [-122.525, 37.6488]}}, {"type": "Feature", "properties": {"name": "Burbank State Office Building", "city": "Burbank", "state": "California", "type": "Government Hub"}, "geometry": {"type": "Point", "coordinates": [-118.32, 34.1862]}}, {"type": "Feature", "properties": {"name": "Burbank Government Center", "city": "Burbank", "state": "California", "type": "Government Hub"}, "geometry": {"type": "Point", "coordinates": [-118.3433, 34.2133]}}, {"type": "Feature", "properties": {"name": "Burbank Administrative Center", "city": "Burbank", "state": "California", "type": "Government Hub"}, "geometry": {"type": "Point", "coordinates": [-118.2684, 34.2056]}}, {"type": "Feature", "properties": {"name": "Richardson Administrative Center", "city": "Richardson", "state": "Texas", "type": "Government Hub"}, "geometry": {"type": "Point", "coordinates": [-96.6826, 32.9352]}}, {"type": "Feature", "properties": {"name": "Richardson Post Office", "city": "Richardson", "state": "Texas", "type": "Government Hub"}, "geometry": {"type": "Point", "coordinates": [-96.6995, 32.9497]}}, {"type": "Feature", "properties": {"name": "Richardson IRS Service Center", "city": "Richardson", "state": "Texas", "type": "Government Hub"}, "geometry": {"type": "Point", "coordinates": [-96.7006, 32.9211]}}, {"type": "Feature", "properties": {"name": "Richardson Government Center", "city": "Richardson", "state": "Texas", "type": "Government Hub"}, "geometry": {"type": "Point", "coordinates": [-96.7794, 32.9243]}}, {"type": "Feature", "properties": {"name": "Richardson State Office Building", "city": "Richardson", "state": "Texas", "type": "Government Hub"}, "geometry": {"type": "Point", "coordinates": [-96.781, 32.9608]}}, {"type": "Feature", "properties": {"name": "Pompano Beach Post Office", "city": "Pompano Beach", "state": "Florida", "type": "Government Hub"}, "geometry": {"type": "Point", "coordinates": [-80.1671, 26.2748]}}, {"type": "Feature", "properties": {"name": "Pompano Beach VA Medical Center", "city": "Pompano Beach", "state": "Florida", "type": "Government Hub"}, "geometry": {"type": "Point", "coordinates": [-80.1309, 26.2622]}}, {"type": "Feature", "properties": {"name": "Pompano Beach Government Center", "city": "Pompano Beach", "state": "Florida", "type": "Government Hub"}, "geometry": {"type": "Point", "coordinates": [-80.0804, 26.2082]}}, {"type": "Feature", "properties": {"name": "Pompano Beach VA Medical Center", "city": "Pompano Beach", "state": "Florida", "type": "Government Hub"}, "geometry": {"type": "Point", "coordinates": [-80.1056, 26.2326]}}, {"type": "Feature", "properties": {"name": "Pompano Beach Federal Building", "city": "Pompano Beach", "state": "Florida", "type": "Government Hub"}, "geometry": {"type": "Point", "coordinates": [-80.1409, 26.2341]}}, {"type": "Feature", "properties": {"name": "North Charleston Social Security Office", "city": "North Charleston", "state": "South Carolina", "type": "Government Hub"}, "geometry": {"type": "Point", "coordinates": [-79.9462, 32.8836]}}, {"type": "Feature", "properties": {"name": "North Charleston VA Medical Center", "city": "North Charleston", "state": "South Carolina", "type": "Government Hub"}, "geometry": {"type": "Point", "coordinates": [-79.9254, 32.83]}}, {"type": "Feature", "properties": {"name": "North Charleston City Hall", "city": "North Charleston", "state": "South Carolina", "type": "Government Hub"}, "geometry": {"type": "Point", "coordinates": [-79.9814, 32.8585]}}, {"type": "Feature", "properties": {"name": "Broken Arrow Administrative Center", "city": "Broken Arrow", "state": "Oklahoma", "type": "Government Hub"}, "geometry": {"type": "Point", "coordinates": [-95.8312, 36.0516]}}, {"type": "Feature", "properties": {"name": "Broken Arrow Federal Courthouse", "city": "Broken Arrow", "state": "Oklahoma", "type": "Government Hub"}, "geometry": {"type": "Point", "coordinates": [-95.8424, 36.0412]}}, {"type": "Feature", "properties": {"name": "Broken Arrow Public Safety Building", "city": "Broken Arrow", "state": "Oklahoma", "type": "Government Hub"}, "geometry": {"type": "Point", "coordinates": [-95.8408, 36.0799]}}, {"type": "Feature", "properties": {"name": "Boulder Municipal Center", "city": "Boulder", "state": "Colorado", "type": "Government Hub"}, "geometry": {"type": "Point", "coordinates": [-105.2585, 40.0191]}}, {"type": "Feature", "properties": {"name": "Boulder Federal Courthouse", "city": "Boulder", "state": "Colorado", "type": "Government Hub"}, "geometry": {"type": "Point", "coordinates": [-105.2942, 40.0168]}}, {"type": "Feature", "properties": {"name": "Boulder Government Center", "city": "Boulder", "state": "Colorado", "type": "Government Hub"}, "geometry": {"type": "Point", "coordinates": [-105.2864, 40.029]}}, {"type": "Feature", "properties": {"name": "West Palm Beach Administrative Center", "city": "West Palm Beach", "state": "Florida", "type": "Government Hub"}, "geometry": {"type": "Point", "coordinates": [-80.1003, 26.7299]}}, {"type": "Feature", "properties": {"name": "West Palm Beach Administrative Center", "city": "West Palm Beach", "state": "Florida", "type": "Government Hub"}, "geometry": {"type": "Point", "coordinates": [-80.0483, 26.7317]}}, {"type": "Feature", "properties": {"name": "West Palm Beach County Courthouse", "city": "West Palm Beach", "state": "Florida", "type": "Government Hub"}, "geometry": {"type": "Point", "coordinates": [-80.0372, 26.6849]}}, {"type": "Feature", "properties": {"name": "Santa Maria Post Office", "city": "Santa Maria", "state": "California", "type": "Government Hub"}, "geometry": {"type": "Point", "coordinates": [-120.4171, 34.9273]}}, {"type": "Feature", "properties": {"name": "Santa Maria Public Safety Building", "city": "Santa Maria", "state": "California", "type": "Government Hub"}, "geometry": {"type": "Point", "coordinates": [-120.4612, 34.9844]}}, {"type": "Feature", "properties": {"name": "Santa Maria DMV Regional Office", "city": "Santa Maria", "state": "California", "type": "Government Hub"}, "geometry": {"type": "Point", "coordinates": [-120.4195, 34.9568]}}, {"type": "Feature", "properties": {"name": "Santa Maria City Hall", "city": "Santa Maria", "state": "California", "type": "Government Hub"}, "geometry": {"type": "Point", "coordinates": [-120.4757, 34.9253]}}, {"type": "Feature", "properties": {"name": "Santa Maria DMV Regional Office", "city": "Santa Maria", "state": "California", "type": "Government Hub"}, "geometry": {"type": "Point", "coordinates": [-120.4765, 34.9361]}}, {"type": "Feature", "properties": {"name": "El Cajon Municipal Center", "city": "El Cajon", "state": "California", "type": "Government Hub"}, "geometry": {"type": "Point", "coordinates": [-116.9525, 32.8083]}}, {"type": "Feature", "properties": {"name": "El Cajon Municipal Center", "city": "El Cajon", "state": "California", "type": "Government Hub"}, "geometry": {"type": "Point", "coordinates": [-116.9339, 32.7901]}}, {"type": "Feature", "properties": {"name": "Davenport VA Medical Center", "city": "Davenport", "state": "Iowa", "type": "Government Hub"}, "geometry": {"type": "Point", "coordinates": [-90.5952, 41.5086]}}, {"type": "Feature", "properties": {"name": "Davenport Administrative Center", "city": "Davenport", "state": "Iowa", "type": "Government Hub"}, "geometry": {"type": "Point", "coordinates": [-90.6077, 41.5299]}}, {"type": "Feature", "properties": {"name": "Rialto Federal Courthouse", "city": "Rialto", "state": "California", "type": "Government Hub"}, "geometry": {"type": "Point", "coordinates": [-117.3933, 34.1208]}}, {"type": "Feature", "properties": {"name": "Rialto Administrative Center", "city": "Rialto", "state": "California", "type": "Government Hub"}, "geometry": {"type": "Point", "coordinates": [-117.3413, 34.1109]}}, {"type": "Feature", "properties": {"name": "Las Cruces Federal Building", "city": "Las Cruces", "state": "New Mexico", "type": "Government Hub"}, "geometry": {"type": "Point", "coordinates": [-106.7268, 32.3406]}}, {"type": "Feature", "properties": {"name": "Las Cruces Social Security Office", "city": "Las Cruces", "state": "New Mexico", "type": "Government Hub"}, "geometry": {"type": "Point", "coordinates": [-106.7797, 32.2835]}}, {"type": "Feature", "properties": {"name": "Las Cruces IRS Service Center", "city": "Las Cruces", "state": "New Mexico", "type": "Government Hub"}, "geometry": {"type": "Point", "coordinates": [-106.7321, 32.3493]}}, {"type": "Feature", "properties": {"name": "Las Cruces County Courthouse", "city": "Las Cruces", "state": "New Mexico", "type": "Government Hub"}, "geometry": {"type": "Point", "coordinates": [-106.7537, 32.3264]}}, {"type": "Feature", "properties": {"name": "Las Cruces City Hall", "city": "Las Cruces", "state": "New Mexico", "type": "Government Hub"}, "geometry": {"type": "Point", "coordinates": [-106.796, 32.2805]}}, {"type": "Feature", "properties": {"name": "San Mateo State Office Building", "city": "San Mateo", "state": "California", "type": "Government Hub"}, "geometry": {"type": "Point", "coordinates": [-122.3527, 37.5918]}}, {"type": "Feature", "properties": {"name": "San Mateo Municipal Center", "city": "San Mateo", "state": "California", "type": "Government Hub"}, "geometry": {"type": "Point", "coordinates": [-122.362, 37.5444]}}, {"type": "Feature", "properties": {"name": "Lewisville Post Office", "city": "Lewisville", "state": "Texas", "type": "Government Hub"}, "geometry": {"type": "Point", "coordinates": [-96.9489, 33.0596]}}, {"type": "Feature", "properties": {"name": "Lewisville State Office Building", "city": "Lewisville", "state": "Texas", "type": "Government Hub"}, "geometry": {"type": "Point", "coordinates": [-97.008, 33.0342]}}, {"type": "Feature", "properties": {"name": "Lewisville Federal Building", "city": "Lewisville", "state": "Texas", "type": "Government Hub"}, "geometry": {"type": "Point", "coordinates": [-96.9505, 33.0112]}}, {"type": "Feature", "properties": {"name": "Lewisville Post Office", "city": "Lewisville", "state": "Texas", "type": "Government Hub"}, "geometry": {"type": "Point", "coordinates": [-96.9799, 33.0524]}}, {"type": "Feature", "properties": {"name": "Lewisville Post Office", "city": "Lewisville", "state": "Texas", "type": "Government Hub"}, "geometry": {"type": "Point", "coordinates": [-96.9857, 33.064]}}, {"type": "Feature", "properties": {"name": "South Bend Social Security Office", "city": "South Bend", "state": "Indiana", "type": "Government Hub"}, "geometry": {"type": "Point", "coordinates": [-86.2568, 41.6972]}}, {"type": "Feature", "properties": {"name": "South Bend Federal Courthouse", "city": "South Bend", "state": "Indiana", "type": "Government Hub"}, "geometry": {"type": "Point", "coordinates": [-86.3039, 41.7079]}}, {"type": "Feature", "properties": {"name": "South Bend Municipal Center", "city": "South Bend", "state": "Indiana", "type": "Government Hub"}, "geometry": {"type": "Point", "coordinates": [-86.296, 41.6749]}}, {"type": "Feature", "properties": {"name": "South Bend Public Safety Building", "city": "South Bend", "state": "Indiana", "type": "Government Hub"}, "geometry": {"type": "Point", "coordinates": [-86.2437, 41.6484]}}, {"type": "Feature", "properties": {"name": "South Bend Post Office", "city": "South Bend", "state": "Indiana", "type": "Government Hub"}, "geometry": {"type": "Point", "coordinates": [-86.288, 41.6395]}}, {"type": "Feature", "properties": {"name": "Lakeland Government Center", "city": "Lakeland", "state": "Florida", "type": "Government Hub"}, "geometry": {"type": "Point", "coordinates": [-81.9747, 28.0124]}}, {"type": "Feature", "properties": {"name": "Lakeland IRS Service Center", "city": "Lakeland", "state": "Florida", "type": "Government Hub"}, "geometry": {"type": "Point", "coordinates": [-81.9393, 28.0255]}}, {"type": "Feature", "properties": {"name": "Lakeland County Courthouse", "city": "Lakeland", "state": "Florida", "type": "Government Hub"}, "geometry": {"type": "Point", "coordinates": [-81.964, 28.0648]}}, {"type": "Feature", "properties": {"name": "Erie Social Security Office", "city": "Erie", "state": "Pennsylvania", "type": "Government Hub"}, "geometry": {"type": "Point", "coordinates": [-80.1299, 42.1471]}}, {"type": "Feature", "properties": {"name": "Erie IRS Service Center", "city": "Erie", "state": "Pennsylvania", "type": "Government Hub"}, "geometry": {"type": "Point", "coordinates": [-80.0508, 42.1006]}}, {"type": "Feature", "properties": {"name": "Erie Federal Courthouse", "city": "Erie", "state": "Pennsylvania", "type": "Government Hub"}, "geometry": {"type": "Point", "coordinates": [-80.0539, 42.1381]}}, {"type": "Feature", "properties": {"name": "Erie Post Office", "city": "Erie", "state": "Pennsylvania", "type": "Government Hub"}, "geometry": {"type": "Point", "coordinates": [-80.0958, 42.1474]}}, {"type": "Feature", "properties": {"name": "Erie DMV Regional Office", "city": "Erie", "state": "Pennsylvania", "type": "Government Hub"}, "geometry": {"type": "Point", "coordinates": [-80.103, 42.1583]}}, {"type": "Feature", "properties": {"name": "Tyler State Office Building", "city": "Tyler", "state": "Texas", "type": "Government Hub"}, "geometry": {"type": "Point", "coordinates": [-95.3274, 32.3734]}}, {"type": "Feature", "properties": {"name": "Tyler Social Security Office", "city": "Tyler", "state": "Texas", "type": "Government Hub"}, "geometry": {"type": "Point", "coordinates": [-95.3019, 32.3641]}}, {"type": "Feature", "properties": {"name": "Tyler State Office Building", "city": "Tyler", "state": "Texas", "type": "Government Hub"}, "geometry": {"type": "Point", "coordinates": [-95.357, 32.3598]}}, {"type": "Feature", "properties": {"name": "Tyler Municipal Center", "city": "Tyler", "state": "Texas", "type": "Government Hub"}, "geometry": {"type": "Point", "coordinates": [-95.3313, 32.3321]}}, {"type": "Feature", "properties": {"name": "Tyler Municipal Center", "city": "Tyler", "state": "Texas", "type": "Government Hub"}, "geometry": {"type": "Point", "coordinates": [-95.3097, 32.3121]}}, {"type": "Feature", "properties": {"name": "Pearland Federal Building", "city": "Pearland", "state": "Texas", "type": "Government Hub"}, "geometry": {"type": "Point", "coordinates": [-95.3269, 29.5742]}}, {"type": "Feature", "properties": {"name": "Pearland Government Center", "city": "Pearland", "state": "Texas", "type": "Government Hub"}, "geometry": {"type": "Point", "coordinates": [-95.2592, 29.5943]}}, {"type": "Feature", "properties": {"name": "Pearland VA Medical Center", "city": "Pearland", "state": "Texas", "type": "Government Hub"}, "geometry": {"type": "Point", "coordinates": [-95.2875, 29.6033]}}, {"type": "Feature", "properties": {"name": "College Station Administrative Center", "city": "College Station", "state": "Texas", "type": "Government Hub"}, "geometry": {"type": "Point", "coordinates": [-96.297, 30.5898]}}, {"type": "Feature", "properties": {"name": "College Station Post Office", "city": "College Station", "state": "Texas", "type": "Government Hub"}, "geometry": {"type": "Point", "coordinates": [-96.3216, 30.6478]}}, {"type": "Feature", "properties": {"name": "College Station Public Safety Building", "city": "College Station", "state": "Texas", "type": "Government Hub"}, "geometry": {"type": "Point", "coordinates": [-96.3491, 30.6563]}}, {"type": "Feature", "properties": {"name": "College Station Municipal Center", "city": "College Station", "state": "Texas", "type": "Government Hub"}, "geometry": {"type": "Point", "coordinates": [-96.3349, 30.611]}}, {"type": "Feature", "properties": {"name": "College Station Social Security Office", "city": "College Station", "state": "Texas", "type": "Government Hub"}, "geometry": {"type": "Point", "coordinates": [-96.3756, 30.6246]}}, {"type": "Feature", "properties": {"name": "Kenosha State Office Building", "city": "Kenosha", "state": "Wisconsin", "type": "Government Hub"}, "geometry": {"type": "Point", "coordinates": [-87.8496, 42.5827]}}, {"type": "Feature", "properties": {"name": "Sandy Springs State Office Building", "city": "Sandy Springs", "state": "Georgia", "type": "Government Hub"}, "geometry": {"type": "Point", "coordinates": [-84.3549, 33.9253]}}, {"type": "Feature", "properties": {"name": "Sandy Springs City Hall", "city": "Sandy Springs", "state": "Georgia", "type": "Government Hub"}, "geometry": {"type": "Point", "coordinates": [-84.3292, 33.9688]}}, {"type": "Feature", "properties": {"name": "Clovis County Courthouse", "city": "Clovis", "state": "California", "type": "Government Hub"}, "geometry": {"type": "Point", "coordinates": [-119.6726, 36.8077]}}, {"type": "Feature", "properties": {"name": "Flint State Office Building", "city": "Flint", "state": "Michigan", "type": "Government Hub"}, "geometry": {"type": "Point", "coordinates": [-83.7343, 43.046]}}, {"type": "Feature", "properties": {"name": "Flint Federal Building", "city": "Flint", "state": "Michigan", "type": "Government Hub"}, "geometry": {"type": "Point", "coordinates": [-83.6575, 42.9951]}}, {"type": "Feature", "properties": {"name": "Flint City Hall", "city": "Flint", "state": "Michigan", "type": "Government Hub"}, "geometry": {"type": "Point", "coordinates": [-83.6466, 43.0302]}}, {"type": "Feature", "properties": {"name": "Roanoke County Courthouse", "city": "Roanoke", "state": "Virginia", "type": "Government Hub"}, "geometry": {"type": "Point", "coordinates": [-79.9347, 37.2662]}}, {"type": "Feature", "properties": {"name": "Roanoke Post Office", "city": "Roanoke", "state": "Virginia", "type": "Government Hub"}, "geometry": {"type": "Point", "coordinates": [-79.9402, 37.2684]}}, {"type": "Feature", "properties": {"name": "Albany VA Medical Center", "city": "Albany", "state": "New York", "type": "Government Hub"}, "geometry": {"type": "Point", "coordinates": [-73.7147, 42.6529]}}, {"type": "Feature", "properties": {"name": "Albany Municipal Center", "city": "Albany", "state": "New York", "type": "Government Hub"}, "geometry": {"type": "Point", "coordinates": [-73.7263, 42.6611]}}, {"type": "Feature", "properties": {"name": "Albany DMV Regional Office", "city": "Albany", "state": "New York", "type": "Government Hub"}, "geometry": {"type": "Point", "coordinates": [-73.7204, 42.6156]}}, {"type": "Feature", "properties": {"name": "Jurupa Valley DMV Regional Office", "city": "Jurupa Valley", "state": "California", "type": "Government Hub"}, "geometry": {"type": "Point", "coordinates": [-117.4559, 33.9762]}}, {"type": "Feature", "properties": {"name": "Jurupa Valley IRS Service Center", "city": "Jurupa Valley", "state": "California", "type": "Government Hub"}, "geometry": {"type": "Point", "coordinates": [-117.463, 33.9607]}}, {"type": "Feature", "properties": {"name": "Compton State Office Building", "city": "Compton", "state": "California", "type": "Government Hub"}, "geometry": {"type": "Point", "coordinates": [-118.2, 33.8641]}}, {"type": "Feature", "properties": {"name": "Compton City Hall", "city": "Compton", "state": "California", "type": "Government Hub"}, "geometry": {"type": "Point", "coordinates": [-118.1852, 33.8837]}}, {"type": "Feature", "properties": {"name": "Compton Municipal Center", "city": "Compton", "state": "California", "type": "Government Hub"}, "geometry": {"type": "Point", "coordinates": [-118.1725, 33.9262]}}, {"type": "Feature", "properties": {"name": "San Angelo VA Medical Center", "city": "San Angelo", "state": "Texas", "type": "Government Hub"}, "geometry": {"type": "Point", "coordinates": [-100.4874, 31.4605]}}, {"type": "Feature", "properties": {"name": "San Angelo City Hall", "city": "San Angelo", "state": "Texas", "type": "Government Hub"}, "geometry": {"type": "Point", "coordinates": [-100.4504, 31.4674]}}, {"type": "Feature", "properties": {"name": "Hillsboro Federal Courthouse", "city": "Hillsboro", "state": "Oregon", "type": "Government Hub"}, "geometry": {"type": "Point", "coordinates": [-123.0446, 45.5125]}}, {"type": "Feature", "properties": {"name": "Lawton State Office Building", "city": "Lawton", "state": "Oklahoma", "type": "Government Hub"}, "geometry": {"type": "Point", "coordinates": [-98.4365, 34.5726]}}, {"type": "Feature", "properties": {"name": "Renton Federal Building", "city": "Renton", "state": "Washington", "type": "Government Hub"}, "geometry": {"type": "Point", "coordinates": [-122.2456, 47.4688]}}, {"type": "Feature", "properties": {"name": "Vista Federal Building", "city": "Vista", "state": "California", "type": "Government Hub"}, "geometry": {"type": "Point", "coordinates": [-117.2618, 33.1941]}}, {"type": "Feature", "properties": {"name": "Vista Government Center", "city": "Vista", "state": "California", "type": "Government Hub"}, "geometry": {"type": "Point", "coordinates": [-117.2447, 33.2073]}}, {"type": "Feature", "properties": {"name": "Vista County Courthouse", "city": "Vista", "state": "California", "type": "Government Hub"}, "geometry": {"type": "Point", "coordinates": [-117.2417, 33.1913]}}, {"type": "Feature", "properties": {"name": "Davie Administrative Center", "city": "Davie", "state": "Florida", "type": "Government Hub"}, "geometry": {"type": "Point", "coordinates": [-80.215, 26.0414]}}, {"type": "Feature", "properties": {"name": "Davie City Hall", "city": "Davie", "state": "Florida", "type": "Government Hub"}, "geometry": {"type": "Point", "coordinates": [-80.2564, 26.1011]}}, {"type": "Feature", "properties": {"name": "Greeley Post Office", "city": "Greeley", "state": "Colorado", "type": "Government Hub"}, "geometry": {"type": "Point", "coordinates": [-104.7367, 40.3991]}}, {"type": "Feature", "properties": {"name": "Greeley Administrative Center", "city": "Greeley", "state": "Colorado", "type": "Government Hub"}, "geometry": {"type": "Point", "coordinates": [-104.6759, 40.4536]}}, {"type": "Feature", "properties": {"name": "Mission Viejo Federal Courthouse", "city": "Mission Viejo", "state": "California", "type": "Government Hub"}, "geometry": {"type": "Point", "coordinates": [-117.7208, 33.5701]}}, {"type": "Feature", "properties": {"name": "Mission Viejo Municipal Center", "city": "Mission Viejo", "state": "California", "type": "Government Hub"}, "geometry": {"type": "Point", "coordinates": [-117.6977, 33.603]}}, {"type": "Feature", "properties": {"name": "Portsmouth Public Safety Building", "city": "Portsmouth", "state": "Virginia", "type": "Government Hub"}, "geometry": {"type": "Point", "coordinates": [-76.251, 36.8188]}}, {"type": "Feature", "properties": {"name": "Dearborn Administrative Center", "city": "Dearborn", "state": "Michigan", "type": "Government Hub"}, "geometry": {"type": "Point", "coordinates": [-83.1392, 42.3322]}}, {"type": "Feature", "properties": {"name": "Dearborn Municipal Center", "city": "Dearborn", "state": "Michigan", "type": "Government Hub"}, "geometry": {"type": "Point", "coordinates": [-83.1972, 42.3348]}}, {"type": "Feature", "properties": {"name": "Dearborn Municipal Center", "city": "Dearborn", "state": "Michigan", "type": "Government Hub"}, "geometry": {"type": "Point", "coordinates": [-83.1635, 42.3164]}}, {"type": "Feature", "properties": {"name": "South Gate Federal Courthouse", "city": "South Gate", "state": "California", "type": "Government Hub"}, "geometry": {"type": "Point", "coordinates": [-118.2001, 33.9837]}}, {"type": "Feature", "properties": {"name": "South Gate VA Medical Center", "city": "South Gate", "state": "California", "type": "Government Hub"}, "geometry": {"type": "Point", "coordinates": [-118.1929, 33.9881]}}, {"type": "Feature", "properties": {"name": "South Gate Civic Center", "city": "South Gate", "state": "California", "type": "Government Hub"}, "geometry": {"type": "Point", "coordinates": [-118.1617, 33.9623]}}, {"type": "Feature", "properties": {"name": "Tuscaloosa Federal Courthouse", "city": "Tuscaloosa", "state": "Alabama", "type": "Government Hub"}, "geometry": {"type": "Point", "coordinates": [-87.6221, 33.1952]}}, {"type": "Feature", "properties": {"name": "Livonia Federal Building", "city": "Livonia", "state": "Michigan", "type": "Government Hub"}, "geometry": {"type": "Point", "coordinates": [-83.3176, 42.3397]}}, {"type": "Feature", "properties": {"name": "New Bedford Municipal Center", "city": "New Bedford", "state": "Massachusetts", "type": "Government Hub"}, "geometry": {"type": "Point", "coordinates": [-70.8944, 41.6496]}}, {"type": "Feature", "properties": {"name": "Vacaville Federal Building", "city": "Vacaville", "state": "California", "type": "Government Hub"}, "geometry": {"type": "Point", "coordinates": [-121.9535, 38.3773]}}, {"type": "Feature", "properties": {"name": "Vacaville State Office Building", "city": "Vacaville", "state": "California", "type": "Government Hub"}, "geometry": {"type": "Point", "coordinates": [-121.9553, 38.3932]}}, {"type": "Feature", "properties": {"name": "Brockton Post Office", "city": "Brockton", "state": "Massachusetts", "type": "Government Hub"}, "geometry": {"type": "Point", "coordinates": [-71.067, 42.0656]}}, {"type": "Feature", "properties": {"name": "Roswell County Courthouse", "city": "Roswell", "state": "Georgia", "type": "Government Hub"}, "geometry": {"type": "Point", "coordinates": [-84.3742, 34.0498]}}, {"type": "Feature", "properties": {"name": "Roswell Federal Courthouse", "city": "Roswell", "state": "Georgia", "type": "Government Hub"}, "geometry": {"type": "Point", "coordinates": [-84.3102, 34.0037]}}, {"type": "Feature", "properties": {"name": "Beaverton Post Office", "city": "Beaverton", "state": "Oregon", "type": "Government Hub"}, "geometry": {"type": "Point", "coordinates": [-122.7626, 45.5057]}}, {"type": "Feature", "properties": {"name": "Beaverton County Courthouse", "city": "Beaverton", "state": "Oregon", "type": "Government Hub"}, "geometry": {"type": "Point", "coordinates": [-122.8263, 45.4942]}}, {"type": "Feature", "properties": {"name": "Quincy DMV Regional Office", "city": "Quincy", "state": "Massachusetts", "type": "Government Hub"}, "geometry": {"type": "Point", "coordinates": [-70.9491, 42.2666]}}, {"type": "Feature", "properties": {"name": "Quincy State Office Building", "city": "Quincy", "state": "Massachusetts", "type": "Government Hub"}, "geometry": {"type": "Point", "coordinates": [-71.0203, 42.2137]}}, {"type": "Feature", "properties": {"name": "Sparks Social Security Office", "city": "Sparks", "state": "Nevada", "type": "Government Hub"}, "geometry": {"type": "Point", "coordinates": [-119.7305, 39.5038]}}, {"type": "Feature", "properties": {"name": "Sparks City Hall", "city": "Sparks", "state": "Nevada", "type": "Government Hub"}, "geometry": {"type": "Point", "coordinates": [-119.802, 39.5213]}}, {"type": "Feature", "properties": {"name": "Sparks Public Safety Building", "city": "Sparks", "state": "Nevada", "type": "Government Hub"}, "geometry": {"type": "Point", "coordinates": [-119.7468, 39.5025]}}, {"type": "Feature", "properties": {"name": "Yakima DMV Regional Office", "city": "Yakima", "state": "Washington", "type": "Government Hub"}, "geometry": {"type": "Point", "coordinates": [-120.458, 46.6235]}}, {"type": "Feature", "properties": {"name": "Yakima IRS Service Center", "city": "Yakima", "state": "Washington", "type": "Government Hub"}, "geometry": {"type": "Point", "coordinates": [-120.5272, 46.6268]}}, {"type": "Feature", "properties": {"name": "Yakima Administrative Center", "city": "Yakima", "state": "Washington", "type": "Government Hub"}, "geometry": {"type": "Point", "coordinates": [-120.4582, 46.5911]}}, {"type": "Feature", "properties": {"name": "Lee's Summit Municipal Center", "city": "Lee's Summit", "state": "Missouri", "type": "Government Hub"}, "geometry": {"type": "Point", "coordinates": [-94.3654, 38.8944]}}, {"type": "Feature", "properties": {"name": "Federal Way VA Medical Center", "city": "Federal Way", "state": "Washington", "type": "Government Hub"}, "geometry": {"type": "Point", "coordinates": [-122.313, 47.3309]}}, {"type": "Feature", "properties": {"name": "Federal Way City Hall", "city": "Federal Way", "state": "Washington", "type": "Government Hub"}, "geometry": {"type": "Point", "coordinates": [-122.2588, 47.291]}}, {"type": "Feature", "properties": {"name": "Federal Way Public Safety Building", "city": "Federal Way", "state": "Washington", "type": "Government Hub"}, "geometry": {"type": "Point", "coordinates": [-122.3264, 47.3619]}}, {"type": "Feature", "properties": {"name": "Carson Administrative Center", "city": "Carson", "state": "California", "type": "Government Hub"}, "geometry": {"type": "Point", "coordinates": [-118.269, 33.8119]}}, {"type": "Feature", "properties": {"name": "Carson County Courthouse", "city": "Carson", "state": "California", "type": "Government Hub"}, "geometry": {"type": "Point", "coordinates": [-118.2379, 33.8711]}}, {"type": "Feature", "properties": {"name": "Carson City Hall", "city": "Carson", "state": "California", "type": "Government Hub"}, "geometry": {"type": "Point", "coordinates": [-118.335, 33.8019]}}, {"type": "Feature", "properties": {"name": "Santa Monica Municipal Center", "city": "Santa Monica", "state": "California", "type": "Government Hub"}, "geometry": {"type": "Point", "coordinates": [-118.5271, 33.9863]}}, {"type": "Feature", "properties": {"name": "Hesperia Government Center", "city": "Hesperia", "state": "California", "type": "Government Hub"}, "geometry": {"type": "Point", "coordinates": [-117.3302, 34.4643]}}, {"type": "Feature", "properties": {"name": "Hesperia Public Safety Building", "city": "Hesperia", "state": "California", "type": "Government Hub"}, "geometry": {"type": "Point", "coordinates": [-117.26, 34.4485]}}, {"type": "Feature", "properties": {"name": "Allen VA Medical Center", "city": "Allen", "state": "Texas", "type": "Government Hub"}, "geometry": {"type": "Point", "coordinates": [-96.6293, 33.1081]}}, {"type": "Feature", "properties": {"name": "Allen DMV Regional Office", "city": "Allen", "state": "Texas", "type": "Government Hub"}, "geometry": {"type": "Point", "coordinates": [-96.662, 33.101]}}, {"type": "Feature", "properties": {"name": "Allen Post Office", "city": "Allen", "state": "Texas", "type": "Government Hub"}, "geometry": {"type": "Point", "coordinates": [-96.6729, 33.1283]}}, {"type": "Feature", "properties": {"name": "Rio Rancho State Office Building", "city": "Rio Rancho", "state": "New Mexico", "type": "Government Hub"}, "geometry": {"type": "Point", "coordinates": [-106.6178, 35.2407]}}, {"type": "Feature", "properties": {"name": "Yuma DMV Regional Office", "city": "Yuma", "state": "Arizona", "type": "Government Hub"}, "geometry": {"type": "Point", "coordinates": [-114.6673, 32.6877]}}, {"type": "Feature", "properties": {"name": "Westminster Federal Courthouse", "city": "Westminster", "state": "California", "type": "Government Hub"}, "geometry": {"type": "Point", "coordinates": [-117.9674, 33.7884]}}, {"type": "Feature", "properties": {"name": "Orem Federal Courthouse", "city": "Orem", "state": "Utah", "type": "Government Hub"}, "geometry": {"type": "Point", "coordinates": [-111.7033, 40.2838]}}, {"type": "Feature", "properties": {"name": "Orem State Office Building", "city": "Orem", "state": "Utah", "type": "Government Hub"}, "geometry": {"type": "Point", "coordinates": [-111.71, 40.2767]}}, {"type": "Feature", "properties": {"name": "Orem Post Office", "city": "Orem", "state": "Utah", "type": "Government Hub"}, "geometry": {"type": "Point", "coordinates": [-111.6981, 40.2804]}}, {"type": "Feature", "properties": {"name": "Lynn Government Center", "city": "Lynn", "state": "Massachusetts", "type": "Government Hub"}, "geometry": {"type": "Point", "coordinates": [-70.9017, 42.4899]}}, {"type": "Feature", "properties": {"name": "Redding Civic Center", "city": "Redding", "state": "California", "type": "Government Hub"}, "geometry": {"type": "Point", "coordinates": [-122.3649, 40.6262]}}, {"type": "Feature", "properties": {"name": "Spokane Valley City Hall", "city": "Spokane Valley", "state": "Washington", "type": "Government Hub"}, "geometry": {"type": "Point", "coordinates": [-117.2348, 47.677]}}, {"type": "Feature", "properties": {"name": "Miami Beach Public Safety Building", "city": "Miami Beach", "state": "Florida", "type": "Government Hub"}, "geometry": {"type": "Point", "coordinates": [-80.0784, 25.7578]}}, {"type": "Feature", "properties": {"name": "Miami Beach Federal Building", "city": "Miami Beach", "state": "Florida", "type": "Government Hub"}, "geometry": {"type": "Point", "coordinates": [-80.0867, 25.8007]}}, {"type": "Feature", "properties": {"name": "League City Public Safety Building", "city": "League City", "state": "Texas", "type": "Government Hub"}, "geometry": {"type": "Point", "coordinates": [-95.069, 29.523]}}, {"type": "Feature", "properties": {"name": "League City Social Security Office", "city": "League City", "state": "Texas", "type": "Government Hub"}, "geometry": {"type": "Point", "coordinates": [-95.1314, 29.4808]}}, {"type": "Feature", "properties": {"name": "Lawrence Federal Courthouse", "city": "Lawrence", "state": "Kansas", "type": "Government Hub"}, "geometry": {"type": "Point", "coordinates": [-95.2632, 38.9796]}}, {"type": "Feature", "properties": {"name": "Lawrence Federal Courthouse", "city": "Lawrence", "state": "Kansas", "type": "Government Hub"}, "geometry": {"type": "Point", "coordinates": [-95.2678, 38.9702]}}, {"type": "Feature", "properties": {"name": "Santa Barbara Municipal Center", "city": "Santa Barbara", "state": "California", "type": "Government Hub"}, "geometry": {"type": "Point", "coordinates": [-119.7037, 34.3978]}}, {"type": "Feature", "properties": {"name": "Santa Barbara Public Safety Building", "city": "Santa Barbara", "state": "California", "type": "Government Hub"}, "geometry": {"type": "Point", "coordinates": [-119.6952, 34.4443]}}, {"type": "Feature", "properties": {"name": "Santa Barbara IRS Service Center", "city": "Santa Barbara", "state": "California", "type": "Government Hub"}, "geometry": {"type": "Point", "coordinates": [-119.6677, 34.3855]}}, {"type": "Feature", "properties": {"name": "Plantation Federal Courthouse", "city": "Plantation", "state": "Florida", "type": "Government Hub"}, "geometry": {"type": "Point", "coordinates": [-80.1842, 26.1126]}}, {"type": "Feature", "properties": {"name": "Plantation City Hall", "city": "Plantation", "state": "Florida", "type": "Government Hub"}, "geometry": {"type": "Point", "coordinates": [-80.2556, 26.1105]}}, {"type": "Feature", "properties": {"name": "Sandy Administrative Center", "city": "Sandy", "state": "Utah", "type": "Government Hub"}, "geometry": {"type": "Point", "coordinates": [-111.8062, 40.5837]}}, {"type": "Feature", "properties": {"name": "Sunrise IRS Service Center", "city": "Sunrise", "state": "Florida", "type": "Government Hub"}, "geometry": {"type": "Point", "coordinates": [-80.238, 26.1523]}}, {"type": "Feature", "properties": {"name": "Macon IRS Service Center", "city": "Macon", "state": "Georgia", "type": "Government Hub"}, "geometry": {"type": "Point", "coordinates": [-83.6644, 32.8045]}}, {"type": "Feature", "properties": {"name": "Macon DMV Regional Office", "city": "Macon", "state": "Georgia", "type": "Government Hub"}, "geometry": {"type": "Point", "coordinates": [-83.5971, 32.8129]}}, {"type": "Feature", "properties": {"name": "Longmont IRS Service Center", "city": "Longmont", "state": "Colorado", "type": "Government Hub"}, "geometry": {"type": "Point", "coordinates": [-105.153, 40.1624]}}, {"type": "Feature", "properties": {"name": "Longmont VA Medical Center", "city": "Longmont", "state": "Colorado", "type": "Government Hub"}, "geometry": {"type": "Point", "coordinates": [-105.1454, 40.1854]}}, {"type": "Feature", "properties": {"name": "Boca Raton Post Office", "city": "Boca Raton", "state": "Florida", "type": "Government Hub"}, "geometry": {"type": "Point", "coordinates": [-80.16, 26.3828]}}, {"type": "Feature", "properties": {"name": "San Marcos City Hall", "city": "San Marcos", "state": "California", "type": "Government Hub"}, "geometry": {"type": "Point", "coordinates": [-117.1883, 33.1132]}}, {"type": "Feature", "properties": {"name": "Greenville Social Security Office", "city": "Greenville", "state": "North Carolina", "type": "Government Hub"}, "geometry": {"type": "Point", "coordinates": [-77.3976, 35.6218]}}, {"type": "Feature", "properties": {"name": "Waukegan Municipal Center", "city": "Waukegan", "state": "Illinois", "type": "Government Hub"}, "geometry": {"type": "Point", "coordinates": [-87.8437, 42.3686]}}, {"type": "Feature", "properties": {"name": "Waukegan Government Center", "city": "Waukegan", "state": "Illinois", "type": "Government Hub"}, "geometry": {"type": "Point", "coordinates": [-87.8373, 42.3474]}}, {"type": "Feature", "properties": {"name": "Waukegan Municipal Center", "city": "Waukegan", "state": "Illinois", "type": "Government Hub"}, "geometry": {"type": "Point", "coordinates": [-87.8702, 42.3861]}}, {"type": "Feature", "properties": {"name": "Fall River County Courthouse", "city": "Fall River", "state": "Massachusetts", "type": "Government Hub"}, "geometry": {"type": "Point", "coordinates": [-71.1523, 41.7002]}}, {"type": "Feature", "properties": {"name": "Fall River Civic Center", "city": "Fall River", "state": "Massachusetts", "type": "Government Hub"}, "geometry": {"type": "Point", "coordinates": [-71.1734, 41.6828]}}, {"type": "Feature", "properties": {"name": "Chico County Courthouse", "city": "Chico", "state": "California", "type": "Government Hub"}, "geometry": {"type": "Point", "coordinates": [-121.8597, 39.7684]}}, {"type": "Feature", "properties": {"name": "Newton Administrative Center", "city": "Newton", "state": "Massachusetts", "type": "Government Hub"}, "geometry": {"type": "Point", "coordinates": [-71.1711, 42.3358]}}, {"type": "Feature", "properties": {"name": "Newton Social Security Office", "city": "Newton", "state": "Massachusetts", "type": "Government Hub"}, "geometry": {"type": "Point", "coordinates": [-71.2134, 42.3312]}}, {"type": "Feature", "properties": {"name": "Newton Social Security Office", "city": "Newton", "state": "Massachusetts", "type": "Government Hub"}, "geometry": {"type": "Point", "coordinates": [-71.2218, 42.3407]}}, {"type": "Feature", "properties": {"name": "San Leandro Administrative Center", "city": "San Leandro", "state": "California", "type": "Government Hub"}, "geometry": {"type": "Point", "coordinates": [-122.1214, 37.7111]}}, {"type": "Feature", "properties": {"name": "Reading Federal Building", "city": "Reading", "state": "Pennsylvania", "type": "Government Hub"}, "geometry": {"type": "Point", "coordinates": [-75.9421, 40.3131]}}, {"type": "Feature", "properties": {"name": "Norwalk Public Safety Building", "city": "Norwalk", "state": "Connecticut", "type": "Government Hub"}, "geometry": {"type": "Point", "coordinates": [-73.4179, 41.1315]}}, {"type": "Feature", "properties": {"name": "Norwalk Administrative Center", "city": "Norwalk", "state": "Connecticut", "type": "Government Hub"}, "geometry": {"type": "Point", "coordinates": [-73.452, 41.1151]}}, {"type": "Feature", "properties": {"name": "Fort Smith Civic Center", "city": "Fort Smith", "state": "Arkansas", "type": "Government Hub"}, "geometry": {"type": "Point", "coordinates": [-94.3683, 35.3907]}}, {"type": "Feature", "properties": {"name": "Fort Smith County Courthouse", "city": "Fort Smith", "state": "Arkansas", "type": "Government Hub"}, "geometry": {"type": "Point", "coordinates": [-94.4433, 35.3876]}}, {"type": "Feature", "properties": {"name": "Newport Beach State Office Building", "city": "Newport Beach", "state": "California", "type": "Government Hub"}, "geometry": {"type": "Point", "coordinates": [-117.8909, 33.6373]}}, {"type": "Feature", "properties": {"name": "Newport Beach County Courthouse", "city": "Newport Beach", "state": "California", "type": "Government Hub"}, "geometry": {"type": "Point", "coordinates": [-117.9519, 33.5906]}}, {"type": "Feature", "properties": {"name": "Newport Beach Municipal Center", "city": "Newport Beach", "state": "California", "type": "Government Hub"}, "geometry": {"type": "Point", "coordinates": [-117.9434, 33.6145]}}, {"type": "Feature", "properties": {"name": "Asheville Federal Courthouse", "city": "Asheville", "state": "North Carolina", "type": "Government Hub"}, "geometry": {"type": "Point", "coordinates": [-82.5501, 35.62]}}, {"type": "Feature", "properties": {"name": "Nashua Government Center", "city": "Nashua", "state": "New Hampshire", "type": "Government Hub"}, "geometry": {"type": "Point", "coordinates": [-71.4456, 42.7853]}}, {"type": "Feature", "properties": {"name": "Nashua City Hall", "city": "Nashua", "state": "New Hampshire", "type": "Government Hub"}, "geometry": {"type": "Point", "coordinates": [-71.4167, 42.7268]}}, {"type": "Feature", "properties": {"name": "Nashua VA Medical Center", "city": "Nashua", "state": "New Hampshire", "type": "Government Hub"}, "geometry": {"type": "Point", "coordinates": [-71.4207, 42.7779]}}, {"type": "Feature", "properties": {"name": "Edmond Municipal Center", "city": "Edmond", "state": "Oklahoma", "type": "Government Hub"}, "geometry": {"type": "Point", "coordinates": [-97.4647, 35.6691]}}, {"type": "Feature", "properties": {"name": "Edmond Federal Courthouse", "city": "Edmond", "state": "Oklahoma", "type": "Government Hub"}, "geometry": {"type": "Point", "coordinates": [-97.4274, 35.6199]}}, {"type": "Feature", "properties": {"name": "Whittier IRS Service Center", "city": "Whittier", "state": "California", "type": "Government Hub"}, "geometry": {"type": "Point", "coordinates": [-118.0151, 34.0046]}}, {"type": "Feature", "properties": {"name": "Whittier Federal Building", "city": "Whittier", "state": "California", "type": "Government Hub"}, "geometry": {"type": "Point", "coordinates": [-117.9773, 33.9876]}}, {"type": "Feature", "properties": {"name": "Nampa Social Security Office", "city": "Nampa", "state": "Idaho", "type": "Government Hub"}, "geometry": {"type": "Point", "coordinates": [-116.5585, 43.5451]}}, {"type": "Feature", "properties": {"name": "Bloomington County Courthouse", "city": "Bloomington", "state": "Minnesota", "type": "Government Hub"}, "geometry": {"type": "Point", "coordinates": [-93.2584, 44.8346]}}, {"type": "Feature", "properties": {"name": "Bloomington Administrative Center", "city": "Bloomington", "state": "Minnesota", "type": "Government Hub"}, "geometry": {"type": "Point", "coordinates": [-93.2432, 44.8512]}}, {"type": "Feature", "properties": {"name": "Deltona Civic Center", "city": "Deltona", "state": "Florida", "type": "Government Hub"}, "geometry": {"type": "Point", "coordinates": [-81.2966, 28.8964]}}, {"type": "Feature", "properties": {"name": "Deltona Administrative Center", "city": "Deltona", "state": "Florida", "type": "Government Hub"}, "geometry": {"type": "Point", "coordinates": [-81.2611, 28.9142]}}, {"type": "Feature", "properties": {"name": "Deltona Social Security Office", "city": "Deltona", "state": "Florida", "type": "Government Hub"}, "geometry": {"type": "Point", "coordinates": [-81.2973, 28.9345]}}, {"type": "Feature", "properties": {"name": "Hawthorne VA Medical Center", "city": "Hawthorne", "state": "California", "type": "Government Hub"}, "geometry": {"type": "Point", "coordinates": [-118.3418, 33.942]}}, {"type": "Feature", "properties": {"name": "Hawthorne IRS Service Center", "city": "Hawthorne", "state": "California", "type": "Government Hub"}, "geometry": {"type": "Point", "coordinates": [-118.3103, 33.8983]}}, {"type": "Feature", "properties": {"name": "Duluth Public Safety Building", "city": "Duluth", "state": "Minnesota", "type": "Government Hub"}, "geometry": {"type": "Point", "coordinates": [-92.0734, 46.8097]}}, {"type": "Feature", "properties": {"name": "Duluth VA Medical Center", "city": "Duluth", "state": "Minnesota", "type": "Government Hub"}, "geometry": {"type": "Point", "coordinates": [-92.1192, 46.7802]}}, {"type": "Feature", "properties": {"name": "Carmel VA Medical Center", "city": "Carmel", "state": "Indiana", "type": "Government Hub"}, "geometry": {"type": "Point", "coordinates": [-86.0673, 39.9473]}}, {"type": "Feature", "properties": {"name": "Carmel IRS Service Center", "city": "Carmel", "state": "Indiana", "type": "Government Hub"}, "geometry": {"type": "Point", "coordinates": [-86.1459, 39.9846]}}, {"type": "Feature", "properties": {"name": "Carmel Administrative Center", "city": "Carmel", "state": "Indiana", "type": "Government Hub"}, "geometry": {"type": "Point", "coordinates": [-86.0728, 39.9882]}}, {"type": "Feature", "properties": {"name": "Suffolk Administrative Center", "city": "Suffolk", "state": "Virginia", "type": "Government Hub"}, "geometry": {"type": "Point", "coordinates": [-76.6373, 36.7191]}}, {"type": "Feature", "properties": {"name": "Clifton Post Office", "city": "Clifton", "state": "New Jersey", "type": "Government Hub"}, "geometry": {"type": "Point", "coordinates": [-74.1809, 40.8387]}}, {"type": "Feature", "properties": {"name": "Clifton Federal Courthouse", "city": "Clifton", "state": "New Jersey", "type": "Government Hub"}, "geometry": {"type": "Point", "coordinates": [-74.2053, 40.898]}}, {"type": "Feature", "properties": {"name": "Citrus Heights Administrative Center", "city": "Citrus Heights", "state": "California", "type": "Government Hub"}, "geometry": {"type": "Point", "coordinates": [-121.2312, 38.6787]}}, {"type": "Feature", "properties": {"name": "Livermore Civic Center", "city": "Livermore", "state": "California", "type": "Government Hub"}, "geometry": {"type": "Point", "coordinates": [-121.7635, 37.6955]}}, {"type": "Feature", "properties": {"name": "Livermore Federal Building", "city": "Livermore", "state": "California", "type": "Government Hub"}, "geometry": {"type": "Point", "coordinates": [-121.7466, 37.6568]}}, {"type": "Feature", "properties": {"name": "Livermore VA Medical Center", "city": "Livermore", "state": "California", "type": "Government Hub"}, "geometry": {"type": "Point", "coordinates": [-121.7807, 37.7038]}}, {"type": "Feature", "properties": {"name": "Tracy Social Security Office", "city": "Tracy", "state": "California", "type": "Government Hub"}, "geometry": {"type": "Point", "coordinates": [-121.4369, 37.72]}}, {"type": "Feature", "properties": {"name": "Tracy VA Medical Center", "city": "Tracy", "state": "California", "type": "Government Hub"}, "geometry": {"type": "Point", "coordinates": [-121.4422, 37.7264]}}, {"type": "Feature", "properties": {"name": "Tracy Administrative Center", "city": "Tracy", "state": "California", "type": "Government Hub"}, "geometry": {"type": "Point", "coordinates": [-121.4035, 37.7099]}}, {"type": "Feature", "properties": {"name": "Alhambra Social Security Office", "city": "Alhambra", "state": "California", "type": "Government Hub"}, "geometry": {"type": "Point", "coordinates": [-118.1739, 34.0666]}}, {"type": "Feature", "properties": {"name": "Alhambra Public Safety Building", "city": "Alhambra", "state": "California", "type": "Government Hub"}, "geometry": {"type": "Point", "coordinates": [-118.0935, 34.1106]}}, {"type": "Feature", "properties": {"name": "Alhambra VA Medical Center", "city": "Alhambra", "state": "California", "type": "Government Hub"}, "geometry": {"type": "Point", "coordinates": [-118.1046, 34.1087]}}, {"type": "Feature", "properties": {"name": "Kirkland Municipal Center", "city": "Kirkland", "state": "Washington", "type": "Government Hub"}, "geometry": {"type": "Point", "coordinates": [-122.2292, 47.6513]}}, {"type": "Feature", "properties": {"name": "Kirkland Public Safety Building", "city": "Kirkland", "state": "Washington", "type": "Government Hub"}, "geometry": {"type": "Point", "coordinates": [-122.2412, 47.6747]}}, {"type": "Feature", "properties": {"name": "Kirkland City Hall", "city": "Kirkland", "state": "Washington", "type": "Government Hub"}, "geometry": {"type": "Point", "coordinates": [-122.2364, 47.6576]}}, {"type": "Feature", "properties": {"name": "Trenton VA Medical Center", "city": "Trenton", "state": "New Jersey", "type": "Government Hub"}, "geometry": {"type": "Point", "coordinates": [-74.7104, 40.2009]}}, {"type": "Feature", "properties": {"name": "Trenton Public Safety Building", "city": "Trenton", "state": "New Jersey", "type": "Government Hub"}, "geometry": {"type": "Point", "coordinates": [-74.7921, 40.2103]}}, {"type": "Feature", "properties": {"name": "Trenton Administrative Center", "city": "Trenton", "state": "New Jersey", "type": "Government Hub"}, "geometry": {"type": "Point", "coordinates": [-74.7412, 40.2556]}}, {"type": "Feature", "properties": {"name": "Ogden Post Office", "city": "Ogden", "state": "Utah", "type": "Government Hub"}, "geometry": {"type": "Point", "coordinates": [-111.9662, 41.2549]}}, {"type": "Feature", "properties": {"name": "Ogden Social Security Office", "city": "Ogden", "state": "Utah", "type": "Government Hub"}, "geometry": {"type": "Point", "coordinates": [-111.9479, 41.2131]}}, {"type": "Feature", "properties": {"name": "Hoover Civic Center", "city": "Hoover", "state": "Alabama", "type": "Government Hub"}, "geometry": {"type": "Point", "coordinates": [-86.8656, 33.4178]}}, {"type": "Feature", "properties": {"name": "Cicero Administrative Center", "city": "Cicero", "state": "Illinois", "type": "Government Hub"}, "geometry": {"type": "Point", "coordinates": [-87.7465, 41.8402]}}, {"type": "Feature", "properties": {"name": "Cicero County Courthouse", "city": "Cicero", "state": "Illinois", "type": "Government Hub"}, "geometry": {"type": "Point", "coordinates": [-87.7146, 41.8767]}}, {"type": "Feature", "properties": {"name": "Fishers Social Security Office", "city": "Fishers", "state": "Indiana", "type": "Government Hub"}, "geometry": {"type": "Point", "coordinates": [-85.9576, 39.9423]}}, {"type": "Feature", "properties": {"name": "Fishers Public Safety Building", "city": "Fishers", "state": "Indiana", "type": "Government Hub"}, "geometry": {"type": "Point", "coordinates": [-85.983, 39.9274]}}, {"type": "Feature", "properties": {"name": "Sugar Land County Courthouse", "city": "Sugar Land", "state": "Texas", "type": "Government Hub"}, "geometry": {"type": "Point", "coordinates": [-95.6394, 29.6556]}}, {"type": "Feature", "properties": {"name": "Sugar Land Social Security Office", "city": "Sugar Land", "state": "Texas", "type": "Government Hub"}, "geometry": {"type": "Point", "coordinates": [-95.6196, 29.6487]}}, {"type": "Feature", "properties": {"name": "Sugar Land Government Center", "city": "Sugar Land", "state": "Texas", "type": "Government Hub"}, "geometry": {"type": "Point", "coordinates": [-95.637, 29.6126]}}, {"type": "Feature", "properties": {"name": "Danbury Post Office", "city": "Danbury", "state": "Connecticut", "type": "Government Hub"}, "geometry": {"type": "Point", "coordinates": [-73.4983, 41.4116]}}, {"type": "Feature", "properties": {"name": "Danbury Municipal Center", "city": "Danbury", "state": "Connecticut", "type": "Government Hub"}, "geometry": {"type": "Point", "coordinates": [-73.5092, 41.3915]}}, {"type": "Feature", "properties": {"name": "Danbury Civic Center", "city": "Danbury", "state": "Connecticut", "type": "Government Hub"}, "geometry": {"type": "Point", "coordinates": [-73.452, 41.423]}}, {"type": "Feature", "properties": {"name": "Meridian Federal Building", "city": "Meridian", "state": "Idaho", "type": "Government Hub"}, "geometry": {"type": "Point", "coordinates": [-116.3374, 43.5859]}}, {"type": "Feature", "properties": {"name": "Meridian IRS Service Center", "city": "Meridian", "state": "Idaho", "type": "Government Hub"}, "geometry": {"type": "Point", "coordinates": [-116.3463, 43.5871]}}, {"type": "Feature", "properties": {"name": "Meridian DMV Regional Office", "city": "Meridian", "state": "Idaho", "type": "Government Hub"}, "geometry": {"type": "Point", "coordinates": [-116.4165, 43.5993]}}, {"type": "Feature", "properties": {"name": "Indio IRS Service Center", "city": "Indio", "state": "California", "type": "Government Hub"}, "geometry": {"type": "Point", "coordinates": [-116.2562, 33.7145]}}, {"type": "Feature", "properties": {"name": "Indio DMV Regional Office", "city": "Indio", "state": "California", "type": "Government Hub"}, "geometry": {"type": "Point", "coordinates": [-116.2643, 33.6825]}}, {"type": "Feature", "properties": {"name": "Indio VA Medical Center", "city": "Indio", "state": "California", "type": "Government Hub"}, "geometry": {"type": "Point", "coordinates": [-116.1661, 33.7308]}}, {"type": "Feature", "properties": {"name": "Concord Public Safety Building", "city": "Concord", "state": "North Carolina", "type": "Government Hub"}, "geometry": {"type": "Point", "coordinates": [-80.5248, 35.4389]}}, {"type": "Feature", "properties": {"name": "Concord IRS Service Center", "city": "Concord", "state": "North Carolina", "type": "Government Hub"}, "geometry": {"type": "Point", "coordinates": [-80.6336, 35.3932]}}, {"type": "Feature", "properties": {"name": "Concord Public Safety Building", "city": "Concord", "state": "North Carolina", "type": "Government Hub"}, "geometry": {"type": "Point", "coordinates": [-80.5421, 35.3848]}}, {"type": "Feature", "properties": {"name": "Menifee Public Safety Building", "city": "Menifee", "state": "California", "type": "Government Hub"}, "geometry": {"type": "Point", "coordinates": [-117.1345, 33.7129]}}, {"type": "Feature", "properties": {"name": "Menifee Public Safety Building", "city": "Menifee", "state": "California", "type": "Government Hub"}, "geometry": {"type": "Point", "coordinates": [-117.1413, 33.71]}}, {"type": "Feature", "properties": {"name": "Champaign Federal Building", "city": "Champaign", "state": "Illinois", "type": "Government Hub"}, "geometry": {"type": "Point", "coordinates": [-88.1951, 40.1059]}}, {"type": "Feature", "properties": {"name": "Buena Park DMV Regional Office", "city": "Buena Park", "state": "California", "type": "Government Hub"}, "geometry": {"type": "Point", "coordinates": [-117.9556, 33.8954]}}, {"type": "Feature", "properties": {"name": "Buena Park Federal Building", "city": "Buena Park", "state": "California", "type": "Government Hub"}, "geometry": {"type": "Point", "coordinates": [-117.9677, 33.881]}}, {"type": "Feature", "properties": {"name": "Troy DMV Regional Office", "city": "Troy", "state": "Michigan", "type": "Government Hub"}, "geometry": {"type": "Point", "coordinates": [-83.1354, 42.6269]}}, {"type": "Feature", "properties": {"name": "Troy IRS Service Center", "city": "Troy", "state": "Michigan", "type": "Government Hub"}, "geometry": {"type": "Point", "coordinates": [-83.1855, 42.604]}}, {"type": "Feature", "properties": {"name": "O'Fallon Social Security Office", "city": "O'Fallon", "state": "Missouri", "type": "Government Hub"}, "geometry": {"type": "Point", "coordinates": [-90.7156, 38.8073]}}, {"type": "Feature", "properties": {"name": "O'Fallon Social Security Office", "city": "O'Fallon", "state": "Missouri", "type": "Government Hub"}, "geometry": {"type": "Point", "coordinates": [-90.7498, 38.8241]}}, {"type": "Feature", "properties": {"name": "O'Fallon Post Office", "city": "O'Fallon", "state": "Missouri", "type": "Government Hub"}, "geometry": {"type": "Point", "coordinates": [-90.6532, 38.8437]}}, {"type": "Feature", "properties": {"name": "Johns Creek State Office Building", "city": "Johns Creek", "state": "Georgia", "type": "Government Hub"}, "geometry": {"type": "Point", "coordinates": [-84.2019, 34.0309]}}, {"type": "Feature", "properties": {"name": "Johns Creek County Courthouse", "city": "Johns Creek", "state": "Georgia", "type": "Government Hub"}, "geometry": {"type": "Point", "coordinates": [-84.1704, 34.0317]}}, {"type": "Feature", "properties": {"name": "Bellingham Federal Building", "city": "Bellingham", "state": "Washington", "type": "Government Hub"}, "geometry": {"type": "Point", "coordinates": [-122.4954, 48.7266]}}, {"type": "Feature", "properties": {"name": "Westland Federal Building", "city": "Westland", "state": "Michigan", "type": "Government Hub"}, "geometry": {"type": "Point", "coordinates": [-83.3994, 42.3487]}}, {"type": "Feature", "properties": {"name": "Bloomington Post Office", "city": "Bloomington", "state": "Indiana", "type": "Government Hub"}, "geometry": {"type": "Point", "coordinates": [-86.5037, 39.1904]}}, {"type": "Feature", "properties": {"name": "Bloomington Municipal Center", "city": "Bloomington", "state": "Indiana", "type": "Government Hub"}, "geometry": {"type": "Point", "coordinates": [-86.5331, 39.1425]}}, {"type": "Feature", "properties": {"name": "Bloomington Federal Building", "city": "Bloomington", "state": "Indiana", "type": "Government Hub"}, "geometry": {"type": "Point", "coordinates": [-86.5779, 39.1964]}}, {"type": "Feature", "properties": {"name": "Sioux City IRS Service Center", "city": "Sioux City", "state": "Iowa", "type": "Government Hub"}, "geometry": {"type": "Point", "coordinates": [-96.4178, 42.497]}}, {"type": "Feature", "properties": {"name": "Sioux City DMV Regional Office", "city": "Sioux City", "state": "Iowa", "type": "Government Hub"}, "geometry": {"type": "Point", "coordinates": [-96.4019, 42.5317]}}, {"type": "Feature", "properties": {"name": "Warwick County Courthouse", "city": "Warwick", "state": "Rhode Island", "type": "Government Hub"}, "geometry": {"type": "Point", "coordinates": [-71.4413, 41.7118]}}, {"type": "Feature", "properties": {"name": "Warwick Federal Building", "city": "Warwick", "state": "Rhode Island", "type": "Government Hub"}, "geometry": {"type": "Point", "coordinates": [-71.4483, 41.678]}}, {"type": "Feature", "properties": {"name": "Warwick DMV Regional Office", "city": "Warwick", "state": "Rhode Island", "type": "Government Hub"}, "geometry": {"type": "Point", "coordinates": [-71.3829, 41.701]}}, {"type": "Feature", "properties": {"name": "Hemet Post Office", "city": "Hemet", "state": "California", "type": "Government Hub"}, "geometry": {"type": "Point", "coordinates": [-116.9638, 33.7592]}}, {"type": "Feature", "properties": {"name": "Hemet Federal Courthouse", "city": "Hemet", "state": "California", "type": "Government Hub"}, "geometry": {"type": "Point", "coordinates": [-116.9665, 33.7441]}}, {"type": "Feature", "properties": {"name": "Longview IRS Service Center", "city": "Longview", "state": "Texas", "type": "Government Hub"}, "geometry": {"type": "Point", "coordinates": [-94.7637, 32.5253]}}, {"type": "Feature", "properties": {"name": "Longview Post Office", "city": "Longview", "state": "Texas", "type": "Government Hub"}, "geometry": {"type": "Point", "coordinates": [-94.7622, 32.4787]}}, {"type": "Feature", "properties": {"name": "Farmington Hills Post Office", "city": "Farmington Hills", "state": "Michigan", "type": "Government Hub"}, "geometry": {"type": "Point", "coordinates": [-83.3191, 42.503]}}, {"type": "Feature", "properties": {"name": "Farmington Hills VA Medical Center", "city": "Farmington Hills", "state": "Michigan", "type": "Government Hub"}, "geometry": {"type": "Point", "coordinates": [-83.3825, 42.5054]}}, {"type": "Feature", "properties": {"name": "Farmington Hills VA Medical Center", "city": "Farmington Hills", "state": "Michigan", "type": "Government Hub"}, "geometry": {"type": "Point", "coordinates": [-83.3687, 42.4939]}}, {"type": "Feature", "properties": {"name": "Bend Social Security Office", "city": "Bend", "state": "Oregon", "type": "Government Hub"}, "geometry": {"type": "Point", "coordinates": [-121.2778, 44.0414]}}, {"type": "Feature", "properties": {"name": "Bend Public Safety Building", "city": "Bend", "state": "Oregon", "type": "Government Hub"}, "geometry": {"type": "Point", "coordinates": [-121.2934, 44.0257]}}, {"type": "Feature", "properties": {"name": "Lakewood Government Center", "city": "Lakewood", "state": "California", "type": "Government Hub"}, "geometry": {"type": "Point", "coordinates": [-118.0928, 33.8482]}}, {"type": "Feature", "properties": {"name": "Lakewood Federal Courthouse", "city": "Lakewood", "state": "California", "type": "Government Hub"}, "geometry": {"type": "Point", "coordinates": [-118.1759, 33.861]}}, {"type": "Feature", "properties": {"name": "Lakewood City Hall", "city": "Lakewood", "state": "California", "type": "Government Hub"}, "geometry": {"type": "Point", "coordinates": [-118.1565, 33.8265]}}, {"type": "Feature", "properties": {"name": "Merced Federal Building", "city": "Merced", "state": "California", "type": "Government Hub"}, "geometry": {"type": "Point", "coordinates": [-120.5286, 37.2848]}}, {"type": "Feature", "properties": {"name": "Merced Federal Courthouse", "city": "Merced", "state": "California", "type": "Government Hub"}, "geometry": {"type": "Point", "coordinates": [-120.5351, 37.3362]}}, {"type": "Feature", "properties": {"name": "Mission Federal Building", "city": "Mission", "state": "Texas", "type": "Government Hub"}, "geometry": {"type": "Point", "coordinates": [-98.3805, 26.1842]}}, {"type": "Feature", "properties": {"name": "Mission Municipal Center", "city": "Mission", "state": "Texas", "type": "Government Hub"}, "geometry": {"type": "Point", "coordinates": [-98.3789, 26.213]}}, {"type": "Feature", "properties": {"name": "Mission VA Medical Center", "city": "Mission", "state": "Texas", "type": "Government Hub"}, "geometry": {"type": "Point", "coordinates": [-98.2827, 26.1788]}}, {"type": "Feature", "properties": {"name": "Chino Administrative Center", "city": "Chino", "state": "California", "type": "Government Hub"}, "geometry": {"type": "Point", "coordinates": [-117.6695, 34.0172]}}, {"type": "Feature", "properties": {"name": "Chino Federal Building", "city": "Chino", "state": "California", "type": "Government Hub"}, "geometry": {"type": "Point", "coordinates": [-117.6571, 34.0163]}}, {"type": "Feature", "properties": {"name": "Redwood City City Hall", "city": "Redwood City", "state": "California", "type": "Government Hub"}, "geometry": {"type": "Point", "coordinates": [-122.1903, 37.4625]}}, {"type": "Feature", "properties": {"name": "Redwood City Government Center", "city": "Redwood City", "state": "California", "type": "Government Hub"}, "geometry": {"type": "Point", "coordinates": [-122.2438, 37.4627]}}, {"type": "Feature", "properties": {"name": "Edinburg Municipal Center", "city": "Edinburg", "state": "Texas", "type": "Government Hub"}, "geometry": {"type": "Point", "coordinates": [-98.1081, 26.321]}}, {"type": "Feature", "properties": {"name": "Edinburg IRS Service Center", "city": "Edinburg", "state": "Texas", "type": "Government Hub"}, "geometry": {"type": "Point", "coordinates": [-98.131, 26.2692]}}, {"type": "Feature", "properties": {"name": "Cranston IRS Service Center", "city": "Cranston", "state": "Rhode Island", "type": "Government Hub"}, "geometry": {"type": "Point", "coordinates": [-71.4471, 41.7615]}}, {"type": "Feature", "properties": {"name": "Cranston County Courthouse", "city": "Cranston", "state": "Rhode Island", "type": "Government Hub"}, "geometry": {"type": "Point", "coordinates": [-71.4888, 41.7472]}}, {"type": "Feature", "properties": {"name": "Cranston Administrative Center", "city": "Cranston", "state": "Rhode Island", "type": "Government Hub"}, "geometry": {"type": "Point", "coordinates": [-71.4843, 41.7991]}}, {"type": "Feature", "properties": {"name": "Parma State Office Building", "city": "Parma", "state": "Ohio", "type": "Government Hub"}, "geometry": {"type": "Point", "coordinates": [-81.745, 41.435]}}, {"type": "Feature", "properties": {"name": "Parma DMV Regional Office", "city": "Parma", "state": "Ohio", "type": "Government Hub"}, "geometry": {"type": "Point", "coordinates": [-81.7705, 41.4066]}}, {"type": "Feature", "properties": {"name": "Parma Municipal Center", "city": "Parma", "state": "Ohio", "type": "Government Hub"}, "geometry": {"type": "Point", "coordinates": [-81.7757, 41.3715]}}, {"type": "Feature", "properties": {"name": "New Rochelle VA Medical Center", "city": "New Rochelle", "state": "New York", "type": "Government Hub"}, "geometry": {"type": "Point", "coordinates": [-73.8329, 40.9313]}}, {"type": "Feature", "properties": {"name": "New Rochelle Federal Building", "city": "New Rochelle", "state": "New York", "type": "Government Hub"}, "geometry": {"type": "Point", "coordinates": [-73.806, 40.9344]}}, {"type": "Feature", "properties": {"name": "New Rochelle Federal Building", "city": "New Rochelle", "state": "New York", "type": "Government Hub"}, "geometry": {"type": "Point", "coordinates": [-73.815, 40.9009]}}, {"type": "Feature", "properties": {"name": "Lake Forest Federal Building", "city": "Lake Forest", "state": "California", "type": "Government Hub"}, "geometry": {"type": "Point", "coordinates": [-117.6917, 33.6275]}}, {"type": "Feature", "properties": {"name": "Napa Government Center", "city": "Napa", "state": "California", "type": "Government Hub"}, "geometry": {"type": "Point", "coordinates": [-122.2356, 38.3116]}}, {"type": "Feature", "properties": {"name": "Hammond IRS Service Center", "city": "Hammond", "state": "Indiana", "type": "Government Hub"}, "geometry": {"type": "Point", "coordinates": [-87.4949, 41.622]}}, {"type": "Feature", "properties": {"name": "Fayetteville Public Safety Building", "city": "Fayetteville", "state": "Arkansas", "type": "Government Hub"}, "geometry": {"type": "Point", "coordinates": [-94.1239, 36.0878]}}, {"type": "Feature", "properties": {"name": "Fayetteville Post Office", "city": "Fayetteville", "state": "Arkansas", "type": "Government Hub"}, "geometry": {"type": "Point", "coordinates": [-94.1837, 36.0935]}}, {"type": "Feature", "properties": {"name": "Bloomington City Hall", "city": "Bloomington", "state": "Illinois", "type": "Government Hub"}, "geometry": {"type": "Point", "coordinates": [-88.9718, 40.506]}}, {"type": "Feature", "properties": {"name": "Bloomington VA Medical Center", "city": "Bloomington", "state": "Illinois", "type": "Government Hub"}, "geometry": {"type": "Point", "coordinates": [-89.025, 40.4679]}}, {"type": "Feature", "properties": {"name": "Avondale Government Center", "city": "Avondale", "state": "Arizona", "type": "Government Hub"}, "geometry": {"type": "Point", "coordinates": [-112.3858, 33.4437]}}, {"type": "Feature", "properties": {"name": "Avondale Federal Courthouse", "city": "Avondale", "state": "Arizona", "type": "Government Hub"}, "geometry": {"type": "Point", "coordinates": [-112.3598, 33.4646]}}, {"type": "Feature", "properties": {"name": "Somerville Federal Courthouse", "city": "Somerville", "state": "Massachusetts", "type": "Government Hub"}, "geometry": {"type": "Point", "coordinates": [-71.0783, 42.3635]}}, {"type": "Feature", "properties": {"name": "Somerville Administrative Center", "city": "Somerville", "state": "Massachusetts", "type": "Government Hub"}, "geometry": {"type": "Point", "coordinates": [-71.1146, 42.4266]}}, {"type": "Feature", "properties": {"name": "Palm Coast Administrative Center", "city": "Palm Coast", "state": "Florida", "type": "Government Hub"}, "geometry": {"type": "Point", "coordinates": [-81.2385, 29.5884]}}, {"type": "Feature", "properties": {"name": "Palm Coast Federal Building", "city": "Palm Coast", "state": "Florida", "type": "Government Hub"}, "geometry": {"type": "Point", "coordinates": [-81.1851, 29.5834]}}, {"type": "Feature", "properties": {"name": "Bryan Post Office", "city": "Bryan", "state": "Texas", "type": "Government Hub"}, "geometry": {"type": "Point", "coordinates": [-96.3911, 30.649]}}, {"type": "Feature", "properties": {"name": "Gary Municipal Center", "city": "Gary", "state": "Indiana", "type": "Government Hub"}, "geometry": {"type": "Point", "coordinates": [-87.3661, 41.6145]}}, {"type": "Feature", "properties": {"name": "Largo Public Safety Building", "city": "Largo", "state": "Florida", "type": "Government Hub"}, "geometry": {"type": "Point", "coordinates": [-82.7793, 27.9059]}}, {"type": "Feature", "properties": {"name": "Largo IRS Service Center", "city": "Largo", "state": "Florida", "type": "Government Hub"}, "geometry": {"type": "Point", "coordinates": [-82.8186, 27.9141]}}, {"type": "Feature", "properties": {"name": "Brooklyn Park Social Security Office", "city": "Brooklyn Park", "state": "Minnesota", "type": "Government Hub"}, "geometry": {"type": "Point", "coordinates": [-93.3717, 45.126]}}, {"type": "Feature", "properties": {"name": "Tustin DMV Regional Office", "city": "Tustin", "state": "California", "type": "Government Hub"}, "geometry": {"type": "Point", "coordinates": [-117.8122, 33.777]}}, {"type": "Feature", "properties": {"name": "Tustin Civic Center", "city": "Tustin", "state": "California", "type": "Government Hub"}, "geometry": {"type": "Point", "coordinates": [-117.7728, 33.7443]}}, {"type": "Feature", "properties": {"name": "Tustin Post Office", "city": "Tustin", "state": "California", "type": "Government Hub"}, "geometry": {"type": "Point", "coordinates": [-117.7836, 33.7712]}}, {"type": "Feature", "properties": {"name": "Racine Post Office", "city": "Racine", "state": "Wisconsin", "type": "Government Hub"}, "geometry": {"type": "Point", "coordinates": [-87.7779, 42.7607]}}, {"type": "Feature", "properties": {"name": "Racine Social Security Office", "city": "Racine", "state": "Wisconsin", "type": "Government Hub"}, "geometry": {"type": "Point", "coordinates": [-87.8314, 42.6914]}}, {"type": "Feature", "properties": {"name": "Deerfield Beach State Office Building", "city": "Deerfield Beach", "state": "Florida", "type": "Government Hub"}, "geometry": {"type": "Point", "coordinates": [-80.1502, 26.3255]}}, {"type": "Feature", "properties": {"name": "Lynchburg IRS Service Center", "city": "Lynchburg", "state": "Virginia", "type": "Government Hub"}, "geometry": {"type": "Point", "coordinates": [-79.1415, 37.44]}}, {"type": "Feature", "properties": {"name": "Mountain View DMV Regional Office", "city": "Mountain View", "state": "California", "type": "Government Hub"}, "geometry": {"type": "Point", "coordinates": [-122.0598, 37.4175]}}, {"type": "Feature", "properties": {"name": "Mountain View IRS Service Center", "city": "Mountain View", "state": "California", "type": "Government Hub"}, "geometry": {"type": "Point", "coordinates": [-122.0829, 37.4121]}}, {"type": "Feature", "properties": {"name": "Mountain View County Courthouse", "city": "Mountain View", "state": "California", "type": "Government Hub"}, "geometry": {"type": "Point", "coordinates": [-122.0621, 37.3948]}}, {"type": "Feature", "properties": {"name": "Medford City Hall", "city": "Medford", "state": "Oregon", "type": "Government Hub"}, "geometry": {"type": "Point", "coordinates": [-122.8953, 42.3009]}}, {"type": "Feature", "properties": {"name": "Medford IRS Service Center", "city": "Medford", "state": "Oregon", "type": "Government Hub"}, "geometry": {"type": "Point", "coordinates": [-122.9119, 42.3113]}}, {"type": "Feature", "properties": {"name": "Lawrence Federal Building", "city": "Lawrence", "state": "Massachusetts", "type": "Government Hub"}, "geometry": {"type": "Point", "coordinates": [-71.1385, 42.7328]}}, {"type": "Feature", "properties": {"name": "Bellflower Federal Courthouse", "city": "Bellflower", "state": "California", "type": "Government Hub"}, "geometry": {"type": "Point", "coordinates": [-118.1325, 33.9181]}}, {"type": "Feature", "properties": {"name": "Bellflower Public Safety Building", "city": "Bellflower", "state": "California", "type": "Government Hub"}, "geometry": {"type": "Point", "coordinates": [-118.1482, 33.8942]}}, {"type": "Feature", "properties": {"name": "Melbourne Federal Courthouse", "city": "Melbourne", "state": "Florida", "type": "Government Hub"}, "geometry": {"type": "Point", "coordinates": [-80.5831, 28.051]}}, {"type": "Feature", "properties": {"name": "St. Joseph Federal Building", "city": "St. Joseph", "state": "Missouri", "type": "Government Hub"}, "geometry": {"type": "Point", "coordinates": [-94.7929, 39.7551]}}, {"type": "Feature", "properties": {"name": "Camden VA Medical Center", "city": "Camden", "state": "New Jersey", "type": "Government Hub"}, "geometry": {"type": "Point", "coordinates": [-75.1519, 39.9212]}}, {"type": "Feature", "properties": {"name": "St. George IRS Service Center", "city": "St. George", "state": "Utah", "type": "Government Hub"}, "geometry": {"type": "Point", "coordinates": [-113.5152, 37.076]}}, {"type": "Feature", "properties": {"name": "St. George Federal Building", "city": "St. George", "state": "Utah", "type": "Government Hub"}, "geometry": {"type": "Point", "coordinates": [-113.5648, 37.1252]}}, {"type": "Feature", "properties": {"name": "St. George Post Office", "city": "St. George", "state": "Utah", "type": "Government Hub"}, "geometry": {"type": "Point", "coordinates": [-113.5213, 37.0641]}}, {"type": "Feature", "properties": {"name": "Kennewick DMV Regional Office", "city": "Kennewick", "state": "Washington", "type": "Government Hub"}, "geometry": {"type": "Point", "coordinates": [-119.1141, 46.197]}}, {"type": "Feature", "properties": {"name": "Baldwin Park Social Security Office", "city": "Baldwin Park", "state": "California", "type": "Government Hub"}, "geometry": {"type": "Point", "coordinates": [-117.9489, 34.1236]}}, {"type": "Feature", "properties": {"name": "Chino Hills Federal Building", "city": "Chino Hills", "state": "California", "type": "Government Hub"}, "geometry": {"type": "Point", "coordinates": [-117.7638, 33.9727]}}, {"type": "Feature", "properties": {"name": "Chino Hills Public Safety Building", "city": "Chino Hills", "state": "California", "type": "Government Hub"}, "geometry": {"type": "Point", "coordinates": [-117.7564, 34.0156]}}, {"type": "Feature", "properties": {"name": "Alameda City Hall", "city": "Alameda", "state": "California", "type": "Government Hub"}, "geometry": {"type": "Point", "coordinates": [-122.2591, 37.7731]}}, {"type": "Feature", "properties": {"name": "Alameda DMV Regional Office", "city": "Alameda", "state": "California", "type": "Government Hub"}, "geometry": {"type": "Point", "coordinates": [-122.221, 37.7554]}}, {"type": "Feature", "properties": {"name": "Alameda Government Center", "city": "Alameda", "state": "California", "type": "Government Hub"}, "geometry": {"type": "Point", "coordinates": [-122.2839, 37.7521]}}, {"type": "Feature", "properties": {"name": "Albany State Office Building", "city": "Albany", "state": "Georgia", "type": "Government Hub"}, "geometry": {"type": "Point", "coordinates": [-84.1538, 31.6002]}}, {"type": "Feature", "properties": {"name": "Albany IRS Service Center", "city": "Albany", "state": "Georgia", "type": "Government Hub"}, "geometry": {"type": "Point", "coordinates": [-84.1445, 31.6065]}}, {"type": "Feature", "properties": {"name": "Albany Municipal Center", "city": "Albany", "state": "Georgia", "type": "Government Hub"}, "geometry": {"type": "Point", "coordinates": [-84.1575, 31.5434]}}, {"type": "Feature", "properties": {"name": "Arlington Heights Federal Building", "city": "Arlington Heights", "state": "Illinois", "type": "Government Hub"}, "geometry": {"type": "Point", "coordinates": [-87.9914, 42.0495]}}, {"type": "Feature", "properties": {"name": "Scranton Administrative Center", "city": "Scranton", "state": "Pennsylvania", "type": "Government Hub"}, "geometry": {"type": "Point", "coordinates": [-75.6128, 41.3794]}}, {"type": "Feature", "properties": {"name": "Scranton Civic Center", "city": "Scranton", "state": "Pennsylvania", "type": "Government Hub"}, "geometry": {"type": "Point", "coordinates": [-75.6399, 41.4324]}}, {"type": "Feature", "properties": {"name": "Evanston Post Office", "city": "Evanston", "state": "Illinois", "type": "Government Hub"}, "geometry": {"type": "Point", "coordinates": [-87.726, 42.0762]}}, {"type": "Feature", "properties": {"name": "Evanston City Hall", "city": "Evanston", "state": "Illinois", "type": "Government Hub"}, "geometry": {"type": "Point", "coordinates": [-87.6978, 42.0067]}}, {"type": "Feature", "properties": {"name": "Kalamazoo IRS Service Center", "city": "Kalamazoo", "state": "Michigan", "type": "Government Hub"}, "geometry": {"type": "Point", "coordinates": [-85.5501, 42.3154]}}, {"type": "Feature", "properties": {"name": "Kalamazoo DMV Regional Office", "city": "Kalamazoo", "state": "Michigan", "type": "Government Hub"}, "geometry": {"type": "Point", "coordinates": [-85.5709, 42.2964]}}, {"type": "Feature", "properties": {"name": "Kalamazoo Public Safety Building", "city": "Kalamazoo", "state": "Michigan", "type": "Government Hub"}, "geometry": {"type": "Point", "coordinates": [-85.6165, 42.2843]}}, {"type": "Feature", "properties": {"name": "Baytown Administrative Center", "city": "Baytown", "state": "Texas", "type": "Government Hub"}, "geometry": {"type": "Point", "coordinates": [-94.9931, 29.7081]}}, {"type": "Feature", "properties": {"name": "Upland Social Security Office", "city": "Upland", "state": "California", "type": "Government Hub"}, "geometry": {"type": "Point", "coordinates": [-117.6338, 34.0794]}}, {"type": "Feature", "properties": {"name": "Springdale Municipal Center", "city": "Springdale", "state": "Arkansas", "type": "Government Hub"}, "geometry": {"type": "Point", "coordinates": [-94.1247, 36.1605]}}, {"type": "Feature", "properties": {"name": "Bethlehem Civic Center", "city": "Bethlehem", "state": "Pennsylvania", "type": "Government Hub"}, "geometry": {"type": "Point", "coordinates": [-75.3799, 40.6459]}}, {"type": "Feature", "properties": {"name": "Schaumburg Federal Courthouse", "city": "Schaumburg", "state": "Illinois", "type": "Government Hub"}, "geometry": {"type": "Point", "coordinates": [-88.0316, 42.0682]}}, {"type": "Feature", "properties": {"name": "Mount Pleasant Government Center", "city": "Mount Pleasant", "state": "South Carolina", "type": "Government Hub"}, "geometry": {"type": "Point", "coordinates": [-79.8504, 32.8664]}}, {"type": "Feature", "properties": {"name": "Mount Pleasant Public Safety Building", "city": "Mount Pleasant", "state": "South Carolina", "type": "Government Hub"}, "geometry": {"type": "Point", "coordinates": [-79.7794, 32.8586]}}, {"type": "Feature", "properties": {"name": "Mount Pleasant Municipal Center", "city": "Mount Pleasant", "state": "South Carolina", "type": "Government Hub"}, "geometry": {"type": "Point", "coordinates": [-79.8777, 32.8448]}}, {"type": "Feature", "properties": {"name": "Auburn Federal Courthouse", "city": "Auburn", "state": "Washington", "type": "Government Hub"}, "geometry": {"type": "Point", "coordinates": [-122.1967, 47.3169]}}, {"type": "Feature", "properties": {"name": "Auburn Civic Center", "city": "Auburn", "state": "Washington", "type": "Government Hub"}, "geometry": {"type": "Point", "coordinates": [-122.2491, 47.2786]}}, {"type": "Feature", "properties": {"name": "Decatur Administrative Center", "city": "Decatur", "state": "Illinois", "type": "Government Hub"}, "geometry": {"type": "Point", "coordinates": [-88.9646, 39.8381]}}, {"type": "Feature", "properties": {"name": "Decatur State Office Building", "city": "Decatur", "state": "Illinois", "type": "Government Hub"}, "geometry": {"type": "Point", "coordinates": [-88.9329, 39.8063]}}, {"type": "Feature", "properties": {"name": "San Ramon Government Center", "city": "San Ramon", "state": "California", "type": "Government Hub"}, "geometry": {"type": "Point", "coordinates": [-121.97, 37.8096]}}, {"type": "Feature", "properties": {"name": "San Ramon IRS Service Center", "city": "San Ramon", "state": "California", "type": "Government Hub"}, "geometry": {"type": "Point", "coordinates": [-121.988, 37.7725]}}, {"type": "Feature", "properties": {"name": "San Ramon Social Security Office", "city": "San Ramon", "state": "California", "type": "Government Hub"}, "geometry": {"type": "Point", "coordinates": [-121.9998, 37.7646]}}, {"type": "Feature", "properties": {"name": "Pleasanton City Hall", "city": "Pleasanton", "state": "California", "type": "Government Hub"}, "geometry": {"type": "Point", "coordinates": [-121.9209, 37.6576]}}, {"type": "Feature", "properties": {"name": "Wyoming County Courthouse", "city": "Wyoming", "state": "Michigan", "type": "Government Hub"}, "geometry": {"type": "Point", "coordinates": [-85.7322, 42.9382]}}, {"type": "Feature", "properties": {"name": "Wyoming Civic Center", "city": "Wyoming", "state": "Michigan", "type": "Government Hub"}, "geometry": {"type": "Point", "coordinates": [-85.7463, 42.8792]}}, {"type": "Feature", "properties": {"name": "Lake Charles VA Medical Center", "city": "Lake Charles", "state": "Louisiana", "type": "Government Hub"}, "geometry": {"type": "Point", "coordinates": [-93.2005, 30.2473]}}, {"type": "Feature", "properties": {"name": "Lake Charles Administrative Center", "city": "Lake Charles", "state": "Louisiana", "type": "Government Hub"}, "geometry": {"type": "Point", "coordinates": [-93.1827, 30.2192]}}, {"type": "Feature", "properties": {"name": "Plymouth Civic Center", "city": "Plymouth", "state": "Minnesota", "type": "Government Hub"}, "geometry": {"type": "Point", "coordinates": [-93.4431, 45.0387]}}, {"type": "Feature", "properties": {"name": "Bolingbrook Post Office", "city": "Bolingbrook", "state": "Illinois", "type": "Government Hub"}, "geometry": {"type": "Point", "coordinates": [-88.0638, 41.6952]}}, {"type": "Feature", "properties": {"name": "Pharr DMV Regional Office", "city": "Pharr", "state": "Texas", "type": "Government Hub"}, "geometry": {"type": "Point", "coordinates": [-98.2381, 26.2267]}}, {"type": "Feature", "properties": {"name": "Pharr State Office Building", "city": "Pharr", "state": "Texas", "type": "Government Hub"}, "geometry": {"type": "Point", "coordinates": [-98.1315, 26.198]}}, {"type": "Feature", "properties": {"name": "Appleton City Hall", "city": "Appleton", "state": "Wisconsin", "type": "Government Hub"}, "geometry": {"type": "Point", "coordinates": [-88.4519, 44.2711]}}, {"type": "Feature", "properties": {"name": "Appleton Administrative Center", "city": "Appleton", "state": "Wisconsin", "type": "Government Hub"}, "geometry": {"type": "Point", "coordinates": [-88.376, 44.298]}}, {"type": "Feature", "properties": {"name": "Gastonia Municipal Center", "city": "Gastonia", "state": "North Carolina", "type": "Government Hub"}, "geometry": {"type": "Point", "coordinates": [-81.1514, 35.2879]}}, {"type": "Feature", "properties": {"name": "Gastonia IRS Service Center", "city": "Gastonia", "state": "North Carolina", "type": "Government Hub"}, "geometry": {"type": "Point", "coordinates": [-81.219, 35.2932]}}, {"type": "Feature", "properties": {"name": "Gastonia VA Medical Center", "city": "Gastonia", "state": "North Carolina", "type": "Government Hub"}, "geometry": {"type": "Point", "coordinates": [-81.1415, 35.2719]}}, {"type": "Feature", "properties": {"name": "Folsom Civic Center", "city": "Folsom", "state": "California", "type": "Government Hub"}, "geometry": {"type": "Point", "coordinates": [-121.1636, 38.687]}}, {"type": "Feature", "properties": {"name": "Folsom County Courthouse", "city": "Folsom", "state": "California", "type": "Government Hub"}, "geometry": {"type": "Point", "coordinates": [-121.1338, 38.6727]}}, {"type": "Feature", "properties": {"name": "Folsom Post Office", "city": "Folsom", "state": "California", "type": "Government Hub"}, "geometry": {"type": "Point", "coordinates": [-121.2152, 38.7067]}}, {"type": "Feature", "properties": {"name": "Southfield IRS Service Center", "city": "Southfield", "state": "Michigan", "type": "Government Hub"}, "geometry": {"type": "Point", "coordinates": [-83.2732, 42.4357]}}, {"type": "Feature", "properties": {"name": "Southfield Federal Building", "city": "Southfield", "state": "Michigan", "type": "Government Hub"}, "geometry": {"type": "Point", "coordinates": [-83.2217, 42.501]}}, {"type": "Feature", "properties": {"name": "Rochester Hills Federal Courthouse", "city": "Rochester Hills", "state": "Michigan", "type": "Government Hub"}, "geometry": {"type": "Point", "coordinates": [-83.1108, 42.6412]}}, {"type": "Feature", "properties": {"name": "Rochester Hills IRS Service Center", "city": "Rochester Hills", "state": "Michigan", "type": "Government Hub"}, "geometry": {"type": "Point", "coordinates": [-83.1776, 42.6871]}}, {"type": "Feature", "properties": {"name": "New Britain Public Safety Building", "city": "New Britain", "state": "Connecticut", "type": "Government Hub"}, "geometry": {"type": "Point", "coordinates": [-72.7601, 41.664]}}, {"type": "Feature", "properties": {"name": "New Britain Social Security Office", "city": "New Britain", "state": "Connecticut", "type": "Government Hub"}, "geometry": {"type": "Point", "coordinates": [-72.8338, 41.6225]}}, {"type": "Feature", "properties": {"name": "Goodyear VA Medical Center", "city": "Goodyear", "state": "Arizona", "type": "Government Hub"}, "geometry": {"type": "Point", "coordinates": [-112.4065, 33.416]}}, {"type": "Feature", "properties": {"name": "Goodyear Municipal Center", "city": "Goodyear", "state": "Arizona", "type": "Government Hub"}, "geometry": {"type": "Point", "coordinates": [-112.3023, 33.4417]}}, {"type": "Feature", "properties": {"name": "Canton Government Center", "city": "Canton", "state": "Ohio", "type": "Government Hub"}, "geometry": {"type": "Point", "coordinates": [-81.3444, 40.7922]}}, {"type": "Feature", "properties": {"name": "Warner Robins Public Safety Building", "city": "Warner Robins", "state": "Georgia", "type": "Government Hub"}, "geometry": {"type": "Point", "coordinates": [-83.5834, 32.5952]}}, {"type": "Feature", "properties": {"name": "Warner Robins DMV Regional Office", "city": "Warner Robins", "state": "Georgia", "type": "Government Hub"}, "geometry": {"type": "Point", "coordinates": [-83.6394, 32.6032]}}, {"type": "Feature", "properties": {"name": "Warner Robins Federal Building", "city": "Warner Robins", "state": "Georgia", "type": "Government Hub"}, "geometry": {"type": "Point", "coordinates": [-83.6649, 32.6163]}}, {"type": "Feature", "properties": {"name": "Union City County Courthouse", "city": "Union City", "state": "California", "type": "Government Hub"}, "geometry": {"type": "Point", "coordinates": [-121.9914, 37.6014]}}, {"type": "Feature", "properties": {"name": "Union City VA Medical Center", "city": "Union City", "state": "California", "type": "Government Hub"}, "geometry": {"type": "Point", "coordinates": [-122.0001, 37.5804]}}, {"type": "Feature", "properties": {"name": "Union City IRS Service Center", "city": "Union City", "state": "California", "type": "Government Hub"}, "geometry": {"type": "Point", "coordinates": [-122.0917, 37.5696]}}, {"type": "Feature", "properties": {"name": "Perris Municipal Center", "city": "Perris", "state": "California", "type": "Government Hub"}, "geometry": {"type": "Point", "coordinates": [-117.2307, 33.8163]}}, {"type": "Feature", "properties": {"name": "Perris Federal Building", "city": "Perris", "state": "California", "type": "Government Hub"}, "geometry": {"type": "Point", "coordinates": [-117.1794, 33.8197]}}, {"type": "Feature", "properties": {"name": "Perris Municipal Center", "city": "Perris", "state": "California", "type": "Government Hub"}, "geometry": {"type": "Point", "coordinates": [-117.2742, 33.8132]}}, {"type": "Feature", "properties": {"name": "Manteca Social Security Office", "city": "Manteca", "state": "California", "type": "Government Hub"}, "geometry": {"type": "Point", "coordinates": [-121.2595, 37.7669]}}, {"type": "Feature", "properties": {"name": "Iowa City Federal Courthouse", "city": "Iowa City", "state": "Iowa", "type": "Government Hub"}, "geometry": {"type": "Point", "coordinates": [-91.5157, 41.6788]}}, {"type": "Feature", "properties": {"name": "Jonesboro Post Office", "city": "Jonesboro", "state": "Arkansas", "type": "Government Hub"}, "geometry": {"type": "Point", "coordinates": [-90.7497, 35.8806]}}, {"type": "Feature", "properties": {"name": "Jonesboro State Office Building", "city": "Jonesboro", "state": "Arkansas", "type": "Government Hub"}, "geometry": {"type": "Point", "coordinates": [-90.7374, 35.8222]}}, {"type": "Feature", "properties": {"name": "Jonesboro City Hall", "city": "Jonesboro", "state": "Arkansas", "type": "Government Hub"}, "geometry": {"type": "Point", "coordinates": [-90.6735, 35.8609]}}, {"type": "Feature", "properties": {"name": "Wilmington Administrative Center", "city": "Wilmington", "state": "Delaware", "type": "Government Hub"}, "geometry": {"type": "Point", "coordinates": [-75.4932, 39.7208]}}, {"type": "Feature", "properties": {"name": "Wilmington Federal Building", "city": "Wilmington", "state": "Delaware", "type": "Government Hub"}, "geometry": {"type": "Point", "coordinates": [-75.5175, 39.7425]}}, {"type": "Feature", "properties": {"name": "Wilmington Social Security Office", "city": "Wilmington", "state": "Delaware", "type": "Government Hub"}, "geometry": {"type": "Point", "coordinates": [-75.4907, 39.7762]}}, {"type": "Feature", "properties": {"name": "Lynwood VA Medical Center", "city": "Lynwood", "state": "California", "type": "Government Hub"}, "geometry": {"type": "Point", "coordinates": [-118.2446, 33.9256]}}, {"type": "Feature", "properties": {"name": "Lynwood VA Medical Center", "city": "Lynwood", "state": "California", "type": "Government Hub"}, "geometry": {"type": "Point", "coordinates": [-118.2114, 33.9285]}}, {"type": "Feature", "properties": {"name": "Lynwood Federal Courthouse", "city": "Lynwood", "state": "California", "type": "Government Hub"}, "geometry": {"type": "Point", "coordinates": [-118.1721, 33.9558]}}, {"type": "Feature", "properties": {"name": "Loveland City Hall", "city": "Loveland", "state": "Colorado", "type": "Government Hub"}, "geometry": {"type": "Point", "coordinates": [-105.1089, 40.4316]}}, {"type": "Feature", "properties": {"name": "Loveland Government Center", "city": "Loveland", "state": "Colorado", "type": "Government Hub"}, "geometry": {"type": "Point", "coordinates": [-105.1147, 40.3741]}}, {"type": "Feature", "properties": {"name": "Pawtucket DMV Regional Office", "city": "Pawtucket", "state": "Rhode Island", "type": "Government Hub"}, "geometry": {"type": "Point", "coordinates": [-71.403, 41.8591]}}, {"type": "Feature", "properties": {"name": "Pawtucket Post Office", "city": "Pawtucket", "state": "Rhode Island", "type": "Government Hub"}, "geometry": {"type": "Point", "coordinates": [-71.4013, 41.883]}}, {"type": "Feature", "properties": {"name": "Pawtucket Civic Center", "city": "Pawtucket", "state": "Rhode Island", "type": "Government Hub"}, "geometry": {"type": "Point", "coordinates": [-71.4002, 41.8834]}}, {"type": "Feature", "properties": {"name": "Boynton Beach Municipal Center", "city": "Boynton Beach", "state": "Florida", "type": "Government Hub"}, "geometry": {"type": "Point", "coordinates": [-80.116, 26.537]}}, {"type": "Feature", "properties": {"name": "Boynton Beach Government Center", "city": "Boynton Beach", "state": "Florida", "type": "Government Hub"}, "geometry": {"type": "Point", "coordinates": [-80.1081, 26.5047]}}, {"type": "Feature", "properties": {"name": "Boynton Beach Federal Building", "city": "Boynton Beach", "state": "Florida", "type": "Government Hub"}, "geometry": {"type": "Point", "coordinates": [-80.0732, 26.5393]}}, {"type": "Feature", "properties": {"name": "Waukesha State Office Building", "city": "Waukesha", "state": "Wisconsin", "type": "Government Hub"}, "geometry": {"type": "Point", "coordinates": [-88.2015, 42.9725]}}, {"type": "Feature", "properties": {"name": "Waukesha VA Medical Center", "city": "Waukesha", "state": "Wisconsin", "type": "Government Hub"}, "geometry": {"type": "Point", "coordinates": [-88.225, 43.0513]}}, {"type": "Feature", "properties": {"name": "Waukesha State Office Building", "city": "Waukesha", "state": "Wisconsin", "type": "Government Hub"}, "geometry": {"type": "Point", "coordinates": [-88.2817, 43.0303]}}, {"type": "Feature", "properties": {"name": "Gulfport Social Security Office", "city": "Gulfport", "state": "Mississippi", "type": "Government Hub"}, "geometry": {"type": "Point", "coordinates": [-89.0595, 30.3432]}}, {"type": "Feature", "properties": {"name": "Gulfport Administrative Center", "city": "Gulfport", "state": "Mississippi", "type": "Government Hub"}, "geometry": {"type": "Point", "coordinates": [-89.1074, 30.4012]}}, {"type": "Feature", "properties": {"name": "Apple Valley Public Safety Building", "city": "Apple Valley", "state": "California", "type": "Government Hub"}, "geometry": {"type": "Point", "coordinates": [-117.2126, 34.4657]}}, {"type": "Feature", "properties": {"name": "Apple Valley DMV Regional Office", "city": "Apple Valley", "state": "California", "type": "Government Hub"}, "geometry": {"type": "Point", "coordinates": [-117.2244, 34.535]}}, {"type": "Feature", "properties": {"name": "Apple Valley Public Safety Building", "city": "Apple Valley", "state": "California", "type": "Government Hub"}, "geometry": {"type": "Point", "coordinates": [-117.1663, 34.5152]}}, {"type": "Feature", "properties": {"name": "Passaic Post Office", "city": "Passaic", "state": "New Jersey", "type": "Government Hub"}, "geometry": {"type": "Point", "coordinates": [-74.0882, 40.8936]}}, {"type": "Feature", "properties": {"name": "Passaic Civic Center", "city": "Passaic", "state": "New Jersey", "type": "Government Hub"}, "geometry": {"type": "Point", "coordinates": [-74.1178, 40.8754]}}, {"type": "Feature", "properties": {"name": "Passaic VA Medical Center", "city": "Passaic", "state": "New Jersey", "type": "Government Hub"}, "geometry": {"type": "Point", "coordinates": [-74.1666, 40.8758]}}, {"type": "Feature", "properties": {"name": "Rapid City County Courthouse", "city": "Rapid City", "state": "South Dakota", "type": "Government Hub"}, "geometry": {"type": "Point", "coordinates": [-103.2702, 44.0447]}}, {"type": "Feature", "properties": {"name": "Layton Government Center", "city": "Layton", "state": "Utah", "type": "Government Hub"}, "geometry": {"type": "Point", "coordinates": [-112.0269, 41.081]}}, {"type": "Feature", "properties": {"name": "Layton Post Office", "city": "Layton", "state": "Utah", "type": "Government Hub"}, "geometry": {"type": "Point", "coordinates": [-111.9793, 41.0282]}}, {"type": "Feature", "properties": {"name": "Layton Administrative Center", "city": "Layton", "state": "Utah", "type": "Government Hub"}, "geometry": {"type": "Point", "coordinates": [-111.9818, 41.0672]}}, {"type": "Feature", "properties": {"name": "Lafayette Public Safety Building", "city": "Lafayette", "state": "Indiana", "type": "Government Hub"}, "geometry": {"type": "Point", "coordinates": [-86.8747, 40.4301]}}, {"type": "Feature", "properties": {"name": "Lafayette Government Center", "city": "Lafayette", "state": "Indiana", "type": "Government Hub"}, "geometry": {"type": "Point", "coordinates": [-86.8221, 40.3882]}}, {"type": "Feature", "properties": {"name": "Lafayette State Office Building", "city": "Lafayette", "state": "Indiana", "type": "Government Hub"}, "geometry": {"type": "Point", "coordinates": [-86.8852, 40.4235]}}, {"type": "Feature", "properties": {"name": "Turlock City Hall", "city": "Turlock", "state": "California", "type": "Government Hub"}, "geometry": {"type": "Point", "coordinates": [-120.8624, 37.5204]}}, {"type": "Feature", "properties": {"name": "Turlock Public Safety Building", "city": "Turlock", "state": "California", "type": "Government Hub"}, "geometry": {"type": "Point", "coordinates": [-120.8566, 37.5043]}}, {"type": "Feature", "properties": {"name": "Muncie DMV Regional Office", "city": "Muncie", "state": "Indiana", "type": "Government Hub"}, "geometry": {"type": "Point", "coordinates": [-85.3989, 40.1603]}}, {"type": "Feature", "properties": {"name": "Muncie County Courthouse", "city": "Muncie", "state": "Indiana", "type": "Government Hub"}, "geometry": {"type": "Point", "coordinates": [-85.4353, 40.189]}}, {"type": "Feature", "properties": {"name": "Muncie Municipal Center", "city": "Muncie", "state": "Indiana", "type": "Government Hub"}, "geometry": {"type": "Point", "coordinates": [-85.3743, 40.2016]}}, {"type": "Feature", "properties": {"name": "Temple Administrative Center", "city": "Temple", "state": "Texas", "type": "Government Hub"}, "geometry": {"type": "Point", "coordinates": [-97.3984, 31.0637]}}, {"type": "Feature", "properties": {"name": "Temple Federal Courthouse", "city": "Temple", "state": "Texas", "type": "Government Hub"}, "geometry": {"type": "Point", "coordinates": [-97.327, 31.0814]}}, {"type": "Feature", "properties": {"name": "Missouri City Administrative Center", "city": "Missouri City", "state": "Texas", "type": "Government Hub"}, "geometry": {"type": "Point", "coordinates": [-95.5178, 29.597]}}, {"type": "Feature", "properties": {"name": "Missouri City Administrative Center", "city": "Missouri City", "state": "Texas", "type": "Government Hub"}, "geometry": {"type": "Point", "coordinates": [-95.5069, 29.6051]}}, {"type": "Feature", "properties": {"name": "Redlands Government Center", "city": "Redlands", "state": "California", "type": "Government Hub"}, "geometry": {"type": "Point", "coordinates": [-117.1991, 34.0761]}}, {"type": "Feature", "properties": {"name": "Redlands City Hall", "city": "Redlands", "state": "California", "type": "Government Hub"}, "geometry": {"type": "Point", "coordinates": [-117.2042, 34.0594]}}, {"type": "Feature", "properties": {"name": "Santa Fe DMV Regional Office", "city": "Santa Fe", "state": "New Mexico", "type": "Government Hub"}, "geometry": {"type": "Point", "coordinates": [-105.8936, 35.686]}}, {"type": "Feature", "properties": {"name": "Lauderhill VA Medical Center", "city": "Lauderhill", "state": "Florida", "type": "Government Hub"}, "geometry": {"type": "Point", "coordinates": [-80.1656, 26.1783]}}, {"type": "Feature", "properties": {"name": "Lauderhill VA Medical Center", "city": "Lauderhill", "state": "Florida", "type": "Government Hub"}, "geometry": {"type": "Point", "coordinates": [-80.2635, 26.1023]}}, {"type": "Feature", "properties": {"name": "Milpitas IRS Service Center", "city": "Milpitas", "state": "California", "type": "Government Hub"}, "geometry": {"type": "Point", "coordinates": [-121.8585, 37.4246]}}, {"type": "Feature", "properties": {"name": "Milpitas Social Security Office", "city": "Milpitas", "state": "California", "type": "Government Hub"}, "geometry": {"type": "Point", "coordinates": [-121.8638, 37.4387]}}, {"type": "Feature", "properties": {"name": "Palatine Municipal Center", "city": "Palatine", "state": "Illinois", "type": "Government Hub"}, "geometry": {"type": "Point", "coordinates": [-88.0408, 42.145]}}, {"type": "Feature", "properties": {"name": "Palatine DMV Regional Office", "city": "Palatine", "state": "Illinois", "type": "Government Hub"}, "geometry": {"type": "Point", "coordinates": [-88.0623, 42.1156]}}, {"type": "Feature", "properties": {"name": "Palatine DMV Regional Office", "city": "Palatine", "state": "Illinois", "type": "Government Hub"}, "geometry": {"type": "Point", "coordinates": [-87.9972, 42.0992]}}, {"type": "Feature", "properties": {"name": "Missoula Public Safety Building", "city": "Missoula", "state": "Montana", "type": "Government Hub"}, "geometry": {"type": "Point", "coordinates": [-114.0017, 46.8456]}}, {"type": "Feature", "properties": {"name": "Rock Hill State Office Building", "city": "Rock Hill", "state": "South Carolina", "type": "Government Hub"}, "geometry": {"type": "Point", "coordinates": [-80.9894, 34.8885]}}, {"type": "Feature", "properties": {"name": "Rock Hill County Courthouse", "city": "Rock Hill", "state": "South Carolina", "type": "Government Hub"}, "geometry": {"type": "Point", "coordinates": [-80.975, 34.9217]}}, {"type": "Feature", "properties": {"name": "Rock Hill Civic Center", "city": "Rock Hill", "state": "South Carolina", "type": "Government Hub"}, "geometry": {"type": "Point", "coordinates": [-81.0766, 34.9273]}}, {"type": "Feature", "properties": {"name": "Jacksonville Municipal Center", "city": "Jacksonville", "state": "North Carolina", "type": "Government Hub"}, "geometry": {"type": "Point", "coordinates": [-77.4541, 34.7473]}}, {"type": "Feature", "properties": {"name": "Jacksonville Federal Courthouse", "city": "Jacksonville", "state": "North Carolina", "type": "Government Hub"}, "geometry": {"type": "Point", "coordinates": [-77.3853, 34.7667]}}, {"type": "Feature", "properties": {"name": "Jacksonville Public Safety Building", "city": "Jacksonville", "state": "North Carolina", "type": "Government Hub"}, "geometry": {"type": "Point", "coordinates": [-77.378, 34.7206]}}, {"type": "Feature", "properties": {"name": "Franklin Civic Center", "city": "Franklin", "state": "Tennessee", "type": "Government Hub"}, "geometry": {"type": "Point", "coordinates": [-86.873, 35.9329]}}, {"type": "Feature", "properties": {"name": "Flagstaff Administrative Center", "city": "Flagstaff", "state": "Arizona", "type": "Government Hub"}, "geometry": {"type": "Point", "coordinates": [-111.6042, 35.1588]}}, {"type": "Feature", "properties": {"name": "Flower Mound State Office Building", "city": "Flower Mound", "state": "Texas", "type": "Government Hub"}, "geometry": {"type": "Point", "coordinates": [-97.0663, 33.047]}}, {"type": "Feature", "properties": {"name": "Flower Mound City Hall", "city": "Flower Mound", "state": "Texas", "type": "Government Hub"}, "geometry": {"type": "Point", "coordinates": [-97.1292, 33.0129]}}, {"type": "Feature", "properties": {"name": "Weston Social Security Office", "city": "Weston", "state": "Florida", "type": "Government Hub"}, "geometry": {"type": "Point", "coordinates": [-80.4439, 26.0907]}}, {"type": "Feature", "properties": {"name": "Weston VA Medical Center", "city": "Weston", "state": "Florida", "type": "Government Hub"}, "geometry": {"type": "Point", "coordinates": [-80.418, 26.0997]}}, {"type": "Feature", "properties": {"name": "Waterloo Government Center", "city": "Waterloo", "state": "Iowa", "type": "Government Hub"}, "geometry": {"type": "Point", "coordinates": [-92.3081, 42.5067]}}, {"type": "Feature", "properties": {"name": "Union City County Courthouse", "city": "Union City", "state": "New Jersey", "type": "Government Hub"}, "geometry": {"type": "Point", "coordinates": [-74.2167, 40.6767]}}, {"type": "Feature", "properties": {"name": "Mount Vernon Civic Center", "city": "Mount Vernon", "state": "New York", "type": "Government Hub"}, "geometry": {"type": "Point", "coordinates": [-73.8509, 40.9294]}}, {"type": "Feature", "properties": {"name": "Fort Myers Social Security Office", "city": "Fort Myers", "state": "Florida", "type": "Government Hub"}, "geometry": {"type": "Point", "coordinates": [-81.921, 26.6126]}}, {"type": "Feature", "properties": {"name": "Dothan Government Center", "city": "Dothan", "state": "Alabama", "type": "Government Hub"}, "geometry": {"type": "Point", "coordinates": [-85.3883, 31.1929]}}, {"type": "Feature", "properties": {"name": "Dothan DMV Regional Office", "city": "Dothan", "state": "Alabama", "type": "Government Hub"}, "geometry": {"type": "Point", "coordinates": [-85.3732, 31.2549]}}, {"type": "Feature", "properties": {"name": "Dothan State Office Building", "city": "Dothan", "state": "Alabama", "type": "Government Hub"}, "geometry": {"type": "Point", "coordinates": [-85.3379, 31.2061]}}, {"type": "Feature", "properties": {"name": "Rancho Cordova Administrative Center", "city": "Rancho Cordova", "state": "California", "type": "Government Hub"}, "geometry": {"type": "Point", "coordinates": [-121.3025, 38.5517]}}, {"type": "Feature", "properties": {"name": "Rancho Cordova Post Office", "city": "Rancho Cordova", "state": "California", "type": "Government Hub"}, "geometry": {"type": "Point", "coordinates": [-121.3553, 38.587]}}, {"type": "Feature", "properties": {"name": "Rancho Cordova Social Security Office", "city": "Rancho Cordova", "state": "California", "type": "Government Hub"}, "geometry": {"type": "Point", "coordinates": [-121.3371, 38.6232]}}, {"type": "Feature", "properties": {"name": "Redondo Beach Government Center", "city": "Redondo Beach", "state": "California", "type": "Government Hub"}, "geometry": {"type": "Point", "coordinates": [-118.357, 33.8825]}}, {"type": "Feature", "properties": {"name": "Redondo Beach Social Security Office", "city": "Redondo Beach", "state": "California", "type": "Government Hub"}, "geometry": {"type": "Point", "coordinates": [-118.3331, 33.8191]}}, {"type": "Feature", "properties": {"name": "Jackson Post Office", "city": "Jackson", "state": "Tennessee", "type": "Government Hub"}, "geometry": {"type": "Point", "coordinates": [-88.8693, 35.6256]}}, {"type": "Feature", "properties": {"name": "Jackson Social Security Office", "city": "Jackson", "state": "Tennessee", "type": "Government Hub"}, "geometry": {"type": "Point", "coordinates": [-88.7703, 35.6111]}}, {"type": "Feature", "properties": {"name": "Jackson Social Security Office", "city": "Jackson", "state": "Tennessee", "type": "Government Hub"}, "geometry": {"type": "Point", "coordinates": [-88.8376, 35.6491]}}, {"type": "Feature", "properties": {"name": "Pasco Post Office", "city": "Pasco", "state": "Washington", "type": "Government Hub"}, "geometry": {"type": "Point", "coordinates": [-119.1006, 46.2668]}}, {"type": "Feature", "properties": {"name": "Pasco Social Security Office", "city": "Pasco", "state": "Washington", "type": "Government Hub"}, "geometry": {"type": "Point", "coordinates": [-119.072, 46.2277]}}, {"type": "Feature", "properties": {"name": "St. Charles Government Center", "city": "St. Charles", "state": "Missouri", "type": "Government Hub"}, "geometry": {"type": "Point", "coordinates": [-90.4593, 38.7747]}}, {"type": "Feature", "properties": {"name": "Eau Claire Social Security Office", "city": "Eau Claire", "state": "Wisconsin", "type": "Government Hub"}, "geometry": {"type": "Point", "coordinates": [-91.5263, 44.8239]}}, {"type": "Feature", "properties": {"name": "Eau Claire State Office Building", "city": "Eau Claire", "state": "Wisconsin", "type": "Government Hub"}, "geometry": {"type": "Point", "coordinates": [-91.4903, 44.8457]}}, {"type": "Feature", "properties": {"name": "North Richland Hills Public Safety Building", "city": "North Richland Hills", "state": "Texas", "type": "Government Hub"}, "geometry": {"type": "Point", "coordinates": [-97.2561, 32.8477]}}, {"type": "Feature", "properties": {"name": "North Richland Hills City Hall", "city": "North Richland Hills", "state": "Texas", "type": "Government Hub"}, "geometry": {"type": "Point", "coordinates": [-97.1767, 32.8157]}}, {"type": "Feature", "properties": {"name": "North Richland Hills Government Center", "city": "North Richland Hills", "state": "Texas", "type": "Government Hub"}, "geometry": {"type": "Point", "coordinates": [-97.2381, 32.8479]}}, {"type": "Feature", "properties": {"name": "Bismarck Administrative Center", "city": "Bismarck", "state": "North Dakota", "type": "Government Hub"}, "geometry": {"type": "Point", "coordinates": [-100.7826, 46.7906]}}, {"type": "Feature", "properties": {"name": "Bismarck Social Security Office", "city": "Bismarck", "state": "North Dakota", "type": "Government Hub"}, "geometry": {"type": "Point", "coordinates": [-100.7585, 46.8157]}}, {"type": "Feature", "properties": {"name": "Bismarck Municipal Center", "city": "Bismarck", "state": "North Dakota", "type": "Government Hub"}, "geometry": {"type": "Point", "coordinates": [-100.7307, 46.846]}}, {"type": "Feature", "properties": {"name": "Yorba Linda State Office Building", "city": "Yorba Linda", "state": "California", "type": "Government Hub"}, "geometry": {"type": "Point", "coordinates": [-117.7657, 33.9051]}}, {"type": "Feature", "properties": {"name": "Kenner Administrative Center", "city": "Kenner", "state": "Louisiana", "type": "Government Hub"}, "geometry": {"type": "Point", "coordinates": [-90.208, 30.0088]}}, {"type": "Feature", "properties": {"name": "Walnut Creek Post Office", "city": "Walnut Creek", "state": "California", "type": "Government Hub"}, "geometry": {"type": "Point", "coordinates": [-122.0604, 37.9424]}}, {"type": "Feature", "properties": {"name": "Walnut Creek State Office Building", "city": "Walnut Creek", "state": "California", "type": "Government Hub"}, "geometry": {"type": "Point", "coordinates": [-122.0803, 37.9039]}}, {"type": "Feature", "properties": {"name": "Walnut Creek State Office Building", "city": "Walnut Creek", "state": "California", "type": "Government Hub"}, "geometry": {"type": "Point", "coordinates": [-122.0332, 37.8739]}}, {"type": "Feature", "properties": {"name": "Frederick Administrative Center", "city": "Frederick", "state": "Maryland", "type": "Government Hub"}, "geometry": {"type": "Point", "coordinates": [-77.4064, 39.3876]}}, {"type": "Feature", "properties": {"name": "Frederick Federal Building", "city": "Frederick", "state": "Maryland", "type": "Government Hub"}, "geometry": {"type": "Point", "coordinates": [-77.3775, 39.404]}}, {"type": "Feature", "properties": {"name": "Oshkosh Federal Building", "city": "Oshkosh", "state": "Wisconsin", "type": "Government Hub"}, "geometry": {"type": "Point", "coordinates": [-88.5788, 43.9878]}}, {"type": "Feature", "properties": {"name": "Oshkosh County Courthouse", "city": "Oshkosh", "state": "Wisconsin", "type": "Government Hub"}, "geometry": {"type": "Point", "coordinates": [-88.5011, 44.0188]}}, {"type": "Feature", "properties": {"name": "Oshkosh Federal Courthouse", "city": "Oshkosh", "state": "Wisconsin", "type": "Government Hub"}, "geometry": {"type": "Point", "coordinates": [-88.5942, 44.0447]}}, {"type": "Feature", "properties": {"name": "Pittsburg State Office Building", "city": "Pittsburg", "state": "California", "type": "Government Hub"}, "geometry": {"type": "Point", "coordinates": [-121.8437, 38.0119]}}, {"type": "Feature", "properties": {"name": "Pittsburg VA Medical Center", "city": "Pittsburg", "state": "California", "type": "Government Hub"}, "geometry": {"type": "Point", "coordinates": [-121.8343, 38.0276]}}, {"type": "Feature", "properties": {"name": "Palo Alto Municipal Center", "city": "Palo Alto", "state": "California", "type": "Government Hub"}, "geometry": {"type": "Point", "coordinates": [-122.1076, 37.4044]}}, {"type": "Feature", "properties": {"name": "Palo Alto Administrative Center", "city": "Palo Alto", "state": "California", "type": "Government Hub"}, "geometry": {"type": "Point", "coordinates": [-122.1675, 37.4336]}}, {"type": "Feature", "properties": {"name": "Bossier City Federal Building", "city": "Bossier City", "state": "Louisiana", "type": "Government Hub"}, "geometry": {"type": "Point", "coordinates": [-93.7528, 32.478]}}, {"type": "Feature", "properties": {"name": "Bossier City DMV Regional Office", "city": "Bossier City", "state": "Louisiana", "type": "Government Hub"}, "geometry": {"type": "Point", "coordinates": [-93.7483, 32.5088]}}, {"type": "Feature", "properties": {"name": "Portland Civic Center", "city": "Portland", "state": "Maine", "type": "Government Hub"}, "geometry": {"type": "Point", "coordinates": [-70.233, 43.6693]}}, {"type": "Feature", "properties": {"name": "Portland State Office Building", "city": "Portland", "state": "Maine", "type": "Government Hub"}, "geometry": {"type": "Point", "coordinates": [-70.2703, 43.697]}}, {"type": "Feature", "properties": {"name": "St. Cloud Federal Courthouse", "city": "St. Cloud", "state": "Minnesota", "type": "Government Hub"}, "geometry": {"type": "Point", "coordinates": [-94.1159, 45.5717]}}, {"type": "Feature", "properties": {"name": "Davis DMV Regional Office", "city": "Davis", "state": "California", "type": "Government Hub"}, "geometry": {"type": "Point", "coordinates": [-121.6947, 38.5672]}}, {"type": "Feature", "properties": {"name": "Davis State Office Building", "city": "Davis", "state": "California", "type": "Government Hub"}, "geometry": {"type": "Point", "coordinates": [-121.7773, 38.5597]}}, {"type": "Feature", "properties": {"name": "South San Francisco DMV Regional Office", "city": "South San Francisco", "state": "California", "type": "Government Hub"}, "geometry": {"type": "Point", "coordinates": [-122.416, 37.6379]}}, {"type": "Feature", "properties": {"name": "South San Francisco Post Office", "city": "South San Francisco", "state": "California", "type": "Government Hub"}, "geometry": {"type": "Point", "coordinates": [-122.4001, 37.6385]}}, {"type": "Feature", "properties": {"name": "South San Francisco Municipal Center", "city": "South San Francisco", "state": "California", "type": "Government Hub"}, "geometry": {"type": "Point", "coordinates": [-122.4316, 37.6929]}}, {"type": "Feature", "properties": {"name": "Camarillo Social Security Office", "city": "Camarillo", "state": "California", "type": "Government Hub"}, "geometry": {"type": "Point", "coordinates": [-119.0156, 34.1966]}}, {"type": "Feature", "properties": {"name": "Camarillo City Hall", "city": "Camarillo", "state": "California", "type": "Government Hub"}, "geometry": {"type": "Point", "coordinates": [-119.0832, 34.2351]}}, {"type": "Feature", "properties": {"name": "Camarillo Civic Center", "city": "Camarillo", "state": "California", "type": "Government Hub"}, "geometry": {"type": "Point", "coordinates": [-119.0663, 34.1912]}}, {"type": "Feature", "properties": {"name": "North Little Rock City Hall", "city": "North Little Rock", "state": "Arkansas", "type": "Government Hub"}, "geometry": {"type": "Point", "coordinates": [-92.2964, 34.7946]}}, {"type": "Feature", "properties": {"name": "Schenectady Federal Courthouse", "city": "Schenectady", "state": "New York", "type": "Government Hub"}, "geometry": {"type": "Point", "coordinates": [-73.887, 42.7754]}}, {"type": "Feature", "properties": {"name": "Gaithersburg City Hall", "city": "Gaithersburg", "state": "Maryland", "type": "Government Hub"}, "geometry": {"type": "Point", "coordinates": [-77.1647, 39.1593]}}, {"type": "Feature", "properties": {"name": "Gaithersburg State Office Building", "city": "Gaithersburg", "state": "Maryland", "type": "Government Hub"}, "geometry": {"type": "Point", "coordinates": [-77.1828, 39.163]}}, {"type": "Feature", "properties": {"name": "Harlingen State Office Building", "city": "Harlingen", "state": "Texas", "type": "Government Hub"}, "geometry": {"type": "Point", "coordinates": [-97.7057, 26.2111]}}, {"type": "Feature", "properties": {"name": "Harlingen VA Medical Center", "city": "Harlingen", "state": "Texas", "type": "Government Hub"}, "geometry": {"type": "Point", "coordinates": [-97.7037, 26.1881]}}, {"type": "Feature", "properties": {"name": "Harlingen State Office Building", "city": "Harlingen", "state": "Texas", "type": "Government Hub"}, "geometry": {"type": "Point", "coordinates": [-97.6623, 26.2034]}}, {"type": "Feature", "properties": {"name": "Woodbury County Courthouse", "city": "Woodbury", "state": "Minnesota", "type": "Government Hub"}, "geometry": {"type": "Point", "coordinates": [-92.9184, 44.9187]}}, {"type": "Feature", "properties": {"name": "Woodbury Federal Courthouse", "city": "Woodbury", "state": "Minnesota", "type": "Government Hub"}, "geometry": {"type": "Point", "coordinates": [-92.9544, 44.9282]}}, {"type": "Feature", "properties": {"name": "Eagan Municipal Center", "city": "Eagan", "state": "Minnesota", "type": "Government Hub"}, "geometry": {"type": "Point", "coordinates": [-93.192, 44.813]}}, {"type": "Feature", "properties": {"name": "Eagan County Courthouse", "city": "Eagan", "state": "Minnesota", "type": "Government Hub"}, "geometry": {"type": "Point", "coordinates": [-93.1192, 44.766]}}, {"type": "Feature", "properties": {"name": "Yuba City Government Center", "city": "Yuba City", "state": "California", "type": "Government Hub"}, "geometry": {"type": "Point", "coordinates": [-121.6309, 39.1578]}}, {"type": "Feature", "properties": {"name": "Yuba City Civic Center", "city": "Yuba City", "state": "California", "type": "Government Hub"}, "geometry": {"type": "Point", "coordinates": [-121.6593, 39.1539]}}, {"type": "Feature", "properties": {"name": "Maple Grove VA Medical Center", "city": "Maple Grove", "state": "Minnesota", "type": "Government Hub"}, "geometry": {"type": "Point", "coordinates": [-93.4023, 45.0338]}}, {"type": "Feature", "properties": {"name": "Maple Grove Social Security Office", "city": "Maple Grove", "state": "Minnesota", "type": "Government Hub"}, "geometry": {"type": "Point", "coordinates": [-93.4806, 45.0985]}}, {"type": "Feature", "properties": {"name": "Maple Grove State Office Building", "city": "Maple Grove", "state": "Minnesota", "type": "Government Hub"}, "geometry": {"type": "Point", "coordinates": [-93.4964, 45.0631]}}, {"type": "Feature", "properties": {"name": "Youngstown County Courthouse", "city": "Youngstown", "state": "Ohio", "type": "Government Hub"}, "geometry": {"type": "Point", "coordinates": [-80.6358, 41.1034]}}, {"type": "Feature", "properties": {"name": "Skokie Federal Courthouse", "city": "Skokie", "state": "Illinois", "type": "Government Hub"}, "geometry": {"type": "Point", "coordinates": [-87.7119, 42.0621]}}, {"type": "Feature", "properties": {"name": "Kissimmee Social Security Office", "city": "Kissimmee", "state": "Florida", "type": "Government Hub"}, "geometry": {"type": "Point", "coordinates": [-81.3737, 28.3234]}}, {"type": "Feature", "properties": {"name": "Kissimmee County Courthouse", "city": "Kissimmee", "state": "Florida", "type": "Government Hub"}, "geometry": {"type": "Point", "coordinates": [-81.4029, 28.2643]}}, {"type": "Feature", "properties": {"name": "Johnson City IRS Service Center", "city": "Johnson City", "state": "Tennessee", "type": "Government Hub"}, "geometry": {"type": "Point", "coordinates": [-82.3289, 36.3427]}}, {"type": "Feature", "properties": {"name": "Victoria DMV Regional Office", "city": "Victoria", "state": "Texas", "type": "Government Hub"}, "geometry": {"type": "Point", "coordinates": [-96.9943, 28.8139]}}, {"type": "Feature", "properties": {"name": "San Clemente Federal Courthouse", "city": "San Clemente", "state": "California", "type": "Government Hub"}, "geometry": {"type": "Point", "coordinates": [-117.6593, 33.4408]}}, {"type": "Feature", "properties": {"name": "San Clemente County Courthouse", "city": "San Clemente", "state": "California", "type": "Government Hub"}, "geometry": {"type": "Point", "coordinates": [-117.5792, 33.4259]}}, {"type": "Feature", "properties": {"name": "San Clemente Administrative Center", "city": "San Clemente", "state": "California", "type": "Government Hub"}, "geometry": {"type": "Point", "coordinates": [-117.6353, 33.4178]}}, {"type": "Feature", "properties": {"name": "Bayonne DMV Regional Office", "city": "Bayonne", "state": "New Jersey", "type": "Government Hub"}, "geometry": {"type": "Point", "coordinates": [-74.1187, 40.6436]}}, {"type": "Feature", "properties": {"name": "Bayonne DMV Regional Office", "city": "Bayonne", "state": "New Jersey", "type": "Government Hub"}, "geometry": {"type": "Point", "coordinates": [-74.1692, 40.6985]}}, {"type": "Feature", "properties": {"name": "Bayonne VA Medical Center", "city": "Bayonne", "state": "New Jersey", "type": "Government Hub"}, "geometry": {"type": "Point", "coordinates": [-74.1598, 40.6341]}}, {"type": "Feature", "properties": {"name": "Laguna Niguel IRS Service Center", "city": "Laguna Niguel", "state": "California", "type": "Government Hub"}, "geometry": {"type": "Point", "coordinates": [-117.7018, 33.5621]}}, {"type": "Feature", "properties": {"name": "Laguna Niguel Administrative Center", "city": "Laguna Niguel", "state": "California", "type": "Government Hub"}, "geometry": {"type": "Point", "coordinates": [-117.7507, 33.5624]}}, {"type": "Feature", "properties": {"name": "East Orange DMV Regional Office", "city": "East Orange", "state": "New Jersey", "type": "Government Hub"}, "geometry": {"type": "Point", "coordinates": [-74.1701, 40.7595]}}, {"type": "Feature", "properties": {"name": "Shawnee VA Medical Center", "city": "Shawnee", "state": "Kansas", "type": "Government Hub"}, "geometry": {"type": "Point", "coordinates": [-94.6804, 39.0334]}}, {"type": "Feature", "properties": {"name": "Shawnee State Office Building", "city": "Shawnee", "state": "Kansas", "type": "Government Hub"}, "geometry": {"type": "Point", "coordinates": [-94.722, 38.9957]}}, {"type": "Feature", "properties": {"name": "Homestead Federal Courthouse", "city": "Homestead", "state": "Florida", "type": "Government Hub"}, "geometry": {"type": "Point", "coordinates": [-80.4701, 25.4537]}}, {"type": "Feature", "properties": {"name": "Homestead Post Office", "city": "Homestead", "state": "Florida", "type": "Government Hub"}, "geometry": {"type": "Point", "coordinates": [-80.4317, 25.454]}}, {"type": "Feature", "properties": {"name": "Homestead State Office Building", "city": "Homestead", "state": "Florida", "type": "Government Hub"}, "geometry": {"type": "Point", "coordinates": [-80.4755, 25.4302]}}, {"type": "Feature", "properties": {"name": "Delray Beach Federal Building", "city": "Delray Beach", "state": "Florida", "type": "Government Hub"}, "geometry": {"type": "Point", "coordinates": [-80.0429, 26.4899]}}, {"type": "Feature", "properties": {"name": "Rockville City Hall", "city": "Rockville", "state": "Maryland", "type": "Government Hub"}, "geometry": {"type": "Point", "coordinates": [-77.2038, 39.0522]}}, {"type": "Feature", "properties": {"name": "Rockville State Office Building", "city": "Rockville", "state": "Maryland", "type": "Government Hub"}, "geometry": {"type": "Point", "coordinates": [-77.1535, 39.1174]}}, {"type": "Feature", "properties": {"name": "Janesville IRS Service Center", "city": "Janesville", "state": "Wisconsin", "type": "Government Hub"}, "geometry": {"type": "Point", "coordinates": [-88.9813, 42.6967]}}, {"type": "Feature", "properties": {"name": "Janesville VA Medical Center", "city": "Janesville", "state": "Wisconsin", "type": "Government Hub"}, "geometry": {"type": "Point", "coordinates": [-89.0609, 42.6552]}}, {"type": "Feature", "properties": {"name": "Conway IRS Service Center", "city": "Conway", "state": "Arkansas", "type": "Government Hub"}, "geometry": {"type": "Point", "coordinates": [-92.4833, 35.0604]}}, {"type": "Feature", "properties": {"name": "Conway VA Medical Center", "city": "Conway", "state": "Arkansas", "type": "Government Hub"}, "geometry": {"type": "Point", "coordinates": [-92.4125, 35.0709]}}, {"type": "Feature", "properties": {"name": "Pico Rivera Federal Courthouse", "city": "Pico Rivera", "state": "California", "type": "Government Hub"}, "geometry": {"type": "Point", "coordinates": [-118.1205, 33.9943]}}, {"type": "Feature", "properties": {"name": "Pico Rivera Civic Center", "city": "Pico Rivera", "state": "California", "type": "Government Hub"}, "geometry": {"type": "Point", "coordinates": [-118.0577, 33.9831]}}, {"type": "Feature", "properties": {"name": "Lorain Civic Center", "city": "Lorain", "state": "Ohio", "type": "Government Hub"}, "geometry": {"type": "Point", "coordinates": [-82.2032, 41.4574]}}, {"type": "Feature", "properties": {"name": "Montebello Federal Building", "city": "Montebello", "state": "California", "type": "Government Hub"}, "geometry": {"type": "Point", "coordinates": [-118.0967, 34.0466]}}, {"type": "Feature", "properties": {"name": "Montebello Administrative Center", "city": "Montebello", "state": "California", "type": "Government Hub"}, "geometry": {"type": "Point", "coordinates": [-118.1683, 34.0165]}}, {"type": "Feature", "properties": {"name": "Montebello VA Medical Center", "city": "Montebello", "state": "California", "type": "Government Hub"}, "geometry": {"type": "Point", "coordinates": [-118.1583, 34.0325]}}, {"type": "Feature", "properties": {"name": "Lodi VA Medical Center", "city": "Lodi", "state": "California", "type": "Government Hub"}, "geometry": {"type": "Point", "coordinates": [-121.3102, 38.1038]}}, {"type": "Feature", "properties": {"name": "Lodi Social Security Office", "city": "Lodi", "state": "California", "type": "Government Hub"}, "geometry": {"type": "Point", "coordinates": [-121.2373, 38.1586]}}, {"type": "Feature", "properties": {"name": "New Braunfels DMV Regional Office", "city": "New Braunfels", "state": "Texas", "type": "Government Hub"}, "geometry": {"type": "Point", "coordinates": [-98.1201, 29.7141]}}, {"type": "Feature", "properties": {"name": "Marysville Federal Building", "city": "Marysville", "state": "Washington", "type": "Government Hub"}, "geometry": {"type": "Point", "coordinates": [-122.1977, 48.0515]}}, {"type": "Feature", "properties": {"name": "Marysville Federal Courthouse", "city": "Marysville", "state": "Washington", "type": "Government Hub"}, "geometry": {"type": "Point", "coordinates": [-122.1321, 48.0639]}}, {"type": "Feature", "properties": {"name": "Tamarac State Office Building", "city": "Tamarac", "state": "Florida", "type": "Government Hub"}, "geometry": {"type": "Point", "coordinates": [-80.2769, 26.2345]}}, {"type": "Feature", "properties": {"name": "Tamarac Social Security Office", "city": "Tamarac", "state": "Florida", "type": "Government Hub"}, "geometry": {"type": "Point", "coordinates": [-80.2446, 26.1944]}}, {"type": "Feature", "properties": {"name": "Tamarac Public Safety Building", "city": "Tamarac", "state": "Florida", "type": "Government Hub"}, "geometry": {"type": "Point", "coordinates": [-80.2183, 26.1858]}}, {"type": "Feature", "properties": {"name": "Madera City Hall", "city": "Madera", "state": "California", "type": "Government Hub"}, "geometry": {"type": "Point", "coordinates": [-120.0067, 36.9685]}}, {"type": "Feature", "properties": {"name": "Conroe Government Center", "city": "Conroe", "state": "Texas", "type": "Government Hub"}, "geometry": {"type": "Point", "coordinates": [-95.4845, 30.3458]}}, {"type": "Feature", "properties": {"name": "Santa Cruz Civic Center", "city": "Santa Cruz", "state": "California", "type": "Government Hub"}, "geometry": {"type": "Point", "coordinates": [-122.0038, 36.9928]}}, {"type": "Feature", "properties": {"name": "Santa Cruz County Courthouse", "city": "Santa Cruz", "state": "California", "type": "Government Hub"}, "geometry": {"type": "Point", "coordinates": [-122.0154, 37.0069]}}, {"type": "Feature", "properties": {"name": "Santa Cruz County Courthouse", "city": "Santa Cruz", "state": "California", "type": "Government Hub"}, "geometry": {"type": "Point", "coordinates": [-122.0544, 36.9751]}}, {"type": "Feature", "properties": {"name": "Eden Prairie Federal Courthouse", "city": "Eden Prairie", "state": "Minnesota", "type": "Government Hub"}, "geometry": {"type": "Point", "coordinates": [-93.4655, 44.8412]}}, {"type": "Feature", "properties": {"name": "Eden Prairie VA Medical Center", "city": "Eden Prairie", "state": "Minnesota", "type": "Government Hub"}, "geometry": {"type": "Point", "coordinates": [-93.4332, 44.8558]}}, {"type": "Feature", "properties": {"name": "Eden Prairie Municipal Center", "city": "Eden Prairie", "state": "Minnesota", "type": "Government Hub"}, "geometry": {"type": "Point", "coordinates": [-93.4883, 44.8212]}}, {"type": "Feature", "properties": {"name": "Cheyenne VA Medical Center", "city": "Cheyenne", "state": "Wyoming", "type": "Government Hub"}, "geometry": {"type": "Point", "coordinates": [-104.8001, 41.1607]}}, {"type": "Feature", "properties": {"name": "Cheyenne VA Medical Center", "city": "Cheyenne", "state": "Wyoming", "type": "Government Hub"}, "geometry": {"type": "Point", "coordinates": [-104.8503, 41.1281]}}, {"type": "Feature", "properties": {"name": "Cheyenne City Hall", "city": "Cheyenne", "state": "Wyoming", "type": "Government Hub"}, "geometry": {"type": "Point", "coordinates": [-104.8723, 41.1481]}}, {"type": "Feature", "properties": {"name": "Daytona Beach Administrative Center", "city": "Daytona Beach", "state": "Florida", "type": "Government Hub"}, "geometry": {"type": "Point", "coordinates": [-81.0209, 29.1856]}}, {"type": "Feature", "properties": {"name": "Alpharetta State Office Building", "city": "Alpharetta", "state": "Georgia", "type": "Government Hub"}, "geometry": {"type": "Point", "coordinates": [-84.245, 34.0848]}}, {"type": "Feature", "properties": {"name": "Alpharetta VA Medical Center", "city": "Alpharetta", "state": "Georgia", "type": "Government Hub"}, "geometry": {"type": "Point", "coordinates": [-84.2483, 34.0518]}}, {"type": "Feature", "properties": {"name": "Hamilton County Courthouse", "city": "Hamilton", "state": "Ohio", "type": "Government Hub"}, "geometry": {"type": "Point", "coordinates": [-84.5461, 39.404]}}, {"type": "Feature", "properties": {"name": "Hamilton Civic Center", "city": "Hamilton", "state": "Ohio", "type": "Government Hub"}, "geometry": {"type": "Point", "coordinates": [-84.5607, 39.3888]}}, {"type": "Feature", "properties": {"name": "Hamilton Government Center", "city": "Hamilton", "state": "Ohio", "type": "Government Hub"}, "geometry": {"type": "Point", "coordinates": [-84.6009, 39.3762]}}, {"type": "Feature", "properties": {"name": "Waltham Municipal Center", "city": "Waltham", "state": "Massachusetts", "type": "Government Hub"}, "geometry": {"type": "Point", "coordinates": [-71.1871, 42.3422]}}, {"type": "Feature", "properties": {"name": "Waltham State Office Building", "city": "Waltham", "state": "Massachusetts", "type": "Government Hub"}, "geometry": {"type": "Point", "coordinates": [-71.2689, 42.3853]}}, {"type": "Feature", "properties": {"name": "Coon Rapids Public Safety Building", "city": "Coon Rapids", "state": "Minnesota", "type": "Government Hub"}, "geometry": {"type": "Point", "coordinates": [-93.3248, 45.1432]}}, {"type": "Feature", "properties": {"name": "Haverhill Government Center", "city": "Haverhill", "state": "Massachusetts", "type": "Government Hub"}, "geometry": {"type": "Point", "coordinates": [-71.0763, 42.7642]}}, {"type": "Feature", "properties": {"name": "Haverhill DMV Regional Office", "city": "Haverhill", "state": "Massachusetts", "type": "Government Hub"}, "geometry": {"type": "Point", "coordinates": [-71.0363, 42.8135]}}, {"type": "Feature", "properties": {"name": "Council Bluffs Federal Building", "city": "Council Bluffs", "state": "Iowa", "type": "Government Hub"}, "geometry": {"type": "Point", "coordinates": [-95.9073, 41.2704]}}, {"type": "Feature", "properties": {"name": "Council Bluffs DMV Regional Office", "city": "Council Bluffs", "state": "Iowa", "type": "Government Hub"}, "geometry": {"type": "Point", "coordinates": [-95.9064, 41.2389]}}, {"type": "Feature", "properties": {"name": "Taylor DMV Regional Office", "city": "Taylor", "state": "Michigan", "type": "Government Hub"}, "geometry": {"type": "Point", "coordinates": [-83.2528, 42.2416]}}, {"type": "Feature", "properties": {"name": "Utica VA Medical Center", "city": "Utica", "state": "New York", "type": "Government Hub"}, "geometry": {"type": "Point", "coordinates": [-75.2393, 43.1314]}}, {"type": "Feature", "properties": {"name": "Utica IRS Service Center", "city": "Utica", "state": "New York", "type": "Government Hub"}, "geometry": {"type": "Point", "coordinates": [-75.187, 43.0952]}}, {"type": "Feature", "properties": {"name": "Utica IRS Service Center", "city": "Utica", "state": "New York", "type": "Government Hub"}, "geometry": {"type": "Point", "coordinates": [-75.2097, 43.0666]}}, {"type": "Feature", "properties": {"name": "Ames Post Office", "city": "Ames", "state": "Iowa", "type": "Government Hub"}, "geometry": {"type": "Point", "coordinates": [-93.6514, 42.0561]}}, {"type": "Feature", "properties": {"name": "La Habra Civic Center", "city": "La Habra", "state": "California", "type": "Government Hub"}, "geometry": {"type": "Point", "coordinates": [-117.8958, 33.9337]}}, {"type": "Feature", "properties": {"name": "La Habra Post Office", "city": "La Habra", "state": "California", "type": "Government Hub"}, "geometry": {"type": "Point", "coordinates": [-117.9909, 33.9486]}}, {"type": "Feature", "properties": {"name": "La Habra Federal Courthouse", "city": "La Habra", "state": "California", "type": "Government Hub"}, "geometry": {"type": "Point", "coordinates": [-117.9966, 33.9581]}}, {"type": "Feature", "properties": {"name": "Encinitas Government Center", "city": "Encinitas", "state": "California", "type": "Government Hub"}, "geometry": {"type": "Point", "coordinates": [-117.2839, 33.0351]}}, {"type": "Feature", "properties": {"name": "Bowling Green DMV Regional Office", "city": "Bowling Green", "state": "Kentucky", "type": "Government Hub"}, "geometry": {"type": "Point", "coordinates": [-86.4707, 36.9898]}}, {"type": "Feature", "properties": {"name": "Bowling Green Government Center", "city": "Bowling Green", "state": "Kentucky", "type": "Government Hub"}, "geometry": {"type": "Point", "coordinates": [-86.4356, 36.9814]}}, {"type": "Feature", "properties": {"name": "Bowling Green IRS Service Center", "city": "Bowling Green", "state": "Kentucky", "type": "Government Hub"}, "geometry": {"type": "Point", "coordinates": [-86.5361, 36.9466]}}, {"type": "Feature", "properties": {"name": "Burnsville Public Safety Building", "city": "Burnsville", "state": "Minnesota", "type": "Government Hub"}, "geometry": {"type": "Point", "coordinates": [-93.3183, 44.7664]}}, {"type": "Feature", "properties": {"name": "Burnsville Post Office", "city": "Burnsville", "state": "Minnesota", "type": "Government Hub"}, "geometry": {"type": "Point", "coordinates": [-93.2688, 44.7377]}}, {"type": "Feature", "properties": {"name": "Greenville Administrative Center", "city": "Greenville", "state": "South Carolina", "type": "Government Hub"}, "geometry": {"type": "Point", "coordinates": [-82.3797, 34.8523]}}, {"type": "Feature", "properties": {"name": "Greenville Administrative Center", "city": "Greenville", "state": "South Carolina", "type": "Government Hub"}, "geometry": {"type": "Point", "coordinates": [-82.4208, 34.8377]}}, {"type": "Feature", "properties": {"name": "Greenville State Office Building", "city": "Greenville", "state": "South Carolina", "type": "Government Hub"}, "geometry": {"type": "Point", "coordinates": [-82.4136, 34.8797]}}, {"type": "Feature", "properties": {"name": "West Des Moines Administrative Center", "city": "West Des Moines", "state": "Iowa", "type": "Government Hub"}, "geometry": {"type": "Point", "coordinates": [-93.7601, 41.6053]}}, {"type": "Feature", "properties": {"name": "West Des Moines City Hall", "city": "West Des Moines", "state": "Iowa", "type": "Government Hub"}, "geometry": {"type": "Point", "coordinates": [-93.6685, 41.5431]}}, {"type": "Feature", "properties": {"name": "Cedar Park IRS Service Center", "city": "Cedar Park", "state": "Texas", "type": "Government Hub"}, "geometry": {"type": "Point", "coordinates": [-97.8045, 30.5043]}}, {"type": "Feature", "properties": {"name": "Cedar Park Public Safety Building", "city": "Cedar Park", "state": "Texas", "type": "Government Hub"}, "geometry": {"type": "Point", "coordinates": [-97.8271, 30.505]}}, {"type": "Feature", "properties": {"name": "Tulare IRS Service Center", "city": "Tulare", "state": "California", "type": "Government Hub"}, "geometry": {"type": "Point", "coordinates": [-119.3465, 36.216]}}, {"type": "Feature", "properties": {"name": "Tulare Municipal Center", "city": "Tulare", "state": "California", "type": "Government Hub"}, "geometry": {"type": "Point", "coordinates": [-119.3765, 36.2227]}}, {"type": "Feature", "properties": {"name": "Monterey Park Municipal Center", "city": "Monterey Park", "state": "California", "type": "Government Hub"}, "geometry": {"type": "Point", "coordinates": [-118.1656, 34.0565]}}, {"type": "Feature", "properties": {"name": "Monterey Park Social Security Office", "city": "Monterey Park", "state": "California", "type": "Government Hub"}, "geometry": {"type": "Point", "coordinates": [-118.1187, 34.0783]}}, {"type": "Feature", "properties": {"name": "Monterey Park Federal Building", "city": "Monterey Park", "state": "California", "type": "Government Hub"}, "geometry": {"type": "Point", "coordinates": [-118.1024, 34.083]}}, {"type": "Feature", "properties": {"name": "Vineland VA Medical Center", "city": "Vineland", "state": "New Jersey", "type": "Government Hub"}, "geometry": {"type": "Point", "coordinates": [-75.0797, 39.4547]}}, {"type": "Feature", "properties": {"name": "Vineland Post Office", "city": "Vineland", "state": "New Jersey", "type": "Government Hub"}, "geometry": {"type": "Point", "coordinates": [-75.0649, 39.4953]}}, {"type": "Feature", "properties": {"name": "Vineland VA Medical Center", "city": "Vineland", "state": "New Jersey", "type": "Government Hub"}, "geometry": {"type": "Point", "coordinates": [-75.0407, 39.4807]}}, {"type": "Feature", "properties": {"name": "Terre Haute IRS Service Center", "city": "Terre Haute", "state": "Indiana", "type": "Government Hub"}, "geometry": {"type": "Point", "coordinates": [-87.4297, 39.4502]}}, {"type": "Feature", "properties": {"name": "Terre Haute Public Safety Building", "city": "Terre Haute", "state": "Indiana", "type": "Government Hub"}, "geometry": {"type": "Point", "coordinates": [-87.3818, 39.4621]}}, {"type": "Feature", "properties": {"name": "Terre Haute Administrative Center", "city": "Terre Haute", "state": "Indiana", "type": "Government Hub"}, "geometry": {"type": "Point", "coordinates": [-87.4009, 39.4285]}}, {"type": "Feature", "properties": {"name": "North Miami Government Center", "city": "North Miami", "state": "Florida", "type": "Government Hub"}, "geometry": {"type": "Point", "coordinates": [-80.1657, 25.8549]}}, {"type": "Feature", "properties": {"name": "North Miami City Hall", "city": "North Miami", "state": "Florida", "type": "Government Hub"}, "geometry": {"type": "Point", "coordinates": [-80.2029, 25.8716]}}, {"type": "Feature", "properties": {"name": "North Miami Public Safety Building", "city": "North Miami", "state": "Florida", "type": "Government Hub"}, "geometry": {"type": "Point", "coordinates": [-80.1647, 25.9247]}}, {"type": "Feature", "properties": {"name": "Mansfield Federal Building", "city": "Mansfield", "state": "Texas", "type": "Government Hub"}, "geometry": {"type": "Point", "coordinates": [-97.0935, 32.5334]}}, {"type": "Feature", "properties": {"name": "Mansfield County Courthouse", "city": "Mansfield", "state": "Texas", "type": "Government Hub"}, "geometry": {"type": "Point", "coordinates": [-97.1244, 32.6028]}}, {"type": "Feature", "properties": {"name": "Mansfield Federal Building", "city": "Mansfield", "state": "Texas", "type": "Government Hub"}, "geometry": {"type": "Point", "coordinates": [-97.1325, 32.5993]}}, {"type": "Feature", "properties": {"name": "West Allis Administrative Center", "city": "West Allis", "state": "Wisconsin", "type": "Government Hub"}, "geometry": {"type": "Point", "coordinates": [-87.9914, 42.9786]}}, {"type": "Feature", "properties": {"name": "West Allis IRS Service Center", "city": "West Allis", "state": "Wisconsin", "type": "Government Hub"}, "geometry": {"type": "Point", "coordinates": [-88.0504, 43.0417]}}, {"type": "Feature", "properties": {"name": "Bristol Post Office", "city": "Bristol", "state": "Connecticut", "type": "Government Hub"}, "geometry": {"type": "Point", "coordinates": [-72.9161, 41.7005]}}, {"type": "Feature", "properties": {"name": "Taylorsville Government Center", "city": "Taylorsville", "state": "Utah", "type": "Government Hub"}, "geometry": {"type": "Point", "coordinates": [-111.9623, 40.6566]}}, {"type": "Feature", "properties": {"name": "Malden DMV Regional Office", "city": "Malden", "state": "Massachusetts", "type": "Government Hub"}, "geometry": {"type": "Point", "coordinates": [-71.0913, 42.4281]}}, {"type": "Feature", "properties": {"name": "Meriden IRS Service Center", "city": "Meriden", "state": "Connecticut", "type": "Government Hub"}, "geometry": {"type": "Point", "coordinates": [-72.7707, 41.5572]}}, {"type": "Feature", "properties": {"name": "Meriden Social Security Office", "city": "Meriden", "state": "Connecticut", "type": "Government Hub"}, "geometry": {"type": "Point", "coordinates": [-72.8225, 41.5365]}}, {"type": "Feature", "properties": {"name": "Blaine Public Safety Building", "city": "Blaine", "state": "Minnesota", "type": "Government Hub"}, "geometry": {"type": "Point", "coordinates": [-93.2663, 45.1624]}}, {"type": "Feature", "properties": {"name": "Wellington VA Medical Center", "city": "Wellington", "state": "Florida", "type": "Government Hub"}, "geometry": {"type": "Point", "coordinates": [-80.2929, 26.6224]}}, {"type": "Feature", "properties": {"name": "Wellington Civic Center", "city": "Wellington", "state": "Florida", "type": "Government Hub"}, "geometry": {"type": "Point", "coordinates": [-80.2169, 26.6442]}}, {"type": "Feature", "properties": {"name": "Wellington Federal Courthouse", "city": "Wellington", "state": "Florida", "type": "Government Hub"}, "geometry": {"type": "Point", "coordinates": [-80.2606, 26.6547]}}, {"type": "Feature", "properties": {"name": "Cupertino IRS Service Center", "city": "Cupertino", "state": "California", "type": "Government Hub"}, "geometry": {"type": "Point", "coordinates": [-122.0551, 37.2843]}}, {"type": "Feature", "properties": {"name": "Cupertino Federal Building", "city": "Cupertino", "state": "California", "type": "Government Hub"}, "geometry": {"type": "Point", "coordinates": [-122.0382, 37.3481]}}, {"type": "Feature", "properties": {"name": "Cupertino County Courthouse", "city": "Cupertino", "state": "California", "type": "Government Hub"}, "geometry": {"type": "Point", "coordinates": [-122.0804, 37.3149]}}, {"type": "Feature", "properties": {"name": "Springfield DMV Regional Office", "city": "Springfield", "state": "Oregon", "type": "Government Hub"}, "geometry": {"type": "Point", "coordinates": [-123.0149, 44.0799]}}, {"type": "Feature", "properties": {"name": "Springfield State Office Building", "city": "Springfield", "state": "Oregon", "type": "Government Hub"}, "geometry": {"type": "Point", "coordinates": [-123.0256, 44.0441]}}, {"type": "Feature", "properties": {"name": "Rogers Public Safety Building", "city": "Rogers", "state": "Arkansas", "type": "Government Hub"}, "geometry": {"type": "Point", "coordinates": [-94.1186, 36.3474]}}, {"type": "Feature", "properties": {"name": "Rogers City Hall", "city": "Rogers", "state": "Arkansas", "type": "Government Hub"}, "geometry": {"type": "Point", "coordinates": [-94.0738, 36.3478]}}, {"type": "Feature", "properties": {"name": "St. Clair Shores Federal Building", "city": "St. Clair Shores", "state": "Michigan", "type": "Government Hub"}, "geometry": {"type": "Point", "coordinates": [-82.9316, 42.4609]}}, {"type": "Feature", "properties": {"name": "Gardena Public Safety Building", "city": "Gardena", "state": "California", "type": "Government Hub"}, "geometry": {"type": "Point", "coordinates": [-118.2902, 33.8864]}}, {"type": "Feature", "properties": {"name": "Gardena Post Office", "city": "Gardena", "state": "California", "type": "Government Hub"}, "geometry": {"type": "Point", "coordinates": [-118.2955, 33.9157]}}, {"type": "Feature", "properties": {"name": "Gardena IRS Service Center", "city": "Gardena", "state": "California", "type": "Government Hub"}, "geometry": {"type": "Point", "coordinates": [-118.2891, 33.9197]}}, {"type": "Feature", "properties": {"name": "Pontiac Federal Courthouse", "city": "Pontiac", "state": "Michigan", "type": "Government Hub"}, "geometry": {"type": "Point", "coordinates": [-83.3128, 42.6656]}}, {"type": "Feature", "properties": {"name": "National City Government Center", "city": "National City", "state": "California", "type": "Government Hub"}, "geometry": {"type": "Point", "coordinates": [-117.0724, 32.6496]}}, {"type": "Feature", "properties": {"name": "National City Federal Building", "city": "National City", "state": "California", "type": "Government Hub"}, "geometry": {"type": "Point", "coordinates": [-117.088, 32.6565]}}, {"type": "Feature", "properties": {"name": "Grand Junction Federal Building", "city": "Grand Junction", "state": "Colorado", "type": "Government Hub"}, "geometry": {"type": "Point", "coordinates": [-108.5959, 39.0564]}}, {"type": "Feature", "properties": {"name": "Grand Junction Public Safety Building", "city": "Grand Junction", "state": "Colorado", "type": "Government Hub"}, "geometry": {"type": "Point", "coordinates": [-108.5296, 39.0463]}}, {"type": "Feature", "properties": {"name": "Grand Junction DMV Regional Office", "city": "Grand Junction", "state": "Colorado", "type": "Government Hub"}, "geometry": {"type": "Point", "coordinates": [-108.521, 39.076]}}, {"type": "Feature", "properties": {"name": "Rocklin Government Center", "city": "Rocklin", "state": "California", "type": "Government Hub"}, "geometry": {"type": "Point", "coordinates": [-121.1889, 38.7581]}}, {"type": "Feature", "properties": {"name": "Rocklin Post Office", "city": "Rocklin", "state": "California", "type": "Government Hub"}, "geometry": {"type": "Point", "coordinates": [-121.2257, 38.7616]}}, {"type": "Feature", "properties": {"name": "Chapel Hill County Courthouse", "city": "Chapel Hill", "state": "North Carolina", "type": "Government Hub"}, "geometry": {"type": "Point", "coordinates": [-79.0976, 35.9146]}}, {"type": "Feature", "properties": {"name": "Casper Post Office", "city": "Casper", "state": "Wyoming", "type": "Government Hub"}, "geometry": {"type": "Point", "coordinates": [-106.3617, 42.8524]}}, {"type": "Feature", "properties": {"name": "Broomfield Municipal Center", "city": "Broomfield", "state": "Colorado", "type": "Government Hub"}, "geometry": {"type": "Point", "coordinates": [-105.0903, 39.9009]}}, {"type": "Feature", "properties": {"name": "Broomfield Federal Building", "city": "Broomfield", "state": "Colorado", "type": "Government Hub"}, "geometry": {"type": "Point", "coordinates": [-105.1259, 39.8977]}}, {"type": "Feature", "properties": {"name": "Broomfield Social Security Office", "city": "Broomfield", "state": "Colorado", "type": "Government Hub"}, "geometry": {"type": "Point", "coordinates": [-105.1244, 39.9083]}}, {"type": "Feature", "properties": {"name": "Petaluma Federal Courthouse", "city": "Petaluma", "state": "California", "type": "Government Hub"}, "geometry": {"type": "Point", "coordinates": [-122.6347, 38.2296]}}, {"type": "Feature", "properties": {"name": "South Jordan VA Medical Center", "city": "South Jordan", "state": "Utah", "type": "Government Hub"}, "geometry": {"type": "Point", "coordinates": [-111.8852, 40.5677]}}, {"type": "Feature", "properties": {"name": "South Jordan City Hall", "city": "South Jordan", "state": "Utah", "type": "Government Hub"}, "geometry": {"type": "Point", "coordinates": [-111.9098, 40.6015]}}, {"type": "Feature", "properties": {"name": "South Jordan IRS Service Center", "city": "South Jordan", "state": "Utah", "type": "Government Hub"}, "geometry": {"type": "Point", "coordinates": [-111.9297, 40.5448]}}, {"type": "Feature", "properties": {"name": "Springfield County Courthouse", "city": "Springfield", "state": "Ohio", "type": "Government Hub"}, "geometry": {"type": "Point", "coordinates": [-83.8131, 39.9461]}}, {"type": "Feature", "properties": {"name": "Springfield DMV Regional Office", "city": "Springfield", "state": "Ohio", "type": "Government Hub"}, "geometry": {"type": "Point", "coordinates": [-83.8131, 39.9501]}}, {"type": "Feature", "properties": {"name": "Springfield Federal Building", "city": "Springfield", "state": "Ohio", "type": "Government Hub"}, "geometry": {"type": "Point", "coordinates": [-83.823, 39.9473]}}, {"type": "Feature", "properties": {"name": "Great Falls Public Safety Building", "city": "Great Falls", "state": "Montana", "type": "Government Hub"}, "geometry": {"type": "Point", "coordinates": [-111.3192, 47.4857]}}, {"type": "Feature", "properties": {"name": "Great Falls IRS Service Center", "city": "Great Falls", "state": "Montana", "type": "Government Hub"}, "geometry": {"type": "Point", "coordinates": [-111.237, 47.4682]}}, {"type": "Feature", "properties": {"name": "Great Falls Federal Courthouse", "city": "Great Falls", "state": "Montana", "type": "Government Hub"}, "geometry": {"type": "Point", "coordinates": [-111.2653, 47.4896]}}, {"type": "Feature", "properties": {"name": "Lancaster Public Safety Building", "city": "Lancaster", "state": "Pennsylvania", "type": "Government Hub"}, "geometry": {"type": "Point", "coordinates": [-76.3469, 40.0394]}}, {"type": "Feature", "properties": {"name": "Lancaster Federal Courthouse", "city": "Lancaster", "state": "Pennsylvania", "type": "Government Hub"}, "geometry": {"type": "Point", "coordinates": [-76.3236, 40.0295]}}, {"type": "Feature", "properties": {"name": "Lancaster State Office Building", "city": "Lancaster", "state": "Pennsylvania", "type": "Government Hub"}, "geometry": {"type": "Point", "coordinates": [-76.3071, 40.0362]}}, {"type": "Feature", "properties": {"name": "North Port Post Office", "city": "North Port", "state": "Florida", "type": "Government Hub"}, "geometry": {"type": "Point", "coordinates": [-82.2299, 27.0782]}}, {"type": "Feature", "properties": {"name": "Lakewood Federal Courthouse", "city": "Lakewood", "state": "Washington", "type": "Government Hub"}, "geometry": {"type": "Point", "coordinates": [-122.519, 47.2051]}}, {"type": "Feature", "properties": {"name": "Marietta Federal Building", "city": "Marietta", "state": "Georgia", "type": "Government Hub"}, "geometry": {"type": "Point", "coordinates": [-84.5028, 33.9434]}}, {"type": "Feature", "properties": {"name": "San Rafael Municipal Center", "city": "San Rafael", "state": "California", "type": "Government Hub"}, "geometry": {"type": "Point", "coordinates": [-122.4802, 37.9658]}}, {"type": "Feature", "properties": {"name": "San Rafael State Office Building", "city": "San Rafael", "state": "California", "type": "Government Hub"}, "geometry": {"type": "Point", "coordinates": [-122.5454, 37.9963]}}, {"type": "Feature", "properties": {"name": "San Rafael DMV Regional Office", "city": "San Rafael", "state": "California", "type": "Government Hub"}, "geometry": {"type": "Point", "coordinates": [-122.5449, 37.9853]}}, {"type": "Feature", "properties": {"name": "Royal Oak State Office Building", "city": "Royal Oak", "state": "Michigan", "type": "Government Hub"}, "geometry": {"type": "Point", "coordinates": [-83.1547, 42.4978]}}, {"type": "Feature", "properties": {"name": "Royal Oak VA Medical Center", "city": "Royal Oak", "state": "Michigan", "type": "Government Hub"}, "geometry": {"type": "Point", "coordinates": [-83.1763, 42.5215]}}, {"type": "Feature", "properties": {"name": "Des Plaines DMV Regional Office", "city": "Des Plaines", "state": "Illinois", "type": "Government Hub"}, "geometry": {"type": "Point", "coordinates": [-87.8954, 42.0713]}}, {"type": "Feature", "properties": {"name": "Des Plaines DMV Regional Office", "city": "Des Plaines", "state": "Illinois", "type": "Government Hub"}, "geometry": {"type": "Point", "coordinates": [-87.8672, 42.0015]}}, {"type": "Feature", "properties": {"name": "Huntington Park Government Center", "city": "Huntington Park", "state": "California", "type": "Government Hub"}, "geometry": {"type": "Point", "coordinates": [-118.2024, 33.9869]}}, {"type": "Feature", "properties": {"name": "Huntington Park City Hall", "city": "Huntington Park", "state": "California", "type": "Government Hub"}, "geometry": {"type": "Point", "coordinates": [-118.2322, 33.9792]}}, {"type": "Feature", "properties": {"name": "Huntington Park IRS Service Center", "city": "Huntington Park", "state": "California", "type": "Government Hub"}, "geometry": {"type": "Point", "coordinates": [-118.1894, 34.0132]}}, {"type": "Feature", "properties": {"name": "La Mesa Social Security Office", "city": "La Mesa", "state": "California", "type": "Government Hub"}, "geometry": {"type": "Point", "coordinates": [-117.0661, 32.7296]}}, {"type": "Feature", "properties": {"name": "La Mesa Government Center", "city": "La Mesa", "state": "California", "type": "Government Hub"}, "geometry": {"type": "Point", "coordinates": [-116.9898, 32.7825]}}, {"type": "Feature", "properties": {"name": "Orland Park Civic Center", "city": "Orland Park", "state": "Illinois", "type": "Government Hub"}, "geometry": {"type": "Point", "coordinates": [-87.8725, 41.6702]}}, {"type": "Feature", "properties": {"name": "Orland Park Government Center", "city": "Orland Park", "state": "Illinois", "type": "Government Hub"}, "geometry": {"type": "Point", "coordinates": [-87.8956, 41.6164]}}, {"type": "Feature", "properties": {"name": "Orland Park IRS Service Center", "city": "Orland Park", "state": "Illinois", "type": "Government Hub"}, "geometry": {"type": "Point", "coordinates": [-87.8246, 41.6582]}}, {"type": "Feature", "properties": {"name": "Auburn Administrative Center", "city": "Auburn", "state": "Alabama", "type": "Government Hub"}, "geometry": {"type": "Point", "coordinates": [-85.5056, 32.6119]}}, {"type": "Feature", "properties": {"name": "Lakeville Government Center", "city": "Lakeville", "state": "Minnesota", "type": "Government Hub"}, "geometry": {"type": "Point", "coordinates": [-93.2241, 44.6587]}}, {"type": "Feature", "properties": {"name": "Owensboro City Hall", "city": "Owensboro", "state": "Kentucky", "type": "Government Hub"}, "geometry": {"type": "Point", "coordinates": [-87.0821, 37.7869]}}, {"type": "Feature", "properties": {"name": "Owensboro Government Center", "city": "Owensboro", "state": "Kentucky", "type": "Government Hub"}, "geometry": {"type": "Point", "coordinates": [-87.0837, 37.7663]}}, {"type": "Feature", "properties": {"name": "Moore County Courthouse", "city": "Moore", "state": "Oklahoma", "type": "Government Hub"}, "geometry": {"type": "Point", "coordinates": [-97.4411, 35.3188]}}, {"type": "Feature", "properties": {"name": "Moore State Office Building", "city": "Moore", "state": "Oklahoma", "type": "Government Hub"}, "geometry": {"type": "Point", "coordinates": [-97.4991, 35.3088]}}, {"type": "Feature", "properties": {"name": "Jupiter DMV Regional Office", "city": "Jupiter", "state": "Florida", "type": "Government Hub"}, "geometry": {"type": "Point", "coordinates": [-80.1238, 26.9683]}}, {"type": "Feature", "properties": {"name": "Jupiter Civic Center", "city": "Jupiter", "state": "Florida", "type": "Government Hub"}, "geometry": {"type": "Point", "coordinates": [-80.0916, 26.9426]}}, {"type": "Feature", "properties": {"name": "Idaho Falls Municipal Center", "city": "Idaho Falls", "state": "Idaho", "type": "Government Hub"}, "geometry": {"type": "Point", "coordinates": [-112.0193, 43.513]}}, {"type": "Feature", "properties": {"name": "Dubuque Government Center", "city": "Dubuque", "state": "Iowa", "type": "Government Hub"}, "geometry": {"type": "Point", "coordinates": [-90.6755, 42.5272]}}, {"type": "Feature", "properties": {"name": "Dubuque Municipal Center", "city": "Dubuque", "state": "Iowa", "type": "Government Hub"}, "geometry": {"type": "Point", "coordinates": [-90.6689, 42.4744]}}, {"type": "Feature", "properties": {"name": "Dubuque State Office Building", "city": "Dubuque", "state": "Iowa", "type": "Government Hub"}, "geometry": {"type": "Point", "coordinates": [-90.708, 42.4656]}}, {"type": "Feature", "properties": {"name": "Bartlett Government Center", "city": "Bartlett", "state": "Tennessee", "type": "Government Hub"}, "geometry": {"type": "Point", "coordinates": [-89.8536, 35.21]}}, {"type": "Feature", "properties": {"name": "Bartlett Public Safety Building", "city": "Bartlett", "state": "Tennessee", "type": "Government Hub"}, "geometry": {"type": "Point", "coordinates": [-89.921, 35.1839]}}, {"type": "Feature", "properties": {"name": "Bartlett DMV Regional Office", "city": "Bartlett", "state": "Tennessee", "type": "Government Hub"}, "geometry": {"type": "Point", "coordinates": [-89.8192, 35.224]}}, {"type": "Feature", "properties": {"name": "Rowlett Administrative Center", "city": "Rowlett", "state": "Texas", "type": "Government Hub"}, "geometry": {"type": "Point", "coordinates": [-96.5174, 32.9272]}}, {"type": "Feature", "properties": {"name": "Rowlett County Courthouse", "city": "Rowlett", "state": "Texas", "type": "Government Hub"}, "geometry": {"type": "Point", "coordinates": [-96.5415, 32.8699]}}, {"type": "Feature", "properties": {"name": "Rowlett City Hall", "city": "Rowlett", "state": "Texas", "type": "Government Hub"}, "geometry": {"type": "Point", "coordinates": [-96.6161, 32.9383]}}, {"type": "Feature", "properties": {"name": "Novi Federal Courthouse", "city": "Novi", "state": "Michigan", "type": "Government Hub"}, "geometry": {"type": "Point", "coordinates": [-83.4572, 42.5031]}}, {"type": "Feature", "properties": {"name": "Novi Administrative Center", "city": "Novi", "state": "Michigan", "type": "Government Hub"}, "geometry": {"type": "Point", "coordinates": [-83.4336, 42.4678]}}, {"type": "Feature", "properties": {"name": "Novi Municipal Center", "city": "Novi", "state": "Michigan", "type": "Government Hub"}, "geometry": {"type": "Point", "coordinates": [-83.5169, 42.4495]}}, {"type": "Feature", "properties": {"name": "White Plains Government Center", "city": "White Plains", "state": "New York", "type": "Government Hub"}, "geometry": {"type": "Point", "coordinates": [-73.7882, 41.0263]}}, {"type": "Feature", "properties": {"name": "Arcadia Administrative Center", "city": "Arcadia", "state": "California", "type": "Government Hub"}, "geometry": {"type": "Point", "coordinates": [-117.9941, 34.1793]}}, {"type": "Feature", "properties": {"name": "Arcadia State Office Building", "city": "Arcadia", "state": "California", "type": "Government Hub"}, "geometry": {"type": "Point", "coordinates": [-117.9916, 34.1126]}}, {"type": "Feature", "properties": {"name": "Redmond Government Center", "city": "Redmond", "state": "Washington", "type": "Government Hub"}, "geometry": {"type": "Point", "coordinates": [-122.1505, 47.6461]}}, {"type": "Feature", "properties": {"name": "Lake Elsinore City Hall", "city": "Lake Elsinore", "state": "California", "type": "Government Hub"}, "geometry": {"type": "Point", "coordinates": [-117.3621, 33.6943]}}, {"type": "Feature", "properties": {"name": "Ocala Government Center", "city": "Ocala", "state": "Florida", "type": "Government Hub"}, "geometry": {"type": "Point", "coordinates": [-82.1223, 29.1815]}}, {"type": "Feature", "properties": {"name": "Ocala Federal Building", "city": "Ocala", "state": "Florida", "type": "Government Hub"}, "geometry": {"type": "Point", "coordinates": [-82.09, 29.1938]}}, {"type": "Feature", "properties": {"name": "Tinley Park Post Office", "city": "Tinley Park", "state": "Illinois", "type": "Government Hub"}, "geometry": {"type": "Point", "coordinates": [-87.815, 41.6019]}}, {"type": "Feature", "properties": {"name": "Tinley Park Civic Center", "city": "Tinley Park", "state": "Illinois", "type": "Government Hub"}, "geometry": {"type": "Point", "coordinates": [-87.7637, 41.5652]}}, {"type": "Feature", "properties": {"name": "Port Orange Government Center", "city": "Port Orange", "state": "Florida", "type": "Government Hub"}, "geometry": {"type": "Point", "coordinates": [-80.9908, 29.1543]}}, {"type": "Feature", "properties": {"name": "Port Orange City Hall", "city": "Port Orange", "state": "Florida", "type": "Government Hub"}, "geometry": {"type": "Point", "coordinates": [-81.0428, 29.1658]}}, {"type": "Feature", "properties": {"name": "Port Orange County Courthouse", "city": "Port Orange", "state": "Florida", "type": "Government Hub"}, "geometry": {"type": "Point", "coordinates": [-81.0043, 29.1612]}}, {"type": "Feature", "properties": {"name": "Medford Municipal Center", "city": "Medford", "state": "Massachusetts", "type": "Government Hub"}, "geometry": {"type": "Point", "coordinates": [-71.1098, 42.4188]}}, {"type": "Feature", "properties": {"name": "Medford Public Safety Building", "city": "Medford", "state": "Massachusetts", "type": "Government Hub"}, "geometry": {"type": "Point", "coordinates": [-71.0599, 42.4445]}}, {"type": "Feature", "properties": {"name": "Medford Federal Building", "city": "Medford", "state": "Massachusetts", "type": "Government Hub"}, "geometry": {"type": "Point", "coordinates": [-71.1242, 42.4042]}}, {"type": "Feature", "properties": {"name": "Oak Lawn Administrative Center", "city": "Oak Lawn", "state": "Illinois", "type": "Government Hub"}, "geometry": {"type": "Point", "coordinates": [-87.713, 41.6821]}}, {"type": "Feature", "properties": {"name": "Oak Lawn DMV Regional Office", "city": "Oak Lawn", "state": "Illinois", "type": "Government Hub"}, "geometry": {"type": "Point", "coordinates": [-87.7046, 41.6987]}}, {"type": "Feature", "properties": {"name": "Oak Lawn VA Medical Center", "city": "Oak Lawn", "state": "Illinois", "type": "Government Hub"}, "geometry": {"type": "Point", "coordinates": [-87.7147, 41.7062]}}, {"type": "Feature", "properties": {"name": "Rocky Mount Municipal Center", "city": "Rocky Mount", "state": "North Carolina", "type": "Government Hub"}, "geometry": {"type": "Point", "coordinates": [-77.7798, 35.9003]}}, {"type": "Feature", "properties": {"name": "Rocky Mount IRS Service Center", "city": "Rocky Mount", "state": "North Carolina", "type": "Government Hub"}, "geometry": {"type": "Point", "coordinates": [-77.825, 35.9175]}}, {"type": "Feature", "properties": {"name": "Kokomo VA Medical Center", "city": "Kokomo", "state": "Indiana", "type": "Government Hub"}, "geometry": {"type": "Point", "coordinates": [-86.0958, 40.5171]}}, {"type": "Feature", "properties": {"name": "Kokomo VA Medical Center", "city": "Kokomo", "state": "Indiana", "type": "Government Hub"}, "geometry": {"type": "Point", "coordinates": [-86.1325, 40.5165]}}, {"type": "Feature", "properties": {"name": "Kokomo Federal Building", "city": "Kokomo", "state": "Indiana", "type": "Government Hub"}, "geometry": {"type": "Point", "coordinates": [-86.1668, 40.4933]}}, {"type": "Feature", "properties": {"name": "Coconut Creek Post Office", "city": "Coconut Creek", "state": "Florida", "type": "Government Hub"}, "geometry": {"type": "Point", "coordinates": [-80.2112, 26.2157]}}, {"type": "Feature", "properties": {"name": "Bowie Public Safety Building", "city": "Bowie", "state": "Maryland", "type": "Government Hub"}, "geometry": {"type": "Point", "coordinates": [-76.7285, 39.0455]}}, {"type": "Feature", "properties": {"name": "Bowie Government Center", "city": "Bowie", "state": "Maryland", "type": "Government Hub"}, "geometry": {"type": "Point", "coordinates": [-76.7409, 39.0452]}}, {"type": "Feature", "properties": {"name": "Berwyn Federal Building", "city": "Berwyn", "state": "Illinois", "type": "Government Hub"}, "geometry": {"type": "Point", "coordinates": [-87.7385, 41.8629]}}, {"type": "Feature", "properties": {"name": "Berwyn Administrative Center", "city": "Berwyn", "state": "Illinois", "type": "Government Hub"}, "geometry": {"type": "Point", "coordinates": [-87.8438, 41.8461]}}, {"type": "Feature", "properties": {"name": "Berwyn VA Medical Center", "city": "Berwyn", "state": "Illinois", "type": "Government Hub"}, "geometry": {"type": "Point", "coordinates": [-87.7958, 41.8517]}}, {"type": "Feature", "properties": {"name": "Midwest City City Hall", "city": "Midwest City", "state": "Oklahoma", "type": "Government Hub"}, "geometry": {"type": "Point", "coordinates": [-97.3457, 35.4356]}}, {"type": "Feature", "properties": {"name": "Midwest City VA Medical Center", "city": "Midwest City", "state": "Oklahoma", "type": "Government Hub"}, "geometry": {"type": "Point", "coordinates": [-97.4174, 35.4274]}}, {"type": "Feature", "properties": {"name": "Midwest City Federal Courthouse", "city": "Midwest City", "state": "Oklahoma", "type": "Government Hub"}, "geometry": {"type": "Point", "coordinates": [-97.3724, 35.4428]}}, {"type": "Feature", "properties": {"name": "Fountain Valley Government Center", "city": "Fountain Valley", "state": "California", "type": "Government Hub"}, "geometry": {"type": "Point", "coordinates": [-117.944, 33.7256]}}, {"type": "Feature", "properties": {"name": "Fountain Valley Post Office", "city": "Fountain Valley", "state": "California", "type": "Government Hub"}, "geometry": {"type": "Point", "coordinates": [-117.9349, 33.6846]}}, {"type": "Feature", "properties": {"name": "Buckeye City Hall", "city": "Buckeye", "state": "Arizona", "type": "Government Hub"}, "geometry": {"type": "Point", "coordinates": [-112.6385, 33.4053]}}, {"type": "Feature", "properties": {"name": "Dearborn Heights Government Center", "city": "Dearborn Heights", "state": "Michigan", "type": "Government Hub"}, "geometry": {"type": "Point", "coordinates": [-83.2948, 42.3607]}}, {"type": "Feature", "properties": {"name": "Dearborn Heights City Hall", "city": "Dearborn Heights", "state": "Michigan", "type": "Government Hub"}, "geometry": {"type": "Point", "coordinates": [-83.302, 42.3336]}}, {"type": "Feature", "properties": {"name": "Dearborn Heights Municipal Center", "city": "Dearborn Heights", "state": "Michigan", "type": "Government Hub"}, "geometry": {"type": "Point", "coordinates": [-83.222, 42.2991]}}, {"type": "Feature", "properties": {"name": "Woodland Government Center", "city": "Woodland", "state": "California", "type": "Government Hub"}, "geometry": {"type": "Point", "coordinates": [-121.7463, 38.6396]}}, {"type": "Feature", "properties": {"name": "Woodland Municipal Center", "city": "Woodland", "state": "California", "type": "Government Hub"}, "geometry": {"type": "Point", "coordinates": [-121.8141, 38.6702]}}, {"type": "Feature", "properties": {"name": "Woodland County Courthouse", "city": "Woodland", "state": "California", "type": "Government Hub"}, "geometry": {"type": "Point", "coordinates": [-121.738, 38.6709]}}, {"type": "Feature", "properties": {"name": "Noblesville Civic Center", "city": "Noblesville", "state": "Indiana", "type": "Government Hub"}, "geometry": {"type": "Point", "coordinates": [-86.0461, 40.0633]}}, {"type": "Feature", "properties": {"name": "Noblesville Federal Building", "city": "Noblesville", "state": "Indiana", "type": "Government Hub"}, "geometry": {"type": "Point", "coordinates": [-85.9635, 40.0064]}}, {"type": "Feature", "properties": {"name": "Noblesville Public Safety Building", "city": "Noblesville", "state": "Indiana", "type": "Government Hub"}, "geometry": {"type": "Point", "coordinates": [-86.0569, 40.0515]}}, {"type": "Feature", "properties": {"name": "Valdosta Public Safety Building", "city": "Valdosta", "state": "Georgia", "type": "Government Hub"}, "geometry": {"type": "Point", "coordinates": [-83.2467, 30.8215]}}, {"type": "Feature", "properties": {"name": "Valdosta Government Center", "city": "Valdosta", "state": "Georgia", "type": "Government Hub"}, "geometry": {"type": "Point", "coordinates": [-83.3198, 30.8278]}}, {"type": "Feature", "properties": {"name": "Valdosta Municipal Center", "city": "Valdosta", "state": "Georgia", "type": "Government Hub"}, "geometry": {"type": "Point", "coordinates": [-83.3238, 30.825]}}, {"type": "Feature", "properties": {"name": "Diamond Bar Federal Building", "city": "Diamond Bar", "state": "California", "type": "Government Hub"}, "geometry": {"type": "Point", "coordinates": [-117.7757, 34.0138]}}, {"type": "Feature", "properties": {"name": "Diamond Bar Municipal Center", "city": "Diamond Bar", "state": "California", "type": "Government Hub"}, "geometry": {"type": "Point", "coordinates": [-117.7831, 34.0027]}}, {"type": "Feature", "properties": {"name": "Diamond Bar Public Safety Building", "city": "Diamond Bar", "state": "California", "type": "Government Hub"}, "geometry": {"type": "Point", "coordinates": [-117.8539, 34.0105]}}, {"type": "Feature", "properties": {"name": "Manhattan Public Safety Building", "city": "Manhattan", "state": "Kansas", "type": "Government Hub"}, "geometry": {"type": "Point", "coordinates": [-96.625, 39.1618]}}, {"type": "Feature", "properties": {"name": "Manhattan Civic Center", "city": "Manhattan", "state": "Kansas", "type": "Government Hub"}, "geometry": {"type": "Point", "coordinates": [-96.6153, 39.1707]}}, {"type": "Feature", "properties": {"name": "Santee State Office Building", "city": "Santee", "state": "California", "type": "Government Hub"}, "geometry": {"type": "Point", "coordinates": [-116.9945, 32.8401]}}, {"type": "Feature", "properties": {"name": "Taunton DMV Regional Office", "city": "Taunton", "state": "Massachusetts", "type": "Government Hub"}, "geometry": {"type": "Point", "coordinates": [-71.1355, 41.9306]}}, {"type": "Feature", "properties": {"name": "Sanford State Office Building", "city": "Sanford", "state": "Florida", "type": "Government Hub"}, "geometry": {"type": "Point", "coordinates": [-81.2622, 28.7832]}}, {"type": "Feature", "properties": {"name": "Sanford VA Medical Center", "city": "Sanford", "state": "Florida", "type": "Government Hub"}, "geometry": {"type": "Point", "coordinates": [-81.2948, 28.7954]}}, {"type": "Feature", "properties": {"name": "Kettering DMV Regional Office", "city": "Kettering", "state": "Ohio", "type": "Government Hub"}, "geometry": {"type": "Point", "coordinates": [-84.1222, 39.6801]}}, {"type": "Feature", "properties": {"name": "New Brunswick IRS Service Center", "city": "New Brunswick", "state": "New Jersey", "type": "Government Hub"}, "geometry": {"type": "Point", "coordinates": [-74.4278, 40.4744]}}, {"type": "Feature", "properties": {"name": "New Brunswick County Courthouse", "city": "New Brunswick", "state": "New Jersey", "type": "Government Hub"}, "geometry": {"type": "Point", "coordinates": [-74.4155, 40.4468]}}, {"type": "Feature", "properties": {"name": "Decatur State Office Building", "city": "Decatur", "state": "Alabama", "type": "Government Hub"}, "geometry": {"type": "Point", "coordinates": [-86.946, 34.6268]}}, {"type": "Feature", "properties": {"name": "Chicopee Federal Courthouse", "city": "Chicopee", "state": "Massachusetts", "type": "Government Hub"}, "geometry": {"type": "Point", "coordinates": [-72.5884, 42.1095]}}, {"type": "Feature", "properties": {"name": "Anderson Municipal Center", "city": "Anderson", "state": "Indiana", "type": "Government Hub"}, "geometry": {"type": "Point", "coordinates": [-85.7044, 40.1129]}}, {"type": "Feature", "properties": {"name": "Anderson IRS Service Center", "city": "Anderson", "state": "Indiana", "type": "Government Hub"}, "geometry": {"type": "Point", "coordinates": [-85.6345, 40.0775]}}, {"type": "Feature", "properties": {"name": "Anderson Public Safety Building", "city": "Anderson", "state": "Indiana", "type": "Government Hub"}, "geometry": {"type": "Point", "coordinates": [-85.7353, 40.1151]}}, {"type": "Feature", "properties": {"name": "Margate Civic Center", "city": "Margate", "state": "Florida", "type": "Government Hub"}, "geometry": {"type": "Point", "coordinates": [-80.1687, 26.2794]}}, {"type": "Feature", "properties": {"name": "Weymouth Town Municipal Center", "city": "Weymouth Town", "state": "Massachusetts", "type": "Government Hub"}, "geometry": {"type": "Point", "coordinates": [-70.9686, 42.2241]}}, {"type": "Feature", "properties": {"name": "Hempstead Post Office", "city": "Hempstead", "state": "New York", "type": "Government Hub"}, "geometry": {"type": "Point", "coordinates": [-73.5904, 40.6916]}}, {"type": "Feature", "properties": {"name": "Corvallis Municipal Center", "city": "Corvallis", "state": "Oregon", "type": "Government Hub"}, "geometry": {"type": "Point", "coordinates": [-123.2907, 44.587]}}, {"type": "Feature", "properties": {"name": "Corvallis City Hall", "city": "Corvallis", "state": "Oregon", "type": "Government Hub"}, "geometry": {"type": "Point", "coordinates": [-123.2168, 44.5861]}}, {"type": "Feature", "properties": {"name": "Eastvale VA Medical Center", "city": "Eastvale", "state": "California", "type": "Government Hub"}, "geometry": {"type": "Point", "coordinates": [-117.5997, 33.9875]}}, {"type": "Feature", "properties": {"name": "Eastvale Municipal Center", "city": "Eastvale", "state": "California", "type": "Government Hub"}, "geometry": {"type": "Point", "coordinates": [-117.6145, 33.9272]}}, {"type": "Feature", "properties": {"name": "Porterville State Office Building", "city": "Porterville", "state": "California", "type": "Government Hub"}, "geometry": {"type": "Point", "coordinates": [-118.9629, 36.1005]}}, {"type": "Feature", "properties": {"name": "Porterville Federal Courthouse", "city": "Porterville", "state": "California", "type": "Government Hub"}, "geometry": {"type": "Point", "coordinates": [-118.9973, 36.0949]}}, {"type": "Feature", "properties": {"name": "Porterville County Courthouse", "city": "Porterville", "state": "California", "type": "Government Hub"}, "geometry": {"type": "Point", "coordinates": [-118.9884, 36.0469]}}, {"type": "Feature", "properties": {"name": "West Haven Administrative Center", "city": "West Haven", "state": "Connecticut", "type": "Government Hub"}, "geometry": {"type": "Point", "coordinates": [-72.9545, 41.2997]}}, {"type": "Feature", "properties": {"name": "Brentwood Administrative Center", "city": "Brentwood", "state": "California", "type": "Government Hub"}, "geometry": {"type": "Point", "coordinates": [-121.7196, 37.9314]}}, {"type": "Feature", "properties": {"name": "Brentwood Federal Building", "city": "Brentwood", "state": "California", "type": "Government Hub"}, "geometry": {"type": "Point", "coordinates": [-121.6715, 37.9458]}}, {"type": "Feature", "properties": {"name": "Paramount City Hall", "city": "Paramount", "state": "California", "type": "Government Hub"}, "geometry": {"type": "Point", "coordinates": [-118.1092, 33.8913]}}, {"type": "Feature", "properties": {"name": "Grand Forks Federal Building", "city": "Grand Forks", "state": "North Dakota", "type": "Government Hub"}, "geometry": {"type": "Point", "coordinates": [-97.0627, 47.8853]}}, {"type": "Feature", "properties": {"name": "Grand Forks Federal Courthouse", "city": "Grand Forks", "state": "North Dakota", "type": "Government Hub"}, "geometry": {"type": "Point", "coordinates": [-96.9793, 47.8937]}}, {"type": "Feature", "properties": {"name": "Georgetown IRS Service Center", "city": "Georgetown", "state": "Texas", "type": "Government Hub"}, "geometry": {"type": "Point", "coordinates": [-97.6498, 30.5986]}}, {"type": "Feature", "properties": {"name": "Georgetown Administrative Center", "city": "Georgetown", "state": "Texas", "type": "Government Hub"}, "geometry": {"type": "Point", "coordinates": [-97.691, 30.61]}}, {"type": "Feature", "properties": {"name": "Georgetown DMV Regional Office", "city": "Georgetown", "state": "Texas", "type": "Government Hub"}, "geometry": {"type": "Point", "coordinates": [-97.7131, 30.6674]}}, {"type": "Feature", "properties": {"name": "St. Peters City Hall", "city": "St. Peters", "state": "Missouri", "type": "Government Hub"}, "geometry": {"type": "Point", "coordinates": [-90.6748, 38.8233]}}, {"type": "Feature", "properties": {"name": "St. Peters DMV Regional Office", "city": "St. Peters", "state": "Missouri", "type": "Government Hub"}, "geometry": {"type": "Point", "coordinates": [-90.6146, 38.7491]}}, {"type": "Feature", "properties": {"name": "Shoreline Federal Building", "city": "Shoreline", "state": "Washington", "type": "Government Hub"}, "geometry": {"type": "Point", "coordinates": [-122.393, 47.744]}}, {"type": "Feature", "properties": {"name": "Mount Prospect Federal Courthouse", "city": "Mount Prospect", "state": "Illinois", "type": "Government Hub"}, "geometry": {"type": "Point", "coordinates": [-87.9069, 42.0292]}}, {"type": "Feature", "properties": {"name": "Mount Prospect DMV Regional Office", "city": "Mount Prospect", "state": "Illinois", "type": "Government Hub"}, "geometry": {"type": "Point", "coordinates": [-87.9811, 42.0684]}}, {"type": "Feature", "properties": {"name": "Hanford Social Security Office", "city": "Hanford", "state": "California", "type": "Government Hub"}, "geometry": {"type": "Point", "coordinates": [-119.6988, 36.3103]}}, {"type": "Feature", "properties": {"name": "Normal Administrative Center", "city": "Normal", "state": "Illinois", "type": "Government Hub"}, "geometry": {"type": "Point", "coordinates": [-89.0435, 40.5047]}}, {"type": "Feature", "properties": {"name": "Normal Public Safety Building", "city": "Normal", "state": "Illinois", "type": "Government Hub"}, "geometry": {"type": "Point", "coordinates": [-88.974, 40.5396]}}, {"type": "Feature", "properties": {"name": "Rosemead City Hall", "city": "Rosemead", "state": "California", "type": "Government Hub"}, "geometry": {"type": "Point", "coordinates": [-118.0884, 34.0746]}}, {"type": "Feature", "properties": {"name": "Rosemead Post Office", "city": "Rosemead", "state": "California", "type": "Government Hub"}, "geometry": {"type": "Point", "coordinates": [-118.0453, 34.0684]}}, {"type": "Feature", "properties": {"name": "Rosemead Federal Building", "city": "Rosemead", "state": "California", "type": "Government Hub"}, "geometry": {"type": "Point", "coordinates": [-118.0791, 34.0408]}}, {"type": "Feature", "properties": {"name": "Lehi Municipal Center", "city": "Lehi", "state": "Utah", "type": "Government Hub"}, "geometry": {"type": "Point", "coordinates": [-111.8582, 40.4032]}}, {"type": "Feature", "properties": {"name": "Pocatello State Office Building", "city": "Pocatello", "state": "Idaho", "type": "Government Hub"}, "geometry": {"type": "Point", "coordinates": [-112.4307, 42.8387]}}, {"type": "Feature", "properties": {"name": "Highland State Office Building", "city": "Highland", "state": "California", "type": "Government Hub"}, "geometry": {"type": "Point", "coordinates": [-117.202, 34.1666]}}, {"type": "Feature", "properties": {"name": "Highland Federal Courthouse", "city": "Highland", "state": "California", "type": "Government Hub"}, "geometry": {"type": "Point", "coordinates": [-117.189, 34.1493]}}, {"type": "Feature", "properties": {"name": "Novato Post Office", "city": "Novato", "state": "California", "type": "Government Hub"}, "geometry": {"type": "Point", "coordinates": [-122.605, 38.1071]}}, {"type": "Feature", "properties": {"name": "Novato Post Office", "city": "Novato", "state": "California", "type": "Government Hub"}, "geometry": {"type": "Point", "coordinates": [-122.6257, 38.0991]}}, {"type": "Feature", "properties": {"name": "Novato Municipal Center", "city": "Novato", "state": "California", "type": "Government Hub"}, "geometry": {"type": "Point", "coordinates": [-122.5165, 38.1195]}}, {"type": "Feature", "properties": {"name": "Port Arthur Social Security Office", "city": "Port Arthur", "state": "Texas", "type": "Government Hub"}, "geometry": {"type": "Point", "coordinates": [-93.9228, 29.9202]}}, {"type": "Feature", "properties": {"name": "Carson City Civic Center", "city": "Carson City", "state": "Nevada", "type": "Government Hub"}, "geometry": {"type": "Point", "coordinates": [-119.7823, 39.1734]}}, {"type": "Feature", "properties": {"name": "Carson City DMV Regional Office", "city": "Carson City", "state": "Nevada", "type": "Government Hub"}, "geometry": {"type": "Point", "coordinates": [-119.7959, 39.1538]}}, {"type": "Feature", "properties": {"name": "Carson City State Office Building", "city": "Carson City", "state": "Nevada", "type": "Government Hub"}, "geometry": {"type": "Point", "coordinates": [-119.7465, 39.1483]}}, {"type": "Feature", "properties": {"name": "San Marcos Government Center", "city": "San Marcos", "state": "Texas", "type": "Government Hub"}, "geometry": {"type": "Point", "coordinates": [-97.9891, 29.8786]}}, {"type": "Feature", "properties": {"name": "San Marcos Post Office", "city": "San Marcos", "state": "Texas", "type": "Government Hub"}, "geometry": {"type": "Point", "coordinates": [-97.9568, 29.8638]}}, {"type": "Feature", "properties": {"name": "San Marcos Municipal Center", "city": "San Marcos", "state": "Texas", "type": "Government Hub"}, "geometry": {"type": "Point", "coordinates": [-97.9965, 29.8546]}}, {"type": "Feature", "properties": {"name": "Hendersonville Government Center", "city": "Hendersonville", "state": "Tennessee", "type": "Government Hub"}, "geometry": {"type": "Point", "coordinates": [-86.6753, 36.2753]}}, {"type": "Feature", "properties": {"name": "Hendersonville Federal Courthouse", "city": "Hendersonville", "state": "Tennessee", "type": "Government Hub"}, "geometry": {"type": "Point", "coordinates": [-86.6741, 36.2817]}}, {"type": "Feature", "properties": {"name": "Hendersonville VA Medical Center", "city": "Hendersonville", "state": "Tennessee", "type": "Government Hub"}, "geometry": {"type": "Point", "coordinates": [-86.5654, 36.2768]}}, {"type": "Feature", "properties": {"name": "Elyria VA Medical Center", "city": "Elyria", "state": "Ohio", "type": "Government Hub"}, "geometry": {"type": "Point", "coordinates": [-82.0988, 41.4005]}}, {"type": "Feature", "properties": {"name": "Elyria County Courthouse", "city": "Elyria", "state": "Ohio", "type": "Government Hub"}, "geometry": {"type": "Point", "coordinates": [-82.0835, 41.3659]}}, {"type": "Feature", "properties": {"name": "Elyria City Hall", "city": "Elyria", "state": "Ohio", "type": "Government Hub"}, "geometry": {"type": "Point", "coordinates": [-82.0947, 41.3961]}}, {"type": "Feature", "properties": {"name": "Revere VA Medical Center", "city": "Revere", "state": "Massachusetts", "type": "Government Hub"}, "geometry": {"type": "Point", "coordinates": [-71.0572, 42.4379]}}, {"type": "Feature", "properties": {"name": "Pflugerville IRS Service Center", "city": "Pflugerville", "state": "Texas", "type": "Government Hub"}, "geometry": {"type": "Point", "coordinates": [-97.5661, 30.424]}}, {"type": "Feature", "properties": {"name": "Pflugerville Post Office", "city": "Pflugerville", "state": "Texas", "type": "Government Hub"}, "geometry": {"type": "Point", "coordinates": [-97.5857, 30.4541]}}, {"type": "Feature", "properties": {"name": "Greenwood DMV Regional Office", "city": "Greenwood", "state": "Indiana", "type": "Government Hub"}, "geometry": {"type": "Point", "coordinates": [-86.122, 39.5797]}}, {"type": "Feature", "properties": {"name": "Bellevue Social Security Office", "city": "Bellevue", "state": "Nebraska", "type": "Government Hub"}, "geometry": {"type": "Point", "coordinates": [-95.9467, 41.1486]}}, {"type": "Feature", "properties": {"name": "Bellevue Government Center", "city": "Bellevue", "state": "Nebraska", "type": "Government Hub"}, "geometry": {"type": "Point", "coordinates": [-95.8783, 41.1786]}}, {"type": "Feature", "properties": {"name": "Wheaton Civic Center", "city": "Wheaton", "state": "Illinois", "type": "Government Hub"}, "geometry": {"type": "Point", "coordinates": [-88.1529, 41.9045]}}, {"type": "Feature", "properties": {"name": "Smyrna Federal Building", "city": "Smyrna", "state": "Georgia", "type": "Government Hub"}, "geometry": {"type": "Point", "coordinates": [-84.5662, 33.8799]}}, {"type": "Feature", "properties": {"name": "Smyrna City Hall", "city": "Smyrna", "state": "Georgia", "type": "Government Hub"}, "geometry": {"type": "Point", "coordinates": [-84.4842, 33.9004]}}, {"type": "Feature", "properties": {"name": "Sarasota Municipal Center", "city": "Sarasota", "state": "Florida", "type": "Government Hub"}, "geometry": {"type": "Point", "coordinates": [-82.4918, 27.3237]}}, {"type": "Feature", "properties": {"name": "Blue Springs Federal Building", "city": "Blue Springs", "state": "Missouri", "type": "Government Hub"}, "geometry": {"type": "Point", "coordinates": [-94.2379, 39.0525]}}, {"type": "Feature", "properties": {"name": "Blue Springs IRS Service Center", "city": "Blue Springs", "state": "Missouri", "type": "Government Hub"}, "geometry": {"type": "Point", "coordinates": [-94.2942, 39.048]}}, {"type": "Feature", "properties": {"name": "Blue Springs Government Center", "city": "Blue Springs", "state": "Missouri", "type": "Government Hub"}, "geometry": {"type": "Point", "coordinates": [-94.2848, 39.015]}}, {"type": "Feature", "properties": {"name": "Colton VA Medical Center", "city": "Colton", "state": "California", "type": "Government Hub"}, "geometry": {"type": "Point", "coordinates": [-117.3631, 34.0437]}}, {"type": "Feature", "properties": {"name": "Colton County Courthouse", "city": "Colton", "state": "California", "type": "Government Hub"}, "geometry": {"type": "Point", "coordinates": [-117.3626, 34.0884]}}, {"type": "Feature", "properties": {"name": "Euless Public Safety Building", "city": "Euless", "state": "Texas", "type": "Government Hub"}, "geometry": {"type": "Point", "coordinates": [-97.1218, 32.8382]}}, {"type": "Feature", "properties": {"name": "Euless Federal Courthouse", "city": "Euless", "state": "Texas", "type": "Government Hub"}, "geometry": {"type": "Point", "coordinates": [-97.0441, 32.8101]}}, {"type": "Feature", "properties": {"name": "Castle Rock Municipal Center", "city": "Castle Rock", "state": "Colorado", "type": "Government Hub"}, "geometry": {"type": "Point", "coordinates": [-104.8227, 39.3954]}}, {"type": "Feature", "properties": {"name": "Cathedral City County Courthouse", "city": "Cathedral City", "state": "California", "type": "Government Hub"}, "geometry": {"type": "Point", "coordinates": [-116.4696, 33.8205]}}, {"type": "Feature", "properties": {"name": "Cathedral City Municipal Center", "city": "Cathedral City", "state": "California", "type": "Government Hub"}, "geometry": {"type": "Point", "coordinates": [-116.4946, 33.7412]}}, {"type": "Feature", "properties": {"name": "Cathedral City Public Safety Building", "city": "Cathedral City", "state": "California", "type": "Government Hub"}, "geometry": {"type": "Point", "coordinates": [-116.4973, 33.7837]}}, {"type": "Feature", "properties": {"name": "Kingsport Municipal Center", "city": "Kingsport", "state": "Tennessee", "type": "Government Hub"}, "geometry": {"type": "Point", "coordinates": [-82.5185, 36.5359]}}, {"type": "Feature", "properties": {"name": "Lake Havasu City VA Medical Center", "city": "Lake Havasu City", "state": "Arizona", "type": "Government Hub"}, "geometry": {"type": "Point", "coordinates": [-114.2877, 34.4797]}}, {"type": "Feature", "properties": {"name": "Lake Havasu City City Hall", "city": "Lake Havasu City", "state": "Arizona", "type": "Government Hub"}, "geometry": {"type": "Point", "coordinates": [-114.3087, 34.4477]}}, {"type": "Feature", "properties": {"name": "Pensacola Federal Courthouse", "city": "Pensacola", "state": "Florida", "type": "Government Hub"}, "geometry": {"type": "Point", "coordinates": [-87.2016, 30.458]}}, {"type": "Feature", "properties": {"name": "Hoboken City Hall", "city": "Hoboken", "state": "New Jersey", "type": "Government Hub"}, "geometry": {"type": "Point", "coordinates": [-74.0817, 40.7289]}}, {"type": "Feature", "properties": {"name": "Hoboken Municipal Center", "city": "Hoboken", "state": "New Jersey", "type": "Government Hub"}, "geometry": {"type": "Point", "coordinates": [-74.0878, 40.725]}}, {"type": "Feature", "properties": {"name": "Hoboken Public Safety Building", "city": "Hoboken", "state": "New Jersey", "type": "Government Hub"}, "geometry": {"type": "Point", "coordinates": [-74.012, 40.7405]}}, {"type": "Feature", "properties": {"name": "Yucaipa Post Office", "city": "Yucaipa", "state": "California", "type": "Government Hub"}, "geometry": {"type": "Point", "coordinates": [-117.0645, 34.0714]}}, {"type": "Feature", "properties": {"name": "Yucaipa City Hall", "city": "Yucaipa", "state": "California", "type": "Government Hub"}, "geometry": {"type": "Point", "coordinates": [-117.0899, 34.0521]}}, {"type": "Feature", "properties": {"name": "Yucaipa State Office Building", "city": "Yucaipa", "state": "California", "type": "Government Hub"}, "geometry": {"type": "Point", "coordinates": [-117.0854, 34.0182]}}, {"type": "Feature", "properties": {"name": "Watsonville Government Center", "city": "Watsonville", "state": "California", "type": "Government Hub"}, "geometry": {"type": "Point", "coordinates": [-121.804, 36.9317]}}, {"type": "Feature", "properties": {"name": "Watsonville IRS Service Center", "city": "Watsonville", "state": "California", "type": "Government Hub"}, "geometry": {"type": "Point", "coordinates": [-121.7379, 36.9423]}}, {"type": "Feature", "properties": {"name": "Richland Government Center", "city": "Richland", "state": "Washington", "type": "Government Hub"}, "geometry": {"type": "Point", "coordinates": [-119.245, 46.3249]}}, {"type": "Feature", "properties": {"name": "Richland Administrative Center", "city": "Richland", "state": "Washington", "type": "Government Hub"}, "geometry": {"type": "Point", "coordinates": [-119.2603, 46.3]}}, {"type": "Feature", "properties": {"name": "Richland IRS Service Center", "city": "Richland", "state": "Washington", "type": "Government Hub"}, "geometry": {"type": "Point", "coordinates": [-119.3285, 46.3092]}}, {"type": "Feature", "properties": {"name": "Delano Public Safety Building", "city": "Delano", "state": "California", "type": "Government Hub"}, "geometry": {"type": "Point", "coordinates": [-119.2145, 35.7424]}}, {"type": "Feature", "properties": {"name": "Hoffman Estates Federal Building", "city": "Hoffman Estates", "state": "Illinois", "type": "Government Hub"}, "geometry": {"type": "Point", "coordinates": [-88.1722, 42.0701]}}, {"type": "Feature", "properties": {"name": "Hoffman Estates Administrative Center", "city": "Hoffman Estates", "state": "Illinois", "type": "Government Hub"}, "geometry": {"type": "Point", "coordinates": [-88.1674, 42.0289]}}, {"type": "Feature", "properties": {"name": "Hoffman Estates DMV Regional Office", "city": "Hoffman Estates", "state": "Illinois", "type": "Government Hub"}, "geometry": {"type": "Point", "coordinates": [-88.1006, 42.0365]}}, {"type": "Feature", "properties": {"name": "Florissant Public Safety Building", "city": "Florissant", "state": "Missouri", "type": "Government Hub"}, "geometry": {"type": "Point", "coordinates": [-90.373, 38.7874]}}, {"type": "Feature", "properties": {"name": "Florissant County Courthouse", "city": "Florissant", "state": "Missouri", "type": "Government Hub"}, "geometry": {"type": "Point", "coordinates": [-90.3774, 38.773]}}, {"type": "Feature", "properties": {"name": "Placentia Public Safety Building", "city": "Placentia", "state": "California", "type": "Government Hub"}, "geometry": {"type": "Point", "coordinates": [-117.8314, 33.8684]}}, {"type": "Feature", "properties": {"name": "Placentia Public Safety Building", "city": "Placentia", "state": "California", "type": "Government Hub"}, "geometry": {"type": "Point", "coordinates": [-117.8235, 33.8978]}}, {"type": "Feature", "properties": {"name": "Placentia Civic Center", "city": "Placentia", "state": "California", "type": "Government Hub"}, "geometry": {"type": "Point", "coordinates": [-117.863, 33.9049]}}, {"type": "Feature", "properties": {"name": "West New York Civic Center", "city": "West New York", "state": "New Jersey", "type": "Government Hub"}, "geometry": {"type": "Point", "coordinates": [-74.0242, 40.8259]}}, {"type": "Feature", "properties": {"name": "West New York State Office Building", "city": "West New York", "state": "New Jersey", "type": "Government Hub"}, "geometry": {"type": "Point", "coordinates": [-74.0591, 40.8071]}}, {"type": "Feature", "properties": {"name": "West New York Government Center", "city": "West New York", "state": "New Jersey", "type": "Government Hub"}, "geometry": {"type": "Point", "coordinates": [-74.0476, 40.7547]}}, {"type": "Feature", "properties": {"name": "Dublin Federal Building", "city": "Dublin", "state": "California", "type": "Government Hub"}, "geometry": {"type": "Point", "coordinates": [-121.8946, 37.6928]}}, {"type": "Feature", "properties": {"name": "Dublin County Courthouse", "city": "Dublin", "state": "California", "type": "Government Hub"}, "geometry": {"type": "Point", "coordinates": [-121.9294, 37.7034]}}, {"type": "Feature", "properties": {"name": "Dublin Social Security Office", "city": "Dublin", "state": "California", "type": "Government Hub"}, "geometry": {"type": "Point", "coordinates": [-121.9614, 37.7385]}}, {"type": "Feature", "properties": {"name": "Oak Park City Hall", "city": "Oak Park", "state": "Illinois", "type": "Government Hub"}, "geometry": {"type": "Point", "coordinates": [-87.8289, 41.8848]}}, {"type": "Feature", "properties": {"name": "Oak Park Administrative Center", "city": "Oak Park", "state": "Illinois", "type": "Government Hub"}, "geometry": {"type": "Point", "coordinates": [-87.7942, 41.8856]}}, {"type": "Feature", "properties": {"name": "Oak Park City Hall", "city": "Oak Park", "state": "Illinois", "type": "Government Hub"}, "geometry": {"type": "Point", "coordinates": [-87.7458, 41.9182]}}, {"type": "Feature", "properties": {"name": "Peabody City Hall", "city": "Peabody", "state": "Massachusetts", "type": "Government Hub"}, "geometry": {"type": "Point", "coordinates": [-70.8891, 42.5629]}}, {"type": "Feature", "properties": {"name": "Peabody DMV Regional Office", "city": "Peabody", "state": "Massachusetts", "type": "Government Hub"}, "geometry": {"type": "Point", "coordinates": [-70.9817, 42.5492]}}, {"type": "Feature", "properties": {"name": "Perth Amboy DMV Regional Office", "city": "Perth Amboy", "state": "New Jersey", "type": "Government Hub"}, "geometry": {"type": "Point", "coordinates": [-74.2463, 40.5073]}}, {"type": "Feature", "properties": {"name": "Perth Amboy Federal Courthouse", "city": "Perth Amboy", "state": "New Jersey", "type": "Government Hub"}, "geometry": {"type": "Point", "coordinates": [-74.235, 40.5023]}}, {"type": "Feature", "properties": {"name": "Perth Amboy Federal Courthouse", "city": "Perth Amboy", "state": "New Jersey", "type": "Government Hub"}, "geometry": {"type": "Point", "coordinates": [-74.296, 40.5112]}}, {"type": "Feature", "properties": {"name": "Battle Creek Federal Building", "city": "Battle Creek", "state": "Michigan", "type": "Government Hub"}, "geometry": {"type": "Point", "coordinates": [-85.1948, 42.284]}}, {"type": "Feature", "properties": {"name": "Battle Creek Public Safety Building", "city": "Battle Creek", "state": "Michigan", "type": "Government Hub"}, "geometry": {"type": "Point", "coordinates": [-85.1249, 42.3484]}}, {"type": "Feature", "properties": {"name": "Bradenton VA Medical Center", "city": "Bradenton", "state": "Florida", "type": "Government Hub"}, "geometry": {"type": "Point", "coordinates": [-82.6243, 27.4801]}}, {"type": "Feature", "properties": {"name": "Bradenton VA Medical Center", "city": "Bradenton", "state": "Florida", "type": "Government Hub"}, "geometry": {"type": "Point", "coordinates": [-82.5907, 27.4603]}}, {"type": "Feature", "properties": {"name": "Bradenton Government Center", "city": "Bradenton", "state": "Florida", "type": "Government Hub"}, "geometry": {"type": "Point", "coordinates": [-82.5833, 27.5323]}}, {"type": "Feature", "properties": {"name": "Gilroy IRS Service Center", "city": "Gilroy", "state": "California", "type": "Government Hub"}, "geometry": {"type": "Point", "coordinates": [-121.5591, 36.9755]}}, {"type": "Feature", "properties": {"name": "Gilroy City Hall", "city": "Gilroy", "state": "California", "type": "Government Hub"}, "geometry": {"type": "Point", "coordinates": [-121.5958, 37.0006]}}, {"type": "Feature", "properties": {"name": "Milford DMV Regional Office", "city": "Milford", "state": "Connecticut", "type": "Government Hub"}, "geometry": {"type": "Point", "coordinates": [-73.031, 41.2292]}}, {"type": "Feature", "properties": {"name": "Albany State Office Building", "city": "Albany", "state": "Oregon", "type": "Government Hub"}, "geometry": {"type": "Point", "coordinates": [-123.1004, 44.6383]}}, {"type": "Feature", "properties": {"name": "Albany IRS Service Center", "city": "Albany", "state": "Oregon", "type": "Government Hub"}, "geometry": {"type": "Point", "coordinates": [-123.0571, 44.6714]}}, {"type": "Feature", "properties": {"name": "Ankeny Post Office", "city": "Ankeny", "state": "Iowa", "type": "Government Hub"}, "geometry": {"type": "Point", "coordinates": [-93.5449, 41.7205]}}, {"type": "Feature", "properties": {"name": "Ankeny VA Medical Center", "city": "Ankeny", "state": "Iowa", "type": "Government Hub"}, "geometry": {"type": "Point", "coordinates": [-93.6302, 41.7397]}}, {"type": "Feature", "properties": {"name": "Ankeny IRS Service Center", "city": "Ankeny", "state": "Iowa", "type": "Government Hub"}, "geometry": {"type": "Point", "coordinates": [-93.5757, 41.742]}}, {"type": "Feature", "properties": {"name": "La Crosse Social Security Office", "city": "La Crosse", "state": "Wisconsin", "type": "Government Hub"}, "geometry": {"type": "Point", "coordinates": [-91.1968, 43.8145]}}, {"type": "Feature", "properties": {"name": "La Crosse Government Center", "city": "La Crosse", "state": "Wisconsin", "type": "Government Hub"}, "geometry": {"type": "Point", "coordinates": [-91.2714, 43.7728]}}, {"type": "Feature", "properties": {"name": "Burlington Federal Courthouse", "city": "Burlington", "state": "North Carolina", "type": "Government Hub"}, "geometry": {"type": "Point", "coordinates": [-79.4914, 36.1278]}}, {"type": "Feature", "properties": {"name": "DeSoto Post Office", "city": "DeSoto", "state": "Texas", "type": "Government Hub"}, "geometry": {"type": "Point", "coordinates": [-96.8657, 32.5811]}}, {"type": "Feature", "properties": {"name": "DeSoto Post Office", "city": "DeSoto", "state": "Texas", "type": "Government Hub"}, "geometry": {"type": "Point", "coordinates": [-96.8143, 32.597]}}, {"type": "Feature", "properties": {"name": "Harrisonburg Administrative Center", "city": "Harrisonburg", "state": "Virginia", "type": "Government Hub"}, "geometry": {"type": "Point", "coordinates": [-78.9021, 38.4254]}}, {"type": "Feature", "properties": {"name": "Harrisonburg Federal Courthouse", "city": "Harrisonburg", "state": "Virginia", "type": "Government Hub"}, "geometry": {"type": "Point", "coordinates": [-78.8996, 38.4895]}}, {"type": "Feature", "properties": {"name": "Minnetonka Federal Courthouse", "city": "Minnetonka", "state": "Minnesota", "type": "Government Hub"}, "geometry": {"type": "Point", "coordinates": [-93.4259, 44.9301]}}, {"type": "Feature", "properties": {"name": "Elkhart County Courthouse", "city": "Elkhart", "state": "Indiana", "type": "Government Hub"}, "geometry": {"type": "Point", "coordinates": [-85.9774, 41.709]}}, {"type": "Feature", "properties": {"name": "Lakewood Municipal Center", "city": "Lakewood", "state": "Ohio", "type": "Government Hub"}, "geometry": {"type": "Point", "coordinates": [-81.79, 41.5057]}}, {"type": "Feature", "properties": {"name": "Lakewood IRS Service Center", "city": "Lakewood", "state": "Ohio", "type": "Government Hub"}, "geometry": {"type": "Point", "coordinates": [-81.8107, 41.4863]}}, {"type": "Feature", "properties": {"name": "Lakewood Public Safety Building", "city": "Lakewood", "state": "Ohio", "type": "Government Hub"}, "geometry": {"type": "Point", "coordinates": [-81.8402, 41.48]}}, {"type": "Feature", "properties": {"name": "Glendora County Courthouse", "city": "Glendora", "state": "California", "type": "Government Hub"}, "geometry": {"type": "Point", "coordinates": [-117.8193, 34.1607]}}, {"type": "Feature", "properties": {"name": "Glendora Government Center", "city": "Glendora", "state": "California", "type": "Government Hub"}, "geometry": {"type": "Point", "coordinates": [-117.8751, 34.1138]}}, {"type": "Feature", "properties": {"name": "Southaven City Hall", "city": "Southaven", "state": "Mississippi", "type": "Government Hub"}, "geometry": {"type": "Point", "coordinates": [-90.0237, 34.9847]}}, {"type": "Feature", "properties": {"name": "Southaven DMV Regional Office", "city": "Southaven", "state": "Mississippi", "type": "Government Hub"}, "geometry": {"type": "Point", "coordinates": [-90.0293, 34.9618]}}, {"type": "Feature", "properties": {"name": "Southaven IRS Service Center", "city": "Southaven", "state": "Mississippi", "type": "Government Hub"}, "geometry": {"type": "Point", "coordinates": [-90.0499, 34.9994]}}, {"type": "Feature", "properties": {"name": "Charleston Public Safety Building", "city": "Charleston", "state": "West Virginia", "type": "Government Hub"}, "geometry": {"type": "Point", "coordinates": [-81.6152, 38.3464]}}, {"type": "Feature", "properties": {"name": "Charleston Government Center", "city": "Charleston", "state": "West Virginia", "type": "Government Hub"}, "geometry": {"type": "Point", "coordinates": [-81.577, 38.3235]}}, {"type": "Feature", "properties": {"name": "Charleston State Office Building", "city": "Charleston", "state": "West Virginia", "type": "Government Hub"}, "geometry": {"type": "Point", "coordinates": [-81.6669, 38.31]}}, {"type": "Feature", "properties": {"name": "Joplin Government Center", "city": "Joplin", "state": "Missouri", "type": "Government Hub"}, "geometry": {"type": "Point", "coordinates": [-94.523, 37.0643]}}, {"type": "Feature", "properties": {"name": "Joplin Municipal Center", "city": "Joplin", "state": "Missouri", "type": "Government Hub"}, "geometry": {"type": "Point", "coordinates": [-94.4867, 37.1138]}}, {"type": "Feature", "properties": {"name": "Enid City Hall", "city": "Enid", "state": "Oklahoma", "type": "Government Hub"}, "geometry": {"type": "Point", "coordinates": [-97.8529, 36.3709]}}, {"type": "Feature", "properties": {"name": "Enid Administrative Center", "city": "Enid", "state": "Oklahoma", "type": "Government Hub"}, "geometry": {"type": "Point", "coordinates": [-97.9172, 36.4013]}}, {"type": "Feature", "properties": {"name": "Enid DMV Regional Office", "city": "Enid", "state": "Oklahoma", "type": "Government Hub"}, "geometry": {"type": "Point", "coordinates": [-97.9261, 36.4059]}}, {"type": "Feature", "properties": {"name": "Palm Beach Gardens Federal Building", "city": "Palm Beach Gardens", "state": "Florida", "type": "Government Hub"}, "geometry": {"type": "Point", "coordinates": [-80.1196, 26.8064]}}, {"type": "Feature", "properties": {"name": "Palm Beach Gardens County Courthouse", "city": "Palm Beach Gardens", "state": "Florida", "type": "Government Hub"}, "geometry": {"type": "Point", "coordinates": [-80.1501, 26.7931]}}, {"type": "Feature", "properties": {"name": "Palm Beach Gardens Civic Center", "city": "Palm Beach Gardens", "state": "Florida", "type": "Government Hub"}, "geometry": {"type": "Point", "coordinates": [-80.1714, 26.822]}}, {"type": "Feature", "properties": {"name": "Brookhaven Public Safety Building", "city": "Brookhaven", "state": "Georgia", "type": "Government Hub"}, "geometry": {"type": "Point", "coordinates": [-84.3423, 33.8371]}}, {"type": "Feature", "properties": {"name": "Plainfield City Hall", "city": "Plainfield", "state": "New Jersey", "type": "Government Hub"}, "geometry": {"type": "Point", "coordinates": [-74.4355, 40.639]}}, {"type": "Feature", "properties": {"name": "Plainfield Municipal Center", "city": "Plainfield", "state": "New Jersey", "type": "Government Hub"}, "geometry": {"type": "Point", "coordinates": [-74.3882, 40.647]}}, {"type": "Feature", "properties": {"name": "Plainfield Government Center", "city": "Plainfield", "state": "New Jersey", "type": "Government Hub"}, "geometry": {"type": "Point", "coordinates": [-74.4149, 40.6162]}}, {"type": "Feature", "properties": {"name": "Grand Island VA Medical Center", "city": "Grand Island", "state": "Nebraska", "type": "Government Hub"}, "geometry": {"type": "Point", "coordinates": [-98.3749, 40.9559]}}, {"type": "Feature", "properties": {"name": "Grand Island Civic Center", "city": "Grand Island", "state": "Nebraska", "type": "Government Hub"}, "geometry": {"type": "Point", "coordinates": [-98.3338, 40.9027]}}, {"type": "Feature", "properties": {"name": "Palm Desert VA Medical Center", "city": "Palm Desert", "state": "California", "type": "Government Hub"}, "geometry": {"type": "Point", "coordinates": [-116.3897, 33.7559]}}, {"type": "Feature", "properties": {"name": "Palm Desert DMV Regional Office", "city": "Palm Desert", "state": "California", "type": "Government Hub"}, "geometry": {"type": "Point", "coordinates": [-116.3334, 33.7027]}}, {"type": "Feature", "properties": {"name": "Palm Desert Public Safety Building", "city": "Palm Desert", "state": "California", "type": "Government Hub"}, "geometry": {"type": "Point", "coordinates": [-116.3574, 33.7193]}}, {"type": "Feature", "properties": {"name": "Huntersville County Courthouse", "city": "Huntersville", "state": "North Carolina", "type": "Government Hub"}, "geometry": {"type": "Point", "coordinates": [-80.8097, 35.449]}}, {"type": "Feature", "properties": {"name": "Tigard VA Medical Center", "city": "Tigard", "state": "Oregon", "type": "Government Hub"}, "geometry": {"type": "Point", "coordinates": [-122.8123, 45.4104]}}, {"type": "Feature", "properties": {"name": "Lenexa Government Center", "city": "Lenexa", "state": "Kansas", "type": "Government Hub"}, "geometry": {"type": "Point", "coordinates": [-94.7283, 38.9572]}}, {"type": "Feature", "properties": {"name": "Lenexa Civic Center", "city": "Lenexa", "state": "Kansas", "type": "Government Hub"}, "geometry": {"type": "Point", "coordinates": [-94.6973, 38.9247]}}, {"type": "Feature", "properties": {"name": "Saginaw Administrative Center", "city": "Saginaw", "state": "Michigan", "type": "Government Hub"}, "geometry": {"type": "Point", "coordinates": [-83.922, 43.3892]}}, {"type": "Feature", "properties": {"name": "Saginaw Federal Courthouse", "city": "Saginaw", "state": "Michigan", "type": "Government Hub"}, "geometry": {"type": "Point", "coordinates": [-83.9725, 43.3817]}}, {"type": "Feature", "properties": {"name": "Kentwood Civic Center", "city": "Kentwood", "state": "Michigan", "type": "Government Hub"}, "geometry": {"type": "Point", "coordinates": [-85.618, 42.8868]}}, {"type": "Feature", "properties": {"name": "Kentwood Public Safety Building", "city": "Kentwood", "state": "Michigan", "type": "Government Hub"}, "geometry": {"type": "Point", "coordinates": [-85.6713, 42.8656]}}, {"type": "Feature", "properties": {"name": "Kentwood Social Security Office", "city": "Kentwood", "state": "Michigan", "type": "Government Hub"}, "geometry": {"type": "Point", "coordinates": [-85.6801, 42.8415]}}, {"type": "Feature", "properties": {"name": "Doral Municipal Center", "city": "Doral", "state": "Florida", "type": "Government Hub"}, "geometry": {"type": "Point", "coordinates": [-80.4048, 25.7948]}}, {"type": "Feature", "properties": {"name": "Doral VA Medical Center", "city": "Doral", "state": "Florida", "type": "Government Hub"}, "geometry": {"type": "Point", "coordinates": [-80.4058, 25.7821]}}, {"type": "Feature", "properties": {"name": "Doral Federal Courthouse", "city": "Doral", "state": "Florida", "type": "Government Hub"}, "geometry": {"type": "Point", "coordinates": [-80.3419, 25.7953]}}, {"type": "Feature", "properties": {"name": "Apple Valley Public Safety Building", "city": "Apple Valley", "state": "Minnesota", "type": "Government Hub"}, "geometry": {"type": "Point", "coordinates": [-93.2356, 44.7155]}}, {"type": "Feature", "properties": {"name": "Apple Valley Administrative Center", "city": "Apple Valley", "state": "Minnesota", "type": "Government Hub"}, "geometry": {"type": "Point", "coordinates": [-93.271, 44.7484]}}, {"type": "Feature", "properties": {"name": "Grapevine Federal Courthouse", "city": "Grapevine", "state": "Texas", "type": "Government Hub"}, "geometry": {"type": "Point", "coordinates": [-97.0708, 32.957]}}, {"type": "Feature", "properties": {"name": "Grapevine DMV Regional Office", "city": "Grapevine", "state": "Texas", "type": "Government Hub"}, "geometry": {"type": "Point", "coordinates": [-97.1249, 32.8984]}}, {"type": "Feature", "properties": {"name": "Grapevine Municipal Center", "city": "Grapevine", "state": "Texas", "type": "Government Hub"}, "geometry": {"type": "Point", "coordinates": [-97.0644, 32.9569]}}, {"type": "Feature", "properties": {"name": "Aliso Viejo County Courthouse", "city": "Aliso Viejo", "state": "California", "type": "Government Hub"}, "geometry": {"type": "Point", "coordinates": [-117.7583, 33.6022]}}, {"type": "Feature", "properties": {"name": "Aliso Viejo Civic Center", "city": "Aliso Viejo", "state": "California", "type": "Government Hub"}, "geometry": {"type": "Point", "coordinates": [-117.6795, 33.5634]}}, {"type": "Feature", "properties": {"name": "Sammamish Post Office", "city": "Sammamish", "state": "Washington", "type": "Government Hub"}, "geometry": {"type": "Point", "coordinates": [-122.0473, 47.6008]}}, {"type": "Feature", "properties": {"name": "Sammamish Social Security Office", "city": "Sammamish", "state": "Washington", "type": "Government Hub"}, "geometry": {"type": "Point", "coordinates": [-122.0848, 47.6477]}}, {"type": "Feature", "properties": {"name": "Sammamish Social Security Office", "city": "Sammamish", "state": "Washington", "type": "Government Hub"}, "geometry": {"type": "Point", "coordinates": [-122.0773, 47.5789]}}, {"type": "Feature", "properties": {"name": "Casa Grande Federal Courthouse", "city": "Casa Grande", "state": "Arizona", "type": "Government Hub"}, "geometry": {"type": "Point", "coordinates": [-111.7827, 32.8703]}}, {"type": "Feature", "properties": {"name": "Casa Grande Post Office", "city": "Casa Grande", "state": "Arizona", "type": "Government Hub"}, "geometry": {"type": "Point", "coordinates": [-111.7429, 32.9045]}}, {"type": "Feature", "properties": {"name": "Casa Grande Government Center", "city": "Casa Grande", "state": "Arizona", "type": "Government Hub"}, "geometry": {"type": "Point", "coordinates": [-111.7986, 32.8683]}}, {"type": "Feature", "properties": {"name": "Pinellas Park Federal Building", "city": "Pinellas Park", "state": "Florida", "type": "Government Hub"}, "geometry": {"type": "Point", "coordinates": [-82.7002, 27.8704]}}, {"type": "Feature", "properties": {"name": "Troy City Hall", "city": "Troy", "state": "New York", "type": "Government Hub"}, "geometry": {"type": "Point", "coordinates": [-73.7359, 42.7629]}}, {"type": "Feature", "properties": {"name": "West Sacramento Social Security Office", "city": "West Sacramento", "state": "California", "type": "Government Hub"}, "geometry": {"type": "Point", "coordinates": [-121.542, 38.5938]}}, {"type": "Feature", "properties": {"name": "West Sacramento City Hall", "city": "West Sacramento", "state": "California", "type": "Government Hub"}, "geometry": {"type": "Point", "coordinates": [-121.5241, 38.6022]}}, {"type": "Feature", "properties": {"name": "Burien Government Center", "city": "Burien", "state": "Washington", "type": "Government Hub"}, "geometry": {"type": "Point", "coordinates": [-122.3805, 47.5011]}}, {"type": "Feature", "properties": {"name": "Commerce City Federal Courthouse", "city": "Commerce City", "state": "Colorado", "type": "Government Hub"}, "geometry": {"type": "Point", "coordinates": [-104.9155, 39.8285]}}, {"type": "Feature", "properties": {"name": "Monroe Government Center", "city": "Monroe", "state": "Louisiana", "type": "Government Hub"}, "geometry": {"type": "Point", "coordinates": [-92.1723, 32.4827]}}, {"type": "Feature", "properties": {"name": "Monroe Federal Building", "city": "Monroe", "state": "Louisiana", "type": "Government Hub"}, "geometry": {"type": "Point", "coordinates": [-92.068, 32.4801]}}, {"type": "Feature", "properties": {"name": "Cerritos State Office Building", "city": "Cerritos", "state": "California", "type": "Government Hub"}, "geometry": {"type": "Point", "coordinates": [-118.0243, 33.8528]}}, {"type": "Feature", "properties": {"name": "Cerritos City Hall", "city": "Cerritos", "state": "California", "type": "Government Hub"}, "geometry": {"type": "Point", "coordinates": [-118.08, 33.8667]}}, {"type": "Feature", "properties": {"name": "Downers Grove Administrative Center", "city": "Downers Grove", "state": "Illinois", "type": "Government Hub"}, "geometry": {"type": "Point", "coordinates": [-87.9854, 41.816]}}, {"type": "Feature", "properties": {"name": "Coral Gables Federal Building", "city": "Coral Gables", "state": "Florida", "type": "Government Hub"}, "geometry": {"type": "Point", "coordinates": [-80.2481, 25.7609]}}, {"type": "Feature", "properties": {"name": "Wilson Post Office", "city": "Wilson", "state": "North Carolina", "type": "Government Hub"}, "geometry": {"type": "Point", "coordinates": [-77.9597, 35.7107]}}, {"type": "Feature", "properties": {"name": "Niagara Falls VA Medical Center", "city": "Niagara Falls", "state": "New York", "type": "Government Hub"}, "geometry": {"type": "Point", "coordinates": [-79.0807, 43.066]}}, {"type": "Feature", "properties": {"name": "Poway IRS Service Center", "city": "Poway", "state": "California", "type": "Government Hub"}, "geometry": {"type": "Point", "coordinates": [-117.0747, 32.9458]}}, {"type": "Feature", "properties": {"name": "Edina Post Office", "city": "Edina", "state": "Minnesota", "type": "Government Hub"}, "geometry": {"type": "Point", "coordinates": [-93.3876, 44.9077]}}, {"type": "Feature", "properties": {"name": "Cuyahoga Falls Administrative Center", "city": "Cuyahoga Falls", "state": "Ohio", "type": "Government Hub"}, "geometry": {"type": "Point", "coordinates": [-81.4299, 41.0941]}}, {"type": "Feature", "properties": {"name": "Rancho Santa Margarita VA Medical Center", "city": "Rancho Santa Margarita", "state": "California", "type": "Government Hub"}, "geometry": {"type": "Point", "coordinates": [-117.5919, 33.639]}}, {"type": "Feature", "properties": {"name": "Harrisburg IRS Service Center", "city": "Harrisburg", "state": "Pennsylvania", "type": "Government Hub"}, "geometry": {"type": "Point", "coordinates": [-76.8501, 40.2816]}}, {"type": "Feature", "properties": {"name": "Huntington Social Security Office", "city": "Huntington", "state": "West Virginia", "type": "Government Hub"}, "geometry": {"type": "Point", "coordinates": [-82.4777, 38.4018]}}, {"type": "Feature", "properties": {"name": "Huntington Federal Courthouse", "city": "Huntington", "state": "West Virginia", "type": "Government Hub"}, "geometry": {"type": "Point", "coordinates": [-82.4553, 38.394]}}, {"type": "Feature", "properties": {"name": "La Mirada VA Medical Center", "city": "La Mirada", "state": "California", "type": "Government Hub"}, "geometry": {"type": "Point", "coordinates": [-117.989, 33.9344]}}, {"type": "Feature", "properties": {"name": "Cypress Civic Center", "city": "Cypress", "state": "California", "type": "Government Hub"}, "geometry": {"type": "Point", "coordinates": [-118.0766, 33.7866]}}, {"type": "Feature", "properties": {"name": "Caldwell Post Office", "city": "Caldwell", "state": "Idaho", "type": "Government Hub"}, "geometry": {"type": "Point", "coordinates": [-116.6799, 43.6545]}}, {"type": "Feature", "properties": {"name": "Logan Social Security Office", "city": "Logan", "state": "Utah", "type": "Government Hub"}, "geometry": {"type": "Point", "coordinates": [-111.8277, 41.7716]}}, {"type": "Feature", "properties": {"name": "Galveston Post Office", "city": "Galveston", "state": "Texas", "type": "Government Hub"}, "geometry": {"type": "Point", "coordinates": [-94.8177, 29.288]}}, {"type": "Feature", "properties": {"name": "Sheboygan VA Medical Center", "city": "Sheboygan", "state": "Wisconsin", "type": "Government Hub"}, "geometry": {"type": "Point", "coordinates": [-87.6609, 43.7172]}}, {"type": "Feature", "properties": {"name": "Middletown VA Medical Center", "city": "Middletown", "state": "Ohio", "type": "Government Hub"}, "geometry": {"type": "Point", "coordinates": [-84.4453, 39.5066]}}, {"type": "Feature", "properties": {"name": "Murray IRS Service Center", "city": "Murray", "state": "Utah", "type": "Government Hub"}, "geometry": {"type": "Point", "coordinates": [-111.9019, 40.6313]}}, {"type": "Feature", "properties": {"name": "Roswell IRS Service Center", "city": "Roswell", "state": "New Mexico", "type": "Government Hub"}, "geometry": {"type": "Point", "coordinates": [-104.5363, 33.4298]}}, {"type": "Feature", "properties": {"name": "Parker Federal Building", "city": "Parker", "state": "Colorado", "type": "Government Hub"}, "geometry": {"type": "Point", "coordinates": [-104.8128, 39.5096]}}, {"type": "Feature", "properties": {"name": "Parker Federal Building", "city": "Parker", "state": "Colorado", "type": "Government Hub"}, "geometry": {"type": "Point", "coordinates": [-104.7111, 39.4939]}}, {"type": "Feature", "properties": {"name": "Bedford State Office Building", "city": "Bedford", "state": "Texas", "type": "Government Hub"}, "geometry": {"type": "Point", "coordinates": [-97.1124, 32.8065]}}, {"type": "Feature", "properties": {"name": "Bedford Federal Courthouse", "city": "Bedford", "state": "Texas", "type": "Government Hub"}, "geometry": {"type": "Point", "coordinates": [-97.0947, 32.8827]}}, {"type": "Feature", "properties": {"name": "East Lansing DMV Regional Office", "city": "East Lansing", "state": "Michigan", "type": "Government Hub"}, "geometry": {"type": "Point", "coordinates": [-84.4894, 42.7266]}}, {"type": "Feature", "properties": {"name": "East Lansing County Courthouse", "city": "East Lansing", "state": "Michigan", "type": "Government Hub"}, "geometry": {"type": "Point", "coordinates": [-84.5171, 42.7002]}}, {"type": "Feature", "properties": {"name": "Methuen Social Security Office", "city": "Methuen", "state": "Massachusetts", "type": "Government Hub"}, "geometry": {"type": "Point", "coordinates": [-71.1908, 42.7464]}}, {"type": "Feature", "properties": {"name": "Methuen Post Office", "city": "Methuen", "state": "Massachusetts", "type": "Government Hub"}, "geometry": {"type": "Point", "coordinates": [-71.2181, 42.7511]}}, {"type": "Feature", "properties": {"name": "Covina Public Safety Building", "city": "Covina", "state": "California", "type": "Government Hub"}, "geometry": {"type": "Point", "coordinates": [-117.8543, 34.0845]}}, {"type": "Feature", "properties": {"name": "Alexandria County Courthouse", "city": "Alexandria", "state": "Louisiana", "type": "Government Hub"}, "geometry": {"type": "Point", "coordinates": [-92.4161, 31.318]}}, {"type": "Feature", "properties": {"name": "Alexandria VA Medical Center", "city": "Alexandria", "state": "Louisiana", "type": "Government Hub"}, "geometry": {"type": "Point", "coordinates": [-92.4405, 31.2819]}}, {"type": "Feature", "properties": {"name": "Olympia State Office Building", "city": "Olympia", "state": "Washington", "type": "Government Hub"}, "geometry": {"type": "Point", "coordinates": [-122.9474, 47.026]}}, {"type": "Feature", "properties": {"name": "Olympia VA Medical Center", "city": "Olympia", "state": "Washington", "type": "Government Hub"}, "geometry": {"type": "Point", "coordinates": [-122.8843, 47.0421]}}, {"type": "Feature", "properties": {"name": "Euclid IRS Service Center", "city": "Euclid", "state": "Ohio", "type": "Government Hub"}, "geometry": {"type": "Point", "coordinates": [-81.4731, 41.5816]}}, {"type": "Feature", "properties": {"name": "Mishawaka Municipal Center", "city": "Mishawaka", "state": "Indiana", "type": "Government Hub"}, "geometry": {"type": "Point", "coordinates": [-86.1071, 41.6665]}}, {"type": "Feature", "properties": {"name": "Mishawaka Public Safety Building", "city": "Mishawaka", "state": "Indiana", "type": "Government Hub"}, "geometry": {"type": "Point", "coordinates": [-86.2063, 41.6997]}}, {"type": "Feature", "properties": {"name": "Salina Civic Center", "city": "Salina", "state": "Kansas", "type": "Government Hub"}, "geometry": {"type": "Point", "coordinates": [-97.6329, 38.8625]}}, {"type": "Feature", "properties": {"name": "Azusa Municipal Center", "city": "Azusa", "state": "California", "type": "Government Hub"}, "geometry": {"type": "Point", "coordinates": [-117.9005, 34.1428]}}, {"type": "Feature", "properties": {"name": "Newark Civic Center", "city": "Newark", "state": "Ohio", "type": "Government Hub"}, "geometry": {"type": "Point", "coordinates": [-82.4485, 40.074]}}, {"type": "Feature", "properties": {"name": "Newark Federal Building", "city": "Newark", "state": "Ohio", "type": "Government Hub"}, "geometry": {"type": "Point", "coordinates": [-82.3819, 40.082]}}, {"type": "Feature", "properties": {"name": "Chesterfield Federal Courthouse", "city": "Chesterfield", "state": "Missouri", "type": "Government Hub"}, "geometry": {"type": "Point", "coordinates": [-90.5782, 38.6233]}}, {"type": "Feature", "properties": {"name": "Chesterfield IRS Service Center", "city": "Chesterfield", "state": "Missouri", "type": "Government Hub"}, "geometry": {"type": "Point", "coordinates": [-90.5868, 38.6831]}}, {"type": "Feature", "properties": {"name": "Leesburg State Office Building", "city": "Leesburg", "state": "Virginia", "type": "Government Hub"}, "geometry": {"type": "Point", "coordinates": [-77.5244, 39.1243]}}, {"type": "Feature", "properties": {"name": "Leesburg IRS Service Center", "city": "Leesburg", "state": "Virginia", "type": "Government Hub"}, "geometry": {"type": "Point", "coordinates": [-77.6139, 39.1129]}}, {"type": "Feature", "properties": {"name": "Dunwoody County Courthouse", "city": "Dunwoody", "state": "Georgia", "type": "Government Hub"}, "geometry": {"type": "Point", "coordinates": [-84.3731, 33.9333]}}, {"type": "Feature", "properties": {"name": "Hattiesburg Government Center", "city": "Hattiesburg", "state": "Mississippi", "type": "Government Hub"}, "geometry": {"type": "Point", "coordinates": [-89.297, 31.3619]}}, {"type": "Feature", "properties": {"name": "Roseville State Office Building", "city": "Roseville", "state": "Michigan", "type": "Government Hub"}, "geometry": {"type": "Point", "coordinates": [-82.9819, 42.5249]}}, {"type": "Feature", "properties": {"name": "Bonita Springs County Courthouse", "city": "Bonita Springs", "state": "Florida", "type": "Government Hub"}, "geometry": {"type": "Point", "coordinates": [-81.8181, 26.3712]}}, {"type": "Feature", "properties": {"name": "Bonita Springs Government Center", "city": "Bonita Springs", "state": "Florida", "type": "Government Hub"}, "geometry": {"type": "Point", "coordinates": [-81.8079, 26.3286]}}, {"type": "Feature", "properties": {"name": "Portage County Courthouse", "city": "Portage", "state": "Michigan", "type": "Government Hub"}, "geometry": {"type": "Point", "coordinates": [-85.6336, 42.1814]}}, {"type": "Feature", "properties": {"name": "St. Louis Park Public Safety Building", "city": "St. Louis Park", "state": "Minnesota", "type": "Government Hub"}, "geometry": {"type": "Point", "coordinates": [-93.3598, 44.9905]}}, {"type": "Feature", "properties": {"name": "Collierville Municipal Center", "city": "Collierville", "state": "Tennessee", "type": "Government Hub"}, "geometry": {"type": "Point", "coordinates": [-89.6353, 35.0796]}}, {"type": "Feature", "properties": {"name": "Collierville Social Security Office", "city": "Collierville", "state": "Tennessee", "type": "Government Hub"}, "geometry": {"type": "Point", "coordinates": [-89.72, 35.0608]}}, {"type": "Feature", "properties": {"name": "Middletown Administrative Center", "city": "Middletown", "state": "Connecticut", "type": "Government Hub"}, "geometry": {"type": "Point", "coordinates": [-72.6672, 41.593]}}, {"type": "Feature", "properties": {"name": "Stillwater Civic Center", "city": "Stillwater", "state": "Oklahoma", "type": "Government Hub"}, "geometry": {"type": "Point", "coordinates": [-97.0581, 36.0898]}}, {"type": "Feature", "properties": {"name": "Stillwater Federal Building", "city": "Stillwater", "state": "Oklahoma", "type": "Government Hub"}, "geometry": {"type": "Point", "coordinates": [-97.0273, 36.1002]}}, {"type": "Feature", "properties": {"name": "East Providence VA Medical Center", "city": "East Providence", "state": "Rhode Island", "type": "Government Hub"}, "geometry": {"type": "Point", "coordinates": [-71.4122, 41.8433]}}, {"type": "Feature", "properties": {"name": "Lawrence Administrative Center", "city": "Lawrence", "state": "Indiana", "type": "Government Hub"}, "geometry": {"type": "Point", "coordinates": [-86.0428, 39.816]}}, {"type": "Feature", "properties": {"name": "Wauwatosa Administrative Center", "city": "Wauwatosa", "state": "Wisconsin", "type": "Government Hub"}, "geometry": {"type": "Point", "coordinates": [-87.9829, 43.0866]}}, {"type": "Feature", "properties": {"name": "Mentor Post Office", "city": "Mentor", "state": "Ohio", "type": "Government Hub"}, "geometry": {"type": "Point", "coordinates": [-81.3329, 41.6516]}}, {"type": "Feature", "properties": {"name": "Mentor Federal Building", "city": "Mentor", "state": "Ohio", "type": "Government Hub"}, "geometry": {"type": "Point", "coordinates": [-81.3076, 41.69]}}, {"type": "Feature", "properties": {"name": "Ceres Post Office", "city": "Ceres", "state": "California", "type": "Government Hub"}, "geometry": {"type": "Point", "coordinates": [-120.9395, 37.5642]}}, {"type": "Feature", "properties": {"name": "Cedar Hill State Office Building", "city": "Cedar Hill", "state": "Texas", "type": "Government Hub"}, "geometry": {"type": "Point", "coordinates": [-96.9427, 32.6168]}}, {"type": "Feature", "properties": {"name": "Mansfield IRS Service Center", "city": "Mansfield", "state": "Ohio", "type": "Government Hub"}, "geometry": {"type": "Point", "coordinates": [-82.5401, 40.7595]}}, {"type": "Feature", "properties": {"name": "Mansfield City Hall", "city": "Mansfield", "state": "Ohio", "type": "Government Hub"}, "geometry": {"type": "Point", "coordinates": [-82.5028, 40.785]}}, {"type": "Feature", "properties": {"name": "Binghamton County Courthouse", "city": "Binghamton", "state": "New York", "type": "Government Hub"}, "geometry": {"type": "Point", "coordinates": [-75.9659, 42.0776]}}, {"type": "Feature", "properties": {"name": "Binghamton Federal Courthouse", "city": "Binghamton", "state": "New York", "type": "Government Hub"}, "geometry": {"type": "Point", "coordinates": [-75.9029, 42.0732]}}, {"type": "Feature", "properties": {"name": "Coeur d'Alene Social Security Office", "city": "Coeur d'Alene", "state": "Idaho", "type": "Government Hub"}, "geometry": {"type": "Point", "coordinates": [-116.8152, 47.6472]}}, {"type": "Feature", "properties": {"name": "Coeur d'Alene Administrative Center", "city": "Coeur d'Alene", "state": "Idaho", "type": "Government Hub"}, "geometry": {"type": "Point", "coordinates": [-116.748, 47.7079]}}, {"type": "Feature", "properties": {"name": "San Luis Obispo DMV Regional Office", "city": "San Luis Obispo", "state": "California", "type": "Government Hub"}, "geometry": {"type": "Point", "coordinates": [-120.6116, 35.2676]}}, {"type": "Feature", "properties": {"name": "Minot Municipal Center", "city": "Minot", "state": "North Dakota", "type": "Government Hub"}, "geometry": {"type": "Point", "coordinates": [-101.3354, 48.232]}}, {"type": "Feature", "properties": {"name": "Palm Springs State Office Building", "city": "Palm Springs", "state": "California", "type": "Government Hub"}, "geometry": {"type": "Point", "coordinates": [-116.5996, 33.8097]}}, {"type": "Feature", "properties": {"name": "Pine Bluff DMV Regional Office", "city": "Pine Bluff", "state": "Arkansas", "type": "Government Hub"}, "geometry": {"type": "Point", "coordinates": [-92.0374, 34.208]}}, {"type": "Feature", "properties": {"name": "Texas City Federal Building", "city": "Texas City", "state": "Texas", "type": "Government Hub"}, "geometry": {"type": "Point", "coordinates": [-94.8531, 29.3543]}}, {"type": "Feature", "properties": {"name": "Summerville State Office Building", "city": "Summerville", "state": "South Carolina", "type": "Government Hub"}, "geometry": {"type": "Point", "coordinates": [-80.1969, 33.0495]}}, {"type": "Feature", "properties": {"name": "Summerville Post Office", "city": "Summerville", "state": "South Carolina", "type": "Government Hub"}, "geometry": {"type": "Point", "coordinates": [-80.1896, 33.0423]}}, {"type": "Feature", "properties": {"name": "Twin Falls Civic Center", "city": "Twin Falls", "state": "Idaho", "type": "Government Hub"}, "geometry": {"type": "Point", "coordinates": [-114.417, 42.5299]}}, {"type": "Feature", "properties": {"name": "Twin Falls Public Safety Building", "city": "Twin Falls", "state": "Idaho", "type": "Government Hub"}, "geometry": {"type": "Point", "coordinates": [-114.4505, 42.558]}}, {"type": "Feature", "properties": {"name": "Jeffersonville Public Safety Building", "city": "Jeffersonville", "state": "Indiana", "type": "Government Hub"}, "geometry": {"type": "Point", "coordinates": [-85.7176, 38.2564]}}, {"type": "Feature", "properties": {"name": "San Jacinto Municipal Center", "city": "San Jacinto", "state": "California", "type": "Government Hub"}, "geometry": {"type": "Point", "coordinates": [-116.9337, 33.8026]}}, {"type": "Feature", "properties": {"name": "Madison Public Safety Building", "city": "Madison", "state": "Alabama", "type": "Government Hub"}, "geometry": {"type": "Point", "coordinates": [-86.7793, 34.7004]}}, {"type": "Feature", "properties": {"name": "Madison IRS Service Center", "city": "Madison", "state": "Alabama", "type": "Government Hub"}, "geometry": {"type": "Point", "coordinates": [-86.7001, 34.6779]}}, {"type": "Feature", "properties": {"name": "Altoona Post Office", "city": "Altoona", "state": "Pennsylvania", "type": "Government Hub"}, "geometry": {"type": "Point", "coordinates": [-78.4191, 40.5173]}}, {"type": "Feature", "properties": {"name": "Altoona Municipal Center", "city": "Altoona", "state": "Pennsylvania", "type": "Government Hub"}, "geometry": {"type": "Point", "coordinates": [-78.4129, 40.5226]}}, {"type": "Feature", "properties": {"name": "Columbus IRS Service Center", "city": "Columbus", "state": "Indiana", "type": "Government Hub"}, "geometry": {"type": "Point", "coordinates": [-85.9048, 39.2021]}}, {"type": "Feature", "properties": {"name": "Columbus Government Center", "city": "Columbus", "state": "Indiana", "type": "Government Hub"}, "geometry": {"type": "Point", "coordinates": [-85.903, 39.2328]}}, {"type": "Feature", "properties": {"name": "Beavercreek State Office Building", "city": "Beavercreek", "state": "Ohio", "type": "Government Hub"}, "geometry": {"type": "Point", "coordinates": [-84.0442, 39.7054]}}, {"type": "Feature", "properties": {"name": "Apopka VA Medical Center", "city": "Apopka", "state": "Florida", "type": "Government Hub"}, "geometry": {"type": "Point", "coordinates": [-81.5211, 28.6631]}}, {"type": "Feature", "properties": {"name": "Elmhurst City Hall", "city": "Elmhurst", "state": "Illinois", "type": "Government Hub"}, "geometry": {"type": "Point", "coordinates": [-87.8945, 41.9252]}}, {"type": "Feature", "properties": {"name": "Maricopa County Courthouse", "city": "Maricopa", "state": "Arizona", "type": "Government Hub"}, "geometry": {"type": "Point", "coordinates": [-112.0415, 33.0467]}}, {"type": "Feature", "properties": {"name": "Farmington Municipal Center", "city": "Farmington", "state": "New Mexico", "type": "Government Hub"}, "geometry": {"type": "Point", "coordinates": [-108.2088, 36.7449]}}, {"type": "Feature", "properties": {"name": "Farmington Social Security Office", "city": "Farmington", "state": "New Mexico", "type": "Government Hub"}, "geometry": {"type": "Point", "coordinates": [-108.2071, 36.7216]}}, {"type": "Feature", "properties": {"name": "Glenview Administrative Center", "city": "Glenview", "state": "Illinois", "type": "Government Hub"}, "geometry": {"type": "Point", "coordinates": [-87.8382, 42.1078]}}, {"type": "Feature", "properties": {"name": "Glenview County Courthouse", "city": "Glenview", "state": "Illinois", "type": "Government Hub"}, "geometry": {"type": "Point", "coordinates": [-87.7883, 42.0426]}}, {"type": "Feature", "properties": {"name": "Cleveland Heights Post Office", "city": "Cleveland Heights", "state": "Ohio", "type": "Government Hub"}, "geometry": {"type": "Point", "coordinates": [-81.5541, 41.4863]}}, {"type": "Feature", "properties": {"name": "Cleveland Heights Post Office", "city": "Cleveland Heights", "state": "Ohio", "type": "Government Hub"}, "geometry": {"type": "Point", "coordinates": [-81.6024, 41.4826]}}, {"type": "Feature", "properties": {"name": "Draper City Hall", "city": "Draper", "state": "Utah", "type": "Government Hub"}, "geometry": {"type": "Point", "coordinates": [-111.919, 40.532]}}, {"type": "Feature", "properties": {"name": "Draper Administrative Center", "city": "Draper", "state": "Utah", "type": "Government Hub"}, "geometry": {"type": "Point", "coordinates": [-111.832, 40.541]}}, {"type": "Feature", "properties": {"name": "Lincoln IRS Service Center", "city": "Lincoln", "state": "California", "type": "Government Hub"}, "geometry": {"type": "Point", "coordinates": [-121.2737, 38.8614]}}, {"type": "Feature", "properties": {"name": "Lincoln Public Safety Building", "city": "Lincoln", "state": "California", "type": "Government Hub"}, "geometry": {"type": "Point", "coordinates": [-121.3211, 38.9249]}}, {"type": "Feature", "properties": {"name": "Sierra Vista Federal Building", "city": "Sierra Vista", "state": "Arizona", "type": "Government Hub"}, "geometry": {"type": "Point", "coordinates": [-110.2613, 31.5143]}}, {"type": "Feature", "properties": {"name": "Sierra Vista Public Safety Building", "city": "Sierra Vista", "state": "Arizona", "type": "Government Hub"}, "geometry": {"type": "Point", "coordinates": [-110.2898, 31.5185]}}, {"type": "Feature", "properties": {"name": "Lacey Post Office", "city": "Lacey", "state": "Washington", "type": "Government Hub"}, "geometry": {"type": "Point", "coordinates": [-122.8443, 47.0089]}}, {"type": "Feature", "properties": {"name": "Lacey State Office Building", "city": "Lacey", "state": "Washington", "type": "Government Hub"}, "geometry": {"type": "Point", "coordinates": [-122.7791, 47.0146]}}, {"type": "Feature", "properties": {"name": "Biloxi Government Center", "city": "Biloxi", "state": "Mississippi", "type": "Government Hub"}, "geometry": {"type": "Point", "coordinates": [-88.88, 30.412]}}, {"type": "Feature", "properties": {"name": "Strongsville Administrative Center", "city": "Strongsville", "state": "Ohio", "type": "Government Hub"}, "geometry": {"type": "Point", "coordinates": [-81.8778, 41.2928]}}, {"type": "Feature", "properties": {"name": "Strongsville City Hall", "city": "Strongsville", "state": "Ohio", "type": "Government Hub"}, "geometry": {"type": "Point", "coordinates": [-81.7827, 41.3279]}}, {"type": "Feature", "properties": {"name": "Barnstable Town Social Security Office", "city": "Barnstable Town", "state": "Massachusetts", "type": "Government Hub"}, "geometry": {"type": "Point", "coordinates": [-70.3452, 41.7302]}}, {"type": "Feature", "properties": {"name": "Wylie Federal Building", "city": "Wylie", "state": "Texas", "type": "Government Hub"}, "geometry": {"type": "Point", "coordinates": [-96.5543, 33.0324]}}, {"type": "Feature", "properties": {"name": "Sayreville DMV Regional Office", "city": "Sayreville", "state": "New Jersey", "type": "Government Hub"}, "geometry": {"type": "Point", "coordinates": [-74.4017, 40.4983]}}, {"type": "Feature", "properties": {"name": "Sayreville IRS Service Center", "city": "Sayreville", "state": "New Jersey", "type": "Government Hub"}, "geometry": {"type": "Point", "coordinates": [-74.3225, 40.4315]}}, {"type": "Feature", "properties": {"name": "Kannapolis State Office Building", "city": "Kannapolis", "state": "North Carolina", "type": "Government Hub"}, "geometry": {"type": "Point", "coordinates": [-80.574, 35.469]}}, {"type": "Feature", "properties": {"name": "Charlottesville Federal Building", "city": "Charlottesville", "state": "Virginia", "type": "Government Hub"}, "geometry": {"type": "Point", "coordinates": [-78.4581, 38.046]}}, {"type": "Feature", "properties": {"name": "Littleton IRS Service Center", "city": "Littleton", "state": "Colorado", "type": "Government Hub"}, "geometry": {"type": "Point", "coordinates": [-104.9941, 39.6103]}}, {"type": "Feature", "properties": {"name": "Titusville Municipal Center", "city": "Titusville", "state": "Florida", "type": "Government Hub"}, "geometry": {"type": "Point", "coordinates": [-80.7611, 28.6109]}}, {"type": "Feature", "properties": {"name": "Titusville IRS Service Center", "city": "Titusville", "state": "Florida", "type": "Government Hub"}, "geometry": {"type": "Point", "coordinates": [-80.8556, 28.615]}}, {"type": "Feature", "properties": {"name": "Hackensack County Courthouse", "city": "Hackensack", "state": "New Jersey", "type": "Government Hub"}, "geometry": {"type": "Point", "coordinates": [-74.0687, 40.8858]}}, {"type": "Feature", "properties": {"name": "Hackensack VA Medical Center", "city": "Hackensack", "state": "New Jersey", "type": "Government Hub"}, "geometry": {"type": "Point", "coordinates": [-73.9875, 40.9053]}}, {"type": "Feature", "properties": {"name": "Newark Municipal Center", "city": "Newark", "state": "California", "type": "Government Hub"}, "geometry": {"type": "Point", "coordinates": [-121.9896, 37.5056]}}, {"type": "Feature", "properties": {"name": "Newark Government Center", "city": "Newark", "state": "California", "type": "Government Hub"}, "geometry": {"type": "Point", "coordinates": [-122.0801, 37.4945]}}, {"type": "Feature", "properties": {"name": "Pittsfield Civic Center", "city": "Pittsfield", "state": "Massachusetts", "type": "Government Hub"}, "geometry": {"type": "Point", "coordinates": [-73.2828, 42.4436]}}, {"type": "Feature", "properties": {"name": "Pittsfield Public Safety Building", "city": "Pittsfield", "state": "Massachusetts", "type": "Government Hub"}, "geometry": {"type": "Point", "coordinates": [-73.2062, 42.4756]}}, {"type": "Feature", "properties": {"name": "York Post Office", "city": "York", "state": "Pennsylvania", "type": "Government Hub"}, "geometry": {"type": "Point", "coordinates": [-76.7469, 39.9715]}}, {"type": "Feature", "properties": {"name": "Lombard Administrative Center", "city": "Lombard", "state": "Illinois", "type": "Government Hub"}, "geometry": {"type": "Point", "coordinates": [-88.0618, 41.8572]}}, {"type": "Feature", "properties": {"name": "Lombard Administrative Center", "city": "Lombard", "state": "Illinois", "type": "Government Hub"}, "geometry": {"type": "Point", "coordinates": [-88.0115, 41.8897]}}, {"type": "Feature", "properties": {"name": "Attleboro Municipal Center", "city": "Attleboro", "state": "Massachusetts", "type": "Government Hub"}, "geometry": {"type": "Point", "coordinates": [-71.2676, 41.962]}}, {"type": "Feature", "properties": {"name": "Attleboro Municipal Center", "city": "Attleboro", "state": "Massachusetts", "type": "Government Hub"}, "geometry": {"type": "Point", "coordinates": [-71.31, 41.9785]}}, {"type": "Feature", "properties": {"name": "DeKalb IRS Service Center", "city": "DeKalb", "state": "Illinois", "type": "Government Hub"}, "geometry": {"type": "Point", "coordinates": [-88.7668, 41.9643]}}, {"type": "Feature", "properties": {"name": "DeKalb Post Office", "city": "DeKalb", "state": "Illinois", "type": "Government Hub"}, "geometry": {"type": "Point", "coordinates": [-88.8033, 41.9378]}}, {"type": "Feature", "properties": {"name": "Blacksburg IRS Service Center", "city": "Blacksburg", "state": "Virginia", "type": "Government Hub"}, "geometry": {"type": "Point", "coordinates": [-80.3739, 37.2145]}}, {"type": "Feature", "properties": {"name": "Dublin Administrative Center", "city": "Dublin", "state": "Ohio", "type": "Government Hub"}, "geometry": {"type": "Point", "coordinates": [-83.1449, 40.076]}}, {"type": "Feature", "properties": {"name": "Dublin VA Medical Center", "city": "Dublin", "state": "Ohio", "type": "Government Hub"}, "geometry": {"type": "Point", "coordinates": [-83.1564, 40.0847]}}, {"type": "Feature", "properties": {"name": "Haltom City Civic Center", "city": "Haltom City", "state": "Texas", "type": "Government Hub"}, "geometry": {"type": "Point", "coordinates": [-97.3046, 32.7948]}}, {"type": "Feature", "properties": {"name": "Lompoc State Office Building", "city": "Lompoc", "state": "California", "type": "Government Hub"}, "geometry": {"type": "Point", "coordinates": [-120.4758, 34.6196]}}, {"type": "Feature", "properties": {"name": "Lompoc Government Center", "city": "Lompoc", "state": "California", "type": "Government Hub"}, "geometry": {"type": "Point", "coordinates": [-120.504, 34.6138]}}, {"type": "Feature", "properties": {"name": "El Centro DMV Regional Office", "city": "El Centro", "state": "California", "type": "Government Hub"}, "geometry": {"type": "Point", "coordinates": [-115.6116, 32.8101]}}, {"type": "Feature", "properties": {"name": "El Centro State Office Building", "city": "El Centro", "state": "California", "type": "Government Hub"}, "geometry": {"type": "Point", "coordinates": [-115.5393, 32.783]}}, {"type": "Feature", "properties": {"name": "Danville State Office Building", "city": "Danville", "state": "California", "type": "Government Hub"}, "geometry": {"type": "Point", "coordinates": [-121.9989, 37.8273]}}, {"type": "Feature", "properties": {"name": "Danville VA Medical Center", "city": "Danville", "state": "California", "type": "Government Hub"}, "geometry": {"type": "Point", "coordinates": [-121.9825, 37.8003]}}, {"type": "Feature", "properties": {"name": "Jefferson City VA Medical Center", "city": "Jefferson City", "state": "Missouri", "type": "Government Hub"}, "geometry": {"type": "Point", "coordinates": [-92.1691, 38.5775]}}, {"type": "Feature", "properties": {"name": "Jefferson City Civic Center", "city": "Jefferson City", "state": "Missouri", "type": "Government Hub"}, "geometry": {"type": "Point", "coordinates": [-92.1773, 38.5673]}}, {"type": "Feature", "properties": {"name": "Cutler Bay County Courthouse", "city": "Cutler Bay", "state": "Florida", "type": "Government Hub"}, "geometry": {"type": "Point", "coordinates": [-80.3192, 25.5708]}}, {"type": "Feature", "properties": {"name": "Cutler Bay City Hall", "city": "Cutler Bay", "state": "Florida", "type": "Government Hub"}, "geometry": {"type": "Point", "coordinates": [-80.3173, 25.567]}}, {"type": "Feature", "properties": {"name": "Oakland Park County Courthouse", "city": "Oakland Park", "state": "Florida", "type": "Government Hub"}, "geometry": {"type": "Point", "coordinates": [-80.1696, 26.1762]}}, {"type": "Feature", "properties": {"name": "North Miami Beach Government Center", "city": "North Miami Beach", "state": "Florida", "type": "Government Hub"}, "geometry": {"type": "Point", "coordinates": [-80.1213, 25.9185]}}, {"type": "Feature", "properties": {"name": "Freeport VA Medical Center", "city": "Freeport", "state": "New York", "type": "Government Hub"}, "geometry": {"type": "Point", "coordinates": [-73.544, 40.622]}}, {"type": "Feature", "properties": {"name": "Freeport State Office Building", "city": "Freeport", "state": "New York", "type": "Government Hub"}, "geometry": {"type": "Point", "coordinates": [-73.5711, 40.681]}}, {"type": "Feature", "properties": {"name": "Moline VA Medical Center", "city": "Moline", "state": "Illinois", "type": "Government Hub"}, "geometry": {"type": "Point", "coordinates": [-90.5137, 41.494]}}, {"type": "Feature", "properties": {"name": "Moline State Office Building", "city": "Moline", "state": "Illinois", "type": "Government Hub"}, "geometry": {"type": "Point", "coordinates": [-90.5262, 41.4729]}}, {"type": "Feature", "properties": {"name": "Coachella Federal Building", "city": "Coachella", "state": "California", "type": "Government Hub"}, "geometry": {"type": "Point", "coordinates": [-116.1822, 33.683]}}, {"type": "Feature", "properties": {"name": "Fort Pierce Civic Center", "city": "Fort Pierce", "state": "Florida", "type": "Government Hub"}, "geometry": {"type": "Point", "coordinates": [-80.3429, 27.4257]}}, {"type": "Feature", "properties": {"name": "Smyrna DMV Regional Office", "city": "Smyrna", "state": "Tennessee", "type": "Government Hub"}, "geometry": {"type": "Point", "coordinates": [-86.5131, 36.0095]}}, {"type": "Feature", "properties": {"name": "Bountiful State Office Building", "city": "Bountiful", "state": "Utah", "type": "Government Hub"}, "geometry": {"type": "Point", "coordinates": [-111.8401, 40.8969]}}, {"type": "Feature", "properties": {"name": "Fond du Lac Public Safety Building", "city": "Fond du Lac", "state": "Wisconsin", "type": "Government Hub"}, "geometry": {"type": "Point", "coordinates": [-88.4013, 43.7671]}}, {"type": "Feature", "properties": {"name": "Fond du Lac Government Center", "city": "Fond du Lac", "state": "Wisconsin", "type": "Government Hub"}, "geometry": {"type": "Point", "coordinates": [-88.4108, 43.805]}}, {"type": "Feature", "properties": {"name": "Everett State Office Building", "city": "Everett", "state": "Massachusetts", "type": "Government Hub"}, "geometry": {"type": "Point", "coordinates": [-71.0157, 42.3893]}}, {"type": "Feature", "properties": {"name": "Everett Civic Center", "city": "Everett", "state": "Massachusetts", "type": "Government Hub"}, "geometry": {"type": "Point", "coordinates": [-71.0947, 42.4062]}}, {"type": "Feature", "properties": {"name": "Danville IRS Service Center", "city": "Danville", "state": "Virginia", "type": "Government Hub"}, "geometry": {"type": "Point", "coordinates": [-79.3923, 36.6106]}}, {"type": "Feature", "properties": {"name": "Keller Federal Building", "city": "Keller", "state": "Texas", "type": "Government Hub"}, "geometry": {"type": "Point", "coordinates": [-97.1945, 32.9344]}}, {"type": "Feature", "properties": {"name": "Keller City Hall", "city": "Keller", "state": "Texas", "type": "Government Hub"}, "geometry": {"type": "Point", "coordinates": [-97.2058, 32.9522]}}, {"type": "Feature", "properties": {"name": "Belleville Federal Courthouse", "city": "Belleville", "state": "Illinois", "type": "Government Hub"}, "geometry": {"type": "Point", "coordinates": [-89.938, 38.4897]}}, {"type": "Feature", "properties": {"name": "Belleville IRS Service Center", "city": "Belleville", "state": "Illinois", "type": "Government Hub"}, "geometry": {"type": "Point", "coordinates": [-89.9296, 38.4974]}}, {"type": "Feature", "properties": {"name": "Bell Gardens IRS Service Center", "city": "Bell Gardens", "state": "California", "type": "Government Hub"}, "geometry": {"type": "Point", "coordinates": [-118.1816, 33.9736]}}, {"type": "Feature", "properties": {"name": "Cleveland VA Medical Center", "city": "Cleveland", "state": "Tennessee", "type": "Government Hub"}, "geometry": {"type": "Point", "coordinates": [-84.8774, 35.1347]}}, {"type": "Feature", "properties": {"name": "Cleveland Federal Building", "city": "Cleveland", "state": "Tennessee", "type": "Government Hub"}, "geometry": {"type": "Point", "coordinates": [-84.9214, 35.1675]}}, {"type": "Feature", "properties": {"name": "North Lauderdale VA Medical Center", "city": "North Lauderdale", "state": "Florida", "type": "Government Hub"}, "geometry": {"type": "Point", "coordinates": [-80.193, 26.2069]}}, {"type": "Feature", "properties": {"name": "Fairfield Administrative Center", "city": "Fairfield", "state": "Ohio", "type": "Government Hub"}, "geometry": {"type": "Point", "coordinates": [-84.5142, 39.311]}}, {"type": "Feature", "properties": {"name": "Salem Social Security Office", "city": "Salem", "state": "Massachusetts", "type": "Government Hub"}, "geometry": {"type": "Point", "coordinates": [-70.8846, 42.5494]}}, {"type": "Feature", "properties": {"name": "Rancho Palos Verdes Public Safety Building", "city": "Rancho Palos Verdes", "state": "California", "type": "Government Hub"}, "geometry": {"type": "Point", "coordinates": [-118.3574, 33.7592]}}, {"type": "Feature", "properties": {"name": "Rancho Palos Verdes Federal Building", "city": "Rancho Palos Verdes", "state": "California", "type": "Government Hub"}, "geometry": {"type": "Point", "coordinates": [-118.3442, 33.7471]}}, {"type": "Feature", "properties": {"name": "San Bruno Municipal Center", "city": "San Bruno", "state": "California", "type": "Government Hub"}, "geometry": {"type": "Point", "coordinates": [-122.4342, 37.6587]}}, {"type": "Feature", "properties": {"name": "San Bruno DMV Regional Office", "city": "San Bruno", "state": "California", "type": "Government Hub"}, "geometry": {"type": "Point", "coordinates": [-122.4348, 37.6578]}}, {"type": "Feature", "properties": {"name": "Concord State Office Building", "city": "Concord", "state": "New Hampshire", "type": "Government Hub"}, "geometry": {"type": "Point", "coordinates": [-71.5572, 43.2261]}}, {"type": "Feature", "properties": {"name": "Concord IRS Service Center", "city": "Concord", "state": "New Hampshire", "type": "Government Hub"}, "geometry": {"type": "Point", "coordinates": [-71.5008, 43.2224]}}, {"type": "Feature", "properties": {"name": "Burlington Government Center", "city": "Burlington", "state": "Vermont", "type": "Government Hub"}, "geometry": {"type": "Point", "coordinates": [-73.1748, 44.4678]}}, {"type": "Feature", "properties": {"name": "Apex State Office Building", "city": "Apex", "state": "North Carolina", "type": "Government Hub"}, "geometry": {"type": "Point", "coordinates": [-78.8058, 35.7656]}}, {"type": "Feature", "properties": {"name": "Apex Administrative Center", "city": "Apex", "state": "North Carolina", "type": "Government Hub"}, "geometry": {"type": "Point", "coordinates": [-78.8813, 35.7349]}}, {"type": "Feature", "properties": {"name": "Midland Public Safety Building", "city": "Midland", "state": "Michigan", "type": "Government Hub"}, "geometry": {"type": "Point", "coordinates": [-84.2124, 43.5912]}}, {"type": "Feature", "properties": {"name": "Midland Administrative Center", "city": "Midland", "state": "Michigan", "type": "Government Hub"}, "geometry": {"type": "Point", "coordinates": [-84.2261, 43.5942]}}, {"type": "Feature", "properties": {"name": "Altamonte Springs Municipal Center", "city": "Altamonte Springs", "state": "Florida", "type": "Government Hub"}, "geometry": {"type": "Point", "coordinates": [-81.3509, 28.6944]}}, {"type": "Feature", "properties": {"name": "Hutchinson IRS Service Center", "city": "Hutchinson", "state": "Kansas", "type": "Government Hub"}, "geometry": {"type": "Point", "coordinates": [-97.9681, 38.0767]}}, {"type": "Feature", "properties": {"name": "Hutchinson State Office Building", "city": "Hutchinson", "state": "Kansas", "type": "Government Hub"}, "geometry": {"type": "Point", "coordinates": [-97.9006, 38.027]}}, {"type": "Feature", "properties": {"name": "Buffalo Grove DMV Regional Office", "city": "Buffalo Grove", "state": "Illinois", "type": "Government Hub"}, "geometry": {"type": "Point", "coordinates": [-87.979, 42.1283]}}, {"type": "Feature", "properties": {"name": "Buffalo Grove Public Safety Building", "city": "Buffalo Grove", "state": "Illinois", "type": "Government Hub"}, "geometry": {"type": "Point", "coordinates": [-87.954, 42.2055]}}, {"type": "Feature", "properties": {"name": "Urbandale Post Office", "city": "Urbandale", "state": "Iowa", "type": "Government Hub"}, "geometry": {"type": "Point", "coordinates": [-93.7523, 41.6029]}}, {"type": "Feature", "properties": {"name": "State College Federal Building", "city": "State College", "state": "Pennsylvania", "type": "Government Hub"}, "geometry": {"type": "Point", "coordinates": [-77.9121, 40.8263]}}, {"type": "Feature", "properties": {"name": "State College Civic Center", "city": "State College", "state": "Pennsylvania", "type": "Government Hub"}, "geometry": {"type": "Point", "coordinates": [-77.828, 40.8196]}}, {"type": "Feature", "properties": {"name": "Urbana Post Office", "city": "Urbana", "state": "Illinois", "type": "Government Hub"}, "geometry": {"type": "Point", "coordinates": [-88.1968, 40.1407]}}, {"type": "Feature", "properties": {"name": "Plainfield VA Medical Center", "city": "Plainfield", "state": "Illinois", "type": "Government Hub"}, "geometry": {"type": "Point", "coordinates": [-88.2172, 41.599]}}, {"type": "Feature", "properties": {"name": "Plainfield Social Security Office", "city": "Plainfield", "state": "Illinois", "type": "Government Hub"}, "geometry": {"type": "Point", "coordinates": [-88.222, 41.6718]}}, {"type": "Feature", "properties": {"name": "Manassas Social Security Office", "city": "Manassas", "state": "Virginia", "type": "Government Hub"}, "geometry": {"type": "Point", "coordinates": [-77.4971, 38.7156]}}, {"type": "Feature", "properties": {"name": "Manassas Post Office", "city": "Manassas", "state": "Virginia", "type": "Government Hub"}, "geometry": {"type": "Point", "coordinates": [-77.531, 38.7646]}}, {"type": "Feature", "properties": {"name": "Bartlett State Office Building", "city": "Bartlett", "state": "Illinois", "type": "Government Hub"}, "geometry": {"type": "Point", "coordinates": [-88.2076, 42.0018]}}, {"type": "Feature", "properties": {"name": "Bartlett Civic Center", "city": "Bartlett", "state": "Illinois", "type": "Government Hub"}, "geometry": {"type": "Point", "coordinates": [-88.1531, 42.0281]}}, {"type": "Feature", "properties": {"name": "Kearny Municipal Center", "city": "Kearny", "state": "New Jersey", "type": "Government Hub"}, "geometry": {"type": "Point", "coordinates": [-74.1329, 40.7486]}}, {"type": "Feature", "properties": {"name": "Oro Valley Post Office", "city": "Oro Valley", "state": "Arizona", "type": "Government Hub"}, "geometry": {"type": "Point", "coordinates": [-111.0045, 32.3614]}}, {"type": "Feature", "properties": {"name": "Findlay Public Safety Building", "city": "Findlay", "state": "Ohio", "type": "Government Hub"}, "geometry": {"type": "Point", "coordinates": [-83.6906, 41.0084]}}, {"type": "Feature", "properties": {"name": "Findlay VA Medical Center", "city": "Findlay", "state": "Ohio", "type": "Government Hub"}, "geometry": {"type": "Point", "coordinates": [-83.6503, 41.042]}}, {"type": "Feature", "properties": {"name": "Rohnert Park Post Office", "city": "Rohnert Park", "state": "California", "type": "Government Hub"}, "geometry": {"type": "Point", "coordinates": [-122.739, 38.3225]}}, {"type": "Feature", "properties": {"name": "Rohnert Park Public Safety Building", "city": "Rohnert Park", "state": "California", "type": "Government Hub"}, "geometry": {"type": "Point", "coordinates": [-122.6798, 38.3178]}}, {"type": "Feature", "properties": {"name": "Westfield Civic Center", "city": "Westfield", "state": "Massachusetts", "type": "Government Hub"}, "geometry": {"type": "Point", "coordinates": [-72.7979, 42.1197]}}, {"type": "Feature", "properties": {"name": "Westfield DMV Regional Office", "city": "Westfield", "state": "Massachusetts", "type": "Government Hub"}, "geometry": {"type": "Point", "coordinates": [-72.7691, 42.1548]}}, {"type": "Feature", "properties": {"name": "Linden DMV Regional Office", "city": "Linden", "state": "New Jersey", "type": "Government Hub"}, "geometry": {"type": "Point", "coordinates": [-74.2183, 40.619]}}, {"type": "Feature", "properties": {"name": "Sumter Municipal Center", "city": "Sumter", "state": "South Carolina", "type": "Government Hub"}, "geometry": {"type": "Point", "coordinates": [-80.3689, 33.9325]}}, {"type": "Feature", "properties": {"name": "Wilkes-Barre Federal Building", "city": "Wilkes-Barre", "state": "Pennsylvania", "type": "Government Hub"}, "geometry": {"type": "Point", "coordinates": [-75.8507, 41.2651]}}, {"type": "Feature", "properties": {"name": "Wilkes-Barre Government Center", "city": "Wilkes-Barre", "state": "Pennsylvania", "type": "Government Hub"}, "geometry": {"type": "Point", "coordinates": [-75.9165, 41.2535]}}, {"type": "Feature", "properties": {"name": "Woonsocket Post Office", "city": "Woonsocket", "state": "Rhode Island", "type": "Government Hub"}, "geometry": {"type": "Point", "coordinates": [-71.5156, 41.9836]}}, {"type": "Feature", "properties": {"name": "Leominster Public Safety Building", "city": "Leominster", "state": "Massachusetts", "type": "Government Hub"}, "geometry": {"type": "Point", "coordinates": [-71.7123, 42.5632]}}, {"type": "Feature", "properties": {"name": "Shelton Municipal Center", "city": "Shelton", "state": "Connecticut", "type": "Government Hub"}, "geometry": {"type": "Point", "coordinates": [-73.1256, 41.3326]}}, {"type": "Feature", "properties": {"name": "Brea DMV Regional Office", "city": "Brea", "state": "California", "type": "Government Hub"}, "geometry": {"type": "Point", "coordinates": [-117.9445, 33.9374]}}, {"type": "Feature", "properties": {"name": "Covington DMV Regional Office", "city": "Covington", "state": "Kentucky", "type": "Government Hub"}, "geometry": {"type": "Point", "coordinates": [-84.4676, 39.0852]}}, {"type": "Feature", "properties": {"name": "Covington Post Office", "city": "Covington", "state": "Kentucky", "type": "Government Hub"}, "geometry": {"type": "Point", "coordinates": [-84.5322, 39.0626]}}, {"type": "Feature", "properties": {"name": "Rockwall DMV Regional Office", "city": "Rockwall", "state": "Texas", "type": "Government Hub"}, "geometry": {"type": "Point", "coordinates": [-96.4967, 32.898]}}, {"type": "Feature", "properties": {"name": "Rockwall Public Safety Building", "city": "Rockwall", "state": "Texas", "type": "Government Hub"}, "geometry": {"type": "Point", "coordinates": [-96.4871, 32.9632]}}, {"type": "Feature", "properties": {"name": "Riverton DMV Regional Office", "city": "Riverton", "state": "Utah", "type": "Government Hub"}, "geometry": {"type": "Point", "coordinates": [-111.8942, 40.52]}}, {"type": "Feature", "properties": {"name": "Riverton Public Safety Building", "city": "Riverton", "state": "Utah", "type": "Government Hub"}, "geometry": {"type": "Point", "coordinates": [-111.95, 40.5593]}}, {"type": "Feature", "properties": {"name": "Meridian DMV Regional Office", "city": "Meridian", "state": "Mississippi", "type": "Government Hub"}, "geometry": {"type": "Point", "coordinates": [-88.648, 32.3871]}}, {"type": "Feature", "properties": {"name": "Meridian Public Safety Building", "city": "Meridian", "state": "Mississippi", "type": "Government Hub"}, "geometry": {"type": "Point", "coordinates": [-88.6593, 32.3956]}}, {"type": "Feature", "properties": {"name": "St. Cloud Public Safety Building", "city": "St. Cloud", "state": "Florida", "type": "Government Hub"}, "geometry": {"type": "Point", "coordinates": [-81.3006, 28.2677]}}, {"type": "Feature", "properties": {"name": "St. Cloud Social Security Office", "city": "St. Cloud", "state": "Florida", "type": "Government Hub"}, "geometry": {"type": "Point", "coordinates": [-81.3316, 28.2161]}}, {"type": "Feature", "properties": {"name": "Quincy State Office Building", "city": "Quincy", "state": "Illinois", "type": "Government Hub"}, "geometry": {"type": "Point", "coordinates": [-91.4553, 39.9311]}}, {"type": "Feature", "properties": {"name": "Morgan Hill Public Safety Building", "city": "Morgan Hill", "state": "California", "type": "Government Hub"}, "geometry": {"type": "Point", "coordinates": [-121.6049, 37.1299]}}, {"type": "Feature", "properties": {"name": "Warren VA Medical Center", "city": "Warren", "state": "Ohio", "type": "Government Hub"}, "geometry": {"type": "Point", "coordinates": [-80.8351, 41.2683]}}, {"type": "Feature", "properties": {"name": "Edmonds County Courthouse", "city": "Edmonds", "state": "Washington", "type": "Government Hub"}, "geometry": {"type": "Point", "coordinates": [-122.4275, 47.7909]}}, {"type": "Feature", "properties": {"name": "Edmonds Federal Building", "city": "Edmonds", "state": "Washington", "type": "Government Hub"}, "geometry": {"type": "Point", "coordinates": [-122.3628, 47.8137]}}, {"type": "Feature", "properties": {"name": "Burleson Public Safety Building", "city": "Burleson", "state": "Texas", "type": "Government Hub"}, "geometry": {"type": "Point", "coordinates": [-97.3015, 32.5155]}}, {"type": "Feature", "properties": {"name": "Beverly State Office Building", "city": "Beverly", "state": "Massachusetts", "type": "Government Hub"}, "geometry": {"type": "Point", "coordinates": [-70.8513, 42.5685]}}, {"type": "Feature", "properties": {"name": "Beverly Government Center", "city": "Beverly", "state": "Massachusetts", "type": "Government Hub"}, "geometry": {"type": "Point", "coordinates": [-70.8445, 42.5964]}}, {"type": "Feature", "properties": {"name": "Mankato Municipal Center", "city": "Mankato", "state": "Minnesota", "type": "Government Hub"}, "geometry": {"type": "Point", "coordinates": [-94.0505, 44.1831]}}, {"type": "Feature", "properties": {"name": "Hagerstown IRS Service Center", "city": "Hagerstown", "state": "Maryland", "type": "Government Hub"}, "geometry": {"type": "Point", "coordinates": [-77.7498, 39.6287]}}, {"type": "Feature", "properties": {"name": "Hagerstown Civic Center", "city": "Hagerstown", "state": "Maryland", "type": "Government Hub"}, "geometry": {"type": "Point", "coordinates": [-77.6826, 39.6758]}}, {"type": "Feature", "properties": {"name": "Prescott VA Medical Center", "city": "Prescott", "state": "Arizona", "type": "Government Hub"}, "geometry": {"type": "Point", "coordinates": [-112.472, 34.5529]}}, {"type": "Feature", "properties": {"name": "Prescott DMV Regional Office", "city": "Prescott", "state": "Arizona", "type": "Government Hub"}, "geometry": {"type": "Point", "coordinates": [-112.4207, 34.5419]}}, {"type": "Feature", "properties": {"name": "Campbell State Office Building", "city": "Campbell", "state": "California", "type": "Government Hub"}, "geometry": {"type": "Point", "coordinates": [-121.9586, 37.311]}}, {"type": "Feature", "properties": {"name": "Cedar Falls Federal Building", "city": "Cedar Falls", "state": "Iowa", "type": "Government Hub"}, "geometry": {"type": "Point", "coordinates": [-92.4599, 42.5069]}}, {"type": "Feature", "properties": {"name": "Beaumont Government Center", "city": "Beaumont", "state": "California", "type": "Government Hub"}, "geometry": {"type": "Point", "coordinates": [-116.9957, 33.9063]}}, {"type": "Feature", "properties": {"name": "La Puente Federal Building", "city": "La Puente", "state": "California", "type": "Government Hub"}, "geometry": {"type": "Point", "coordinates": [-117.9509, 34.0304]}}, {"type": "Feature", "properties": {"name": "Crystal Lake IRS Service Center", "city": "Crystal Lake", "state": "Illinois", "type": "Government Hub"}, "geometry": {"type": "Point", "coordinates": [-88.3671, 42.2623]}}, {"type": "Feature", "properties": {"name": "Fitchburg Administrative Center", "city": "Fitchburg", "state": "Massachusetts", "type": "Government Hub"}, "geometry": {"type": "Point", "coordinates": [-71.7701, 42.5582]}}, {"type": "Feature", "properties": {"name": "Carol Stream Government Center", "city": "Carol Stream", "state": "Illinois", "type": "Government Hub"}, "geometry": {"type": "Point", "coordinates": [-88.1398, 41.8786]}}, {"type": "Feature", "properties": {"name": "Carol Stream Social Security Office", "city": "Carol Stream", "state": "Illinois", "type": "Government Hub"}, "geometry": {"type": "Point", "coordinates": [-88.0938, 41.8861]}}, {"type": "Feature", "properties": {"name": "Hickory County Courthouse", "city": "Hickory", "state": "North Carolina", "type": "Government Hub"}, "geometry": {"type": "Point", "coordinates": [-81.3955, 35.7186]}}, {"type": "Feature", "properties": {"name": "Hickory Government Center", "city": "Hickory", "state": "North Carolina", "type": "Government Hub"}, "geometry": {"type": "Point", "coordinates": [-81.3354, 35.7557]}}, {"type": "Feature", "properties": {"name": "Streamwood Public Safety Building", "city": "Streamwood", "state": "Illinois", "type": "Government Hub"}, "geometry": {"type": "Point", "coordinates": [-88.2205, 42.0033]}}, {"type": "Feature", "properties": {"name": "Streamwood Administrative Center", "city": "Streamwood", "state": "Illinois", "type": "Government Hub"}, "geometry": {"type": "Point", "coordinates": [-88.1539, 42.0048]}}, {"type": "Feature", "properties": {"name": "Norwich Public Safety Building", "city": "Norwich", "state": "Connecticut", "type": "Government Hub"}, "geometry": {"type": "Point", "coordinates": [-72.088, 41.5464]}}, {"type": "Feature", "properties": {"name": "Norwich Post Office", "city": "Norwich", "state": "Connecticut", "type": "Government Hub"}, "geometry": {"type": "Point", "coordinates": [-72.0816, 41.4961]}}, {"type": "Feature", "properties": {"name": "Coppell Municipal Center", "city": "Coppell", "state": "Texas", "type": "Government Hub"}, "geometry": {"type": "Point", "coordinates": [-97.0035, 32.993]}}, {"type": "Feature", "properties": {"name": "Coppell Municipal Center", "city": "Coppell", "state": "Texas", "type": "Government Hub"}, "geometry": {"type": "Point", "coordinates": [-97.0159, 32.9719]}}, {"type": "Feature", "properties": {"name": "San Gabriel State Office Building", "city": "San Gabriel", "state": "California", "type": "Government Hub"}, "geometry": {"type": "Point", "coordinates": [-118.1302, 34.0648]}}, {"type": "Feature", "properties": {"name": "Holyoke Post Office", "city": "Holyoke", "state": "Massachusetts", "type": "Government Hub"}, "geometry": {"type": "Point", "coordinates": [-72.6125, 42.2017]}}, {"type": "Feature", "properties": {"name": "Bentonville Post Office", "city": "Bentonville", "state": "Arkansas", "type": "Government Hub"}, "geometry": {"type": "Point", "coordinates": [-94.1776, 36.3619]}}, {"type": "Feature", "properties": {"name": "Peachtree Corners VA Medical Center", "city": "Peachtree Corners", "state": "Georgia", "type": "Government Hub"}, "geometry": {"type": "Point", "coordinates": [-84.2486, 33.974]}}, {"type": "Feature", "properties": {"name": "Peachtree Corners Municipal Center", "city": "Peachtree Corners", "state": "Georgia", "type": "Government Hub"}, "geometry": {"type": "Point", "coordinates": [-84.2414, 33.9664]}}, {"type": "Feature", "properties": {"name": "Florence County Courthouse", "city": "Florence", "state": "Alabama", "type": "Government Hub"}, "geometry": {"type": "Point", "coordinates": [-87.6985, 34.7682]}}, {"type": "Feature", "properties": {"name": "Florence Government Center", "city": "Florence", "state": "Alabama", "type": "Government Hub"}, "geometry": {"type": "Point", "coordinates": [-87.6257, 34.7629]}}, {"type": "Feature", "properties": {"name": "Brentwood State Office Building", "city": "Brentwood", "state": "Tennessee", "type": "Government Hub"}, "geometry": {"type": "Point", "coordinates": [-86.7662, 36.0595]}}, {"type": "Feature", "properties": {"name": "Bozeman Federal Courthouse", "city": "Bozeman", "state": "Montana", "type": "Government Hub"}, "geometry": {"type": "Point", "coordinates": [-111.0499, 45.6969]}}, {"type": "Feature", "properties": {"name": "New Berlin Municipal Center", "city": "New Berlin", "state": "Wisconsin", "type": "Government Hub"}, "geometry": {"type": "Point", "coordinates": [-88.1208, 42.9539]}}, {"type": "Feature", "properties": {"name": "New Berlin State Office Building", "city": "New Berlin", "state": "Wisconsin", "type": "Government Hub"}, "geometry": {"type": "Point", "coordinates": [-88.1382, 42.9736]}}, {"type": "Feature", "properties": {"name": "Goose Creek Public Safety Building", "city": "Goose Creek", "state": "South Carolina", "type": "Government Hub"}, "geometry": {"type": "Point", "coordinates": [-80.0764, 32.9577]}}, {"type": "Feature", "properties": {"name": "Goose Creek Federal Building", "city": "Goose Creek", "state": "South Carolina", "type": "Government Hub"}, "geometry": {"type": "Point", "coordinates": [-80.0067, 32.9723]}}, {"type": "Feature", "properties": {"name": "Huntsville Federal Building", "city": "Huntsville", "state": "Texas", "type": "Government Hub"}, "geometry": {"type": "Point", "coordinates": [-95.5037, 30.7014]}}, {"type": "Feature", "properties": {"name": "Huntsville Social Security Office", "city": "Huntsville", "state": "Texas", "type": "Government Hub"}, "geometry": {"type": "Point", "coordinates": [-95.4958, 30.7522]}}, {"type": "Feature", "properties": {"name": "Prescott Valley VA Medical Center", "city": "Prescott Valley", "state": "Arizona", "type": "Government Hub"}, "geometry": {"type": "Point", "coordinates": [-112.3429, 34.6404]}}, {"type": "Feature", "properties": {"name": "Maplewood Federal Building", "city": "Maplewood", "state": "Minnesota", "type": "Government Hub"}, "geometry": {"type": "Point", "coordinates": [-93.0056, 44.9887]}}, {"type": "Feature", "properties": {"name": "Romeoville DMV Regional Office", "city": "Romeoville", "state": "Illinois", "type": "Government Hub"}, "geometry": {"type": "Point", "coordinates": [-88.0497, 41.6351]}}, {"type": "Feature", "properties": {"name": "Romeoville DMV Regional Office", "city": "Romeoville", "state": "Illinois", "type": "Government Hub"}, "geometry": {"type": "Point", "coordinates": [-88.1225, 41.6232]}}, {"type": "Feature", "properties": {"name": "Duncanville Public Safety Building", "city": "Duncanville", "state": "Texas", "type": "Government Hub"}, "geometry": {"type": "Point", "coordinates": [-96.9422, 32.6199]}}, {"type": "Feature", "properties": {"name": "Atlantic City Post Office", "city": "Atlantic City", "state": "New Jersey", "type": "Government Hub"}, "geometry": {"type": "Point", "coordinates": [-74.4568, 39.3667]}}, {"type": "Feature", "properties": {"name": "Atlantic City IRS Service Center", "city": "Atlantic City", "state": "New Jersey", "type": "Government Hub"}, "geometry": {"type": "Point", "coordinates": [-74.4633, 39.3749]}}, {"type": "Feature", "properties": {"name": "Clovis Public Safety Building", "city": "Clovis", "state": "New Mexico", "type": "Government Hub"}, "geometry": {"type": "Point", "coordinates": [-103.2283, 34.4029]}}, {"type": "Feature", "properties": {"name": "Clovis Municipal Center", "city": "Clovis", "state": "New Mexico", "type": "Government Hub"}, "geometry": {"type": "Point", "coordinates": [-103.204, 34.3761]}}, {"type": "Feature", "properties": {"name": "The Colony Post Office", "city": "The Colony", "state": "Texas", "type": "Government Hub"}, "geometry": {"type": "Point", "coordinates": [-96.8513, 33.094]}}, {"type": "Feature", "properties": {"name": "Culver City Civic Center", "city": "Culver City", "state": "California", "type": "Government Hub"}, "geometry": {"type": "Point", "coordinates": [-118.4402, 34.0073]}}, {"type": "Feature", "properties": {"name": "Marlborough County Courthouse", "city": "Marlborough", "state": "Massachusetts", "type": "Government Hub"}, "geometry": {"type": "Point", "coordinates": [-71.5983, 42.379]}}, {"type": "Feature", "properties": {"name": "Hilton Head Island Federal Building", "city": "Hilton Head Island", "state": "South Carolina", "type": "Government Hub"}, "geometry": {"type": "Point", "coordinates": [-80.7659, 32.212]}}, {"type": "Feature", "properties": {"name": "Hilton Head Island DMV Regional Office", "city": "Hilton Head Island", "state": "South Carolina", "type": "Government Hub"}, "geometry": {"type": "Point", "coordinates": [-80.7268, 32.1867]}}, {"type": "Feature", "properties": {"name": "Moorhead City Hall", "city": "Moorhead", "state": "Minnesota", "type": "Government Hub"}, "geometry": {"type": "Point", "coordinates": [-96.8219, 46.8363]}}, {"type": "Feature", "properties": {"name": "Moorhead Post Office", "city": "Moorhead", "state": "Minnesota", "type": "Government Hub"}, "geometry": {"type": "Point", "coordinates": [-96.8132, 46.8541]}}, {"type": "Feature", "properties": {"name": "Calexico VA Medical Center", "city": "Calexico", "state": "California", "type": "Government Hub"}, "geometry": {"type": "Point", "coordinates": [-115.5501, 32.685]}}, {"type": "Feature", "properties": {"name": "Calexico DMV Regional Office", "city": "Calexico", "state": "California", "type": "Government Hub"}, "geometry": {"type": "Point", "coordinates": [-115.505, 32.6633]}}, {"type": "Feature", "properties": {"name": "Bullhead City Civic Center", "city": "Bullhead City", "state": "Arizona", "type": "Government Hub"}, "geometry": {"type": "Point", "coordinates": [-114.5034, 35.1365]}}, {"type": "Feature", "properties": {"name": "Germantown Federal Courthouse", "city": "Germantown", "state": "Tennessee", "type": "Government Hub"}, "geometry": {"type": "Point", "coordinates": [-89.8144, 35.1005]}}, {"type": "Feature", "properties": {"name": "La Quinta IRS Service Center", "city": "La Quinta", "state": "California", "type": "Government Hub"}, "geometry": {"type": "Point", "coordinates": [-116.3616, 33.6951]}}, {"type": "Feature", "properties": {"name": "La Quinta State Office Building", "city": "La Quinta", "state": "California", "type": "Government Hub"}, "geometry": {"type": "Point", "coordinates": [-116.2549, 33.6985]}}, {"type": "Feature", "properties": {"name": "Lancaster Civic Center", "city": "Lancaster", "state": "Ohio", "type": "Government Hub"}, "geometry": {"type": "Point", "coordinates": [-82.6003, 39.7091]}}, {"type": "Feature", "properties": {"name": "Lancaster Social Security Office", "city": "Lancaster", "state": "Ohio", "type": "Government Hub"}, "geometry": {"type": "Point", "coordinates": [-82.6183, 39.7369]}}, {"type": "Feature", "properties": {"name": "Wausau DMV Regional Office", "city": "Wausau", "state": "Wisconsin", "type": "Government Hub"}, "geometry": {"type": "Point", "coordinates": [-89.5848, 44.987]}}, {"type": "Feature", "properties": {"name": "Sherman County Courthouse", "city": "Sherman", "state": "Texas", "type": "Government Hub"}, "geometry": {"type": "Point", "coordinates": [-96.5841, 33.6417]}}, {"type": "Feature", "properties": {"name": "Sherman Civic Center", "city": "Sherman", "state": "Texas", "type": "Government Hub"}, "geometry": {"type": "Point", "coordinates": [-96.6081, 33.6547]}}, {"type": "Feature", "properties": {"name": "Ocoee Administrative Center", "city": "Ocoee", "state": "Florida", "type": "Government Hub"}, "geometry": {"type": "Point", "coordinates": [-81.5942, 28.5695]}}, {"type": "Feature", "properties": {"name": "Ocoee Administrative Center", "city": "Ocoee", "state": "Florida", "type": "Government Hub"}, "geometry": {"type": "Point", "coordinates": [-81.539, 28.5423]}}, {"type": "Feature", "properties": {"name": "Shakopee IRS Service Center", "city": "Shakopee", "state": "Minnesota", "type": "Government Hub"}, "geometry": {"type": "Point", "coordinates": [-93.4918, 44.8201]}}, {"type": "Feature", "properties": {"name": "Woburn County Courthouse", "city": "Woburn", "state": "Massachusetts", "type": "Government Hub"}, "geometry": {"type": "Point", "coordinates": [-71.1227, 42.5163]}}, {"type": "Feature", "properties": {"name": "Bremerton Public Safety Building", "city": "Bremerton", "state": "Washington", "type": "Government Hub"}, "geometry": {"type": "Point", "coordinates": [-122.6131, 47.582]}}, {"type": "Feature", "properties": {"name": "Bremerton State Office Building", "city": "Bremerton", "state": "Washington", "type": "Government Hub"}, "geometry": {"type": "Point", "coordinates": [-122.6268, 47.5372]}}, {"type": "Feature", "properties": {"name": "Rock Island Public Safety Building", "city": "Rock Island", "state": "Illinois", "type": "Government Hub"}, "geometry": {"type": "Point", "coordinates": [-90.5739, 41.4832]}}, {"type": "Feature", "properties": {"name": "Rock Island Federal Building", "city": "Rock Island", "state": "Illinois", "type": "Government Hub"}, "geometry": {"type": "Point", "coordinates": [-90.5714, 41.4945]}}, {"type": "Feature", "properties": {"name": "Muskogee Post Office", "city": "Muskogee", "state": "Oklahoma", "type": "Government Hub"}, "geometry": {"type": "Point", "coordinates": [-95.3768, 35.7187]}}, {"type": "Feature", "properties": {"name": "Muskogee City Hall", "city": "Muskogee", "state": "Oklahoma", "type": "Government Hub"}, "geometry": {"type": "Point", "coordinates": [-95.4252, 35.763]}}, {"type": "Feature", "properties": {"name": "Cape Girardeau Federal Courthouse", "city": "Cape Girardeau", "state": "Missouri", "type": "Government Hub"}, "geometry": {"type": "Point", "coordinates": [-89.529, 37.3304]}}, {"type": "Feature", "properties": {"name": "Cape Girardeau Social Security Office", "city": "Cape Girardeau", "state": "Missouri", "type": "Government Hub"}, "geometry": {"type": "Point", "coordinates": [-89.5467, 37.3177]}}, {"type": "Feature", "properties": {"name": "Annapolis Public Safety Building", "city": "Annapolis", "state": "Maryland", "type": "Government Hub"}, "geometry": {"type": "Point", "coordinates": [-76.4803, 38.9579]}}, {"type": "Feature", "properties": {"name": "Greenacres VA Medical Center", "city": "Greenacres", "state": "Florida", "type": "Government Hub"}, "geometry": {"type": "Point", "coordinates": [-80.1829, 26.6316]}}, {"type": "Feature", "properties": {"name": "Ormond Beach State Office Building", "city": "Ormond Beach", "state": "Florida", "type": "Government Hub"}, "geometry": {"type": "Point", "coordinates": [-81.0825, 29.3135]}}, {"type": "Feature", "properties": {"name": "Hallandale Beach Federal Building", "city": "Hallandale Beach", "state": "Florida", "type": "Government Hub"}, "geometry": {"type": "Point", "coordinates": [-80.1132, 26.0126]}}, {"type": "Feature", "properties": {"name": "Stanton Municipal Center", "city": "Stanton", "state": "California", "type": "Government Hub"}, "geometry": {"type": "Point", "coordinates": [-117.9401, 33.8176]}}, {"type": "Feature", "properties": {"name": "Stanton County Courthouse", "city": "Stanton", "state": "California", "type": "Government Hub"}, "geometry": {"type": "Point", "coordinates": [-117.946, 33.8381]}}, {"type": "Feature", "properties": {"name": "Puyallup Government Center", "city": "Puyallup", "state": "Washington", "type": "Government Hub"}, "geometry": {"type": "Point", "coordinates": [-122.2468, 47.2191]}}, {"type": "Feature", "properties": {"name": "Pacifica Post Office", "city": "Pacifica", "state": "California", "type": "Government Hub"}, "geometry": {"type": "Point", "coordinates": [-122.4796, 37.6323]}}, {"type": "Feature", "properties": {"name": "Hanover Park IRS Service Center", "city": "Hanover Park", "state": "Illinois", "type": "Government Hub"}, "geometry": {"type": "Point", "coordinates": [-88.1041, 42.0359]}}, {"type": "Feature", "properties": {"name": "Hurst Administrative Center", "city": "Hurst", "state": "Texas", "type": "Government Hub"}, "geometry": {"type": "Point", "coordinates": [-97.2208, 32.8626]}}, {"type": "Feature", "properties": {"name": "Hurst Social Security Office", "city": "Hurst", "state": "Texas", "type": "Government Hub"}, "geometry": {"type": "Point", "coordinates": [-97.2148, 32.8381]}}, {"type": "Feature", "properties": {"name": "Lima Public Safety Building", "city": "Lima", "state": "Ohio", "type": "Government Hub"}, "geometry": {"type": "Point", "coordinates": [-84.0912, 40.7724]}}, {"type": "Feature", "properties": {"name": "Marana DMV Regional Office", "city": "Marana", "state": "Arizona", "type": "Government Hub"}, "geometry": {"type": "Point", "coordinates": [-111.2255, 32.4256]}}, {"type": "Feature", "properties": {"name": "Carpentersville Public Safety Building", "city": "Carpentersville", "state": "Illinois", "type": "Government Hub"}, "geometry": {"type": "Point", "coordinates": [-88.2143, 42.1004]}}, {"type": "Feature", "properties": {"name": "Carpentersville City Hall", "city": "Carpentersville", "state": "Illinois", "type": "Government Hub"}, "geometry": {"type": "Point", "coordinates": [-88.3054, 42.1082]}}, {"type": "Feature", "properties": {"name": "Oakley County Courthouse", "city": "Oakley", "state": "California", "type": "Government Hub"}, "geometry": {"type": "Point", "coordinates": [-121.6999, 38.0328]}}, {"type": "Feature", "properties": {"name": "Oakley Social Security Office", "city": "Oakley", "state": "California", "type": "Government Hub"}, "geometry": {"type": "Point", "coordinates": [-121.7537, 38.0127]}}, {"type": "Feature", "properties": {"name": "Huber Heights Municipal Center", "city": "Huber Heights", "state": "Ohio", "type": "Government Hub"}, "geometry": {"type": "Point", "coordinates": [-84.1334, 39.8764]}}, {"type": "Feature", "properties": {"name": "Huber Heights Municipal Center", "city": "Huber Heights", "state": "Ohio", "type": "Government Hub"}, "geometry": {"type": "Point", "coordinates": [-84.1396, 39.8353]}}, {"type": "Feature", "properties": {"name": "Lancaster IRS Service Center", "city": "Lancaster", "state": "Texas", "type": "Government Hub"}, "geometry": {"type": "Point", "coordinates": [-96.7174, 32.6217]}}, {"type": "Feature", "properties": {"name": "Montclair Post Office", "city": "Montclair", "state": "California", "type": "Government Hub"}, "geometry": {"type": "Point", "coordinates": [-117.667, 34.0775]}}, {"type": "Feature", "properties": {"name": "Montclair City Hall", "city": "Montclair", "state": "California", "type": "Government Hub"}, "geometry": {"type": "Point", "coordinates": [-117.7299, 34.0809]}}, {"type": "Feature", "properties": {"name": "Wheeling Public Safety Building", "city": "Wheeling", "state": "Illinois", "type": "Government Hub"}, "geometry": {"type": "Point", "coordinates": [-87.8906, 42.1152]}}, {"type": "Feature", "properties": {"name": "Brookfield Social Security Office", "city": "Brookfield", "state": "Wisconsin", "type": "Government Hub"}, "geometry": {"type": "Point", "coordinates": [-88.0986, 43.0364]}}, {"type": "Feature", "properties": {"name": "Brookfield VA Medical Center", "city": "Brookfield", "state": "Wisconsin", "type": "Government Hub"}, "geometry": {"type": "Point", "coordinates": [-88.1364, 43.0246]}}, {"type": "Feature", "properties": {"name": "Park Ridge Social Security Office", "city": "Park Ridge", "state": "Illinois", "type": "Government Hub"}, "geometry": {"type": "Point", "coordinates": [-87.7872, 41.9918]}}, {"type": "Feature", "properties": {"name": "Park Ridge Administrative Center", "city": "Park Ridge", "state": "Illinois", "type": "Government Hub"}, "geometry": {"type": "Point", "coordinates": [-87.8057, 41.9836]}}, {"type": "Feature", "properties": {"name": "Florence Government Center", "city": "Florence", "state": "South Carolina", "type": "Government Hub"}, "geometry": {"type": "Point", "coordinates": [-79.7798, 34.161]}}, {"type": "Feature", "properties": {"name": "Roy Municipal Center", "city": "Roy", "state": "Utah", "type": "Government Hub"}, "geometry": {"type": "Point", "coordinates": [-112.0234, 41.1259]}}, {"type": "Feature", "properties": {"name": "Roy Government Center", "city": "Roy", "state": "Utah", "type": "Government Hub"}, "geometry": {"type": "Point", "coordinates": [-112.0587, 41.1328]}}, {"type": "Feature", "properties": {"name": "Winter Garden Government Center", "city": "Winter Garden", "state": "Florida", "type": "Government Hub"}, "geometry": {"type": "Point", "coordinates": [-81.5536, 28.5691]}}, {"type": "Feature", "properties": {"name": "Winter Garden Post Office", "city": "Winter Garden", "state": "Florida", "type": "Government Hub"}, "geometry": {"type": "Point", "coordinates": [-81.6129, 28.588]}}, {"type": "Feature", "properties": {"name": "Chelsea Municipal Center", "city": "Chelsea", "state": "Massachusetts", "type": "Government Hub"}, "geometry": {"type": "Point", "coordinates": [-71.0096, 42.3848]}}, {"type": "Feature", "properties": {"name": "Valley Stream Federal Courthouse", "city": "Valley Stream", "state": "New York", "type": "Government Hub"}, "geometry": {"type": "Point", "coordinates": [-73.7242, 40.6808]}}, {"type": "Feature", "properties": {"name": "Spartanburg City Hall", "city": "Spartanburg", "state": "South Carolina", "type": "Government Hub"}, "geometry": {"type": "Point", "coordinates": [-81.9279, 34.9715]}}, {"type": "Feature", "properties": {"name": "Lake Oswego Post Office", "city": "Lake Oswego", "state": "Oregon", "type": "Government Hub"}, "geometry": {"type": "Point", "coordinates": [-122.631, 45.4019]}}, {"type": "Feature", "properties": {"name": "Friendswood VA Medical Center", "city": "Friendswood", "state": "Texas", "type": "Government Hub"}, "geometry": {"type": "Point", "coordinates": [-95.1852, 29.5615]}}, {"type": "Feature", "properties": {"name": "Westerville Public Safety Building", "city": "Westerville", "state": "Ohio", "type": "Government Hub"}, "geometry": {"type": "Point", "coordinates": [-82.9232, 40.118]}}, {"type": "Feature", "properties": {"name": "Northglenn Administrative Center", "city": "Northglenn", "state": "Colorado", "type": "Government Hub"}, "geometry": {"type": "Point", "coordinates": [-105.0285, 39.9344]}}, {"type": "Feature", "properties": {"name": "Phenix City City Hall", "city": "Phenix City", "state": "Alabama", "type": "Government Hub"}, "geometry": {"type": "Point", "coordinates": [-85.0471, 32.4373]}}, {"type": "Feature", "properties": {"name": "Grove City Federal Courthouse", "city": "Grove City", "state": "Ohio", "type": "Government Hub"}, "geometry": {"type": "Point", "coordinates": [-83.0762, 39.9133]}}, {"type": "Feature", "properties": {"name": "Texarkana IRS Service Center", "city": "Texarkana", "state": "Texas", "type": "Government Hub"}, "geometry": {"type": "Point", "coordinates": [-94.032, 33.4085]}}, {"type": "Feature", "properties": {"name": "Addison Post Office", "city": "Addison", "state": "Illinois", "type": "Government Hub"}, "geometry": {"type": "Point", "coordinates": [-87.9513, 41.9161]}}, {"type": "Feature", "properties": {"name": "Addison Federal Courthouse", "city": "Addison", "state": "Illinois", "type": "Government Hub"}, "geometry": {"type": "Point", "coordinates": [-88.028, 41.924]}}, {"type": "Feature", "properties": {"name": "Dover Administrative Center", "city": "Dover", "state": "Delaware", "type": "Government Hub"}, "geometry": {"type": "Point", "coordinates": [-75.5681, 39.1664]}}, {"type": "Feature", "properties": {"name": "Dover Federal Courthouse", "city": "Dover", "state": "Delaware", "type": "Government Hub"}, "geometry": {"type": "Point", "coordinates": [-75.539, 39.1376]}}, {"type": "Feature", "properties": {"name": "Lincoln Park Public Safety Building", "city": "Lincoln Park", "state": "Michigan", "type": "Government Hub"}, "geometry": {"type": "Point", "coordinates": [-83.2259, 42.2213]}}, {"type": "Feature", "properties": {"name": "Calumet City Civic Center", "city": "Calumet City", "state": "Illinois", "type": "Government Hub"}, "geometry": {"type": "Point", "coordinates": [-87.4898, 41.6065]}}, {"type": "Feature", "properties": {"name": "Calumet City Civic Center", "city": "Calumet City", "state": "Illinois", "type": "Government Hub"}, "geometry": {"type": "Point", "coordinates": [-87.5188, 41.6117]}}, {"type": "Feature", "properties": {"name": "Muskegon Municipal Center", "city": "Muskegon", "state": "Michigan", "type": "Government Hub"}, "geometry": {"type": "Point", "coordinates": [-86.2059, 43.2063]}}, {"type": "Feature", "properties": {"name": "Aventura Federal Courthouse", "city": "Aventura", "state": "Florida", "type": "Government Hub"}, "geometry": {"type": "Point", "coordinates": [-80.1376, 25.9893]}}, {"type": "Feature", "properties": {"name": "Aventura Government Center", "city": "Aventura", "state": "Florida", "type": "Government Hub"}, "geometry": {"type": "Point", "coordinates": [-80.1696, 25.9489]}}, {"type": "Feature", "properties": {"name": "Martinez Municipal Center", "city": "Martinez", "state": "California", "type": "Government Hub"}, "geometry": {"type": "Point", "coordinates": [-122.1241, 38.0515]}}, {"type": "Feature", "properties": {"name": "Greenfield VA Medical Center", "city": "Greenfield", "state": "Wisconsin", "type": "Government Hub"}, "geometry": {"type": "Point", "coordinates": [-87.9995, 42.9397]}}, {"type": "Feature", "properties": {"name": "Greenfield State Office Building", "city": "Greenfield", "state": "Wisconsin", "type": "Government Hub"}, "geometry": {"type": "Point", "coordinates": [-88.0655, 43.0013]}}, {"type": "Feature", "properties": {"name": "Apache Junction Administrative Center", "city": "Apache Junction", "state": "Arizona", "type": "Government Hub"}, "geometry": {"type": "Point", "coordinates": [-111.5309, 33.4104]}}, {"type": "Feature", "properties": {"name": "Monrovia Government Center", "city": "Monrovia", "state": "California", "type": "Government Hub"}, "geometry": {"type": "Point", "coordinates": [-118.0004, 34.1072]}}, {"type": "Feature", "properties": {"name": "Weslaco City Hall", "city": "Weslaco", "state": "Texas", "type": "Government Hub"}, "geometry": {"type": "Point", "coordinates": [-97.9817, 26.187]}}, {"type": "Feature", "properties": {"name": "Keizer Federal Building", "city": "Keizer", "state": "Oregon", "type": "Government Hub"}, "geometry": {"type": "Point", "coordinates": [-123.0522, 44.9637]}}, {"type": "Feature", "properties": {"name": "Spanish Fork Public Safety Building", "city": "Spanish Fork", "state": "Utah", "type": "Government Hub"}, "geometry": {"type": "Point", "coordinates": [-111.6239, 40.148]}}, {"type": "Feature", "properties": {"name": "Spanish Fork Civic Center", "city": "Spanish Fork", "state": "Utah", "type": "Government Hub"}, "geometry": {"type": "Point", "coordinates": [-111.6768, 40.135]}}, {"type": "Feature", "properties": {"name": "Beloit Federal Building", "city": "Beloit", "state": "Wisconsin", "type": "Government Hub"}, "geometry": {"type": "Point", "coordinates": [-89.0229, 42.5004]}}, {"type": "Feature", "properties": {"name": "Panama City VA Medical Center", "city": "Panama City", "state": "Florida", "type": "Government Hub"}, "geometry": {"type": "Point", "coordinates": [-85.6143, 30.1662]}}, {"type": "Feature", "properties": {"name": "Panama City State Office Building", "city": "Panama City", "state": "Florida", "type": "Government Hub"}, "geometry": {"type": "Point", "coordinates": [-85.6271, 30.1561]}}]}