{"type":"FeatureCollection","features":[{"type":"Feature","geometry":{"type":"Polygon","coordinates":[[[-86.968804,35.527821],[-86.881655,35.524305],[-86.795367,35.513794],[-86.710793,35.496389],[-86.628769,35.472265],[-86.5501,35.441658],[-86.475559,35.404871],[-86.405874,35.362267],[-86.341722,35.314264],[-86.283722,35.261333],[-86.232431,35.203995],[-86.188334,35.142809],[-86.151846,35.078373],[-86.123304,35.011313],[-86.102964,34.942283],[-86.091004,34.87195],[-86.087516,34.800994],[-86.092513,34.730099],[-86.105925,34.659946],[-86.127602,34.591209],[-86.157317,34.524545],[-86.194767,34.46059],[-86.239579,34.399953],[-86.291311,34.343211],[-86.34946,34.2909],[-86.413463,34.243517],[-86.482709,34.201508],[-86.556535,34.16527],[-86.634241,34.135145],[-86.715093,34.111416],[-86.798328,34.094305],[-86.883164,34.083974],[-86.968804,34.080519],[-87.054444,34.083974],[-87.13928,34.094305],[-87.222515,34.111416],[-87.303367,34.135145],[-87.381074,34.16527],[-87.4549,34.201508],[-87.524145,34.243517],[-87.588149,34.2909],[-87.646297,34.343211],[-87.698029,34.399953],[-87.742841,34.46059],[-87.780291,34.524545],[-87.810006,34.591209],[-87.831683,34.659946],[-87.845095,34.730099],[-87.850092,34.800994],[-87.846604,34.87195],[-87.834644,34.942283],[-87.814304,35.011313],[-87.785762,35.078373],[-87.749274,35.142809],[-87.705178,35.203995],[-87.653886,35.261333],[-87.595886,35.314264],[-87.531734,35.362267],[-87.462049,35.404871],[-87.387508,35.441658],[-87.308839,35.472265],[-87.226815,35.496389],[-87.142241,35.513794],[-87.055954,35.524305],[-86.968804,35.527821]]]},"properties":{"siteId":"12954","propertyType":"PSI Authorized","category":"3P"}},{"type":"Feature","geometry":{"type":"Polygon","coordinates":[[[-86.888448,34.173068],[-86.802722,34.169554],[-86.717842,34.159046],[-86.634646,34.141649],[-86.553955,34.117535],[-86.47656,34.08694],[-86.403222,34.050167],[-86.334655,34.007577],[-86.271526,33.95959],[-86.214444,33.906675],[-86.163957,33.849351],[-86.120543,33.788179],[-86.084611,33.723755],[-86.056494,33.656705],[-86.036444,33.587682],[-86.024638,33.517353],[-86.021169,33.446398],[-86.02605,33.375501],[-86.039213,33.305344],[-86.060514,33.236599],[-86.089728,33.169925],[-86.12656,33.105958],[-86.170642,33.045308],[-86.221542,32.98855],[-86.278763,32.936224],[-86.341753,32.888826],[-86.409908,32.846802],[-86.482578,32.810551],[-86.559072,32.780414],[-86.638667,32.756675],[-86.720611,32.739557],[-86.804134,32.729222],[-86.888448,32.725766],[-86.972763,32.729222],[-87.056285,32.739557],[-87.138229,32.756675],[-87.217824,32.780414],[-87.294318,32.810551],[-87.366988,32.846802],[-87.435143,32.888826],[-87.498133,32.936224],[-87.555355,32.98855],[-87.606254,33.045308],[-87.650337,33.105958],[-87.687168,33.169925],[-87.716383,33.236599],[-87.737683,33.305344],[-87.750846,33.375501],[-87.755727,33.446398],[-87.752258,33.517353],[-87.740452,33.587682],[-87.720403,33.656705],[-87.692285,33.723755],[-87.656353,33.788179],[-87.61294,33.849351],[-87.562452,33.906675],[-87.50537,33.95959],[-87.442241,34.007577],[-87.373674,34.050167],[-87.300336,34.08694],[-87.222942,34.117535],[-87.14225,34.141649],[-87.059054,34.159046],[-86.974175,34.169554],[-86.888448,34.173068]]]},"properties":{"siteId":"5188","propertyType":"PSI Authorized","category":"3P"}},{"type":"Feature","geometry":{"type":"Polygon","coordinates":[[[-87.052332,35.339434],[-86.965387,35.335918],[-86.8793,35.325407],[-86.794924,35.308004],[-86.71309,35.283881],[-86.634604,35.253276],[-86.560235,35.216491],[-86.49071,35.173888],[-86.426704,35.125887],[-86.368836,35.072959],[-86.317659,35.015623],[-86.27366,34.954439],[-86.237252,34.890004],[-86.208771,34.822947],[-86.188473,34.753917],[-86.176534,34.683584],[-86.173049,34.612628],[-86.17803,34.541733],[-86.191406,34.47158],[-86.213029,34.402842],[-86.242672,34.336176],[-86.280034,34.27222],[-86.324741,34.211581],[-86.376354,34.154836],[-86.43437,34.102524],[-86.498229,34.055138],[-86.567318,34.013127],[-86.640979,33.976888],[-86.718512,33.946761],[-86.799184,33.92303],[-86.882234,33.905918],[-86.966882,33.895587],[-87.052332,33.892132],[-87.137783,33.895587],[-87.222431,33.905918],[-87.305481,33.92303],[-87.386153,33.946761],[-87.463686,33.976888],[-87.537347,34.013127],[-87.606436,34.055138],[-87.670295,34.102524],[-87.728311,34.154836],[-87.779924,34.211581],[-87.824631,34.27222],[-87.861993,34.336176],[-87.891636,34.402842],[-87.913259,34.47158],[-87.926635,34.541733],[-87.931616,34.612628],[-87.928131,34.683584],[-87.916192,34.753917],[-87.895894,34.822947],[-87.867413,34.890004],[-87.831005,34.954439],[-87.787006,35.015623],[-87.735829,35.072959],[-87.677961,35.125887],[-87.613955,35.173888],[-87.54443,35.216491],[-87.470061,35.253276],[-87.391575,35.283881],[-87.309741,35.308004],[-87.225365,35.325407],[-87.139278,35.335918],[-87.052332,35.339434]]]},"properties":{"siteId":"6184","propertyType":"MG TESTING","category":"3P"}},{"type":"Feature","geometry":{"type":"Polygon","coordinates":[[[-85.429335,31.976872],[-85.345722,31.97336],[-85.262933,31.96286],[-85.181784,31.945475],[-85.103072,31.921376],[-85.027571,31.8908],[-84.956018,31.854048],[-84.889113,31.811482],[-84.827503,31.763519],[-84.771784,31.710628],[-84.722491,31.653327],[-84.680092,31.592176],[-84.644985,31.52777],[-84.617498,31.460736],[-84.597879,31.391723],[-84.586302,31.321401],[-84.58286,31.250448],[-84.587568,31.179548],[-84.600362,31.109384],[-84.621102,31.040628],[-84.649573,30.973938],[-84.685486,30.909952],[-84.728485,30.84928],[-84.778148,30.7925],[-84.833992,30.74015],[-84.895477,30.692728],[-84.962013,30.650682],[-85.032966,30.61441],[-85.107661,30.584254],[-85.185389,30.5605],[-85.265417,30.543371],[-85.346988,30.533029],[-85.429335,30.52957],[-85.511682,30.533029],[-85.593253,30.543371],[-85.673281,30.5605],[-85.751009,30.584254],[-85.825703,30.61441],[-85.896656,30.650682],[-85.963193,30.692728],[-86.024678,30.74015],[-86.080522,30.7925],[-86.130184,30.84928],[-86.173184,30.909952],[-86.209097,30.973938],[-86.237568,31.040628],[-86.258308,31.109384],[-86.271102,31.179548],[-86.27581,31.250448],[-86.272368,31.321401],[-86.26079,31.391723],[-86.241172,31.460736],[-86.213685,31.52777],[-86.178578,31.592176],[-86.136179,31.653327],[-86.086885,31.710628],[-86.031167,31.763519],[-85.969557,31.811482],[-85.902651,31.854048],[-85.831099,31.8908],[-85.755597,31.921376],[-85.676886,31.945475],[-85.595737,31.96286],[-85.512948,31.97336],[-85.429335,31.976872]]]},"properties":{"siteId":"6598","propertyType":"PSI Authorized","category":"3P"}},{"type":"Feature","geometry":{"type":"Polygon","coordinates":[[[-86.65663,35.466897],[-86.569547,35.463381],[-86.483324,35.452869],[-86.398815,35.435466],[-86.316852,35.411341],[-86.238243,35.380735],[-86.163758,35.343949],[-86.094124,35.301345],[-86.03002,35.253343],[-85.972062,35.200413],[-85.920808,35.143075],[-85.876743,35.08189],[-85.840281,35.017454],[-85.811759,34.950396],[-85.791433,34.881365],[-85.779479,34.811032],[-85.775993,34.740076],[-85.780984,34.669181],[-85.794384,34.599029],[-85.816044,34.530291],[-85.845736,34.463627],[-85.883157,34.399671],[-85.927935,34.339034],[-85.979628,34.28229],[-86.037734,34.229979],[-86.101691,34.182595],[-86.170885,34.140586],[-86.244658,34.104347],[-86.322308,34.074222],[-86.403101,34.050492],[-86.486277,34.033381],[-86.571052,34.023049],[-86.65663,34.019595],[-86.742208,34.023049],[-86.826983,34.033381],[-86.910159,34.050492],[-86.990952,34.074222],[-87.068603,34.104347],[-87.142375,34.140586],[-87.211569,34.182595],[-87.275526,34.229979],[-87.333632,34.28229],[-87.385325,34.339034],[-87.430103,34.399671],[-87.467524,34.463627],[-87.497216,34.530291],[-87.518876,34.599029],[-87.532276,34.669181],[-87.537268,34.740076],[-87.533781,34.811032],[-87.521827,34.881365],[-87.501501,34.950396],[-87.472979,35.017454],[-87.436517,35.08189],[-87.392452,35.143075],[-87.341198,35.200413],[-87.283241,35.253343],[-87.219136,35.301345],[-87.149503,35.343949],[-87.075017,35.380735],[-86.996408,35.411341],[-86.914445,35.435466],[-86.829936,35.452869],[-86.743714,35.463381],[-86.65663,35.466897]]]},"properties":{"siteId":"41","propertyType":"PSI Owned","category":"OO"}},{"type":"Feature","geometry":{"type":"Polygon","coordinates":[[[-88.181027,31.39953],[-88.097932,31.396019],[-88.015657,31.385521],[-87.935009,31.368138],[-87.856783,31.344043],[-87.781746,31.313472],[-87.710632,31.276726],[-87.644133,31.234166],[-87.582896,31.186208],[-87.527512,31.133324],[-87.478511,31.076029],[-87.43636,31.014883],[-87.401456,30.950482],[-87.374123,30.883451],[-87.354611,30.814442],[-87.343089,30.744121],[-87.339654,30.673169],[-87.344319,30.602268],[-87.357023,30.532102],[-87.377625,30.463343],[-87.405914,30.396649],[-87.441602,30.332659],[-87.484335,30.271982],[-87.533694,30.215195],[-87.5892,30.162839],[-87.650316,30.115411],[-87.716456,30.073359],[-87.786988,30.037082],[-87.861241,30.006922],[-87.938512,29.983163],[-88.018069,29.966032],[-88.099162,29.955687],[-88.181027,29.952229],[-88.262891,29.955687],[-88.343985,29.966032],[-88.423542,29.983163],[-88.500813,30.006922],[-88.575066,30.037082],[-88.645598,30.073359],[-88.711738,30.115411],[-88.772854,30.162839],[-88.828359,30.215195],[-88.877719,30.271982],[-88.920452,30.332659],[-88.95614,30.396649],[-88.984428,30.463343],[-89.005031,30.532102],[-89.017735,30.602268],[-89.0224,30.673169],[-89.018964,30.744121],[-89.007443,30.814442],[-88.98793,30.883451],[-88.960597,30.950482],[-88.925693,31.014883],[-88.883543,31.076029],[-88.834542,31.133324],[-88.779157,31.186208],[-88.717921,31.234166],[-88.651422,31.276726],[-88.580308,31.313472],[-88.505271,31.344043],[-88.427045,31.368138],[-88.346397,31.385521],[-88.264121,31.396019],[-88.181027,31.39953]]]},"properties":{"siteId":"42","propertyType":"PSI Owned","category":"OO"}},{"type":"Feature","geometry":{"type":"Polygon","coordinates":[[[-88.119521,31.390774],[-88.036434,31.387263],[-87.954166,31.376765],[-87.873526,31.359382],[-87.795307,31.335287],[-87.720277,31.304716],[-87.649169,31.26797],[-87.582677,31.22541],[-87.521445,31.177453],[-87.466066,31.124568],[-87.41707,31.067274],[-87.374923,31.006128],[-87.340022,30.941727],[-87.312691,30.874696],[-87.29318,30.805687],[-87.281659,30.735366],[-87.278224,30.664414],[-87.282889,30.593513],[-87.295591,30.523347],[-87.316191,30.454588],[-87.344477,30.387894],[-87.380161,30.323903],[-87.422891,30.263226],[-87.472246,30.20644],[-87.527747,30.154084],[-87.588857,30.106655],[-87.654991,30.064603],[-87.725516,30.028326],[-87.799763,29.998166],[-87.877027,29.974407],[-87.956577,29.957276],[-88.037664,29.946931],[-88.119521,29.943472],[-88.201378,29.946931],[-88.282464,29.957276],[-88.362014,29.974407],[-88.439278,29.998166],[-88.513525,30.028326],[-88.584051,30.064603],[-88.650185,30.106655],[-88.711295,30.154084],[-88.766796,30.20644],[-88.816151,30.263226],[-88.85888,30.323903],[-88.894565,30.387894],[-88.92285,30.454588],[-88.943451,30.523347],[-88.956153,30.593513],[-88.960818,30.664414],[-88.957382,30.735366],[-88.945862,30.805687],[-88.92635,30.874696],[-88.89902,30.941727],[-88.864119,31.006128],[-88.821972,31.067274],[-88.772975,31.124568],[-88.717596,31.177453],[-88.656365,31.22541],[-88.589872,31.26797],[-88.518765,31.304716],[-88.443734,31.335287],[-88.365515,31.359382],[-88.284876,31.376765],[-88.202607,31.387263],[-88.119521,31.390774]]]},"properties":{"siteId":"6187","propertyType":"MG TESTING","category":"3P"}},{"type":"Feature","geometry":{"type":"Polygon","coordinates":[[[-86.243159,33.085718],[-86.158508,33.082206],[-86.074692,33.071702],[-85.992537,33.054311],[-85.912853,33.030204],[-85.836421,32.999619],[-85.763992,32.962856],[-85.69627,32.920278],[-85.633914,32.872303],[-85.577525,32.8194],[-85.527645,32.762088],[-85.484748,32.700926],[-85.449236,32.636511],[-85.421439,32.569469],[-85.401609,32.500451],[-85.389919,32.430126],[-85.386464,32.359172],[-85.391257,32.288273],[-85.404233,32.218113],[-85.425248,32.149362],[-85.454084,32.08268],[-85.490449,32.018704],[-85.53398,31.958043],[-85.58425,31.901274],[-85.640771,31.848936],[-85.702995,31.801525],[-85.770327,31.759491],[-85.842123,31.723229],[-85.917702,31.693083],[-85.996347,31.669336],[-86.077316,31.652213],[-86.159846,31.641874],[-86.243159,31.638417],[-86.326472,31.641874],[-86.409002,31.652213],[-86.489971,31.669336],[-86.568616,31.693083],[-86.644195,31.723229],[-86.715991,31.759491],[-86.783323,31.801525],[-86.845548,31.848936],[-86.902068,31.901274],[-86.952338,31.958043],[-86.99587,32.018704],[-87.032234,32.08268],[-87.06107,32.149362],[-87.082086,32.218113],[-87.095061,32.288273],[-87.099854,32.359172],[-87.096399,32.430126],[-87.084709,32.500451],[-87.064879,32.569469],[-87.037082,32.636511],[-87.001571,32.700926],[-86.958673,32.762088],[-86.908793,32.8194],[-86.852405,32.872303],[-86.790048,32.920278],[-86.722327,32.962856],[-86.649897,32.999619],[-86.573465,33.030204],[-86.493781,33.054311],[-86.411627,33.071702],[-86.32781,33.082206],[-86.243159,33.085718]]]},"properties":{"siteId":"53","propertyType":"PSI Owned","category":"OO"}},{"type":"Feature","geometry":{"type":"Polygon","coordinates":[[[-86.797146,34.140666],[-86.711452,34.137152],[-86.626605,34.126645],[-86.543441,34.109248],[-86.462781,34.085134],[-86.385416,34.054539],[-86.312105,34.017767],[-86.243564,33.975177],[-86.180459,33.92719],[-86.123398,33.874276],[-86.072929,33.816952],[-86.029532,33.75578],[-85.993613,33.691356],[-85.965505,33.624307],[-85.945462,33.555284],[-85.933659,33.484955],[-85.930191,33.414],[-85.935069,33.343103],[-85.948227,33.272946],[-85.969518,33.204201],[-85.998721,33.137527],[-86.035538,33.07356],[-86.079604,33.012909],[-86.130484,32.956151],[-86.187684,32.903825],[-86.250651,32.856426],[-86.318781,32.814402],[-86.391424,32.778151],[-86.46789,32.748013],[-86.547456,32.724274],[-86.62937,32.707156],[-86.712862,32.69682],[-86.797146,32.693364],[-86.88143,32.69682],[-86.964922,32.707156],[-87.046836,32.724274],[-87.126402,32.748013],[-87.202868,32.778151],[-87.275512,32.814402],[-87.343641,32.856426],[-87.406608,32.903825],[-87.463808,32.956151],[-87.514688,33.012909],[-87.558754,33.07356],[-87.595571,33.137527],[-87.624774,33.204201],[-87.646066,33.272946],[-87.659223,33.343103],[-87.664102,33.414],[-87.660633,33.484955],[-87.64883,33.555284],[-87.628788,33.624307],[-87.60068,33.691356],[-87.564761,33.75578],[-87.521363,33.816952],[-87.470894,33.874276],[-87.413833,33.92719],[-87.350728,33.975177],[-87.282187,34.017767],[-87.208876,34.054539],[-87.131512,34.085134],[-87.050851,34.109248],[-86.967687,34.126645],[-86.88284,34.137152],[-86.797146,34.140666]]]},"properties":{"siteId":"9655","propertyType":"PSI Owned","category":"OO"}},{"type":"Feature","geometry":{"type":"Polygon","coordinates":[[[-149.81878,61.913554],[-149.668143,61.909988],[-149.519061,61.899325],[-149.373068,61.881677],[-149.231661,61.857224],[-149.09628,61.826218],[-148.968292,61.788978],[-148.848975,61.745883],[-148.739505,61.697372],[-148.640941,61.643937],[-148.554216,61.586117],[-148.480133,61.52449],[-148.419352,61.459672],[-148.37239,61.392304],[-148.339618,61.32305],[-148.321264,61.252585],[-148.317407,61.181596],[-148.327988,61.110766],[-148.352808,61.040774],[-148.391539,60.972286],[-148.443726,60.905951],[-148.508797,60.842391],[-148.586069,60.7822],[-148.674759,60.725938],[-148.77399,60.674124],[-148.882802,60.627234],[-149.000159,60.585698],[-149.124963,60.549894],[-149.256056,60.520148],[-149.392237,60.496729],[-149.532265,60.479849],[-149.674875,60.46966],[-149.81878,60.466253],[-149.962685,60.46966],[-150.105294,60.479849],[-150.245323,60.496729],[-150.381504,60.520148],[-150.512597,60.549894],[-150.6374,60.585698],[-150.754758,60.627234],[-150.86357,60.674124],[-150.962801,60.725938],[-151.051491,60.7822],[-151.128763,60.842391],[-151.193834,60.905951],[-151.246021,60.972286],[-151.284752,61.040774],[-151.309572,61.110766],[-151.320153,61.181596],[-151.316296,61.252585],[-151.297941,61.32305],[-151.26517,61.392304],[-151.218208,61.459672],[-151.157427,61.52449],[-151.083343,61.586117],[-150.996619,61.643937],[-150.898055,61.697372],[-150.788584,61.745883],[-150.669268,61.788978],[-150.54128,61.826218],[-150.405899,61.857224],[-150.264492,61.881677],[-150.118498,61.899325],[-149.969416,61.909988],[-149.81878,61.913554]]]},"properties":{"siteId":"5706","propertyType":"PSI Authorized","category":"3P"}},{"type":"Feature","geometry":{"type":"Polygon","coordinates":[[[-151.531775,60.371201],[-151.388321,60.36764],[-151.246341,60.356992],[-151.107291,60.339368],[-150.97259,60.314948],[-150.843607,60.283982],[-150.721641,60.246786],[-150.607905,60.20374],[-150.50352,60.15528],[-150.409495,60.101895],[-150.326723,60.044122],[-150.255971,59.982538],[-150.197872,59.917757],[-150.152927,59.850419],[-150.121496,59.781186],[-150.1038,59.710734],[-150.099926,59.639747],[-150.109823,59.56891],[-150.13331,59.498902],[-150.17008,59.43039],[-150.219705,59.364022],[-150.281646,59.300423],[-150.355255,59.240188],[-150.439787,59.183878],[-150.534408,59.132016],[-150.638203,59.085077],[-150.750184,59.043495],[-150.869298,59.007649],[-150.99444,58.977866],[-151.124459,58.954417],[-151.258167,58.937514],[-151.39435,58.927311],[-151.531775,58.9239],[-151.6692,58.927311],[-151.805383,58.937514],[-151.939091,58.954417],[-152.06911,58.977866],[-152.194252,59.007649],[-152.313367,59.043495],[-152.425347,59.085077],[-152.529142,59.132016],[-152.623763,59.183878],[-152.708296,59.240188],[-152.781904,59.300423],[-152.843845,59.364022],[-152.89347,59.43039],[-152.93024,59.498902],[-152.953727,59.56891],[-152.963624,59.639747],[-152.95975,59.710734],[-152.942055,59.781186],[-152.910623,59.850419],[-152.865678,59.917757],[-152.807579,59.982538],[-152.736827,60.044122],[-152.654055,60.101895],[-152.56003,60.15528],[-152.455645,60.20374],[-152.34191,60.246786],[-152.219943,60.283982],[-152.09096,60.314948],[-151.95626,60.339368],[-151.817209,60.356992],[-151.675229,60.36764],[-151.531775,60.371201]]]},"properties":{"siteId":"13473","propertyType":"PSI Authorized","category":"3P"}},{"type":"Feature","geometry":{"type":"Polygon","coordinates":[[[-134.636764,59.107257],[-134.498633,59.1037],[-134.361916,59.093063],[-134.228012,59.075457],[-134.098284,59.051062],[-133.974046,59.020126],[-133.856546,58.982964],[-133.746953,58.939954],[-133.646344,58.891532],[-133.555692,58.838184],[-133.475859,58.780447],[-133.407586,58.718896],[-133.351487,58.654143],[-133.308048,58.586828],[-133.277621,58.517611],[-133.260426,58.447169],[-133.256549,58.376184],[-133.265948,58.305342],[-133.288455,58.235321],[-133.323777,58.16679],[-133.371507,58.100397],[-133.431128,58.036769],[-133.50202,57.976501],[-133.583467,57.920156],[-133.674666,57.868256],[-133.774734,57.821282],[-133.882717,57.779665],[-133.997602,57.743787],[-134.118318,57.713976],[-134.243754,57.690504],[-134.37276,57.673584],[-134.504161,57.66337],[-134.636764,57.659956],[-134.769367,57.66337],[-134.900768,57.673584],[-135.029774,57.690504],[-135.155209,57.713976],[-135.275926,57.743787],[-135.39081,57.779665],[-135.498794,57.821282],[-135.598861,57.868256],[-135.69006,57.920156],[-135.771507,57.976501],[-135.842399,58.036769],[-135.902021,58.100397],[-135.949751,58.16679],[-135.985073,58.235321],[-136.007579,58.305342],[-136.016978,58.376184],[-136.013102,58.447169],[-135.995906,58.517611],[-135.965479,58.586828],[-135.92204,58.654143],[-135.865942,58.718896],[-135.797668,58.780447],[-135.717835,58.838184],[-135.627184,58.891532],[-135.526574,58.939954],[-135.416981,58.982964],[-135.299481,59.020126],[-135.175243,59.051062],[-135.045515,59.075457],[-134.911611,59.093063],[-134.774895,59.1037],[-134.636764,59.107257]]]},"properties":{"siteId":"5691","propertyType":"PSI Authorized","category":"3P"}},{"type":"Feature","geometry":{"type":"Polygon","coordinates":[[[-131.677201,56.078672],[-131.550113,56.075122],[-131.424319,56.06451],[-131.301094,56.046943],[-131.181688,56.022599],[-131.067302,55.991726],[-130.959081,55.954637],[-130.858098,55.911705],[-130.765342,55.863362],[-130.681712,55.810095],[-130.608003,55.752433],[-130.544902,55.690952],[-130.492983,55.626259],[-130.452701,55.558992],[-130.42439,55.489811],[-130.408261,55.419388],[-130.404407,55.348408],[-130.412799,55.277555],[-130.43329,55.207509],[-130.465623,55.138937],[-130.509431,55.072493],[-130.564243,55.008802],[-130.629495,54.948463],[-130.70453,54.892042],[-130.788609,54.840065],[-130.880919,54.793012],[-130.98058,54.751321],[-131.086653,54.715375],[-131.198145,54.685505],[-131.314025,54.661984],[-131.433226,54.645028],[-131.554654,54.634792],[-131.677201,54.63137],[-131.799748,54.634792],[-131.921176,54.645028],[-132.040377,54.661984],[-132.156257,54.685505],[-132.26775,54.715375],[-132.373822,54.751321],[-132.473483,54.793012],[-132.565793,54.840065],[-132.649872,54.892042],[-132.724907,54.948463],[-132.790159,55.008802],[-132.844971,55.072493],[-132.888779,55.138937],[-132.921112,55.207509],[-132.941603,55.277555],[-132.949995,55.348408],[-132.946141,55.419388],[-132.930012,55.489811],[-132.901701,55.558992],[-132.861419,55.626259],[-132.8095,55.690952],[-132.746399,55.752433],[-132.67269,55.810095],[-132.58906,55.863362],[-132.496304,55.911705],[-132.395321,55.954637],[-132.2871,55.991726],[-132.172714,56.022599],[-132.053308,56.046943],[-131.930084,56.06451],[-131.804289,56.075122],[-131.677201,56.078672]]]},"properties":{"siteId":"5195","propertyType":"PSI Authorized","category":"3P"}},{"type":"Feature","geometry":{"type":"Polygon","coordinates":[[[-135.368267,57.778921],[-135.235253,57.775367],[-135.103597,57.764742],[-134.974641,57.747154],[-134.849695,57.722782],[-134.730021,57.691875],[-134.616819,57.654746],[-134.511212,57.611772],[-134.414239,57.563386],[-134.326837,57.510076],[-134.249837,57.452373],[-134.183956,57.390854],[-134.129789,57.326129],[-134.087807,57.258836],[-134.058355,57.189635],[-134.041649,57.119202],[-134.037778,57.048219],[-134.046707,56.977372],[-134.068276,56.907339],[-134.10221,56.83879],[-134.148121,56.772373],[-134.205514,56.708716],[-134.273793,56.648416],[-134.352271,56.592036],[-134.440174,56.5401],[-134.536651,56.49309],[-134.640783,56.451439],[-134.751591,56.41553],[-134.86804,56.385692],[-134.989055,56.362198],[-135.113526,56.345261],[-135.240315,56.335038],[-135.368267,56.331619],[-135.496219,56.335038],[-135.623008,56.345261],[-135.747478,56.362198],[-135.868494,56.385692],[-135.984943,56.41553],[-136.09575,56.451439],[-136.199883,56.49309],[-136.29636,56.5401],[-136.384263,56.592036],[-136.46274,56.648416],[-136.53102,56.708716],[-136.588412,56.772373],[-136.634323,56.83879],[-136.668258,56.907339],[-136.689827,56.977372],[-136.698755,57.048219],[-136.694884,57.119202],[-136.678178,57.189635],[-136.648727,57.258836],[-136.606745,57.326129],[-136.552578,57.390854],[-136.486697,57.452373],[-136.409697,57.510076],[-136.322295,57.563386],[-136.225321,57.611772],[-136.119715,57.654746],[-136.006513,57.691875],[-135.886838,57.722782],[-135.761892,57.747154],[-135.632937,57.764742],[-135.501281,57.775367],[-135.368267,57.778921]]]},"properties":{"siteId":"11597","propertyType":"PSI Authorized","category":"3P"}},{"type":"Feature","geometry":{"type":"Polygon","coordinates":[[[-151.140546,61.20512],[-150.993309,61.201556],[-150.847589,61.190901],[-150.704881,61.173264],[-150.566648,61.148826],[-150.434295,61.117839],[-150.309156,61.08062],[-150.19248,61.037548],[-150.085415,60.989061],[-149.988998,60.93565],[-149.904142,60.877852],[-149.831634,60.816245],[-149.77212,60.751445],[-149.72611,60.684091],[-149.693971,60.614846],[-149.675926,60.544388],[-149.672059,60.4734],[-149.682314,60.402566],[-149.706502,60.332567],[-149.744304,60.264067],[-149.795278,60.197717],[-149.858867,60.134138],[-149.934405,60.073927],[-150.021128,60.017642],[-150.118179,59.965805],[-150.224618,59.918893],[-150.339432,59.877335],[-150.461546,59.841511],[-150.589825,59.811748],[-150.723093,59.788315],[-150.860133,59.771424],[-150.999705,59.761228],[-151.140546,59.757819],[-151.281387,59.761228],[-151.420959,59.771424],[-151.558,59.788315],[-151.691267,59.811748],[-151.819547,59.841511],[-151.94166,59.877335],[-152.056474,59.918893],[-152.162913,59.965805],[-152.259964,60.017642],[-152.346687,60.073927],[-152.422225,60.134138],[-152.485814,60.197717],[-152.536788,60.264067],[-152.57459,60.332567],[-152.598778,60.402566],[-152.609033,60.4734],[-152.605166,60.544388],[-152.587121,60.614846],[-152.554982,60.684091],[-152.508972,60.751445],[-152.449459,60.816245],[-152.37695,60.877852],[-152.292094,60.93565],[-152.195677,60.989061],[-152.088612,61.037548],[-151.971936,61.08062],[-151.846797,61.117839],[-151.714444,61.148826],[-151.576211,61.173264],[-151.433504,61.190901],[-151.287783,61.201556],[-151.140546,61.20512]]]},"properties":{"siteId":"17517","propertyType":"PSI Authorized","category":"3P"}},{"type":"Feature","geometry":{"type":"Polygon","coordinates":[[[-111.654432,35.900679],[-111.566874,35.897163],[-111.480182,35.886649],[-111.395213,35.869243],[-111.312806,35.845116],[-111.233771,35.814506],[-111.158885,35.777715],[-111.088878,35.735106],[-111.024432,35.687099],[-110.966169,35.634164],[-110.914646,35.576821],[-110.870354,35.515632],[-110.833706,35.451192],[-110.805042,35.38413],[-110.784619,35.315098],[-110.772614,35.244763],[-110.769121,35.173807],[-110.774152,35.102912],[-110.787635,35.032761],[-110.80942,34.964026],[-110.839279,34.897365],[-110.876906,34.833413],[-110.921928,34.77278],[-110.973899,34.716042],[-111.032314,34.663736],[-111.096609,34.616357],[-111.166167,34.574352],[-111.240325,34.538118],[-111.318379,34.507996],[-111.399592,34.48427],[-111.483198,34.467161],[-111.568412,34.456831],[-111.654432,34.453377],[-111.740452,34.456831],[-111.825666,34.467161],[-111.909272,34.48427],[-111.990485,34.507996],[-112.068539,34.538118],[-112.142697,34.574352],[-112.212256,34.616357],[-112.27655,34.663736],[-112.334965,34.716042],[-112.386937,34.77278],[-112.431958,34.833413],[-112.469585,34.897365],[-112.499444,34.964026],[-112.521229,35.032761],[-112.534713,35.102912],[-112.539743,35.173807],[-112.53625,35.244763],[-112.524245,35.315098],[-112.503822,35.38413],[-112.475158,35.451192],[-112.43851,35.515632],[-112.394218,35.576821],[-112.342695,35.634164],[-112.284432,35.687099],[-112.219986,35.735106],[-112.149979,35.777715],[-112.075093,35.814506],[-111.996059,35.845116],[-111.913651,35.869243],[-111.828682,35.886649],[-111.74199,35.897163],[-111.654432,35.900679]]]},"properties":{"siteId":"5592","propertyType":"PSI Authorized","category":"3P"}},{"type":"Feature","geometry":{"type":"Polygon","coordinates":[[[-112.031276,34.203903],[-111.945518,34.200389],[-111.860608,34.189881],[-111.777382,34.172484],[-111.696661,34.148369],[-111.619239,34.117774],[-111.545874,34.081001],[-111.477282,34.038411],[-111.414131,33.990423],[-111.357028,33.937508],[-111.306523,33.880184],[-111.263095,33.819011],[-111.227151,33.754587],[-111.199023,33.687537],[-111.178968,33.618513],[-111.167158,33.548184],[-111.163689,33.477229],[-111.168572,33.406333],[-111.181741,33.336175],[-111.20305,33.267431],[-111.232275,33.200757],[-111.26912,33.136791],[-111.313219,33.07614],[-111.364137,33.019383],[-111.421378,32.967058],[-111.484391,32.919659],[-111.55257,32.877637],[-111.625265,32.841386],[-111.701786,32.811249],[-111.781409,32.78751],[-111.863382,32.770392],[-111.946933,32.760057],[-112.031276,32.756601],[-112.11562,32.760057],[-112.199171,32.770392],[-112.281144,32.78751],[-112.360766,32.811249],[-112.437287,32.841386],[-112.509983,32.877637],[-112.578162,32.919659],[-112.641174,32.967058],[-112.698416,33.019383],[-112.749334,33.07614],[-112.793432,33.136791],[-112.830278,33.200757],[-112.859503,33.267431],[-112.880812,33.336175],[-112.893981,33.406333],[-112.898864,33.477229],[-112.895394,33.548184],[-112.883585,33.618513],[-112.863529,33.687537],[-112.835402,33.754587],[-112.799458,33.819011],[-112.756029,33.880184],[-112.705524,33.937508],[-112.648422,33.990423],[-112.585271,34.038411],[-112.516679,34.081001],[-112.443314,34.117774],[-112.365892,34.148369],[-112.285171,34.172484],[-112.201945,34.189881],[-112.117034,34.200389],[-112.031276,34.203903]]]},"properties":{"siteId":"13305","propertyType":"PSI Authorized","category":"3P"}},{"type":"Feature","geometry":{"type":"Polygon","coordinates":[[[-111.635286,33.974837],[-111.54976,33.971323],[-111.465078,33.960816],[-111.382077,33.94342],[-111.301573,33.919307],[-111.224358,33.888714],[-111.151189,33.851943],[-111.082779,33.809356],[-111.019794,33.76137],[-110.962842,33.708458],[-110.912467,33.651136],[-110.86915,33.589966],[-110.833297,33.525543],[-110.805239,33.458495],[-110.78523,33.389473],[-110.773446,33.319144],[-110.769979,33.24819],[-110.774844,33.177292],[-110.787972,33.107135],[-110.809219,33.038389],[-110.838363,32.971713],[-110.875108,32.907745],[-110.919088,32.847092],[-110.96987,32.790333],[-111.02696,32.738005],[-111.089808,32.690604],[-111.15781,32.648578],[-111.230317,32.612325],[-111.30664,32.582187],[-111.386058,32.558446],[-111.467821,32.541327],[-111.551158,32.530991],[-111.635286,32.527535],[-111.719414,32.530991],[-111.802751,32.541327],[-111.884514,32.558446],[-111.963932,32.582187],[-112.040255,32.612325],[-112.112762,32.648578],[-112.180764,32.690604],[-112.243612,32.738005],[-112.300702,32.790333],[-112.351484,32.847092],[-112.395464,32.907745],[-112.432209,32.971713],[-112.461353,33.038389],[-112.4826,33.107135],[-112.495728,33.177292],[-112.500593,33.24819],[-112.497126,33.319144],[-112.485342,33.389473],[-112.465333,33.458495],[-112.437275,33.525543],[-112.401422,33.589966],[-112.358105,33.651136],[-112.30773,33.708458],[-112.250778,33.76137],[-112.187793,33.809356],[-112.119383,33.851943],[-112.046214,33.888714],[-111.968999,33.919307],[-111.888495,33.94342],[-111.805494,33.960816],[-111.720812,33.971323],[-111.635286,33.974837]]]},"properties":{"siteId":"6428","propertyType":"TD TESTING","category":"3P"}},{"type":"Feature","geometry":{"type":"Polygon","coordinates":[[[-110.03199,34.974518],[-109.945433,34.971003],[-109.859731,34.960493],[-109.775732,34.943092],[-109.694263,34.918971],[-109.616125,34.888369],[-109.542085,34.851588],[-109.472865,34.80899],[-109.409139,34.760993],[-109.351522,34.708069],[-109.300565,34.650737],[-109.256753,34.589556],[-109.220497,34.525125],[-109.192131,34.45807],[-109.171913,34.389042],[-109.160016,34.318711],[-109.156537,34.247755],[-109.161485,34.176859],[-109.174794,34.106705],[-109.196314,34.037965],[-109.22582,33.971297],[-109.263013,33.907337],[-109.307521,33.846694],[-109.358906,33.789946],[-109.416668,33.737629],[-109.48025,33.690239],[-109.549041,33.648224],[-109.622385,33.611981],[-109.699587,33.581851],[-109.779915,33.558118],[-109.862613,33.541004],[-109.946902,33.530671],[-110.03199,33.527216],[-110.117077,33.530671],[-110.201366,33.541004],[-110.284064,33.558118],[-110.364392,33.581851],[-110.441594,33.611981],[-110.514938,33.648224],[-110.583729,33.690239],[-110.647311,33.737629],[-110.705073,33.789946],[-110.756458,33.846694],[-110.800966,33.907337],[-110.838159,33.971297],[-110.867665,34.037965],[-110.889185,34.106705],[-110.902494,34.176859],[-110.907442,34.247755],[-110.903963,34.318711],[-110.892066,34.389042],[-110.871848,34.45807],[-110.843482,34.525125],[-110.807226,34.589556],[-110.763414,34.650737],[-110.712457,34.708069],[-110.65484,34.760993],[-110.591114,34.80899],[-110.521894,34.851588],[-110.447854,34.888369],[-110.369717,34.918971],[-110.288247,34.943092],[-110.204248,34.960493],[-110.118546,34.971003],[-110.03199,34.974518]]]},"properties":{"siteId":"11798","propertyType":"PSI Authorized","category":"3P"}},{"type":"Feature","geometry":{"type":"Polygon","coordinates":[[[-114.67057,33.32047],[-114.585691,33.316956],[-114.50165,33.306452],[-114.419276,33.28906],[-114.339379,33.264951],[-114.262744,33.234364],[-114.190122,33.197599],[-114.122222,33.155019],[-114.059702,33.107041],[-114.003167,33.054135],[-113.953159,32.996821],[-113.910152,32.935657],[-113.874551,32.87124],[-113.846687,32.804196],[-113.82681,32.735177],[-113.815096,32.664851],[-113.811638,32.593897],[-113.816449,32.522999],[-113.829465,32.452839],[-113.85054,32.384089],[-113.879456,32.317409],[-113.91592,32.253435],[-113.959568,32.192776],[-114.009971,32.136009],[-114.066639,32.083674],[-114.129026,32.036266],[-114.196531,31.994234],[-114.268512,31.957975],[-114.344285,31.92783],[-114.42313,31.904085],[-114.504306,31.886963],[-114.587045,31.876625],[-114.67057,31.873168],[-114.754095,31.876625],[-114.836834,31.886963],[-114.91801,31.904085],[-114.996855,31.92783],[-115.072628,31.957975],[-115.144609,31.994234],[-115.212114,32.036266],[-115.274501,32.083674],[-115.331169,32.136009],[-115.381572,32.192776],[-115.42522,32.253435],[-115.461684,32.317409],[-115.4906,32.384089],[-115.511675,32.452839],[-115.524691,32.522999],[-115.529502,32.593897],[-115.526044,32.664851],[-115.51433,32.735177],[-115.494453,32.804196],[-115.466589,32.87124],[-115.430988,32.935657],[-115.387981,32.996821],[-115.337973,33.054135],[-115.281438,33.107041],[-115.218919,33.155019],[-115.151018,33.197599],[-115.078396,33.234364],[-115.001761,33.264951],[-114.921864,33.28906],[-114.83949,33.306452],[-114.755449,33.316956],[-114.67057,33.32047]]]},"properties":{"siteId":"6674","propertyType":"PSI Authorized","category":"3P"}},{"type":"Feature","geometry":{"type":"Polygon","coordinates":[[[-112.330082,34.360986],[-112.244163,34.357471],[-112.159094,34.346964],[-112.075713,34.329566],[-111.994842,34.30545],[-111.917276,34.274853],[-111.843775,34.238078],[-111.775058,34.195487],[-111.711791,34.147497],[-111.654585,34.09458],[-111.603989,34.037254],[-111.560484,33.97608],[-111.524477,33.911654],[-111.496302,33.844603],[-111.476214,33.775579],[-111.464387,33.705249],[-111.460915,33.634294],[-111.465812,33.563398],[-111.479008,33.493241],[-111.50036,33.424498],[-111.529641,33.357825],[-111.566556,33.29386],[-111.610737,33.233211],[-111.661749,33.176456],[-111.719095,33.124132],[-111.782222,33.076735],[-111.850524,33.034714],[-111.923349,32.998465],[-112.000007,32.968329],[-112.079771,32.944592],[-112.16189,32.927475],[-112.245589,32.91714],[-112.330082,32.913684],[-112.414575,32.91714],[-112.498274,32.927475],[-112.580392,32.944592],[-112.660157,32.968329],[-112.736814,32.998465],[-112.80964,33.034714],[-112.877942,33.076735],[-112.941069,33.124132],[-112.998415,33.176456],[-113.049426,33.233211],[-113.093607,33.29386],[-113.130522,33.357825],[-113.159804,33.424498],[-113.181155,33.493241],[-113.194352,33.563398],[-113.199248,33.634294],[-113.195777,33.705249],[-113.18395,33.775579],[-113.163861,33.844603],[-113.135687,33.911654],[-113.09968,33.97608],[-113.056174,34.037254],[-113.005578,34.09458],[-112.948373,34.147497],[-112.885106,34.195487],[-112.816388,34.238078],[-112.742888,34.274853],[-112.665322,34.30545],[-112.584451,34.329566],[-112.50107,34.346964],[-112.416,34.357471],[-112.330082,34.360986]]]},"properties":{"siteId":"6427","propertyType":"TD TESTING","category":"3P"}},{"type":"Feature","geometry":{"type":"Polygon","coordinates":[[[-111.940219,34.10194],[-111.854564,34.098426],[-111.769756,34.087919],[-111.68663,34.070523],[-111.606006,34.046408],[-111.528676,34.015814],[-111.455399,33.979042],[-111.386889,33.936453],[-111.323811,33.888466],[-111.266776,33.835552],[-111.216329,33.778229],[-111.17295,33.717058],[-111.137047,33.652634],[-111.10895,33.585585],[-111.088916,33.516562],[-111.077118,33.446233],[-111.073649,33.375278],[-111.078524,33.304382],[-111.091675,33.234224],[-111.112956,33.165479],[-111.142145,33.098805],[-111.178946,33.034837],[-111.222991,32.974186],[-111.273849,32.917428],[-111.331023,32.865101],[-111.393962,32.817701],[-111.462061,32.775677],[-111.534673,32.739426],[-111.611106,32.709288],[-111.690637,32.685548],[-111.772516,32.66843],[-111.855971,32.658094],[-111.940219,32.654638],[-112.024466,32.658094],[-112.107922,32.66843],[-112.1898,32.685548],[-112.269332,32.709288],[-112.345765,32.739426],[-112.418376,32.775677],[-112.486476,32.817701],[-112.549415,32.865101],[-112.606589,32.917428],[-112.657446,32.974186],[-112.701491,33.034837],[-112.738292,33.098805],[-112.767481,33.165479],[-112.788762,33.234224],[-112.801913,33.304382],[-112.806788,33.375278],[-112.80332,33.446233],[-112.791521,33.516562],[-112.771487,33.585585],[-112.74339,33.652634],[-112.707487,33.717058],[-112.664108,33.778229],[-112.613661,33.835552],[-112.556626,33.888466],[-112.493548,33.936453],[-112.425038,33.979042],[-112.351761,34.015814],[-112.274431,34.046408],[-112.193807,34.070523],[-112.110682,34.087919],[-112.025873,34.098426],[-111.940219,34.10194]]]},"properties":{"siteId":"13304","propertyType":"PSI Authorized","category":"3P"}},{"type":"Feature","geometry":{"type":"Polygon","coordinates":[[[-110.880444,32.941533],[-110.795931,32.93802],[-110.712252,32.927517],[-110.630231,32.910126],[-110.550676,32.886021],[-110.474369,32.855437],[-110.402056,32.818676],[-110.334443,32.776099],[-110.272186,32.728125],[-110.215887,32.675224],[-110.166085,32.617913],[-110.123254,32.556753],[-110.087796,32.492339],[-110.06004,32.425298],[-110.040238,32.356281],[-110.028563,32.285956],[-110.02511,32.215002],[-110.029891,32.144104],[-110.042843,32.073942],[-110.063822,32.005191],[-110.092609,31.938508],[-110.128914,31.874531],[-110.172374,31.813868],[-110.222564,31.757098],[-110.278994,31.704758],[-110.34112,31.657346],[-110.408346,31.61531],[-110.48003,31.579047],[-110.555491,31.5489],[-110.634014,31.525152],[-110.714857,31.508028],[-110.797259,31.497688],[-110.880444,31.494231],[-110.963629,31.497688],[-111.046031,31.508028],[-111.126874,31.525152],[-111.205397,31.5489],[-111.280858,31.579047],[-111.352542,31.61531],[-111.419768,31.657346],[-111.481894,31.704758],[-111.538324,31.757098],[-111.588514,31.813868],[-111.631974,31.874531],[-111.668279,31.938508],[-111.697066,32.005191],[-111.718045,32.073942],[-111.730997,32.144104],[-111.735778,32.215002],[-111.732325,32.285956],[-111.72065,32.356281],[-111.700848,32.425298],[-111.673092,32.492339],[-111.637635,32.556753],[-111.594803,32.617913],[-111.545001,32.675224],[-111.488702,32.728125],[-111.426446,32.776099],[-111.358832,32.818676],[-111.286519,32.855437],[-111.210212,32.886021],[-111.130657,32.910126],[-111.048636,32.927517],[-110.964957,32.93802],[-110.880444,32.941533]]]},"properties":{"siteId":"13273","propertyType":"PSI Authorized","category":"3P"}},{"type":"Feature","geometry":{"type":"Polygon","coordinates":[[[-114.4957,33.412229],[-114.410732,33.408716],[-114.326603,33.398211],[-114.244141,33.380818],[-114.16416,33.356709],[-114.087445,33.326121],[-114.014747,33.289355],[-113.946777,33.246774],[-113.884193,33.198795],[-113.8276,33.145889],[-113.777541,33.088573],[-113.734492,33.027408],[-113.698856,32.96299],[-113.670964,32.895946],[-113.65107,32.826926],[-113.639346,32.7566],[-113.635887,32.685646],[-113.640705,32.614748],[-113.653736,32.544588],[-113.674836,32.475839],[-113.703783,32.40916],[-113.740286,32.345186],[-113.783979,32.284528],[-113.834435,32.227763],[-113.891162,32.175428],[-113.953612,32.128021],[-114.021186,32.08599],[-114.09324,32.049732],[-114.169088,32.019588],[-114.248013,31.995844],[-114.32927,31.978722],[-114.412092,31.968384],[-114.4957,31.964927],[-114.579309,31.968384],[-114.662131,31.978722],[-114.743387,31.995844],[-114.822312,32.019588],[-114.89816,32.049732],[-114.970214,32.08599],[-115.037788,32.128021],[-115.100239,32.175428],[-115.156965,32.227763],[-115.207421,32.284528],[-115.251115,32.345186],[-115.287617,32.40916],[-115.316565,32.475839],[-115.337664,32.544588],[-115.350695,32.614748],[-115.355514,32.685646],[-115.352054,32.7566],[-115.340331,32.826926],[-115.320436,32.895946],[-115.292544,32.96299],[-115.256909,33.027408],[-115.213859,33.088573],[-115.1638,33.145889],[-115.107208,33.198795],[-115.044624,33.246774],[-114.976653,33.289355],[-114.903955,33.326121],[-114.82724,33.356709],[-114.747259,33.380818],[-114.664798,33.398211],[-114.580668,33.408716],[-114.4957,33.412229]]]},"properties":{"siteId":"18366","propertyType":"PSI Authorized","category":"3P"}},{"type":"Feature","geometry":{"type":"Polygon","coordinates":[[[-94.222076,37.074109],[-94.133182,37.070591],[-94.045168,37.060074],[-93.958905,37.042661],[-93.875246,37.018524],[-93.795015,36.987903],[-93.718999,36.9511],[-93.647943,36.908478],[-93.582536,36.860457],[-93.523411,36.807508],[-93.471133,36.750152],[-93.426199,36.68895],[-93.38903,36.6245],[-93.359967,36.557429],[-93.339271,36.48839],[-93.327121,36.418052],[-93.323611,36.347095],[-93.32875,36.276202],[-93.342467,36.206055],[-93.364606,36.137327],[-93.394934,36.070674],[-93.433143,36.006734],[-93.478849,35.946113],[-93.531602,35.889388],[-93.590888,35.837095],[-93.656134,35.78973],[-93.726716,35.747739],[-93.80196,35.711517],[-93.881152,35.681406],[-93.963546,35.657688],[-94.048364,35.640585],[-94.134811,35.63026],[-94.222076,35.626807],[-94.309341,35.63026],[-94.395788,35.640585],[-94.480607,35.657688],[-94.563001,35.681406],[-94.642193,35.711517],[-94.717437,35.747739],[-94.788018,35.78973],[-94.853265,35.837095],[-94.912551,35.889388],[-94.965304,35.946113],[-95.01101,36.006734],[-95.049218,36.070674],[-95.079547,36.137327],[-95.101686,36.206055],[-95.115402,36.276202],[-95.120542,36.347095],[-95.117031,36.418052],[-95.104881,36.48839],[-95.084186,36.557429],[-95.055123,36.6245],[-95.017954,36.68895],[-94.97302,36.750152],[-94.920742,36.807508],[-94.861617,36.860457],[-94.79621,36.908478],[-94.725153,36.9511],[-94.649138,36.987903],[-94.568907,37.018524],[-94.485248,37.042661],[-94.398985,37.060074],[-94.310971,37.070591],[-94.222076,37.074109]]]},"properties":{"siteId":"5203","propertyType":"PSI Authorized","category":"3P"}},{"type":"Feature","geometry":{"type":"Polygon","coordinates":[[[-92.411731,35.815941],[-92.324266,35.812426],[-92.237667,35.801913],[-92.152788,35.784507],[-92.070469,35.76038],[-91.991518,35.729771],[-91.916711,35.692981],[-91.846778,35.650373],[-91.782399,35.602367],[-91.724196,35.549433],[-91.672726,35.492091],[-91.628478,35.430902],[-91.591868,35.366464],[-91.563231,35.299402],[-91.542827,35.23037],[-91.530833,35.160036],[-91.527341,35.08908],[-91.532364,35.018185],[-91.54583,34.948034],[-91.567591,34.879298],[-91.597417,34.812636],[-91.635004,34.748684],[-91.679977,34.68805],[-91.731893,34.631311],[-91.790247,34.579003],[-91.854476,34.531623],[-91.923962,34.489618],[-91.998044,34.453383],[-92.076019,34.423261],[-92.157149,34.399533],[-92.240671,34.382424],[-92.325798,34.372094],[-92.411731,34.36864],[-92.497664,34.372094],[-92.582791,34.382424],[-92.666312,34.399533],[-92.747443,34.423261],[-92.825417,34.453383],[-92.8995,34.489618],[-92.968986,34.531623],[-93.033214,34.579003],[-93.091568,34.631311],[-93.143485,34.68805],[-93.188458,34.748684],[-93.226045,34.812636],[-93.255871,34.879298],[-93.277631,34.948034],[-93.291098,35.018185],[-93.296121,35.08908],[-93.292629,35.160036],[-93.280634,35.23037],[-93.26023,35.299402],[-93.231594,35.366464],[-93.194983,35.430902],[-93.150735,35.492091],[-93.099266,35.549433],[-93.041063,35.602367],[-92.976684,35.650373],[-92.906751,35.692981],[-92.831944,35.729771],[-92.752993,35.76038],[-92.670673,35.784507],[-92.585795,35.801913],[-92.499195,35.812426],[-92.411731,35.815941]]]},"properties":{"siteId":"13116","propertyType":"PSI Authorized","category":"3P"}},{"type":"Feature","geometry":{"type":"Polygon","coordinates":[[[-94.180287,36.787497],[-94.091726,36.78398],[-94.004042,36.773464],[-93.918102,36.756053],[-93.834756,36.731918],[-93.754823,36.7013],[-93.67909,36.6645],[-93.608295,36.621881],[-93.543128,36.573863],[-93.484218,36.520918],[-93.432129,36.463565],[-93.387355,36.402366],[-93.350316,36.337919],[-93.321353,36.27085],[-93.300725,36.201813],[-93.288611,36.131476],[-93.285105,36.060518],[-93.290218,35.989625],[-93.303876,35.919477],[-93.325927,35.850747],[-93.356138,35.784093],[-93.394201,35.720149],[-93.439736,35.659526],[-93.492294,35.602797],[-93.551363,35.550501],[-93.616372,35.503133],[-93.686698,35.461138],[-93.76167,35.424913],[-93.840579,35.394799],[-93.922678,35.371079],[-94.007194,35.353975],[-94.093333,35.343649],[-94.180287,35.340195],[-94.267241,35.343649],[-94.35338,35.353975],[-94.437896,35.371079],[-94.519995,35.394799],[-94.598904,35.424913],[-94.673877,35.461138],[-94.744203,35.503133],[-94.809212,35.550501],[-94.86828,35.602797],[-94.920838,35.659526],[-94.966373,35.720149],[-95.004436,35.784093],[-95.034648,35.850747],[-95.056698,35.919477],[-95.070357,35.989625],[-95.075469,36.060518],[-95.071963,36.131476],[-95.059849,36.201813],[-95.039222,36.27085],[-95.010258,36.337919],[-94.973219,36.402366],[-94.928445,36.463565],[-94.876356,36.520918],[-94.817446,36.573863],[-94.752279,36.621881],[-94.681484,36.6645],[-94.605751,36.7013],[-94.525818,36.731918],[-94.442472,36.756053],[-94.356532,36.773464],[-94.268848,36.78398],[-94.180287,36.787497]]]},"properties":{"siteId":"11356","propertyType":"PSI Authorized","category":"3P"}},{"type":"Feature","geometry":{"type":"Polygon","coordinates":[[[-94.14649,36.829791],[-94.05788,36.826274],[-93.970147,36.815757],[-93.88416,36.798346],[-93.800768,36.774211],[-93.720792,36.743593],[-93.645017,36.706792],[-93.574184,36.664173],[-93.508982,36.616154],[-93.45004,36.563208],[-93.397923,36.505855],[-93.353126,36.444656],[-93.316068,36.380208],[-93.28709,36.313139],[-93.266452,36.244102],[-93.254333,36.173764],[-93.250826,36.102807],[-93.255943,36.031914],[-93.269609,35.961766],[-93.291673,35.893036],[-93.321901,35.826382],[-93.359986,35.762439],[-93.405546,35.701816],[-93.458133,35.645088],[-93.517233,35.592793],[-93.582277,35.545424],[-93.65264,35.50343],[-93.727653,35.467206],[-93.806603,35.437092],[-93.888745,35.413372],[-93.973306,35.396269],[-94.05949,35.385942],[-94.14649,35.382489],[-94.23349,35.385942],[-94.319674,35.396269],[-94.404234,35.413372],[-94.486376,35.437092],[-94.565326,35.467206],[-94.640339,35.50343],[-94.710702,35.545424],[-94.775746,35.592793],[-94.834847,35.645088],[-94.887433,35.701816],[-94.932993,35.762439],[-94.971078,35.826382],[-95.001306,35.893036],[-95.02337,35.961766],[-95.037037,36.031914],[-95.042153,36.102807],[-95.038646,36.173764],[-95.026527,36.244102],[-95.00589,36.313139],[-94.976912,36.380208],[-94.939854,36.444656],[-94.895056,36.505855],[-94.842939,36.563208],[-94.783998,36.616154],[-94.718796,36.664173],[-94.647963,36.706792],[-94.572188,36.743593],[-94.492212,36.774211],[-94.408819,36.798346],[-94.322832,36.815757],[-94.2351,36.826274],[-94.14649,36.829791]]]},"properties":{"siteId":"11774","propertyType":"PSI Authorized","category":"3P"}},{"type":"Feature","geometry":{"type":"Polygon","coordinates":[[[-94.411633,36.102668],[-94.32385,36.099152],[-94.236936,36.088638],[-94.15175,36.07123],[-94.069132,36.047101],[-93.989897,36.016489],[-93.914821,35.979697],[-93.844638,35.937085],[-93.78003,35.889076],[-93.721622,35.836139],[-93.669973,35.778794],[-93.625572,35.717602],[-93.588837,35.653161],[-93.560106,35.586097],[-93.539637,35.517064],[-93.527608,35.446729],[-93.524112,35.375772],[-93.529161,35.304878],[-93.542683,35.234727],[-93.564528,35.165993],[-93.594465,35.099334],[-93.63219,35.035384],[-93.677327,34.974753],[-93.729429,34.918017],[-93.787991,34.865713],[-93.852445,34.818336],[-93.922175,34.776334],[-93.996516,34.740102],[-94.074762,34.709982],[-94.156173,34.686257],[-94.239983,34.669149],[-94.325404,34.65882],[-94.411633,34.655366],[-94.497863,34.65882],[-94.583283,34.669149],[-94.667093,34.686257],[-94.748505,34.709982],[-94.82675,34.740102],[-94.901091,34.776334],[-94.970821,34.818336],[-95.035275,34.865713],[-95.093837,34.918017],[-95.14594,34.974753],[-95.191076,35.035384],[-95.228801,35.099334],[-95.258738,35.165993],[-95.280583,35.234727],[-95.294106,35.304878],[-95.299154,35.375772],[-95.295658,35.446729],[-95.283629,35.517064],[-95.26316,35.586097],[-95.234429,35.653161],[-95.197694,35.717602],[-95.153294,35.778794],[-95.101644,35.836139],[-95.043236,35.889076],[-94.978628,35.937085],[-94.908446,35.979697],[-94.83337,36.016489],[-94.754134,36.047101],[-94.671516,36.07123],[-94.58633,36.088638],[-94.499416,36.099152],[-94.411633,36.102668]]]},"properties":{"siteId":"11886","propertyType":"PSI Authorized","category":"3P"}},{"type":"Feature","geometry":{"type":"Polygon","coordinates":[[[-90.669233,36.518241],[-90.580981,36.514724],[-90.493603,36.504209],[-90.407962,36.486799],[-90.324905,36.462667],[-90.24525,36.432051],[-90.169777,36.395254],[-90.099226,36.352638],[-90.034281,36.304623],[-89.97557,36.251681],[-89.923656,36.194331],[-89.87903,36.133135],[-89.842112,36.06869],[-89.813241,36.001624],[-89.792676,35.932588],[-89.780596,35.862252],[-89.777094,35.791295],[-89.782181,35.720401],[-89.795785,35.650252],[-89.817754,35.581521],[-89.847857,35.514864],[-89.885786,35.450918],[-89.931162,35.390292],[-89.983539,35.33356],[-90.042407,35.281261],[-90.107195,35.233889],[-90.177285,35.191891],[-90.252006,35.155664],[-90.330652,35.125548],[-90.412477,35.101825],[-90.496713,35.08472],[-90.582567,35.074392],[-90.669233,35.070939],[-90.755899,35.074392],[-90.841753,35.08472],[-90.925989,35.101825],[-91.007814,35.125548],[-91.08646,35.155664],[-91.161181,35.191891],[-91.23127,35.233889],[-91.296059,35.281261],[-91.354927,35.33356],[-91.407304,35.390292],[-91.45268,35.450918],[-91.490609,35.514864],[-91.520712,35.581521],[-91.542681,35.650252],[-91.556285,35.720401],[-91.561372,35.791295],[-91.55787,35.862252],[-91.54579,35.932588],[-91.525225,36.001624],[-91.496354,36.06869],[-91.459436,36.133135],[-91.41481,36.194331],[-91.362896,36.251681],[-91.304185,36.304623],[-91.23924,36.352638],[-91.168689,36.395254],[-91.093216,36.432051],[-91.013561,36.462667],[-90.930503,36.486799],[-90.844863,36.504209],[-90.757485,36.514724],[-90.669233,36.518241]]]},"properties":{"siteId":"12040","propertyType":"PSI Authorized","category":"3P"}},{"type":"Feature","geometry":{"type":"Polygon","coordinates":[[[-92.396057,35.490008],[-92.308948,35.486493],[-92.222701,35.475981],[-92.138167,35.458577],[-92.056181,35.434453],[-91.977549,35.403846],[-91.903043,35.36706],[-91.83339,35.324456],[-91.769267,35.276453],[-91.711294,35.223523],[-91.660026,35.166185],[-91.615949,35.104999],[-91.579477,35.040564],[-91.550947,34.973505],[-91.530616,34.904474],[-91.51866,34.834141],[-91.515172,34.763185],[-91.520166,34.69229],[-91.533571,34.622138],[-91.555237,34.5534],[-91.584938,34.486736],[-91.62237,34.422781],[-91.66716,34.362143],[-91.718869,34.3054],[-91.776991,34.253089],[-91.840965,34.205706],[-91.910179,34.163697],[-91.983971,34.127459],[-92.061643,34.097333],[-92.142459,34.073603],[-92.225657,34.056492],[-92.310455,34.046161],[-92.396057,34.042707],[-92.481658,34.046161],[-92.566456,34.056492],[-92.649654,34.073603],[-92.73047,34.097333],[-92.808142,34.127459],[-92.881934,34.163697],[-92.951148,34.205706],[-93.015122,34.253089],[-93.073244,34.3054],[-93.124953,34.362143],[-93.169743,34.422781],[-93.207176,34.486736],[-93.236876,34.5534],[-93.258542,34.622138],[-93.271947,34.69229],[-93.276941,34.763185],[-93.273453,34.834141],[-93.261497,34.904474],[-93.241166,34.973505],[-93.212636,35.040564],[-93.176164,35.104999],[-93.132087,35.166185],[-93.080819,35.223523],[-93.022846,35.276453],[-92.958723,35.324456],[-92.88907,35.36706],[-92.814564,35.403846],[-92.735932,35.434453],[-92.653946,35.458577],[-92.569412,35.475981],[-92.483165,35.486493],[-92.396057,35.490008]]]},"properties":{"siteId":"12010","propertyType":"PSI Authorized","category":"3P"}},{"type":"Feature","geometry":{"type":"Polygon","coordinates":[[[-92.289518,35.459865],[-92.202442,35.45635],[-92.116227,35.445838],[-92.031725,35.428434],[-91.949769,35.40431],[-91.871167,35.373704],[-91.796688,35.336918],[-91.727061,35.294314],[-91.662962,35.246312],[-91.605009,35.193382],[-91.553759,35.136045],[-91.509698,35.074859],[-91.473239,35.010424],[-91.444719,34.943365],[-91.424394,34.874335],[-91.412442,34.804002],[-91.408955,34.733046],[-91.413946,34.662151],[-91.427345,34.591998],[-91.449003,34.523261],[-91.478692,34.456596],[-91.51611,34.392641],[-91.560884,34.332003],[-91.612573,34.27526],[-91.670673,34.222948],[-91.734625,34.175564],[-91.803813,34.133555],[-91.877579,34.097316],[-91.955223,34.067191],[-92.03601,34.043461],[-92.119179,34.02635],[-92.203947,34.016018],[-92.289518,34.012564],[-92.375089,34.016018],[-92.459857,34.02635],[-92.543025,34.043461],[-92.623812,34.067191],[-92.701456,34.097316],[-92.775222,34.133555],[-92.844411,34.175564],[-92.908362,34.222948],[-92.966463,34.27526],[-93.018152,34.332003],[-93.062926,34.392641],[-93.100344,34.456596],[-93.130033,34.523261],[-93.15169,34.591998],[-93.165089,34.662151],[-93.17008,34.733046],[-93.166594,34.804002],[-93.154641,34.874335],[-93.134317,34.943365],[-93.105796,35.010424],[-93.069337,35.074859],[-93.025276,35.136045],[-92.974026,35.193382],[-92.916074,35.246312],[-92.851975,35.294314],[-92.782347,35.336918],[-92.707869,35.373704],[-92.629266,35.40431],[-92.54731,35.428434],[-92.462808,35.445838],[-92.376594,35.45635],[-92.289518,35.459865]]]},"properties":{"siteId":"11948","propertyType":"PSI Authorized","category":"3P"}},{"type":"Feature","geometry":{"type":"Polygon","coordinates":[[[-91.8979,36.779076],[-91.809349,36.775559],[-91.721674,36.765043],[-91.635744,36.747632],[-91.552406,36.723498],[-91.472483,36.692879],[-91.396757,36.656079],[-91.325971,36.613461],[-91.260811,36.565443],[-91.201907,36.512498],[-91.149823,36.455145],[-91.105054,36.393946],[-91.068019,36.329499],[-91.039058,36.262431],[-91.018433,36.193393],[-91.00632,36.123056],[-91.002814,36.052099],[-91.007925,35.981205],[-91.021582,35.911057],[-91.04363,35.842327],[-91.073838,35.775673],[-91.111897,35.711729],[-91.157427,35.651106],[-91.209979,35.594377],[-91.269041,35.542081],[-91.334044,35.494712],[-91.404362,35.452718],[-91.479327,35.416493],[-91.558227,35.386379],[-91.640317,35.362659],[-91.724825,35.345555],[-91.810955,35.335228],[-91.8979,35.331775],[-91.984845,35.335228],[-92.070975,35.345555],[-92.155482,35.362659],[-92.237573,35.386379],[-92.316473,35.416493],[-92.391438,35.452718],[-92.461756,35.494712],[-92.526758,35.542081],[-92.585821,35.594377],[-92.638373,35.651106],[-92.683903,35.711729],[-92.721962,35.775673],[-92.75217,35.842327],[-92.774218,35.911057],[-92.787874,35.981205],[-92.792986,36.052099],[-92.78948,36.123056],[-92.777367,36.193393],[-92.756742,36.262431],[-92.727781,36.329499],[-92.690746,36.393946],[-92.645977,36.455145],[-92.593893,36.512498],[-92.534989,36.565443],[-92.469829,36.613461],[-92.399042,36.656079],[-92.323317,36.692879],[-92.243393,36.723498],[-92.160056,36.747632],[-92.074126,36.765043],[-91.986451,36.775559],[-91.8979,36.779076]]]},"properties":{"siteId":"13694","propertyType":"PSI Authorized","category":"3P"}},{"type":"Feature","geometry":{"type":"Polygon","coordinates":[[[-92.231187,35.520101],[-92.144046,35.516585],[-92.057766,35.506073],[-91.973201,35.488669],[-91.891185,35.464545],[-91.812524,35.433938],[-91.73799,35.397151],[-91.668311,35.354547],[-91.604165,35.306544],[-91.54617,35.253614],[-91.494884,35.196275],[-91.450791,35.135089],[-91.414307,35.070653],[-91.385767,35.003594],[-91.365429,34.934564],[-91.353469,34.864231],[-91.349982,34.793274],[-91.354978,34.722379],[-91.368388,34.652227],[-91.390063,34.58349],[-91.419775,34.516826],[-91.457222,34.452871],[-91.502029,34.392234],[-91.553756,34.335491],[-91.6119,34.28318],[-91.675897,34.235797],[-91.745136,34.193788],[-91.818955,34.15755],[-91.896654,34.127425],[-91.977499,34.103695],[-92.060727,34.086585],[-92.145555,34.076254],[-92.231187,34.072799],[-92.316819,34.076254],[-92.401647,34.086585],[-92.484875,34.103695],[-92.56572,34.127425],[-92.643419,34.15755],[-92.717238,34.193788],[-92.786477,34.235797],[-92.850475,34.28318],[-92.908618,34.335491],[-92.960345,34.392234],[-93.005152,34.452871],[-93.042599,34.516826],[-93.072311,34.58349],[-93.093986,34.652227],[-93.107396,34.722379],[-93.112392,34.793274],[-93.108905,34.864231],[-93.096945,34.934564],[-93.076607,35.003594],[-93.048068,35.070653],[-93.011583,35.135089],[-92.967491,35.196275],[-92.916204,35.253614],[-92.858209,35.306544],[-92.794063,35.354547],[-92.724385,35.397151],[-92.649851,35.433938],[-92.57119,35.464545],[-92.489173,35.488669],[-92.404608,35.506073],[-92.318328,35.516585],[-92.231187,35.520101]]]},"properties":{"siteId":"11751","propertyType":"PSI Authorized","category":"3P"}},{"type":"Feature","geometry":{"type":"Polygon","coordinates":[[[-92.024773,34.933457],[-91.93826,34.929942],[-91.852601,34.919432],[-91.768644,34.902031],[-91.687215,34.877911],[-91.609116,34.847309],[-91.535113,34.810529],[-91.465927,34.767931],[-91.402232,34.719934],[-91.344643,34.667011],[-91.293711,34.609679],[-91.249919,34.548499],[-91.21368,34.484068],[-91.185328,34.417013],[-91.165118,34.347986],[-91.153226,34.277655],[-91.149747,34.206699],[-91.154692,34.135803],[-91.167993,34.065649],[-91.189502,33.996908],[-91.218993,33.93024],[-91.256166,33.866279],[-91.300652,33.805637],[-91.352012,33.748887],[-91.409746,33.69657],[-91.473297,33.64918],[-91.542055,33.607165],[-91.615364,33.570921],[-91.692529,33.540791],[-91.772819,33.517057],[-91.855477,33.499943],[-91.939726,33.48961],[-92.024773,33.486155],[-92.109821,33.48961],[-92.194069,33.499943],[-92.276728,33.517057],[-92.357018,33.540791],[-92.434182,33.570921],[-92.507492,33.607165],[-92.576249,33.64918],[-92.6398,33.69657],[-92.697534,33.748887],[-92.748894,33.805637],[-92.79338,33.866279],[-92.830554,33.93024],[-92.860045,33.996908],[-92.881554,34.065649],[-92.894854,34.135803],[-92.8998,34.206699],[-92.89632,34.277655],[-92.884429,34.347986],[-92.864219,34.417013],[-92.835866,34.484068],[-92.799627,34.548499],[-92.755836,34.609679],[-92.704904,34.667011],[-92.647314,34.719934],[-92.583619,34.767931],[-92.514434,34.810529],[-92.44043,34.847309],[-92.362331,34.877911],[-92.280903,34.902031],[-92.196945,34.919432],[-92.111287,34.929942],[-92.024773,34.933457]]]},"properties":{"siteId":"11696","propertyType":"PSI Authorized","category":"3P"}},{"type":"Feature","geometry":{"type":"Polygon","coordinates":[[[-91.732548,35.938132],[-91.644948,35.934616],[-91.558215,35.924103],[-91.473206,35.906696],[-91.39076,35.882569],[-91.311688,35.851958],[-91.236767,35.815167],[-91.166728,35.772558],[-91.102252,35.72455],[-91.043962,35.671615],[-90.992416,35.614272],[-90.948103,35.553082],[-90.91144,35.488642],[-90.882763,35.42158],[-90.862332,35.352547],[-90.850322,35.282213],[-90.846829,35.211256],[-90.851863,35.140362],[-90.865353,35.070211],[-90.887149,35.001476],[-90.917022,34.934815],[-90.954668,34.870864],[-90.99971,34.810231],[-91.051706,34.753493],[-91.110148,34.701187],[-91.174472,34.653808],[-91.244062,34.611804],[-91.318254,34.575571],[-91.396344,34.545449],[-91.477593,34.521723],[-91.561237,34.504614],[-91.646489,34.494285],[-91.732548,34.490831],[-91.818607,34.494285],[-91.903858,34.504614],[-91.987502,34.521723],[-92.068752,34.545449],[-92.146842,34.575571],[-92.221033,34.611804],[-92.290623,34.653808],[-92.354947,34.701187],[-92.41339,34.753493],[-92.465385,34.810231],[-92.510427,34.870864],[-92.548073,34.934815],[-92.577946,35.001476],[-92.599743,35.070211],[-92.613233,35.140362],[-92.618267,35.211256],[-92.614773,35.282213],[-92.602764,35.352547],[-92.582332,35.42158],[-92.553656,35.488642],[-92.516992,35.553082],[-92.47268,35.614272],[-92.421134,35.671615],[-92.362843,35.72455],[-92.298368,35.772558],[-92.228329,35.815167],[-92.153407,35.851958],[-92.074336,35.882569],[-91.99189,35.906696],[-91.90688,35.924103],[-91.820147,35.934616],[-91.732548,35.938132]]]},"properties":{"siteId":"9103","propertyType":"PSI Authorized","category":"3P"}},{"type":"Feature","geometry":{"type":"Polygon","coordinates":[[[-118.79249,34.868384],[-118.706045,34.864869],[-118.620454,34.854359],[-118.536563,34.836959],[-118.455198,34.812839],[-118.377161,34.782238],[-118.303215,34.745458],[-118.234084,34.702861],[-118.170438,34.654865],[-118.112893,34.601943],[-118.061999,34.544611],[-118.018241,34.483432],[-117.982028,34.419002],[-117.953696,34.351947],[-117.933501,34.28292],[-117.921616,34.212589],[-117.918138,34.141634],[-117.923077,34.070738],[-117.936366,34.000583],[-117.957857,33.931842],[-117.987324,33.865173],[-118.024468,33.801212],[-118.068919,33.740569],[-118.120238,33.683819],[-118.177928,33.631501],[-118.24143,33.58411],[-118.310135,33.542094],[-118.383389,33.50585],[-118.460495,33.475719],[-118.540725,33.451985],[-118.623321,33.43487],[-118.707506,33.424537],[-118.79249,33.421082],[-118.877473,33.424537],[-118.961659,33.43487],[-119.044255,33.451985],[-119.124485,33.475719],[-119.201591,33.50585],[-119.274844,33.542094],[-119.34355,33.58411],[-119.407052,33.631501],[-119.464741,33.683819],[-119.516061,33.740569],[-119.560512,33.801212],[-119.597656,33.865173],[-119.627123,33.931842],[-119.648613,34.000583],[-119.661902,34.070738],[-119.666842,34.141634],[-119.663363,34.212589],[-119.651479,34.28292],[-119.631283,34.351947],[-119.602951,34.419002],[-119.566739,34.483432],[-119.52298,34.544611],[-119.472087,34.601943],[-119.414541,34.654865],[-119.350896,34.702861],[-119.281764,34.745458],[-119.207819,34.782238],[-119.129781,34.812839],[-119.048417,34.836959],[-118.964525,34.854359],[-118.878935,34.864869],[-118.79249,34.868384]]]},"properties":{"siteId":"6712","propertyType":"PSI Owned","category":"OO"}},{"type":"Feature","geometry":{"type":"Polygon","coordinates":[[[-124.081525,41.597718],[-123.986684,41.594195],[-123.892787,41.58366],[-123.800768,41.566219],[-123.711539,41.542045],[-123.625983,41.511379],[-123.544944,41.474524],[-123.469215,41.431845],[-123.399534,41.383766],[-123.336575,41.330759],[-123.280939,41.273347],[-123.233154,41.212094],[-123.193663,41.1476],[-123.162829,41.080493],[-123.140922,41.011428],[-123.128129,40.941074],[-123.124543,40.870112],[-123.130169,40.799226],[-123.144925,40.729097],[-123.168639,40.660397],[-123.201059,40.593782],[-123.241851,40.529887],[-123.290603,40.469318],[-123.346835,40.412648],[-123.409995,40.360413],[-123.479475,40.313105],[-123.554609,40.271168],[-123.634682,40.234997],[-123.718937,40.20493],[-123.80658,40.181248],[-123.896791,40.164173],[-123.988726,40.153863],[-124.081525,40.150416],[-124.174325,40.153863],[-124.26626,40.164173],[-124.35647,40.181248],[-124.444114,40.20493],[-124.528369,40.234997],[-124.608442,40.271168],[-124.683576,40.313105],[-124.753056,40.360413],[-124.816216,40.412648],[-124.872447,40.469318],[-124.9212,40.529887],[-124.961991,40.593782],[-124.994412,40.660397],[-125.018126,40.729097],[-125.032881,40.799226],[-125.038508,40.870112],[-125.034922,40.941074],[-125.022129,41.011428],[-125.000222,41.080493],[-124.969387,41.1476],[-124.929897,41.212094],[-124.882111,41.273347],[-124.826476,41.330759],[-124.763517,41.383766],[-124.693836,41.431845],[-124.618107,41.474524],[-124.537068,41.511379],[-124.451512,41.542045],[-124.362283,41.566219],[-124.270264,41.58366],[-124.176367,41.594195],[-124.081525,41.597718]]]},"properties":{"siteId":"6702","propertyType":"PSI Authorized","category":"3P"}},{"type":"Feature","geometry":{"type":"Polygon","coordinates":[[[-120.667023,36.20204],[-120.579129,36.198523],[-120.492105,36.188009],[-120.406811,36.170601],[-120.324089,36.146471],[-120.244754,36.115858],[-120.169583,36.079064],[-120.099313,36.036452],[-120.034626,35.988441],[-119.976146,35.935503],[-119.924433,35.878157],[-119.87998,35.816964],[-119.843201,35.752522],[-119.814436,35.685458],[-119.793945,35.616424],[-119.781904,35.546088],[-119.778406,35.475132],[-119.783464,35.404238],[-119.797006,35.334088],[-119.81888,35.265354],[-119.848857,35.198695],[-119.88663,35.134747],[-119.931824,35.074117],[-119.983991,35.017382],[-120.042625,34.965079],[-120.107159,34.917703],[-120.176975,34.875702],[-120.251405,34.839471],[-120.329746,34.809352],[-120.411256,34.785627],[-120.495167,34.76852],[-120.58069,34.758192],[-120.667023,34.754738],[-120.753356,34.758192],[-120.83888,34.76852],[-120.922791,34.785627],[-121.0043,34.809352],[-121.082641,34.839471],[-121.157072,34.875702],[-121.226887,34.917703],[-121.291421,34.965079],[-121.350055,35.017382],[-121.402223,35.074117],[-121.447416,35.134747],[-121.485189,35.198695],[-121.515166,35.265354],[-121.53704,35.334088],[-121.550582,35.404238],[-121.55564,35.475132],[-121.552143,35.546088],[-121.540101,35.616424],[-121.51961,35.685458],[-121.490845,35.752522],[-121.454067,35.816964],[-121.409613,35.878157],[-121.357901,35.935503],[-121.29942,35.988441],[-121.234733,36.036452],[-121.164463,36.079064],[-121.089293,36.115858],[-121.009957,36.146471],[-120.927235,36.170601],[-120.841941,36.188009],[-120.754917,36.198523],[-120.667023,36.20204]]]},"properties":{"siteId":"5018","propertyType":"PSI Owned","category":"OO"}},{"type":"Feature","geometry":{"type":"Polygon","coordinates":[[[-119.061303,36.07783],[-118.973548,36.074314],[-118.886661,36.0638],[-118.801502,36.046393],[-118.71891,36.022264],[-118.639699,35.991653],[-118.564647,35.95486],[-118.494486,35.912249],[-118.429898,35.86424],[-118.371508,35.811303],[-118.319874,35.753958],[-118.275487,35.692767],[-118.238763,35.628326],[-118.21004,35.561263],[-118.189577,35.492229],[-118.17755,35.421894],[-118.174055,35.350937],[-118.179101,35.280043],[-118.192619,35.209893],[-118.214456,35.141159],[-118.244384,35.074499],[-118.282097,35.010549],[-118.327219,34.949918],[-118.379305,34.893181],[-118.437849,34.840877],[-118.502284,34.7935],[-118.571993,34.751497],[-118.646311,34.715265],[-118.724533,34.685145],[-118.80592,34.661419],[-118.889704,34.644312],[-118.975099,34.633983],[-119.061303,34.630529],[-119.147507,34.633983],[-119.232902,34.644312],[-119.316687,34.661419],[-119.398073,34.685145],[-119.476295,34.715265],[-119.550613,34.751497],[-119.620322,34.7935],[-119.684757,34.840877],[-119.743301,34.893181],[-119.795387,34.949918],[-119.840509,35.010549],[-119.878222,35.074499],[-119.90815,35.141159],[-119.929987,35.209893],[-119.943505,35.280043],[-119.948551,35.350937],[-119.945056,35.421894],[-119.933029,35.492229],[-119.912566,35.561263],[-119.883843,35.628326],[-119.847119,35.692767],[-119.802732,35.753958],[-119.751098,35.811303],[-119.692708,35.86424],[-119.62812,35.912249],[-119.557959,35.95486],[-119.482907,35.991653],[-119.403696,36.022264],[-119.321104,36.046393],[-119.235945,36.0638],[-119.149058,36.074314],[-119.061303,36.07783]]]},"properties":{"siteId":"5019","propertyType":"PSI Owned","category":"OO"}},{"type":"Feature","geometry":{"type":"Polygon","coordinates":[[[-118.304575,34.903353],[-118.218093,34.899838],[-118.132466,34.889328],[-118.048539,34.871927],[-117.96714,34.847807],[-117.88907,34.817206],[-117.815093,34.780426],[-117.745933,34.737828],[-117.682261,34.689832],[-117.624692,34.636909],[-117.573777,34.579578],[-117.530001,34.518398],[-117.493774,34.453967],[-117.465431,34.386913],[-117.445228,34.317885],[-117.43334,34.247554],[-117.429861,34.176599],[-117.434803,34.105703],[-117.448099,34.035548],[-117.469599,33.966808],[-117.499079,33.900139],[-117.536239,33.836178],[-117.580708,33.775535],[-117.63205,33.718786],[-117.689763,33.666468],[-117.753291,33.619077],[-117.822025,33.577062],[-117.895308,33.540818],[-117.972446,33.510687],[-118.052708,33.486953],[-118.135338,33.469839],[-118.219557,33.459506],[-118.304575,33.456051],[-118.389593,33.459506],[-118.473812,33.469839],[-118.556442,33.486953],[-118.636704,33.510687],[-118.713841,33.540818],[-118.787125,33.577062],[-118.855858,33.619077],[-118.919387,33.666468],[-118.9771,33.718786],[-119.028441,33.775535],[-119.072911,33.836178],[-119.110071,33.900139],[-119.139551,33.966808],[-119.161051,34.035548],[-119.174346,34.105703],[-119.179289,34.176599],[-119.17581,34.247554],[-119.163922,34.317885],[-119.143719,34.386913],[-119.115375,34.453967],[-119.079149,34.518398],[-119.035373,34.579578],[-118.984458,34.636909],[-118.926889,34.689832],[-118.863217,34.737828],[-118.794057,34.780426],[-118.72008,34.817206],[-118.64201,34.847807],[-118.560611,34.871927],[-118.476684,34.889328],[-118.391057,34.899838],[-118.304575,34.903353]]]},"properties":{"siteId":"12285","propertyType":"PSI Authorized","category":"3P"}},{"type":"Feature","geometry":{"type":"Polygon","coordinates":[[[-117.060305,34.723731],[-116.974012,34.720217],[-116.888571,34.709707],[-116.804826,34.692308],[-116.723604,34.668189],[-116.645702,34.637589],[-116.571884,34.600811],[-116.502872,34.558215],[-116.439335,34.510221],[-116.381888,34.4573],[-116.33108,34.399971],[-116.287394,34.338793],[-116.251241,34.274364],[-116.222954,34.20731],[-116.202789,34.138284],[-116.190921,34.067953],[-116.187445,33.996998],[-116.192372,33.926102],[-116.205634,33.855947],[-116.227085,33.787205],[-116.256499,33.720535],[-116.293577,33.656573],[-116.33795,33.595928],[-116.389181,33.539176],[-116.446772,33.486857],[-116.510166,33.439464],[-116.578755,33.397447],[-116.651885,33.361201],[-116.728863,33.331069],[-116.808958,33.307334],[-116.891417,33.290219],[-116.975463,33.279885],[-117.060305,33.276429],[-117.145148,33.279885],[-117.229193,33.290219],[-117.311652,33.307334],[-117.391748,33.331069],[-117.468725,33.361201],[-117.541855,33.397447],[-117.610445,33.439464],[-117.673839,33.486857],[-117.731429,33.539176],[-117.782661,33.595928],[-117.827034,33.656573],[-117.864112,33.720535],[-117.893526,33.787205],[-117.914976,33.855947],[-117.928238,33.926102],[-117.933166,33.996998],[-117.929689,34.067953],[-117.917821,34.138284],[-117.897656,34.20731],[-117.86937,34.274364],[-117.833216,34.338793],[-117.789531,34.399971],[-117.738723,34.4573],[-117.681275,34.510221],[-117.617738,34.558215],[-117.548726,34.600811],[-117.474908,34.637589],[-117.397007,34.668189],[-117.315784,34.692308],[-117.232039,34.709707],[-117.146599,34.720217],[-117.060305,34.723731]]]},"properties":{"siteId":"11934","propertyType":"PSI Authorized","category":"3P"}},{"type":"Feature","geometry":{"type":"Polygon","coordinates":[[[-118.265721,34.596554],[-118.179559,34.593039],[-118.09425,34.58253],[-118.010633,34.565131],[-117.929535,34.541013],[-117.851751,34.510415],[-117.778045,34.473638],[-117.709137,34.431044],[-117.645695,34.383051],[-117.588333,34.330132],[-117.5376,34.272803],[-117.493978,34.211627],[-117.457876,34.147199],[-117.429629,34.080146],[-117.409491,34.011121],[-117.397638,33.94079],[-117.394163,33.869835],[-117.399079,33.798939],[-117.412318,33.728783],[-117.433734,33.660041],[-117.463101,33.59337],[-117.500122,33.529407],[-117.544427,33.46876],[-117.595581,33.412007],[-117.653085,33.359686],[-117.716385,33.312292],[-117.784873,33.270274],[-117.857896,33.234027],[-117.93476,33.203893],[-118.014739,33.180157],[-118.097078,33.163042],[-118.181001,33.152707],[-118.265721,33.149252],[-118.35044,33.152707],[-118.434363,33.163042],[-118.516702,33.180157],[-118.596681,33.203893],[-118.673545,33.234027],[-118.746568,33.270274],[-118.815056,33.312292],[-118.878356,33.359686],[-118.935861,33.412007],[-118.987014,33.46876],[-119.03132,33.529407],[-119.06834,33.59337],[-119.097707,33.660041],[-119.119123,33.728783],[-119.132362,33.798939],[-119.137278,33.869835],[-119.133804,33.94079],[-119.12195,34.011121],[-119.101812,34.080146],[-119.073565,34.147199],[-119.037463,34.211627],[-118.993841,34.272803],[-118.943108,34.330132],[-118.885746,34.383051],[-118.822304,34.431044],[-118.753396,34.473638],[-118.67969,34.510415],[-118.601907,34.541013],[-118.520808,34.565131],[-118.437192,34.58253],[-118.351882,34.593039],[-118.265721,34.596554]]]},"properties":{"siteId":"5020","propertyType":"PSI Owned","category":"OO"}},{"type":"Feature","geometry":{"type":"Polygon","coordinates":[[[-117.831138,34.723032],[-117.744845,34.719517],[-117.659405,34.709008],[-117.575661,34.691609],[-117.494439,34.66749],[-117.416538,34.63689],[-117.342721,34.600112],[-117.273709,34.557516],[-117.210173,34.509522],[-117.152726,34.456601],[-117.101919,34.399272],[-117.058233,34.338094],[-117.02208,34.273665],[-116.993794,34.206611],[-116.973629,34.137585],[-116.961761,34.067254],[-116.958285,33.996299],[-116.963212,33.925403],[-116.976474,33.855248],[-116.997924,33.786506],[-117.027338,33.719836],[-117.064416,33.655874],[-117.108788,33.595229],[-117.160019,33.538477],[-117.217609,33.486158],[-117.281003,33.438765],[-117.349592,33.396748],[-117.422722,33.360502],[-117.499698,33.33037],[-117.579793,33.306634],[-117.662251,33.28952],[-117.746296,33.279186],[-117.831138,33.27573],[-117.91598,33.279186],[-118.000025,33.28952],[-118.082483,33.306634],[-118.162578,33.33037],[-118.239554,33.360502],[-118.312684,33.396748],[-118.381273,33.438765],[-118.444667,33.486158],[-118.502257,33.538477],[-118.553488,33.595229],[-118.59786,33.655874],[-118.634938,33.719836],[-118.664352,33.786506],[-118.685802,33.855248],[-118.699064,33.925403],[-118.703991,33.996299],[-118.700515,34.067254],[-118.688647,34.137585],[-118.668482,34.206611],[-118.640196,34.273665],[-118.604043,34.338094],[-118.560357,34.399272],[-118.50955,34.456601],[-118.452103,34.509522],[-118.388566,34.557516],[-118.319555,34.600112],[-118.245738,34.63689],[-118.167837,34.66749],[-118.086615,34.691609],[-118.002871,34.709008],[-117.917431,34.719517],[-117.831138,34.723032]]]},"properties":{"siteId":"6115","propertyType":"PSI Owned","category":"OO"}},{"type":"Feature","geometry":{"type":"Polygon","coordinates":[[[-119.782425,37.539331],[-119.692979,37.535813],[-119.60442,37.525294],[-119.517623,37.507878],[-119.433447,37.483738],[-119.352722,37.453112],[-119.27624,37.416304],[-119.20475,37.373676],[-119.138947,37.325649],[-119.079466,37.272695],[-119.026876,37.215334],[-118.981678,37.154127],[-118.944293,37.089672],[-118.915065,37.022598],[-118.894257,36.953557],[-118.882047,36.883217],[-118.87853,36.812259],[-118.883714,36.741367],[-118.897527,36.671222],[-118.919812,36.602496],[-118.950335,36.535848],[-118.988783,36.471911],[-119.034771,36.411296],[-119.087847,36.354576],[-119.147493,36.302289],[-119.213132,36.254929],[-119.284136,36.212943],[-119.359828,36.176726],[-119.43949,36.146619],[-119.522371,36.122905],[-119.60769,36.105805],[-119.694647,36.095481],[-119.782425,36.092029],[-119.870204,36.095481],[-119.957161,36.105805],[-120.04248,36.122905],[-120.12536,36.146619],[-120.205023,36.176726],[-120.280715,36.212943],[-120.351719,36.254929],[-120.417358,36.302289],[-120.477004,36.354576],[-120.53008,36.411296],[-120.576068,36.471911],[-120.614516,36.535848],[-120.645039,36.602496],[-120.667324,36.671222],[-120.681136,36.741367],[-120.686321,36.812259],[-120.682803,36.883217],[-120.670594,36.953557],[-120.649786,37.022598],[-120.620558,37.089672],[-120.583173,37.154127],[-120.537974,37.215334],[-120.485385,37.272695],[-120.425904,37.325649],[-120.360101,37.373676],[-120.288611,37.416304],[-120.212129,37.453112],[-120.131404,37.483738],[-120.047228,37.507878],[-119.960431,37.525294],[-119.871872,37.535813],[-119.782425,37.539331]]]},"properties":{"siteId":"5029","propertyType":"PSI Owned","category":"OO"}},{"type":"Feature","geometry":{"type":"Polygon","coordinates":[[[-118.25519,34.878506],[-118.168734,34.874992],[-118.083133,34.864482],[-117.999232,34.847081],[-117.917857,34.822962],[-117.83981,34.792361],[-117.765855,34.75558],[-117.696716,34.712983],[-117.633062,34.664988],[-117.57551,34.612065],[-117.524611,34.554733],[-117.480847,34.493554],[-117.44463,34.429123],[-117.416295,34.362069],[-117.396097,34.293042],[-117.384212,34.222711],[-117.380733,34.151755],[-117.385674,34.080859],[-117.398964,34.010705],[-117.420458,33.941964],[-117.449929,33.875295],[-117.487077,33.811334],[-117.531533,33.750691],[-117.582859,33.693941],[-117.640556,33.641623],[-117.704065,33.594232],[-117.772779,33.552217],[-117.846041,33.515972],[-117.923156,33.485842],[-118.003395,33.462107],[-118.086001,33.444993],[-118.170196,33.43466],[-118.25519,33.431205],[-118.340183,33.43466],[-118.424379,33.444993],[-118.506985,33.462107],[-118.587223,33.485842],[-118.664339,33.515972],[-118.737601,33.552217],[-118.806315,33.594232],[-118.869824,33.641623],[-118.92752,33.693941],[-118.978847,33.750691],[-119.023303,33.811334],[-119.060451,33.875295],[-119.089922,33.941964],[-119.111415,34.010705],[-119.124706,34.080859],[-119.129647,34.151755],[-119.126168,34.222711],[-119.114283,34.293042],[-119.094085,34.362069],[-119.065749,34.429123],[-119.029533,34.493554],[-118.985769,34.554733],[-118.93487,34.612065],[-118.877318,34.664988],[-118.813664,34.712983],[-118.744524,34.75558],[-118.67057,34.792361],[-118.592523,34.822962],[-118.511148,34.847081],[-118.427247,34.864482],[-118.341646,34.874992],[-118.25519,34.878506]]]},"properties":{"siteId":"17067","propertyType":"PSI Owned","category":"OO"}},{"type":"Feature","geometry":{"type":"Polygon","coordinates":[[[-117.828208,34.414542],[-117.742235,34.411027],[-117.657111,34.400519],[-117.573676,34.383121],[-117.492754,34.359005],[-117.415139,34.328408],[-117.341592,34.291632],[-117.272831,34.24904],[-117.209525,34.20105],[-117.152284,34.148132],[-117.101657,34.090806],[-117.058125,34.029631],[-117.022096,33.965205],[-116.993905,33.898154],[-116.973806,33.829129],[-116.961973,33.758799],[-116.9585,33.687844],[-116.963401,33.616948],[-116.976608,33.546791],[-116.997973,33.478048],[-117.027274,33.411376],[-117.064214,33.347411],[-117.108422,33.286763],[-117.159466,33.230008],[-117.216848,33.177685],[-117.280014,33.130289],[-117.348358,33.088268],[-117.421229,33.052019],[-117.497933,33.021884],[-117.577746,32.998147],[-117.659914,32.98103],[-117.743664,32.970696],[-117.828208,32.96724],[-117.912752,32.970696],[-117.996502,32.98103],[-118.078671,32.998147],[-118.158483,33.021884],[-118.235188,33.052019],[-118.308058,33.088268],[-118.376402,33.130289],[-118.439568,33.177685],[-118.49695,33.230008],[-118.547994,33.286763],[-118.592203,33.347411],[-118.629142,33.411376],[-118.658443,33.478048],[-118.679808,33.546791],[-118.693015,33.616948],[-118.697916,33.687844],[-118.694444,33.758799],[-118.682611,33.829129],[-118.662511,33.898154],[-118.63432,33.965205],[-118.598292,34.029631],[-118.55476,34.090806],[-118.504133,34.148132],[-118.446892,34.20105],[-118.383585,34.24904],[-118.314825,34.291632],[-118.241278,34.328408],[-118.163662,34.359005],[-118.08274,34.383121],[-117.999305,34.400519],[-117.914181,34.411027],[-117.828208,34.414542]]]},"properties":{"siteId":"11985","propertyType":"PSI Owned","category":"OO"}},{"type":"Feature","geometry":{"type":"Polygon","coordinates":[[[-118.146998,35.40939],[-118.059977,35.405874],[-117.973816,35.395363],[-117.889367,35.377959],[-117.807463,35.353835],[-117.728909,35.32323],[-117.654476,35.286444],[-117.584892,35.243841],[-117.520832,35.195839],[-117.462915,35.14291],[-117.411696,35.085573],[-117.367661,35.024388],[-117.331223,34.959953],[-117.302719,34.892895],[-117.282406,34.823865],[-117.270459,34.753532],[-117.266973,34.682576],[-117.271959,34.611681],[-117.285349,34.541528],[-117.306992,34.47279],[-117.336662,34.406125],[-117.374056,34.342169],[-117.418802,34.281531],[-117.470459,34.224787],[-117.528524,34.172475],[-117.592437,34.125091],[-117.661584,34.083081],[-117.735306,34.046842],[-117.812903,34.016716],[-117.893641,33.992985],[-117.976761,33.975874],[-118.061478,33.965543],[-118.146998,33.962088],[-118.232519,33.965543],[-118.317236,33.975874],[-118.400356,33.992985],[-118.481094,34.016716],[-118.558691,34.046842],[-118.632413,34.083081],[-118.70156,34.125091],[-118.765472,34.172475],[-118.823538,34.224787],[-118.875195,34.281531],[-118.919941,34.342169],[-118.957335,34.406125],[-118.987005,34.47279],[-119.008648,34.541528],[-119.022037,34.611681],[-119.027024,34.682576],[-119.023538,34.753532],[-119.011591,34.823865],[-118.991278,34.892895],[-118.962774,34.959953],[-118.926336,35.024388],[-118.882301,35.085573],[-118.831082,35.14291],[-118.773165,35.195839],[-118.709105,35.243841],[-118.639521,35.286444],[-118.565088,35.32323],[-118.486534,35.353835],[-118.40463,35.377959],[-118.320181,35.395363],[-118.23402,35.405874],[-118.146998,35.40939]]]},"properties":{"siteId":"18843","propertyType":"PSI Authorized","category":"3P"}},{"type":"Feature","geometry":{"type":"Polygon","coordinates":[[[-118.352757,34.610011],[-118.266582,34.606496],[-118.181258,34.595987],[-118.097628,34.578588],[-118.016516,34.55447],[-117.93872,34.523872],[-117.865003,34.487094],[-117.796084,34.4445],[-117.732632,34.396508],[-117.675261,34.343588],[-117.62452,34.286259],[-117.580891,34.225083],[-117.544784,34.160655],[-117.516532,34.093602],[-117.496391,34.024576],[-117.484537,33.954246],[-117.481062,33.883291],[-117.485979,33.812394],[-117.499221,33.742239],[-117.52064,33.673497],[-117.550012,33.606826],[-117.587039,33.542863],[-117.631351,33.482216],[-117.682513,33.425464],[-117.740027,33.373143],[-117.803336,33.325749],[-117.871835,33.28373],[-117.944869,33.247484],[-118.021746,33.21735],[-118.101737,33.193614],[-118.184088,33.176499],[-118.268025,33.166165],[-118.352757,33.162709],[-118.437489,33.166165],[-118.521425,33.176499],[-118.603777,33.193614],[-118.683768,33.21735],[-118.760644,33.247484],[-118.833679,33.28373],[-118.902177,33.325749],[-118.965487,33.373143],[-119.023001,33.425464],[-119.074163,33.482216],[-119.118475,33.542863],[-119.155502,33.606826],[-119.184874,33.673497],[-119.206293,33.742239],[-119.219535,33.812394],[-119.224452,33.883291],[-119.220977,33.954246],[-119.209122,34.024576],[-119.188982,34.093602],[-119.16073,34.160655],[-119.124623,34.225083],[-119.080994,34.286259],[-119.030253,34.343588],[-118.972882,34.396508],[-118.90943,34.4445],[-118.840511,34.487094],[-118.766793,34.523872],[-118.688997,34.55447],[-118.607886,34.578588],[-118.524256,34.595987],[-118.438932,34.606496],[-118.352757,34.610011]]]},"properties":{"siteId":"6116","propertyType":"PSI Owned","category":"OO"}},{"type":"Feature","geometry":{"type":"Polygon","coordinates":[[[-118.189422,34.549705],[-118.10331,34.546191],[-118.018048,34.535682],[-117.934479,34.518284],[-117.853425,34.494166],[-117.775685,34.463568],[-117.702021,34.426791],[-117.63315,34.384198],[-117.569744,34.336206],[-117.512413,34.283287],[-117.461707,34.225959],[-117.418108,34.164783],[-117.382026,34.100355],[-117.353793,34.033303],[-117.333665,33.964278],[-117.321817,33.893948],[-117.318342,33.822992],[-117.323255,33.752096],[-117.336486,33.68194],[-117.357888,33.613198],[-117.387238,33.546526],[-117.424238,33.482563],[-117.468518,33.421916],[-117.519644,33.365163],[-117.577116,33.312841],[-117.640382,33.265446],[-117.708832,33.223427],[-117.781816,33.18718],[-117.858639,33.157046],[-117.938575,33.133309],[-118.02087,33.116194],[-118.104748,33.105859],[-118.189422,33.102404],[-118.274097,33.105859],[-118.357975,33.116194],[-118.44027,33.133309],[-118.520206,33.157046],[-118.597029,33.18718],[-118.670012,33.223427],[-118.738463,33.265446],[-118.801729,33.312841],[-118.859201,33.365163],[-118.910327,33.421916],[-118.954607,33.482563],[-118.991607,33.546526],[-119.020957,33.613198],[-119.042359,33.68194],[-119.05559,33.752096],[-119.060503,33.822992],[-119.057028,33.893948],[-119.04518,33.964278],[-119.025052,34.033303],[-118.996819,34.100355],[-118.960737,34.164783],[-118.917138,34.225959],[-118.866432,34.283287],[-118.809101,34.336206],[-118.745695,34.384198],[-118.676824,34.426791],[-118.60316,34.463568],[-118.52542,34.494166],[-118.444366,34.518284],[-118.360797,34.535682],[-118.275535,34.546191],[-118.189422,34.549705]]]},"properties":{"siteId":"12441","propertyType":"PSI Authorized","category":"3P"}},{"type":"Feature","geometry":{"type":"Polygon","coordinates":[[[-118.292983,34.787308],[-118.206624,34.783794],[-118.121117,34.773284],[-118.037308,34.755884],[-117.956023,34.731765],[-117.878062,34.701165],[-117.804188,34.664386],[-117.735124,34.621789],[-117.671539,34.573795],[-117.614049,34.520873],[-117.563203,34.463543],[-117.519486,34.402364],[-117.483306,34.337934],[-117.455,34.270881],[-117.434821,34.201854],[-117.422946,34.131523],[-117.419469,34.060568],[-117.424401,33.989672],[-117.437675,33.919517],[-117.459143,33.850775],[-117.488581,33.784106],[-117.525688,33.720144],[-117.570095,33.6595],[-117.621365,33.602749],[-117.678999,33.55043],[-117.74244,33.503038],[-117.81108,33.461022],[-117.884265,33.424777],[-117.961299,33.394645],[-118.041453,33.37091],[-118.123972,33.353795],[-118.208079,33.343462],[-118.292983,33.340007],[-118.377888,33.343462],[-118.461995,33.353795],[-118.544514,33.37091],[-118.624668,33.394645],[-118.701702,33.424777],[-118.774886,33.461022],[-118.843527,33.503038],[-118.906968,33.55043],[-118.964602,33.602749],[-119.015872,33.6595],[-119.060279,33.720144],[-119.097386,33.784106],[-119.126823,33.850775],[-119.148291,33.919517],[-119.161566,33.989672],[-119.166498,34.060568],[-119.163021,34.131523],[-119.151146,34.201854],[-119.130967,34.270881],[-119.102661,34.337934],[-119.066481,34.402364],[-119.022764,34.463543],[-118.971918,34.520873],[-118.914428,34.573795],[-118.850843,34.621789],[-118.781779,34.664386],[-118.707905,34.701165],[-118.629944,34.731765],[-118.548659,34.755884],[-118.46485,34.773284],[-118.379343,34.783794],[-118.292983,34.787308]]]},"properties":{"siteId":"6283","propertyType":"TD TESTING","category":"3P"}},{"type":"Feature","geometry":{"type":"Polygon","coordinates":[[[-121.061244,38.41392],[-120.970726,38.410401],[-120.881105,38.399879],[-120.793271,38.382458],[-120.70809,38.358311],[-120.626405,38.327677],[-120.549018,38.290859],[-120.476685,38.248221],[-120.410111,38.200183],[-120.349939,38.147218],[-120.296744,38.089846],[-120.251031,38.02863],[-120.213227,37.964167],[-120.18368,37.897086],[-120.162653,37.82804],[-120.150327,37.757697],[-120.146796,37.686738],[-120.152068,37.615847],[-120.166068,37.545705],[-120.188637,37.476985],[-120.219536,37.410344],[-120.25845,37.346416],[-120.304988,37.28581],[-120.358691,37.2291],[-120.419035,37.176824],[-120.485438,37.129475],[-120.557263,37.087499],[-120.633826,37.051292],[-120.714401,37.021193],[-120.798229,36.997485],[-120.884521,36.98039],[-120.972467,36.970069],[-121.061244,36.966618],[-121.150021,36.970069],[-121.237967,36.98039],[-121.324259,36.997485],[-121.408086,37.021193],[-121.488662,37.051292],[-121.565225,37.087499],[-121.63705,37.129475],[-121.703453,37.176824],[-121.763797,37.2291],[-121.8175,37.28581],[-121.864038,37.346416],[-121.902951,37.410344],[-121.933851,37.476985],[-121.95642,37.545705],[-121.97042,37.615847],[-121.975692,37.686738],[-121.972161,37.757697],[-121.959835,37.82804],[-121.938808,37.897086],[-121.909261,37.964167],[-121.871457,38.02863],[-121.825744,38.089846],[-121.772549,38.147218],[-121.712377,38.200183],[-121.645802,38.248221],[-121.57347,38.290859],[-121.496083,38.327677],[-121.414397,38.358311],[-121.329217,38.382458],[-121.241383,38.399879],[-121.151762,38.410401],[-121.061244,38.41392]]]},"properties":{"siteId":"6270","propertyType":"TD TESTING","category":"3P"}},{"type":"Feature","geometry":{"type":"Polygon","coordinates":[[[-122.352942,41.289502],[-122.25855,41.285979],[-122.165097,41.275446],[-122.073513,41.258007],[-121.984705,41.233836],[-121.899551,41.203172],[-121.818891,41.166321],[-121.743516,41.123647],[-121.674158,41.075571],[-121.611488,41.022569],[-121.556106,40.965161],[-121.508536,40.903912],[-121.469221,40.839421],[-121.438519,40.772317],[-121.416704,40.703253],[-121.40396,40.632901],[-121.400379,40.561939],[-121.405969,40.491052],[-121.420645,40.420922],[-121.444241,40.35222],[-121.476503,40.285602],[-121.517099,40.221704],[-121.565621,40.161131],[-121.62159,40.104457],[-121.684458,40.052218],[-121.753618,40.004906],[-121.828408,39.962965],[-121.908116,39.92679],[-121.991989,39.89672],[-122.079236,39.873035],[-122.16904,39.855958],[-122.26056,39.845647],[-122.352942,39.8422],[-122.445323,39.845647],[-122.536843,39.855958],[-122.626647,39.873035],[-122.713894,39.89672],[-122.797767,39.92679],[-122.877475,39.962965],[-122.952265,40.004906],[-123.021425,40.052218],[-123.084293,40.104457],[-123.140262,40.161131],[-123.188784,40.221704],[-123.22938,40.285602],[-123.261642,40.35222],[-123.285238,40.420922],[-123.299915,40.491052],[-123.305504,40.561939],[-123.301924,40.632901],[-123.289179,40.703253],[-123.267364,40.772317],[-123.236663,40.839421],[-123.197347,40.903912],[-123.149777,40.965161],[-123.094395,41.022569],[-123.031725,41.075571],[-122.962368,41.123647],[-122.886992,41.166321],[-122.806332,41.203172],[-122.721179,41.233836],[-122.63237,41.258007],[-122.540786,41.275446],[-122.447333,41.285979],[-122.352942,41.289502]]]},"properties":{"siteId":"5022","propertyType":"PSI Owned","category":"OO"}},{"type":"Feature","geometry":{"type":"Polygon","coordinates":[[[-117.390132,34.667866],[-117.303896,34.664352],[-117.218513,34.653843],[-117.134825,34.636443],[-117.053657,34.612325],[-116.975807,34.581726],[-116.902039,34.544948],[-116.833072,34.502353],[-116.769577,34.45436],[-116.712167,34.401439],[-116.661392,34.34411],[-116.617735,34.282933],[-116.581604,34.218504],[-116.553334,34.151451],[-116.533181,34.082425],[-116.52132,34.012095],[-116.517844,33.941139],[-116.522767,33.870243],[-116.536019,33.800088],[-116.557454,33.731346],[-116.586847,33.664675],[-116.6239,33.600713],[-116.668243,33.540067],[-116.71944,33.483315],[-116.776993,33.430995],[-116.840346,33.383602],[-116.908891,33.341584],[-116.981974,33.305338],[-117.058901,33.275205],[-117.138946,33.251469],[-117.221351,33.234354],[-117.305343,33.22402],[-117.390132,33.220564],[-117.47492,33.22402],[-117.558912,33.234354],[-117.641318,33.251469],[-117.721362,33.275205],[-117.798289,33.305338],[-117.871373,33.341584],[-117.939917,33.383602],[-118.00327,33.430995],[-118.060823,33.483315],[-118.11202,33.540067],[-118.156363,33.600713],[-118.193416,33.664675],[-118.222809,33.731346],[-118.244244,33.800088],[-118.257496,33.870243],[-118.262419,33.941139],[-118.258943,34.012095],[-118.247082,34.082425],[-118.226929,34.151451],[-118.198659,34.218504],[-118.162528,34.282933],[-118.118871,34.34411],[-118.068096,34.401439],[-118.010686,34.45436],[-117.947191,34.502353],[-117.878224,34.544948],[-117.804456,34.581726],[-117.726606,34.612325],[-117.645438,34.636443],[-117.56175,34.653843],[-117.476367,34.664352],[-117.390132,34.667866]]]},"properties":{"siteId":"10718","propertyType":"PSI Authorized","category":"3P"}},{"type":"Feature","geometry":{"type":"Polygon","coordinates":[[[-117.326589,34.632088],[-117.240391,34.628574],[-117.155044,34.618065],[-117.071392,34.600666],[-116.990259,34.576548],[-116.912443,34.545949],[-116.838706,34.509171],[-116.769768,34.466577],[-116.7063,34.418584],[-116.648914,34.365664],[-116.59816,34.308335],[-116.55452,34.247158],[-116.518404,34.18273],[-116.490146,34.115677],[-116.47,34.046652],[-116.458143,33.976321],[-116.454668,33.905366],[-116.459587,33.83447],[-116.472833,33.764314],[-116.494258,33.695572],[-116.523638,33.628901],[-116.560675,33.564938],[-116.604999,33.504292],[-116.656174,33.44754],[-116.713703,33.395219],[-116.777029,33.347826],[-116.845545,33.305807],[-116.918598,33.269561],[-116.995494,33.239428],[-117.075506,33.215692],[-117.157878,33.198576],[-117.241835,33.188242],[-117.326589,33.184787],[-117.411342,33.188242],[-117.4953,33.198576],[-117.577672,33.215692],[-117.657683,33.239428],[-117.734579,33.269561],[-117.807632,33.305807],[-117.876149,33.347826],[-117.939475,33.395219],[-117.997003,33.44754],[-118.048179,33.504292],[-118.092503,33.564938],[-118.129539,33.628901],[-118.158919,33.695572],[-118.180345,33.764314],[-118.19359,33.83447],[-118.19851,33.905366],[-118.195034,33.976321],[-118.183177,34.046652],[-118.163032,34.115677],[-118.134773,34.18273],[-118.098657,34.247158],[-118.055017,34.308335],[-118.004263,34.365664],[-117.946877,34.418584],[-117.883409,34.466577],[-117.814472,34.509171],[-117.740735,34.545949],[-117.662919,34.576548],[-117.581785,34.600666],[-117.498133,34.618065],[-117.412787,34.628574],[-117.326589,34.632088]]]},"properties":{"siteId":"5711","propertyType":"PSI Owned","category":"OO"}},{"type":"Feature","geometry":{"type":"Polygon","coordinates":[[[-121.306754,39.468153],[-121.21488,39.464633],[-121.123918,39.454107],[-121.03477,39.436679],[-120.94832,39.412524],[-120.865421,39.381879],[-120.786888,39.34505],[-120.71349,39.302398],[-120.645942,39.254347],[-120.584895,39.201369],[-120.530934,39.143984],[-120.484571,39.082756],[-120.446238,39.018283],[-120.416286,38.951194],[-120.394984,38.882142],[-120.382511,38.811795],[-120.378962,38.740835],[-120.384345,38.669946],[-120.398582,38.599808],[-120.42151,38.531095],[-120.452886,38.464462],[-120.492389,38.400544],[-120.539621,38.33995],[-120.594117,38.283253],[-120.655345,38.23099],[-120.722713,38.183654],[-120.795577,38.141691],[-120.873241,38.105495],[-120.954971,38.075407],[-121.039996,38.051707],[-121.127517,38.034619],[-121.216714,38.024301],[-121.306754,38.020851],[-121.396793,38.024301],[-121.48599,38.034619],[-121.573512,38.051707],[-121.658537,38.075407],[-121.740267,38.105495],[-121.817931,38.141691],[-121.890794,38.183654],[-121.958162,38.23099],[-122.01939,38.283253],[-122.073886,38.33995],[-122.121118,38.400544],[-122.160621,38.464462],[-122.191997,38.531095],[-122.214926,38.599808],[-122.229162,38.669946],[-122.234545,38.740835],[-122.230997,38.811795],[-122.218524,38.882142],[-122.197221,38.951194],[-122.167269,39.018283],[-122.128936,39.082756],[-122.082573,39.143984],[-122.028612,39.201369],[-121.967566,39.254347],[-121.900017,39.302398],[-121.826619,39.34505],[-121.748086,39.381879],[-121.665187,39.412524],[-121.578737,39.436679],[-121.489589,39.454107],[-121.398628,39.464633],[-121.306754,39.468153]]]},"properties":{"siteId":"13293","propertyType":"PSI Authorized","category":"3P"}},{"type":"Feature","geometry":{"type":"Polygon","coordinates":[[[-121.40054,39.312307],[-121.308871,39.308787],[-121.218112,39.298262],[-121.129163,39.280835],[-121.042905,39.256681],[-120.960189,39.226038],[-120.881829,39.18921],[-120.808592,39.146561],[-120.741191,39.098512],[-120.680276,39.045535],[-120.626431,38.988153],[-120.580166,38.926926],[-120.541913,38.862455],[-120.512023,38.795367],[-120.490762,38.726315],[-120.478311,38.65597],[-120.474765,38.58501],[-120.480131,38.51412],[-120.494332,38.443982],[-120.517206,38.375267],[-120.54851,38.308633],[-120.587924,38.244714],[-120.635051,38.184118],[-120.689428,38.127419],[-120.750522,38.075154],[-120.817744,38.027816],[-120.89045,37.985851],[-120.967948,37.949654],[-121.049504,37.919564],[-121.134348,37.895863],[-121.221683,37.878774],[-121.310691,37.868456],[-121.40054,37.865006],[-121.490388,37.868456],[-121.579397,37.878774],[-121.666732,37.895863],[-121.751576,37.919564],[-121.833132,37.949654],[-121.910629,37.985851],[-121.983335,38.027816],[-122.050558,38.075154],[-122.111652,38.127419],[-122.166028,38.184118],[-122.213156,38.244714],[-122.252569,38.308633],[-122.283874,38.375267],[-122.306748,38.443982],[-122.320949,38.51412],[-122.326315,38.58501],[-122.322769,38.65597],[-122.310318,38.726315],[-122.289057,38.795367],[-122.259166,38.862455],[-122.220913,38.926926],[-122.174648,38.988153],[-122.120803,39.045535],[-122.059889,39.098512],[-121.992487,39.146561],[-121.919251,39.18921],[-121.840891,39.226038],[-121.758175,39.256681],[-121.671917,39.280835],[-121.582968,39.298262],[-121.492209,39.308787],[-121.40054,39.312307]]]},"properties":{"siteId":"11626","propertyType":"PSI Authorized","category":"3P"}},{"type":"Feature","geometry":{"type":"Polygon","coordinates":[[[-121.373731,39.279812],[-121.282104,39.276292],[-121.191387,39.265767],[-121.102479,39.248341],[-121.016261,39.224187],[-120.933584,39.193544],[-120.85526,39.156716],[-120.782056,39.114068],[-120.714686,39.066019],[-120.653798,39.013043],[-120.599977,38.955661],[-120.553733,38.894435],[-120.515496,38.829963],[-120.485619,38.762876],[-120.464366,38.693825],[-120.45192,38.623479],[-120.448374,38.552519],[-120.453737,38.481629],[-120.467931,38.411491],[-120.490793,38.342776],[-120.522083,38.276142],[-120.561478,38.212222],[-120.608583,38.151626],[-120.662935,38.094927],[-120.724001,38.042661],[-120.791193,37.995323],[-120.863867,37.953358],[-120.94133,37.91716],[-121.022849,37.887069],[-121.107656,37.863368],[-121.194953,37.846279],[-121.283922,37.835961],[-121.373731,37.832511],[-121.46354,37.835961],[-121.552509,37.846279],[-121.639806,37.863368],[-121.724612,37.887069],[-121.806131,37.91716],[-121.883594,37.953358],[-121.956268,37.995323],[-122.02346,38.042661],[-122.084527,38.094927],[-122.138878,38.151626],[-122.185984,38.212222],[-122.225379,38.276142],[-122.256668,38.342776],[-122.279531,38.411491],[-122.293724,38.481629],[-122.299087,38.552519],[-122.295541,38.623479],[-122.283095,38.693825],[-122.261843,38.762876],[-122.231965,38.829963],[-122.193729,38.894435],[-122.147484,38.955661],[-122.093663,39.013043],[-122.032776,39.066019],[-121.965405,39.114068],[-121.892202,39.156716],[-121.813878,39.193544],[-121.7312,39.224187],[-121.644982,39.248341],[-121.556074,39.265767],[-121.465357,39.276292],[-121.373731,39.279812]]]},"properties":{"siteId":"10506","propertyType":"PSI Owned","category":"OO"}},{"type":"Feature","geometry":{"type":"Polygon","coordinates":[[[-117.200697,33.617446],[-117.115527,33.613932],[-117.031198,33.603427],[-116.948542,33.586033],[-116.868372,33.561922],[-116.791476,33.531332],[-116.718608,33.494565],[-116.650478,33.451981],[-116.58775,33.404],[-116.531027,33.351091],[-116.480854,33.293773],[-116.437707,33.232607],[-116.401993,33.168187],[-116.374041,33.101141],[-116.354105,33.032121],[-116.34236,32.961794],[-116.338898,32.890839],[-116.343733,32.819942],[-116.356799,32.749782],[-116.377952,32.681035],[-116.406971,32.614357],[-116.443561,32.550385],[-116.487358,32.489729],[-116.537931,32.432966],[-116.59479,32.380634],[-116.657384,32.333229],[-116.725112,32.2912],[-116.79733,32.254943],[-116.87335,32.224801],[-116.952453,32.201058],[-117.033893,32.183938],[-117.116901,32.1736],[-117.200697,32.170144],[-117.284494,32.1736],[-117.367502,32.183938],[-117.448941,32.201058],[-117.528044,32.224801],[-117.604065,32.254943],[-117.676282,32.2912],[-117.744011,32.333229],[-117.806605,32.380634],[-117.863463,32.432966],[-117.914037,32.489729],[-117.957834,32.550385],[-117.994424,32.614357],[-118.023443,32.681035],[-118.044595,32.749782],[-118.057662,32.819942],[-118.062497,32.890839],[-118.059035,32.961794],[-118.047289,33.032121],[-118.027353,33.101141],[-117.999402,33.168187],[-117.963687,33.232607],[-117.920541,33.293773],[-117.870368,33.351091],[-117.813645,33.404],[-117.750916,33.451981],[-117.682787,33.494565],[-117.609919,33.531332],[-117.533023,33.561922],[-117.452853,33.586033],[-117.370196,33.603427],[-117.285867,33.613932],[-117.200697,33.617446]]]},"properties":{"siteId":"5025","propertyType":"PSI Owned","category":"OO"}},{"type":"Feature","geometry":{"type":"Polygon","coordinates":[[[-117.120191,33.622769],[-117.035016,33.619256],[-116.950682,33.60875],[-116.86802,33.591356],[-116.787845,33.567246],[-116.710945,33.536656],[-116.638072,33.499888],[-116.569939,33.457305],[-116.507206,33.409323],[-116.45048,33.356415],[-116.400304,33.299097],[-116.357155,33.23793],[-116.321439,33.17351],[-116.293485,33.106464],[-116.273548,33.037444],[-116.261802,32.967117],[-116.25834,32.896162],[-116.263176,32.825265],[-116.276243,32.755106],[-116.297397,32.686358],[-116.326418,32.61968],[-116.36301,32.555708],[-116.40681,32.495052],[-116.457386,32.438289],[-116.514248,32.385957],[-116.576846,32.338552],[-116.644579,32.296523],[-116.7168,32.260267],[-116.792825,32.230125],[-116.871933,32.206382],[-116.953377,32.189261],[-117.03639,32.178924],[-117.120191,32.175468],[-117.203993,32.178924],[-117.287006,32.189261],[-117.36845,32.206382],[-117.447558,32.230125],[-117.523582,32.260267],[-117.595804,32.296523],[-117.663537,32.338552],[-117.726135,32.385957],[-117.782996,32.438289],[-117.833573,32.495052],[-117.877373,32.555708],[-117.913965,32.61968],[-117.942986,32.686358],[-117.96414,32.755106],[-117.977207,32.825265],[-117.982043,32.896162],[-117.978581,32.967117],[-117.966834,33.037444],[-117.946898,33.106464],[-117.918944,33.17351],[-117.883228,33.23793],[-117.840079,33.299097],[-117.789903,33.356415],[-117.733177,33.409323],[-117.670444,33.457305],[-117.602311,33.499888],[-117.529438,33.536656],[-117.452538,33.567246],[-117.372363,33.591356],[-117.289701,33.60875],[-117.205367,33.619256],[-117.120191,33.622769]]]},"properties":{"siteId":"6229","propertyType":"MG TESTING","category":"3P"}},{"type":"Feature","geometry":{"type":"Polygon","coordinates":[[[-122.393743,38.434862],[-122.303199,38.431343],[-122.213553,38.420821],[-122.125692,38.4034],[-122.040488,38.379253],[-121.958779,38.348619],[-121.88137,38.311801],[-121.809016,38.269162],[-121.742423,38.221124],[-121.682234,38.168159],[-121.629024,38.110787],[-121.583299,38.04957],[-121.545485,37.985107],[-121.51593,37.918026],[-121.494898,37.84898],[-121.482569,37.778637],[-121.479037,37.707678],[-121.484311,37.636787],[-121.498316,37.566645],[-121.520892,37.497925],[-121.551801,37.431284],[-121.590726,37.367356],[-121.637277,37.30675],[-121.690995,37.250041],[-121.751357,37.197765],[-121.817778,37.150416],[-121.889623,37.108441],[-121.966208,37.072234],[-122.046805,37.042135],[-122.130656,37.018427],[-122.216972,37.001333],[-122.304942,36.991012],[-122.393743,36.987561],[-122.482545,36.991012],[-122.570515,37.001333],[-122.656831,37.018427],[-122.740682,37.042135],[-122.821279,37.072234],[-122.897864,37.108441],[-122.969709,37.150416],[-123.03613,37.197765],[-123.096492,37.250041],[-123.15021,37.30675],[-123.196761,37.367356],[-123.235686,37.431284],[-123.266595,37.497925],[-123.289171,37.566645],[-123.303176,37.636787],[-123.30845,37.707678],[-123.304918,37.778637],[-123.292589,37.84898],[-123.271557,37.918026],[-123.242002,37.985107],[-123.204188,38.04957],[-123.158463,38.110787],[-123.105253,38.168159],[-123.045064,38.221124],[-122.978471,38.269162],[-122.906117,38.311801],[-122.828708,38.348619],[-122.746999,38.379253],[-122.661794,38.4034],[-122.573934,38.420821],[-122.484288,38.431343],[-122.393743,38.434862]]]},"properties":{"siteId":"9736","propertyType":"PSI Owned","category":"OO"}},{"type":"Feature","geometry":{"type":"Polygon","coordinates":[[[-121.959481,38.098748],[-121.869355,38.095229],[-121.780122,38.084708],[-121.692666,38.067289],[-121.607853,38.043145],[-121.526519,38.012514],[-121.449462,37.9757],[-121.377438,37.933065],[-121.311145,37.885031],[-121.251225,37.83207],[-121.198252,37.774702],[-121.152726,37.713489],[-121.115076,37.64903],[-121.085645,37.581951],[-121.064699,37.512907],[-121.052415,37.442565],[-121.048889,37.371607],[-121.054129,37.300715],[-121.06806,37.230572],[-121.090526,37.16185],[-121.121287,37.095206],[-121.160031,37.031275],[-121.206368,36.970665],[-121.259842,36.913952],[-121.319931,36.861672],[-121.386055,36.814319],[-121.45758,36.77234],[-121.533824,36.736129],[-121.614066,36.706027],[-121.697548,36.682317],[-121.783484,36.66522],[-121.871069,36.654898],[-121.959481,36.651446],[-122.047893,36.654898],[-122.135478,36.66522],[-122.221414,36.682317],[-122.304896,36.706027],[-122.385138,36.736129],[-122.461383,36.77234],[-122.532908,36.814319],[-122.599032,36.861672],[-122.659121,36.913952],[-122.712595,36.970665],[-122.758932,37.031275],[-122.797675,37.095206],[-122.828437,37.16185],[-122.850902,37.230572],[-122.864834,37.300715],[-122.870074,37.371607],[-122.866547,37.442565],[-122.854264,37.512907],[-122.833317,37.581951],[-122.803887,37.64903],[-122.766236,37.713489],[-122.720711,37.774702],[-122.667737,37.83207],[-122.607817,37.885031],[-122.541525,37.933065],[-122.4695,37.9757],[-122.392444,38.012514],[-122.311109,38.043145],[-122.226296,38.067289],[-122.138841,38.084708],[-122.049608,38.095229],[-121.959481,38.098748]]]},"properties":{"siteId":"5027","propertyType":"PSI Owned","category":"OO"}},{"type":"Feature","geometry":{"type":"Polygon","coordinates":[[[-118.081691,34.666139],[-117.995458,34.662624],[-117.910076,34.652115],[-117.82639,34.634716],[-117.745224,34.610597],[-117.667375,34.579998],[-117.593609,34.54322],[-117.524643,34.500625],[-117.46115,34.452632],[-117.403741,34.399712],[-117.352967,34.342383],[-117.30931,34.281205],[-117.27318,34.216777],[-117.244911,34.149724],[-117.224759,34.080698],[-117.212897,34.010367],[-117.209422,33.939412],[-117.214344,33.868516],[-117.227596,33.79836],[-117.24903,33.729619],[-117.278423,33.662948],[-117.315475,33.598985],[-117.359817,33.53834],[-117.411013,33.481588],[-117.468565,33.429267],[-117.531916,33.381874],[-117.60046,33.339856],[-117.673541,33.30361],[-117.750467,33.273477],[-117.83051,33.249742],[-117.912914,33.232626],[-117.996905,33.222292],[-118.081691,33.218837],[-118.166478,33.222292],[-118.250468,33.232626],[-118.332872,33.249742],[-118.412915,33.273477],[-118.489841,33.30361],[-118.562923,33.339856],[-118.631466,33.381874],[-118.694817,33.429267],[-118.752369,33.481588],[-118.803565,33.53834],[-118.847907,33.598985],[-118.884959,33.662948],[-118.914352,33.729619],[-118.935786,33.79836],[-118.949038,33.868516],[-118.953961,33.939412],[-118.950485,34.010367],[-118.938624,34.080698],[-118.918471,34.149724],[-118.890202,34.216777],[-118.854072,34.281205],[-118.810415,34.342383],[-118.759641,34.399712],[-118.702233,34.452632],[-118.638739,34.500625],[-118.569774,34.54322],[-118.496007,34.579998],[-118.418159,34.610597],[-118.336992,34.634716],[-118.253306,34.652115],[-118.167925,34.662624],[-118.081691,34.666139]]]},"properties":{"siteId":"9201","propertyType":"PSI Owned","category":"OO"}},{"type":"Feature","geometry":{"type":"Polygon","coordinates":[[[-122.75816,39.231962],[-122.666596,39.228442],[-122.575941,39.217917],[-122.487094,39.200491],[-122.400934,39.176337],[-122.318312,39.145695],[-122.240041,39.108868],[-122.166887,39.06622],[-122.099561,39.018171],[-122.038714,38.965196],[-121.984928,38.907815],[-121.938714,38.846589],[-121.900502,38.782118],[-121.870643,38.715031],[-121.849403,38.64598],[-121.836964,38.575635],[-121.833419,38.504675],[-121.838776,38.433785],[-121.852959,38.363647],[-121.875805,38.294931],[-121.907072,38.228296],[-121.94644,38.164377],[-121.993514,38.10378],[-122.047829,38.04708],[-122.108855,37.994814],[-122.176002,37.947475],[-122.248628,37.905509],[-122.32604,37.869311],[-122.407506,37.83922],[-122.492258,37.815518],[-122.579498,37.798429],[-122.668409,37.78811],[-122.75816,37.78466],[-122.847911,37.78811],[-122.936822,37.798429],[-123.024062,37.815518],[-123.108814,37.83922],[-123.19028,37.869311],[-123.267692,37.905509],[-123.340318,37.947475],[-123.407465,37.994814],[-123.468491,38.04708],[-123.522806,38.10378],[-123.56988,38.164377],[-123.609248,38.228296],[-123.640515,38.294931],[-123.663361,38.363647],[-123.677544,38.433785],[-123.682901,38.504675],[-123.679356,38.575635],[-123.666917,38.64598],[-123.645677,38.715031],[-123.615818,38.782118],[-123.577606,38.846589],[-123.531392,38.907815],[-123.477606,38.965196],[-123.416759,39.018171],[-123.349433,39.06622],[-123.276279,39.108868],[-123.198008,39.145695],[-123.115386,39.176337],[-123.029226,39.200491],[-122.940379,39.217917],[-122.849724,39.228442],[-122.75816,39.231962]]]},"properties":{"siteId":"5026","propertyType":"PSI Owned","category":"OO"}},{"type":"Feature","geometry":{"type":"Polygon","coordinates":[[[-121.331146,38.710413],[-121.240254,38.706894],[-121.150263,38.69637],[-121.062066,38.678948],[-120.976536,38.654798],[-120.894515,38.624161],[-120.816812,38.58734],[-120.744185,38.544699],[-120.677342,38.496657],[-120.616928,38.443688],[-120.563522,38.386313],[-120.51763,38.325093],[-120.47968,38.260628],[-120.450021,38.193545],[-120.428918,38.124496],[-120.416552,38.054153],[-120.413015,37.983194],[-120.418318,37.912303],[-120.432383,37.842162],[-120.455052,37.773444],[-120.486083,37.706805],[-120.525159,37.64288],[-120.571888,37.582277],[-120.62581,37.525571],[-120.686398,37.473298],[-120.753068,37.425953],[-120.825179,37.383981],[-120.902046,37.347777],[-120.98294,37.317681],[-121.067098,37.293975],[-121.153729,37.276882],[-121.242021,37.266562],[-121.331146,37.263111],[-121.420271,37.266562],[-121.508563,37.276882],[-121.595194,37.293975],[-121.679352,37.317681],[-121.760246,37.347777],[-121.837113,37.383981],[-121.909224,37.425953],[-121.975894,37.473298],[-122.036482,37.525571],[-122.090404,37.582277],[-122.137133,37.64288],[-122.176209,37.706805],[-122.207241,37.773444],[-122.229909,37.842162],[-122.243974,37.912303],[-122.249277,37.983194],[-122.24574,38.054153],[-122.233374,38.124496],[-122.212271,38.193545],[-122.182612,38.260628],[-122.144662,38.325093],[-122.09877,38.386313],[-122.045364,38.443688],[-121.98495,38.496657],[-121.918107,38.544699],[-121.84548,38.58734],[-121.767777,38.624161],[-121.685757,38.654798],[-121.600226,38.678948],[-121.512029,38.69637],[-121.422038,38.706894],[-121.331146,38.710413]]]},"properties":{"siteId":"13552","propertyType":"PSI Authorized","category":"3P"}},{"type":"Feature","geometry":{"type":"Polygon","coordinates":[[[-118.562129,34.895218],[-118.475656,34.891703],[-118.390038,34.881194],[-118.306119,34.863793],[-118.224728,34.839673],[-118.146665,34.809072],[-118.072696,34.772292],[-118.003542,34.729694],[-117.939876,34.681698],[-117.882313,34.628775],[-117.831403,34.571444],[-117.787631,34.510264],[-117.751408,34.445834],[-117.723067,34.378779],[-117.702866,34.309752],[-117.690979,34.239421],[-117.6875,34.168465],[-117.692442,34.097569],[-117.705735,34.027415],[-117.727233,33.958674],[-117.75671,33.892005],[-117.793867,33.828045],[-117.838332,33.767401],[-117.889668,33.710652],[-117.947376,33.658334],[-118.010898,33.610943],[-118.079625,33.568928],[-118.152902,33.532684],[-118.230032,33.502553],[-118.310286,33.478819],[-118.392908,33.461705],[-118.47712,33.451372],[-118.562129,33.447917],[-118.647139,33.451372],[-118.731351,33.461705],[-118.813973,33.478819],[-118.894227,33.502553],[-118.971357,33.532684],[-119.044634,33.568928],[-119.113361,33.610943],[-119.176883,33.658334],[-119.234591,33.710652],[-119.285927,33.767401],[-119.330392,33.828045],[-119.367549,33.892005],[-119.397026,33.958674],[-119.418524,34.027415],[-119.431817,34.097569],[-119.436759,34.168465],[-119.43328,34.239421],[-119.421393,34.309752],[-119.401192,34.378779],[-119.372851,34.445834],[-119.336628,34.510264],[-119.292856,34.571444],[-119.241946,34.628775],[-119.184383,34.681698],[-119.120717,34.729694],[-119.051563,34.772292],[-118.977594,34.809072],[-118.899531,34.839673],[-118.81814,34.863793],[-118.734221,34.881194],[-118.648603,34.891703],[-118.562129,34.895218]]]},"properties":{"siteId":"12767","propertyType":"PSI Authorized","category":"3P"}},{"type":"Feature","geometry":{"type":"Polygon","coordinates":[[[-117.159777,34.221379],[-117.074001,34.217864],[-116.989073,34.207357],[-116.90583,34.18996],[-116.825092,34.165845],[-116.747654,34.13525],[-116.674274,34.098476],[-116.605668,34.055886],[-116.542504,34.007898],[-116.485391,33.954983],[-116.434875,33.897658],[-116.391438,33.836486],[-116.355487,33.772061],[-116.327355,33.705011],[-116.307295,33.635987],[-116.295484,33.565658],[-116.292014,33.494703],[-116.296899,33.423806],[-116.310071,33.353649],[-116.331384,33.284905],[-116.360616,33.218231],[-116.397469,33.154265],[-116.441577,33.093615],[-116.492505,33.036858],[-116.549758,32.984533],[-116.612783,32.937135],[-116.680976,32.895112],[-116.753686,32.858861],[-116.830222,32.828725],[-116.90986,32.804986],[-116.991849,32.787868],[-117.075417,32.777533],[-117.159777,32.774077],[-117.244137,32.777533],[-117.327705,32.787868],[-117.409694,32.804986],[-117.489332,32.828725],[-117.565868,32.858861],[-117.638578,32.895112],[-117.70677,32.937135],[-117.769796,32.984533],[-117.827049,33.036858],[-117.877977,33.093615],[-117.922085,33.154265],[-117.958938,33.218231],[-117.988169,33.284905],[-118.009483,33.353649],[-118.022655,33.423806],[-118.02754,33.494703],[-118.02407,33.565658],[-118.012258,33.635987],[-117.992199,33.705011],[-117.964067,33.772061],[-117.928116,33.836486],[-117.884678,33.897658],[-117.834163,33.954983],[-117.77705,34.007898],[-117.713885,34.055886],[-117.64528,34.098476],[-117.5719,34.13525],[-117.494462,34.165845],[-117.413724,34.18996],[-117.330481,34.207357],[-117.245552,34.217864],[-117.159777,34.221379]]]},"properties":{"siteId":"18474","propertyType":"PSI Authorized","category":"3P"}},{"type":"Feature","geometry":{"type":"Polygon","coordinates":[[[-122.044923,38.317499],[-121.954526,38.31398],[-121.865024,38.303458],[-121.777306,38.286038],[-121.692239,38.261892],[-121.610662,38.231259],[-121.533376,38.194442],[-121.461138,38.151805],[-121.394651,38.103768],[-121.334556,38.050805],[-121.281429,37.993434],[-121.235774,37.932219],[-121.198017,37.867757],[-121.168506,37.800677],[-121.147504,37.731631],[-121.135191,37.661289],[-121.131661,37.59033],[-121.136923,37.519439],[-121.150902,37.449297],[-121.173439,37.380576],[-121.204296,37.313933],[-121.243158,37.250005],[-121.289634,37.189397],[-121.343266,37.132687],[-121.403532,37.080409],[-121.469849,37.033059],[-121.541582,36.991082],[-121.618047,36.954874],[-121.69852,36.924774],[-121.782241,36.901065],[-121.868424,36.88397],[-121.956258,36.873649],[-122.044923,36.870197],[-122.133588,36.873649],[-122.221423,36.88397],[-122.307605,36.901065],[-122.391327,36.924774],[-122.471799,36.954874],[-122.548265,36.991082],[-122.619997,37.033059],[-122.686314,37.080409],[-122.74658,37.132687],[-122.800213,37.189397],[-122.846689,37.250005],[-122.88555,37.313933],[-122.916407,37.380576],[-122.938944,37.449297],[-122.952923,37.519439],[-122.958185,37.59033],[-122.954656,37.661289],[-122.942343,37.731631],[-122.921341,37.800677],[-122.891829,37.867757],[-122.854073,37.932219],[-122.808417,37.993434],[-122.755291,38.050805],[-122.695196,38.103768],[-122.628708,38.151805],[-122.55647,38.194442],[-122.479185,38.231259],[-122.397607,38.261892],[-122.31254,38.286038],[-122.224822,38.303458],[-122.135321,38.31398],[-122.044923,38.317499]]]},"properties":{"siteId":"12223","propertyType":"PSI Owned","category":"OO"}},{"type":"Feature","geometry":{"type":"Polygon","coordinates":[[[-119.236711,34.981073],[-119.150147,34.977558],[-119.064439,34.967048],[-118.980433,34.949647],[-118.898957,34.925526],[-118.820813,34.894925],[-118.746767,34.858143],[-118.677542,34.815545],[-118.613811,34.767548],[-118.556189,34.714624],[-118.505229,34.657292],[-118.461413,34.596111],[-118.425155,34.53168],[-118.396787,34.464625],[-118.376567,34.395597],[-118.36467,34.325266],[-118.36119,34.25431],[-118.366139,34.183414],[-118.379449,34.11326],[-118.400971,34.04452],[-118.43048,33.977852],[-118.467675,33.913892],[-118.512187,33.853249],[-118.563576,33.796501],[-118.621343,33.744184],[-118.684929,33.696794],[-118.753726,33.65478],[-118.827076,33.618537],[-118.904283,33.588407],[-118.984618,33.564673],[-119.067322,33.54756],[-119.151617,33.537227],[-119.236711,33.533772],[-119.321805,33.537227],[-119.4061,33.54756],[-119.488804,33.564673],[-119.569139,33.588407],[-119.646346,33.618537],[-119.719696,33.65478],[-119.788493,33.696794],[-119.852079,33.744184],[-119.909846,33.796501],[-119.961236,33.853249],[-120.005747,33.913892],[-120.042943,33.977852],[-120.072451,34.04452],[-120.093973,34.11326],[-120.107283,34.183414],[-120.112232,34.25431],[-120.108752,34.325266],[-120.096855,34.395597],[-120.076635,34.464625],[-120.048268,34.53168],[-120.012009,34.596111],[-119.968193,34.657292],[-119.917233,34.714624],[-119.859611,34.767548],[-119.79588,34.815545],[-119.726655,34.858143],[-119.652609,34.894925],[-119.574465,34.925526],[-119.492989,34.949647],[-119.408983,34.967048],[-119.323275,34.977558],[-119.236711,34.981073]]]},"properties":{"siteId":"5713","propertyType":"PSI Owned","category":"OO"}},{"type":"Feature","geometry":{"type":"Polygon","coordinates":[[[-119.328207,37.051117],[-119.23934,37.047599],[-119.151352,37.037082],[-119.065116,37.019669],[-118.981482,36.995533],[-118.901275,36.964912],[-118.825282,36.928109],[-118.754247,36.885487],[-118.688859,36.837466],[-118.629751,36.784518],[-118.577489,36.727162],[-118.532568,36.66596],[-118.495409,36.60151],[-118.466354,36.53444],[-118.445664,36.465401],[-118.433517,36.395063],[-118.430007,36.324105],[-118.435144,36.253212],[-118.448856,36.183066],[-118.470988,36.114337],[-118.501307,36.047685],[-118.539504,35.983744],[-118.585196,35.923123],[-118.637933,35.866398],[-118.697201,35.814105],[-118.762429,35.766739],[-118.83299,35.724748],[-118.908212,35.688526],[-118.987381,35.658414],[-119.069751,35.634696],[-119.154545,35.617594],[-119.240967,35.607268],[-119.328207,35.603815],[-119.415447,35.607268],[-119.501869,35.617594],[-119.586664,35.634696],[-119.669033,35.658414],[-119.748203,35.688526],[-119.823425,35.724748],[-119.893986,35.766739],[-119.959213,35.814105],[-120.018482,35.866398],[-120.071219,35.923123],[-120.116911,35.983744],[-120.155108,36.047685],[-120.185427,36.114337],[-120.207559,36.183066],[-120.22127,36.253212],[-120.226408,36.324105],[-120.222898,36.395063],[-120.210751,36.465401],[-120.190061,36.53444],[-120.161006,36.60151],[-120.123847,36.66596],[-120.078926,36.727162],[-120.026663,36.784518],[-119.967555,36.837466],[-119.902168,36.885487],[-119.831132,36.928109],[-119.75514,36.964912],[-119.674933,36.995533],[-119.591299,37.019669],[-119.505062,37.037082],[-119.417075,37.047599],[-119.328207,37.051117]]]},"properties":{"siteId":"5840","propertyType":"PSI Owned","category":"OO"}},{"type":"Feature","geometry":{"type":"Polygon","coordinates":[[[-122.027705,38.648835],[-121.936891,38.645316],[-121.846977,38.634793],[-121.758856,38.61737],[-121.673399,38.593221],[-121.591448,38.562585],[-121.513811,38.525765],[-121.441246,38.483124],[-121.374459,38.435083],[-121.314095,38.382115],[-121.260733,38.32474],[-121.214878,38.263521],[-121.176959,38.199056],[-121.147324,38.131974],[-121.126237,38.062926],[-121.113879,37.992583],[-121.110343,37.921623],[-121.11564,37.850733],[-121.129691,37.780592],[-121.152339,37.711873],[-121.183342,37.645233],[-121.222385,37.581308],[-121.269074,37.520704],[-121.32295,37.463998],[-121.383487,37.411724],[-121.450101,37.364378],[-121.522153,37.322405],[-121.598956,37.2862],[-121.679784,37.256104],[-121.763873,37.232398],[-121.850433,37.215304],[-121.938652,37.204984],[-122.027705,37.201533],[-122.116757,37.204984],[-122.204977,37.215304],[-122.291537,37.232398],[-122.375626,37.256104],[-122.456453,37.2862],[-122.533257,37.322405],[-122.605308,37.364378],[-122.671922,37.411724],[-122.732459,37.463998],[-122.786335,37.520704],[-122.833025,37.581308],[-122.872067,37.645233],[-122.903071,37.711873],[-122.925718,37.780592],[-122.93977,37.850733],[-122.945066,37.921623],[-122.941531,37.992583],[-122.929173,38.062926],[-122.908086,38.131974],[-122.87845,38.199056],[-122.840531,38.263521],[-122.794676,38.32474],[-122.741314,38.382115],[-122.680951,38.435083],[-122.614164,38.483124],[-122.541599,38.525765],[-122.463961,38.562585],[-122.382011,38.593221],[-122.296554,38.61737],[-122.208432,38.634793],[-122.118519,38.645316],[-122.027705,38.648835]]]},"properties":{"siteId":"5714","propertyType":"PSI Owned","category":"OO"}},{"type":"Feature","geometry":{"type":"Polygon","coordinates":[[[-105.107645,40.637174],[-105.014182,40.633652],[-104.921648,40.623121],[-104.830962,40.605686],[-104.743023,40.581521],[-104.658701,40.550864],[-104.578825,40.514021],[-104.504179,40.471355],[-104.435488,40.423288],[-104.373416,40.370295],[-104.318558,40.312896],[-104.271433,40.251654],[-104.23248,40.187169],[-104.202055,40.120071],[-104.180429,40.051012],[-104.167784,39.980661],[-104.164215,39.9097],[-104.169728,39.838812],[-104.184243,39.768679],[-104.207592,39.699973],[-104.239528,39.63335],[-104.279721,39.569445],[-104.327767,39.508864],[-104.383193,39.452182],[-104.445456,39.399934],[-104.513956,39.352613],[-104.588036,39.310664],[-104.66699,39.274482],[-104.750073,39.244405],[-104.836501,39.220715],[-104.925463,39.203633],[-105.016127,39.19332],[-105.107645,39.189872],[-105.199164,39.19332],[-105.289827,39.203633],[-105.37879,39.220715],[-105.465218,39.244405],[-105.5483,39.274482],[-105.627255,39.310664],[-105.701335,39.352613],[-105.769834,39.399934],[-105.832098,39.452182],[-105.887523,39.508864],[-105.93557,39.569445],[-105.975763,39.63335],[-106.007698,39.699973],[-106.031048,39.768679],[-106.045562,39.838812],[-106.051076,39.9097],[-106.047507,39.980661],[-106.034862,40.051012],[-106.013236,40.120071],[-105.982811,40.187169],[-105.943858,40.251654],[-105.896732,40.312896],[-105.841874,40.370295],[-105.779803,40.423288],[-105.711112,40.471355],[-105.636465,40.514021],[-105.55659,40.550864],[-105.472268,40.581521],[-105.384329,40.605686],[-105.293643,40.623121],[-105.201109,40.633652],[-105.107645,40.637174]]]},"properties":{"siteId":"5233","propertyType":"PSI Authorized","category":"3P"}},{"type":"Feature","geometry":{"type":"Polygon","coordinates":[[[-104.846971,40.316815],[-104.753952,40.313293],[-104.661858,40.302764],[-104.571603,40.285331],[-104.484081,40.261168],[-104.400157,40.230515],[-104.320657,40.193676],[-104.24636,40.151014],[-104.177989,40.102952],[-104.116204,40.049962],[-104.061597,39.992567],[-104.014685,39.931329],[-103.975905,39.866848],[-103.945613,39.799752],[-103.924077,39.730694],[-103.91148,39.660345],[-103.907917,39.589384],[-103.913394,39.518496],[-103.927831,39.448362],[-103.951062,39.379654],[-103.982841,39.313028],[-104.022841,39.249119],[-104.07066,39.188534],[-104.125825,39.131848],[-104.187798,39.079596],[-104.255982,39.032271],[-104.329721,38.990318],[-104.408314,38.954132],[-104.491018,38.924052],[-104.577054,38.900359],[-104.665613,38.883276],[-104.755866,38.872962],[-104.846971,38.869513],[-104.938075,38.872962],[-105.028328,38.883276],[-105.116887,38.900359],[-105.202923,38.924052],[-105.285627,38.954132],[-105.36422,38.990318],[-105.43796,39.032271],[-105.506143,39.079596],[-105.568116,39.131848],[-105.623282,39.188534],[-105.6711,39.249119],[-105.7111,39.313028],[-105.742879,39.379654],[-105.766111,39.448362],[-105.780547,39.518496],[-105.786024,39.589384],[-105.782461,39.660345],[-105.769864,39.730694],[-105.748328,39.799752],[-105.718036,39.866848],[-105.679256,39.931329],[-105.632344,39.992567],[-105.577737,40.049962],[-105.515953,40.102952],[-105.447581,40.151014],[-105.373284,40.193676],[-105.293784,40.230515],[-105.20986,40.261168],[-105.122338,40.285331],[-105.032083,40.302764],[-104.939989,40.313293],[-104.846971,40.316815]]]},"properties":{"siteId":"5109","propertyType":"PSI Owned","category":"OO"}},{"type":"Feature","geometry":{"type":"Polygon","coordinates":[[[-104.733963,39.563583],[-104.641962,39.560062],[-104.550876,39.549536],[-104.461606,39.532108],[-104.375038,39.507952],[-104.292025,39.477306],[-104.213386,39.440475],[-104.139889,39.397823],[-104.072249,39.34977],[-104.011121,39.296791],[-103.957089,39.239405],[-103.910665,39.178176],[-103.872283,39.113702],[-103.842294,39.046612],[-103.820965,38.977559],[-103.808479,38.907213],[-103.804928,38.836253],[-103.810322,38.765363],[-103.82458,38.695226],[-103.847542,38.626513],[-103.878963,38.559881],[-103.91852,38.495964],[-103.965817,38.435371],[-104.020387,38.378675],[-104.081697,38.326414],[-104.149156,38.279079],[-104.222115,38.237117],[-104.299882,38.200922],[-104.381719,38.170834],[-104.466856,38.147136],[-104.554492,38.130048],[-104.643806,38.119731],[-104.733963,38.116281],[-104.824119,38.119731],[-104.913433,38.130048],[-105.001069,38.147136],[-105.086206,38.170834],[-105.168043,38.200922],[-105.24581,38.237117],[-105.31877,38.279079],[-105.386228,38.326414],[-105.447538,38.378675],[-105.502108,38.435371],[-105.549405,38.495964],[-105.588962,38.559881],[-105.620383,38.626513],[-105.643345,38.695226],[-105.657604,38.765363],[-105.662997,38.836253],[-105.659447,38.907213],[-105.64696,38.977559],[-105.625632,39.046612],[-105.595643,39.113702],[-105.55726,39.178176],[-105.510836,39.239405],[-105.456804,39.296791],[-105.395676,39.34977],[-105.328037,39.397823],[-105.254539,39.440475],[-105.1759,39.477306],[-105.092888,39.507952],[-105.006319,39.532108],[-104.91705,39.549536],[-104.825963,39.560062],[-104.733963,39.563583]]]},"properties":{"siteId":"12944","propertyType":"PSI Authorized","category":"3P"}},{"type":"Feature","geometry":{"type":"Polygon","coordinates":[[[-107.873307,37.988638],[-107.783316,37.98512],[-107.694217,37.974599],[-107.606893,37.957181],[-107.522206,37.933037],[-107.440993,37.902407],[-107.364051,37.865594],[-107.292133,37.822961],[-107.225938,37.774928],[-107.166105,37.721969],[-107.113208,37.664602],[-107.067748,37.60339],[-107.03015,37.538932],[-107.00076,37.471854],[-106.979841,37.40281],[-106.967572,37.332469],[-106.964047,37.26151],[-106.969276,37.190619],[-106.983184,37.120475],[-107.005614,37.051753],[-107.036328,36.985108],[-107.075012,36.921176],[-107.12128,36.860565],[-107.174675,36.80385],[-107.234676,36.751569],[-107.300703,36.704215],[-107.372124,36.662234],[-107.448259,36.626022],[-107.528386,36.595919],[-107.611748,36.572208],[-107.697561,36.555111],[-107.785021,36.544788],[-107.873307,36.541336],[-107.961593,36.544788],[-108.049053,36.555111],[-108.134866,36.572208],[-108.218228,36.595919],[-108.298355,36.626022],[-108.37449,36.662234],[-108.445911,36.704215],[-108.511938,36.751569],[-108.571939,36.80385],[-108.625334,36.860565],[-108.671602,36.921176],[-108.710286,36.985108],[-108.741,37.051753],[-108.76343,37.120475],[-108.777338,37.190619],[-108.782567,37.26151],[-108.779042,37.332469],[-108.766773,37.40281],[-108.745854,37.471854],[-108.716464,37.538932],[-108.678866,37.60339],[-108.633406,37.664602],[-108.580509,37.721969],[-108.520676,37.774928],[-108.454481,37.822961],[-108.382563,37.865594],[-108.305621,37.902407],[-108.224408,37.933037],[-108.139721,37.957181],[-108.052397,37.974599],[-107.963298,37.98512],[-107.873307,37.988638]]]},"properties":{"siteId":"136","propertyType":"PSI Owned","category":"OO"}},{"type":"Feature","geometry":{"type":"Polygon","coordinates":[[[-104.845591,40.306671],[-104.752587,40.303149],[-104.660506,40.29262],[-104.570265,40.275188],[-104.482756,40.251025],[-104.398844,40.220372],[-104.319356,40.183532],[-104.24507,40.140871],[-104.176709,40.092808],[-104.114933,40.039819],[-104.060334,39.982424],[-104.013429,39.921186],[-103.974655,39.856705],[-103.944366,39.789609],[-103.922834,39.720552],[-103.910238,39.650203],[-103.906675,39.579242],[-103.912151,39.508354],[-103.926585,39.438219],[-103.949813,39.369511],[-103.981587,39.302885],[-104.021581,39.238976],[-104.069392,39.178392],[-104.12455,39.121705],[-104.186514,39.069453],[-104.254687,39.022128],[-104.328416,38.980175],[-104.406998,38.943989],[-104.48969,38.913908],[-104.575713,38.890216],[-104.664259,38.873132],[-104.7545,38.862818],[-104.845591,38.859369],[-104.936683,38.862818],[-105.026923,38.873132],[-105.11547,38.890216],[-105.201493,38.913908],[-105.284185,38.943989],[-105.362767,38.980175],[-105.436495,39.022128],[-105.504669,39.069453],[-105.566633,39.121705],[-105.62179,39.178392],[-105.669602,39.238976],[-105.709596,39.302885],[-105.74137,39.369511],[-105.764597,39.438219],[-105.779032,39.508354],[-105.784507,39.579242],[-105.780944,39.650203],[-105.768349,39.720552],[-105.746816,39.789609],[-105.716528,39.856705],[-105.677754,39.921186],[-105.630848,39.982424],[-105.576249,40.039819],[-105.514474,40.092808],[-105.446112,40.140871],[-105.371826,40.183532],[-105.292338,40.220372],[-105.208427,40.251025],[-105.120918,40.275188],[-105.030676,40.29262],[-104.938596,40.303149],[-104.845591,40.306671]]]},"properties":{"siteId":"18411","propertyType":"PSI Authorized","category":"3P"}},{"type":"Feature","geometry":{"type":"Polygon","coordinates":[[[-105.076899,41.269955],[-104.982535,41.266432],[-104.889111,41.255899],[-104.797554,41.23846],[-104.708772,41.214289],[-104.623644,41.183626],[-104.543008,41.146775],[-104.467654,41.104101],[-104.398317,41.056026],[-104.335665,41.003024],[-104.280299,40.945616],[-104.232743,40.884367],[-104.193438,40.819876],[-104.162746,40.752772],[-104.140936,40.683709],[-104.128195,40.613356],[-104.124614,40.542395],[-104.130202,40.471508],[-104.144873,40.401378],[-104.168461,40.332675],[-104.200713,40.266058],[-104.241297,40.202159],[-104.289805,40.141586],[-104.345757,40.084912],[-104.408607,40.032672],[-104.477747,39.98536],[-104.552515,39.943419],[-104.632201,39.907244],[-104.716049,39.877173],[-104.803271,39.853489],[-104.893049,39.836411],[-104.984543,39.826101],[-105.076899,39.822653],[-105.169254,39.826101],[-105.260748,39.836411],[-105.350526,39.853489],[-105.437749,39.877173],[-105.521597,39.907244],[-105.601282,39.943419],[-105.676051,39.98536],[-105.745191,40.032672],[-105.808041,40.084912],[-105.863992,40.141586],[-105.9125,40.202159],[-105.953084,40.266058],[-105.985336,40.332675],[-106.008924,40.401378],[-106.023596,40.471508],[-106.029183,40.542395],[-106.025603,40.613356],[-106.012861,40.683709],[-105.991052,40.752772],[-105.960359,40.819876],[-105.921055,40.884367],[-105.873498,40.945616],[-105.818132,41.003024],[-105.755481,41.056026],[-105.686143,41.104101],[-105.61079,41.146775],[-105.530154,41.183626],[-105.445026,41.214289],[-105.356244,41.23846],[-105.264687,41.255899],[-105.171262,41.266432],[-105.076899,41.269955]]]},"properties":{"siteId":"6751","propertyType":"PSI Owned","category":"OO"}},{"type":"Feature","geometry":{"type":"Polygon","coordinates":[[[-105.096068,41.246703],[-105.001738,41.24318],[-104.908346,41.232647],[-104.816822,41.215208],[-104.728071,41.191038],[-104.642973,41.160375],[-104.562366,41.123524],[-104.487039,41.08085],[-104.417725,41.032775],[-104.355095,40.979773],[-104.299748,40.922366],[-104.252208,40.861118],[-104.212917,40.796627],[-104.182234,40.729523],[-104.160431,40.66046],[-104.147693,40.590107],[-104.144114,40.519146],[-104.149698,40.448259],[-104.164364,40.378129],[-104.187943,40.309426],[-104.220183,40.242808],[-104.260753,40.178909],[-104.309243,40.118336],[-104.365175,40.061662],[-104.428003,40.009422],[-104.497119,39.962109],[-104.571862,39.920168],[-104.65152,39.883993],[-104.73534,39.853922],[-104.822533,39.830237],[-104.91228,39.813159],[-105.003743,39.802849],[-105.096068,39.799401],[-105.188392,39.802849],[-105.279855,39.813159],[-105.369603,39.830237],[-105.456795,39.853922],[-105.540615,39.883993],[-105.620273,39.920168],[-105.695016,39.962109],[-105.764132,40.009422],[-105.82696,40.061662],[-105.882892,40.118336],[-105.931383,40.178909],[-105.971952,40.242808],[-106.004192,40.309426],[-106.027771,40.378129],[-106.042437,40.448259],[-106.048022,40.519146],[-106.044442,40.590107],[-106.031704,40.66046],[-106.009901,40.729523],[-105.979219,40.796627],[-105.939927,40.861118],[-105.892387,40.922366],[-105.83704,40.979773],[-105.77441,41.032775],[-105.705096,41.08085],[-105.629769,41.123524],[-105.549162,41.160375],[-105.464064,41.191038],[-105.375314,41.215208],[-105.283789,41.232647],[-105.190397,41.24318],[-105.096068,41.246703]]]},"properties":{"siteId":"6312","propertyType":"TD TESTING","category":"3P"}},{"type":"Feature","geometry":{"type":"Polygon","coordinates":[[[-108.534213,39.836709],[-108.441848,39.833188],[-108.3504,39.822661],[-108.260777,39.805231],[-108.173867,39.781072],[-108.090529,39.750424],[-108.011581,39.71359],[-107.937797,39.670934],[-107.869895,39.622878],[-107.808532,39.569895],[-107.754294,39.512506],[-107.707695,39.451274],[-107.669171,39.386797],[-107.639073,39.319705],[-107.61767,39.25065],[-107.605144,39.180303],[-107.601589,39.109343],[-107.607012,39.038454],[-107.621335,38.968317],[-107.644393,38.899606],[-107.675942,38.832976],[-107.715658,38.769062],[-107.763142,38.708472],[-107.817925,38.65178],[-107.879473,38.599522],[-107.947191,38.552191],[-108.02043,38.510232],[-108.098493,38.47404],[-108.180641,38.443955],[-108.266099,38.420259],[-108.354066,38.403173],[-108.443717,38.392857],[-108.534213,38.389407],[-108.624709,38.392857],[-108.71436,38.403173],[-108.802326,38.420259],[-108.887785,38.443955],[-108.969933,38.47404],[-109.047996,38.510232],[-109.121235,38.552191],[-109.188953,38.599522],[-109.250501,38.65178],[-109.305284,38.708472],[-109.352768,38.769062],[-109.392484,38.832976],[-109.424033,38.899606],[-109.447091,38.968317],[-109.461414,39.038454],[-109.466837,39.109343],[-109.463282,39.180303],[-109.450756,39.25065],[-109.429353,39.319705],[-109.399255,39.386797],[-109.360731,39.451274],[-109.314132,39.512506],[-109.259894,39.569895],[-109.19853,39.622878],[-109.130629,39.670934],[-109.056845,39.71359],[-108.977897,39.750424],[-108.894558,39.781072],[-108.807648,39.805231],[-108.718026,39.822661],[-108.626578,39.833188],[-108.534213,39.836709]]]},"properties":{"siteId":"135","propertyType":"PSI Owned","category":"OO"}},{"type":"Feature","geometry":{"type":"Polygon","coordinates":[[[-104.618287,38.994297],[-104.527031,38.990777],[-104.436681,38.980253],[-104.348132,38.962829],[-104.262261,38.938677],[-104.179915,38.908037],[-104.101905,38.871213],[-104.028993,38.828568],[-103.961888,38.780523],[-103.90124,38.72755],[-103.847629,38.670171],[-103.801562,38.608949],[-103.76347,38.54448],[-103.733703,38.477395],[-103.712526,38.408345],[-103.70012,38.338001],[-103.696579,38.267041],[-103.701912,38.196151],[-103.71604,38.126011],[-103.738805,38.057295],[-103.769964,37.990658],[-103.809198,37.926736],[-103.856114,37.866136],[-103.910248,37.809434],[-103.971073,37.757165],[-104.038001,37.709823],[-104.110391,37.667854],[-104.187553,37.631653],[-104.268756,37.60156],[-104.353235,37.577856],[-104.440196,37.560765],[-104.528823,37.550446],[-104.618287,37.546996],[-104.70775,37.550446],[-104.796377,37.560765],[-104.883338,37.577856],[-104.967817,37.60156],[-105.049021,37.631653],[-105.126183,37.667854],[-105.198573,37.709823],[-105.265501,37.757165],[-105.326326,37.809434],[-105.38046,37.866136],[-105.427376,37.926736],[-105.46661,37.990658],[-105.497769,38.057295],[-105.520533,38.126011],[-105.534662,38.196151],[-105.539994,38.267041],[-105.536454,38.338001],[-105.524048,38.408345],[-105.502871,38.477395],[-105.473104,38.54448],[-105.435012,38.608949],[-105.388945,38.670171],[-105.335334,38.72755],[-105.274685,38.780523],[-105.207581,38.828568],[-105.134669,38.871213],[-105.056658,38.908037],[-104.974313,38.938677],[-104.888442,38.962829],[-104.799893,38.980253],[-104.709543,38.990777],[-104.618287,38.994297]]]},"properties":{"siteId":"133","propertyType":"PSI Owned","category":"OO"}},{"type":"Feature","geometry":{"type":"Polygon","coordinates":[[[-105.104966,40.509144],[-105.011681,40.505622],[-104.919324,40.495092],[-104.828811,40.477658],[-104.741039,40.453494],[-104.656877,40.422839],[-104.577152,40.385997],[-104.502646,40.343333],[-104.434084,40.295268],[-104.372127,40.242276],[-104.31737,40.184878],[-104.270331,40.123638],[-104.231447,40.059155],[-104.201075,39.992057],[-104.179485,39.922999],[-104.16686,39.852649],[-104.163293,39.781688],[-104.168792,39.7108],[-104.183275,39.640666],[-104.206577,39.571959],[-104.23845,39.505335],[-104.278565,39.441428],[-104.32652,39.380846],[-104.381841,39.324162],[-104.443988,39.271913],[-104.512361,39.22459],[-104.586304,39.18264],[-104.665114,39.146456],[-104.748044,39.116378],[-104.834314,39.092686],[-104.923115,39.075604],[-105.013614,39.065291],[-105.104966,39.061842],[-105.196318,39.065291],[-105.286817,39.075604],[-105.375618,39.092686],[-105.461888,39.116378],[-105.544819,39.146456],[-105.623628,39.18264],[-105.697571,39.22459],[-105.765944,39.271913],[-105.828091,39.324162],[-105.883412,39.380846],[-105.931367,39.441428],[-105.971482,39.505335],[-106.003355,39.571959],[-106.026657,39.640666],[-106.04114,39.7108],[-106.046639,39.781688],[-106.043072,39.852649],[-106.030447,39.922999],[-106.008857,39.992057],[-105.978485,40.059155],[-105.939601,40.123638],[-105.892562,40.184878],[-105.837805,40.242276],[-105.775848,40.295268],[-105.707286,40.343333],[-105.63278,40.385997],[-105.553055,40.422839],[-105.468893,40.453494],[-105.381121,40.477658],[-105.290608,40.495092],[-105.198251,40.505622],[-105.104966,40.509144]]]},"properties":{"siteId":"130","propertyType":"PSI Owned","category":"OO"}},{"type":"Feature","geometry":{"type":"Polygon","coordinates":[[[-73.094504,41.942045],[-72.999153,41.938522],[-72.904751,41.927986],[-72.812237,41.910543],[-72.72253,41.886366],[-72.636517,41.855695],[-72.555047,41.818836],[-72.478917,41.776153],[-72.40887,41.728069],[-72.345582,41.675057],[-72.289658,41.617641],[-72.241628,41.556384],[-72.201939,41.491886],[-72.170952,41.424777],[-72.148942,41.355709],[-72.136094,41.285354],[-72.132502,41.214391],[-72.13817,41.143506],[-72.153015,41.073378],[-72.176865,41.004681],[-72.209464,40.938069],[-72.250478,40.874177],[-72.299492,40.813612],[-72.356021,40.756947],[-72.419514,40.704717],[-72.489357,40.657413],[-72.564882,40.615481],[-72.645369,40.579314],[-72.730058,40.549251],[-72.818151,40.525572],[-72.908825,40.508498],[-73.00123,40.49819],[-73.094504,40.494744],[-73.187778,40.49819],[-73.280183,40.508498],[-73.370857,40.525572],[-73.45895,40.549251],[-73.543639,40.579314],[-73.624126,40.615481],[-73.699651,40.657413],[-73.769494,40.704717],[-73.832987,40.756947],[-73.889516,40.813612],[-73.93853,40.874177],[-73.979544,40.938069],[-74.012143,41.004681],[-74.035993,41.073378],[-74.050838,41.143506],[-74.056506,41.214391],[-74.052914,41.285354],[-74.040066,41.355709],[-74.018056,41.424777],[-73.987069,41.491886],[-73.94738,41.556384],[-73.89935,41.617641],[-73.843426,41.675057],[-73.780138,41.728069],[-73.710091,41.776153],[-73.633961,41.818836],[-73.552491,41.855695],[-73.466478,41.886366],[-73.376771,41.910543],[-73.284257,41.927986],[-73.189855,41.938522],[-73.094504,41.942045]]]},"properties":{"siteId":"5584","propertyType":"PSI Owned","category":"OO"}},{"type":"Feature","geometry":{"type":"Polygon","coordinates":[[[-72.767291,42.477964],[-72.671127,42.47444],[-72.575921,42.463902],[-72.482621,42.446455],[-72.392153,42.422273],[-72.305414,42.391597],[-72.223257,42.354731],[-72.14649,42.312041],[-72.075859,42.263949],[-72.012047,42.21093],[-71.955666,42.153507],[-71.907247,42.092243],[-71.867241,42.027739],[-71.836012,41.960625],[-71.813838,41.891554],[-71.800902,41.821197],[-71.7973,41.750234],[-71.803035,41.67935],[-71.818022,41.609224],[-71.842088,41.54053],[-71.874973,41.473924],[-71.916339,41.410038],[-71.965769,41.349479],[-72.022774,41.292821],[-72.086796,41.240598],[-72.157217,41.193302],[-72.233362,41.151377],[-72.314508,41.115216],[-72.399888,41.085158],[-72.488699,41.061484],[-72.580107,41.044414],[-72.673261,41.034109],[-72.767291,41.030663],[-72.86132,41.034109],[-72.954474,41.044414],[-73.045883,41.061484],[-73.134693,41.085158],[-73.220073,41.115216],[-73.301219,41.151377],[-73.377365,41.193302],[-73.447786,41.240598],[-73.511808,41.292821],[-73.568812,41.349479],[-73.618242,41.410038],[-73.659608,41.473924],[-73.692494,41.54053],[-73.716559,41.609224],[-73.731546,41.67935],[-73.737282,41.750234],[-73.73368,41.821197],[-73.720744,41.891554],[-73.698569,41.960625],[-73.667341,42.027739],[-73.627335,42.092243],[-73.578916,42.153507],[-73.522534,42.21093],[-73.458723,42.263949],[-73.388092,42.312041],[-73.311324,42.354731],[-73.229168,42.391597],[-73.142428,42.422273],[-73.05196,42.446455],[-72.95866,42.463902],[-72.863455,42.47444],[-72.767291,42.477964]]]},"properties":{"siteId":"10130","propertyType":"PSI Owned","category":"OO"}},{"type":"Feature","geometry":{"type":"Polygon","coordinates":[[[-72.982689,42.062438],[-72.887157,42.058914],[-72.792576,42.048378],[-72.699888,42.030934],[-72.610012,42.006756],[-72.523837,41.976084],[-72.442214,41.939223],[-72.365943,41.896539],[-72.295766,41.848453],[-72.232362,41.79544],[-72.176336,41.738022],[-72.12822,41.676763],[-72.08846,41.612264],[-72.057419,41.545153],[-72.035373,41.476085],[-72.022505,41.40573],[-72.018911,41.334767],[-72.024594,41.263882],[-72.03947,41.193755],[-72.063368,41.125058],[-72.096031,41.058447],[-72.137123,40.994557],[-72.186229,40.933993],[-72.242865,40.87733],[-72.306475,40.825101],[-72.376447,40.777799],[-72.452109,40.735869],[-72.532743,40.699703],[-72.617585,40.669641],[-72.705838,40.645963],[-72.796675,40.62889],[-72.889246,40.618583],[-72.982689,40.615136],[-73.076131,40.618583],[-73.168702,40.62889],[-73.259539,40.645963],[-73.347792,40.669641],[-73.432635,40.699703],[-73.513268,40.735869],[-73.588931,40.777799],[-73.658902,40.825101],[-73.722513,40.87733],[-73.779148,40.933993],[-73.828255,40.994557],[-73.869346,41.058447],[-73.902009,41.125058],[-73.925907,41.193755],[-73.940784,41.263882],[-73.946467,41.334767],[-73.942872,41.40573],[-73.930005,41.476085],[-73.907958,41.545153],[-73.876918,41.612264],[-73.837158,41.676763],[-73.789041,41.738022],[-73.733016,41.79544],[-73.669612,41.848453],[-73.599435,41.896539],[-73.523163,41.939223],[-73.44154,41.976084],[-73.355366,42.006756],[-73.26549,42.030934],[-73.172801,42.048378],[-73.078221,42.058914],[-72.982689,42.062438]]]},"properties":{"siteId":"6183","propertyType":"MG TESTING","category":"3P"}},{"type":"Feature","geometry":{"type":"Polygon","coordinates":[[[-75.533641,39.885122],[-75.441211,39.881601],[-75.349699,39.871073],[-75.260013,39.853643],[-75.173042,39.829484],[-75.089645,39.798836],[-75.010642,39.762001],[-74.936807,39.719345],[-74.868859,39.671288],[-74.807453,39.618304],[-74.753179,39.560915],[-74.706548,39.499682],[-74.667998,39.435205],[-74.637881,39.368112],[-74.616465,39.299057],[-74.603932,39.22871],[-74.600376,39.157749],[-74.605805,39.08686],[-74.620139,39.016724],[-74.643214,38.948013],[-74.674786,38.881384],[-74.71453,38.817471],[-74.762048,38.756881],[-74.816869,38.70019],[-74.87846,38.647932],[-74.946224,38.600601],[-75.019513,38.558643],[-75.097629,38.522452],[-75.179832,38.492368],[-75.265348,38.468671],[-75.353374,38.451585],[-75.443085,38.44127],[-75.533641,38.43782],[-75.624198,38.44127],[-75.713909,38.451585],[-75.801935,38.468671],[-75.887451,38.492368],[-75.969654,38.522452],[-76.04777,38.558643],[-76.121059,38.600601],[-76.188823,38.647932],[-76.250414,38.70019],[-76.305235,38.756881],[-76.352753,38.817471],[-76.392497,38.881384],[-76.424069,38.948013],[-76.447144,39.016724],[-76.461478,39.08686],[-76.466907,39.157749],[-76.463351,39.22871],[-76.450818,39.299057],[-76.429402,39.368112],[-76.399285,39.435205],[-76.360735,39.499682],[-76.314104,39.560915],[-76.25983,39.618304],[-76.198424,39.671288],[-76.130476,39.719345],[-76.056641,39.762001],[-75.977638,39.798836],[-75.894241,39.829484],[-75.80727,39.853643],[-75.717584,39.871073],[-75.626072,39.881601],[-75.533641,39.885122]]]},"properties":{"siteId":"13719","propertyType":"PSI Authorized","category":"3P"}},{"type":"Feature","geometry":{"type":"Polygon","coordinates":[[[-75.408352,39.421318],[-75.316539,39.417798],[-75.225639,39.407272],[-75.136551,39.389845],[-75.050159,39.365689],[-74.967315,39.335046],[-74.888834,39.298216],[-74.815485,39.255566],[-74.747981,39.207515],[-74.686974,39.154537],[-74.633048,39.097153],[-74.586714,39.035926],[-74.548405,38.971453],[-74.518472,38.904365],[-74.497182,38.835312],[-74.484716,38.764966],[-74.481168,38.694006],[-74.486546,38.623117],[-74.500772,38.552979],[-74.523683,38.484265],[-74.555038,38.417632],[-74.594514,38.353714],[-74.641715,38.293119],[-74.696175,38.236422],[-74.757362,38.184158],[-74.824687,38.136821],[-74.897502,38.094858],[-74.975116,38.058661],[-75.056794,38.028572],[-75.141764,38.004872],[-75.229229,37.987784],[-75.31837,37.977466],[-75.408352,37.974016],[-75.498333,37.977466],[-75.587474,37.987784],[-75.674939,38.004872],[-75.75991,38.028572],[-75.841587,38.058661],[-75.919201,38.094858],[-75.992017,38.136821],[-76.059341,38.184158],[-76.120529,38.236422],[-76.174989,38.293119],[-76.22219,38.353714],[-76.261665,38.417632],[-76.29302,38.484265],[-76.315932,38.552979],[-76.330158,38.623117],[-76.335536,38.694006],[-76.331988,38.764966],[-76.319521,38.835312],[-76.298231,38.904365],[-76.268298,38.971453],[-76.229989,39.035926],[-76.183656,39.097153],[-76.12973,39.154537],[-76.068723,39.207515],[-76.001218,39.255566],[-75.927869,39.298216],[-75.849388,39.335046],[-75.766544,39.365689],[-75.680152,39.389845],[-75.591065,39.407272],[-75.500164,39.417798],[-75.408352,39.421318]]]},"properties":{"siteId":"5241","propertyType":"PSI Authorized","category":"3P"}},{"type":"Feature","geometry":{"type":"Polygon","coordinates":[[[-81.418979,29.392721],[-81.337574,29.389212],[-81.25697,29.37872],[-81.177959,29.361347],[-81.101316,29.337265],[-81.027791,29.30671],[-80.958104,29.269983],[-80.892934,29.227442],[-80.832911,29.179506],[-80.778616,29.126642],[-80.730569,29.069367],[-80.689228,29.00824],[-80.654983,28.943854],[-80.628153,28.876837],[-80.608984,28.807837],[-80.597645,28.737522],[-80.59423,28.666571],[-80.598756,28.595669],[-80.611163,28.525496],[-80.631317,28.456727],[-80.65901,28.39002],[-80.693964,28.326013],[-80.735831,28.265318],[-80.784202,28.208511],[-80.838607,28.156135],[-80.89852,28.108686],[-80.963367,28.066614],[-81.032528,28.030319],[-81.105343,28.000143],[-81.181124,27.976372],[-81.25915,27.95923],[-81.338686,27.94888],[-81.418979,27.945419],[-81.499272,27.94888],[-81.578808,27.95923],[-81.656834,27.976372],[-81.732614,28.000143],[-81.80543,28.030319],[-81.874591,28.066614],[-81.939437,28.108686],[-81.999351,28.156135],[-82.053755,28.208511],[-82.102126,28.265318],[-82.143994,28.326013],[-82.178947,28.39002],[-82.20664,28.456727],[-82.226795,28.525496],[-82.239202,28.595669],[-82.243728,28.666571],[-82.240313,28.737522],[-82.228974,28.807837],[-82.209804,28.876837],[-82.182974,28.943854],[-82.148729,29.00824],[-82.107389,29.069367],[-82.059342,29.126642],[-82.005047,29.179506],[-81.945024,29.227442],[-81.879853,29.269983],[-81.810166,29.30671],[-81.736642,29.337265],[-81.659999,29.361347],[-81.580988,29.37872],[-81.500383,29.389212],[-81.418979,29.392721]]]},"properties":{"siteId":"5242","propertyType":"PSI Authorized","category":"3P"}},{"type":"Feature","geometry":{"type":"Polygon","coordinates":[[[-80.10237,27.088995],[-80.022704,27.085488],[-79.943821,27.075002],[-79.866493,27.057641],[-79.791479,27.033574],[-79.719511,27.003037],[-79.651293,26.96633],[-79.587488,26.923811],[-79.528715,26.875898],[-79.475539,26.823057],[-79.428473,26.765804],[-79.387965,26.704696],[-79.354397,26.640329],[-79.328083,26.573325],[-79.309265,26.504336],[-79.298112,26.434027],[-79.294717,26.363079],[-79.299098,26.292173],[-79.3112,26.221994],[-79.330891,26.153214],[-79.357972,26.086492],[-79.392169,26.022468],[-79.433144,25.961752],[-79.480498,25.904924],[-79.533771,25.852524],[-79.592447,25.805053],[-79.655965,25.762959],[-79.723716,25.726644],[-79.795054,25.69645],[-79.869302,25.672665],[-79.945756,25.655513],[-80.023691,25.645156],[-80.10237,25.641693],[-80.181049,25.645156],[-80.258983,25.655513],[-80.335437,25.672665],[-80.409685,25.69645],[-80.481024,25.726644],[-80.548775,25.762959],[-80.612292,25.805053],[-80.670969,25.852524],[-80.724241,25.904924],[-80.771595,25.961752],[-80.812571,26.022468],[-80.846768,26.086492],[-80.873848,26.153214],[-80.89354,26.221994],[-80.905641,26.292173],[-80.910023,26.363079],[-80.906628,26.434027],[-80.895474,26.504336],[-80.876657,26.573325],[-80.850343,26.640329],[-80.816775,26.704696],[-80.776266,26.765804],[-80.7292,26.823057],[-80.676025,26.875898],[-80.617251,26.923811],[-80.553446,26.96633],[-80.485228,27.003037],[-80.413261,27.033574],[-80.338246,27.057641],[-80.260919,27.075002],[-80.182035,27.085488],[-80.10237,27.088995]]]},"properties":{"siteId":"5836","propertyType":"PSI Authorized","category":"3P"}},{"type":"Feature","geometry":{"type":"Polygon","coordinates":[[[-87.260789,31.310669],[-87.177773,31.307159],[-87.095575,31.29666],[-87.015003,31.279278],[-86.936851,31.255184],[-86.861884,31.224614],[-86.790836,31.187868],[-86.724399,31.145309],[-86.663218,31.097352],[-86.607885,31.044469],[-86.558928,30.987175],[-86.516815,30.92603],[-86.481942,30.861629],[-86.454632,30.794599],[-86.435135,30.72559],[-86.423623,30.65527],[-86.420188,30.584317],[-86.424847,30.513417],[-86.437537,30.44325],[-86.458119,30.374491],[-86.486379,30.307797],[-86.522033,30.243805],[-86.564726,30.183127],[-86.61404,30.12634],[-86.669494,30.073983],[-86.730554,30.026554],[-86.796634,29.984501],[-86.867102,29.948223],[-86.941289,29.918062],[-87.01849,29.894303],[-87.097977,29.877171],[-87.178997,29.866827],[-87.260789,29.863368],[-87.34258,29.866827],[-87.423601,29.877171],[-87.503087,29.894303],[-87.580289,29.918062],[-87.654475,29.948223],[-87.724944,29.984501],[-87.791023,30.026554],[-87.852083,30.073983],[-87.907538,30.12634],[-87.956852,30.183127],[-87.999545,30.243805],[-88.035199,30.307797],[-88.063459,30.374491],[-88.084041,30.44325],[-88.096731,30.513417],[-88.10139,30.584317],[-88.097955,30.65527],[-88.086442,30.72559],[-88.066945,30.794599],[-88.039636,30.861629],[-88.004763,30.92603],[-87.962649,30.987175],[-87.913693,31.044469],[-87.858359,31.097352],[-87.797179,31.145309],[-87.730742,31.187868],[-87.659694,31.224614],[-87.584727,31.255184],[-87.506574,31.279278],[-87.426003,31.29666],[-87.343805,31.307159],[-87.260789,31.310669]]]},"properties":{"siteId":"18144","propertyType":"MG TESTING","category":"3P"}},{"type":"Feature","geometry":{"type":"Polygon","coordinates":[[[-85.554034,31.499231],[-85.470851,31.49572],[-85.388488,31.485221],[-85.307755,31.467838],[-85.229446,31.443742],[-85.154329,31.413171],[-85.08314,31.376424],[-85.016572,31.333862],[-84.955272,31.285904],[-84.899831,31.233018],[-84.85078,31.175722],[-84.808587,31.114575],[-84.773648,31.050173],[-84.746289,30.983142],[-84.726758,30.914132],[-84.715227,30.843811],[-84.711791,30.772859],[-84.716463,30.701959],[-84.729182,30.631792],[-84.749808,30.563034],[-84.778128,30.496341],[-84.813854,30.432351],[-84.856633,30.371675],[-84.906044,30.31489],[-84.961607,30.262535],[-85.022786,30.215108],[-85.088994,30.173057],[-85.159598,30.13678],[-85.233926,30.106621],[-85.311275,30.082863],[-85.390913,30.065732],[-85.472087,30.055388],[-85.554034,30.051929],[-85.635981,30.055388],[-85.717156,30.065732],[-85.796793,30.082863],[-85.874142,30.106621],[-85.948471,30.13678],[-86.019074,30.173057],[-86.085282,30.215108],[-86.146461,30.262535],[-86.202024,30.31489],[-86.251435,30.371675],[-86.294214,30.432351],[-86.329941,30.496341],[-86.35826,30.563034],[-86.378886,30.631792],[-86.391605,30.701959],[-86.396278,30.772859],[-86.392841,30.843811],[-86.38131,30.914132],[-86.361779,30.983142],[-86.33442,31.050173],[-86.299482,31.114575],[-86.257288,31.175722],[-86.208238,31.233018],[-86.152796,31.285904],[-86.091496,31.333862],[-86.024928,31.376424],[-85.953739,31.413171],[-85.878622,31.443742],[-85.800313,31.467838],[-85.71958,31.485221],[-85.637217,31.49572],[-85.554034,31.499231]]]},"properties":{"siteId":"10706","propertyType":"PSI Authorized","category":"3P"}},{"type":"Feature","geometry":{"type":"Polygon","coordinates":[[[-80.238404,26.803236],[-80.158941,26.79973],[-80.080257,26.789245],[-80.003124,26.771885],[-79.928299,26.74782],[-79.856512,26.717285],[-79.788464,26.68058],[-79.724817,26.638065],[-79.666188,26.590154],[-79.613143,26.537316],[-79.566191,26.480065],[-79.525778,26.41896],[-79.492289,26.354595],[-79.466034,26.287593],[-79.447257,26.218605],[-79.436126,26.148297],[-79.432733,26.077349],[-79.437097,26.006443],[-79.449163,25.936263],[-79.468801,25.867481],[-79.49581,25.800758],[-79.529919,25.736731],[-79.570792,25.676013],[-79.618028,25.619182],[-79.671169,25.56678],[-79.729702,25.519306],[-79.793066,25.47721],[-79.860653,25.440892],[-79.931821,25.410696],[-80.005892,25.386909],[-80.082163,25.369756],[-80.159912,25.359398],[-80.238404,25.355935],[-80.316896,25.359398],[-80.394646,25.369756],[-80.470917,25.386909],[-80.544988,25.410696],[-80.616155,25.440892],[-80.683743,25.47721],[-80.747106,25.519306],[-80.80564,25.56678],[-80.858781,25.619182],[-80.906017,25.676013],[-80.946889,25.736731],[-80.980998,25.800758],[-81.008007,25.867481],[-81.027645,25.936263],[-81.039712,26.006443],[-81.044076,26.077349],[-81.040683,26.148297],[-81.029551,26.218605],[-81.010774,26.287593],[-80.98452,26.354595],[-80.95103,26.41896],[-80.910618,26.480065],[-80.863666,26.537316],[-80.81062,26.590154],[-80.751991,26.638065],[-80.688345,26.68058],[-80.620297,26.717285],[-80.54851,26.74782],[-80.473685,26.771885],[-80.396552,26.789245],[-80.317868,26.79973],[-80.238404,26.803236]]]},"properties":{"siteId":"11283","propertyType":"PSI Authorized","category":"3P"}},{"type":"Feature","geometry":{"type":"Polygon","coordinates":[[[-81.020737,29.934341],[-80.938893,29.930831],[-80.857854,29.920337],[-80.778418,29.902962],[-80.701363,29.878877],[-80.627445,29.848318],[-80.557387,29.811585],[-80.491871,29.76904],[-80.431533,29.721098],[-80.376955,29.668228],[-80.32866,29.610948],[-80.287108,29.549816],[-80.252692,29.485426],[-80.225731,29.418405],[-80.206473,29.349402],[-80.195086,29.279086],[-80.191666,29.208135],[-80.196229,29.137233],[-80.208713,29.067062],[-80.228984,28.998295],[-80.256832,28.931592],[-80.291976,28.86759],[-80.334069,28.806899],[-80.382697,28.750098],[-80.437388,28.697727],[-80.497614,28.650284],[-80.562797,28.608217],[-80.632314,28.571926],[-80.705503,28.541755],[-80.781671,28.517987],[-80.860095,28.500848],[-80.940036,28.4905],[-81.020737,28.487039],[-81.101439,28.4905],[-81.181379,28.500848],[-81.259803,28.517987],[-81.335971,28.541755],[-81.409161,28.571926],[-81.478678,28.608217],[-81.54386,28.650284],[-81.604086,28.697727],[-81.658777,28.750098],[-81.707405,28.806899],[-81.749498,28.86759],[-81.784642,28.931592],[-81.81249,28.998295],[-81.832761,29.067062],[-81.845246,29.137233],[-81.849808,29.208135],[-81.846388,29.279086],[-81.835002,29.349402],[-81.815743,29.418405],[-81.788782,29.485426],[-81.754366,29.549816],[-81.712814,29.610948],[-81.66452,29.668228],[-81.609941,29.721098],[-81.549603,29.76904],[-81.484087,29.811585],[-81.414029,29.848318],[-81.340111,29.878877],[-81.263057,29.902962],[-81.18362,29.920337],[-81.102581,29.930831],[-81.020737,29.934341]]]},"properties":{"siteId":"6209","propertyType":"MG TESTING","category":"3P"}},{"type":"Feature","geometry":{"type":"Polygon","coordinates":[[[-82.343831,27.662364],[-82.263752,27.658857],[-82.184459,27.64837],[-82.106731,27.631006],[-82.031329,27.606935],[-81.958991,27.576394],[-81.890424,27.539682],[-81.826294,27.497158],[-81.767223,27.449239],[-81.713782,27.396392],[-81.666482,27.339134],[-81.625776,27.278021],[-81.592047,27.213649],[-81.56561,27.146643],[-81.546709,27.077651],[-81.535512,27.00734],[-81.532112,26.936391],[-81.536528,26.865487],[-81.548703,26.795309],[-81.568505,26.726531],[-81.595731,26.659813],[-81.630108,26.595793],[-81.671296,26.535082],[-81.718892,26.47826],[-81.772433,26.425866],[-81.831404,26.3784],[-81.895238,26.336312],[-81.963324,26.300001],[-82.035013,26.269812],[-82.109626,26.24603],[-82.186453,26.22888],[-82.264769,26.218525],[-82.343831,26.215063],[-82.422894,26.218525],[-82.501209,26.22888],[-82.578037,26.24603],[-82.652649,26.269812],[-82.724339,26.300001],[-82.792425,26.336312],[-82.856259,26.3784],[-82.91523,26.425866],[-82.968771,26.47826],[-83.016367,26.535082],[-83.057555,26.595793],[-83.091932,26.659813],[-83.119158,26.726531],[-83.13896,26.795309],[-83.151135,26.865487],[-83.155551,26.936391],[-83.152151,27.00734],[-83.140954,27.077651],[-83.122053,27.146643],[-83.095616,27.213649],[-83.061887,27.278021],[-83.021181,27.339134],[-82.973881,27.396392],[-82.92044,27.449239],[-82.861369,27.497158],[-82.797239,27.539682],[-82.728672,27.576394],[-82.656334,27.606935],[-82.580932,27.631006],[-82.503204,27.64837],[-82.423911,27.658857],[-82.343831,27.662364]]]},"properties":{"siteId":"19102","propertyType":"PSI Authorized","category":"3P"}},{"type":"Feature","geometry":{"type":"Polygon","coordinates":[[[-80.152566,26.9268],[-80.073015,26.923293],[-79.994246,26.912808],[-79.917029,26.895447],[-79.842122,26.871381],[-79.770257,26.840846],[-79.702136,26.80414],[-79.638421,26.761623],[-79.57973,26.713711],[-79.526629,26.660872],[-79.479628,26.60362],[-79.439174,26.542514],[-79.40565,26.478147],[-79.379371,26.411145],[-79.360576,26.342156],[-79.349435,26.271848],[-79.346041,26.2009],[-79.350413,26.129995],[-79.362494,26.059814],[-79.382155,25.991033],[-79.409195,25.924311],[-79.443342,25.860285],[-79.484259,25.799568],[-79.531546,25.742738],[-79.584744,25.690338],[-79.643339,25.642864],[-79.706768,25.600769],[-79.774426,25.564452],[-79.845667,25.534258],[-79.919814,25.510471],[-79.996164,25.493318],[-80.073994,25.482961],[-80.152566,25.479498],[-80.231138,25.482961],[-80.308968,25.493318],[-80.385317,25.510471],[-80.459465,25.534258],[-80.530706,25.564452],[-80.598364,25.600769],[-80.661793,25.642864],[-80.720388,25.690338],[-80.773586,25.742738],[-80.820873,25.799568],[-80.86179,25.860285],[-80.895937,25.924311],[-80.922976,25.991033],[-80.942638,26.059814],[-80.954719,26.129995],[-80.959091,26.2009],[-80.955697,26.271848],[-80.944556,26.342156],[-80.925761,26.411145],[-80.899481,26.478147],[-80.865958,26.542514],[-80.825504,26.60362],[-80.778503,26.660872],[-80.725402,26.713711],[-80.66671,26.761623],[-80.602995,26.80414],[-80.534874,26.840846],[-80.46301,26.871381],[-80.388103,26.895447],[-80.310886,26.912808],[-80.232116,26.923293],[-80.152566,26.9268]]]},"properties":{"siteId":"6291","propertyType":"TD TESTING","category":"3P"}},{"type":"Feature","geometry":{"type":"Polygon","coordinates":[[[-81.860483,27.370391],[-81.780616,27.366884],[-81.701533,27.356398],[-81.62401,27.339035],[-81.548807,27.314966],[-81.47666,27.284427],[-81.408271,27.247718],[-81.344308,27.205197],[-81.28539,27.15728],[-81.232085,27.104436],[-81.184905,27.047181],[-81.1443,26.986071],[-81.110654,26.921701],[-81.08428,26.854696],[-81.065422,26.785706],[-81.054247,26.715396],[-81.05085,26.644447],[-81.055248,26.573542],[-81.067385,26.503364],[-81.087131,26.434585],[-81.114282,26.367865],[-81.148566,26.303843],[-81.189646,26.243129],[-81.237117,26.186304],[-81.290521,26.133907],[-81.349341,26.086438],[-81.413012,26.044347],[-81.480926,26.008034],[-81.552436,25.977843],[-81.626862,25.954059],[-81.703497,25.936908],[-81.781617,25.926552],[-81.860483,25.92309],[-81.939349,25.926552],[-82.017469,25.936908],[-82.094105,25.954059],[-82.16853,25.977843],[-82.24004,26.008034],[-82.307954,26.044347],[-82.371625,26.086438],[-82.430445,26.133907],[-82.483849,26.186304],[-82.531321,26.243129],[-82.5724,26.303843],[-82.606685,26.367865],[-82.633836,26.434585],[-82.653581,26.503364],[-82.665718,26.573542],[-82.670117,26.644447],[-82.666719,26.715396],[-82.655545,26.785706],[-82.636686,26.854696],[-82.610313,26.921701],[-82.576666,26.986071],[-82.536061,27.047181],[-82.488881,27.104436],[-82.435577,27.15728],[-82.376658,27.205197],[-82.312695,27.247718],[-82.244307,27.284427],[-82.172159,27.314966],[-82.096956,27.339035],[-82.019433,27.356398],[-81.94035,27.366884],[-81.860483,27.370391]]]},"properties":{"siteId":"6289","propertyType":"MG TESTING","category":"3P"}},{"type":"Feature","geometry":{"type":"Polygon","coordinates":[[[-81.752325,27.219734],[-81.672566,27.216228],[-81.59359,27.205742],[-81.516172,27.18838],[-81.441071,27.164312],[-81.36902,27.133774],[-81.300723,27.097065],[-81.236845,27.054546],[-81.178004,27.006631],[-81.124769,26.953789],[-81.07765,26.896535],[-81.037097,26.835426],[-81.003493,26.771057],[-80.977151,26.704053],[-80.958315,26.635063],[-80.947152,26.564754],[-80.943755,26.493806],[-80.948145,26.422901],[-80.960263,26.352721],[-80.979979,26.283942],[-81.007092,26.217221],[-81.04133,26.153197],[-81.082354,26.092483],[-81.129762,26.035656],[-81.183095,25.983258],[-81.241838,25.935787],[-81.305427,25.893695],[-81.373253,25.857381],[-81.444671,25.827188],[-81.519001,25.803404],[-81.595539,25.786252],[-81.67356,25.775896],[-81.752325,25.772433],[-81.83109,25.775896],[-81.909111,25.786252],[-81.985649,25.803404],[-82.059979,25.827188],[-82.131397,25.857381],[-82.199223,25.893695],[-82.262812,25.935787],[-82.321555,25.983258],[-82.374888,26.035656],[-82.422296,26.092483],[-82.46332,26.153197],[-82.497558,26.217221],[-82.524671,26.283942],[-82.544387,26.352721],[-82.556505,26.422901],[-82.560894,26.493806],[-82.557498,26.564754],[-82.546335,26.635063],[-82.527499,26.704053],[-82.501157,26.771057],[-82.467553,26.835426],[-82.426999,26.896535],[-82.379881,26.953789],[-82.326646,27.006631],[-82.267805,27.054546],[-82.203927,27.097065],[-82.13563,27.133774],[-82.063579,27.164312],[-81.988477,27.18838],[-81.911059,27.205742],[-81.832084,27.216228],[-81.752325,27.219734]]]},"properties":{"siteId":"9017","propertyType":"PSI Authorized","category":"3P"}},{"type":"Feature","geometry":{"type":"Polygon","coordinates":[[[-82.274498,30.425002],[-82.192246,30.421492],[-82.110803,30.410996],[-82.03097,30.393619],[-81.953533,30.36953],[-81.879249,30.338967],[-81.808846,30.30223],[-81.743009,30.259679],[-81.682377,30.211732],[-81.627536,30.158858],[-81.579011,30.101573],[-81.537263,30.040436],[-81.502688,29.976043],[-81.475605,29.909018],[-81.456264,29.840013],[-81.444833,29.769696],[-81.441408,29.698744],[-81.446004,29.627843],[-81.45856,29.557673],[-81.47894,29.488909],[-81.506932,29.422209],[-81.542254,29.358211],[-81.584556,29.297524],[-81.633423,29.240728],[-81.68838,29.188362],[-81.748896,29.140924],[-81.814392,29.098862],[-81.88424,29.062576],[-81.957777,29.032408],[-82.034305,29.008643],[-82.1131,28.991507],[-82.193417,28.98116],[-82.274498,28.9777],[-82.35558,28.98116],[-82.435896,28.991507],[-82.514691,29.008643],[-82.591219,29.032408],[-82.664756,29.062576],[-82.734604,29.098862],[-82.8001,29.140924],[-82.860616,29.188362],[-82.915574,29.240728],[-82.964441,29.297524],[-83.006743,29.358211],[-83.042065,29.422209],[-83.070056,29.488909],[-83.090436,29.557673],[-83.102992,29.627843],[-83.107588,29.698744],[-83.104163,29.769696],[-83.092732,29.840013],[-83.073391,29.909018],[-83.046308,29.976043],[-83.011733,30.040436],[-82.969986,30.101573],[-82.92146,30.158858],[-82.866619,30.211732],[-82.805987,30.259679],[-82.74015,30.30223],[-82.669747,30.338967],[-82.595463,30.36953],[-82.518026,30.393619],[-82.438194,30.410996],[-82.356751,30.421492],[-82.274498,30.425002]]]},"properties":{"siteId":"5251","propertyType":"PSI Authorized","category":"3P"}},{"type":"Feature","geometry":{"type":"Polygon","coordinates":[[[-81.720091,31.024789],[-81.637325,31.021278],[-81.555374,31.010781],[-81.475045,30.9934],[-81.397127,30.969308],[-81.322384,30.93874],[-81.251547,30.901997],[-81.185307,30.859441],[-81.124306,30.811487],[-81.069134,30.758606],[-81.020319,30.701315],[-80.978325,30.640173],[-80.943549,30.575775],[-80.916314,30.508747],[-80.896868,30.439739],[-80.885383,30.369419],[-80.881951,30.298467],[-80.886589,30.227567],[-80.899235,30.157399],[-80.919751,30.088638],[-80.947924,30.021942],[-80.983469,29.957948],[-81.026034,29.897268],[-81.075201,29.840478],[-81.130493,29.788118],[-81.191375,29.740685],[-81.257263,29.69863],[-81.327528,29.662349],[-81.401502,29.632186],[-81.478482,29.608425],[-81.557742,29.591292],[-81.638532,29.580946],[-81.720091,29.577487],[-81.80165,29.580946],[-81.88244,29.591292],[-81.961699,29.608425],[-82.03868,29.632186],[-82.112654,29.662349],[-82.182919,29.69863],[-82.248807,29.740685],[-82.309689,29.788118],[-82.364981,29.840478],[-82.414148,29.897268],[-82.456713,29.957948],[-82.492258,30.021942],[-82.520431,30.088638],[-82.540946,30.157399],[-82.553592,30.227567],[-82.558231,30.298467],[-82.554799,30.369419],[-82.543313,30.439739],[-82.523867,30.508747],[-82.496632,30.575775],[-82.461857,30.640173],[-82.419863,30.701315],[-82.371048,30.758606],[-82.315876,30.811487],[-82.254875,30.859441],[-82.188635,30.901997],[-82.117798,30.93874],[-82.043055,30.969308],[-81.965137,30.9934],[-81.884807,31.010781],[-81.802857,31.021278],[-81.720091,31.024789]]]},"properties":{"siteId":"6318","propertyType":"TD TESTING","category":"3P"}},{"type":"Feature","geometry":{"type":"Polygon","coordinates":[[[-81.712895,31.151208],[-81.630019,31.147698],[-81.547959,31.1372],[-81.467523,31.119819],[-81.389502,31.095725],[-81.31466,31.065156],[-81.24373,31.028413],[-81.177403,30.985855],[-81.116323,30.9379],[-81.06108,30.885018],[-81.012203,30.827726],[-80.970157,30.766582],[-80.935338,30.702183],[-80.90807,30.635154],[-80.888601,30.566146],[-80.877104,30.495826],[-80.873671,30.424873],[-80.878318,30.353973],[-80.890984,30.283806],[-80.911528,30.215045],[-80.93974,30.14835],[-80.975333,30.084358],[-81.017954,30.023678],[-81.067186,29.966889],[-81.122549,29.914531],[-81.18351,29.8671],[-81.249482,29.825045],[-81.319837,29.788766],[-81.393904,29.758603],[-81.470982,29.734844],[-81.550342,29.717711],[-81.631233,29.707366],[-81.712895,29.703907],[-81.794556,29.707366],[-81.875448,29.717711],[-81.954807,29.734844],[-82.031885,29.758603],[-82.105952,29.788766],[-82.176307,29.825045],[-82.24228,29.8671],[-82.30324,29.914531],[-82.358603,29.966889],[-82.407835,30.023678],[-82.450457,30.084358],[-82.48605,30.14835],[-82.514261,30.215045],[-82.534806,30.283806],[-82.547471,30.353973],[-82.552118,30.424873],[-82.548686,30.495826],[-82.537188,30.566146],[-82.517719,30.635154],[-82.490452,30.702183],[-82.455633,30.766582],[-82.413587,30.827726],[-82.364709,30.885018],[-82.309466,30.9379],[-82.248386,30.985855],[-82.182059,31.028413],[-82.111129,31.065156],[-82.036288,31.095725],[-81.958266,31.119819],[-81.87783,31.1372],[-81.795771,31.147698],[-81.712895,31.151208]]]},"properties":{"siteId":"10698","propertyType":"PSI Authorized","category":"3P"}},{"type":"Feature","geometry":{"type":"Polygon","coordinates":[[[-82.371527,28.94311],[-82.290478,28.939602],[-82.210226,28.929111],[-82.131559,28.91174],[-82.055249,28.887662],[-81.982043,28.85711],[-81.912657,28.820387],[-81.847765,28.777851],[-81.787998,28.729919],[-81.733932,28.67706],[-81.686086,28.619789],[-81.644916,28.558665],[-81.610809,28.494284],[-81.584085,28.427269],[-81.564988,28.358271],[-81.553687,28.287957],[-81.550276,28.217007],[-81.554772,28.146104],[-81.567117,28.07593],[-81.587177,28.007158],[-81.614745,27.940449],[-81.649544,27.876438],[-81.691229,27.815739],[-81.739392,27.758928],[-81.793565,27.706547],[-81.853225,27.659094],[-81.9178,27.617018],[-81.986672,27.580718],[-82.059185,27.550539],[-82.134652,27.526765],[-82.212357,27.509621],[-82.291564,27.49927],[-82.371527,27.495809],[-82.45149,27.49927],[-82.530698,27.509621],[-82.608402,27.526765],[-82.683869,27.550539],[-82.756383,27.580718],[-82.825255,27.617018],[-82.889829,27.659094],[-82.94949,27.706547],[-83.003663,27.758928],[-83.051826,27.815739],[-83.093511,27.876438],[-83.128309,27.940449],[-83.155877,28.007158],[-83.175937,28.07593],[-83.188282,28.146104],[-83.192778,28.217007],[-83.189368,28.287957],[-83.178067,28.358271],[-83.158969,28.427269],[-83.132245,28.494284],[-83.098139,28.558665],[-83.056968,28.619789],[-83.009122,28.67706],[-82.955056,28.729919],[-82.895289,28.777851],[-82.830398,28.820387],[-82.761011,28.85711],[-82.687805,28.887662],[-82.611495,28.91174],[-82.532828,28.929111],[-82.452576,28.939602],[-82.371527,28.94311]]]},"properties":{"siteId":"5256","propertyType":"PSI Authorized","category":"3P"}},{"type":"Feature","geometry":{"type":"Polygon","coordinates":[[[-80.37588,26.395855],[-80.296699,26.392349],[-80.218294,26.381866],[-80.141435,26.364507],[-80.066874,26.340445],[-79.99534,26.309913],[-79.927531,26.273212],[-79.864105,26.2307],[-79.805679,26.182793],[-79.752816,26.129959],[-79.706022,26.072712],[-79.665745,26.011611],[-79.632365,25.947248],[-79.606194,25.880249],[-79.587474,25.811263],[-79.576372,25.740956],[-79.572982,25.670008],[-79.577323,25.599102],[-79.589339,25.52892],[-79.608902,25.460137],[-79.635811,25.393411],[-79.669798,25.329381],[-79.710525,25.26866],[-79.757596,25.211825],[-79.810554,25.159419],[-79.868886,25.111941],[-79.932034,25.069841],[-79.999393,25.03352],[-80.070321,25.003321],[-80.144144,24.979531],[-80.22016,24.962376],[-80.29765,24.952017],[-80.37588,24.948554],[-80.454111,24.952017],[-80.531601,24.962376],[-80.607617,24.979531],[-80.681439,25.003321],[-80.752367,25.03352],[-80.819726,25.069841],[-80.882874,25.111941],[-80.941207,25.159419],[-80.994164,25.211825],[-81.041235,25.26866],[-81.081963,25.329381],[-81.115949,25.393411],[-81.142859,25.460137],[-81.162422,25.52892],[-81.174438,25.599102],[-81.178779,25.670008],[-81.175389,25.740956],[-81.164287,25.811263],[-81.145567,25.880249],[-81.119396,25.947248],[-81.086016,26.011611],[-81.045739,26.072712],[-80.998945,26.129959],[-80.946081,26.182793],[-80.887655,26.2307],[-80.82423,26.273212],[-80.756421,26.309913],[-80.684887,26.340445],[-80.610325,26.364507],[-80.533466,26.381866],[-80.455062,26.392349],[-80.37588,26.395855]]]},"properties":{"siteId":"11780","propertyType":"PSI Authorized","category":"3P"}},{"type":"Feature","geometry":{"type":"Polygon","coordinates":[[[-80.210554,26.51873],[-80.131288,26.515224],[-80.0528,26.50474],[-79.975859,26.487381],[-79.901219,26.463318],[-79.829609,26.432785],[-79.761728,26.396083],[-79.698237,26.35357],[-79.63975,26.305662],[-79.586832,26.252826],[-79.539991,26.195579],[-79.499673,26.134476],[-79.46626,26.070113],[-79.440064,26.003113],[-79.421327,25.934126],[-79.410216,25.863819],[-79.406825,25.792871],[-79.411173,25.721965],[-79.423205,25.651784],[-79.44279,25.583001],[-79.469729,25.516276],[-79.503752,25.452247],[-79.544523,25.391526],[-79.591644,25.334693],[-79.644656,25.282288],[-79.703049,25.234811],[-79.766261,25.192712],[-79.833689,25.156392],[-79.904688,25.126194],[-79.978585,25.102405],[-80.054678,25.08525],[-80.132245,25.074892],[-80.210554,25.071428],[-80.288862,25.074892],[-80.36643,25.08525],[-80.442523,25.102405],[-80.51642,25.126194],[-80.587419,25.156392],[-80.654847,25.192712],[-80.718059,25.234811],[-80.776452,25.282288],[-80.829464,25.334693],[-80.876585,25.391526],[-80.917356,25.452247],[-80.951379,25.516276],[-80.978318,25.583001],[-80.997903,25.651784],[-81.009934,25.721965],[-81.014282,25.792871],[-81.010892,25.863819],[-80.999781,25.934126],[-80.981044,26.003113],[-80.954848,26.070113],[-80.921435,26.134476],[-80.881117,26.195579],[-80.834276,26.252826],[-80.781358,26.305662],[-80.722871,26.35357],[-80.65938,26.396083],[-80.591499,26.432785],[-80.519889,26.463318],[-80.445249,26.487381],[-80.368308,26.50474],[-80.28982,26.515224],[-80.210554,26.51873]]]},"properties":{"siteId":"12645","propertyType":"PSI Authorized","category":"3P"}},{"type":"Feature","geometry":{"type":"Polygon","coordinates":[[[-80.242935,26.601413],[-80.163611,26.597906],[-80.085067,26.587422],[-80.00807,26.570063],[-79.933376,26.545999],[-79.861715,26.515466],[-79.793786,26.478763],[-79.73025,26.436249],[-79.671722,26.38834],[-79.618767,26.335504],[-79.571894,26.278255],[-79.531549,26.217152],[-79.498114,26.152788],[-79.471901,26.085788],[-79.453153,26.016801],[-79.442036,25.946493],[-79.438644,25.875545],[-79.442997,25.804639],[-79.455038,25.734458],[-79.474639,25.665676],[-79.501598,25.598951],[-79.535646,25.534923],[-79.576447,25.474203],[-79.623601,25.41737],[-79.67665,25.364967],[-79.735083,25.31749],[-79.798339,25.275392],[-79.865813,25.239073],[-79.936861,25.208875],[-80.010808,25.185087],[-80.086953,25.167933],[-80.164573,25.157575],[-80.242935,25.154111],[-80.321296,25.157575],[-80.398916,25.167933],[-80.475061,25.185087],[-80.549008,25.208875],[-80.620056,25.239073],[-80.68753,25.275392],[-80.750786,25.31749],[-80.809219,25.364967],[-80.862269,25.41737],[-80.909422,25.474203],[-80.950223,25.534923],[-80.984271,25.598951],[-81.01123,25.665676],[-81.030831,25.734458],[-81.042872,25.804639],[-81.047225,25.875545],[-81.043833,25.946493],[-81.032716,26.016801],[-81.013968,26.085788],[-80.987755,26.152788],[-80.95432,26.217152],[-80.913975,26.278255],[-80.867102,26.335504],[-80.814147,26.38834],[-80.755619,26.436249],[-80.692083,26.478763],[-80.624154,26.515466],[-80.552493,26.545999],[-80.477799,26.570063],[-80.400802,26.587422],[-80.322258,26.597906],[-80.242935,26.601413]]]},"properties":{"siteId":"12671","propertyType":"PSI Authorized","category":"3P"}},{"type":"Feature","geometry":{"type":"Polygon","coordinates":[[[-80.190418,26.500854],[-80.111165,26.497348],[-80.032689,26.486864],[-79.95576,26.469505],[-79.881131,26.445441],[-79.809532,26.414909],[-79.741662,26.378207],[-79.67818,26.335694],[-79.619702,26.287786],[-79.566792,26.234951],[-79.519958,26.177703],[-79.479646,26.116601],[-79.446238,26.052238],[-79.420046,25.985238],[-79.401311,25.916251],[-79.390202,25.845944],[-79.386811,25.774996],[-79.391158,25.70409],[-79.403187,25.633909],[-79.422769,25.565126],[-79.449704,25.498401],[-79.483721,25.434372],[-79.524486,25.373651],[-79.5716,25.316817],[-79.624604,25.264412],[-79.682988,25.216935],[-79.746191,25.174836],[-79.813608,25.138516],[-79.884597,25.108318],[-79.958483,25.084529],[-80.034565,25.067374],[-80.112121,25.057016],[-80.190418,25.053552],[-80.268715,25.057016],[-80.346272,25.067374],[-80.422353,25.084529],[-80.496239,25.108318],[-80.567229,25.138516],[-80.634646,25.174836],[-80.697849,25.216935],[-80.756233,25.264412],[-80.809237,25.316817],[-80.85635,25.373651],[-80.897115,25.434372],[-80.931133,25.498401],[-80.958068,25.565126],[-80.97765,25.633909],[-80.989679,25.70409],[-80.994026,25.774996],[-80.990635,25.845944],[-80.979525,25.916251],[-80.960791,25.985238],[-80.934599,26.052238],[-80.901191,26.116601],[-80.860879,26.177703],[-80.814045,26.234951],[-80.761135,26.287786],[-80.702657,26.335694],[-80.639175,26.378207],[-80.571304,26.414909],[-80.499706,26.445441],[-80.425077,26.469505],[-80.348148,26.486864],[-80.269672,26.497348],[-80.190418,26.500854]]]},"properties":{"siteId":"11777","propertyType":"PSI Authorized","category":"3P"}},{"type":"Feature","geometry":{"type":"Polygon","coordinates":[[[-80.256261,26.502632],[-80.177006,26.499126],[-80.098529,26.488642],[-80.021598,26.471283],[-79.946968,26.44722],[-79.875369,26.416687],[-79.807497,26.379985],[-79.744014,26.337472],[-79.685536,26.289564],[-79.632625,26.236729],[-79.58579,26.179482],[-79.545477,26.118379],[-79.512069,26.054016],[-79.485876,25.987016],[-79.467142,25.918029],[-79.456032,25.847722],[-79.452641,25.776774],[-79.456988,25.705868],[-79.469017,25.635687],[-79.4886,25.566904],[-79.515535,25.500179],[-79.549553,25.43615],[-79.590319,25.375429],[-79.637433,25.318595],[-79.690438,25.266191],[-79.748823,25.218713],[-79.812026,25.176615],[-79.879445,25.140294],[-79.950435,25.110096],[-80.024322,25.086307],[-80.100405,25.069152],[-80.177962,25.058794],[-80.256261,25.05533],[-80.334559,25.058794],[-80.412116,25.069152],[-80.488199,25.086307],[-80.562086,25.110096],[-80.633076,25.140294],[-80.700495,25.176615],[-80.763699,25.218713],[-80.822083,25.266191],[-80.875088,25.318595],[-80.922202,25.375429],[-80.962968,25.43615],[-80.996986,25.500179],[-81.023921,25.566904],[-81.043504,25.635687],[-81.055533,25.705868],[-81.05988,25.776774],[-81.056489,25.847722],[-81.04538,25.918029],[-81.026645,25.987016],[-81.000452,26.054016],[-80.967044,26.118379],[-80.926731,26.179482],[-80.879896,26.236729],[-80.826986,26.289564],[-80.768507,26.337472],[-80.705024,26.379985],[-80.637153,26.416687],[-80.565553,26.44722],[-80.490923,26.471283],[-80.413993,26.488642],[-80.335515,26.499126],[-80.256261,26.502632]]]},"properties":{"siteId":"6292","propertyType":"TD TESTING","category":"3P"}},{"type":"Feature","geometry":{"type":"Polygon","coordinates":[[[-81.766948,26.877737],[-81.687432,26.874231],[-81.608696,26.863746],[-81.531513,26.846385],[-81.456639,26.82232],[-81.384805,26.791784],[-81.316713,26.755079],[-81.253025,26.712563],[-81.194359,26.664651],[-81.14128,26.611812],[-81.094298,26.554561],[-81.053861,26.493456],[-81.020351,26.429089],[-80.994081,26.362087],[-80.975293,26.293099],[-80.964156,26.222791],[-80.960763,26.151842],[-80.965131,26.080937],[-80.977207,26.010757],[-80.996859,25.941976],[-81.023886,25.875253],[-81.058018,25.811227],[-81.098917,25.750509],[-81.146184,25.693679],[-81.199359,25.641278],[-81.25793,25.593804],[-81.321333,25.551709],[-81.388963,25.515391],[-81.460175,25.485196],[-81.534291,25.461409],[-81.61061,25.444256],[-81.688408,25.433899],[-81.766948,25.430436],[-81.845488,25.433899],[-81.923286,25.444256],[-81.999604,25.461409],[-82.073721,25.485196],[-82.144933,25.515391],[-82.212563,25.551709],[-82.275966,25.593804],[-82.334537,25.641278],[-82.387712,25.693679],[-82.434978,25.750509],[-82.475878,25.811227],[-82.51001,25.875253],[-82.537037,25.941976],[-82.556689,26.010757],[-82.568764,26.080937],[-82.573133,26.151842],[-82.56974,26.222791],[-82.558602,26.293099],[-82.539815,26.362087],[-82.513545,26.429089],[-82.480035,26.493456],[-82.439598,26.554561],[-82.392616,26.611812],[-82.339537,26.664651],[-82.280871,26.712563],[-82.217183,26.755079],[-82.149091,26.791784],[-82.077257,26.82232],[-82.002383,26.846385],[-81.9252,26.863746],[-81.846464,26.874231],[-81.766948,26.877737]]]},"properties":{"siteId":"5262","propertyType":"PSI Authorized","category":"3P"}},{"type":"Feature","geometry":{"type":"Polygon","coordinates":[[[-81.393457,29.327046],[-81.312105,29.323537],[-81.231553,29.313045],[-81.152592,29.295673],[-81.075998,29.271591],[-81.002521,29.241037],[-80.932878,29.20431],[-80.867749,29.16177],[-80.807764,29.113834],[-80.753503,29.060971],[-80.705485,29.003697],[-80.66417,28.94257],[-80.629945,28.878185],[-80.603131,28.811168],[-80.583972,28.742168],[-80.572638,28.671854],[-80.569224,28.600903],[-80.573745,28.53],[-80.586144,28.459827],[-80.606284,28.391058],[-80.633959,28.324351],[-80.668889,28.260343],[-80.71073,28.199647],[-80.75907,28.14284],[-80.813441,28.090463],[-80.873317,28.043014],[-80.938123,28.000941],[-81.007241,27.964645],[-81.080013,27.934469],[-81.155746,27.910697],[-81.233726,27.893555],[-81.313213,27.883205],[-81.393457,27.879744],[-81.473702,27.883205],[-81.553189,27.893555],[-81.631168,27.910697],[-81.706902,27.934469],[-81.779673,27.964645],[-81.848791,28.000941],[-81.913598,28.043014],[-81.973474,28.090463],[-82.027844,28.14284],[-82.076184,28.199647],[-82.118025,28.260343],[-82.152955,28.324351],[-82.18063,28.391058],[-82.20077,28.459827],[-82.213169,28.53],[-82.21769,28.600903],[-82.214276,28.671854],[-82.202943,28.742168],[-82.183784,28.811168],[-82.156969,28.878185],[-82.122745,28.94257],[-82.081429,29.003697],[-82.033412,29.060971],[-81.97915,29.113834],[-81.919165,29.16177],[-81.854036,29.20431],[-81.784393,29.241037],[-81.710916,29.271591],[-81.634322,29.295673],[-81.555361,29.313045],[-81.474809,29.323537],[-81.393457,29.327046]]]},"properties":{"siteId":"18233","propertyType":"PSI Authorized","category":"3P"}},{"type":"Feature","geometry":{"type":"Polygon","coordinates":[[[-80.097374,26.955602],[-80.017803,26.952095],[-79.939013,26.94161],[-79.861777,26.924249],[-79.786851,26.900183],[-79.714969,26.869647],[-79.64683,26.832941],[-79.583099,26.790424],[-79.524394,26.742511],[-79.471279,26.689672],[-79.424267,26.63242],[-79.383803,26.571314],[-79.350272,26.506947],[-79.323986,26.439945],[-79.305187,26.370956],[-79.294044,26.300648],[-79.29065,26.229699],[-79.295023,26.158794],[-79.307108,26.088614],[-79.326775,26.019833],[-79.353822,25.95311],[-79.387978,25.889085],[-79.428905,25.828368],[-79.476204,25.771538],[-79.529415,25.719138],[-79.588024,25.671665],[-79.651469,25.62957],[-79.719144,25.593254],[-79.790402,25.563059],[-79.864567,25.539273],[-79.940935,25.52212],[-80.018783,25.511763],[-80.097374,25.5083],[-80.175966,25.511763],[-80.253813,25.52212],[-80.330182,25.539273],[-80.404347,25.563059],[-80.475605,25.593254],[-80.543279,25.62957],[-80.606725,25.671665],[-80.665334,25.719138],[-80.718545,25.771538],[-80.765844,25.828368],[-80.806771,25.889085],[-80.840927,25.95311],[-80.867974,26.019833],[-80.88764,26.088614],[-80.899725,26.158794],[-80.904099,26.229699],[-80.900705,26.300648],[-80.889561,26.370956],[-80.870763,26.439945],[-80.844477,26.506947],[-80.810945,26.571314],[-80.770482,26.63242],[-80.723469,26.689672],[-80.670355,26.742511],[-80.611649,26.790424],[-80.547918,26.832941],[-80.47978,26.869647],[-80.407897,26.900183],[-80.332971,26.924249],[-80.255735,26.94161],[-80.176945,26.952095],[-80.097374,26.955602]]]},"properties":{"siteId":"5276","propertyType":"PSI Authorized","category":"3P"}},{"type":"Feature","geometry":{"type":"Polygon","coordinates":[[[-82.336722,28.615858],[-82.255927,28.61235],[-82.175926,28.60186],[-82.097504,28.584491],[-82.021432,28.560414],[-81.948454,28.529866],[-81.879282,28.493145],[-81.81459,28.450612],[-81.755005,28.402684],[-81.701102,28.349828],[-81.653399,28.29256],[-81.61235,28.231439],[-81.578343,28.16706],[-81.551694,28.100047],[-81.532648,28.031051],[-81.521374,27.960738],[-81.517966,27.889788],[-81.522442,27.818885],[-81.534742,27.74871],[-81.554735,27.679937],[-81.582213,27.613225],[-81.616901,27.549212],[-81.658456,27.48851],[-81.706471,27.431696],[-81.760478,27.379312],[-81.819958,27.331855],[-81.884339,27.289776],[-81.953005,27.253473],[-82.025303,27.223291],[-82.100546,27.199515],[-82.178021,27.18237],[-82.256995,27.172018],[-82.336722,27.168556],[-82.416449,27.172018],[-82.495423,27.18237],[-82.572898,27.199515],[-82.648141,27.223291],[-82.720439,27.253473],[-82.789105,27.289776],[-82.853486,27.331855],[-82.912965,27.379312],[-82.966973,27.431696],[-83.014987,27.48851],[-83.056542,27.549212],[-83.091231,27.613225],[-83.118709,27.679937],[-83.138701,27.74871],[-83.151002,27.818885],[-83.155477,27.889788],[-83.15207,27.960738],[-83.140796,28.031051],[-83.12175,28.100047],[-83.095101,28.16706],[-83.061093,28.231439],[-83.020044,28.29256],[-82.972341,28.349828],[-82.918439,28.402684],[-82.858854,28.450612],[-82.794162,28.493145],[-82.72499,28.529866],[-82.652012,28.560414],[-82.575939,28.584491],[-82.497518,28.60186],[-82.417517,28.61235],[-82.336722,28.615858]]]},"properties":{"siteId":"13081","propertyType":"PSI Authorized","category":"3P"}},{"type":"Feature","geometry":{"type":"Polygon","coordinates":[[[-80.102045,27.507176],[-80.022079,27.503668],[-79.942898,27.493182],[-79.865279,27.475818],[-79.789983,27.451748],[-79.717747,27.421208],[-79.649275,27.384498],[-79.585234,27.341975],[-79.526244,27.294058],[-79.472876,27.241213],[-79.42564,27.183956],[-79.384988,27.122845],[-79.351303,27.058474],[-79.3249,26.991468],[-79.306022,26.922477],[-79.294837,26.852167],[-79.291438,26.781218],[-79.295845,26.710313],[-79.307999,26.640135],[-79.327771,26.571357],[-79.354957,26.504638],[-79.389285,26.440616],[-79.430415,26.379904],[-79.477945,26.32308],[-79.531413,26.270685],[-79.590303,26.223217],[-79.65405,26.181128],[-79.722044,26.144816],[-79.793638,26.114625],[-79.868151,26.090842],[-79.944876,26.073692],[-80.023087,26.063337],[-80.102045,26.059874],[-80.181002,26.063337],[-80.259214,26.073692],[-80.335939,26.090842],[-80.410452,26.114625],[-80.482045,26.144816],[-80.55004,26.181128],[-80.613787,26.223217],[-80.672677,26.270685],[-80.726145,26.32308],[-80.773675,26.379904],[-80.814805,26.440616],[-80.849132,26.504638],[-80.876318,26.571357],[-80.89609,26.640135],[-80.908245,26.710313],[-80.912651,26.781218],[-80.909253,26.852167],[-80.898068,26.922477],[-80.879189,26.991468],[-80.852786,27.058474],[-80.819101,27.122845],[-80.778449,27.183956],[-80.731214,27.241213],[-80.677845,27.294058],[-80.618856,27.341975],[-80.554815,27.384498],[-80.486343,27.421208],[-80.414106,27.451748],[-80.33881,27.475818],[-80.261192,27.493182],[-80.182011,27.503668],[-80.102045,27.507176]]]},"properties":{"siteId":"6200","propertyType":"MG TESTING","category":"3P"}},{"type":"Feature","geometry":{"type":"Polygon","coordinates":[[[-82.393663,28.791652],[-82.312732,28.788144],[-82.232596,28.777653],[-82.154044,28.760283],[-82.077844,28.736205],[-82.004744,28.705656],[-81.935457,28.668933],[-81.870658,28.626399],[-81.810976,28.578468],[-81.756986,28.525611],[-81.709207,28.468341],[-81.668093,28.407219],[-81.634032,28.342839],[-81.607343,28.275825],[-81.588269,28.206828],[-81.576981,28.136514],[-81.573572,28.065564],[-81.578058,27.994661],[-81.590383,27.924486],[-81.610411,27.855714],[-81.637937,27.789003],[-81.672685,27.724992],[-81.714309,27.664291],[-81.762403,27.607479],[-81.8165,27.555097],[-81.876076,27.507642],[-81.94056,27.465564],[-82.009337,27.429263],[-82.08175,27.399083],[-82.157113,27.375308],[-82.23471,27.358163],[-82.31381,27.347812],[-82.393663,27.34435],[-82.473516,27.347812],[-82.552615,27.358163],[-82.630213,27.375308],[-82.705575,27.399083],[-82.777989,27.429263],[-82.846765,27.465564],[-82.91125,27.507642],[-82.970826,27.555097],[-83.024922,27.607479],[-83.073016,27.664291],[-83.114641,27.724992],[-83.149388,27.789003],[-83.176914,27.855714],[-83.196943,27.924486],[-83.209267,27.994661],[-83.213754,28.065564],[-83.210344,28.136514],[-83.199056,28.206828],[-83.179982,28.275825],[-83.153293,28.342839],[-83.119233,28.407219],[-83.078119,28.468341],[-83.030339,28.525611],[-82.976349,28.578468],[-82.916667,28.626399],[-82.851868,28.668933],[-82.782581,28.705656],[-82.709481,28.736205],[-82.633282,28.760283],[-82.554729,28.777653],[-82.474594,28.788144],[-82.393663,28.791652]]]},"properties":{"siteId":"18234","propertyType":"PSI Authorized","category":"3P"}},{"type":"Feature","geometry":{"type":"Polygon","coordinates":[[[-80.21187,27.572086],[-80.131856,27.568579],[-80.052629,27.558092],[-79.974964,27.540728],[-79.899624,27.516658],[-79.827345,27.486117],[-79.758834,27.449406],[-79.694756,27.406883],[-79.635732,27.358965],[-79.582333,27.306119],[-79.535071,27.248861],[-79.494396,27.18775],[-79.460693,27.123379],[-79.434276,27.056372],[-79.415388,26.987381],[-79.404198,26.917071],[-79.400799,26.846122],[-79.405209,26.775217],[-79.417372,26.705039],[-79.437156,26.636261],[-79.464359,26.569542],[-79.498708,26.505522],[-79.539862,26.44481],[-79.587419,26.387986],[-79.640918,26.335592],[-79.699842,26.288125],[-79.763625,26.246036],[-79.831657,26.209724],[-79.903291,26.179535],[-79.977846,26.155752],[-80.054613,26.138602],[-80.132868,26.128247],[-80.21187,26.124784],[-80.290871,26.128247],[-80.369126,26.138602],[-80.445894,26.155752],[-80.520448,26.179535],[-80.592082,26.209724],[-80.660114,26.246036],[-80.723898,26.288125],[-80.782821,26.335592],[-80.83632,26.387986],[-80.883877,26.44481],[-80.925032,26.505522],[-80.95938,26.569542],[-80.986583,26.636261],[-81.006367,26.705039],[-81.01853,26.775217],[-81.022941,26.846122],[-81.019542,26.917071],[-81.008351,26.987381],[-80.989463,27.056372],[-80.963046,27.123379],[-80.929343,27.18775],[-80.888668,27.248861],[-80.841406,27.306119],[-80.788007,27.358965],[-80.728984,27.406883],[-80.664906,27.449406],[-80.596394,27.486117],[-80.524115,27.516658],[-80.448775,27.540728],[-80.37111,27.558092],[-80.291883,27.568579],[-80.21187,27.572086]]]},"properties":{"siteId":"12357","propertyType":"PSI Authorized","category":"3P"}},{"type":"Feature","geometry":{"type":"Polygon","coordinates":[[[-84.277091,34.792206],[-84.190726,34.788691],[-84.105214,34.778182],[-84.021401,34.760782],[-83.940111,34.736663],[-83.862145,34.706063],[-83.788267,34.669283],[-83.719198,34.626687],[-83.65561,34.578692],[-83.598116,34.52577],[-83.547268,34.46844],[-83.503548,34.407261],[-83.467367,34.342832],[-83.439058,34.275778],[-83.418879,34.206751],[-83.407003,34.13642],[-83.403526,34.065465],[-83.408459,33.994569],[-83.421734,33.924414],[-83.443203,33.855673],[-83.472642,33.789003],[-83.509751,33.725042],[-83.554161,33.664397],[-83.605434,33.607647],[-83.663072,33.555328],[-83.726517,33.507936],[-83.795161,33.465919],[-83.868349,33.429674],[-83.945388,33.399543],[-84.025547,33.375808],[-84.10807,33.358693],[-84.192182,33.34836],[-84.277091,33.344904],[-84.362,33.34836],[-84.446112,33.358693],[-84.528636,33.375808],[-84.608795,33.399543],[-84.685833,33.429674],[-84.759021,33.465919],[-84.827665,33.507936],[-84.891111,33.555328],[-84.948748,33.607647],[-85.000021,33.664397],[-85.044431,33.725042],[-85.08154,33.789003],[-85.110979,33.855673],[-85.132448,33.924414],[-85.145723,33.994569],[-85.150656,34.065465],[-85.147179,34.13642],[-85.135303,34.206751],[-85.115124,34.275778],[-85.086816,34.342832],[-85.050634,34.407261],[-85.006914,34.46844],[-84.956066,34.52577],[-84.898572,34.578692],[-84.834984,34.626687],[-84.765915,34.669283],[-84.692037,34.706063],[-84.614071,34.736663],[-84.532782,34.760782],[-84.448968,34.778182],[-84.363456,34.788691],[-84.277091,34.792206]]]},"properties":{"siteId":"11461","propertyType":"TD TESTING","category":"3P"}},{"type":"Feature","geometry":{"type":"Polygon","coordinates":[[[-84.378798,34.631782],[-84.2926,34.628268],[-84.207254,34.617759],[-84.123602,34.60036],[-84.042469,34.576242],[-83.964653,34.545643],[-83.890916,34.508865],[-83.821979,34.466271],[-83.758511,34.418278],[-83.701125,34.365358],[-83.650372,34.308029],[-83.606732,34.246852],[-83.570616,34.182424],[-83.542358,34.115371],[-83.522212,34.046345],[-83.510355,33.976015],[-83.50688,33.90506],[-83.511799,33.834163],[-83.525045,33.764008],[-83.54647,33.695266],[-83.57585,33.628595],[-83.612887,33.564632],[-83.65721,33.503986],[-83.708386,33.447234],[-83.765914,33.394913],[-83.82924,33.347519],[-83.897756,33.305501],[-83.970808,33.269255],[-84.047704,33.239121],[-84.127715,33.215385],[-84.210087,33.19827],[-84.294044,33.187936],[-84.378798,33.184481],[-84.463551,33.187936],[-84.547508,33.19827],[-84.62988,33.215385],[-84.709891,33.239121],[-84.786787,33.269255],[-84.859839,33.305501],[-84.928355,33.347519],[-84.991681,33.394913],[-85.04921,33.447234],[-85.100385,33.503986],[-85.144709,33.564632],[-85.181745,33.628595],[-85.211125,33.695266],[-85.23255,33.764008],[-85.245796,33.834163],[-85.250715,33.90506],[-85.24724,33.976015],[-85.235383,34.046345],[-85.215237,34.115371],[-85.186979,34.182424],[-85.150863,34.246852],[-85.107224,34.308029],[-85.05647,34.365358],[-84.999084,34.418278],[-84.935616,34.466271],[-84.866679,34.508865],[-84.792942,34.545643],[-84.715126,34.576242],[-84.633993,34.60036],[-84.550341,34.617759],[-84.464995,34.628268],[-84.378798,34.631782]]]},"properties":{"siteId":"5277","propertyType":"PSI Authorized","category":"3P"}},{"type":"Feature","geometry":{"type":"Polygon","coordinates":[[[-84.442722,34.338404],[-84.356827,34.33489],[-84.27178,34.324382],[-84.188421,34.306985],[-84.107572,34.282869],[-84.030027,34.252273],[-83.956546,34.215498],[-83.887846,34.172907],[-83.824596,34.124917],[-83.767405,34.072],[-83.716823,34.014675],[-83.673328,33.953501],[-83.637331,33.889075],[-83.609162,33.822025],[-83.589079,33.753],[-83.577254,33.682671],[-83.573783,33.611716],[-83.578678,33.540819],[-83.591871,33.470662],[-83.613215,33.401919],[-83.642489,33.335246],[-83.679394,33.27128],[-83.723563,33.210632],[-83.774561,33.153876],[-83.831892,33.101552],[-83.895003,33.054155],[-83.963287,33.012134],[-84.036094,32.975884],[-84.112731,32.945748],[-84.192475,32.92201],[-84.274573,32.904893],[-84.35825,32.894559],[-84.442722,32.891103],[-84.527193,32.894559],[-84.610871,32.904893],[-84.692969,32.92201],[-84.772712,32.945748],[-84.84935,32.975884],[-84.922157,33.012134],[-84.990441,33.054155],[-85.053552,33.101552],[-85.110883,33.153876],[-85.161881,33.210632],[-85.20605,33.27128],[-85.242955,33.335246],[-85.272229,33.401919],[-85.293573,33.470662],[-85.306766,33.540819],[-85.311661,33.611716],[-85.30819,33.682671],[-85.296365,33.753],[-85.276281,33.822025],[-85.248113,33.889075],[-85.212116,33.953501],[-85.168621,34.014675],[-85.118038,34.072],[-85.060848,34.124917],[-84.997598,34.172907],[-84.928898,34.215498],[-84.855417,34.252273],[-84.777872,34.282869],[-84.697023,34.306985],[-84.613664,34.324382],[-84.528617,34.33489],[-84.442722,34.338404]]]},"properties":{"siteId":"12905","propertyType":"PSI Authorized","category":"3P"}},{"type":"Feature","geometry":{"type":"Polygon","coordinates":[[[-81.459695,31.978565],[-81.376081,31.975053],[-81.293291,31.964553],[-81.21214,31.947168],[-81.133427,31.923069],[-81.057924,31.892493],[-80.98637,31.855741],[-80.919463,31.813175],[-80.857853,31.765211],[-80.802133,31.712321],[-80.752839,31.65502],[-80.710438,31.593869],[-80.675331,31.529463],[-80.647843,31.462428],[-80.628225,31.393416],[-80.616647,31.323094],[-80.613205,31.252141],[-80.617913,31.181241],[-80.630708,31.111076],[-80.651448,31.04232],[-80.679919,30.975631],[-80.715833,30.911645],[-80.758833,30.850973],[-80.808497,30.794193],[-80.864342,30.741843],[-80.925828,30.694421],[-80.992366,30.652375],[-81.06332,30.616103],[-81.138016,30.585947],[-81.215745,30.562193],[-81.295774,30.545064],[-81.377347,30.534722],[-81.459695,30.531263],[-81.542044,30.534722],[-81.623616,30.545064],[-81.703645,30.562193],[-81.781375,30.585947],[-81.856071,30.616103],[-81.927025,30.652375],[-81.993563,30.694421],[-82.055049,30.741843],[-82.110893,30.794193],[-82.160557,30.850973],[-82.203557,30.911645],[-82.239471,30.975631],[-82.267942,31.04232],[-82.288683,31.111076],[-82.301477,31.181241],[-82.306185,31.252141],[-82.302743,31.323094],[-82.291166,31.393416],[-82.271547,31.462428],[-82.244059,31.529463],[-82.208952,31.593869],[-82.166552,31.65502],[-82.117258,31.712321],[-82.061538,31.765211],[-81.999927,31.813175],[-81.93302,31.855741],[-81.861467,31.892493],[-81.785964,31.923069],[-81.707251,31.947168],[-81.6261,31.964553],[-81.54331,31.975053],[-81.459695,31.978565]]]},"properties":{"siteId":"13385","propertyType":"PSI Authorized","category":"3P"}},{"type":"Feature","geometry":{"type":"Polygon","coordinates":[[[-83.986205,35.254376],[-83.89935,35.250861],[-83.813354,35.24035],[-83.729066,35.222948],[-83.647318,35.198825],[-83.568914,35.168221],[-83.494622,35.131437],[-83.425169,35.088835],[-83.361228,35.040835],[-83.303419,34.987908],[-83.252294,34.930573],[-83.208339,34.86939],[-83.171966,34.804956],[-83.143512,34.737899],[-83.123233,34.66887],[-83.111304,34.598537],[-83.10782,34.527581],[-83.112793,34.456686],[-83.126154,34.386532],[-83.147753,34.317794],[-83.177364,34.251128],[-83.214686,34.18717],[-83.259346,34.126531],[-83.310906,34.069785],[-83.368862,34.017471],[-83.432656,33.970085],[-83.501675,33.928073],[-83.575262,33.891833],[-83.652717,33.861705],[-83.733308,33.837974],[-83.816276,33.820862],[-83.90084,33.81053],[-83.986205,33.807075],[-84.07157,33.81053],[-84.156133,33.820862],[-84.239101,33.837974],[-84.319693,33.861705],[-84.397148,33.891833],[-84.470734,33.928073],[-84.539753,33.970085],[-84.603547,34.017471],[-84.661504,34.069785],[-84.713063,34.126531],[-84.757724,34.18717],[-84.795046,34.251128],[-84.824657,34.317794],[-84.846256,34.386532],[-84.859616,34.456686],[-84.864589,34.527581],[-84.861105,34.598537],[-84.849177,34.66887],[-84.828897,34.737899],[-84.800443,34.804956],[-84.76407,34.86939],[-84.720115,34.930573],[-84.668991,34.987908],[-84.611181,35.040835],[-84.547241,35.088835],[-84.477787,35.131437],[-84.403496,35.168221],[-84.325091,35.198825],[-84.243343,35.222948],[-84.159055,35.24035],[-84.073059,35.250861],[-83.986205,35.254376]]]},"properties":{"siteId":"19021","propertyType":"PSI Authorized","category":"3P"}},{"type":"Feature","geometry":{"type":"Polygon","coordinates":[[[-84.27247,34.517327],[-84.186391,34.513813],[-84.101162,34.503304],[-84.017625,34.485906],[-83.936604,34.461788],[-83.858893,34.431191],[-83.785257,34.394414],[-83.716413,34.351821],[-83.653031,34.303829],[-83.595721,34.250911],[-83.545034,34.193583],[-83.501452,34.132407],[-83.465382,34.06798],[-83.437159,34.000928],[-83.417038,33.931903],[-83.405194,33.861573],[-83.40172,33.790618],[-83.406629,33.719721],[-83.419854,33.649565],[-83.441248,33.580823],[-83.470586,33.514151],[-83.507571,33.450187],[-83.551835,33.38954],[-83.60294,33.332786],[-83.660391,33.280464],[-83.723633,33.23307],[-83.792058,33.19105],[-83.865014,33.154802],[-83.941809,33.124668],[-84.021715,33.100931],[-84.10398,33.083815],[-84.187827,33.073481],[-84.27247,33.070025],[-84.357113,33.073481],[-84.440961,33.083815],[-84.523225,33.100931],[-84.603132,33.124668],[-84.679926,33.154802],[-84.752882,33.19105],[-84.821308,33.23307],[-84.884549,33.280464],[-84.942,33.332786],[-84.993106,33.38954],[-85.037369,33.450187],[-85.074354,33.514151],[-85.103692,33.580823],[-85.125086,33.649565],[-85.138311,33.719721],[-85.143221,33.790618],[-85.139747,33.861573],[-85.127903,33.931903],[-85.107781,34.000928],[-85.079559,34.06798],[-85.043489,34.132407],[-84.999906,34.193583],[-84.949219,34.250911],[-84.89191,34.303829],[-84.828527,34.351821],[-84.759683,34.394414],[-84.686047,34.431191],[-84.608337,34.461788],[-84.527315,34.485906],[-84.443778,34.503304],[-84.358549,34.513813],[-84.27247,34.517327]]]},"properties":{"siteId":"11719","propertyType":"PSI Authorized","category":"3P"}},{"type":"Feature","geometry":{"type":"Polygon","coordinates":[[[-84.122168,34.672965],[-84.035928,34.669451],[-83.950539,34.658942],[-83.866846,34.641542],[-83.785673,34.617424],[-83.707819,34.586825],[-83.634046,34.550047],[-83.565075,34.507451],[-83.501576,34.459458],[-83.444163,34.406538],[-83.393385,34.349209],[-83.349725,34.288031],[-83.313592,34.223603],[-83.285321,34.15655],[-83.265167,34.087524],[-83.253305,34.017193],[-83.249829,33.946238],[-83.254752,33.875342],[-83.268005,33.805186],[-83.289441,33.736444],[-83.318837,33.669774],[-83.355892,33.605811],[-83.400238,33.545166],[-83.451438,33.488414],[-83.508994,33.436093],[-83.57235,33.3887],[-83.640899,33.346682],[-83.713987,33.310436],[-83.790919,33.280304],[-83.870968,33.256568],[-83.953379,33.239453],[-84.037375,33.229119],[-84.122168,33.225663],[-84.206962,33.229119],[-84.290958,33.239453],[-84.373369,33.256568],[-84.453418,33.280304],[-84.53035,33.310436],[-84.603438,33.346682],[-84.671986,33.3887],[-84.735343,33.436093],[-84.792899,33.488414],[-84.844099,33.545166],[-84.888445,33.605811],[-84.9255,33.669774],[-84.954895,33.736444],[-84.976332,33.805186],[-84.989585,33.875342],[-84.994508,33.946238],[-84.991032,34.017193],[-84.97917,34.087524],[-84.959016,34.15655],[-84.930745,34.223603],[-84.894612,34.288031],[-84.850952,34.349209],[-84.800174,34.406538],[-84.742761,34.459458],[-84.679262,34.507451],[-84.610291,34.550047],[-84.536518,34.586825],[-84.458664,34.617424],[-84.377491,34.641542],[-84.293797,34.658942],[-84.208409,34.669451],[-84.122168,34.672965]]]},"properties":{"siteId":"10255","propertyType":"PSI Owned","category":"OO"}},{"type":"Feature","geometry":{"type":"Polygon","coordinates":[[[-84.062253,34.68648],[-83.975999,34.682965],[-83.890596,34.672456],[-83.806889,34.655057],[-83.725703,34.630938],[-83.647836,34.600339],[-83.574051,34.563561],[-83.505069,34.520966],[-83.441561,34.472972],[-83.384138,34.420052],[-83.333352,34.362722],[-83.289685,34.301545],[-83.253547,34.237116],[-83.225272,34.170063],[-83.205115,34.101037],[-83.193251,34.030706],[-83.189775,33.959751],[-83.194699,33.888855],[-83.207955,33.8187],[-83.229395,33.749958],[-83.258795,33.683287],[-83.295856,33.619325],[-83.340209,33.55868],[-83.391418,33.501928],[-83.448983,33.449608],[-83.51235,33.402215],[-83.580909,33.360197],[-83.654008,33.323951],[-83.730952,33.293818],[-83.811014,33.270083],[-83.893437,33.252968],[-83.977447,33.242634],[-84.062253,33.239178],[-84.147059,33.242634],[-84.231069,33.252968],[-84.313493,33.270083],[-84.393554,33.293818],[-84.470498,33.323951],[-84.543597,33.360197],[-84.612157,33.402215],[-84.675523,33.449608],[-84.733088,33.501928],[-84.784297,33.55868],[-84.82865,33.619325],[-84.865711,33.683287],[-84.895111,33.749958],[-84.916552,33.8187],[-84.929807,33.888855],[-84.934731,33.959751],[-84.931255,34.030706],[-84.919392,34.101037],[-84.899235,34.170063],[-84.870959,34.237116],[-84.834821,34.301545],[-84.791154,34.362722],[-84.740368,34.420052],[-84.682946,34.472972],[-84.619437,34.520966],[-84.550455,34.563561],[-84.47667,34.600339],[-84.398803,34.630938],[-84.317617,34.655057],[-84.23391,34.672456],[-84.148508,34.682965],[-84.062253,34.68648]]]},"properties":{"siteId":"6299","propertyType":"TD TESTING","category":"3P"}},{"type":"Feature","geometry":{"type":"Polygon","coordinates":[[[-84.147216,34.623149],[-84.061027,34.619634],[-83.97569,34.609125],[-83.892047,34.591726],[-83.810922,34.567608],[-83.733114,34.53701],[-83.659385,34.500232],[-83.590455,34.457637],[-83.526993,34.409645],[-83.469613,34.356725],[-83.418865,34.299396],[-83.375229,34.238219],[-83.339117,34.173791],[-83.310861,34.106739],[-83.290718,34.037713],[-83.278861,33.967382],[-83.275386,33.896427],[-83.280305,33.825531],[-83.293549,33.755375],[-83.314972,33.686633],[-83.344348,33.619962],[-83.381381,33.555999],[-83.4257,33.495353],[-83.47687,33.438601],[-83.534393,33.38628],[-83.597712,33.338886],[-83.666222,33.296868],[-83.739267,33.260621],[-83.816155,33.230488],[-83.896158,33.206752],[-83.978522,33.189637],[-84.062471,33.179302],[-84.147216,33.175847],[-84.231961,33.179302],[-84.31591,33.189637],[-84.398273,33.206752],[-84.478276,33.230488],[-84.555164,33.260621],[-84.62821,33.296868],[-84.696719,33.338886],[-84.760038,33.38628],[-84.817561,33.438601],[-84.868731,33.495353],[-84.91305,33.555999],[-84.950083,33.619962],[-84.97946,33.686633],[-85.000882,33.755375],[-85.014127,33.825531],[-85.019045,33.896427],[-85.01557,33.967382],[-85.003714,34.037713],[-84.98357,34.106739],[-84.955315,34.173791],[-84.919202,34.238219],[-84.875567,34.299396],[-84.824818,34.356725],[-84.767438,34.409645],[-84.703977,34.457637],[-84.635047,34.500232],[-84.561317,34.53701],[-84.483509,34.567608],[-84.402385,34.591726],[-84.318742,34.609125],[-84.233404,34.619634],[-84.147216,34.623149]]]},"properties":{"siteId":"10236","propertyType":"PSI Authorized","category":"3P"}},{"type":"Feature","geometry":{"type":"Polygon","coordinates":[[[-84.10856,34.068147],[-84.02294,34.064633],[-83.938165,34.054126],[-83.855072,34.03673],[-83.77448,34.012616],[-83.697181,33.982022],[-83.623933,33.94525],[-83.55545,33.902662],[-83.492397,33.854675],[-83.435384,33.801762],[-83.384956,33.744439],[-83.341594,33.683268],[-83.305703,33.618844],[-83.277617,33.551796],[-83.25759,33.482773],[-83.245795,33.412444],[-83.242327,33.341489],[-83.247199,33.270592],[-83.260344,33.200435],[-83.281616,33.13169],[-83.310793,33.065015],[-83.347579,33.001047],[-83.391607,32.940395],[-83.442444,32.883637],[-83.499596,32.83131],[-83.562511,32.78391],[-83.630584,32.741886],[-83.703168,32.705634],[-83.779572,32.675496],[-83.859073,32.651756],[-83.940921,32.634637],[-84.024345,32.624302],[-84.10856,32.620845],[-84.192776,32.624302],[-84.2762,32.634637],[-84.358048,32.651756],[-84.437549,32.675496],[-84.513952,32.705634],[-84.586536,32.741886],[-84.65461,32.78391],[-84.717524,32.83131],[-84.774676,32.883637],[-84.825513,32.940395],[-84.869541,33.001047],[-84.906327,33.065015],[-84.935504,33.13169],[-84.956776,33.200435],[-84.969921,33.270592],[-84.974793,33.341489],[-84.971325,33.412444],[-84.95953,33.482773],[-84.939503,33.551796],[-84.911417,33.618844],[-84.875527,33.683268],[-84.832164,33.744439],[-84.781737,33.801762],[-84.724723,33.854675],[-84.661671,33.902662],[-84.593187,33.94525],[-84.519939,33.982022],[-84.44264,34.012616],[-84.362048,34.03673],[-84.278955,34.054126],[-84.19418,34.064633],[-84.10856,34.068147]]]},"properties":{"siteId":"19115","propertyType":"PSI Authorized","category":"3P"}},{"type":"Feature","geometry":{"type":"Polygon","coordinates":[[[-83.696216,33.621587],[-83.611042,33.618074],[-83.526709,33.607568],[-83.444048,33.590174],[-83.363874,33.566064],[-83.286975,33.535474],[-83.214103,33.498706],[-83.145971,33.456123],[-83.083239,33.408141],[-83.026513,33.355232],[-82.976338,33.297915],[-82.93319,33.236748],[-82.897474,33.172328],[-82.869521,33.105282],[-82.849584,33.036262],[-82.837838,32.965935],[-82.834376,32.89498],[-82.839212,32.824083],[-82.852279,32.753924],[-82.873432,32.685176],[-82.902452,32.618498],[-82.939044,32.554526],[-82.982843,32.49387],[-83.03342,32.437107],[-83.09028,32.384775],[-83.152877,32.33737],[-83.220609,32.295341],[-83.29283,32.259085],[-83.368854,32.228943],[-83.447961,32.2052],[-83.529404,32.188079],[-83.612416,32.177742],[-83.696216,32.174285],[-83.780016,32.177742],[-83.863028,32.188079],[-83.944471,32.2052],[-84.023578,32.228943],[-84.099602,32.259085],[-84.171822,32.295341],[-84.239554,32.33737],[-84.302151,32.384775],[-84.359012,32.437107],[-84.409588,32.49387],[-84.453387,32.554526],[-84.489979,32.618498],[-84.518999,32.685176],[-84.540153,32.753924],[-84.55322,32.824083],[-84.558056,32.89498],[-84.554594,32.965935],[-84.542847,33.036262],[-84.522911,33.105282],[-84.494958,33.172328],[-84.459242,33.236748],[-84.416094,33.297915],[-84.365918,33.355232],[-84.309193,33.408141],[-84.246461,33.456123],[-84.178328,33.498706],[-84.105457,33.535474],[-84.028558,33.566064],[-83.948384,33.590174],[-83.865723,33.607568],[-83.78139,33.618074],[-83.696216,33.621587]]]},"properties":{"siteId":"5010","propertyType":"PSI Owned","category":"OO"}},{"type":"Feature","geometry":{"type":"Polygon","coordinates":[[[-83.773678,33.603711],[-83.688522,33.600198],[-83.604206,33.589693],[-83.521563,33.572299],[-83.441405,33.548188],[-83.364522,33.517599],[-83.291665,33.480831],[-83.223546,33.438248],[-83.160827,33.390267],[-83.104113,33.337358],[-83.053948,33.28004],[-83.010808,33.218874],[-82.975099,33.154454],[-82.947151,33.087409],[-82.927218,33.018388],[-82.915474,32.948061],[-82.912012,32.877107],[-82.916846,32.806209],[-82.92991,32.73605],[-82.951059,32.667302],[-82.980073,32.600624],[-83.016657,32.536652],[-83.060447,32.475996],[-83.111013,32.419232],[-83.167863,32.3669],[-83.230447,32.319495],[-83.298165,32.277466],[-83.370372,32.241209],[-83.446381,32.211068],[-83.525472,32.187324],[-83.606899,32.170204],[-83.689895,32.159866],[-83.773678,32.15641],[-83.857462,32.159866],[-83.940457,32.170204],[-84.021885,32.187324],[-84.100976,32.211068],[-84.176985,32.241209],[-84.249191,32.277466],[-84.316909,32.319495],[-84.379494,32.3669],[-84.436343,32.419232],[-84.486909,32.475996],[-84.530699,32.536652],[-84.567283,32.600624],[-84.596297,32.667302],[-84.617446,32.73605],[-84.63051,32.806209],[-84.635344,32.877107],[-84.631882,32.948061],[-84.620138,33.018388],[-84.600205,33.087409],[-84.572258,33.154454],[-84.536548,33.218874],[-84.493408,33.28004],[-84.443243,33.337358],[-84.386529,33.390267],[-84.32381,33.438248],[-84.255691,33.480831],[-84.182835,33.517599],[-84.105951,33.548188],[-84.025794,33.572299],[-83.94315,33.589693],[-83.858834,33.600198],[-83.773678,33.603711]]]},"properties":{"siteId":"9408","propertyType":"PSI Owned","category":"OO"}},{"type":"Feature","geometry":{"type":"Polygon","coordinates":[[[-84.491541,34.689509],[-84.405283,34.685995],[-84.319877,34.675486],[-84.236167,34.658086],[-84.154978,34.633968],[-84.077108,34.603369],[-84.003321,34.56659],[-83.934336,34.523995],[-83.870825,34.476002],[-83.813401,34.423081],[-83.762613,34.365752],[-83.718945,34.304574],[-83.682805,34.240145],[-83.654529,34.173092],[-83.634371,34.104066],[-83.622508,34.033736],[-83.619031,33.96278],[-83.623956,33.891884],[-83.637212,33.821729],[-83.658653,33.752987],[-83.688054,33.686317],[-83.725117,33.622354],[-83.769471,33.561709],[-83.820682,33.504957],[-83.878249,33.452637],[-83.941618,33.405244],[-84.01018,33.363226],[-84.083281,33.32698],[-84.160228,33.296848],[-84.240292,33.273112],[-84.322719,33.255997],[-84.406731,33.245663],[-84.491541,33.242208],[-84.57635,33.245663],[-84.660362,33.255997],[-84.742789,33.273112],[-84.822853,33.296848],[-84.8998,33.32698],[-84.972901,33.363226],[-85.041463,33.405244],[-85.104832,33.452637],[-85.162399,33.504957],[-85.21361,33.561709],[-85.257964,33.622354],[-85.295027,33.686317],[-85.324428,33.752987],[-85.345869,33.821729],[-85.359125,33.891884],[-85.36405,33.96278],[-85.360574,34.033736],[-85.34871,34.104066],[-85.328552,34.173092],[-85.300276,34.240145],[-85.264136,34.304574],[-85.220468,34.365752],[-85.16968,34.423081],[-85.112256,34.476002],[-85.048745,34.523995],[-84.97976,34.56659],[-84.905973,34.603369],[-84.828103,34.633968],[-84.746914,34.658086],[-84.663204,34.675486],[-84.577798,34.685995],[-84.491541,34.689509]]]},"properties":{"siteId":"9677","propertyType":"PSI Owned","category":"OO"}},{"type":"Feature","geometry":{"type":"Polygon","coordinates":[[[-84.480996,34.626293],[-84.394804,34.622779],[-84.309464,34.61227],[-84.225817,34.594871],[-84.14469,34.570753],[-84.066879,34.540154],[-83.993147,34.503377],[-83.924214,34.460782],[-83.86075,34.412789],[-83.803368,34.359869],[-83.752618,34.302541],[-83.708981,34.241364],[-83.672867,34.176936],[-83.64461,34.109883],[-83.624466,34.040857],[-83.61261,33.970527],[-83.609134,33.899571],[-83.614053,33.828675],[-83.627298,33.75852],[-83.648722,33.689778],[-83.6781,33.623107],[-83.715134,33.559144],[-83.759455,33.498498],[-83.810627,33.441745],[-83.868151,33.389424],[-83.931473,33.342031],[-83.999985,33.300012],[-84.073033,33.263766],[-84.149923,33.233633],[-84.229929,33.209897],[-84.312296,33.192781],[-84.396248,33.182447],[-84.480996,33.178992],[-84.565744,33.182447],[-84.649696,33.192781],[-84.732063,33.209897],[-84.812069,33.233633],[-84.88896,33.263766],[-84.962008,33.300012],[-85.030519,33.342031],[-85.093841,33.389424],[-85.151366,33.441745],[-85.202538,33.498498],[-85.246859,33.559144],[-85.283893,33.623107],[-85.313271,33.689778],[-85.334694,33.75852],[-85.347939,33.828675],[-85.352858,33.899571],[-85.349383,33.970527],[-85.337526,34.040857],[-85.317382,34.109883],[-85.289125,34.176936],[-85.253011,34.241364],[-85.209374,34.302541],[-85.158624,34.359869],[-85.101242,34.412789],[-85.037778,34.460782],[-84.968845,34.503377],[-84.895114,34.540154],[-84.817302,34.570753],[-84.736175,34.594871],[-84.652529,34.61227],[-84.567188,34.622779],[-84.480996,34.626293]]]},"properties":{"siteId":"17471","propertyType":"PSI Authorized","category":"3P"}},{"type":"Feature","geometry":{"type":"Polygon","coordinates":[[[-81.156922,32.791995],[-81.072551,32.788482],[-80.989013,32.777979],[-80.90713,32.76059],[-80.827708,32.736485],[-80.751528,32.705902],[-80.679336,32.669143],[-80.611834,32.626568],[-80.54968,32.578596],[-80.493473,32.525696],[-80.443751,32.468387],[-80.400988,32.407228],[-80.365586,32.342815],[-80.337873,32.275776],[-80.3181,32.206759],[-80.306441,32.136434],[-80.302989,32.065481],[-80.307759,31.994582],[-80.320686,31.92442],[-80.341627,31.855668],[-80.370364,31.788984],[-80.406607,31.725006],[-80.449994,31.664342],[-80.5001,31.607569],[-80.556438,31.555228],[-80.618462,31.507815],[-80.685579,31.465777],[-80.757148,31.429513],[-80.832487,31.399364],[-80.910885,31.375615],[-80.991599,31.35849],[-81.07387,31.34815],[-81.156922,31.344693],[-81.239974,31.34815],[-81.322245,31.35849],[-81.402959,31.375615],[-81.481356,31.399364],[-81.556696,31.429513],[-81.628265,31.465777],[-81.695381,31.507815],[-81.757406,31.555228],[-81.813743,31.607569],[-81.863849,31.664342],[-81.907237,31.725006],[-81.94348,31.788984],[-81.972217,31.855668],[-81.993158,31.92442],[-82.006085,31.994582],[-82.010855,32.065481],[-82.007403,32.136434],[-81.995744,32.206759],[-81.975971,32.275776],[-81.948258,32.342815],[-81.912855,32.407228],[-81.870092,32.468387],[-81.820371,32.525696],[-81.764164,32.578596],[-81.702009,32.626568],[-81.634508,32.669143],[-81.562315,32.705902],[-81.486135,32.736485],[-81.406714,32.76059],[-81.324831,32.777979],[-81.241292,32.788482],[-81.156922,32.791995]]]},"properties":{"siteId":"9443","propertyType":"PSI Owned","category":"OO"}},{"type":"Feature","geometry":{"type":"Polygon","coordinates":[[[-83.499448,32.140679],[-83.415686,32.137167],[-83.332749,32.126666],[-83.251454,32.10928],[-83.172602,32.08518],[-83.096967,32.054603],[-83.025288,32.01785],[-82.958264,31.975282],[-82.896547,31.927316],[-82.840732,31.874424],[-82.791354,31.817122],[-82.748882,31.755969],[-82.713717,31.691561],[-82.686185,31.624526],[-82.666536,31.555513],[-82.654943,31.48519],[-82.651499,31.414237],[-82.656219,31.343337],[-82.669039,31.273173],[-82.689819,31.204418],[-82.718343,31.13773],[-82.754321,31.073745],[-82.797397,31.013075],[-82.847148,30.956296],[-82.903089,30.903948],[-82.964681,30.856528],[-83.031332,30.814483],[-83.102406,30.778213],[-83.177229,30.748059],[-83.255089,30.724305],[-83.335252,30.707177],[-83.416962,30.696835],[-83.499448,30.693377],[-83.581935,30.696835],[-83.663644,30.707177],[-83.743807,30.724305],[-83.821668,30.748059],[-83.89649,30.778213],[-83.967565,30.814483],[-84.034216,30.856528],[-84.095808,30.903948],[-84.151749,30.956296],[-84.201499,31.013075],[-84.244575,31.073745],[-84.280554,31.13773],[-84.309077,31.204418],[-84.329857,31.273173],[-84.342678,31.343337],[-84.347398,31.414237],[-84.343954,31.48519],[-84.33236,31.555513],[-84.312711,31.624526],[-84.285179,31.691561],[-84.250014,31.755969],[-84.207543,31.817122],[-84.158165,31.874424],[-84.10235,31.927316],[-84.040632,31.975282],[-83.973609,32.01785],[-83.90193,32.054603],[-83.826294,32.08518],[-83.747442,32.10928],[-83.666148,32.126666],[-83.583211,32.137167],[-83.499448,32.140679]]]},"properties":{"siteId":"5011","propertyType":"PSI Owned","category":"OO"}},{"type":"Feature","geometry":{"type":"Polygon","coordinates":[[[-157.840293,22.01573],[-157.763788,22.012228],[-157.68803,22.001756],[-157.613761,21.984417],[-157.541705,21.960381],[-157.472565,21.929881],[-157.407013,21.893216],[-157.345686,21.850743],[-157.289177,21.802877],[-157.238032,21.750083],[-157.192742,21.692876],[-157.153739,21.63181],[-157.121393,21.567479],[-157.09601,21.500505],[-157.077824,21.431538],[-157.067001,21.361243],[-157.063634,21.290298],[-157.067746,21.219388],[-157.079286,21.149194],[-157.098133,21.080391],[-157.124096,21.013639],[-157.156917,20.949577],[-157.196274,20.88882],[-157.241782,20.831946],[-157.293,20.7795],[-157.349435,20.731981],[-157.410545,20.689843],[-157.475744,20.653486],[-157.544408,20.623256],[-157.615885,20.599441],[-157.689493,20.582266],[-157.764533,20.571896],[-157.840293,20.568428],[-157.916052,20.571896],[-157.991092,20.582266],[-158.0647,20.599441],[-158.136177,20.623256],[-158.204842,20.653486],[-158.270041,20.689843],[-158.33115,20.731981],[-158.387585,20.7795],[-158.438804,20.831946],[-158.484312,20.88882],[-158.523668,20.949577],[-158.556489,21.013639],[-158.582452,21.080391],[-158.601299,21.149194],[-158.612839,21.219388],[-158.616951,21.290298],[-158.613585,21.361243],[-158.602762,21.431538],[-158.584576,21.500505],[-158.559192,21.567479],[-158.526847,21.63181],[-158.487844,21.692876],[-158.442553,21.750083],[-158.391408,21.802877],[-158.3349,21.850743],[-158.273573,21.893216],[-158.208021,21.929881],[-158.138881,21.960381],[-158.066825,21.984417],[-157.992555,22.001756],[-157.916798,22.012228],[-157.840293,22.01573]]]},"properties":{"siteId":"5144","propertyType":"PSI Owned","category":"OO"}},{"type":"Feature","geometry":{"type":"Polygon","coordinates":[[[-156.486143,21.612507],[-156.409853,21.609005],[-156.334308,21.598535],[-156.260247,21.581197],[-156.188393,21.557163],[-156.119445,21.526666],[-156.054074,21.490004],[-155.992916,21.447535],[-155.936561,21.399672],[-155.885554,21.346882],[-155.840384,21.289678],[-155.801483,21.228616],[-155.76922,21.164287],[-155.743899,21.097316],[-155.725755,21.02835],[-155.714954,20.958056],[-155.711589,20.887112],[-155.715683,20.816201],[-155.727184,20.746006],[-155.745973,20.677201],[-155.77186,20.610447],[-155.804587,20.546383],[-155.843833,20.485622],[-155.889216,20.428745],[-155.940295,20.376295],[-155.996578,20.328773],[-156.057524,20.286631],[-156.122549,20.250271],[-156.191033,20.220038],[-156.262322,20.19622],[-156.335737,20.179044],[-156.410581,20.168673],[-156.486143,20.165205],[-156.561705,20.168673],[-156.636549,20.179044],[-156.709964,20.19622],[-156.781253,20.220038],[-156.849737,20.250271],[-156.914762,20.286631],[-156.975708,20.328773],[-157.031991,20.376295],[-157.083071,20.428745],[-157.128453,20.485622],[-157.167699,20.546383],[-157.200426,20.610447],[-157.226313,20.677201],[-157.245102,20.746006],[-157.256603,20.816201],[-157.260697,20.887112],[-157.257332,20.958056],[-157.246531,21.02835],[-157.228387,21.097316],[-157.203066,21.164287],[-157.170803,21.228616],[-157.131902,21.289678],[-157.086732,21.346882],[-157.035725,21.399672],[-156.97937,21.447535],[-156.918212,21.490004],[-156.852841,21.526666],[-156.783893,21.557163],[-156.712039,21.581197],[-156.637978,21.598535],[-156.562433,21.609005],[-156.486143,21.612507]]]},"properties":{"siteId":"6682","propertyType":"PSI Authorized","category":"3P"}},{"type":"Feature","geometry":{"type":"Polygon","coordinates":[[[-155.99073,20.362612],[-155.915076,20.359112],[-155.84016,20.348644],[-155.766714,20.331312],[-155.695454,20.307285],[-155.627074,20.276797],[-155.562239,20.240145],[-155.501578,20.197686],[-155.445677,20.149835],[-155.395077,20.097056],[-155.350262,20.039863],[-155.311662,19.97881],[-155.279643,19.91449],[-155.254507,19.847526],[-155.236488,19.778565],[-155.22575,19.708274],[-155.222389,19.637331],[-155.226426,19.566419],[-155.237813,19.49622],[-155.25643,19.42741],[-155.282091,19.360649],[-155.314541,19.296576],[-155.353462,19.235805],[-155.398473,19.178918],[-155.449141,19.126457],[-155.504974,19.078924],[-155.565439,19.036771],[-155.629954,19.000401],[-155.697903,18.97016],[-155.768638,18.946335],[-155.841485,18.929154],[-155.915751,18.91878],[-155.99073,18.91531],[-156.065709,18.91878],[-156.139975,18.929154],[-156.212822,18.946335],[-156.283557,18.97016],[-156.351506,19.000401],[-156.416021,19.036771],[-156.476485,19.078924],[-156.532319,19.126457],[-156.582987,19.178918],[-156.627998,19.235805],[-156.666919,19.296576],[-156.699369,19.360649],[-156.72503,19.42741],[-156.743647,19.49622],[-156.755034,19.566419],[-156.759071,19.637331],[-156.75571,19.708274],[-156.744972,19.778565],[-156.726953,19.847526],[-156.701817,19.91449],[-156.669798,19.97881],[-156.631198,20.039863],[-156.586383,20.097056],[-156.535782,20.149835],[-156.479882,20.197686],[-156.419221,20.240145],[-156.354386,20.276797],[-156.286006,20.307285],[-156.214746,20.331312],[-156.1413,20.348644],[-156.066384,20.359112],[-155.99073,20.362612]]]},"properties":{"siteId":"19449","propertyType":"PSI Authorized","category":"3P"}},{"type":"Feature","geometry":{"type":"Polygon","coordinates":[[[-116.280708,44.344432],[-116.181534,44.340905],[-116.083351,44.330359],[-115.987137,44.312899],[-115.893851,44.2887],[-115.804417,44.258002],[-115.719719,44.221112],[-115.640589,44.178396],[-115.567797,44.130276],[-115.502047,44.077231],[-115.443969,44.019782],[-115.394109,43.958494],[-115.352932,43.89397],[-115.32081,43.826839],[-115.298026,43.757756],[-115.284768,43.687391],[-115.28113,43.616426],[-115.287115,43.545545],[-115.30263,43.475428],[-115.327494,43.406747],[-115.361439,43.340158],[-115.404112,43.276293],[-115.455084,43.215759],[-115.513848,43.159127],[-115.579829,43.10693],[-115.65239,43.059661],[-115.730836,43.017761],[-115.814423,42.981624],[-115.90236,42.951587],[-115.993823,42.927929],[-116.087957,42.910872],[-116.183882,42.900574],[-116.280708,42.89713],[-116.377534,42.900574],[-116.473459,42.910872],[-116.567593,42.927929],[-116.659056,42.951587],[-116.746993,42.981624],[-116.83058,43.017761],[-116.909026,43.059661],[-116.981587,43.10693],[-117.047568,43.159127],[-117.106332,43.215759],[-117.157303,43.276293],[-117.199977,43.340158],[-117.233922,43.406747],[-117.258786,43.475428],[-117.274301,43.545545],[-117.280286,43.616426],[-117.276648,43.687391],[-117.26339,43.757756],[-117.240606,43.826839],[-117.208484,43.89397],[-117.167306,43.958494],[-117.117447,44.019782],[-117.059369,44.077231],[-116.993619,44.130276],[-116.920827,44.178396],[-116.841697,44.221112],[-116.756999,44.258002],[-116.667565,44.2887],[-116.574278,44.312899],[-116.478065,44.330359],[-116.379882,44.340905],[-116.280708,44.344432]]]},"properties":{"siteId":"6011","propertyType":"PSI Owned","category":"OO"}},{"type":"Feature","geometry":{"type":"Polygon","coordinates":[[[-111.984601,44.211074],[-111.885652,44.207547],[-111.787691,44.197002],[-111.691695,44.179543],[-111.598619,44.155345],[-111.509387,44.124649],[-111.424878,44.087761],[-111.345924,44.045046],[-111.273294,43.996929],[-111.207689,43.943885],[-111.149737,43.886438],[-111.099985,43.825152],[-111.058895,43.760629],[-111.02684,43.6935],[-111.004101,43.624418],[-110.990867,43.554054],[-110.987232,43.483089],[-110.993198,43.412207],[-111.008673,43.34209],[-111.033478,43.273408],[-111.067344,43.206818],[-111.10992,43.142951],[-111.160776,43.082415],[-111.219408,43.025781],[-111.285243,42.973583],[-111.357645,42.926311],[-111.435919,42.88441],[-111.519324,42.848271],[-111.60707,42.818232],[-111.698335,42.794573],[-111.792265,42.777515],[-111.887984,42.767216],[-111.984601,42.763773],[-112.081218,42.767216],[-112.176937,42.777515],[-112.270866,42.794573],[-112.362131,42.818232],[-112.449878,42.848271],[-112.533282,42.88441],[-112.611557,42.926311],[-112.683958,42.973583],[-112.749793,43.025781],[-112.808425,43.082415],[-112.859282,43.142951],[-112.901858,43.206818],[-112.935724,43.273408],[-112.960528,43.34209],[-112.976004,43.412207],[-112.981969,43.483089],[-112.978334,43.554054],[-112.9651,43.624418],[-112.942361,43.6935],[-112.910306,43.760629],[-112.869216,43.825152],[-112.819465,43.886438],[-112.761513,43.943885],[-112.695908,43.996929],[-112.623277,44.045046],[-112.544323,44.087761],[-112.459815,44.124649],[-112.370582,44.155345],[-112.277506,44.179543],[-112.18151,44.197002],[-112.08355,44.207547],[-111.984601,44.211074]]]},"properties":{"siteId":"9688","propertyType":"PSI Authorized","category":"3P"}},{"type":"Feature","geometry":{"type":"Polygon","coordinates":[[[-117.026631,47.136274],[-116.922371,47.132743],[-116.819155,47.122184],[-116.718018,47.104703],[-116.61997,47.080475],[-116.525984,47.049743],[-116.436993,47.012814],[-116.353872,46.970055],[-116.277431,46.921892],[-116.20841,46.868802],[-116.147469,46.811311],[-116.09518,46.749985],[-116.052028,46.685428],[-116.018401,46.61827],[-115.994592,46.549167],[-115.980794,46.478791],[-115.977101,46.407823],[-115.98351,46.336947],[-115.999921,46.266844],[-116.026137,46.198184],[-116.061874,46.131623],[-116.106758,46.067793],[-116.160334,46.007297],[-116.222069,45.950707],[-116.291358,45.898554],[-116.367532,45.851327],[-116.449861,45.809469],[-116.537566,45.77337],[-116.629819,45.743365],[-116.725758,45.719735],[-116.824486,45.702698],[-116.925088,45.692412],[-117.026631,45.688973],[-117.128173,45.692412],[-117.228775,45.702698],[-117.327504,45.719735],[-117.423442,45.743365],[-117.515695,45.77337],[-117.6034,45.809469],[-117.685729,45.851327],[-117.761903,45.898554],[-117.831192,45.950707],[-117.892927,46.007297],[-117.946503,46.067793],[-117.991387,46.131623],[-118.027124,46.198184],[-118.05334,46.266844],[-118.069751,46.336947],[-118.07616,46.407823],[-118.072467,46.478791],[-118.058669,46.549167],[-118.03486,46.61827],[-118.001233,46.685428],[-117.958081,46.749985],[-117.905793,46.811311],[-117.844851,46.868802],[-117.77583,46.921892],[-117.69939,46.970055],[-117.616268,47.012814],[-117.527277,47.049743],[-117.433292,47.080475],[-117.335243,47.104703],[-117.234106,47.122184],[-117.130891,47.132743],[-117.026631,47.136274]]]},"properties":{"siteId":"12695","propertyType":"PSI Authorized","category":"3P"}},{"type":"Feature","geometry":{"type":"Polygon","coordinates":[[[-117.008278,47.447054],[-116.903404,47.443522],[-116.799581,47.432961],[-116.697849,47.415478],[-116.599225,47.391247],[-116.504691,47.360511],[-116.415181,47.323577],[-116.331578,47.280813],[-116.254697,47.232645],[-116.185281,47.17955],[-116.123994,47.122054],[-116.071412,47.060724],[-116.028022,46.996162],[-115.994215,46.929001],[-115.970282,46.859896],[-115.956419,46.789518],[-115.95272,46.71855],[-115.959181,46.647674],[-115.9757,46.577573],[-116.00208,46.508916],[-116.038033,46.442359],[-116.083184,46.378532],[-116.137075,46.318041],[-116.199168,46.261455],[-116.268857,46.209307],[-116.345466,46.162086],[-116.428265,46.120233],[-116.516466,46.084138],[-116.60924,46.054137],[-116.705718,46.03051],[-116.805001,46.013475],[-116.906167,46.003191],[-117.008278,45.999752],[-117.11039,46.003191],[-117.211556,46.013475],[-117.310839,46.03051],[-117.407317,46.054137],[-117.500091,46.084138],[-117.588292,46.120233],[-117.67109,46.162086],[-117.7477,46.209307],[-117.817389,46.261455],[-117.879482,46.318041],[-117.933372,46.378532],[-117.978524,46.442359],[-118.014477,46.508916],[-118.040857,46.577573],[-118.057376,46.647674],[-118.063837,46.71855],[-118.060138,46.789518],[-118.046275,46.859896],[-118.022342,46.929001],[-117.988535,46.996162],[-117.945144,47.060724],[-117.892563,47.122054],[-117.831276,47.17955],[-117.76186,47.232645],[-117.684979,47.280813],[-117.601376,47.323577],[-117.511866,47.360511],[-117.417331,47.391247],[-117.318707,47.415478],[-117.216976,47.432961],[-117.113153,47.443522],[-117.008278,47.447054]]]},"properties":{"siteId":"5997","propertyType":"PSI Authorized","category":"3P"}},{"type":"Feature","geometry":{"type":"Polygon","coordinates":[[[-112.42673,43.590267],[-112.328807,43.586741],[-112.231862,43.576198],[-112.136859,43.558744],[-112.044744,43.534552],[-111.95643,43.503863],[-111.872789,43.466983],[-111.79464,43.424277],[-111.722746,43.376169],[-111.657802,43.323134],[-111.600429,43.265696],[-111.551168,43.204418],[-111.510477,43.139902],[-111.478727,43.072778],[-111.456195,43.0037],[-111.443071,42.933339],[-111.439448,42.862375],[-111.445329,42.791492],[-111.460624,42.721372],[-111.485156,42.652685],[-111.51866,42.586089],[-111.560791,42.522215],[-111.611121,42.461671],[-111.669154,42.405028],[-111.734321,42.352821],[-111.805993,42.30554],[-111.883483,42.263631],[-111.966055,42.227484],[-112.05293,42.197438],[-112.143291,42.173773],[-112.236292,42.156711],[-112.331066,42.14641],[-112.42673,42.142965],[-112.522394,42.14641],[-112.617168,42.156711],[-112.710169,42.173773],[-112.80053,42.197438],[-112.887404,42.227484],[-112.969977,42.263631],[-113.047467,42.30554],[-113.119139,42.352821],[-113.184306,42.405028],[-113.242338,42.461671],[-113.292669,42.522215],[-113.334799,42.586089],[-113.368304,42.652685],[-113.392836,42.721372],[-113.408131,42.791492],[-113.414012,42.862375],[-113.410389,42.933339],[-113.397264,43.0037],[-113.374733,43.072778],[-113.342982,43.139902],[-113.302292,43.204418],[-113.253031,43.265696],[-113.195657,43.323134],[-113.130713,43.376169],[-113.05882,43.424277],[-112.980671,43.466983],[-112.897029,43.503863],[-112.808715,43.534552],[-112.7166,43.558744],[-112.621598,43.576198],[-112.524652,43.586741],[-112.42673,43.590267]]]},"properties":{"siteId":"6002","propertyType":"PSI Authorized","category":"3P"}},{"type":"Feature","geometry":{"type":"Polygon","coordinates":[[[-114.47355,43.301588],[-114.376094,43.298063],[-114.27961,43.287521],[-114.185058,43.270069],[-114.09338,43.245879],[-114.005483,43.215194],[-113.922235,43.178318],[-113.844453,43.135616],[-113.772894,43.087512],[-113.70825,43.034482],[-113.651139,42.977047],[-113.602101,42.915773],[-113.561592,42.85126],[-113.52998,42.784139],[-113.507543,42.715063],[-113.494468,42.644703],[-113.490851,42.573739],[-113.496693,42.502855],[-113.511906,42.432734],[-113.536315,42.364046],[-113.569655,42.297446],[-113.611583,42.23357],[-113.661675,42.173022],[-113.719435,42.116375],[-113.784299,42.064163],[-113.855639,42.016879],[-113.932773,41.974965],[-114.014967,41.938815],[-114.101446,41.908765],[-114.191396,41.885098],[-114.283975,41.868034],[-114.37832,41.857732],[-114.47355,41.854287],[-114.568781,41.857732],[-114.663126,41.868034],[-114.755705,41.885098],[-114.845655,41.908765],[-114.932134,41.938815],[-115.014328,41.974965],[-115.091462,42.016879],[-115.162802,42.064163],[-115.227666,42.116375],[-115.285426,42.173022],[-115.335518,42.23357],[-115.377446,42.297446],[-115.410786,42.364046],[-115.435194,42.432734],[-115.450408,42.502855],[-115.45625,42.573739],[-115.452632,42.644703],[-115.439558,42.715063],[-115.417121,42.784139],[-115.385509,42.85126],[-115.345,42.915773],[-115.295962,42.977047],[-115.238851,43.034482],[-115.174207,43.087512],[-115.102648,43.135616],[-115.024866,43.178318],[-114.941618,43.215194],[-114.853721,43.245879],[-114.762043,43.270069],[-114.667491,43.287521],[-114.571007,43.298063],[-114.47355,43.301588]]]},"properties":{"siteId":"5999","propertyType":"PSI Authorized","category":"3P"}},{"type":"Feature","geometry":{"type":"Polygon","coordinates":[[[-88.986863,41.208278],[-88.892588,41.204755],[-88.799252,41.194222],[-88.70778,41.176784],[-88.619082,41.152613],[-88.534034,41.121951],[-88.453473,41.085101],[-88.378189,41.042427],[-88.308916,40.994353],[-88.246322,40.941352],[-88.191006,40.883945],[-88.143492,40.822697],[-88.104222,40.758206],[-88.073556,40.691103],[-88.051765,40.62204],[-88.039033,40.551688],[-88.035454,40.480726],[-88.041033,40.409839],[-88.05569,40.339709],[-88.079254,40.271006],[-88.111475,40.204388],[-88.15202,40.140489],[-88.200482,40.079915],[-88.256382,40.02324],[-88.319174,39.970999],[-88.388251,39.923686],[-88.462951,39.881745],[-88.542564,39.845569],[-88.626337,39.815498],[-88.71348,39.791812],[-88.803178,39.774735],[-88.89459,39.764424],[-88.986863,39.760976],[-89.079135,39.764424],[-89.170547,39.774735],[-89.260245,39.791812],[-89.347388,39.815498],[-89.431161,39.845569],[-89.510774,39.881745],[-89.585474,39.923686],[-89.654551,39.970999],[-89.717343,40.02324],[-89.773243,40.079915],[-89.821705,40.140489],[-89.86225,40.204388],[-89.894471,40.271006],[-89.918035,40.339709],[-89.932692,40.409839],[-89.938271,40.480726],[-89.934693,40.551688],[-89.92196,40.62204],[-89.900169,40.691103],[-89.869503,40.758206],[-89.830233,40.822697],[-89.782719,40.883945],[-89.727403,40.941352],[-89.664809,40.994353],[-89.595536,41.042427],[-89.520252,41.085101],[-89.439691,41.121951],[-89.354643,41.152613],[-89.265945,41.176784],[-89.174474,41.194222],[-89.081137,41.204755],[-88.986863,41.208278]]]},"properties":{"siteId":"11829","propertyType":"PSI Authorized","category":"3P"}},{"type":"Feature","geometry":{"type":"Polygon","coordinates":[[[-87.965454,42.893128],[-87.868645,42.889603],[-87.772802,42.879064],[-87.678878,42.861614],[-87.587806,42.837428],[-87.500489,42.806748],[-87.417788,42.769876],[-87.340514,42.72718],[-87.269421,42.679083],[-87.205194,42.626058],[-87.148448,42.568629],[-87.099721,42.50736],[-87.059464,42.442852],[-87.028044,42.375734],[-87.005738,42.306661],[-86.992733,42.236302],[-86.989124,42.165338],[-86.994912,42.094455],[-87.010012,42.024331],[-87.034248,41.95564],[-87.067361,41.889037],[-87.109007,41.825156],[-87.158767,41.764603],[-87.216149,41.70795],[-87.280591,41.655733],[-87.35147,41.608443],[-87.428109,41.566523],[-87.509778,41.530368],[-87.595706,41.500314],[-87.685085,41.476643],[-87.777077,41.459576],[-87.870825,41.449272],[-87.965454,41.445827],[-88.060083,41.449272],[-88.153831,41.459576],[-88.245823,41.476643],[-88.335202,41.500314],[-88.42113,41.530368],[-88.502799,41.566523],[-88.579438,41.608443],[-88.650317,41.655733],[-88.714759,41.70795],[-88.772141,41.764603],[-88.821901,41.825156],[-88.863547,41.889037],[-88.896659,41.95564],[-88.920896,42.024331],[-88.935996,42.094455],[-88.941784,42.165338],[-88.938175,42.236302],[-88.92517,42.306661],[-88.902864,42.375734],[-88.871444,42.442852],[-88.831187,42.50736],[-88.78246,42.568629],[-88.725714,42.626058],[-88.661487,42.679083],[-88.590394,42.72718],[-88.51312,42.769876],[-88.430419,42.806748],[-88.343102,42.837428],[-88.25203,42.861614],[-88.158106,42.879064],[-88.062262,42.889603],[-87.965454,42.893128]]]},"properties":{"siteId":"11818","propertyType":"PSI Authorized","category":"3P"}},{"type":"Feature","geometry":{"type":"Polygon","coordinates":[[[-89.221715,38.438097],[-89.131166,38.434578],[-89.041516,38.424056],[-88.953652,38.406635],[-88.868443,38.382488],[-88.786731,38.351854],[-88.709318,38.315036],[-88.636962,38.272397],[-88.570366,38.224359],[-88.510174,38.171394],[-88.456962,38.114022],[-88.411234,38.052805],[-88.373419,37.988342],[-88.343862,37.921261],[-88.32283,37.852215],[-88.3105,37.781872],[-88.306968,37.710913],[-88.312243,37.640022],[-88.326248,37.56988],[-88.348825,37.50116],[-88.379736,37.434519],[-88.418662,37.370591],[-88.465216,37.309985],[-88.518936,37.253276],[-88.5793,37.201],[-88.645725,37.153651],[-88.717573,37.111676],[-88.794161,37.075469],[-88.874762,37.04537],[-88.958616,37.021662],[-89.044936,37.004568],[-89.13291,36.994247],[-89.221715,36.990796],[-89.31052,36.994247],[-89.398494,37.004568],[-89.484813,37.021662],[-89.568668,37.04537],[-89.649269,37.075469],[-89.725857,37.111676],[-89.797705,37.153651],[-89.864129,37.201],[-89.924494,37.253276],[-89.978214,37.309985],[-90.024768,37.370591],[-90.063694,37.434519],[-90.094604,37.50116],[-90.117182,37.56988],[-90.131187,37.640022],[-90.136461,37.710913],[-90.13293,37.781872],[-90.1206,37.852215],[-90.099568,37.921261],[-90.070011,37.988342],[-90.032196,38.052805],[-89.986468,38.114022],[-89.933256,38.171394],[-89.873064,38.224359],[-89.806468,38.272397],[-89.734112,38.315036],[-89.656699,38.351854],[-89.574986,38.382488],[-89.489778,38.406635],[-89.401914,38.424056],[-89.312263,38.434578],[-89.221715,38.438097]]]},"properties":{"siteId":"5615","propertyType":"PSI Authorized","category":"3P"}},{"type":"Feature","geometry":{"type":"Polygon","coordinates":[[[-88.28555,40.851227],[-88.191785,40.847705],[-88.098953,40.837173],[-88.007975,40.819737],[-87.919754,40.79557],[-87.835162,40.764911],[-87.755032,40.728065],[-87.680149,40.685396],[-87.611242,40.637327],[-87.548976,40.58433],[-87.493948,40.526929],[-87.446678,40.465684],[-87.407608,40.401198],[-87.377093,40.334097],[-87.355406,40.265037],[-87.342728,40.194685],[-87.339156,40.123724],[-87.344694,40.052837],[-87.359261,39.982705],[-87.38269,39.914],[-87.414731,39.847379],[-87.455055,39.783475],[-87.503256,39.722897],[-87.558858,39.666218],[-87.621318,39.613973],[-87.690032,39.566655],[-87.764342,39.524709],[-87.843541,39.488529],[-87.92688,39.458454],[-88.013574,39.434765],[-88.102809,39.417685],[-88.193751,39.407373],[-88.28555,39.403925],[-88.377348,39.407373],[-88.46829,39.417685],[-88.557525,39.434765],[-88.644219,39.458454],[-88.727558,39.488529],[-88.806757,39.524709],[-88.881068,39.566655],[-88.949782,39.613973],[-89.012241,39.666218],[-89.067843,39.722897],[-89.116044,39.783475],[-89.156368,39.847379],[-89.188409,39.914],[-89.211838,39.982705],[-89.226406,40.052837],[-89.231944,40.123724],[-89.228371,40.194685],[-89.215694,40.265037],[-89.194006,40.334097],[-89.163492,40.401198],[-89.124421,40.465684],[-89.077151,40.526929],[-89.022123,40.58433],[-88.959857,40.637327],[-88.89095,40.685396],[-88.816067,40.728065],[-88.735937,40.764911],[-88.651345,40.79557],[-88.563124,40.819737],[-88.472146,40.837173],[-88.379314,40.847705],[-88.28555,40.851227]]]},"properties":{"siteId":"5949","propertyType":"PSI Authorized","category":"3P"}},{"type":"Feature","geometry":{"type":"Polygon","coordinates":[[[-87.624205,42.601494],[-87.52785,42.597969],[-87.432456,42.587431],[-87.338972,42.569983],[-87.248326,42.5458],[-87.161416,42.515123],[-87.079098,42.478255],[-87.002181,42.435563],[-86.931414,42.38747],[-86.86748,42.334449],[-86.81099,42.277024],[-86.76248,42.215759],[-86.7224,42.151254],[-86.691115,42.084139],[-86.668902,42.015067],[-86.655946,41.944709],[-86.652341,41.873746],[-86.658092,41.802862],[-86.673113,41.732737],[-86.697229,41.664044],[-86.730181,41.597438],[-86.77163,41.533554],[-86.821158,41.472997],[-86.878273,41.41634],[-86.942419,41.364119],[-87.012976,41.316825],[-87.089267,41.274902],[-87.170568,41.238742],[-87.256109,41.208686],[-87.345087,41.185012],[-87.436669,41.167944],[-87.529998,41.157638],[-87.624205,41.154192],[-87.718411,41.157638],[-87.81174,41.167944],[-87.903322,41.185012],[-87.9923,41.208686],[-88.077842,41.238742],[-88.159142,41.274902],[-88.235433,41.316825],[-88.30599,41.364119],[-88.370136,41.41634],[-88.427252,41.472997],[-88.476779,41.533554],[-88.518228,41.597438],[-88.551181,41.664044],[-88.575296,41.732737],[-88.590317,41.802862],[-88.596068,41.873746],[-88.592463,41.944709],[-88.579507,42.015067],[-88.557294,42.084139],[-88.526009,42.151254],[-88.485929,42.215759],[-88.437419,42.277024],[-88.38093,42.334449],[-88.316995,42.38747],[-88.246228,42.435563],[-88.169311,42.478255],[-88.086994,42.515123],[-88.000083,42.5458],[-87.909437,42.569983],[-87.815953,42.587431],[-87.720559,42.597969],[-87.624205,42.601494]]]},"properties":{"siteId":"5617","propertyType":"PSI Owned","category":"OO"}},{"type":"Feature","geometry":{"type":"Polygon","coordinates":[[[-87.624705,42.601494],[-87.52835,42.597969],[-87.432956,42.587431],[-87.339472,42.569983],[-87.248826,42.5458],[-87.161916,42.515123],[-87.079598,42.478255],[-87.002681,42.435563],[-86.931914,42.38747],[-86.86798,42.334449],[-86.81149,42.277024],[-86.76298,42.215759],[-86.7229,42.151254],[-86.691615,42.084139],[-86.669402,42.015067],[-86.656446,41.944709],[-86.652841,41.873746],[-86.658592,41.802862],[-86.673613,41.732737],[-86.697729,41.664044],[-86.730681,41.597438],[-86.77213,41.533554],[-86.821658,41.472997],[-86.878773,41.41634],[-86.942919,41.364119],[-87.013476,41.316825],[-87.089767,41.274902],[-87.171068,41.238742],[-87.256609,41.208686],[-87.345587,41.185012],[-87.437169,41.167944],[-87.530498,41.157638],[-87.624705,41.154192],[-87.718911,41.157638],[-87.81224,41.167944],[-87.903822,41.185012],[-87.9928,41.208686],[-88.078342,41.238742],[-88.159642,41.274902],[-88.235933,41.316825],[-88.30649,41.364119],[-88.370636,41.41634],[-88.427752,41.472997],[-88.477279,41.533554],[-88.518728,41.597438],[-88.551681,41.664044],[-88.575796,41.732737],[-88.590817,41.802862],[-88.596568,41.873746],[-88.592963,41.944709],[-88.580007,42.015067],[-88.557794,42.084139],[-88.526509,42.151254],[-88.486429,42.215759],[-88.437919,42.277024],[-88.38143,42.334449],[-88.317495,42.38747],[-88.246728,42.435563],[-88.169811,42.478255],[-88.087494,42.515123],[-88.000583,42.5458],[-87.909937,42.569983],[-87.816453,42.587431],[-87.721059,42.597969],[-87.624705,42.601494]]]},"properties":{"siteId":"12752","propertyType":"PSI Owned","category":"OO"}},{"type":"Feature","geometry":{"type":"Polygon","coordinates":[[[-90.026449,39.412195],[-89.934649,39.408674],[-89.84376,39.398148],[-89.754684,39.380721],[-89.668303,39.356566],[-89.58547,39.325922],[-89.506999,39.289093],[-89.433659,39.246443],[-89.366164,39.198392],[-89.305164,39.145415],[-89.251245,39.088031],[-89.204917,39.026803],[-89.166613,38.962331],[-89.136684,38.895242],[-89.115396,38.82619],[-89.102931,38.755844],[-89.099383,38.684884],[-89.10476,38.613995],[-89.118984,38.543857],[-89.141893,38.475143],[-89.173243,38.408509],[-89.212714,38.344591],[-89.259908,38.283996],[-89.314361,38.227299],[-89.375541,38.175035],[-89.442857,38.127699],[-89.515663,38.085735],[-89.593268,38.049538],[-89.674935,38.019449],[-89.759895,37.995749],[-89.847349,37.97866],[-89.936478,37.968343],[-90.026449,37.964893],[-90.11642,37.968343],[-90.205549,37.97866],[-90.293003,37.995749],[-90.377963,38.019449],[-90.45963,38.049538],[-90.537235,38.085735],[-90.610041,38.127699],[-90.677357,38.175035],[-90.738537,38.227299],[-90.79299,38.283996],[-90.840184,38.344591],[-90.879655,38.408509],[-90.911005,38.475143],[-90.933914,38.543857],[-90.948138,38.613995],[-90.953515,38.684884],[-90.949967,38.755844],[-90.937502,38.82619],[-90.916214,38.895242],[-90.886285,38.962331],[-90.847981,39.026803],[-90.801653,39.088031],[-90.747734,39.145415],[-90.686734,39.198392],[-90.619239,39.246443],[-90.545899,39.289093],[-90.467428,39.325922],[-90.384595,39.356566],[-90.298214,39.380721],[-90.209138,39.398148],[-90.118249,39.408674],[-90.026449,39.412195]]]},"properties":{"siteId":"6214","propertyType":"MG TESTING","category":"3P"}},{"type":"Feature","geometry":{"type":"Polygon","coordinates":[[[-89.595314,42.546515],[-89.499045,42.54299],[-89.403734,42.532452],[-89.310332,42.515005],[-89.219766,42.490822],[-89.132931,42.460145],[-89.050686,42.423279],[-88.973835,42.380587],[-88.903129,42.332494],[-88.839249,42.279475],[-88.782808,42.222051],[-88.734338,42.160786],[-88.694291,42.096281],[-88.663032,42.029167],[-88.640836,41.960096],[-88.627889,41.889738],[-88.624285,41.818775],[-88.630029,41.74789],[-88.645035,41.677766],[-88.669128,41.609072],[-88.702051,41.542466],[-88.743463,41.478581],[-88.792947,41.418023],[-88.850013,41.361366],[-88.914104,41.309144],[-88.9846,41.261849],[-89.060826,41.219925],[-89.142058,41.183765],[-89.227527,41.153708],[-89.316431,41.130034],[-89.407935,41.112965],[-89.501186,41.102659],[-89.595314,41.099213],[-89.689442,41.102659],[-89.782692,41.112965],[-89.874197,41.130034],[-89.9631,41.153708],[-90.04857,41.183765],[-90.129801,41.219925],[-90.206028,41.261849],[-90.276524,41.309144],[-90.340615,41.361366],[-90.397681,41.418023],[-90.447165,41.478581],[-90.488577,41.542466],[-90.521499,41.609072],[-90.545593,41.677766],[-90.560598,41.74789],[-90.566342,41.818775],[-90.562739,41.889738],[-90.549792,41.960096],[-90.527596,42.029167],[-90.496336,42.096281],[-90.456289,42.160786],[-90.407819,42.222051],[-90.351378,42.279475],[-90.287499,42.332494],[-90.216792,42.380587],[-90.139942,42.423279],[-90.057696,42.460145],[-89.970862,42.490822],[-89.880295,42.515005],[-89.786893,42.532452],[-89.691583,42.54299],[-89.595314,42.546515]]]},"properties":{"siteId":"18039","propertyType":"PSI Authorized","category":"3P"}},{"type":"Feature","geometry":{"type":"Polygon","coordinates":[[[-88.294319,42.768826],[-88.197705,42.765301],[-88.102054,42.754762],[-88.008318,42.737313],[-87.917429,42.713128],[-87.830286,42.682449],[-87.747749,42.645579],[-87.670628,42.602885],[-87.599674,42.554789],[-87.535572,42.501766],[-87.478937,42.444339],[-87.430302,42.383072],[-87.390121,42.318565],[-87.358759,42.251448],[-87.336493,42.182375],[-87.323509,42.112017],[-87.319901,42.041054],[-87.325674,41.97017],[-87.340739,41.900046],[-87.364924,41.831354],[-87.397968,41.76475],[-87.43953,41.700867],[-87.489191,41.640312],[-87.546458,41.583658],[-87.610773,41.531439],[-87.681515,41.484147],[-87.758005,41.442226],[-87.839516,41.406069],[-87.925278,41.376014],[-88.014486,41.352342],[-88.106303,41.335274],[-88.199871,41.32497],[-88.294319,41.321524],[-88.388767,41.32497],[-88.482336,41.335274],[-88.574153,41.352342],[-88.66336,41.376014],[-88.749123,41.406069],[-88.830634,41.442226],[-88.907124,41.484147],[-88.977865,41.531439],[-89.04218,41.583658],[-89.099448,41.640312],[-89.149109,41.700867],[-89.19067,41.76475],[-89.223714,41.831354],[-89.247899,41.900046],[-89.262965,41.97017],[-89.268737,42.041054],[-89.26513,42.112017],[-89.252146,42.182375],[-89.22988,42.251448],[-89.198518,42.318565],[-89.158337,42.383072],[-89.109702,42.444339],[-89.053066,42.501766],[-88.988965,42.554789],[-88.918011,42.602885],[-88.840889,42.645579],[-88.758353,42.682449],[-88.67121,42.713128],[-88.58032,42.737313],[-88.486584,42.754762],[-88.390933,42.765301],[-88.294319,42.768826]]]},"properties":{"siteId":"10221","propertyType":"PSI Authorized","category":"3P"}},{"type":"Feature","geometry":{"type":"Polygon","coordinates":[[[-87.863083,42.653133],[-87.766649,42.649609],[-87.671176,42.63907],[-87.577614,42.621622],[-87.486893,42.597439],[-87.399911,42.56676],[-87.317526,42.529892],[-87.240546,42.4872],[-87.169721,42.439105],[-87.105736,42.386084],[-87.049202,42.328658],[-87.000653,42.267392],[-86.960542,42.202887],[-86.929233,42.135771],[-86.907004,42.066699],[-86.894039,41.996341],[-86.890434,41.925378],[-86.896191,41.854494],[-86.911226,41.784369],[-86.935363,41.715677],[-86.968343,41.649071],[-87.009827,41.585187],[-87.059395,41.524631],[-87.116558,41.467975],[-87.180756,41.415755],[-87.251369,41.368461],[-87.327722,41.326539],[-87.409087,41.29038],[-87.494697,41.260324],[-87.583745,41.236651],[-87.675399,41.219583],[-87.768802,41.209277],[-87.863083,41.205832],[-87.957364,41.209277],[-88.050767,41.219583],[-88.142421,41.236651],[-88.231469,41.260324],[-88.317079,41.29038],[-88.398444,41.326539],[-88.474797,41.368461],[-88.54541,41.415755],[-88.609608,41.467975],[-88.666771,41.524631],[-88.716339,41.585187],[-88.757823,41.649071],[-88.790803,41.715677],[-88.81494,41.784369],[-88.829975,41.854494],[-88.835732,41.925378],[-88.832127,41.996341],[-88.819162,42.066699],[-88.796933,42.135771],[-88.765624,42.202887],[-88.725513,42.267392],[-88.676964,42.328658],[-88.62043,42.386084],[-88.556444,42.439105],[-88.48562,42.4872],[-88.40864,42.529892],[-88.326255,42.56676],[-88.239273,42.597439],[-88.148552,42.621622],[-88.05499,42.63907],[-87.959517,42.649609],[-87.863083,42.653133]]]},"properties":{"siteId":"11819","propertyType":"PSI Authorized","category":"3P"}},{"type":"Feature","geometry":{"type":"Polygon","coordinates":[[[-90.404452,41.70655],[-90.309451,41.703027],[-90.215395,41.692492],[-90.12322,41.67505],[-90.033841,41.650875],[-89.948142,41.620207],[-89.866967,41.583351],[-89.791112,41.540671],[-89.721316,41.49259],[-89.658254,41.439582],[-89.602528,41.382169],[-89.554665,41.320915],[-89.515112,41.256419],[-89.48423,41.189312],[-89.462291,41.120246],[-89.44948,41.049891],[-89.445892,40.978929],[-89.451532,40.908043],[-89.466316,40.837915],[-89.490073,40.769216],[-89.522549,40.702602],[-89.56341,40.638708],[-89.612245,40.57814],[-89.66857,40.521471],[-89.731835,40.469238],[-89.801429,40.421931],[-89.876686,40.379996],[-89.956889,40.343826],[-90.04128,40.31376],[-90.129065,40.290079],[-90.219421,40.273004],[-90.311503,40.262695],[-90.404452,40.259248],[-90.497401,40.262695],[-90.589483,40.273004],[-90.679839,40.290079],[-90.767625,40.31376],[-90.852016,40.343826],[-90.932219,40.379996],[-91.007475,40.421931],[-91.077069,40.469238],[-91.140334,40.521471],[-91.196659,40.57814],[-91.245494,40.638708],[-91.286355,40.702602],[-91.318832,40.769216],[-91.342589,40.837915],[-91.357372,40.908043],[-91.363012,40.978929],[-91.359424,41.049891],[-91.346613,41.120246],[-91.324674,41.189312],[-91.293792,41.256419],[-91.254239,41.320915],[-91.206376,41.382169],[-91.15065,41.439582],[-91.087588,41.49259],[-91.017792,41.540671],[-90.941937,41.583351],[-90.860763,41.620207],[-90.775063,41.650875],[-90.685684,41.67505],[-90.593509,41.692492],[-90.499453,41.703027],[-90.404452,41.70655]]]},"properties":{"siteId":"5620","propertyType":"PSI Authorized","category":"3P"}},{"type":"Feature","geometry":{"type":"Polygon","coordinates":[[[-88.052046,42.583157],[-87.95572,42.579633],[-87.860354,42.569094],[-87.766897,42.551647],[-87.676277,42.527464],[-87.589392,42.496787],[-87.507099,42.459919],[-87.430204,42.417228],[-87.359457,42.369134],[-87.295541,42.316114],[-87.239068,42.258689],[-87.190571,42.197424],[-87.150502,42.132919],[-87.119226,42.065804],[-87.097018,41.996733],[-87.084065,41.926375],[-87.080461,41.855412],[-87.08621,41.784528],[-87.101225,41.714403],[-87.125333,41.64571],[-87.158276,41.579104],[-87.199713,41.515219],[-87.249226,41.454662],[-87.306325,41.398005],[-87.370452,41.345784],[-87.440989,41.298489],[-87.517258,41.256566],[-87.598536,41.220406],[-87.684053,41.190349],[-87.773007,41.166676],[-87.864562,41.149607],[-87.957865,41.139302],[-88.052046,41.135856],[-88.146226,41.139302],[-88.239529,41.149607],[-88.331085,41.166676],[-88.420038,41.190349],[-88.505555,41.220406],[-88.586833,41.256566],[-88.663102,41.298489],[-88.733639,41.345784],[-88.797766,41.398005],[-88.854866,41.454662],[-88.904379,41.515219],[-88.945815,41.579104],[-88.978758,41.64571],[-89.002866,41.714403],[-89.017881,41.784528],[-89.02363,41.855412],[-89.020026,41.926375],[-89.007073,41.996733],[-88.984865,42.065804],[-88.953589,42.132919],[-88.91352,42.197424],[-88.865023,42.258689],[-88.80855,42.316114],[-88.744634,42.369134],[-88.673887,42.417228],[-88.596992,42.459919],[-88.514699,42.496787],[-88.427814,42.527464],[-88.337194,42.551647],[-88.243737,42.569094],[-88.148371,42.579633],[-88.052046,42.583157]]]},"properties":{"siteId":"12022","propertyType":"PSI Authorized","category":"3P"}},{"type":"Feature","geometry":{"type":"Polygon","coordinates":[[[-88.12083,42.246436],[-88.025019,42.242912],[-87.930164,42.232375],[-87.837206,42.214929],[-87.747069,42.19075],[-87.660646,42.160076],[-87.578788,42.123213],[-87.502299,42.080526],[-87.431922,42.032437],[-87.368338,41.979422],[-87.312156,41.922002],[-87.263906,41.860741],[-87.224038,41.796239],[-87.192915,41.729127],[-87.170812,41.660058],[-87.157914,41.589702],[-87.154317,41.518739],[-87.160023,41.447854],[-87.174948,41.377728],[-87.198919,41.309032],[-87.23168,41.242423],[-87.272893,41.178535],[-87.322142,41.117973],[-87.378939,41.061312],[-87.442731,41.009086],[-87.512901,40.961787],[-87.588776,40.919859],[-87.669635,40.883695],[-87.754714,40.853635],[-87.843212,40.829958],[-87.934301,40.812887],[-88.027129,40.80258],[-88.12083,40.799134],[-88.21453,40.80258],[-88.307358,40.812887],[-88.398447,40.829958],[-88.486945,40.853635],[-88.572024,40.883695],[-88.652883,40.919859],[-88.728758,40.961787],[-88.798928,41.009086],[-88.86272,41.061312],[-88.919517,41.117973],[-88.968766,41.178535],[-89.009979,41.242423],[-89.04274,41.309032],[-89.066711,41.377728],[-89.081636,41.447854],[-89.087342,41.518739],[-89.083745,41.589702],[-89.070847,41.660058],[-89.048744,41.729127],[-89.017621,41.796239],[-88.977753,41.860741],[-88.929503,41.922002],[-88.873321,41.979422],[-88.809737,42.032437],[-88.73936,42.080526],[-88.662871,42.123213],[-88.581013,42.160076],[-88.49459,42.19075],[-88.404453,42.214929],[-88.311495,42.232375],[-88.21664,42.242912],[-88.12083,42.246436]]]},"properties":{"siteId":"13163","propertyType":"MG TESTING","category":"3P"}},{"type":"Feature","geometry":{"type":"Polygon","coordinates":[[[-88.313645,42.924793],[-88.216787,42.921268],[-88.120894,42.910728],[-88.026922,42.893278],[-87.935804,42.869093],[-87.848442,42.838411],[-87.765699,42.80154],[-87.688387,42.758843],[-87.617257,42.710745],[-87.552998,42.65772],[-87.496225,42.600291],[-87.447473,42.539021],[-87.407197,42.474513],[-87.375762,42.407395],[-87.353447,42.338321],[-87.340436,42.267962],[-87.336826,42.196999],[-87.342619,42.126115],[-87.357727,42.055992],[-87.381977,41.987301],[-87.415107,41.920698],[-87.456775,41.856817],[-87.50656,41.796264],[-87.563971,41.739612],[-87.628445,41.687395],[-87.69936,41.640106],[-87.776037,41.598187],[-87.857746,41.562031],[-87.943716,41.531978],[-88.033139,41.508308],[-88.125177,41.491241],[-88.21897,41.480937],[-88.313645,41.477492],[-88.40832,41.480937],[-88.502114,41.491241],[-88.594152,41.508308],[-88.683575,41.531978],[-88.769545,41.562031],[-88.851254,41.598187],[-88.927931,41.640106],[-88.998846,41.687395],[-89.06332,41.739612],[-89.12073,41.796264],[-89.170516,41.856817],[-89.212184,41.920698],[-89.245314,41.987301],[-89.269563,42.055992],[-89.284672,42.126115],[-89.290465,42.196999],[-89.286854,42.267962],[-89.273844,42.338321],[-89.251529,42.407395],[-89.220094,42.474513],[-89.179818,42.539021],[-89.131066,42.600291],[-89.074293,42.65772],[-89.010034,42.710745],[-88.938904,42.758843],[-88.861591,42.80154],[-88.778848,42.838411],[-88.691487,42.869093],[-88.600369,42.893278],[-88.506396,42.910728],[-88.410504,42.921268],[-88.313645,42.924793]]]},"properties":{"siteId":"5299","propertyType":"PSI Authorized","category":"3P"}},{"type":"Feature","geometry":{"type":"Polygon","coordinates":[[[-87.716363,42.229691],[-87.620578,42.226166],[-87.525747,42.215629],[-87.432814,42.198184],[-87.342701,42.174005],[-87.256301,42.143331],[-87.174465,42.106468],[-87.097995,42.063782],[-87.027636,42.015693],[-86.964069,41.962678],[-86.907901,41.905258],[-86.859664,41.843997],[-86.819805,41.779496],[-86.78869,41.712384],[-86.766592,41.643315],[-86.753697,41.572959],[-86.7501,41.501996],[-86.755804,41.431111],[-86.770724,41.360985],[-86.794689,41.292289],[-86.827441,41.22568],[-86.868643,41.161791],[-86.917878,41.10123],[-86.974661,41.044568],[-87.038437,40.992342],[-87.108588,40.945042],[-87.184444,40.903114],[-87.265282,40.86695],[-87.350339,40.83689],[-87.438815,40.813213],[-87.529881,40.796142],[-87.622685,40.785835],[-87.716363,40.782389],[-87.81004,40.785835],[-87.902844,40.796142],[-87.99391,40.813213],[-88.082386,40.83689],[-88.167443,40.86695],[-88.248282,40.903114],[-88.324137,40.945042],[-88.394289,40.992342],[-88.458064,41.044568],[-88.514847,41.10123],[-88.564083,41.161791],[-88.605284,41.22568],[-88.638036,41.292289],[-88.662001,41.360985],[-88.676922,41.431111],[-88.682626,41.501996],[-88.679028,41.572959],[-88.666133,41.643315],[-88.644035,41.712384],[-88.61292,41.779496],[-88.573062,41.843997],[-88.524824,41.905258],[-88.468656,41.962678],[-88.405089,42.015693],[-88.33473,42.063782],[-88.258261,42.106468],[-88.176424,42.143331],[-88.090024,42.174005],[-87.999911,42.198184],[-87.906978,42.215629],[-87.812147,42.226166],[-87.716363,42.229691]]]},"properties":{"siteId":"11915","propertyType":"PSI Authorized","category":"3P"}},{"type":"Feature","geometry":{"type":"Polygon","coordinates":[[[-87.734175,42.348861],[-87.638209,42.345337],[-87.543199,42.334799],[-87.45009,42.317353],[-87.359808,42.293173],[-87.273245,42.262498],[-87.191255,42.225633],[-87.114643,42.182945],[-87.044154,42.134855],[-86.98047,42.081838],[-86.9242,42.024416],[-86.875876,41.963154],[-86.835947,41.898652],[-86.804777,41.831539],[-86.782643,41.762469],[-86.769728,41.692112],[-86.766128,41.621149],[-86.771848,41.550264],[-86.7868,41.480139],[-86.810813,41.411444],[-86.843629,41.344836],[-86.884909,41.280949],[-86.934238,41.220388],[-86.991127,41.163729],[-87.05502,41.111504],[-87.1253,41.064206],[-87.201295,41.022279],[-87.28228,40.986117],[-87.367492,40.956058],[-87.456128,40.932382],[-87.547358,40.915312],[-87.640329,40.905005],[-87.734175,40.901559],[-87.828021,40.905005],[-87.920992,40.915312],[-88.012222,40.932382],[-88.100858,40.956058],[-88.18607,40.986117],[-88.267055,41.022279],[-88.34305,41.064206],[-88.41333,41.111504],[-88.477223,41.163729],[-88.534112,41.220388],[-88.583441,41.280949],[-88.624721,41.344836],[-88.657537,41.411444],[-88.68155,41.480139],[-88.696502,41.550264],[-88.702221,41.621149],[-88.698622,41.692112],[-88.685707,41.762469],[-88.663573,41.831539],[-88.632403,41.898652],[-88.592474,41.963154],[-88.54415,42.024416],[-88.48788,42.081838],[-88.424196,42.134855],[-88.353707,42.182945],[-88.277095,42.225633],[-88.195105,42.262498],[-88.108542,42.293173],[-88.01826,42.317353],[-87.925151,42.334799],[-87.830141,42.345337],[-87.734175,42.348861]]]},"properties":{"siteId":"10261","propertyType":"PSI Authorized","category":"3P"}},{"type":"Feature","geometry":{"type":"Polygon","coordinates":[[[-88.200534,42.520868],[-88.104304,42.517343],[-88.009034,42.506805],[-87.91567,42.489358],[-87.82514,42.465176],[-87.738341,42.434499],[-87.656129,42.397633],[-87.579309,42.354942],[-87.508631,42.306849],[-87.444777,42.25383],[-87.388358,42.196406],[-87.339908,42.135142],[-87.299876,42.070638],[-87.268628,42.003523],[-87.24644,41.934452],[-87.233497,41.864095],[-87.229894,41.793132],[-87.235635,41.722247],[-87.250634,41.652122],[-87.274717,41.583429],[-87.307625,41.516822],[-87.34902,41.452937],[-87.398484,41.392379],[-87.455527,41.335721],[-87.519592,41.283499],[-87.59006,41.236203],[-87.666256,41.194279],[-87.747456,41.158119],[-87.832891,41.128061],[-87.92176,41.104387],[-88.013229,41.087318],[-88.106443,41.077012],[-88.200534,41.073566],[-88.294625,41.077012],[-88.38784,41.087318],[-88.479308,41.104387],[-88.568177,41.128061],[-88.653613,41.158119],[-88.734812,41.194279],[-88.811008,41.236203],[-88.881476,41.283499],[-88.945541,41.335721],[-89.002585,41.392379],[-89.052048,41.452937],[-89.093443,41.516822],[-89.126352,41.583429],[-89.150435,41.652122],[-89.165433,41.722247],[-89.171174,41.793132],[-89.167571,41.864095],[-89.154628,41.934452],[-89.13244,42.003523],[-89.101192,42.070638],[-89.061161,42.135142],[-89.01271,42.196406],[-88.956291,42.25383],[-88.892437,42.306849],[-88.821759,42.354942],[-88.74494,42.397633],[-88.662727,42.434499],[-88.575929,42.465176],[-88.485399,42.489358],[-88.392035,42.506805],[-88.296764,42.517343],[-88.200534,42.520868]]]},"properties":{"siteId":"12792","propertyType":"PSI Authorized","category":"3P"}},{"type":"Feature","geometry":{"type":"Polygon","coordinates":[[[-87.719704,42.315986],[-87.623788,42.312462],[-87.528828,42.301924],[-87.435768,42.284478],[-87.345532,42.260298],[-87.259014,42.229624],[-87.177067,42.19276],[-87.100494,42.150072],[-87.030041,42.101982],[-86.966389,42.048966],[-86.910147,41.991544],[-86.861847,41.930283],[-86.821938,41.865781],[-86.790783,41.798668],[-86.768659,41.729598],[-86.75575,41.659242],[-86.752151,41.588279],[-86.757866,41.517394],[-86.772809,41.447268],[-86.796809,41.378573],[-86.829607,41.311965],[-86.870865,41.248077],[-86.920168,41.187516],[-86.977028,41.130856],[-87.040889,41.078631],[-87.111133,41.031333],[-87.187089,40.989406],[-87.268034,40.953243],[-87.353203,40.923183],[-87.441795,40.899507],[-87.53298,40.882437],[-87.625905,40.87213],[-87.719704,40.868684],[-87.813503,40.87213],[-87.906428,40.882437],[-87.997613,40.899507],[-88.086205,40.923183],[-88.171374,40.953243],[-88.252319,40.989406],[-88.328275,41.031333],[-88.398519,41.078631],[-88.46238,41.130856],[-88.51924,41.187516],[-88.568543,41.248077],[-88.609801,41.311965],[-88.642599,41.378573],[-88.666599,41.447268],[-88.681543,41.517394],[-88.687257,41.588279],[-88.683658,41.659242],[-88.670749,41.729598],[-88.648625,41.798668],[-88.61747,41.865781],[-88.577561,41.930283],[-88.529261,41.991544],[-88.473019,42.048966],[-88.409367,42.101982],[-88.338914,42.150072],[-88.262341,42.19276],[-88.180394,42.229624],[-88.093876,42.260298],[-88.003641,42.284478],[-87.91058,42.301924],[-87.81562,42.312462],[-87.719704,42.315986]]]},"properties":{"siteId":"13466","propertyType":"PSI Authorized","category":"3P"}},{"type":"Feature","geometry":{"type":"Polygon","coordinates":[[[-88.059967,42.770209],[-87.963351,42.766685],[-87.867697,42.756145],[-87.773959,42.738697],[-87.683068,42.714512],[-87.595923,42.683833],[-87.513384,42.646963],[-87.436262,42.604269],[-87.365306,42.556173],[-87.301203,42.50315],[-87.244566,42.445723],[-87.19593,42.384455],[-87.155748,42.319948],[-87.124386,42.252832],[-87.102119,42.183759],[-87.089135,42.113401],[-87.085527,42.042437],[-87.0913,41.971553],[-87.106366,41.901429],[-87.130552,41.832737],[-87.163596,41.766133],[-87.205159,41.702251],[-87.254821,41.641696],[-87.31209,41.585042],[-87.376406,41.532823],[-87.447149,41.485531],[-87.523641,41.44361],[-87.605154,41.407453],[-87.690918,41.377398],[-87.780127,41.353726],[-87.871946,41.336658],[-87.965517,41.326353],[-88.059967,41.322908],[-88.154417,41.326353],[-88.247987,41.336658],[-88.339806,41.353726],[-88.429015,41.377398],[-88.51478,41.407453],[-88.596293,41.44361],[-88.672784,41.485531],[-88.743527,41.532823],[-88.807844,41.585042],[-88.865113,41.641696],[-88.914775,41.702251],[-88.956337,41.766133],[-88.989382,41.832737],[-89.013567,41.901429],[-89.028634,41.971553],[-89.034406,42.042437],[-89.030799,42.113401],[-89.017814,42.183759],[-88.995548,42.252832],[-88.964185,42.319948],[-88.924003,42.384455],[-88.875367,42.445723],[-88.818731,42.50315],[-88.754628,42.556173],[-88.683672,42.604269],[-88.606549,42.646963],[-88.524011,42.683833],[-88.436866,42.714512],[-88.345974,42.738697],[-88.252236,42.756145],[-88.156583,42.766685],[-88.059967,42.770209]]]},"properties":{"siteId":"12761","propertyType":"PSI Authorized","category":"3P"}},{"type":"Feature","geometry":{"type":"Polygon","coordinates":[[[-89.692727,40.493461],[-89.599464,40.489939],[-89.507129,40.479409],[-89.416637,40.461976],[-89.328886,40.437811],[-89.244743,40.407156],[-89.165037,40.370315],[-89.090548,40.327651],[-89.022001,40.279586],[-88.960058,40.226594],[-88.905314,40.169197],[-88.858284,40.107957],[-88.819409,40.043474],[-88.789044,39.976376],[-88.767459,39.907318],[-88.754836,39.836968],[-88.751269,39.766007],[-88.756766,39.695119],[-88.771245,39.624986],[-88.794542,39.556278],[-88.826407,39.489654],[-88.866513,39.425747],[-88.914457,39.365165],[-88.969765,39.308481],[-89.031898,39.256231],[-89.100255,39.208908],[-89.174181,39.166958],[-89.252973,39.130774],[-89.335885,39.100695],[-89.422136,39.077004],[-89.510917,39.059922],[-89.601396,39.049608],[-89.692727,39.046159],[-89.784059,39.049608],[-89.874538,39.059922],[-89.963319,39.077004],[-90.04957,39.100695],[-90.132482,39.130774],[-90.211274,39.166958],[-90.2852,39.208908],[-90.353557,39.256231],[-90.41569,39.308481],[-90.470998,39.365165],[-90.518942,39.425747],[-90.559048,39.489654],[-90.590913,39.556278],[-90.614209,39.624986],[-90.628689,39.695119],[-90.634186,39.766007],[-90.630619,39.836968],[-90.617996,39.907318],[-90.596411,39.976376],[-90.566045,40.043474],[-90.52717,40.107957],[-90.480141,40.169197],[-90.425396,40.226594],[-90.363454,40.279586],[-90.294907,40.327651],[-90.220418,40.370315],[-90.140712,40.407156],[-90.056569,40.437811],[-89.968818,40.461976],[-89.878326,40.479409],[-89.78599,40.489939],[-89.692727,40.493461]]]},"properties":{"siteId":"19168","propertyType":"PSI Owned","category":"OO"}},{"type":"Feature","geometry":{"type":"Polygon","coordinates":[[[-88.260177,42.640005],[-88.163763,42.63648],[-88.06831,42.625942],[-87.974768,42.608494],[-87.884066,42.58431],[-87.797102,42.553632],[-87.714735,42.516764],[-87.637771,42.474072],[-87.56696,42.425978],[-87.502988,42.372957],[-87.446465,42.315531],[-87.397926,42.254266],[-87.357823,42.18976],[-87.32652,42.122644],[-87.304295,42.053573],[-87.291332,41.983215],[-87.287727,41.912252],[-87.293483,41.841367],[-87.308514,41.771243],[-87.332646,41.70255],[-87.365619,41.635944],[-87.407094,41.57206],[-87.456652,41.511504],[-87.513803,41.454848],[-87.577988,41.402627],[-87.648586,41.355333],[-87.724923,41.313411],[-87.806272,41.277252],[-87.891864,41.247196],[-87.980895,41.223523],[-88.072531,41.206454],[-88.165915,41.196149],[-88.260177,41.192703],[-88.354439,41.196149],[-88.447823,41.206454],[-88.539458,41.223523],[-88.628489,41.247196],[-88.714081,41.277252],[-88.79543,41.313411],[-88.871767,41.355333],[-88.942366,41.402627],[-89.006551,41.454848],[-89.063701,41.511504],[-89.113259,41.57206],[-89.154734,41.635944],[-89.187708,41.70255],[-89.211839,41.771243],[-89.22687,41.841367],[-89.232626,41.912252],[-89.229021,41.983215],[-89.216058,42.053573],[-89.193833,42.122644],[-89.16253,42.18976],[-89.122427,42.254266],[-89.073888,42.315531],[-89.017365,42.372957],[-88.953393,42.425978],[-88.882583,42.474072],[-88.805619,42.516764],[-88.723251,42.553632],[-88.636287,42.58431],[-88.545586,42.608494],[-88.452043,42.625942],[-88.35659,42.63648],[-88.260177,42.640005]]]},"properties":{"siteId":"5165","propertyType":"PSI Authorized","category":"3P"}},{"type":"Feature","geometry":{"type":"Polygon","coordinates":[[[-85.673448,40.777942],[-85.579787,40.77442],[-85.487057,40.763889],[-85.39618,40.746453],[-85.308056,40.722286],[-85.223556,40.691628],[-85.143514,40.654783],[-85.068712,40.612116],[-84.999879,40.564047],[-84.93768,40.511052],[-84.88271,40.453651],[-84.83549,40.392407],[-84.79646,40.327921],[-84.765976,40.260822],[-84.74431,40.191761],[-84.731644,40.121411],[-84.728072,40.050449],[-84.733602,39.979562],[-84.748151,39.909429],[-84.771553,39.840724],[-84.803557,39.774102],[-84.843836,39.710198],[-84.891984,39.649619],[-84.947526,39.592939],[-85.009918,39.540693],[-85.078558,39.493374],[-85.152789,39.451427],[-85.231904,39.415246],[-85.315155,39.38517],[-85.401758,39.361481],[-85.490899,39.344401],[-85.581746,39.334088],[-85.673448,39.33064],[-85.76515,39.334088],[-85.855996,39.344401],[-85.945138,39.361481],[-86.031741,39.38517],[-86.114991,39.415246],[-86.194107,39.451427],[-86.268338,39.493374],[-86.336978,39.540693],[-86.39937,39.592939],[-86.454911,39.649619],[-86.503059,39.710198],[-86.543338,39.774102],[-86.575343,39.840724],[-86.598745,39.909429],[-86.613294,39.979562],[-86.618824,40.050449],[-86.615252,40.121411],[-86.602586,40.191761],[-86.58092,40.260822],[-86.550436,40.327921],[-86.511406,40.392407],[-86.464185,40.453651],[-86.409216,40.511052],[-86.347017,40.564047],[-86.278184,40.612116],[-86.203382,40.654783],[-86.123339,40.691628],[-86.03884,40.722286],[-85.950716,40.746453],[-85.859839,40.763889],[-85.767109,40.77442],[-85.673448,40.777942]]]},"properties":{"siteId":"5573","propertyType":"PSI Authorized","category":"3P"}},{"type":"Feature","geometry":{"type":"Polygon","coordinates":[[[-86.599029,39.888534],[-86.506594,39.885013],[-86.415078,39.874485],[-86.325387,39.857055],[-86.238412,39.832896],[-86.155011,39.802247],[-86.076004,39.765413],[-86.002165,39.722756],[-85.934214,39.6747],[-85.872805,39.621716],[-85.818528,39.564326],[-85.771895,39.503093],[-85.733343,39.438616],[-85.703225,39.371524],[-85.681808,39.302469],[-85.669274,39.232121],[-85.665719,39.161161],[-85.671147,39.090272],[-85.685482,39.020136],[-85.708559,38.951425],[-85.740133,38.884795],[-85.779879,38.820882],[-85.827399,38.760292],[-85.882223,38.703601],[-85.943816,38.651343],[-86.011584,38.604013],[-86.084876,38.562055],[-86.162996,38.525864],[-86.245203,38.495779],[-86.330723,38.472083],[-86.418753,38.454997],[-86.508468,38.444681],[-86.599029,38.441232],[-86.68959,38.444681],[-86.779305,38.454997],[-86.867335,38.472083],[-86.952855,38.495779],[-87.035063,38.525864],[-87.113182,38.562055],[-87.186475,38.604013],[-87.254242,38.651343],[-87.315836,38.703601],[-87.37066,38.760292],[-87.418179,38.820882],[-87.457926,38.884795],[-87.489499,38.951425],[-87.512576,39.020136],[-87.526911,39.090272],[-87.53234,39.161161],[-87.528784,39.232121],[-87.51625,39.302469],[-87.494833,39.371524],[-87.464715,39.438616],[-87.426163,39.503093],[-87.379531,39.564326],[-87.325253,39.621716],[-87.263845,39.6747],[-87.195893,39.722756],[-87.122054,39.765413],[-87.043048,39.802247],[-86.959646,39.832896],[-86.872671,39.857055],[-86.782981,39.874485],[-86.691464,39.885013],[-86.599029,39.888534]]]},"properties":{"siteId":"10641","propertyType":"PSI Authorized","category":"3P"}},{"type":"Feature","geometry":{"type":"Polygon","coordinates":[[[-85.904117,39.974611],[-85.811566,39.97109],[-85.719934,39.960562],[-85.630132,39.943131],[-85.543047,39.918972],[-85.459542,39.888322],[-85.380437,39.851486],[-85.306507,39.808829],[-85.238471,39.760771],[-85.176988,39.707786],[-85.122645,39.650395],[-85.075957,39.589161],[-85.03736,39.524683],[-85.007206,39.45759],[-84.985766,39.388535],[-84.97322,39.318187],[-84.969662,39.247226],[-84.975101,39.176338],[-84.989456,39.106202],[-85.012563,39.037491],[-85.044178,38.970863],[-85.083975,38.90695],[-85.131554,38.846362],[-85.186446,38.789671],[-85.248115,38.737415],[-85.315966,38.690085],[-85.389347,38.648129],[-85.467561,38.611938],[-85.549867,38.581855],[-85.63549,38.558159],[-85.723626,38.541074],[-85.813448,38.530758],[-85.904117,38.527309],[-85.994787,38.530758],[-86.084609,38.541074],[-86.172744,38.558159],[-86.258367,38.581855],[-86.340674,38.611938],[-86.418888,38.648129],[-86.492269,38.690085],[-86.560119,38.737415],[-86.621788,38.789671],[-86.676681,38.846362],[-86.72426,38.90695],[-86.764057,38.970863],[-86.795671,39.037491],[-86.818779,39.106202],[-86.833134,39.176338],[-86.838572,39.247226],[-86.835015,39.318187],[-86.822469,39.388535],[-86.801028,39.45759],[-86.770875,39.524683],[-86.732278,39.589161],[-86.68559,39.650395],[-86.631247,39.707786],[-86.569763,39.760771],[-86.501728,39.808829],[-86.427798,39.851486],[-86.348693,39.888322],[-86.265187,39.918972],[-86.178103,39.943131],[-86.0883,39.960562],[-85.996668,39.97109],[-85.904117,39.974611]]]},"properties":{"siteId":"6717","propertyType":"PSI Authorized","category":"3P"}},{"type":"Feature","geometry":{"type":"Polygon","coordinates":[[[-85.095098,41.846038],[-84.99989,41.842515],[-84.905629,41.831979],[-84.813254,41.814537],[-84.723681,41.790361],[-84.637797,41.759691],[-84.556447,41.722833],[-84.48043,41.680152],[-84.410486,41.632068],[-84.34729,41.579058],[-84.291447,41.521644],[-84.243486,41.460388],[-84.203852,41.395891],[-84.172908,41.328782],[-84.150927,41.259715],[-84.138094,41.18936],[-84.134504,41.118398],[-84.140161,41.047512],[-84.15498,40.977384],[-84.178792,40.908686],[-84.211341,40.842073],[-84.252292,40.778181],[-84.301233,40.717614],[-84.357679,40.660948],[-84.421079,40.608716],[-84.49082,40.561412],[-84.566235,40.519478],[-84.646605,40.48331],[-84.731173,40.453245],[-84.81914,40.429566],[-84.909684,40.412492],[-85.001957,40.402183],[-85.095098,40.398737],[-85.188239,40.402183],[-85.280512,40.412492],[-85.371055,40.429566],[-85.459023,40.453245],[-85.54359,40.48331],[-85.623961,40.519478],[-85.699376,40.561412],[-85.769117,40.608716],[-85.832517,40.660948],[-85.888963,40.717614],[-85.937903,40.778181],[-85.978854,40.842073],[-86.011403,40.908686],[-86.035215,40.977384],[-86.050035,41.047512],[-86.055692,41.118398],[-86.052101,41.18936],[-86.039268,41.259715],[-86.017287,41.328782],[-85.986343,41.395891],[-85.94671,41.460388],[-85.898748,41.521644],[-85.842906,41.579058],[-85.77971,41.632068],[-85.709765,41.680152],[-85.633748,41.722833],[-85.552399,41.759691],[-85.466514,41.790361],[-85.376941,41.814537],[-85.284566,41.831979],[-85.190306,41.842515],[-85.095098,41.846038]]]},"properties":{"siteId":"5574","propertyType":"PSI Authorized","category":"3P"}},{"type":"Feature","geometry":{"type":"Polygon","coordinates":[[[-85.898748,42.383274],[-85.802729,42.37975],[-85.707667,42.369212],[-85.614508,42.351766],[-85.524176,42.327585],[-85.437566,42.29691],[-85.355532,42.260045],[-85.278878,42.217356],[-85.208352,42.169265],[-85.144634,42.116248],[-85.088334,42.058826],[-85.039984,41.997563],[-85.000035,41.933061],[-84.96885,41.865947],[-84.946705,41.796877],[-84.933785,41.72652],[-84.930184,41.655557],[-84.935908,41.584672],[-84.950869,41.514547],[-84.974896,41.445852],[-85.007731,41.379245],[-85.049034,41.315358],[-85.098389,41.254798],[-85.155309,41.198139],[-85.219236,41.145914],[-85.289554,41.098617],[-85.365589,41.056691],[-85.446617,41.020529],[-85.531873,40.99047],[-85.620556,40.966795],[-85.711833,40.949725],[-85.804853,40.939418],[-85.898748,40.935972],[-85.992643,40.939418],[-86.085662,40.949725],[-86.17694,40.966795],[-86.265622,40.99047],[-86.350879,41.020529],[-86.431907,41.056691],[-86.507941,41.098617],[-86.578259,41.145914],[-86.642187,41.198139],[-86.699106,41.254798],[-86.748462,41.315358],[-86.789765,41.379245],[-86.8226,41.445852],[-86.846626,41.514547],[-86.861588,41.584672],[-86.867311,41.655557],[-86.863711,41.72652],[-86.850791,41.796877],[-86.828646,41.865947],[-86.797461,41.933061],[-86.757511,41.997563],[-86.709162,42.058826],[-86.652862,42.116248],[-86.589144,42.169265],[-86.518617,42.217356],[-86.441964,42.260045],[-86.35993,42.29691],[-86.27332,42.327585],[-86.182988,42.351766],[-86.089829,42.369212],[-85.994766,42.37975],[-85.898748,42.383274]]]},"properties":{"siteId":"6691","propertyType":"PSI Authorized","category":"3P"}},{"type":"Feature","geometry":{"type":"Polygon","coordinates":[[[-85.796498,42.246355],[-85.700688,42.242831],[-85.605832,42.232294],[-85.512874,42.214849],[-85.422738,42.190669],[-85.336315,42.159995],[-85.254457,42.123132],[-85.177967,42.080445],[-85.107591,42.032356],[-85.044007,41.979341],[-84.987825,41.921921],[-84.939575,41.86066],[-84.899707,41.796159],[-84.868584,41.729047],[-84.846481,41.659977],[-84.833584,41.589621],[-84.829986,41.518658],[-84.835692,41.447773],[-84.850617,41.377647],[-84.874588,41.308951],[-84.907349,41.242342],[-84.948562,41.178454],[-84.997811,41.117893],[-85.054608,41.061231],[-85.1184,41.009005],[-85.188569,40.961706],[-85.264444,40.919778],[-85.345303,40.883614],[-85.430382,40.853554],[-85.518881,40.829878],[-85.609969,40.812806],[-85.702797,40.8025],[-85.796498,40.799053],[-85.890198,40.8025],[-85.983026,40.812806],[-86.074114,40.829878],[-86.162613,40.853554],[-86.247692,40.883614],[-86.328551,40.919778],[-86.404426,40.961706],[-86.474595,41.009005],[-86.538387,41.061231],[-86.595184,41.117893],[-86.644433,41.178454],[-86.685646,41.242342],[-86.718407,41.308951],[-86.742378,41.377647],[-86.757303,41.447773],[-86.763009,41.518658],[-86.759411,41.589621],[-86.746514,41.659977],[-86.724411,41.729047],[-86.693288,41.796159],[-86.65342,41.86066],[-86.60517,41.921921],[-86.548988,41.979341],[-86.485404,42.032356],[-86.415028,42.080445],[-86.338538,42.123132],[-86.25668,42.159995],[-86.170257,42.190669],[-86.080121,42.214849],[-85.987163,42.232294],[-85.892307,42.242831],[-85.796498,42.246355]]]},"properties":{"siteId":"5308","propertyType":"PSI Authorized","category":"3P"}},{"type":"Feature","geometry":{"type":"Polygon","coordinates":[[[-87.399115,42.246223],[-87.303306,42.242699],[-87.20845,42.232162],[-87.115493,42.214717],[-87.025356,42.190537],[-86.938934,42.159863],[-86.857076,42.123],[-86.780587,42.080313],[-86.71021,42.032225],[-86.646627,41.979209],[-86.590445,41.921789],[-86.542195,41.860528],[-86.502327,41.796027],[-86.471204,41.728915],[-86.449101,41.659845],[-86.436203,41.589489],[-86.432606,41.518526],[-86.438312,41.447641],[-86.453237,41.377515],[-86.477208,41.308819],[-86.509969,41.24221],[-86.551181,41.178322],[-86.60043,41.117761],[-86.657228,41.061099],[-86.721019,41.008873],[-86.791188,40.961574],[-86.867063,40.919646],[-86.947922,40.883483],[-87.033001,40.853422],[-87.121499,40.829746],[-87.212587,40.812675],[-87.305415,40.802368],[-87.399115,40.798921],[-87.492816,40.802368],[-87.585643,40.812675],[-87.676732,40.829746],[-87.76523,40.853422],[-87.850309,40.883483],[-87.931168,40.919646],[-88.007042,40.961574],[-88.077212,41.008873],[-88.141003,41.061099],[-88.197801,41.117761],[-88.247049,41.178322],[-88.288262,41.24221],[-88.321023,41.308819],[-88.344994,41.377515],[-88.359919,41.447641],[-88.365625,41.518526],[-88.362027,41.589489],[-88.34913,41.659845],[-88.327027,41.728915],[-88.295904,41.796027],[-88.256036,41.860528],[-88.207786,41.921789],[-88.151604,41.979209],[-88.088021,42.032225],[-88.017644,42.080313],[-87.941155,42.123],[-87.859297,42.159863],[-87.772874,42.190537],[-87.682738,42.214717],[-87.589781,42.232162],[-87.494925,42.242699],[-87.399115,42.246223]]]},"properties":{"siteId":"5310","propertyType":"PSI Authorized","category":"3P"}},{"type":"Feature","geometry":{"type":"Polygon","coordinates":[[[-86.158013,40.646506],[-86.064537,40.642984],[-85.97199,40.632453],[-85.881291,40.615019],[-85.79334,40.590853],[-85.709006,40.560197],[-85.62912,40.523353],[-85.554463,40.480687],[-85.485763,40.43262],[-85.423683,40.379627],[-85.368817,40.322227],[-85.321686,40.260986],[-85.282727,40.196501],[-85.252299,40.129402],[-85.23067,40.060343],[-85.218024,39.989992],[-85.214455,39.919031],[-85.219969,39.848144],[-85.234486,39.778011],[-85.257838,39.709304],[-85.289778,39.642681],[-85.329977,39.578776],[-85.378031,39.518195],[-85.433464,39.461513],[-85.495736,39.409266],[-85.564245,39.361945],[-85.638334,39.319996],[-85.7173,39.283814],[-85.800393,39.253737],[-85.886833,39.230047],[-85.975807,39.212966],[-86.066483,39.202653],[-86.158013,39.199204],[-86.249544,39.202653],[-86.34022,39.212966],[-86.429194,39.230047],[-86.515633,39.253737],[-86.598727,39.283814],[-86.677692,39.319996],[-86.751782,39.361945],[-86.820291,39.409266],[-86.882563,39.461513],[-86.937996,39.518195],[-86.98605,39.578776],[-87.026248,39.642681],[-87.058188,39.709304],[-87.081541,39.778011],[-87.096058,39.848144],[-87.101572,39.919031],[-87.098003,39.989992],[-87.085357,40.060343],[-87.063728,40.129402],[-87.033299,40.196501],[-86.994341,40.260986],[-86.947209,40.322227],[-86.892344,40.379627],[-86.830264,40.43262],[-86.761564,40.480687],[-86.686907,40.523353],[-86.60702,40.560197],[-86.522686,40.590853],[-86.434736,40.615019],[-86.344037,40.632453],[-86.25149,40.642984],[-86.158013,40.646506]]]},"properties":{"siteId":"6672","propertyType":"PSI Owned","category":"OO"}},{"type":"Feature","geometry":{"type":"Polygon","coordinates":[[[-86.004658,40.58636],[-85.911265,40.582838],[-85.818801,40.572308],[-85.728184,40.554873],[-85.640312,40.530708],[-85.556053,40.500052],[-85.476238,40.463209],[-85.401647,40.420544],[-85.333007,40.372478],[-85.270982,40.319485],[-85.216164,40.262087],[-85.169072,40.200846],[-85.130147,40.136362],[-85.099743,40.069264],[-85.078131,40.000205],[-85.065494,39.929854],[-85.061926,39.858893],[-85.067434,39.788005],[-85.081936,39.717872],[-85.105266,39.649166],[-85.137177,39.582542],[-85.177339,39.518636],[-85.225349,39.458055],[-85.280733,39.401372],[-85.34295,39.349124],[-85.4114,39.301802],[-85.485425,39.259853],[-85.564322,39.22367],[-85.647344,39.193592],[-85.733709,39.169902],[-85.822607,39.15282],[-85.913206,39.142507],[-86.004658,39.139058],[-86.09611,39.142507],[-86.186708,39.15282],[-86.275606,39.169902],[-86.361972,39.193592],[-86.444994,39.22367],[-86.523891,39.259853],[-86.597916,39.301802],[-86.666365,39.349124],[-86.728582,39.401372],[-86.783966,39.458055],[-86.831976,39.518636],[-86.872139,39.582542],[-86.904049,39.649166],[-86.92738,39.717872],[-86.941882,39.788005],[-86.947389,39.858893],[-86.943821,39.929854],[-86.931184,40.000205],[-86.909572,40.069264],[-86.879168,40.136362],[-86.840243,40.200846],[-86.793152,40.262087],[-86.738334,40.319485],[-86.676308,40.372478],[-86.607668,40.420544],[-86.533078,40.463209],[-86.453262,40.500052],[-86.369003,40.530708],[-86.281131,40.554873],[-86.190514,40.572308],[-86.09805,40.582838],[-86.004658,40.58636]]]},"properties":{"siteId":"5311","propertyType":"PSI Authorized","category":"3P"}},{"type":"Feature","geometry":{"type":"Polygon","coordinates":[[[-86.109378,41.229262],[-86.015073,41.225739],[-85.921707,41.215206],[-85.830206,41.197768],[-85.74148,41.173597],[-85.656404,41.142935],[-85.575818,41.106084],[-85.500511,41.06341],[-85.431215,41.015336],[-85.368602,40.962334],[-85.313269,40.904927],[-85.26574,40.843679],[-85.226459,40.779188],[-85.195784,40.712085],[-85.173986,40.643022],[-85.161251,40.572669],[-85.157671,40.501707],[-85.163254,40.430821],[-85.177915,40.36069],[-85.201488,40.291988],[-85.233719,40.22537],[-85.274278,40.161471],[-85.322755,40.100897],[-85.378673,40.044222],[-85.441484,39.991982],[-85.510583,39.944669],[-85.585306,39.902728],[-85.664944,39.866552],[-85.748742,39.836481],[-85.835912,39.812796],[-85.925637,39.795719],[-86.017077,39.785408],[-86.109378,39.78196],[-86.201679,39.785408],[-86.293119,39.795719],[-86.382844,39.812796],[-86.470014,39.836481],[-86.553812,39.866552],[-86.63345,39.902728],[-86.708173,39.944669],[-86.777272,39.991982],[-86.840083,40.044222],[-86.896001,40.100897],[-86.944478,40.161471],[-86.985037,40.22537],[-87.017268,40.291988],[-87.040841,40.36069],[-87.055502,40.430821],[-87.061084,40.501707],[-87.057505,40.572669],[-87.04477,40.643022],[-87.022972,40.712085],[-86.992297,40.779188],[-86.953016,40.843679],[-86.905487,40.904927],[-86.850154,40.962334],[-86.787541,41.015336],[-86.718245,41.06341],[-86.642938,41.106084],[-86.562352,41.142935],[-86.477276,41.173597],[-86.38855,41.197768],[-86.297049,41.215206],[-86.203683,41.225739],[-86.109378,41.229262]]]},"properties":{"siteId":"5948","propertyType":"PSI Authorized","category":"3P"}},{"type":"Feature","geometry":{"type":"Polygon","coordinates":[[[-86.841815,41.108626],[-86.747684,41.105103],[-86.654489,41.094571],[-86.563157,41.077133],[-86.474592,41.052963],[-86.389672,41.022302],[-86.309232,40.985453],[-86.234061,40.942781],[-86.164891,40.894708],[-86.102389,40.841708],[-86.047154,40.784303],[-85.999708,40.723056],[-85.960495,40.658566],[-85.929871,40.591464],[-85.908109,40.522401],[-85.895392,40.452049],[-85.891815,40.381088],[-85.897383,40.310201],[-85.912014,40.24007],[-85.935541,40.171367],[-85.967711,40.104747],[-86.008194,40.040847],[-86.056583,39.980272],[-86.112399,39.923596],[-86.175097,39.871354],[-86.244072,39.824039],[-86.318663,39.782097],[-86.39816,39.74592],[-86.481811,39.715847],[-86.568828,39.692161],[-86.658396,39.675083],[-86.749676,39.664772],[-86.841815,39.661324],[-86.933955,39.664772],[-87.025235,39.675083],[-87.114802,39.692161],[-87.20182,39.715847],[-87.28547,39.74592],[-87.364967,39.782097],[-87.439558,39.824039],[-87.508533,39.871354],[-87.571231,39.923596],[-87.627047,39.980272],[-87.675436,40.040847],[-87.715919,40.104747],[-87.74809,40.171367],[-87.771616,40.24007],[-87.786247,40.310201],[-87.791815,40.381088],[-87.788238,40.452049],[-87.775521,40.522401],[-87.753759,40.591464],[-87.723136,40.658566],[-87.683922,40.723056],[-87.636477,40.784303],[-87.581242,40.841708],[-87.51874,40.894708],[-87.449569,40.942781],[-87.374398,40.985453],[-87.293958,41.022302],[-87.209038,41.052963],[-87.120474,41.077133],[-87.029141,41.094571],[-86.935946,41.105103],[-86.841815,41.108626]]]},"properties":{"siteId":"5312","propertyType":"PSI Authorized","category":"3P"}},{"type":"Feature","geometry":{"type":"Polygon","coordinates":[[[-84.846734,39.815706],[-84.754397,39.812185],[-84.662977,39.801658],[-84.573382,39.784228],[-84.486499,39.76007],[-84.403185,39.729422],[-84.324261,39.692588],[-84.250499,39.649933],[-84.182618,39.601877],[-84.121273,39.548894],[-84.067051,39.491505],[-84.020466,39.430273],[-83.981952,39.365797],[-83.951862,39.298705],[-83.930466,39.22965],[-83.917943,39.159303],[-83.914388,39.088343],[-83.919809,39.017454],[-83.934126,38.947317],[-83.957177,38.878606],[-83.988716,38.811976],[-84.02842,38.748062],[-84.07589,38.687471],[-84.130656,38.630779],[-84.192186,38.578521],[-84.259884,38.531189],[-84.333101,38.48923],[-84.411141,38.453038],[-84.493265,38.422953],[-84.578698,38.399256],[-84.666639,38.38217],[-84.756264,38.371854],[-84.846734,38.368404],[-84.937204,38.371854],[-85.026829,38.38217],[-85.11477,38.399256],[-85.200203,38.422953],[-85.282327,38.453038],[-85.360367,38.48923],[-85.433585,38.531189],[-85.501282,38.578521],[-85.562812,38.630779],[-85.617579,38.687471],[-85.665048,38.748062],[-85.704752,38.811976],[-85.736291,38.878606],[-85.759342,38.947317],[-85.773659,39.017454],[-85.77908,39.088343],[-85.775526,39.159303],[-85.763003,39.22965],[-85.741606,39.298705],[-85.711516,39.365797],[-85.673003,39.430273],[-85.626417,39.491505],[-85.572195,39.548894],[-85.51085,39.601877],[-85.442969,39.649933],[-85.369207,39.692588],[-85.290283,39.729422],[-85.20697,39.76007],[-85.120086,39.784228],[-85.030491,39.801658],[-84.939071,39.812185],[-84.846734,39.815706]]]},"properties":{"siteId":"6005","propertyType":"PSI Authorized","category":"3P"}},{"type":"Feature","geometry":{"type":"Polygon","coordinates":[[[-86.354287,41.461632],[-86.259645,41.458109],[-86.165945,41.447575],[-86.074118,41.430135],[-85.985076,41.405963],[-85.899699,41.375298],[-85.818828,41.338444],[-85.743256,41.295768],[-85.673718,41.24769],[-85.610887,41.194685],[-85.555364,41.137275],[-85.507674,41.076024],[-85.468261,41.011531],[-85.437486,40.944425],[-85.41562,40.875361],[-85.402848,40.805008],[-85.399265,40.734046],[-85.404875,40.663159],[-85.419595,40.59303],[-85.443257,40.524329],[-85.475607,40.457713],[-85.516312,40.393816],[-85.564962,40.333245],[-85.621077,40.276574],[-85.684108,40.224337],[-85.753446,40.177027],[-85.828427,40.135089],[-85.908338,40.098916],[-85.992424,40.068847],[-86.079892,40.045164],[-86.169922,40.028088],[-86.261672,40.017778],[-86.354287,40.014331],[-86.446901,40.017778],[-86.538652,40.028088],[-86.628682,40.045164],[-86.71615,40.068847],[-86.800235,40.098916],[-86.880147,40.135089],[-86.955128,40.177027],[-87.024466,40.224337],[-87.087497,40.276574],[-87.143612,40.333245],[-87.192262,40.393816],[-87.232967,40.457713],[-87.265317,40.524329],[-87.288979,40.59303],[-87.303699,40.663159],[-87.309309,40.734046],[-87.305726,40.805008],[-87.292954,40.875361],[-87.271088,40.944425],[-87.240313,41.011531],[-87.2009,41.076024],[-87.15321,41.137275],[-87.097687,41.194685],[-87.034856,41.24769],[-86.965318,41.295768],[-86.889746,41.338444],[-86.808875,41.375298],[-86.723498,41.405963],[-86.634455,41.430135],[-86.542629,41.447575],[-86.448929,41.458109],[-86.354287,41.461632]]]},"properties":{"siteId":"13386","propertyType":"PSI Authorized","category":"3P"}},{"type":"Feature","geometry":{"type":"Polygon","coordinates":[[[-85.375397,39.505558],[-85.283473,39.502038],[-85.192463,39.491512],[-85.103267,39.474084],[-85.016771,39.449928],[-84.933828,39.419284],[-84.855253,39.382453],[-84.781816,39.339802],[-84.714232,39.29175],[-84.653153,39.238771],[-84.599165,39.181386],[-84.552778,39.120158],[-84.514425,39.055684],[-84.484459,38.988595],[-84.463146,38.919542],[-84.450668,38.849196],[-84.447119,38.778236],[-84.452506,38.707346],[-84.466751,38.637209],[-84.489692,38.568495],[-84.521086,38.501863],[-84.56061,38.437946],[-84.607868,38.377352],[-84.662393,38.320656],[-84.723653,38.268393],[-84.791056,38.221058],[-84.863957,38.179095],[-84.941662,38.1429],[-85.023434,38.112811],[-85.108502,38.089112],[-85.196068,38.072024],[-85.285312,38.061707],[-85.375397,38.058257],[-85.465482,38.061707],[-85.554725,38.072024],[-85.642291,38.089112],[-85.72736,38.112811],[-85.809132,38.1429],[-85.886836,38.179095],[-85.959737,38.221058],[-86.027141,38.268393],[-86.088401,38.320656],[-86.142926,38.377352],[-86.190183,38.437946],[-86.229707,38.501863],[-86.261101,38.568495],[-86.284043,38.637209],[-86.298288,38.707346],[-86.303675,38.778236],[-86.300125,38.849196],[-86.287647,38.919542],[-86.266334,38.988595],[-86.236368,39.055684],[-86.198016,39.120158],[-86.151629,39.181386],[-86.09764,39.238771],[-86.036562,39.29175],[-85.968977,39.339802],[-85.895541,39.382453],[-85.816966,39.419284],[-85.734022,39.449928],[-85.647526,39.474084],[-85.558331,39.491512],[-85.46732,39.502038],[-85.375397,39.505558]]]},"properties":{"siteId":"5708","propertyType":"PSI Authorized","category":"3P"}},{"type":"Feature","geometry":{"type":"Polygon","coordinates":[[[-87.318786,42.18844],[-87.223064,42.184916],[-87.128295,42.174379],[-87.035423,42.156934],[-86.945369,42.132755],[-86.859024,42.102082],[-86.777241,42.06522],[-86.70082,42.022533],[-86.630506,41.974445],[-86.566979,41.921431],[-86.510847,41.864011],[-86.462639,41.802751],[-86.422805,41.73825],[-86.391708,41.671139],[-86.369623,41.60207],[-86.356735,41.531714],[-86.353138,41.460751],[-86.358837,41.389866],[-86.373747,41.319739],[-86.397695,41.251044],[-86.430425,41.184434],[-86.471599,41.120545],[-86.520803,41.059983],[-86.577549,41.003321],[-86.641284,40.951094],[-86.711391,40.903794],[-86.787199,40.861865],[-86.867987,40.825701],[-86.952991,40.79564],[-87.041412,40.771963],[-87.132421,40.754891],[-87.225167,40.744584],[-87.318786,40.741138],[-87.412405,40.744584],[-87.505152,40.754891],[-87.596161,40.771963],[-87.684582,40.79564],[-87.769586,40.825701],[-87.850374,40.861865],[-87.926182,40.903794],[-87.996289,40.951094],[-88.060023,41.003321],[-88.11677,41.059983],[-88.165973,41.120545],[-88.207148,41.184434],[-88.239878,41.251044],[-88.263826,41.319739],[-88.278736,41.389866],[-88.284435,41.460751],[-88.280838,41.531714],[-88.26795,41.60207],[-88.245865,41.671139],[-88.214768,41.73825],[-88.174934,41.802751],[-88.126726,41.864011],[-88.070593,41.921431],[-88.007066,41.974445],[-87.936753,42.022533],[-87.860332,42.06522],[-87.778549,42.102082],[-87.692204,42.132755],[-87.60215,42.156934],[-87.509277,42.174379],[-87.414509,42.184916],[-87.318786,42.18844]]]},"properties":{"siteId":"13286","propertyType":"PSI Authorized","category":"3P"}},{"type":"Feature","geometry":{"type":"Polygon","coordinates":[[[-85.387743,40.917107],[-85.293885,40.913585],[-85.20096,40.903053],[-85.109892,40.885617],[-85.021584,40.861449],[-84.936908,40.830789],[-84.856699,40.793943],[-84.781743,40.751273],[-84.712768,40.703203],[-84.650442,40.650205],[-84.595362,40.592803],[-84.548047,40.531558],[-84.50894,40.46707],[-84.478398,40.399969],[-84.456691,40.330908],[-84.444004,40.260557],[-84.44043,40.189596],[-84.445976,40.118708],[-84.460559,40.048576],[-84.484013,39.979872],[-84.516087,39.913251],[-84.556452,39.849349],[-84.604701,39.788771],[-84.660357,39.732093],[-84.722877,39.679849],[-84.791658,39.632531],[-84.86604,39.590586],[-84.945315,39.554407],[-85.028733,39.524333],[-85.115509,39.500645],[-85.204829,39.483565],[-85.295857,39.473254],[-85.387743,39.469805],[-85.479628,39.473254],[-85.570656,39.483565],[-85.659976,39.500645],[-85.746752,39.524333],[-85.830171,39.554407],[-85.909446,39.590586],[-85.983827,39.632531],[-86.052608,39.679849],[-86.115128,39.732093],[-86.170785,39.788771],[-86.219033,39.849349],[-86.259398,39.913251],[-86.291472,39.979872],[-86.314926,40.048576],[-86.32951,40.118708],[-86.335055,40.189596],[-86.331481,40.260557],[-86.318794,40.330908],[-86.297088,40.399969],[-86.266545,40.46707],[-86.227438,40.531558],[-86.180124,40.592803],[-86.125043,40.650205],[-86.062717,40.703203],[-85.993743,40.751273],[-85.918786,40.793943],[-85.838577,40.830789],[-85.753902,40.861449],[-85.665593,40.885617],[-85.574525,40.903053],[-85.481601,40.913585],[-85.387743,40.917107]]]},"properties":{"siteId":"5575","propertyType":"PSI Authorized","category":"3P"}},{"type":"Feature","geometry":{"type":"Polygon","coordinates":[[[-86.381062,40.40547],[-86.287921,40.401949],[-86.195706,40.391419],[-86.105332,40.373986],[-86.017695,40.349822],[-85.933662,40.319168],[-85.854058,40.282327],[-85.779665,40.239665],[-85.711206,40.191601],[-85.649343,40.138611],[-85.594667,40.081214],[-85.547696,40.019975],[-85.508868,39.955493],[-85.478539,39.888396],[-85.456979,39.819338],[-85.444369,39.748989],[-85.440804,39.678028],[-85.446291,39.60714],[-85.460749,39.537006],[-85.484013,39.468298],[-85.515835,39.401673],[-85.555888,39.337765],[-85.603769,39.277182],[-85.659006,39.220497],[-85.72106,39.168246],[-85.78933,39.120922],[-85.863163,39.07897],[-85.941855,39.042785],[-86.024664,39.012706],[-86.110807,38.989014],[-86.199477,38.971931],[-86.289844,38.961617],[-86.381062,38.958169],[-86.47228,38.961617],[-86.562646,38.971931],[-86.651316,38.989014],[-86.73746,39.012706],[-86.820268,39.042785],[-86.898961,39.07897],[-86.972794,39.120922],[-87.041064,39.168246],[-87.103117,39.220497],[-87.158354,39.277182],[-87.206236,39.337765],[-87.246289,39.401673],[-87.278111,39.468298],[-87.301375,39.537006],[-87.315833,39.60714],[-87.321319,39.678028],[-87.317755,39.748989],[-87.305145,39.819338],[-87.283584,39.888396],[-87.253255,39.955493],[-87.214428,40.019975],[-87.167457,40.081214],[-87.112781,40.138611],[-87.050917,40.191601],[-86.982458,40.239665],[-86.908065,40.282327],[-86.828462,40.319168],[-86.744428,40.349822],[-86.656792,40.373986],[-86.566418,40.391419],[-86.474203,40.401949],[-86.381062,40.40547]]]},"properties":{"siteId":"6633","propertyType":"PSI Authorized","category":"3P"}},{"type":"Feature","geometry":{"type":"Polygon","coordinates":[[[-86.247774,42.386711],[-86.15175,42.383186],[-86.056683,42.372649],[-85.963518,42.355202],[-85.873182,42.331022],[-85.786567,42.300346],[-85.704529,42.263481],[-85.627871,42.220792],[-85.557341,42.172702],[-85.493619,42.119684],[-85.437317,42.062262],[-85.388964,42.001],[-85.349013,41.936497],[-85.317826,41.869384],[-85.29568,41.800313],[-85.282759,41.729956],[-85.279159,41.658994],[-85.284883,41.588109],[-85.299845,41.517983],[-85.323874,41.449289],[-85.35671,41.382681],[-85.398015,41.318794],[-85.447373,41.258234],[-85.504296,41.201575],[-85.568227,41.149351],[-85.638549,41.102054],[-85.714587,41.060127],[-85.79562,41.023966],[-85.880881,40.993907],[-85.969568,40.970232],[-86.06085,40.953161],[-86.153875,40.942855],[-86.247774,40.939409],[-86.341674,40.942855],[-86.434699,40.953161],[-86.525981,40.970232],[-86.614668,40.993907],[-86.699929,41.023966],[-86.780961,41.060127],[-86.857,41.102054],[-86.927321,41.149351],[-86.991252,41.201575],[-87.048175,41.258234],[-87.097533,41.318794],[-87.138839,41.382681],[-87.171675,41.449289],[-87.195703,41.517983],[-87.210666,41.588109],[-87.216389,41.658994],[-87.212789,41.729956],[-87.199868,41.800313],[-87.177722,41.869384],[-87.146535,41.936497],[-87.106584,42.001],[-87.058232,42.062262],[-87.001929,42.119684],[-86.938208,42.172702],[-86.867677,42.220792],[-86.79102,42.263481],[-86.708981,42.300346],[-86.622367,42.331022],[-86.53203,42.355202],[-86.438865,42.372649],[-86.343798,42.383186],[-86.247774,42.386711]]]},"properties":{"siteId":"5314","propertyType":"PSI Authorized","category":"3P"}},{"type":"Feature","geometry":{"type":"Polygon","coordinates":[[[-87.020096,42.18545],[-86.924378,42.181926],[-86.829614,42.171389],[-86.736746,42.153944],[-86.646696,42.129765],[-86.560355,42.099092],[-86.478576,42.06223],[-86.402158,42.019543],[-86.331848,41.971455],[-86.268324,41.918441],[-86.212194,41.861021],[-86.163989,41.799761],[-86.124156,41.735261],[-86.093061,41.668149],[-86.070977,41.59908],[-86.058089,41.528724],[-86.054492,41.457761],[-86.060191,41.386876],[-86.0751,41.31675],[-86.099047,41.248054],[-86.131775,41.181444],[-86.172948,41.117555],[-86.222149,41.056993],[-86.278893,41.000331],[-86.342624,40.948104],[-86.412728,40.900804],[-86.488532,40.858875],[-86.569316,40.822711],[-86.654317,40.79265],[-86.742734,40.768973],[-86.833739,40.751901],[-86.926481,40.741594],[-87.020096,40.738148],[-87.113711,40.741594],[-87.206453,40.751901],[-87.297458,40.768973],[-87.385875,40.79265],[-87.470875,40.822711],[-87.55166,40.858875],[-87.627464,40.900804],[-87.697568,40.948104],[-87.761299,41.000331],[-87.818043,41.056993],[-87.867244,41.117555],[-87.908417,41.181444],[-87.941145,41.248054],[-87.965092,41.31675],[-87.980001,41.386876],[-87.9857,41.457761],[-87.982103,41.528724],[-87.969215,41.59908],[-87.947131,41.668149],[-87.916035,41.735261],[-87.876203,41.799761],[-87.827998,41.861021],[-87.771868,41.918441],[-87.708344,41.971455],[-87.638033,42.019543],[-87.561616,42.06223],[-87.479836,42.099092],[-87.393496,42.129765],[-87.303446,42.153944],[-87.210578,42.171389],[-87.115814,42.181926],[-87.020096,42.18545]]]},"properties":{"siteId":"5909","propertyType":"PSI Authorized","category":"3P"}},{"type":"Feature","geometry":{"type":"Polygon","coordinates":[[[-85.871872,41.994567],[-85.776442,41.991043],[-85.681962,41.980507],[-85.589372,41.963063],[-85.499591,41.938886],[-85.413508,41.908215],[-85.331972,41.871355],[-85.25578,41.828671],[-85.185677,41.780586],[-85.122338,41.727574],[-85.06637,41.670157],[-85.018302,41.6089],[-84.978582,41.544401],[-84.947572,41.477291],[-84.925546,41.408223],[-84.912689,41.337868],[-84.909096,41.266905],[-84.914771,41.19602],[-84.92963,41.125893],[-84.9535,41.057195],[-84.986128,40.990584],[-85.027175,40.926693],[-85.076229,40.866129],[-85.132805,40.809464],[-85.196349,40.757234],[-85.266248,40.709932],[-85.341833,40.668],[-85.422383,40.631834],[-85.507139,40.601771],[-85.595302,40.578092],[-85.686047,40.561019],[-85.778524,40.550712],[-85.871872,40.547265],[-85.965219,40.550712],[-86.057697,40.561019],[-86.148441,40.578092],[-86.236604,40.601771],[-86.32136,40.631834],[-86.401911,40.668],[-86.477495,40.709932],[-86.547395,40.757234],[-86.610939,40.809464],[-86.667514,40.866129],[-86.716569,40.926693],[-86.757616,40.990584],[-86.790243,41.057195],[-86.814114,41.125893],[-86.828972,41.19602],[-86.834647,41.266905],[-86.831054,41.337868],[-86.818197,41.408223],[-86.796172,41.477291],[-86.765161,41.544401],[-86.725441,41.6089],[-86.677374,41.670157],[-86.621406,41.727574],[-86.558067,41.780586],[-86.487963,41.828671],[-86.411772,41.871355],[-86.330235,41.908215],[-86.244152,41.938886],[-86.154372,41.963063],[-86.061782,41.980507],[-85.967302,41.991043],[-85.871872,41.994567]]]},"properties":{"siteId":"6669","propertyType":"PSI Authorized","category":"3P"}},{"type":"Feature","geometry":{"type":"Polygon","coordinates":[[[-93.600696,42.432443],[-93.504602,42.428919],[-93.409465,42.418381],[-93.316233,42.400934],[-93.22583,42.376753],[-93.139153,42.346077],[-93.057056,42.309212],[-92.980343,42.266522],[-92.909762,42.218431],[-92.845996,42.165413],[-92.789653,42.10799],[-92.741268,42.046727],[-92.701289,41.982224],[-92.670082,41.91511],[-92.647921,41.84604],[-92.634993,41.775683],[-92.631392,41.70472],[-92.637121,41.633835],[-92.652096,41.563709],[-92.676143,41.495015],[-92.709004,41.428408],[-92.75034,41.364522],[-92.799734,41.303962],[-92.856697,41.247304],[-92.920674,41.19508],[-92.991045,41.147783],[-93.067137,41.105858],[-93.148227,41.069697],[-93.233547,41.039638],[-93.322296,41.015964],[-93.413642,40.998893],[-93.506731,40.988587],[-93.600696,40.985141],[-93.69466,40.988587],[-93.787749,40.998893],[-93.879095,41.015964],[-93.967844,41.039638],[-94.053164,41.069697],[-94.134254,41.105858],[-94.210346,41.147783],[-94.280717,41.19508],[-94.344694,41.247304],[-94.401657,41.303962],[-94.451052,41.364522],[-94.492387,41.428408],[-94.525248,41.495015],[-94.549295,41.563709],[-94.56427,41.633835],[-94.569999,41.70472],[-94.566398,41.775683],[-94.55347,41.84604],[-94.531309,41.91511],[-94.500102,41.982224],[-94.460123,42.046727],[-94.411738,42.10799],[-94.355395,42.165413],[-94.291629,42.218431],[-94.221048,42.266522],[-94.144336,42.309212],[-94.062238,42.346077],[-93.975561,42.376753],[-93.885158,42.400934],[-93.791926,42.418381],[-93.696789,42.428919],[-93.600696,42.432443]]]},"properties":{"siteId":"18306","propertyType":"PSI Authorized","category":"3P"}},{"type":"Feature","geometry":{"type":"Polygon","coordinates":[[[-91.656832,42.654755],[-91.560395,42.65123],[-91.464919,42.640691],[-91.371355,42.623243],[-91.280632,42.59906],[-91.193648,42.568382],[-91.111261,42.531513],[-91.034279,42.488821],[-90.963452,42.440726],[-90.899465,42.387705],[-90.842929,42.330279],[-90.79438,42.269014],[-90.754267,42.204508],[-90.722958,42.137392],[-90.700728,42.06832],[-90.687763,41.997962],[-90.684158,41.926999],[-90.689915,41.856115],[-90.70495,41.78599],[-90.729088,41.717298],[-90.762069,41.650692],[-90.803554,41.586808],[-90.853124,41.526252],[-90.910288,41.469596],[-90.974488,41.417376],[-91.045103,41.370082],[-91.121457,41.32816],[-91.202824,41.292001],[-91.288436,41.261945],[-91.377487,41.238272],[-91.469143,41.221204],[-91.562548,41.210899],[-91.656832,41.207453],[-91.751115,41.210899],[-91.84452,41.221204],[-91.936176,41.238272],[-92.025227,41.261945],[-92.110839,41.292001],[-92.192206,41.32816],[-92.26856,41.370082],[-92.339176,41.417376],[-92.403375,41.469596],[-92.460539,41.526252],[-92.510109,41.586808],[-92.551594,41.650692],[-92.584575,41.717298],[-92.608713,41.78599],[-92.623748,41.856115],[-92.629506,41.926999],[-92.6259,41.997962],[-92.612935,42.06832],[-92.590705,42.137392],[-92.559396,42.204508],[-92.519284,42.269014],[-92.470734,42.330279],[-92.414198,42.387705],[-92.350211,42.440726],[-92.279384,42.488821],[-92.202402,42.531513],[-92.120016,42.568382],[-92.033031,42.59906],[-91.942308,42.623243],[-91.848744,42.640691],[-91.753268,42.65123],[-91.656832,42.654755]]]},"properties":{"siteId":"43","propertyType":"PSI Owned","category":"OO"}},{"type":"Feature","geometry":{"type":"Polygon","coordinates":[[[-95.81554,41.984166],[-95.720126,41.980643],[-95.625662,41.970107],[-95.533087,41.952663],[-95.443321,41.928486],[-95.357252,41.897815],[-95.275728,41.860955],[-95.199549,41.818272],[-95.129456,41.770187],[-95.066128,41.717175],[-95.010169,41.659758],[-94.962108,41.598501],[-94.922394,41.534002],[-94.891389,41.466892],[-94.869366,41.397825],[-94.856511,41.327469],[-94.852918,41.256507],[-94.858592,41.185621],[-94.873448,41.115494],[-94.897314,41.046797],[-94.929936,40.980185],[-94.970977,40.916294],[-95.020023,40.855729],[-95.076589,40.799065],[-95.140123,40.746835],[-95.210011,40.699532],[-95.285584,40.657601],[-95.366122,40.621434],[-95.450864,40.591371],[-95.539014,40.567692],[-95.629744,40.550619],[-95.722207,40.540311],[-95.81554,40.536865],[-95.908873,40.540311],[-96.001336,40.550619],[-96.092067,40.567692],[-96.180216,40.591371],[-96.264959,40.621434],[-96.345497,40.657601],[-96.421069,40.699532],[-96.490957,40.746835],[-96.554492,40.799065],[-96.611058,40.855729],[-96.660104,40.916294],[-96.701145,40.980185],[-96.733767,41.046797],[-96.757633,41.115494],[-96.772489,41.185621],[-96.778163,41.256507],[-96.77457,41.327469],[-96.761715,41.397825],[-96.739692,41.466892],[-96.708686,41.534002],[-96.668972,41.598501],[-96.620912,41.659758],[-96.564953,41.717175],[-96.501624,41.770187],[-96.431532,41.818272],[-96.355353,41.860955],[-96.273829,41.897815],[-96.18776,41.928486],[-96.097994,41.952663],[-96.005419,41.970107],[-95.910955,41.980643],[-95.81554,41.984166]]]},"properties":{"siteId":"45","propertyType":"PSI Owned","category":"OO"}},{"type":"Feature","geometry":{"type":"Polygon","coordinates":[[[-94.200846,43.214493],[-94.103529,43.210968],[-94.007182,43.200427],[-93.912766,43.182975],[-93.821218,43.158786],[-93.733446,43.128102],[-93.650315,43.091227],[-93.572642,43.048526],[-93.501183,43.000424],[-93.436629,42.947395],[-93.379596,42.889961],[-93.330625,42.828688],[-93.29017,42.764177],[-93.258599,42.697056],[-93.236191,42.62798],[-93.223131,42.55762],[-93.219515,42.486657],[-93.225346,42.415773],[-93.240535,42.345651],[-93.264906,42.276962],[-93.298198,42.210362],[-93.340065,42.146485],[-93.390086,42.085936],[-93.447764,42.029287],[-93.512537,41.977075],[-93.583779,41.929789],[-93.660806,41.887874],[-93.742888,41.851722],[-93.829248,41.821672],[-93.919075,41.798005],[-94.011528,41.78094],[-94.105744,41.770637],[-94.200846,41.767192],[-94.295947,41.770637],[-94.390164,41.78094],[-94.482617,41.798005],[-94.572444,41.821672],[-94.658804,41.851722],[-94.740886,41.887874],[-94.817913,41.929789],[-94.889154,41.977075],[-94.953927,42.029287],[-95.011606,42.085936],[-95.061627,42.146485],[-95.103494,42.210362],[-95.136785,42.276962],[-95.161156,42.345651],[-95.176346,42.415773],[-95.182176,42.486657],[-95.17856,42.55762],[-95.165501,42.62798],[-95.143092,42.697056],[-95.111521,42.764177],[-95.071066,42.828688],[-95.022095,42.889961],[-94.965063,42.947395],[-94.900509,43.000424],[-94.82905,43.048526],[-94.751377,43.091227],[-94.668246,43.128102],[-94.580474,43.158786],[-94.488926,43.182975],[-94.39451,43.200427],[-94.298163,43.210968],[-94.200846,43.214493]]]},"properties":{"siteId":"12677","propertyType":"PSI Authorized","category":"3P"}},{"type":"Feature","geometry":{"type":"Polygon","coordinates":[[[-92.396398,41.767787],[-92.301306,41.764264],[-92.207161,41.753729],[-92.114898,41.736287],[-92.025434,41.712111],[-91.939654,41.681443],[-91.858402,41.644586],[-91.782477,41.601905],[-91.712616,41.553823],[-91.649495,41.500814],[-91.593718,41.4434],[-91.545812,41.382145],[-91.506223,41.317649],[-91.475314,41.250541],[-91.453357,41.181475],[-91.440536,41.11112],[-91.436947,41.040158],[-91.442594,40.969272],[-91.457394,40.899144],[-91.481175,40.830445],[-91.513683,40.763832],[-91.554584,40.699938],[-91.603465,40.639371],[-91.659843,40.582704],[-91.723167,40.530471],[-91.792825,40.483165],[-91.868151,40.441231],[-91.948428,40.405062],[-92.032896,40.374996],[-92.120761,40.351316],[-92.211199,40.334241],[-92.303365,40.323933],[-92.396398,40.320486],[-92.489431,40.323933],[-92.581597,40.334241],[-92.672035,40.351316],[-92.7599,40.374996],[-92.844369,40.405062],[-92.924645,40.441231],[-92.999971,40.483165],[-93.06963,40.530471],[-93.132954,40.582704],[-93.189332,40.639371],[-93.238213,40.699938],[-93.279113,40.763832],[-93.311622,40.830445],[-93.335403,40.899144],[-93.350202,40.969272],[-93.355849,41.040158],[-93.35226,41.11112],[-93.33944,41.181475],[-93.317482,41.250541],[-93.286573,41.317649],[-93.246985,41.382145],[-93.199079,41.4434],[-93.143302,41.500814],[-93.080181,41.553823],[-93.01032,41.601905],[-92.934394,41.644586],[-92.853143,41.681443],[-92.767362,41.712111],[-92.677898,41.736287],[-92.585636,41.753729],[-92.49149,41.764264],[-92.396398,41.767787]]]},"properties":{"siteId":"5323","propertyType":"PSI Authorized","category":"3P"}},{"type":"Feature","geometry":{"type":"Polygon","coordinates":[[[-95.878702,43.909496],[-95.780256,43.90597],[-95.682792,43.895426],[-95.587282,43.877969],[-95.494677,43.853774],[-95.405895,43.823081],[-95.321811,43.786197],[-95.243251,43.743487],[-95.170982,43.695374],[-95.1057,43.642335],[-95.048032,43.584892],[-94.99852,43.52361],[-94.957626,43.459091],[-94.92572,43.391964],[-94.903083,43.322884],[-94.889902,43.252521],[-94.886273,43.181556],[-94.892197,43.110674],[-94.907584,43.040555],[-94.932255,42.971871],[-94.965944,42.905278],[-95.008302,42.841408],[-95.058901,42.780868],[-95.117239,42.724229],[-95.182747,42.672027],[-95.254791,42.624751],[-95.332682,42.582846],[-95.415679,42.546703],[-95.502998,42.51666],[-95.59382,42.492999],[-95.687295,42.475939],[-95.782551,42.465639],[-95.878702,42.462194],[-95.974852,42.465639],[-96.070108,42.475939],[-96.163583,42.492999],[-96.254405,42.51666],[-96.341725,42.546703],[-96.424721,42.582846],[-96.502612,42.624751],[-96.574656,42.672027],[-96.640164,42.724229],[-96.698502,42.780868],[-96.749101,42.841408],[-96.791459,42.905278],[-96.825148,42.971871],[-96.849819,43.040555],[-96.865206,43.110674],[-96.87113,43.181556],[-96.867501,43.252521],[-96.85432,43.322884],[-96.831683,43.391964],[-96.799777,43.459091],[-96.758883,43.52361],[-96.709371,43.584892],[-96.651703,43.642335],[-96.586422,43.695374],[-96.514152,43.743487],[-96.435592,43.786197],[-96.351509,43.823081],[-96.262726,43.853774],[-96.170121,43.877969],[-96.074611,43.895426],[-95.977148,43.90597],[-95.878702,43.909496]]]},"properties":{"siteId":"9010","propertyType":"PSI Authorized","category":"3P"}},{"type":"Feature","geometry":{"type":"Polygon","coordinates":[[[-93.715651,42.313945],[-93.619738,42.310421],[-93.524781,42.299884],[-93.431724,42.282438],[-93.341491,42.258258],[-93.254976,42.227583],[-93.173032,42.190719],[-93.096461,42.148031],[-93.026011,42.099942],[-92.962361,42.046925],[-92.906121,41.989504],[-92.857822,41.928242],[-92.817914,41.86374],[-92.78676,41.796628],[-92.764636,41.727558],[-92.751727,41.657201],[-92.748128,41.586238],[-92.753843,41.515354],[-92.768786,41.445228],[-92.792785,41.376533],[-92.825582,41.309924],[-92.866839,41.246037],[-92.916141,41.185476],[-92.972998,41.128816],[-93.036857,41.076591],[-93.107099,41.029292],[-93.183053,40.987365],[-93.263996,40.951202],[-93.349162,40.921143],[-93.437751,40.897467],[-93.528933,40.880396],[-93.621855,40.87009],[-93.715651,40.866643],[-93.809448,40.87009],[-93.90237,40.880396],[-93.993552,40.897467],[-94.082141,40.921143],[-94.167307,40.951202],[-94.248249,40.987365],[-94.324203,41.029292],[-94.394445,41.076591],[-94.458304,41.128816],[-94.515162,41.185476],[-94.564463,41.246037],[-94.60572,41.309924],[-94.638518,41.376533],[-94.662516,41.445228],[-94.677459,41.515354],[-94.683174,41.586238],[-94.679575,41.657201],[-94.666666,41.727558],[-94.644542,41.796628],[-94.613389,41.86374],[-94.573481,41.928242],[-94.525182,41.989504],[-94.468942,42.046925],[-94.405292,42.099942],[-94.334841,42.148031],[-94.258271,42.190719],[-94.176326,42.227583],[-94.089811,42.258258],[-93.999578,42.282438],[-93.906521,42.299884],[-93.811564,42.310421],[-93.715651,42.313945]]]},"properties":{"siteId":"44","propertyType":"PSI Owned","category":"OO"}},{"type":"Feature","geometry":{"type":"Polygon","coordinates":[[[-92.325767,43.15222],[-92.228549,43.148695],[-92.132301,43.138154],[-92.03798,43.120703],[-91.946525,43.096515],[-91.858842,43.065831],[-91.775795,43.028957],[-91.6982,42.986257],[-91.626812,42.938155],[-91.562322,42.885127],[-91.505346,42.827695],[-91.456422,42.766423],[-91.416006,42.701911],[-91.384464,42.634791],[-91.362076,42.565716],[-91.349027,42.495357],[-91.345412,42.424393],[-91.351235,42.353509],[-91.366406,42.283387],[-91.390751,42.214698],[-91.424008,42.148097],[-91.465832,42.084219],[-91.515802,42.023669],[-91.573422,41.96702],[-91.638131,41.914806],[-91.709301,41.86752],[-91.786253,41.825604],[-91.868254,41.789451],[-91.95453,41.759401],[-92.04427,41.735732],[-92.136633,41.718667],[-92.230758,41.708364],[-92.325767,41.704919],[-92.420776,41.708364],[-92.514901,41.718667],[-92.607265,41.735732],[-92.697005,41.759401],[-92.78328,41.789451],[-92.865281,41.825604],[-92.942233,41.86752],[-93.013404,41.914806],[-93.078112,41.96702],[-93.135733,42.023669],[-93.185703,42.084219],[-93.227527,42.148097],[-93.260783,42.214698],[-93.285128,42.283387],[-93.3003,42.353509],[-93.306122,42.424393],[-93.302508,42.495357],[-93.289459,42.565716],[-93.26707,42.634791],[-93.235529,42.701911],[-93.195112,42.766423],[-93.146189,42.827695],[-93.089213,42.885127],[-93.024722,42.938155],[-92.953334,42.986257],[-92.875739,43.028957],[-92.792692,43.065831],[-92.705009,43.096515],[-92.613554,43.120703],[-92.519234,43.138154],[-92.422985,43.148695],[-92.325767,43.15222]]]},"properties":{"siteId":"13276","propertyType":"PSI Authorized","category":"3P"}},{"type":"Feature","geometry":{"type":"Polygon","coordinates":[[[-94.795684,39.662268],[-94.703553,39.658747],[-94.612336,39.64822],[-94.52294,39.630792],[-94.436248,39.606635],[-94.353119,39.575988],[-94.274368,39.539156],[-94.200768,39.496503],[-94.133034,39.448449],[-94.071821,39.395468],[-94.017715,39.338081],[-93.971228,39.276851],[-93.932795,39.212376],[-93.902767,39.145285],[-93.881411,39.076232],[-93.868911,39.005885],[-93.865359,38.934925],[-93.870763,38.864035],[-93.885044,38.793899],[-93.908041,38.725186],[-93.939508,38.658555],[-93.979122,38.594639],[-94.026487,38.534047],[-94.081133,38.477353],[-94.142529,38.425092],[-94.210081,38.377759],[-94.283141,38.335798],[-94.361014,38.299604],[-94.442963,38.269518],[-94.528215,38.24582],[-94.61597,38.228732],[-94.705405,38.218416],[-94.795684,38.214966],[-94.885963,38.218416],[-94.975398,38.228732],[-95.063153,38.24582],[-95.148406,38.269518],[-95.230355,38.299604],[-95.308228,38.335798],[-95.381288,38.377759],[-95.44884,38.425092],[-95.510235,38.477353],[-95.564882,38.534047],[-95.612246,38.594639],[-95.651861,38.658555],[-95.683328,38.725186],[-95.706324,38.793899],[-95.720606,38.864035],[-95.72601,38.934925],[-95.722458,39.005885],[-95.709957,39.076232],[-95.688602,39.145285],[-95.658574,39.212376],[-95.62014,39.276851],[-95.573653,39.338081],[-95.519547,39.395468],[-95.458335,39.448449],[-95.390601,39.496503],[-95.317001,39.539156],[-95.23825,39.575988],[-95.15512,39.606635],[-95.068429,39.630792],[-94.979032,39.64822],[-94.887816,39.658747],[-94.795684,39.662268]]]},"properties":{"siteId":"10137","propertyType":"PSI Owned","category":"OO"}},{"type":"Feature","geometry":{"type":"Polygon","coordinates":[[[-94.795857,39.662506],[-94.703725,39.658985],[-94.612508,39.648458],[-94.523111,39.63103],[-94.43642,39.606872],[-94.35329,39.576226],[-94.274539,39.539394],[-94.200938,39.496741],[-94.133205,39.448687],[-94.071991,39.395706],[-94.017885,39.338319],[-93.971398,39.277089],[-93.932965,39.212614],[-93.902936,39.145523],[-93.881581,39.076469],[-93.86908,39.006123],[-93.865528,38.935162],[-93.870932,38.864273],[-93.885214,38.794136],[-93.908211,38.725424],[-93.939678,38.658792],[-93.979292,38.594877],[-94.026657,38.534285],[-94.081304,38.477591],[-94.142699,38.42533],[-94.210251,38.377997],[-94.283312,38.336036],[-94.361185,38.299842],[-94.443135,38.269755],[-94.528387,38.246057],[-94.616142,38.22897],[-94.705578,38.218654],[-94.795857,38.215204],[-94.886136,38.218654],[-94.975572,38.22897],[-95.063327,38.246057],[-95.148579,38.269755],[-95.230529,38.299842],[-95.308402,38.336036],[-95.381463,38.377997],[-95.449015,38.42533],[-95.51041,38.477591],[-95.565057,38.534285],[-95.612422,38.594877],[-95.652036,38.658792],[-95.683503,38.725424],[-95.7065,38.794136],[-95.720782,38.864273],[-95.726186,38.935162],[-95.722634,39.006123],[-95.710133,39.076469],[-95.688778,39.145523],[-95.658749,39.212614],[-95.620316,39.277089],[-95.573829,39.338319],[-95.519723,39.395706],[-95.458509,39.448687],[-95.390776,39.496741],[-95.317175,39.539394],[-95.238424,39.576226],[-95.155294,39.606872],[-95.068603,39.63103],[-94.979206,39.648458],[-94.887989,39.658985],[-94.795857,39.662506]]]},"properties":{"siteId":"17279","propertyType":"PSI Owned","category":"OO"}},{"type":"Feature","geometry":{"type":"Polygon","coordinates":[[[-94.796136,39.662415],[-94.704005,39.658894],[-94.612788,39.648367],[-94.523391,39.630939],[-94.4367,39.606782],[-94.35357,39.576135],[-94.274819,39.539303],[-94.201219,39.49665],[-94.133485,39.448596],[-94.072272,39.395615],[-94.018166,39.338228],[-93.971679,39.276998],[-93.933245,39.212523],[-93.903217,39.145432],[-93.881862,39.076379],[-93.869361,39.006032],[-93.865809,38.935072],[-93.871213,38.864182],[-93.885495,38.794046],[-93.908491,38.725333],[-93.939958,38.658702],[-93.979573,38.594786],[-94.026937,38.534194],[-94.081584,38.4775],[-94.14298,38.425239],[-94.210532,38.377906],[-94.283592,38.335945],[-94.361465,38.299751],[-94.443415,38.269665],[-94.528667,38.245967],[-94.616422,38.228879],[-94.705857,38.218563],[-94.796136,38.215113],[-94.886416,38.218563],[-94.975851,38.228879],[-95.063606,38.245967],[-95.148858,38.269665],[-95.230808,38.299751],[-95.308681,38.335945],[-95.381741,38.377906],[-95.449293,38.425239],[-95.510689,38.4775],[-95.565336,38.534194],[-95.6127,38.594786],[-95.652315,38.658702],[-95.683782,38.725333],[-95.706778,38.794046],[-95.72106,38.864182],[-95.726464,38.935072],[-95.722912,39.006032],[-95.710411,39.076379],[-95.689056,39.145432],[-95.659028,39.212523],[-95.620594,39.276998],[-95.574107,39.338228],[-95.520001,39.395615],[-95.458788,39.448596],[-95.391054,39.49665],[-95.317454,39.539303],[-95.238703,39.576135],[-95.155573,39.606782],[-95.068882,39.630939],[-94.979485,39.648367],[-94.888268,39.658894],[-94.796136,39.662415]]]},"properties":{"siteId":"11315","propertyType":"PSI Owned","category":"OO"}},{"type":"Feature","geometry":{"type":"Polygon","coordinates":[[[-94.796136,39.662121],[-94.704005,39.6586],[-94.612789,39.648074],[-94.523392,39.630645],[-94.436701,39.606488],[-94.353572,39.575841],[-94.274821,39.539009],[-94.201221,39.496356],[-94.133488,39.448302],[-94.072275,39.395321],[-94.018169,39.337934],[-93.971682,39.276704],[-93.933249,39.212229],[-93.903221,39.145138],[-93.881865,39.076085],[-93.869365,39.005738],[-93.865813,38.934778],[-93.871217,38.863889],[-93.885498,38.793752],[-93.908495,38.725039],[-93.939962,38.658408],[-93.979576,38.594492],[-94.02694,38.5339],[-94.081587,38.477206],[-94.142982,38.424945],[-94.210534,38.377612],[-94.283594,38.335651],[-94.361467,38.299458],[-94.443416,38.269371],[-94.528668,38.245673],[-94.616423,38.228586],[-94.705858,38.218269],[-94.796136,38.214819],[-94.886415,38.218269],[-94.97585,38.228586],[-95.063605,38.245673],[-95.148857,38.269371],[-95.230806,38.299458],[-95.308679,38.335651],[-95.381739,38.377612],[-95.449291,38.424945],[-95.510686,38.477206],[-95.565333,38.5339],[-95.612697,38.594492],[-95.652311,38.658408],[-95.683778,38.725039],[-95.706775,38.793752],[-95.721056,38.863889],[-95.72646,38.934778],[-95.722908,39.005738],[-95.710408,39.076085],[-95.689052,39.145138],[-95.659024,39.212229],[-95.620591,39.276704],[-95.574104,39.337934],[-95.519998,39.395321],[-95.458785,39.448302],[-95.391052,39.496356],[-95.317452,39.539009],[-95.238701,39.575841],[-95.155572,39.606488],[-95.068881,39.630645],[-94.979484,39.648074],[-94.888268,39.6586],[-94.796136,39.662121]]]},"properties":{"siteId":"11240","propertyType":"PSI Owned","category":"OO"}},{"type":"Feature","geometry":{"type":"Polygon","coordinates":[[[-94.795857,39.66203],[-94.703726,39.65851],[-94.612509,39.647983],[-94.523113,39.630554],[-94.436422,39.606397],[-94.353293,39.575751],[-94.274543,39.538919],[-94.200943,39.496265],[-94.133209,39.448211],[-94.071996,39.39523],[-94.01789,39.337843],[-93.971404,39.276613],[-93.93297,39.212138],[-93.902942,39.145048],[-93.881587,39.075994],[-93.869086,39.005647],[-93.865534,38.934687],[-93.870938,38.863798],[-93.88522,38.793661],[-93.908216,38.724948],[-93.939683,38.658317],[-93.979298,38.594402],[-94.026662,38.533809],[-94.081308,38.477115],[-94.142704,38.424855],[-94.210255,38.377521],[-94.283315,38.33556],[-94.361188,38.299367],[-94.443137,38.26928],[-94.528389,38.245582],[-94.616144,38.228495],[-94.705578,38.218178],[-94.795857,38.214728],[-94.886136,38.218178],[-94.97557,38.228495],[-95.063325,38.245582],[-95.148577,38.26928],[-95.230526,38.299367],[-95.308399,38.33556],[-95.381459,38.377521],[-95.44901,38.424855],[-95.510406,38.477115],[-95.565052,38.533809],[-95.612416,38.594402],[-95.652031,38.658317],[-95.683498,38.724948],[-95.706494,38.793661],[-95.720776,38.863798],[-95.72618,38.934687],[-95.722628,39.005647],[-95.710127,39.075994],[-95.688772,39.145048],[-95.658744,39.212138],[-95.62031,39.276613],[-95.573824,39.337843],[-95.519718,39.39523],[-95.458505,39.448211],[-95.390771,39.496265],[-95.317171,39.538919],[-95.238421,39.575751],[-95.155292,39.606397],[-95.068601,39.630554],[-94.979205,39.647983],[-94.887988,39.65851],[-94.795857,39.66203]]]},"properties":{"siteId":"11241","propertyType":"PSI Owned","category":"OO"}},{"type":"Feature","geometry":{"type":"Polygon","coordinates":[[[-97.22296,38.388375],[-97.132474,38.384856],[-97.042885,38.374334],[-96.955081,38.356914],[-96.869931,38.332767],[-96.788275,38.302133],[-96.710914,38.265315],[-96.638607,38.222678],[-96.572056,38.17464],[-96.511904,38.121675],[-96.458727,38.064304],[-96.413029,38.003088],[-96.375238,37.938625],[-96.3457,37.871545],[-96.32468,37.802498],[-96.312358,37.732156],[-96.308827,37.661197],[-96.314096,37.590306],[-96.32809,37.520164],[-96.350651,37.451444],[-96.381539,37.384802],[-96.420439,37.320874],[-96.466961,37.260267],[-96.520645,37.203558],[-96.580968,37.151281],[-96.647348,37.103932],[-96.719149,37.061956],[-96.795686,37.025748],[-96.876234,36.995649],[-96.960034,36.971941],[-97.046296,36.954846],[-97.134213,36.944525],[-97.22296,36.941074],[-97.311707,36.944525],[-97.399624,36.954846],[-97.485887,36.971941],[-97.569686,36.995649],[-97.650234,37.025748],[-97.726771,37.061956],[-97.798572,37.103932],[-97.864952,37.151281],[-97.925275,37.203558],[-97.97896,37.260267],[-98.025481,37.320874],[-98.064381,37.384802],[-98.095269,37.451444],[-98.11783,37.520164],[-98.131824,37.590306],[-98.137094,37.661197],[-98.133563,37.732156],[-98.12124,37.802498],[-98.10022,37.871545],[-98.070682,37.938625],[-98.032891,38.003088],[-97.987193,38.064304],[-97.934016,38.121675],[-97.873864,38.17464],[-97.807313,38.222678],[-97.735006,38.265315],[-97.657646,38.302133],[-97.575989,38.332767],[-97.490839,38.356914],[-97.403035,38.374334],[-97.313446,38.384856],[-97.22296,38.388375]]]},"properties":{"siteId":"5167","propertyType":"PSI Authorized","category":"3P"}},{"type":"Feature","geometry":{"type":"Polygon","coordinates":[[[-97.379393,38.418448],[-97.288869,38.414929],[-97.199243,38.404407],[-97.111403,38.386986],[-97.026218,38.362839],[-96.944527,38.332205],[-96.867135,38.295387],[-96.794798,38.252749],[-96.72822,38.204711],[-96.668044,38.151746],[-96.614846,38.094374],[-96.56913,38.033158],[-96.531324,37.968695],[-96.501775,37.901614],[-96.480747,37.832568],[-96.468421,37.762225],[-96.464889,37.691266],[-96.470162,37.620375],[-96.484162,37.550233],[-96.506733,37.481513],[-96.537635,37.414872],[-96.576551,37.350944],[-96.623091,37.290338],[-96.676798,37.233628],[-96.737146,37.181352],[-96.803553,37.134003],[-96.875382,37.092027],[-96.95195,37.05582],[-97.03253,37.025721],[-97.116363,37.002014],[-97.202659,36.984919],[-97.290611,36.974598],[-97.379393,36.971147],[-97.468175,36.974598],[-97.556127,36.984919],[-97.642424,37.002014],[-97.726256,37.025721],[-97.806837,37.05582],[-97.883404,37.092027],[-97.955233,37.134003],[-98.02164,37.181352],[-98.081988,37.233628],[-98.135695,37.290338],[-98.182235,37.350944],[-98.221152,37.414872],[-98.252053,37.481513],[-98.274624,37.550233],[-98.288625,37.620375],[-98.293897,37.691266],[-98.290366,37.762225],[-98.278039,37.832568],[-98.257011,37.901614],[-98.227462,37.968695],[-98.189656,38.033158],[-98.143941,38.094374],[-98.090743,38.151746],[-98.030566,38.204711],[-97.963988,38.252749],[-97.891651,38.295387],[-97.814259,38.332205],[-97.732569,38.362839],[-97.647383,38.386986],[-97.559543,38.404407],[-97.469917,38.414929],[-97.379393,38.418448]]]},"properties":{"siteId":"11905","propertyType":"PSI Authorized","category":"3P"}},{"type":"Feature","geometry":{"type":"Polygon","coordinates":[[[-97.226345,38.487415],[-97.135735,38.483895],[-97.046023,38.473373],[-96.958099,38.455952],[-96.872833,38.431804],[-96.791065,38.401169],[-96.7136,38.364351],[-96.641195,38.321712],[-96.574554,38.273673],[-96.514322,38.220707],[-96.461075,38.163334],[-96.415318,38.102117],[-96.377478,38.037654],[-96.347903,37.970572],[-96.326858,37.901526],[-96.314522,37.831183],[-96.31099,37.760224],[-96.316269,37.689333],[-96.330285,37.619191],[-96.352879,37.550471],[-96.383811,37.48383],[-96.422764,37.419903],[-96.469349,37.359298],[-96.523106,37.302589],[-96.583511,37.250314],[-96.649979,37.202966],[-96.721875,37.160991],[-96.798513,37.124784],[-96.879167,37.094686],[-96.963076,37.070979],[-97.049451,37.053885],[-97.137483,37.043564],[-97.226345,37.040113],[-97.315208,37.043564],[-97.40324,37.053885],[-97.489615,37.070979],[-97.573524,37.094686],[-97.654178,37.124784],[-97.730816,37.160991],[-97.802712,37.202966],[-97.86918,37.250314],[-97.929585,37.302589],[-97.983342,37.359298],[-98.029927,37.419903],[-98.06888,37.48383],[-98.099812,37.550471],[-98.122406,37.619191],[-98.136422,37.689333],[-98.141701,37.760224],[-98.138169,37.831183],[-98.125833,37.901526],[-98.104787,37.970572],[-98.075213,38.037654],[-98.037373,38.102117],[-97.991616,38.163334],[-97.938369,38.220707],[-97.878137,38.273673],[-97.811496,38.321712],[-97.739091,38.364351],[-97.661626,38.401169],[-97.579858,38.431804],[-97.494592,38.455952],[-97.406668,38.473373],[-97.316956,38.483895],[-97.226345,38.487415]]]},"properties":{"siteId":"18275","propertyType":"PSI Authorized","category":"3P"}},{"type":"Feature","geometry":{"type":"Polygon","coordinates":[[[-82.651762,39.192164],[-82.560249,39.188644],[-82.469646,39.178119],[-82.380849,39.160694],[-82.294737,39.13654],[-82.212162,39.105899],[-82.133935,39.069072],[-82.060821,39.026424],[-81.993533,38.978377],[-81.932719,38.925402],[-81.878963,38.868021],[-81.832773,38.806796],[-81.794581,38.742325],[-81.764738,38.675239],[-81.743509,38.606188],[-81.731075,38.535842],[-81.727531,38.464883],[-81.732884,38.393993],[-81.747058,38.323854],[-81.76989,38.255139],[-81.801139,38.188503],[-81.840485,38.124583],[-81.887532,38.063986],[-81.941816,38.007286],[-82.002808,37.955019],[-82.069919,37.90768],[-82.142505,37.865713],[-82.219875,37.829514],[-82.301297,37.799423],[-82.386002,37.775721],[-82.473196,37.758631],[-82.562059,37.748313],[-82.651762,37.744863],[-82.741464,37.748313],[-82.830327,37.758631],[-82.917521,37.775721],[-83.002226,37.799423],[-83.083648,37.829514],[-83.161018,37.865713],[-83.233604,37.90768],[-83.300715,37.955019],[-83.361707,38.007286],[-83.415991,38.063986],[-83.463039,38.124583],[-83.502384,38.188503],[-83.533633,38.255139],[-83.556465,38.323854],[-83.570639,38.393993],[-83.575992,38.464883],[-83.572448,38.535842],[-83.560014,38.606188],[-83.538785,38.675239],[-83.508942,38.742325],[-83.47075,38.806796],[-83.42456,38.868021],[-83.370804,38.925402],[-83.30999,38.978377],[-83.242702,39.026424],[-83.169588,39.069072],[-83.091361,39.105899],[-83.008786,39.13654],[-82.922675,39.160694],[-82.833878,39.178119],[-82.743274,39.188644],[-82.651762,39.192164]]]},"properties":{"siteId":"16945","propertyType":"PSI Authorized","category":"3P"}},{"type":"Feature","geometry":{"type":"Polygon","coordinates":[[[-86.481904,37.712526],[-86.392249,37.709008],[-86.303483,37.698489],[-86.216484,37.681072],[-86.132113,37.656931],[-86.051201,37.626303],[-85.974543,37.589493],[-85.902889,37.546864],[-85.836936,37.498834],[-85.77732,37.445878],[-85.724613,37.388515],[-85.679314,37.327306],[-85.641848,37.26285],[-85.612558,37.195774],[-85.591708,37.126732],[-85.579475,37.056392],[-85.575955,36.985433],[-85.581157,36.914541],[-85.595006,36.844397],[-85.617346,36.775672],[-85.647942,36.709025],[-85.686481,36.645091],[-85.732576,36.584477],[-85.785774,36.527759],[-85.845555,36.475474],[-85.911343,36.428117],[-85.982507,36.386133],[-86.058369,36.349918],[-86.138209,36.319812],[-86.221274,36.296099],[-86.306782,36.279],[-86.393931,36.268677],[-86.481904,36.265225],[-86.569877,36.268677],[-86.657026,36.279],[-86.742535,36.296099],[-86.8256,36.319812],[-86.90544,36.349918],[-86.981301,36.386133],[-87.052465,36.428117],[-87.118253,36.475474],[-87.178035,36.527759],[-87.231232,36.584477],[-87.277328,36.645091],[-87.315866,36.709025],[-87.346462,36.775672],[-87.368803,36.844397],[-87.382652,36.914541],[-87.387853,36.985433],[-87.384333,37.056392],[-87.372101,37.126732],[-87.35125,37.195774],[-87.32196,37.26285],[-87.284494,37.327306],[-87.239195,37.388515],[-87.186488,37.445878],[-87.126872,37.498834],[-87.060919,37.546864],[-86.989265,37.589493],[-86.912607,37.626303],[-86.831695,37.656931],[-86.747324,37.681072],[-86.660325,37.698489],[-86.571559,37.709008],[-86.481904,37.712526]]]},"properties":{"siteId":"5565","propertyType":"PSI Authorized","category":"3P"}},{"type":"Feature","geometry":{"type":"Polygon","coordinates":[[[-85.875546,38.415557],[-85.785026,38.412038],[-85.695404,38.401516],[-85.607567,38.384095],[-85.522385,38.359948],[-85.440698,38.329314],[-85.363309,38.292496],[-85.290975,38.249858],[-85.224399,38.20182],[-85.164225,38.148855],[-85.111029,38.091483],[-85.065315,38.030267],[-85.02751,37.965804],[-84.997963,37.898723],[-84.976936,37.829677],[-84.964609,37.759334],[-84.961078,37.688375],[-84.96635,37.617484],[-84.98035,37.547342],[-85.00292,37.478622],[-85.03382,37.411981],[-85.072735,37.348053],[-85.119274,37.287447],[-85.172978,37.230737],[-85.233324,37.178461],[-85.299728,37.131112],[-85.371555,37.089136],[-85.448119,37.052929],[-85.528696,37.02283],[-85.612526,36.999122],[-85.698819,36.982028],[-85.786767,36.971706],[-85.875546,36.968255],[-85.964325,36.971706],[-86.052273,36.982028],[-86.138567,36.999122],[-86.222396,37.02283],[-86.302973,37.052929],[-86.379538,37.089136],[-86.451365,37.131112],[-86.517769,37.178461],[-86.578115,37.230737],[-86.631819,37.287447],[-86.678358,37.348053],[-86.717272,37.411981],[-86.748172,37.478622],[-86.770742,37.547342],[-86.784742,37.617484],[-86.790015,37.688375],[-86.786483,37.759334],[-86.774157,37.829677],[-86.75313,37.898723],[-86.723582,37.965804],[-86.685778,38.030267],[-86.640064,38.091483],[-86.586868,38.148855],[-86.526694,38.20182],[-86.460118,38.249858],[-86.387784,38.292496],[-86.310395,38.329314],[-86.228708,38.359948],[-86.143526,38.384095],[-86.055689,38.401516],[-85.966067,38.412038],[-85.875546,38.415557]]]},"properties":{"siteId":"12044","propertyType":"PSI Authorized","category":"3P"}},{"type":"Feature","geometry":{"type":"Polygon","coordinates":[[[-84.629499,39.684601],[-84.537338,39.68108],[-84.446092,39.670553],[-84.356666,39.653124],[-84.269947,39.628967],[-84.186791,39.59832],[-84.108015,39.561488],[-84.034391,39.518834],[-83.966636,39.47078],[-83.905404,39.417799],[-83.851281,39.360412],[-83.80478,39.299181],[-83.766335,39.234706],[-83.736298,39.167615],[-83.714937,39.098562],[-83.702433,39.028215],[-83.69888,38.957255],[-83.704287,38.886365],[-83.718574,38.816229],[-83.741578,38.747516],[-83.773055,38.680885],[-83.812683,38.61697],[-83.860062,38.556378],[-83.914727,38.499684],[-83.976142,38.447424],[-84.043714,38.40009],[-84.116797,38.35813],[-84.194695,38.321937],[-84.276669,38.29185],[-84.361948,38.268152],[-84.44973,38.251065],[-84.539193,38.240749],[-84.629499,38.237299],[-84.719806,38.240749],[-84.809268,38.251065],[-84.89705,38.268152],[-84.982329,38.29185],[-85.064303,38.321937],[-85.142201,38.35813],[-85.215284,38.40009],[-85.282857,38.447424],[-85.344272,38.499684],[-85.398936,38.556378],[-85.446315,38.61697],[-85.485943,38.680885],[-85.51742,38.747516],[-85.540425,38.816229],[-85.554711,38.886365],[-85.560118,38.957255],[-85.556566,39.028215],[-85.544062,39.098562],[-85.5227,39.167615],[-85.492663,39.234706],[-85.454218,39.299181],[-85.407717,39.360412],[-85.353594,39.417799],[-85.292362,39.47078],[-85.224607,39.518834],[-85.150983,39.561488],[-85.072208,39.59832],[-84.989051,39.628967],[-84.902332,39.653124],[-84.812907,39.670553],[-84.72166,39.68108],[-84.629499,39.684601]]]},"properties":{"siteId":"5330","propertyType":"PSI Authorized","category":"3P"}},{"type":"Feature","geometry":{"type":"Polygon","coordinates":[[[-84.497581,38.693585],[-84.40671,38.690066],[-84.31674,38.679542],[-84.228564,38.66212],[-84.143054,38.637971],[-84.061053,38.607334],[-83.983367,38.570513],[-83.910758,38.527871],[-83.84393,38.47983],[-83.78353,38.426862],[-83.730136,38.369486],[-83.684253,38.308267],[-83.646312,38.243801],[-83.616659,38.176719],[-83.595561,38.107671],[-83.583197,38.037327],[-83.579661,37.966368],[-83.584962,37.895477],[-83.599023,37.825336],[-83.621686,37.756618],[-83.652709,37.689979],[-83.691776,37.626053],[-83.738495,37.56545],[-83.792404,37.508744],[-83.852978,37.456472],[-83.919632,37.409126],[-83.991728,37.367153],[-84.068577,37.330949],[-84.149453,37.300853],[-84.233592,37.277147],[-84.320204,37.260054],[-84.408476,37.249734],[-84.497581,37.246283],[-84.586686,37.249734],[-84.674958,37.260054],[-84.76157,37.277147],[-84.845709,37.300853],[-84.926585,37.330949],[-85.003434,37.367153],[-85.075529,37.409126],[-85.142184,37.456472],[-85.202758,37.508744],[-85.256667,37.56545],[-85.303386,37.626053],[-85.342453,37.689979],[-85.373476,37.756618],[-85.396139,37.825336],[-85.4102,37.895477],[-85.415501,37.966368],[-85.411965,38.037327],[-85.399601,38.107671],[-85.378502,38.176719],[-85.34885,38.243801],[-85.310909,38.308267],[-85.265026,38.369486],[-85.211632,38.426862],[-85.151232,38.47983],[-85.084404,38.527871],[-85.011795,38.570513],[-84.934109,38.607334],[-84.852108,38.637971],[-84.766598,38.66212],[-84.678421,38.679542],[-84.588452,38.690066],[-84.497581,38.693585]]]},"properties":{"siteId":"11941","propertyType":"PSI Authorized","category":"3P"}},{"type":"Feature","geometry":{"type":"Polygon","coordinates":[[[-84.496061,38.769228],[-84.405094,38.765709],[-84.315029,38.755185],[-84.22676,38.737762],[-84.141159,38.713612],[-84.059072,38.682975],[-83.981305,38.646153],[-83.90862,38.603511],[-83.841723,38.555468],[-83.781261,38.502499],[-83.727812,38.445123],[-83.681884,38.383902],[-83.643905,38.319436],[-83.614223,38.252353],[-83.593105,38.183304],[-83.580731,38.11296],[-83.577194,38.042001],[-83.582502,37.971111],[-83.596581,37.90097],[-83.619269,37.832252],[-83.650326,37.765613],[-83.689435,37.701689],[-83.736203,37.641087],[-83.790168,37.584382],[-83.850805,37.53211],[-83.917528,37.484765],[-83.989697,37.442794],[-84.066624,37.40659],[-84.147582,37.376495],[-84.231806,37.35279],[-84.318505,37.335697],[-84.406866,37.325377],[-84.496061,37.321927],[-84.585256,37.325377],[-84.673617,37.335697],[-84.760316,37.35279],[-84.84454,37.376495],[-84.925498,37.40659],[-85.002425,37.442794],[-85.074594,37.484765],[-85.141317,37.53211],[-85.201954,37.584382],[-85.25592,37.641087],[-85.302687,37.701689],[-85.341796,37.765613],[-85.372854,37.832252],[-85.395542,37.90097],[-85.40962,37.971111],[-85.414929,38.042001],[-85.411391,38.11296],[-85.399017,38.183304],[-85.377899,38.252353],[-85.348218,38.319436],[-85.310239,38.383902],[-85.26431,38.445123],[-85.210862,38.502499],[-85.150399,38.555468],[-85.083503,38.603511],[-85.010817,38.646153],[-84.93305,38.682975],[-84.850963,38.713612],[-84.765362,38.737762],[-84.677093,38.755185],[-84.587028,38.765709],[-84.496061,38.769228]]]},"properties":{"siteId":"13074","propertyType":"PSI Authorized","category":"3P"}},{"type":"Feature","geometry":{"type":"Polygon","coordinates":[[[-84.609791,38.761238],[-84.518834,38.757719],[-84.428779,38.747195],[-84.340519,38.729772],[-84.254928,38.705622],[-84.17285,38.674985],[-84.095092,38.638163],[-84.022415,38.595521],[-83.955525,38.547479],[-83.895069,38.494509],[-83.841627,38.437133],[-83.795703,38.375913],[-83.757728,38.311447],[-83.72805,38.244364],[-83.706934,38.175315],[-83.69456,38.104971],[-83.691023,38.034012],[-83.696331,37.963122],[-83.710408,37.892981],[-83.733093,37.824263],[-83.764147,37.757624],[-83.803251,37.6937],[-83.850014,37.633098],[-83.903974,37.576392],[-83.964604,37.52412],[-84.031319,37.476776],[-84.10348,37.434804],[-84.1804,37.3986],[-84.261349,37.368505],[-84.345564,37.3448],[-84.432254,37.327707],[-84.520605,37.317387],[-84.609791,37.313936],[-84.698976,37.317387],[-84.787327,37.327707],[-84.874017,37.3448],[-84.958232,37.368505],[-85.039182,37.3986],[-85.116101,37.434804],[-85.188262,37.476776],[-85.254977,37.52412],[-85.315608,37.576392],[-85.369567,37.633098],[-85.41633,37.6937],[-85.455434,37.757624],[-85.486488,37.824263],[-85.509174,37.892981],[-85.52325,37.963122],[-85.528558,38.034012],[-85.525021,38.104971],[-85.512647,38.175315],[-85.491531,38.244364],[-85.461853,38.311447],[-85.423878,38.375913],[-85.377955,38.437133],[-85.324512,38.494509],[-85.264056,38.547479],[-85.197167,38.595521],[-85.124489,38.638163],[-85.046731,38.674985],[-84.964653,38.705622],[-84.879062,38.729772],[-84.790802,38.747195],[-84.700748,38.757719],[-84.609791,38.761238]]]},"properties":{"siteId":"6637","propertyType":"PSI Authorized","category":"3P"}},{"type":"Feature","geometry":{"type":"Polygon","coordinates":[[[-84.551039,38.704302],[-84.460154,38.700782],[-84.370171,38.690259],[-84.281982,38.672836],[-84.196459,38.648687],[-84.114446,38.61805],[-84.036749,38.581229],[-83.964128,38.538587],[-83.897291,38.490546],[-83.836882,38.437577],[-83.78348,38.380202],[-83.737591,38.318982],[-83.699644,38.254517],[-83.669988,38.187434],[-83.648887,38.118386],[-83.636521,38.048042],[-83.632985,37.977083],[-83.638287,37.906192],[-83.652351,37.836052],[-83.675017,37.767333],[-83.706045,37.700694],[-83.745118,37.636769],[-83.791844,37.576166],[-83.845761,37.51946],[-83.906344,37.467187],[-83.973008,37.419842],[-84.045113,37.37787],[-84.121974,37.341665],[-84.202861,37.311569],[-84.287013,37.287864],[-84.373637,37.270771],[-84.461921,37.260451],[-84.551039,37.257],[-84.640157,37.260451],[-84.728441,37.270771],[-84.815065,37.287864],[-84.899217,37.311569],[-84.980104,37.341665],[-85.056965,37.37787],[-85.12907,37.419842],[-85.195734,37.467187],[-85.256317,37.51946],[-85.310234,37.576166],[-85.35696,37.636769],[-85.396033,37.700694],[-85.427061,37.767333],[-85.449727,37.836052],[-85.463791,37.906192],[-85.469093,37.977083],[-85.465557,38.048042],[-85.453191,38.118386],[-85.43209,38.187434],[-85.402434,38.254517],[-85.364487,38.318982],[-85.318598,38.380202],[-85.265196,38.437577],[-85.204787,38.490546],[-85.13795,38.538587],[-85.065329,38.581229],[-84.987632,38.61805],[-84.905619,38.648687],[-84.820096,38.672836],[-84.731907,38.690259],[-84.641924,38.700782],[-84.551039,38.704302]]]},"properties":{"siteId":"16933","propertyType":"PSI Authorized","category":"3P"}},{"type":"Feature","geometry":{"type":"Polygon","coordinates":[[[-85.753153,38.972018],[-85.661926,38.968499],[-85.571604,38.957975],[-85.483083,38.94055],[-85.397239,38.916399],[-85.314919,38.885759],[-85.236933,38.848935],[-85.164043,38.80629],[-85.09696,38.758245],[-85.03633,38.705273],[-84.982735,38.647895],[-84.936682,38.586672],[-84.898601,38.522204],[-84.868843,38.455119],[-84.847672,38.386069],[-84.835269,38.315725],[-84.831728,38.244765],[-84.837058,38.173875],[-84.851182,38.103735],[-84.873939,38.035019],[-84.905088,37.968382],[-84.944309,37.904459],[-84.99121,37.843859],[-85.045328,37.787157],[-85.106134,37.734887],[-85.173042,37.687545],[-85.24541,37.645576],[-85.322548,37.609375],[-85.403727,37.579281],[-85.488181,37.555578],[-85.575116,37.538486],[-85.663716,37.528167],[-85.753153,37.524717],[-85.84259,37.528167],[-85.931191,37.538486],[-86.018125,37.555578],[-86.102579,37.579281],[-86.183758,37.609375],[-86.260897,37.645576],[-86.333265,37.687545],[-86.400172,37.734887],[-86.460979,37.787157],[-86.515096,37.843859],[-86.561997,37.904459],[-86.601219,37.968382],[-86.632368,38.035019],[-86.655125,38.103735],[-86.669248,38.173875],[-86.674578,38.244765],[-86.671038,38.315725],[-86.658635,38.386069],[-86.637464,38.455119],[-86.607705,38.522204],[-86.569625,38.586672],[-86.523572,38.647895],[-86.469976,38.705273],[-86.409347,38.758245],[-86.342263,38.80629],[-86.269373,38.848935],[-86.191387,38.885759],[-86.109067,38.916399],[-86.023223,38.94055],[-85.934702,38.957975],[-85.84438,38.968499],[-85.753153,38.972018]]]},"properties":{"siteId":"5562","propertyType":"PSI Authorized","category":"3P"}},{"type":"Feature","geometry":{"type":"Polygon","coordinates":[[[-83.805535,39.346894],[-83.71382,39.343374],[-83.623016,39.332849],[-83.534023,39.315422],[-83.447723,39.291267],[-83.364966,39.260624],[-83.286568,39.223796],[-83.213296,39.181146],[-83.145862,39.133096],[-83.084918,39.08012],[-83.031047,39.022737],[-82.984761,38.96151],[-82.94649,38.897038],[-82.916586,38.82995],[-82.895316,38.760898],[-82.88286,38.690552],[-82.879313,38.619593],[-82.884683,38.548703],[-82.898892,38.478565],[-82.921778,38.40985],[-82.953098,38.343216],[-82.992532,38.279298],[-83.039682,38.218702],[-83.094085,38.162004],[-83.155209,38.109739],[-83.222464,38.062402],[-83.295204,38.020437],[-83.372739,37.98424],[-83.454333,37.95415],[-83.539217,37.93045],[-83.626594,37.913361],[-83.715644,37.903043],[-83.805535,37.899593],[-83.895425,37.903043],[-83.984475,37.913361],[-84.071852,37.93045],[-84.156736,37.95415],[-84.23833,37.98424],[-84.315865,38.020437],[-84.388605,38.062402],[-84.45586,38.109739],[-84.516984,38.162004],[-84.571387,38.218702],[-84.618537,38.279298],[-84.657971,38.343216],[-84.689291,38.40985],[-84.712177,38.478565],[-84.726386,38.548703],[-84.731756,38.619593],[-84.728209,38.690552],[-84.715753,38.760898],[-84.694483,38.82995],[-84.664579,38.897038],[-84.626308,38.96151],[-84.580022,39.022737],[-84.526151,39.08012],[-84.465207,39.133096],[-84.397773,39.181146],[-84.324501,39.223796],[-84.246103,39.260624],[-84.163346,39.291267],[-84.077046,39.315422],[-83.988053,39.332849],[-83.897249,39.343374],[-83.805535,39.346894]]]},"properties":{"siteId":"5563","propertyType":"PSI Authorized","category":"3P"}},{"type":"Feature","geometry":{"type":"Polygon","coordinates":[[[-83.983529,38.778887],[-83.892549,38.775367],[-83.802472,38.764844],[-83.714191,38.747421],[-83.628579,38.723271],[-83.546481,38.692633],[-83.468703,38.655811],[-83.396008,38.613169],[-83.329103,38.565126],[-83.268633,38.512157],[-83.215177,38.45478],[-83.169243,38.39356],[-83.131259,38.329094],[-83.101574,38.26201],[-83.080454,38.192962],[-83.068077,38.122618],[-83.06454,38.051658],[-83.06985,37.980768],[-83.08393,37.910628],[-83.106622,37.84191],[-83.137683,37.775271],[-83.176797,37.711347],[-83.223572,37.650745],[-83.277544,37.594039],[-83.33819,37.541768],[-83.404921,37.494423],[-83.477099,37.452452],[-83.554037,37.416248],[-83.635005,37.386153],[-83.71924,37.362448],[-83.80595,37.345356],[-83.894322,37.335036],[-83.983529,37.331585],[-84.072735,37.335036],[-84.161107,37.345356],[-84.247818,37.362448],[-84.332053,37.386153],[-84.413021,37.416248],[-84.489959,37.452452],[-84.562137,37.494423],[-84.628868,37.541768],[-84.689513,37.594039],[-84.743486,37.650745],[-84.79026,37.711347],[-84.829374,37.775271],[-84.860436,37.84191],[-84.883127,37.910628],[-84.897208,37.980768],[-84.902518,38.051658],[-84.89898,38.122618],[-84.886604,38.192962],[-84.865484,38.26201],[-84.835799,38.329094],[-84.797815,38.39356],[-84.751881,38.45478],[-84.698425,38.512157],[-84.637955,38.565126],[-84.571049,38.613169],[-84.498354,38.655811],[-84.420577,38.692633],[-84.338479,38.723271],[-84.252867,38.747421],[-84.164585,38.764844],[-84.074508,38.775367],[-83.983529,38.778887]]]},"properties":{"siteId":"5583","propertyType":"PSI Authorized","category":"3P"}},{"type":"Feature","geometry":{"type":"Polygon","coordinates":[[[-87.112299,38.485656],[-87.021691,38.482136],[-86.931981,38.471614],[-86.844059,38.454193],[-86.758795,38.430045],[-86.677029,38.399411],[-86.599566,38.362592],[-86.527162,38.319953],[-86.460524,38.271914],[-86.400293,38.218948],[-86.347047,38.161576],[-86.301291,38.100358],[-86.263452,38.035895],[-86.233878,37.968814],[-86.212833,37.899767],[-86.200497,37.829424],[-86.196965,37.758465],[-86.202244,37.687574],[-86.21626,37.617432],[-86.238853,37.548713],[-86.269784,37.482072],[-86.308737,37.418144],[-86.355321,37.357539],[-86.409076,37.300831],[-86.469479,37.248555],[-86.535946,37.201207],[-86.60784,37.159232],[-86.684476,37.123025],[-86.765128,37.092927],[-86.849036,37.06922],[-86.935409,37.052126],[-87.023438,37.041805],[-87.112299,37.038354],[-87.20116,37.041805],[-87.289189,37.052126],[-87.375562,37.06922],[-87.459469,37.092927],[-87.540122,37.123025],[-87.616758,37.159232],[-87.688652,37.201207],[-87.755119,37.248555],[-87.815522,37.300831],[-87.869277,37.357539],[-87.915861,37.418144],[-87.954814,37.482072],[-87.985745,37.548713],[-88.008338,37.617432],[-88.022354,37.687574],[-88.027633,37.758465],[-88.0241,37.829424],[-88.011765,37.899767],[-87.99072,37.968814],[-87.961146,38.035895],[-87.923307,38.100358],[-87.877551,38.161576],[-87.824305,38.218948],[-87.764074,38.271914],[-87.697435,38.319953],[-87.625032,38.362592],[-87.547569,38.399411],[-87.465803,38.430045],[-87.380538,38.454193],[-87.292617,38.471614],[-87.202907,38.482136],[-87.112299,38.485656]]]},"properties":{"siteId":"5337","propertyType":"PSI Authorized","category":"3P"}},{"type":"Feature","geometry":{"type":"Polygon","coordinates":[[[-88.657504,37.780334],[-88.567767,37.776815],[-88.47892,37.766296],[-88.391841,37.748878],[-88.307393,37.724737],[-88.226408,37.694109],[-88.14968,37.657298],[-88.077962,37.614667],[-88.011949,37.566637],[-87.952281,37.51368],[-87.899527,37.456316],[-87.854189,37.395106],[-87.81669,37.33065],[-87.787376,37.263574],[-87.766509,37.194531],[-87.754267,37.12419],[-87.750746,37.053232],[-87.755954,36.98234],[-87.769818,36.912196],[-87.79218,36.843472],[-87.822805,36.776825],[-87.861379,36.712891],[-87.907517,36.652278],[-87.960762,36.595561],[-88.020598,36.543277],[-88.086444,36.49592],[-88.157671,36.453937],[-88.233599,36.417723],[-88.313509,36.387618],[-88.396647,36.363906],[-88.48223,36.346807],[-88.569455,36.336484],[-88.657504,36.333032],[-88.745554,36.336484],[-88.832779,36.346807],[-88.918361,36.363906],[-89.001499,36.387618],[-89.081409,36.417723],[-89.157337,36.453937],[-89.228564,36.49592],[-89.294411,36.543277],[-89.354246,36.595561],[-89.407492,36.652278],[-89.453629,36.712891],[-89.492203,36.776825],[-89.522828,36.843472],[-89.54519,36.912196],[-89.559054,36.98234],[-89.564262,37.053232],[-89.560741,37.12419],[-89.548499,37.194531],[-89.527632,37.263574],[-89.498318,37.33065],[-89.460819,37.395106],[-89.415481,37.456316],[-89.362728,37.51368],[-89.303059,37.566637],[-89.237047,37.614667],[-89.165328,37.657298],[-89.088601,37.694109],[-89.007615,37.724737],[-88.923167,37.748878],[-88.836089,37.766296],[-88.747241,37.776815],[-88.657504,37.780334]]]},"properties":{"siteId":"5566","propertyType":"PSI Authorized","category":"3P"}},{"type":"Feature","geometry":{"type":"Polygon","coordinates":[[[-82.810758,38.539217],[-82.720082,38.535698],[-82.630306,38.525175],[-82.542319,38.507754],[-82.456992,38.483606],[-82.375165,38.452971],[-82.297645,38.416151],[-82.225189,38.373512],[-82.158501,38.325472],[-82.098227,38.272506],[-82.044943,38.215132],[-81.999155,38.153915],[-81.96129,38.089451],[-81.931696,38.022369],[-81.910637,37.953322],[-81.898294,37.882979],[-81.89476,37.81202],[-81.900045,37.741129],[-81.914073,37.670988],[-81.936684,37.602268],[-81.967638,37.535627],[-82.00662,37.471701],[-82.053239,37.411096],[-82.107034,37.354388],[-82.167481,37.302113],[-82.233996,37.254766],[-82.305942,37.212792],[-82.382632,37.176586],[-82.463342,37.146488],[-82.547309,37.122781],[-82.633743,37.105687],[-82.721835,37.095367],[-82.810758,37.091915],[-82.899682,37.095367],[-82.987773,37.105687],[-83.074208,37.122781],[-83.158174,37.146488],[-83.238884,37.176586],[-83.315575,37.212792],[-83.38752,37.254766],[-83.454035,37.302113],[-83.514482,37.354388],[-83.568277,37.411096],[-83.614896,37.471701],[-83.653878,37.535627],[-83.684833,37.602268],[-83.707444,37.670988],[-83.721471,37.741129],[-83.726756,37.81202],[-83.723222,37.882979],[-83.710879,37.953322],[-83.689821,38.022369],[-83.660227,38.089451],[-83.622361,38.153915],[-83.576573,38.215132],[-83.523289,38.272506],[-83.463015,38.325472],[-83.396328,38.373512],[-83.323871,38.416151],[-83.246351,38.452971],[-83.164525,38.483606],[-83.079197,38.507754],[-82.99121,38.525175],[-82.901434,38.535698],[-82.810758,38.539217]]]},"properties":{"siteId":"13775","propertyType":"PSI Owned","category":"OO"}},{"type":"Feature","geometry":{"type":"Polygon","coordinates":[[[-84.618622,37.785439],[-84.528878,37.781921],[-84.440025,37.771401],[-84.352941,37.753984],[-84.268487,37.729842],[-84.187495,37.699214],[-84.110763,37.662403],[-84.039039,37.619773],[-83.973023,37.571742],[-83.91335,37.518785],[-83.860593,37.461421],[-83.815252,37.400211],[-83.777751,37.335755],[-83.748435,37.268679],[-83.727566,37.199636],[-83.715324,37.129295],[-83.711803,37.058337],[-83.717011,36.987445],[-83.730876,36.917301],[-83.75324,36.848577],[-83.783867,36.78193],[-83.822444,36.717996],[-83.868584,36.657383],[-83.921834,36.600666],[-83.981673,36.548383],[-84.047524,36.501026],[-84.118755,36.459043],[-84.194689,36.422828],[-84.274604,36.392724],[-84.357747,36.369011],[-84.443336,36.351913],[-84.530566,36.341589],[-84.618622,36.338138],[-84.706677,36.341589],[-84.793907,36.351913],[-84.879496,36.369011],[-84.962639,36.392724],[-85.042554,36.422828],[-85.118488,36.459043],[-85.189719,36.501026],[-85.25557,36.548383],[-85.315409,36.600666],[-85.368659,36.657383],[-85.4148,36.717996],[-85.453376,36.78193],[-85.484003,36.848577],[-85.506367,36.917301],[-85.520232,36.987445],[-85.525441,37.058337],[-85.521919,37.129295],[-85.509677,37.199636],[-85.488809,37.268679],[-85.459493,37.335755],[-85.421992,37.400211],[-85.37665,37.461421],[-85.323893,37.518785],[-85.264221,37.571742],[-85.198204,37.619773],[-85.12648,37.662403],[-85.049748,37.699214],[-84.968757,37.729842],[-84.884303,37.753984],[-84.797218,37.771401],[-84.708365,37.781921],[-84.618622,37.785439]]]},"properties":{"siteId":"5564","propertyType":"PSI Authorized","category":"3P"}},{"type":"Feature","geometry":{"type":"Polygon","coordinates":[[[-82.828002,37.844538],[-82.738187,37.84102],[-82.649262,37.830499],[-82.562108,37.813082],[-82.477587,37.78894],[-82.396531,37.758311],[-82.319738,37.7215],[-82.247958,37.678868],[-82.18189,37.630837],[-82.122171,37.57788],[-82.069373,37.520514],[-82.023997,37.459304],[-81.986468,37.394847],[-81.957131,37.327771],[-81.936248,37.258727],[-81.923998,37.188387],[-81.920475,37.117428],[-81.92569,37.046536],[-81.939567,36.976392],[-81.96195,36.907669],[-81.992602,36.841023],[-82.03121,36.777089],[-82.077388,36.716477],[-82.130679,36.659761],[-82.190566,36.607478],[-82.256468,36.560121],[-82.327754,36.518139],[-82.403746,36.481925],[-82.483722,36.451821],[-82.566929,36.428109],[-82.652583,36.411011],[-82.73988,36.400688],[-82.828002,36.397236],[-82.916124,36.400688],[-83.003421,36.411011],[-83.089075,36.428109],[-83.172281,36.451821],[-83.252258,36.481925],[-83.328249,36.518139],[-83.399536,36.560121],[-83.465438,36.607478],[-83.525324,36.659761],[-83.578616,36.716477],[-83.624793,36.777089],[-83.663401,36.841023],[-83.694053,36.907669],[-83.716436,36.976392],[-83.730313,37.046536],[-83.735528,37.117428],[-83.732006,37.188387],[-83.719756,37.258727],[-83.698873,37.327771],[-83.669535,37.394847],[-83.632006,37.459304],[-83.586631,37.520514],[-83.533833,37.57788],[-83.474114,37.630837],[-83.408045,37.678868],[-83.336265,37.7215],[-83.259472,37.758311],[-83.178417,37.78894],[-83.093895,37.813082],[-83.006741,37.830499],[-82.917817,37.84102],[-82.828002,37.844538]]]},"properties":{"siteId":"12651","propertyType":"PSI Authorized","category":"3P"}},{"type":"Feature","geometry":{"type":"Polygon","coordinates":[[[-91.064882,31.108028],[-90.982044,31.104517],[-90.900022,31.09402],[-90.819622,31.076639],[-90.741636,31.052546],[-90.666828,31.021977],[-90.59593,30.985234],[-90.529633,30.942676],[-90.46858,30.894722],[-90.413361,30.84184],[-90.364505,30.784548],[-90.322477,30.723405],[-90.287673,30.659006],[-90.260416,30.591978],[-90.240956,30.52297],[-90.229462,30.45265],[-90.22603,30.381698],[-90.230674,30.310797],[-90.243333,30.24063],[-90.263867,30.171869],[-90.292065,30.105174],[-90.327642,30.041181],[-90.370244,29.980501],[-90.419454,29.923711],[-90.474793,29.871353],[-90.535726,29.823921],[-90.60167,29.781866],[-90.671994,29.745586],[-90.746029,29.715424],[-90.823074,29.691664],[-90.902399,29.67453],[-90.983256,29.664185],[-91.064882,29.660726],[-91.146509,29.664185],[-91.227365,29.67453],[-91.306691,29.691664],[-91.383735,29.715424],[-91.457771,29.745586],[-91.528095,29.781866],[-91.594039,29.823921],[-91.654972,29.871353],[-91.710311,29.923711],[-91.759521,29.980501],[-91.802123,30.041181],[-91.837699,30.105174],[-91.865897,30.171869],[-91.886432,30.24063],[-91.899091,30.310797],[-91.903735,30.381698],[-91.900303,30.45265],[-91.888809,30.52297],[-91.869348,30.591978],[-91.842092,30.659006],[-91.807288,30.723405],[-91.76526,30.784548],[-91.716404,30.84184],[-91.661184,30.894722],[-91.600132,30.942676],[-91.533835,30.985234],[-91.462937,31.021977],[-91.388129,31.052546],[-91.310143,31.076639],[-91.229743,31.09402],[-91.147721,31.104517],[-91.064882,31.108028]]]},"properties":{"siteId":"6196","propertyType":"MG TESTING","category":"3P"}},{"type":"Feature","geometry":{"type":"Polygon","coordinates":[[[-91.125563,31.130651],[-91.042705,31.127141],[-90.960663,31.116643],[-90.880244,31.099262],[-90.80224,31.075169],[-90.727414,31.0446],[-90.656499,31.007856],[-90.590187,30.965298],[-90.52912,30.917344],[-90.473888,30.864462],[-90.425021,30.80717],[-90.382983,30.746027],[-90.348171,30.681628],[-90.320909,30.614599],[-90.301444,30.545591],[-90.289949,30.475271],[-90.286516,30.404319],[-90.291162,30.333418],[-90.303824,30.263251],[-90.324364,30.19449],[-90.352569,30.127795],[-90.388154,30.063802],[-90.430766,30.003122],[-90.479988,29.946333],[-90.535339,29.893975],[-90.596287,29.846543],[-90.662246,29.804489],[-90.732586,29.768209],[-90.806638,29.738047],[-90.8837,29.714287],[-90.963043,29.697154],[-91.043918,29.686809],[-91.125563,29.68335],[-91.207207,29.686809],[-91.288083,29.697154],[-91.367426,29.714287],[-91.444488,29.738047],[-91.51854,29.768209],[-91.58888,29.804489],[-91.654839,29.846543],[-91.715786,29.893975],[-91.771138,29.946333],[-91.820359,30.003122],[-91.862972,30.063802],[-91.898557,30.127795],[-91.926762,30.19449],[-91.947302,30.263251],[-91.959964,30.333418],[-91.96461,30.404319],[-91.961177,30.475271],[-91.949682,30.545591],[-91.930217,30.614599],[-91.902954,30.681628],[-91.868142,30.746027],[-91.826105,30.80717],[-91.777238,30.864462],[-91.722006,30.917344],[-91.660939,30.965298],[-91.594626,31.007856],[-91.523712,31.0446],[-91.448886,31.075169],[-91.370881,31.099262],[-91.290463,31.116643],[-91.208421,31.127141],[-91.125563,31.130651]]]},"properties":{"siteId":"12770","propertyType":"PSI Authorized","category":"3P"}},{"type":"Feature","geometry":{"type":"Polygon","coordinates":[[[-91.992531,30.938763],[-91.90984,30.935252],[-91.827963,30.924755],[-91.747706,30.907375],[-91.669857,30.883283],[-91.595181,30.852716],[-91.524407,30.815974],[-91.458226,30.773419],[-91.397279,30.725466],[-91.342154,30.672586],[-91.293381,30.615296],[-91.251424,30.554155],[-91.216677,30.489757],[-91.189464,30.422729],[-91.170033,30.353722],[-91.158556,30.283403],[-91.155125,30.212451],[-91.159757,30.14155],[-91.17239,30.071382],[-91.192886,30.002621],[-91.221032,29.935924],[-91.256545,29.87193],[-91.299072,29.811248],[-91.348195,29.754457],[-91.403438,29.702097],[-91.464267,29.654663],[-91.530098,29.612607],[-91.600303,29.576325],[-91.674213,29.546161],[-91.751128,29.5224],[-91.83032,29.505266],[-91.911042,29.494921],[-91.992531,29.491461],[-92.07402,29.494921],[-92.154742,29.505266],[-92.233934,29.5224],[-92.310849,29.546161],[-92.384759,29.576325],[-92.454964,29.612607],[-92.520795,29.654663],[-92.581624,29.702097],[-92.636867,29.754457],[-92.68599,29.811248],[-92.728517,29.87193],[-92.76403,29.935924],[-92.792176,30.002621],[-92.812672,30.071382],[-92.825305,30.14155],[-92.829937,30.212451],[-92.826506,30.283403],[-92.815029,30.353722],[-92.795598,30.422729],[-92.768385,30.489757],[-92.733638,30.554155],[-92.691681,30.615296],[-92.642908,30.672586],[-92.587783,30.725466],[-92.526836,30.773419],[-92.460655,30.815974],[-92.389881,30.852716],[-92.315205,30.883283],[-92.237356,30.907375],[-92.157099,30.924755],[-92.075222,30.935252],[-91.992531,30.938763]]]},"properties":{"siteId":"6761","propertyType":"PSI Authorized","category":"3P"}},{"type":"Feature","geometry":{"type":"Polygon","coordinates":[[[-90.176063,30.72301],[-90.093557,30.7195],[-90.011864,30.709003],[-89.931786,30.691624],[-89.854112,30.667534],[-89.779602,30.636968],[-89.708985,30.600229],[-89.642949,30.557675],[-89.582135,30.509725],[-89.527131,30.456847],[-89.478462,30.399559],[-89.436594,30.33842],[-89.401919,30.274024],[-89.374762,30.206998],[-89.355369,30.137991],[-89.343911,30.067673],[-89.340483,29.996721],[-89.3451,29.92582],[-89.3577,29.855651],[-89.378147,29.786889],[-89.406228,29.720191],[-89.44166,29.656194],[-89.484091,29.595511],[-89.533106,29.538718],[-89.588228,29.486355],[-89.648925,29.43892],[-89.714614,29.396861],[-89.784668,29.360577],[-89.858421,29.330412],[-89.935172,29.306649],[-90.014196,29.289514],[-90.094746,29.279168],[-90.176063,29.275708],[-90.257379,29.279168],[-90.33793,29.289514],[-90.416953,29.306649],[-90.493705,29.330412],[-90.567457,29.360577],[-90.637511,29.396861],[-90.7032,29.43892],[-90.763897,29.486355],[-90.819019,29.538718],[-90.868034,29.595511],[-90.910466,29.656194],[-90.945898,29.720191],[-90.973979,29.786889],[-90.994425,29.855651],[-91.007026,29.92582],[-91.011642,29.996721],[-91.008214,30.067673],[-90.996757,30.137991],[-90.977363,30.206998],[-90.950206,30.274024],[-90.915532,30.33842],[-90.873663,30.399559],[-90.824995,30.456847],[-90.76999,30.509725],[-90.709176,30.557675],[-90.643141,30.600229],[-90.572524,30.636968],[-90.498014,30.667534],[-90.420339,30.691624],[-90.340262,30.709003],[-90.258568,30.7195],[-90.176063,30.72301]]]},"properties":{"siteId":"1","propertyType":"PSI Owned","category":"OO"}},{"type":"Feature","geometry":{"type":"Polygon","coordinates":[[[-90.281768,30.704315],[-90.199278,30.700805],[-90.1176,30.690309],[-90.037538,30.67293],[-89.959879,30.648839],[-89.885383,30.618274],[-89.81478,30.581535],[-89.748757,30.538981],[-89.687954,30.491031],[-89.63296,30.438154],[-89.584301,30.380866],[-89.54244,30.319727],[-89.507772,30.255331],[-89.480619,30.188305],[-89.461229,30.119299],[-89.449773,30.04898],[-89.446345,29.978028],[-89.450961,29.907127],[-89.463558,29.836958],[-89.484,29.768196],[-89.512076,29.701498],[-89.547501,29.637501],[-89.589924,29.576818],[-89.63893,29.520024],[-89.694042,29.467661],[-89.754727,29.420226],[-89.820404,29.378167],[-89.890445,29.341883],[-89.964184,29.311717],[-90.040921,29.287955],[-90.11993,29.27082],[-90.200466,29.260473],[-90.281768,29.257014],[-90.363069,29.260473],[-90.443605,29.27082],[-90.522614,29.287955],[-90.599351,29.311717],[-90.67309,29.341883],[-90.743131,29.378167],[-90.808808,29.420226],[-90.869493,29.467661],[-90.924605,29.520024],[-90.973611,29.576818],[-91.016034,29.637501],[-91.051459,29.701498],[-91.079535,29.768196],[-91.099977,29.836958],[-91.112574,29.907127],[-91.11719,29.978028],[-91.113762,30.04898],[-91.102306,30.119299],[-91.082916,30.188305],[-91.055763,30.255331],[-91.021095,30.319727],[-90.979234,30.380866],[-90.930575,30.438154],[-90.875581,30.491031],[-90.814778,30.538981],[-90.748755,30.581535],[-90.678152,30.618274],[-90.603656,30.648839],[-90.525997,30.67293],[-90.445935,30.690309],[-90.364257,30.700805],[-90.281768,30.704315]]]},"properties":{"siteId":"6194","propertyType":"MG TESTING","category":"3P"}},{"type":"Feature","geometry":{"type":"Polygon","coordinates":[[[-93.785202,33.151131],[-93.700488,33.147618],[-93.616609,33.137114],[-93.534393,33.119723],[-93.45465,33.095616],[-93.378162,33.06503],[-93.305679,33.028267],[-93.237908,32.985688],[-93.175506,32.937712],[-93.119077,32.884809],[-93.069162,32.827496],[-93.026234,32.766333],[-92.990697,32.701918],[-92.962881,32.634875],[-92.943039,32.565857],[-92.931342,32.495531],[-92.927886,32.424577],[-92.932684,32.353679],[-92.945671,32.283518],[-92.966703,32.214768],[-92.995561,32.148087],[-93.031953,32.084111],[-93.075517,32.023451],[-93.125824,31.966682],[-93.182386,31.914345],[-93.244655,31.866935],[-93.312035,31.824901],[-93.383882,31.78864],[-93.459515,31.758495],[-93.538216,31.734748],[-93.619242,31.717625],[-93.70183,31.707287],[-93.785202,31.703829],[-93.868574,31.707287],[-93.951162,31.717625],[-94.032188,31.734748],[-94.110889,31.758495],[-94.186521,31.78864],[-94.258369,31.824901],[-94.325749,31.866935],[-94.388018,31.914345],[-94.44458,31.966682],[-94.494887,32.023451],[-94.538451,32.084111],[-94.574843,32.148087],[-94.603701,32.214768],[-94.624733,32.283518],[-94.63772,32.353679],[-94.642518,32.424577],[-94.639062,32.495531],[-94.627365,32.565857],[-94.607522,32.634875],[-94.579707,32.701918],[-94.54417,32.766333],[-94.501242,32.827496],[-94.451327,32.884809],[-94.394898,32.937712],[-94.332496,32.985688],[-94.264725,33.028267],[-94.192242,33.06503],[-94.115754,33.095616],[-94.03601,33.119723],[-93.953795,33.137114],[-93.869916,33.147618],[-93.785202,33.151131]]]},"properties":{"siteId":"6188","propertyType":"MG TESTING","category":"3P"}},{"type":"Feature","geometry":{"type":"Polygon","coordinates":[[[-93.748646,33.178413],[-93.663905,33.1749],[-93.580001,33.164396],[-93.49776,33.147005],[-93.417991,33.122897],[-93.34148,33.092311],[-93.268975,33.055548],[-93.201183,33.012969],[-93.138762,32.964993],[-93.082316,32.912089],[-93.032386,32.854776],[-92.989445,32.793613],[-92.953898,32.729197],[-92.926075,32.662155],[-92.906226,32.593136],[-92.894527,32.52281],[-92.891071,32.451856],[-92.895871,32.380958],[-92.908862,32.310798],[-92.929901,32.242048],[-92.958769,32.175367],[-92.995172,32.111391],[-93.038749,32.050731],[-93.089072,31.993963],[-93.145651,31.941626],[-93.207939,31.894216],[-93.275339,31.852183],[-93.347208,31.815922],[-93.422863,31.785776],[-93.501587,31.76203],[-93.582637,31.744907],[-93.665249,31.734569],[-93.748646,31.731112],[-93.832043,31.734569],[-93.914655,31.744907],[-93.995705,31.76203],[-94.074429,31.785776],[-94.150084,31.815922],[-94.221953,31.852183],[-94.289353,31.894216],[-94.351641,31.941626],[-94.40822,31.993963],[-94.458543,32.050731],[-94.50212,32.111391],[-94.538523,32.175367],[-94.567391,32.242048],[-94.58843,32.310798],[-94.601421,32.380958],[-94.606221,32.451856],[-94.602765,32.52281],[-94.591066,32.593136],[-94.571217,32.662155],[-94.543394,32.729197],[-94.507847,32.793613],[-94.464906,32.854776],[-94.414976,32.912089],[-94.35853,32.964993],[-94.29611,33.012969],[-94.228317,33.055548],[-94.155812,33.092311],[-94.079301,33.122897],[-93.999533,33.147005],[-93.917291,33.164396],[-93.833387,33.1749],[-93.748646,33.178413]]]},"properties":{"siteId":"17812","propertyType":"PSI Authorized","category":"3P"}},{"type":"Feature","geometry":{"type":"Polygon","coordinates":[[[-93.325446,30.958783],[-93.242737,30.955272],[-93.160843,30.944775],[-93.080569,30.927395],[-93.002705,30.903303],[-92.928013,30.872735],[-92.857225,30.835994],[-92.791029,30.793438],[-92.73007,30.745485],[-92.674934,30.692605],[-92.626151,30.635314],[-92.584186,30.574173],[-92.549432,30.509775],[-92.522214,30.442747],[-92.50278,30.37374],[-92.4913,30.303421],[-92.487869,30.232469],[-92.492503,30.161568],[-92.505139,30.0914],[-92.525639,30.022639],[-92.553792,29.955942],[-92.589312,29.891948],[-92.631848,29.831267],[-92.680981,29.774476],[-92.736236,29.722115],[-92.797077,29.674682],[-92.862921,29.632626],[-92.93314,29.596345],[-93.007065,29.566181],[-93.083995,29.54242],[-93.163203,29.525286],[-93.24394,29.51494],[-93.325446,29.511481],[-93.406951,29.51494],[-93.487689,29.525286],[-93.566896,29.54242],[-93.643827,29.566181],[-93.717752,29.596345],[-93.78797,29.632626],[-93.853815,29.674682],[-93.914656,29.722115],[-93.96991,29.774476],[-94.019044,29.831267],[-94.06158,29.891948],[-94.0971,29.955942],[-94.125252,30.022639],[-94.145753,30.0914],[-94.158389,30.161568],[-94.163022,30.232469],[-94.159592,30.303421],[-94.148112,30.37374],[-94.128678,30.442747],[-94.10146,30.509775],[-94.066706,30.574173],[-94.02474,30.635314],[-93.975958,30.692605],[-93.920822,30.745485],[-93.859862,30.793438],[-93.793667,30.835994],[-93.722879,30.872735],[-93.648187,30.903303],[-93.570322,30.927395],[-93.490049,30.944775],[-93.408154,30.955272],[-93.325446,30.958783]]]},"properties":{"siteId":"12864","propertyType":"MG TESTING","category":"3P"}},{"type":"Feature","geometry":{"type":"Polygon","coordinates":[[[-76.751638,40.052283],[-76.658981,40.048762],[-76.567245,40.038233],[-76.47734,40.020802],[-76.390157,39.996642],[-76.306557,39.965991],[-76.227363,39.929155],[-76.153351,39.886496],[-76.08524,39.838438],[-76.023688,39.785452],[-75.969286,39.72806],[-75.922547,39.666825],[-75.883909,39.602346],[-75.853724,39.535253],[-75.832262,39.466197],[-75.819704,39.395848],[-75.816146,39.324888],[-75.821593,39.253999],[-75.835966,39.183864],[-75.859102,39.115154],[-75.890753,39.048526],[-75.930596,38.984614],[-75.978229,38.924027],[-76.033183,38.867337],[-76.094921,38.815082],[-76.162846,38.767753],[-76.236308,38.725797],[-76.314608,38.689608],[-76.397004,38.659525],[-76.48272,38.63583],[-76.57095,38.618745],[-76.66087,38.60843],[-76.751638,38.604981],[-76.842405,38.60843],[-76.932325,38.618745],[-77.020556,38.63583],[-77.106271,38.659525],[-77.188667,38.689608],[-77.266967,38.725797],[-77.340429,38.767753],[-77.408354,38.815082],[-77.470092,38.867337],[-77.525046,38.924027],[-77.572679,38.984614],[-77.612522,39.048526],[-77.644173,39.115154],[-77.667309,39.183864],[-77.681682,39.253999],[-77.687129,39.324888],[-77.683571,39.395848],[-77.671013,39.466197],[-77.649551,39.535253],[-77.619366,39.602346],[-77.580728,39.666825],[-77.533989,39.72806],[-77.479587,39.785452],[-77.418036,39.838438],[-77.349925,39.886496],[-77.275912,39.929155],[-77.196718,39.965991],[-77.113118,39.996642],[-77.025935,40.020802],[-76.93603,40.038233],[-76.844294,40.048762],[-76.751638,40.052283]]]},"properties":{"siteId":"13355","propertyType":"PSI Authorized","category":"3P"}},{"type":"Feature","geometry":{"type":"Polygon","coordinates":[[[-76.204132,40.287015],[-76.111154,40.283494],[-76.0191,40.272964],[-75.928885,40.255532],[-75.841401,40.231369],[-75.757514,40.200717],[-75.678049,40.163877],[-75.603784,40.121216],[-75.535442,40.073154],[-75.473684,40.020165],[-75.4191,39.96277],[-75.372208,39.901533],[-75.333444,39.837052],[-75.303164,39.769956],[-75.281637,39.700899],[-75.269044,39.630549],[-75.265482,39.559589],[-75.270955,39.4887],[-75.285385,39.418566],[-75.308605,39.349858],[-75.34037,39.283231],[-75.380352,39.219322],[-75.428149,39.158738],[-75.483291,39.102051],[-75.545238,39.049799],[-75.613392,39.002473],[-75.687099,38.96052],[-75.765659,38.924333],[-75.848329,38.894253],[-75.934328,38.87056],[-76.02285,38.853477],[-76.113065,38.843162],[-76.204132,38.839713],[-76.295198,38.843162],[-76.385413,38.853477],[-76.473935,38.87056],[-76.559934,38.894253],[-76.642604,38.924333],[-76.721164,38.96052],[-76.794872,39.002473],[-76.863025,39.049799],[-76.924972,39.102051],[-76.980114,39.158738],[-77.027911,39.219322],[-77.067893,39.283231],[-77.099658,39.349858],[-77.122879,39.418566],[-77.137308,39.4887],[-77.142781,39.559589],[-77.139219,39.630549],[-77.126626,39.700899],[-77.105099,39.769956],[-77.074819,39.837052],[-77.036055,39.901533],[-76.989163,39.96277],[-76.934579,40.020165],[-76.872821,40.073154],[-76.804479,40.121216],[-76.730214,40.163877],[-76.650749,40.200717],[-76.566862,40.231369],[-76.479378,40.255532],[-76.389163,40.272964],[-76.297109,40.283494],[-76.204132,40.287015]]]},"properties":{"siteId":"5354","propertyType":"PSI Authorized","category":"3P"}},{"type":"Feature","geometry":{"type":"Polygon","coordinates":[[[-76.921587,39.741171],[-76.82935,39.73765],[-76.738029,39.727123],[-76.648531,39.709694],[-76.561741,39.685536],[-76.478516,39.654889],[-76.399677,39.618056],[-76.325994,39.575402],[-76.258184,39.527347],[-76.196904,39.474365],[-76.142738,39.416977],[-76.096201,39.355746],[-76.057726,39.29127],[-76.027666,39.224179],[-76.00629,39.155125],[-75.993778,39.084778],[-75.990224,39.013817],[-75.995637,38.942928],[-76.009937,38.872792],[-76.032961,38.80408],[-76.064465,38.737449],[-76.104126,38.673534],[-76.151544,38.612943],[-76.206252,38.55625],[-76.267717,38.50399],[-76.335343,38.456658],[-76.408484,38.414698],[-76.486443,38.378505],[-76.568482,38.348419],[-76.653827,38.324722],[-76.741678,38.307635],[-76.83121,38.297319],[-76.921587,38.293869],[-77.011964,38.297319],[-77.101496,38.307635],[-77.189347,38.324722],[-77.274692,38.348419],[-77.356731,38.378505],[-77.43469,38.414698],[-77.507831,38.456658],[-77.575457,38.50399],[-77.636922,38.55625],[-77.69163,38.612943],[-77.739048,38.673534],[-77.778709,38.737449],[-77.810213,38.80408],[-77.833237,38.872792],[-77.847537,38.942928],[-77.85295,39.013817],[-77.849396,39.084778],[-77.836884,39.155125],[-77.815508,39.224179],[-77.785448,39.29127],[-77.746973,39.355746],[-77.700436,39.416977],[-77.64627,39.474365],[-77.58499,39.527347],[-77.51718,39.575402],[-77.443497,39.618056],[-77.364657,39.654889],[-77.281433,39.685536],[-77.194643,39.709694],[-77.105145,39.727123],[-77.013824,39.73765],[-76.921587,39.741171]]]},"properties":{"siteId":"13353","propertyType":"PSI Authorized","category":"3P"}},{"type":"Feature","geometry":{"type":"Polygon","coordinates":[[[-76.698745,39.713014],[-76.606546,39.709493],[-76.515262,39.698966],[-76.4258,39.681537],[-76.339046,39.65738],[-76.255855,39.626733],[-76.177047,39.5899],[-76.103394,39.547246],[-76.035612,39.499192],[-75.974355,39.44621],[-75.920211,39.388822],[-75.873691,39.327592],[-75.835231,39.263116],[-75.805183,39.196025],[-75.783814,39.126971],[-75.771306,39.056624],[-75.767753,38.985664],[-75.773163,38.914775],[-75.787456,38.844638],[-75.810471,38.775926],[-75.841961,38.709295],[-75.881605,38.64538],[-75.929004,38.584789],[-75.983691,38.528095],[-76.04513,38.475835],[-76.11273,38.428502],[-76.185842,38.386542],[-76.263771,38.350349],[-76.345777,38.320263],[-76.431089,38.296565],[-76.518906,38.279478],[-76.608403,38.269162],[-76.698745,38.265712],[-76.789087,38.269162],[-76.878585,38.279478],[-76.966401,38.296565],[-77.051713,38.320263],[-77.13372,38.350349],[-77.211648,38.386542],[-77.28476,38.428502],[-77.35236,38.475835],[-77.4138,38.528095],[-77.468486,38.584789],[-77.515885,38.64538],[-77.555529,38.709295],[-77.58702,38.775926],[-77.610034,38.844638],[-77.624328,38.914775],[-77.629738,38.985664],[-77.626185,39.056624],[-77.613677,39.126971],[-77.592308,39.196025],[-77.562259,39.263116],[-77.523799,39.327592],[-77.47728,39.388822],[-77.423136,39.44621],[-77.361879,39.499192],[-77.294097,39.547246],[-77.220443,39.5899],[-77.141635,39.626733],[-77.058445,39.65738],[-76.97169,39.681537],[-76.882228,39.698966],[-76.790945,39.709493],[-76.698745,39.713014]]]},"properties":{"siteId":"13354","propertyType":"PSI Authorized","category":"3P"}},{"type":"Feature","geometry":{"type":"Polygon","coordinates":[[[-77.722295,40.368467],[-77.629205,40.364945],[-77.53704,40.354415],[-77.446716,40.336983],[-77.359127,40.312819],[-77.27514,40.282166],[-77.19558,40.245325],[-77.121227,40.202663],[-77.052804,40.1546],[-76.990974,40.10161],[-76.936326,40.044214],[-76.88938,39.982976],[-76.850573,39.918494],[-76.820259,39.851397],[-76.798709,39.78234],[-76.786105,39.71199],[-76.78254,39.641029],[-76.788023,39.570141],[-76.802472,39.500007],[-76.825722,39.431299],[-76.857526,39.364674],[-76.897557,39.300765],[-76.945412,39.240182],[-77.00062,39.183496],[-77.062639,39.131245],[-77.130873,39.08392],[-77.204667,39.041968],[-77.283318,39.005783],[-77.366083,38.975703],[-77.452181,38.952011],[-77.540805,38.934928],[-77.631124,38.924614],[-77.722295,38.921165],[-77.813465,38.924614],[-77.903785,38.934928],[-77.992408,38.952011],[-78.078507,38.975703],[-78.161271,39.005783],[-78.239923,39.041968],[-78.313716,39.08392],[-78.38195,39.131245],[-78.44397,39.183496],[-78.499177,39.240182],[-78.547032,39.300765],[-78.587063,39.364674],[-78.618867,39.431299],[-78.642117,39.500007],[-78.656567,39.570141],[-78.662049,39.641029],[-78.658485,39.71199],[-78.645881,39.78234],[-78.62433,39.851397],[-78.594017,39.918494],[-78.555209,39.982976],[-78.508263,40.044214],[-78.453616,40.10161],[-78.391785,40.1546],[-78.323363,40.202663],[-78.24901,40.245325],[-78.16945,40.282166],[-78.085462,40.312819],[-77.997873,40.336983],[-77.907549,40.354415],[-77.815384,40.364945],[-77.722295,40.368467]]]},"properties":{"siteId":"13198","propertyType":"PSI Authorized","category":"3P"}},{"type":"Feature","geometry":{"type":"Polygon","coordinates":[[[-76.863869,39.805833],[-76.771545,39.802312],[-76.680138,39.791785],[-76.590556,39.774355],[-76.503685,39.750197],[-76.420383,39.719549],[-76.34147,39.682715],[-76.267719,39.64006],[-76.199847,39.592004],[-76.13851,39.539022],[-76.084296,39.481633],[-76.037717,39.420401],[-75.999209,39.355925],[-75.969123,39.288833],[-75.947729,39.219778],[-75.935207,39.149431],[-75.931653,39.078471],[-75.937073,39.007582],[-75.951388,38.937445],[-75.974435,38.868734],[-76.00597,38.802104],[-76.045668,38.73819],[-76.09313,38.677599],[-76.147889,38.620907],[-76.20941,38.568648],[-76.277099,38.521316],[-76.350306,38.479357],[-76.428335,38.443165],[-76.510448,38.41308],[-76.595869,38.389383],[-76.683799,38.372297],[-76.773411,38.361981],[-76.863869,38.358531],[-76.954326,38.361981],[-77.043939,38.372297],[-77.131868,38.389383],[-77.217289,38.41308],[-77.299402,38.443165],[-77.377431,38.479357],[-77.450639,38.521316],[-77.518327,38.568648],[-77.579848,38.620907],[-77.634607,38.677599],[-77.682069,38.73819],[-77.721767,38.802104],[-77.753302,38.868734],[-77.776349,38.937445],[-77.790664,39.007582],[-77.796084,39.078471],[-77.79253,39.149431],[-77.780008,39.219778],[-77.758614,39.288833],[-77.728529,39.355925],[-77.69002,39.420401],[-77.643441,39.481633],[-77.589227,39.539022],[-77.52789,39.592004],[-77.460018,39.64006],[-77.386267,39.682715],[-77.307354,39.719549],[-77.224052,39.750197],[-77.137181,39.774355],[-77.047599,39.791785],[-76.956192,39.802312],[-76.863869,39.805833]]]},"properties":{"siteId":"5625","propertyType":"PSI Authorized","category":"3P"}},{"type":"Feature","geometry":{"type":"Polygon","coordinates":[[[-77.155313,39.786104],[-77.063015,39.782583],[-76.971635,39.772056],[-76.882078,39.754627],[-76.795232,39.730468],[-76.711954,39.699821],[-76.633063,39.662987],[-76.559333,39.620332],[-76.49148,39.572277],[-76.430161,39.519294],[-76.375961,39.461906],[-76.329395,39.400674],[-76.290897,39.336198],[-76.260819,39.269106],[-76.23943,39.200052],[-76.226911,39.129705],[-76.223357,39.058744],[-76.228775,38.987855],[-76.243086,38.917719],[-76.266126,38.849007],[-76.297651,38.782377],[-76.337337,38.718463],[-76.384787,38.657872],[-76.43953,38.601179],[-76.501034,38.54892],[-76.568703,38.501588],[-76.64189,38.459629],[-76.719898,38.423437],[-76.801988,38.393351],[-76.887387,38.369655],[-76.975292,38.352568],[-77.06488,38.342252],[-77.155313,38.338802],[-77.245746,38.342252],[-77.335333,38.352568],[-77.423238,38.369655],[-77.508637,38.393351],[-77.590727,38.423437],[-77.668735,38.459629],[-77.741922,38.501588],[-77.809591,38.54892],[-77.871095,38.601179],[-77.925838,38.657872],[-77.973288,38.718463],[-78.012974,38.782377],[-78.044499,38.849007],[-78.06754,38.917719],[-78.08185,38.987855],[-78.087268,39.058744],[-78.083714,39.129705],[-78.071195,39.200052],[-78.049806,39.269106],[-78.019728,39.336198],[-77.98123,39.400674],[-77.934664,39.461906],[-77.880465,39.519294],[-77.819145,39.572277],[-77.751292,39.620332],[-77.677562,39.662987],[-77.598671,39.699821],[-77.515393,39.730468],[-77.428547,39.754627],[-77.33899,39.772056],[-77.24761,39.782583],[-77.155313,39.786104]]]},"properties":{"siteId":"13069","propertyType":"PSI Authorized","category":"3P"}},{"type":"Feature","geometry":{"type":"Polygon","coordinates":[[[-75.570727,39.093685],[-75.479342,39.090165],[-75.388865,39.07964],[-75.300192,39.062215],[-75.214201,39.038063],[-75.13174,39.007422],[-75.053621,38.970597],[-74.980608,38.92795],[-74.913411,38.879904],[-74.85268,38.82693],[-74.798996,38.76955],[-74.752868,38.708326],[-74.714726,38.643857],[-74.68492,38.576771],[-74.663717,38.507721],[-74.651297,38.437376],[-74.647755,38.366416],[-74.653098,38.295526],[-74.667249,38.225387],[-74.690047,38.156671],[-74.721252,38.090035],[-74.760541,38.026114],[-74.807523,37.965515],[-74.861732,37.908814],[-74.922641,37.856546],[-74.989661,37.809205],[-75.062149,37.767238],[-75.139415,37.731038],[-75.220728,37.700945],[-75.305321,37.677243],[-75.392398,37.660152],[-75.481143,37.649834],[-75.570727,37.646383],[-75.66031,37.649834],[-75.749056,37.660152],[-75.836133,37.677243],[-75.920725,37.700945],[-76.002038,37.731038],[-76.079305,37.767238],[-76.151793,37.809205],[-76.218812,37.856546],[-76.279721,37.908814],[-76.333931,37.965515],[-76.380912,38.026114],[-76.420202,38.090035],[-76.451406,38.156671],[-76.474205,38.225387],[-76.488356,38.295526],[-76.493699,38.366416],[-76.490156,38.437376],[-76.477736,38.507721],[-76.456533,38.576771],[-76.426728,38.643857],[-76.388586,38.708326],[-76.342457,38.76955],[-76.288773,38.82693],[-76.228042,38.879904],[-76.160846,38.92795],[-76.087833,38.970597],[-76.009713,39.007422],[-75.927253,39.038063],[-75.841261,39.062215],[-75.752588,39.07964],[-75.662111,39.090165],[-75.570727,39.093685]]]},"properties":{"siteId":"11367","propertyType":"PSI Authorized","category":"3P"}},{"type":"Feature","geometry":{"type":"Polygon","coordinates":[[[-76.88374,39.339159],[-76.792036,39.335639],[-76.701242,39.325113],[-76.612259,39.307687],[-76.525968,39.283532],[-76.443221,39.252889],[-76.364831,39.216061],[-76.291567,39.173411],[-76.22414,39.125361],[-76.163203,39.072385],[-76.109338,39.015002],[-76.063056,38.953775],[-76.024789,38.889303],[-75.994888,38.822215],[-75.97362,38.753164],[-75.961166,38.682818],[-75.957619,38.611858],[-75.962988,38.540968],[-75.977195,38.47083],[-76.000078,38.402116],[-76.031395,38.335482],[-76.070824,38.271563],[-76.117969,38.210967],[-76.172366,38.154269],[-76.233483,38.102004],[-76.300731,38.054667],[-76.373464,38.012702],[-76.45099,37.976505],[-76.532576,37.946415],[-76.617451,37.922714],[-76.704818,37.905625],[-76.793859,37.895307],[-76.88374,37.891857],[-76.973621,37.895307],[-77.062662,37.905625],[-77.15003,37.922714],[-77.234905,37.946415],[-77.31649,37.976505],[-77.394016,38.012702],[-77.46675,38.054667],[-77.533997,38.102004],[-77.595114,38.154269],[-77.649511,38.210967],[-77.696657,38.271563],[-77.736085,38.335482],[-77.767402,38.402116],[-77.790285,38.47083],[-77.804492,38.540968],[-77.809861,38.611858],[-77.806315,38.682818],[-77.79386,38.753164],[-77.772592,38.822215],[-77.742691,38.889303],[-77.704424,38.953775],[-77.658143,39.015002],[-77.604278,39.072385],[-77.54334,39.125361],[-77.475914,39.173411],[-77.402649,39.216061],[-77.32426,39.252889],[-77.241512,39.283532],[-77.155221,39.307687],[-77.066238,39.325113],[-76.975445,39.335639],[-76.88374,39.339159]]]},"properties":{"siteId":"13125","propertyType":"PSI Authorized","category":"3P"}},{"type":"Feature","geometry":{"type":"Polygon","coordinates":[[[-70.150142,45.393145],[-70.049145,45.389617],[-69.949158,45.379066],[-69.851179,45.361598],[-69.756186,45.337389],[-69.66512,45.306679],[-69.578883,45.269774],[-69.498321,45.227042],[-69.424221,45.178907],[-69.357298,45.125845],[-69.298192,45.068381],[-69.247462,45.00708],[-69.205576,44.942543],[-69.172914,44.875402],[-69.149761,44.806312],[-69.136309,44.735943],[-69.132651,44.664977],[-69.138787,44.594098],[-69.154622,44.523986],[-69.179971,44.455313],[-69.214558,44.388734],[-69.258024,44.324882],[-69.309929,44.264361],[-69.369758,44.207744],[-69.436925,44.155564],[-69.510782,44.10831],[-69.590621,44.066426],[-69.675685,44.030302],[-69.765171,44.000277],[-69.858239,43.976629],[-69.954021,43.959579],[-70.051624,43.949286],[-70.150142,43.945844],[-70.24866,43.949286],[-70.346263,43.959579],[-70.442045,43.976629],[-70.535113,44.000277],[-70.624599,44.030302],[-70.709663,44.066426],[-70.789502,44.10831],[-70.863359,44.155564],[-70.930526,44.207744],[-70.990355,44.264361],[-71.04226,44.324882],[-71.085726,44.388734],[-71.120313,44.455313],[-71.145662,44.523986],[-71.161497,44.594098],[-71.167633,44.664977],[-71.163975,44.735943],[-71.150523,44.806312],[-71.12737,44.875402],[-71.094708,44.942543],[-71.052822,45.00708],[-71.002091,45.068381],[-70.942986,45.125845],[-70.876063,45.178907],[-70.801963,45.227042],[-70.721401,45.269774],[-70.635164,45.306679],[-70.544098,45.337389],[-70.449105,45.361598],[-70.351126,45.379066],[-70.251139,45.389617],[-70.150142,45.393145]]]},"properties":{"siteId":"5705","propertyType":"PSI Authorized","category":"3P"}},{"type":"Feature","geometry":{"type":"Polygon","coordinates":[[[-72.627655,42.842491],[-72.530926,42.838966],[-72.435161,42.828427],[-72.341314,42.810978],[-72.250317,42.786792],[-72.163071,42.756112],[-72.080437,42.719242],[-72.003225,42.676546],[-71.932188,42.628449],[-71.868013,42.575425],[-71.811312,42.517997],[-71.762622,42.456729],[-71.722396,42.392221],[-71.691,42.325104],[-71.668711,42.256031],[-71.655714,42.185672],[-71.652105,42.114709],[-71.657887,42.043825],[-71.672973,41.973701],[-71.697189,41.90501],[-71.730273,41.838406],[-71.771885,41.774524],[-71.821605,41.71397],[-71.87894,41.657317],[-71.94333,41.605099],[-72.014153,41.557808],[-72.090731,41.515888],[-72.172335,41.479732],[-72.258196,41.449678],[-72.347505,41.426007],[-72.439426,41.40894],[-72.5331,41.398635],[-72.627655,41.39519],[-72.72221,41.398635],[-72.815885,41.40894],[-72.907806,41.426007],[-72.997115,41.449678],[-73.082975,41.479732],[-73.16458,41.515888],[-73.241158,41.557808],[-73.311981,41.605099],[-73.376371,41.657317],[-73.433706,41.71397],[-73.483426,41.774524],[-73.525038,41.838406],[-73.558122,41.90501],[-73.582337,41.973701],[-73.597423,42.043825],[-73.603205,42.114709],[-73.599596,42.185672],[-73.5866,42.256031],[-73.564311,42.325104],[-73.532914,42.392221],[-73.492688,42.456729],[-73.443999,42.517997],[-73.387298,42.575425],[-73.323122,42.628449],[-73.252085,42.676546],[-73.174874,42.719242],[-73.09224,42.756112],[-73.004994,42.786792],[-72.913997,42.810978],[-72.820149,42.828427],[-72.724384,42.838966],[-72.627655,42.842491]]]},"properties":{"siteId":"93","propertyType":"PSI Owned","category":"OO"}},{"type":"Feature","geometry":{"type":"Polygon","coordinates":[[[-70.970313,42.709945],[-70.873791,42.706421],[-70.77823,42.695882],[-70.684583,42.678433],[-70.593779,42.654249],[-70.506719,42.623571],[-70.424259,42.586702],[-70.34721,42.544008],[-70.276322,42.495913],[-70.212279,42.442891],[-70.155696,42.385465],[-70.107105,42.324198],[-70.066959,42.259692],[-70.035624,42.192576],[-70.013377,42.123503],[-70.000403,42.053145],[-69.996796,41.982182],[-70.002561,41.911298],[-70.017611,41.841174],[-70.041771,41.772481],[-70.074783,41.705876],[-70.116305,41.641993],[-70.165919,41.581438],[-70.223133,41.524783],[-70.287388,41.472563],[-70.358064,41.42527],[-70.434484,41.383348],[-70.515921,41.34719],[-70.601606,41.317135],[-70.690732,41.293463],[-70.782466,41.276394],[-70.87595,41.266089],[-70.970313,41.262644],[-71.064676,41.266089],[-71.15816,41.276394],[-71.249894,41.293463],[-71.33902,41.317135],[-71.424705,41.34719],[-71.506142,41.383348],[-71.582562,41.42527],[-71.653238,41.472563],[-71.717493,41.524783],[-71.774707,41.581438],[-71.824321,41.641993],[-71.865843,41.705876],[-71.898855,41.772481],[-71.923015,41.841174],[-71.938065,41.911298],[-71.94383,41.982182],[-71.940223,42.053145],[-71.927249,42.123503],[-71.905002,42.192576],[-71.873667,42.259692],[-71.833521,42.324198],[-71.78493,42.385465],[-71.728347,42.442891],[-71.664304,42.495913],[-71.593416,42.544008],[-71.516367,42.586702],[-71.433907,42.623571],[-71.346847,42.654249],[-71.256043,42.678433],[-71.162396,42.695882],[-71.066835,42.706421],[-70.970313,42.709945]]]},"properties":{"siteId":"5352","propertyType":"PSI Authorized","category":"3P"}},{"type":"Feature","geometry":{"type":"Polygon","coordinates":[[[-83.192465,43.036557],[-83.095431,43.033032],[-82.999364,43.022492],[-82.905221,43.005041],[-82.813938,42.980854],[-82.726419,42.950172],[-82.643527,42.913299],[-82.566076,42.870601],[-82.494819,42.822501],[-82.430447,42.769474],[-82.373574,42.712043],[-82.324739,42.650773],[-82.284394,42.586263],[-82.252907,42.519144],[-82.230555,42.450069],[-82.217526,42.37971],[-82.213914,42.308746],[-82.219721,42.237863],[-82.23486,42.16774],[-82.259157,42.09905],[-82.292349,42.032448],[-82.334093,41.968568],[-82.383969,41.908017],[-82.441482,41.851366],[-82.506071,41.799151],[-82.577112,41.751863],[-82.653923,41.709946],[-82.735775,41.673792],[-82.821895,41.64374],[-82.911473,41.62007],[-83.003671,41.603004],[-83.097627,41.592701],[-83.192465,41.589255],[-83.287304,41.592701],[-83.38126,41.603004],[-83.473458,41.62007],[-83.563036,41.64374],[-83.649155,41.673792],[-83.731008,41.709946],[-83.807819,41.751863],[-83.878859,41.799151],[-83.943448,41.851366],[-84.000962,41.908017],[-84.050838,41.968568],[-84.092582,42.032448],[-84.125774,42.09905],[-84.15007,42.16774],[-84.16521,42.237863],[-84.171017,42.308746],[-84.167405,42.37971],[-84.154376,42.450069],[-84.132024,42.519144],[-84.100537,42.586263],[-84.060192,42.650773],[-84.011356,42.712043],[-83.954484,42.769474],[-83.890111,42.822501],[-83.818855,42.870601],[-83.741404,42.913299],[-83.658512,42.950172],[-83.570993,42.980854],[-83.47971,43.005041],[-83.385567,43.022492],[-83.2895,43.033032],[-83.192465,43.036557]]]},"properties":{"siteId":"9817","propertyType":"PSI Owned","category":"OO"}},{"type":"Feature","geometry":{"type":"Polygon","coordinates":[[[-84.679373,45.751087],[-84.57773,45.747557],[-84.477104,45.737005],[-84.378501,45.719535],[-84.282902,45.695321],[-84.191259,45.664607],[-84.104477,45.627698],[-84.023409,45.58496],[-83.948845,45.53682],[-83.881507,45.483752],[-83.822038,45.426282],[-83.770999,45.364976],[-83.728862,45.300435],[-83.696009,45.233291],[-83.672726,45.164199],[-83.659205,45.093828],[-83.65554,45.022862],[-83.66173,44.951983],[-83.677679,44.881873],[-83.703199,44.813203],[-83.738014,44.746627],[-83.78176,44.682779],[-83.833996,44.622264],[-83.894202,44.565652],[-83.96179,44.513477],[-84.036105,44.466229],[-84.116437,44.42435],[-84.202024,44.388231],[-84.292057,44.35821],[-84.385694,44.334566],[-84.482059,44.317518],[-84.580256,44.307226],[-84.679373,44.303785],[-84.778489,44.307226],[-84.876686,44.317518],[-84.973052,44.334566],[-85.066688,44.35821],[-85.156722,44.388231],[-85.242308,44.42435],[-85.32264,44.466229],[-85.396956,44.513477],[-85.464543,44.565652],[-85.524749,44.622264],[-85.576985,44.682779],[-85.620732,44.746627],[-85.655546,44.813203],[-85.681067,44.881873],[-85.697016,44.951983],[-85.703205,45.022862],[-85.69954,45.093828],[-85.686019,45.164199],[-85.662737,45.233291],[-85.629883,45.300435],[-85.587747,45.364976],[-85.536707,45.426282],[-85.477238,45.483752],[-85.4099,45.53682],[-85.335337,45.58496],[-85.254268,45.627698],[-85.167486,45.664607],[-85.075843,45.695321],[-84.980245,45.719535],[-84.881641,45.737005],[-84.781015,45.747557],[-84.679373,45.751087]]]},"properties":{"siteId":"5008","propertyType":"PSI Owned","category":"OO"}},{"type":"Feature","geometry":{"type":"Polygon","coordinates":[[[-84.671422,45.767336],[-84.56975,45.763807],[-84.469095,45.753254],[-84.370463,45.735784],[-84.274837,45.71157],[-84.183167,45.680856],[-84.09636,45.643946],[-84.015268,45.601209],[-83.940684,45.553068],[-83.873326,45.5],[-83.813841,45.44253],[-83.762787,45.381224],[-83.720639,45.316683],[-83.687777,45.249538],[-83.664489,45.180445],[-83.650964,45.110075],[-83.647299,45.039108],[-83.653491,44.96823],[-83.669445,44.89812],[-83.694974,44.82945],[-83.729799,44.762875],[-83.773558,44.699027],[-83.825809,44.638512],[-83.886032,44.5819],[-83.953639,44.529725],[-84.027976,44.482477],[-84.10833,44.440598],[-84.193941,44.40448],[-84.283999,44.374459],[-84.377662,44.350815],[-84.474054,44.333768],[-84.572278,44.323476],[-84.671422,44.320034],[-84.770567,44.323476],[-84.868791,44.333768],[-84.965183,44.350815],[-85.058845,44.374459],[-85.148904,44.40448],[-85.234515,44.440598],[-85.314869,44.482477],[-85.389206,44.529725],[-85.456812,44.5819],[-85.517036,44.638512],[-85.569287,44.699027],[-85.613046,44.762875],[-85.647871,44.82945],[-85.673399,44.89812],[-85.689354,44.96823],[-85.695546,45.039108],[-85.69188,45.110075],[-85.678356,45.180445],[-85.655068,45.249538],[-85.622206,45.316683],[-85.580058,45.381224],[-85.529004,45.44253],[-85.469518,45.5],[-85.402161,45.553068],[-85.327577,45.601209],[-85.246485,45.643946],[-85.159678,45.680856],[-85.068008,45.71157],[-84.972382,45.735784],[-84.87375,45.753254],[-84.773095,45.763807],[-84.671422,45.767336]]]},"properties":{"siteId":"6276","propertyType":"TD TESTING","category":"3P"}},{"type":"Feature","geometry":{"type":"Polygon","coordinates":[[[-85.562871,43.603766],[-85.464926,43.60024],[-85.367959,43.589697],[-85.272935,43.572242],[-85.180799,43.54805],[-85.092466,43.517361],[-85.008806,43.480481],[-84.93064,43.437775],[-84.85873,43.389667],[-84.793772,43.336632],[-84.736386,43.279193],[-84.687115,43.217915],[-84.646416,43.153399],[-84.614658,43.086275],[-84.592123,43.017197],[-84.578996,42.946835],[-84.575373,42.875871],[-84.581255,42.804989],[-84.596554,42.734868],[-84.621092,42.666182],[-84.654604,42.599586],[-84.696744,42.535713],[-84.747086,42.475168],[-84.805132,42.418526],[-84.870313,42.366319],[-84.942,42.319038],[-85.019507,42.277129],[-85.102098,42.240982],[-85.188991,42.210936],[-85.279371,42.187272],[-85.372392,42.17021],[-85.467186,42.159908],[-85.562871,42.156464],[-85.658555,42.159908],[-85.753349,42.17021],[-85.84637,42.187272],[-85.93675,42.210936],[-86.023643,42.240982],[-86.106234,42.277129],[-86.183741,42.319038],[-86.255428,42.366319],[-86.320609,42.418526],[-86.378655,42.475168],[-86.428997,42.535713],[-86.471137,42.599586],[-86.504649,42.666182],[-86.529187,42.734868],[-86.544486,42.804989],[-86.550368,42.875871],[-86.546745,42.946835],[-86.533618,43.017197],[-86.511083,43.086275],[-86.479325,43.153399],[-86.438626,43.217915],[-86.389355,43.279193],[-86.331969,43.336632],[-86.267011,43.389667],[-86.195101,43.437775],[-86.116936,43.480481],[-86.033275,43.517361],[-85.944942,43.54805],[-85.852806,43.572242],[-85.757782,43.589697],[-85.660815,43.60024],[-85.562871,43.603766]]]},"properties":{"siteId":"116","propertyType":"PSI Owned","category":"OO"}},{"type":"Feature","geometry":{"type":"Polygon","coordinates":[[[-84.510568,43.358245],[-84.413021,43.354719],[-84.316446,43.344177],[-84.221807,43.326724],[-84.130044,43.302535],[-84.042065,43.271849],[-83.958741,43.234971],[-83.880887,43.192269],[-83.809262,43.144164],[-83.74456,43.091133],[-83.687398,43.033698],[-83.638316,42.972423],[-83.597772,42.90791],[-83.566133,42.840788],[-83.543677,42.771711],[-83.530593,42.701351],[-83.526975,42.630387],[-83.532824,42.559504],[-83.548054,42.489382],[-83.572486,42.420695],[-83.605859,42.354096],[-83.647826,42.29022],[-83.697964,42.229672],[-83.755778,42.173026],[-83.8207,42.120816],[-83.892105,42.073532],[-83.969309,42.031619],[-84.051577,41.995469],[-84.138133,41.965421],[-84.228163,41.941754],[-84.320825,41.92469],[-84.415253,41.914388],[-84.510568,41.910943],[-84.605884,41.914388],[-84.700312,41.92469],[-84.792973,41.941754],[-84.883004,41.965421],[-84.969559,41.995469],[-85.051828,42.031619],[-85.129031,42.073532],[-85.200436,42.120816],[-85.265359,42.173026],[-85.323172,42.229672],[-85.373311,42.29022],[-85.415278,42.354096],[-85.44865,42.420695],[-85.473083,42.489382],[-85.488312,42.559504],[-85.494162,42.630387],[-85.490543,42.701351],[-85.477459,42.771711],[-85.455004,42.840788],[-85.423365,42.90791],[-85.38282,42.972423],[-85.333739,43.033698],[-85.276577,43.091133],[-85.211874,43.144164],[-85.14025,43.192269],[-85.062396,43.234971],[-84.979071,43.271849],[-84.891093,43.302535],[-84.799329,43.326724],[-84.70469,43.344177],[-84.608115,43.354719],[-84.510568,43.358245]]]},"properties":{"siteId":"5097","propertyType":"PSI Owned","category":"OO"}},{"type":"Feature","geometry":{"type":"Polygon","coordinates":[[[-87.422632,47.269515],[-87.31811,47.265983],[-87.214635,47.255423],[-87.113245,47.237941],[-87.01495,47.213712],[-86.920731,47.182979],[-86.831518,47.146047],[-86.748191,47.103286],[-86.671563,47.055121],[-86.602373,47.002029],[-86.541284,46.944536],[-86.488871,46.883208],[-86.445617,46.818649],[-86.411913,46.75149],[-86.388052,46.682386],[-86.374226,46.612009],[-86.37053,46.541041],[-86.376961,46.470165],[-86.393418,46.400063],[-86.419704,46.331405],[-86.455534,46.264845],[-86.500532,46.201016],[-86.554242,46.140523],[-86.61613,46.083934],[-86.685589,46.031783],[-86.761949,45.984559],[-86.844478,45.942703],[-86.932395,45.906605],[-87.024871,45.876603],[-87.121039,45.852974],[-87.220004,45.835937],[-87.320847,45.825652],[-87.422632,45.822213],[-87.524417,45.825652],[-87.62526,45.835937],[-87.724225,45.852974],[-87.820394,45.876603],[-87.912869,45.906605],[-88.000786,45.942703],[-88.083315,45.984559],[-88.159675,46.031783],[-88.229135,46.083934],[-88.291022,46.140523],[-88.344733,46.201016],[-88.389731,46.264845],[-88.42556,46.331405],[-88.451846,46.400063],[-88.468303,46.470165],[-88.474734,46.541041],[-88.471039,46.612009],[-88.457213,46.682386],[-88.433351,46.75149],[-88.399647,46.818649],[-88.356393,46.883208],[-88.30398,46.944536],[-88.242891,47.002029],[-88.173702,47.055121],[-88.097073,47.103286],[-88.013746,47.146047],[-87.924534,47.182979],[-87.830314,47.213712],[-87.73202,47.237941],[-87.630629,47.255423],[-87.527154,47.265983],[-87.422632,47.269515]]]},"properties":{"siteId":"117","propertyType":"PSI Owned","category":"OO"}},{"type":"Feature","geometry":{"type":"Polygon","coordinates":[[[-83.210749,43.168618],[-83.113505,43.165093],[-83.017231,43.154552],[-82.922885,43.1371],[-82.831406,43.112912],[-82.743699,43.082228],[-82.66063,43.045353],[-82.583015,43.002654],[-82.511608,42.954552],[-82.447101,42.901523],[-82.39011,42.844091],[-82.341174,42.782818],[-82.300747,42.718307],[-82.269198,42.651187],[-82.246804,42.582112],[-82.233753,42.511752],[-82.230138,42.440788],[-82.235962,42.369904],[-82.251138,42.299782],[-82.27549,42.231093],[-82.308756,42.164493],[-82.350591,42.100615],[-82.400575,42.040065],[-82.458211,41.983416],[-82.522936,41.931203],[-82.594125,41.883916],[-82.671097,41.842001],[-82.753119,41.805848],[-82.839417,41.775798],[-82.92918,41.75213],[-83.021567,41.735064],[-83.115716,41.724761],[-83.210749,41.721316],[-83.305783,41.724761],[-83.399932,41.735064],[-83.492319,41.75213],[-83.582081,41.775798],[-83.668379,41.805848],[-83.750402,41.842001],[-83.827373,41.883916],[-83.898562,41.931203],[-83.963288,41.983416],[-84.020924,42.040065],[-84.070907,42.100615],[-84.112742,42.164493],[-84.146008,42.231093],[-84.17036,42.299782],[-84.185536,42.369904],[-84.191361,42.440788],[-84.187746,42.511752],[-84.174694,42.582112],[-84.1523,42.651187],[-84.120751,42.718307],[-84.080325,42.782818],[-84.031388,42.844091],[-83.974398,42.901523],[-83.90989,42.954552],[-83.838484,43.002654],[-83.760868,43.045353],[-83.677799,43.082228],[-83.590093,43.112912],[-83.498613,43.1371],[-83.404268,43.154552],[-83.307993,43.165093],[-83.210749,43.168618]]]},"properties":{"siteId":"128","propertyType":"PSI Owned","category":"OO"}},{"type":"Feature","geometry":{"type":"Polygon","coordinates":[[[-83.261039,43.205267],[-83.163737,43.201741],[-83.067405,43.1912],[-82.973003,43.173749],[-82.881469,43.14956],[-82.79371,43.118876],[-82.710592,43.082001],[-82.63293,43.0393],[-82.561482,42.991198],[-82.496937,42.938169],[-82.439913,42.880736],[-82.390949,42.819463],[-82.3505,42.754951],[-82.318933,42.687831],[-82.296527,42.618755],[-82.28347,42.548395],[-82.279854,42.477431],[-82.285683,42.406548],[-82.30087,42.336426],[-82.325237,42.267737],[-82.358523,42.201137],[-82.400384,42.137259],[-82.450397,42.07671],[-82.508067,42.020062],[-82.572831,41.967849],[-82.644062,41.920563],[-82.721078,41.878648],[-82.803147,41.842496],[-82.889495,41.812446],[-82.979309,41.788778],[-83.071749,41.771713],[-83.165952,41.76141],[-83.261039,41.757965],[-83.356127,41.76141],[-83.45033,41.771713],[-83.54277,41.788778],[-83.632584,41.812446],[-83.718932,41.842496],[-83.801001,41.878648],[-83.878017,41.920563],[-83.949248,41.967849],[-84.014012,42.020062],[-84.071682,42.07671],[-84.121695,42.137259],[-84.163556,42.201137],[-84.196842,42.267737],[-84.221209,42.336426],[-84.236396,42.406548],[-84.242225,42.477431],[-84.238609,42.548395],[-84.225552,42.618755],[-84.203146,42.687831],[-84.171579,42.754951],[-84.13113,42.819463],[-84.082166,42.880736],[-84.025142,42.938169],[-83.960597,42.991198],[-83.889149,43.0393],[-83.811487,43.082001],[-83.728369,43.118876],[-83.64061,43.14956],[-83.549076,43.173749],[-83.454674,43.1912],[-83.358342,43.201741],[-83.261039,43.205267]]]},"properties":{"siteId":"9001","propertyType":"PSI Owned","category":"OO"}},{"type":"Feature","geometry":{"type":"Polygon","coordinates":[[[-93.206401,45.862321],[-93.104555,45.858792],[-93.003729,45.848239],[-92.904929,45.830768],[-92.80914,45.806554],[-92.717315,45.775838],[-92.630361,45.738927],[-92.549134,45.696188],[-92.474424,45.648045],[-92.406955,45.594976],[-92.347372,45.537505],[-92.296236,45.476197],[-92.25402,45.411655],[-92.221107,45.34451],[-92.197784,45.275416],[-92.184241,45.205045],[-92.180574,45.134079],[-92.18678,45.0632],[-92.202765,44.993091],[-92.228339,44.924421],[-92.263225,44.857847],[-92.30706,44.794001],[-92.3594,44.733487],[-92.419725,44.676876],[-92.487444,44.624703],[-92.561904,44.577457],[-92.642391,44.535579],[-92.728142,44.499462],[-92.818348,44.469442],[-92.912164,44.445799],[-93.008712,44.428752],[-93.107096,44.418461],[-93.206401,44.41502],[-93.305706,44.418461],[-93.40409,44.428752],[-93.500639,44.445799],[-93.594454,44.469442],[-93.68466,44.499462],[-93.770411,44.535579],[-93.850898,44.577457],[-93.925358,44.624703],[-93.993077,44.676876],[-94.053402,44.733487],[-94.105742,44.794001],[-94.149577,44.857847],[-94.184463,44.924421],[-94.210037,44.993091],[-94.226022,45.0632],[-94.232229,45.134079],[-94.228562,45.205045],[-94.215019,45.275416],[-94.191695,45.34451],[-94.158782,45.411655],[-94.116567,45.476197],[-94.06543,45.537505],[-94.005847,45.594976],[-93.938378,45.648045],[-93.863669,45.696188],[-93.782441,45.738927],[-93.695487,45.775838],[-93.603662,45.806554],[-93.507874,45.830768],[-93.409074,45.848239],[-93.308247,45.858792],[-93.206401,45.862321]]]},"properties":{"siteId":"13405","propertyType":"PSI Authorized","category":"3P"}},{"type":"Feature","geometry":{"type":"Polygon","coordinates":[[[-94.21261,47.070976],[-94.108477,47.067444],[-94.005389,47.056885],[-93.904375,47.039405],[-93.806446,47.015178],[-93.712575,46.984447],[-93.623692,46.947518],[-93.540671,46.904761],[-93.464321,46.856599],[-93.395383,46.80351],[-93.334513,46.74602],[-93.282286,46.684695],[-93.239183,46.620138],[-93.205594,46.552981],[-93.181811,46.483879],[-93.168026,46.413503],[-93.164335,46.342535],[-93.170733,46.271659],[-93.187121,46.201555],[-93.213303,46.132896],[-93.248995,46.066334],[-93.293824,46.002503],[-93.347334,45.942006],[-93.408994,45.885414],[-93.4782,45.83326],[-93.554283,45.786033],[-93.636515,45.744173],[-93.724117,45.708073],[-93.816262,45.678068],[-93.912088,45.654437],[-94.010701,45.637399],[-94.111186,45.627113],[-94.21261,45.623674],[-94.314034,45.627113],[-94.414518,45.637399],[-94.513132,45.654437],[-94.608958,45.678068],[-94.701103,45.708073],[-94.788704,45.744173],[-94.870936,45.786033],[-94.947019,45.83326],[-95.016225,45.885414],[-95.077885,45.942006],[-95.131396,46.002503],[-95.176224,46.066334],[-95.211916,46.132896],[-95.238099,46.201555],[-95.254486,46.271659],[-95.260885,46.342535],[-95.257193,46.413503],[-95.243409,46.483879],[-95.219625,46.552981],[-95.186036,46.620138],[-95.142934,46.684695],[-95.090706,46.74602],[-95.029836,46.80351],[-94.960898,46.856599],[-94.884549,46.904761],[-94.801527,46.947518],[-94.712644,46.984447],[-94.618773,47.015178],[-94.520844,47.039405],[-94.419831,47.056885],[-94.316742,47.067444],[-94.21261,47.070976]]]},"properties":{"siteId":"12434","propertyType":"PSI Authorized","category":"3P"}},{"type":"Feature","geometry":{"type":"Polygon","coordinates":[[[-92.103242,47.506558],[-91.998248,47.503025],[-91.894308,47.492464],[-91.792461,47.474981],[-91.693726,47.450749],[-91.599085,47.420012],[-91.509475,47.383077],[-91.425779,47.340312],[-91.348812,47.292143],[-91.27932,47.239047],[-91.217966,47.181551],[-91.165328,47.120219],[-91.121892,47.055657],[-91.088049,46.988495],[-91.064093,46.91939],[-91.050218,46.849012],[-91.046517,46.778043],[-91.052988,46.707168],[-91.069528,46.637067],[-91.09594,46.568411],[-91.131935,46.501854],[-91.177138,46.438028],[-91.231089,46.377538],[-91.293252,46.320953],[-91.363018,46.268806],[-91.439712,46.221586],[-91.5226,46.179733],[-91.610898,46.143639],[-91.703773,46.11364],[-91.800355,46.090013],[-91.899745,46.072979],[-92.00102,46.062695],[-92.103242,46.059256],[-92.205463,46.062695],[-92.306738,46.072979],[-92.406128,46.090013],[-92.502711,46.11364],[-92.595585,46.143639],[-92.683883,46.179733],[-92.766772,46.221586],[-92.843466,46.268806],[-92.913231,46.320953],[-92.975394,46.377538],[-93.029345,46.438028],[-93.074548,46.501854],[-93.110543,46.568411],[-93.136955,46.637067],[-93.153495,46.707168],[-93.159966,46.778043],[-93.156266,46.849012],[-93.14239,46.91939],[-93.118434,46.988495],[-93.084591,47.055657],[-93.041155,47.120219],[-92.988517,47.181551],[-92.927163,47.239047],[-92.857671,47.292143],[-92.780705,47.340312],[-92.697008,47.383077],[-92.607398,47.420012],[-92.512757,47.450749],[-92.414022,47.474981],[-92.312175,47.492464],[-92.208235,47.503025],[-92.103242,47.506558]]]},"properties":{"siteId":"5118","propertyType":"PSI Owned","category":"OO"}},{"type":"Feature","geometry":{"type":"Polygon","coordinates":[[[-93.189177,45.557317],[-93.087885,45.553788],[-92.987607,45.543237],[-92.889343,45.525768],[-92.794073,45.501557],[-92.702744,45.470845],[-92.616258,45.433938],[-92.535465,45.391203],[-92.461153,45.343066],[-92.394041,45.290002],[-92.33477,45.232535],[-92.283898,45.171231],[-92.241898,45.106693],[-92.209149,45.03955],[-92.185937,44.970459],[-92.172453,44.90009],[-92.168792,44.829123],[-92.174952,44.758244],[-92.190839,44.688133],[-92.216266,44.619461],[-92.250957,44.552884],[-92.294551,44.489034],[-92.346607,44.428516],[-92.406608,44.371901],[-92.473967,44.319723],[-92.548034,44.272472],[-92.628098,44.23059],[-92.7134,44.194468],[-92.803136,44.164445],[-92.896463,44.140799],[-92.992511,44.12375],[-93.090386,44.113457],[-93.189177,44.110015],[-93.287968,44.113457],[-93.385842,44.12375],[-93.48189,44.140799],[-93.575218,44.164445],[-93.664954,44.194468],[-93.750256,44.23059],[-93.83032,44.272472],[-93.904386,44.319723],[-93.971745,44.371901],[-94.031746,44.428516],[-94.083802,44.489034],[-94.127396,44.552884],[-94.162087,44.619461],[-94.187514,44.688133],[-94.203401,44.758244],[-94.209562,44.829123],[-94.205901,44.90009],[-94.192417,44.970459],[-94.169205,45.03955],[-94.136456,45.106693],[-94.094455,45.171231],[-94.043584,45.232535],[-93.984312,45.290002],[-93.9172,45.343066],[-93.842888,45.391203],[-93.762095,45.433938],[-93.675609,45.470845],[-93.58428,45.501557],[-93.489011,45.525768],[-93.390747,45.543237],[-93.290468,45.553788],[-93.189177,45.557317]]]},"properties":{"siteId":"12594","propertyType":"TD TESTING","category":"3P"}},{"type":"Feature","geometry":{"type":"Polygon","coordinates":[[[-92.52862,44.780754],[-92.4287,44.777226],[-92.329779,44.766678],[-92.232842,44.749215],[-92.138857,44.725012],[-92.048755,44.694309],[-91.963427,44.657413],[-91.88371,44.61469],[-91.810383,44.566564],[-91.744153,44.513512],[-91.685654,44.456057],[-91.635437,44.394763],[-91.59397,44.330234],[-91.561627,44.263099],[-91.538692,44.194013],[-91.525354,44.123647],[-91.521708,44.052681],[-91.527754,43.981801],[-91.5434,43.911686],[-91.568463,43.843009],[-91.60267,43.776423],[-91.645669,43.712564],[-91.697022,43.652035],[-91.756222,43.595409],[-91.822689,43.543219],[-91.895781,43.495956],[-91.974798,43.454063],[-92.058989,43.417932],[-92.14756,43.387899],[-92.239681,43.364246],[-92.334489,43.347191],[-92.431102,43.336895],[-92.52862,43.333452],[-92.626139,43.336895],[-92.722752,43.347191],[-92.81756,43.364246],[-92.909681,43.387899],[-92.998252,43.417932],[-93.082443,43.454063],[-93.16146,43.495956],[-93.234552,43.543219],[-93.301019,43.595409],[-93.360219,43.652035],[-93.411572,43.712564],[-93.45457,43.776423],[-93.488778,43.843009],[-93.513841,43.911686],[-93.529487,43.981801],[-93.535533,44.052681],[-93.531887,44.123647],[-93.518549,44.194013],[-93.495614,44.263099],[-93.463271,44.330234],[-93.421803,44.394763],[-93.371587,44.456057],[-93.313088,44.513512],[-93.246858,44.566564],[-93.173531,44.61469],[-93.093814,44.657413],[-93.008486,44.694309],[-92.918384,44.725012],[-92.824399,44.749215],[-92.727462,44.766678],[-92.628541,44.777226],[-92.52862,44.780754]]]},"properties":{"siteId":"12908","propertyType":"PSI Authorized","category":"3P"}},{"type":"Feature","geometry":{"type":"Polygon","coordinates":[[[-95.072188,45.863086],[-94.970341,45.859556],[-94.869513,45.849003],[-94.770712,45.831532],[-94.674922,45.807318],[-94.583095,45.776602],[-94.496141,45.739691],[-94.414912,45.696952],[-94.340201,45.648809],[-94.272732,45.59574],[-94.213148,45.538269],[-94.162011,45.476961],[-94.119795,45.412419],[-94.086881,45.345274],[-94.063557,45.27618],[-94.050014,45.20581],[-94.046347,45.134843],[-94.052554,45.063964],[-94.068539,44.993855],[-94.094114,44.925186],[-94.129,44.858611],[-94.172836,44.794765],[-94.225176,44.734251],[-94.285502,44.677641],[-94.353222,44.625467],[-94.427683,44.578221],[-94.508171,44.536343],[-94.593923,44.500226],[-94.68413,44.470206],[-94.777947,44.446563],[-94.874497,44.429517],[-94.972882,44.419225],[-95.072188,44.415784],[-95.171495,44.419225],[-95.26988,44.429517],[-95.36643,44.446563],[-95.460246,44.470206],[-95.550454,44.500226],[-95.636206,44.536343],[-95.716694,44.578221],[-95.791155,44.625467],[-95.858875,44.677641],[-95.919201,44.734251],[-95.971541,44.794765],[-96.015377,44.858611],[-96.050263,44.925186],[-96.075838,44.993855],[-96.091823,45.063964],[-96.09803,45.134843],[-96.094363,45.20581],[-96.08082,45.27618],[-96.057496,45.345274],[-96.024582,45.412419],[-95.982366,45.476961],[-95.931229,45.538269],[-95.871645,45.59574],[-95.804175,45.648809],[-95.729465,45.696952],[-95.648236,45.739691],[-95.561281,45.776602],[-95.469455,45.807318],[-95.373665,45.831532],[-95.274864,45.849003],[-95.174036,45.859556],[-95.072188,45.863086]]]},"properties":{"siteId":"11340","propertyType":"PSI Authorized","category":"3P"}},{"type":"Feature","geometry":{"type":"Polygon","coordinates":[[[-88.933891,31.167297],[-88.851001,31.163786],[-88.768927,31.153289],[-88.688478,31.135908],[-88.610443,31.111814],[-88.535589,31.081245],[-88.464647,31.044501],[-88.398309,31.001943],[-88.337219,30.953988],[-88.281967,30.901106],[-88.233081,30.843813],[-88.191029,30.78267],[-88.156204,30.71827],[-88.128932,30.651241],[-88.109461,30.582233],[-88.097962,30.511913],[-88.094529,30.440961],[-88.099177,30.37006],[-88.111845,30.299893],[-88.132393,30.231133],[-88.16061,30.164437],[-88.196209,30.100445],[-88.238838,30.039766],[-88.288078,29.982977],[-88.34345,29.930619],[-88.404421,29.883188],[-88.470404,29.841134],[-88.54077,29.804854],[-88.614849,29.774692],[-88.69194,29.750932],[-88.771312,29.733799],[-88.852217,29.723455],[-88.933891,29.719995],[-89.015565,29.723455],[-89.09647,29.733799],[-89.175842,29.750932],[-89.252932,29.774692],[-89.327012,29.804854],[-89.397378,29.841134],[-89.463361,29.883188],[-89.524332,29.930619],[-89.579704,29.982977],[-89.628944,30.039766],[-89.671573,30.100445],[-89.707172,30.164437],[-89.735388,30.231133],[-89.755937,30.299893],[-89.768605,30.37006],[-89.773253,30.440961],[-89.76982,30.511913],[-89.758321,30.582233],[-89.73885,30.651241],[-89.711577,30.71827],[-89.676753,30.78267],[-89.6347,30.843813],[-89.585815,30.901106],[-89.530563,30.953988],[-89.469473,31.001943],[-89.403135,31.044501],[-89.332193,31.081245],[-89.257339,31.111814],[-89.179304,31.135908],[-89.098855,31.153289],[-89.016781,31.163786],[-88.933891,31.167297]]]},"properties":{"siteId":"6193","propertyType":"MG TESTING","category":"3P"}},{"type":"Feature","geometry":{"type":"Polygon","coordinates":[[[-90.438844,32.302217],[-90.354932,32.298705],[-90.271848,32.288204],[-90.190409,32.270817],[-90.111418,32.246715],[-90.035649,32.216137],[-89.963844,32.179382],[-89.896704,32.136813],[-89.834879,32.088846],[-89.778968,32.035951],[-89.729506,31.978647],[-89.686963,31.917493],[-89.65174,31.853084],[-89.624163,31.786048],[-89.604484,31.717034],[-89.592875,31.64671],[-89.589429,31.575757],[-89.594161,31.504858],[-89.607008,31.434695],[-89.627827,31.36594],[-89.656403,31.299253],[-89.692446,31.23527],[-89.735598,31.174601],[-89.785436,31.117824],[-89.841474,31.065478],[-89.903172,31.018059],[-89.969937,30.976016],[-90.041133,30.939747],[-90.116082,30.909594],[-90.194074,30.885842],[-90.274372,30.868715],[-90.356219,30.858373],[-90.438844,30.854915],[-90.521469,30.858373],[-90.603316,30.868715],[-90.683614,30.885842],[-90.761606,30.909594],[-90.836555,30.939747],[-90.907751,30.976016],[-90.974516,31.018059],[-91.036214,31.065478],[-91.092252,31.117824],[-91.14209,31.174601],[-91.185242,31.23527],[-91.221285,31.299253],[-91.249861,31.36594],[-91.270681,31.434695],[-91.283527,31.504858],[-91.288259,31.575757],[-91.284813,31.64671],[-91.273204,31.717034],[-91.253525,31.786048],[-91.225948,31.853084],[-91.190725,31.917493],[-91.148182,31.978647],[-91.09872,32.035951],[-91.042809,32.088846],[-90.980984,32.136813],[-90.913844,32.179382],[-90.842039,32.216137],[-90.76627,32.246715],[-90.687279,32.270817],[-90.60584,32.288204],[-90.522756,32.298705],[-90.438844,32.302217]]]},"properties":{"siteId":"12227","propertyType":"PSI Authorized","category":"3P"}},{"type":"Feature","geometry":{"type":"Polygon","coordinates":[[[-90.140144,33.05507],[-90.055523,33.051558],[-89.971736,33.041054],[-89.88961,33.023663],[-89.809953,32.999556],[-89.733548,32.968971],[-89.661143,32.932209],[-89.593444,32.889632],[-89.531109,32.841657],[-89.47474,32.788754],[-89.424877,32.731442],[-89.381993,32.670281],[-89.346493,32.605866],[-89.318705,32.538824],[-89.298881,32.469807],[-89.287194,32.399481],[-89.283739,32.328527],[-89.28853,32.257629],[-89.3015,32.187468],[-89.322508,32.118717],[-89.351334,32.052035],[-89.387685,31.988059],[-89.431202,31.927397],[-89.481455,31.870628],[-89.537956,31.81829],[-89.600159,31.770879],[-89.667469,31.728844],[-89.739241,31.692582],[-89.814795,31.662435],[-89.893414,31.638688],[-89.974356,31.621565],[-90.056858,31.611226],[-90.140144,31.607769],[-90.22343,31.611226],[-90.305933,31.621565],[-90.386875,31.638688],[-90.465494,31.662435],[-90.541048,31.692582],[-90.61282,31.728844],[-90.680129,31.770879],[-90.742333,31.81829],[-90.798834,31.870628],[-90.849087,31.927397],[-90.892603,31.988059],[-90.928955,32.052035],[-90.957781,32.118717],[-90.978788,32.187468],[-90.991759,32.257629],[-90.996549,32.328527],[-90.993094,32.399481],[-90.981408,32.469807],[-90.961584,32.538824],[-90.933796,32.605866],[-90.898296,32.670281],[-90.855412,32.731442],[-90.805549,32.788754],[-90.749179,32.841657],[-90.686845,32.889632],[-90.619146,32.932209],[-90.546741,32.968971],[-90.470336,32.999556],[-90.390679,33.023663],[-90.308553,33.041054],[-90.224766,33.051558],[-90.140144,33.05507]]]},"properties":{"siteId":"5654","propertyType":"PSI Owned","category":"OO"}},{"type":"Feature","geometry":{"type":"Polygon","coordinates":[[[-88.648495,33.0905],[-88.56384,33.086987],[-88.480019,33.076483],[-88.39786,33.059092],[-88.318171,33.034985],[-88.241736,33.0044],[-88.169302,32.967638],[-88.101577,32.92506],[-88.039217,32.877084],[-87.982826,32.824181],[-87.932943,32.766869],[-87.890043,32.705707],[-87.85453,32.641292],[-87.826731,32.57425],[-87.8069,32.505232],[-87.79521,32.434907],[-87.791755,32.363953],[-87.796548,32.293055],[-87.809525,32.222894],[-87.830541,32.154143],[-87.859379,32.087462],[-87.895746,32.023485],[-87.939279,31.962824],[-87.989552,31.906055],[-88.046076,31.853717],[-88.108304,31.806307],[-88.175639,31.764272],[-88.247439,31.728011],[-88.323021,31.697864],[-88.401671,31.674118],[-88.482644,31.656994],[-88.565178,31.646655],[-88.648495,31.643198],[-88.731813,31.646655],[-88.814347,31.656994],[-88.89532,31.674118],[-88.97397,31.697864],[-89.049552,31.728011],[-89.121352,31.764272],[-89.188687,31.806307],[-89.250915,31.853717],[-89.307438,31.906055],[-89.357712,31.962824],[-89.401245,32.023485],[-89.437612,32.087462],[-89.46645,32.154143],[-89.487466,32.222894],[-89.500443,32.293055],[-89.505236,32.363953],[-89.501781,32.434907],[-89.49009,32.505232],[-89.47026,32.57425],[-89.442461,32.641292],[-89.406947,32.705707],[-89.364048,32.766869],[-89.314165,32.824181],[-89.257774,32.877084],[-89.195414,32.92506],[-89.127689,32.967638],[-89.055255,33.0044],[-88.97882,33.034985],[-88.899131,33.059092],[-88.816972,33.076483],[-88.733151,33.086987],[-88.648495,33.0905]]]},"properties":{"siteId":"5378","propertyType":"PSI Authorized","category":"3P"}},{"type":"Feature","geometry":{"type":"Polygon","coordinates":[[[-89.869265,32.318961],[-89.785338,32.315449],[-89.702238,32.304948],[-89.620785,32.28756],[-89.541779,32.263459],[-89.465996,32.23288],[-89.394178,32.196125],[-89.327025,32.153556],[-89.26519,32.105588],[-89.209268,32.052694],[-89.159797,31.99539],[-89.117247,31.934235],[-89.082018,31.869827],[-89.054437,31.80279],[-89.034755,31.733776],[-89.023143,31.663452],[-89.019697,31.592499],[-89.024431,31.5216],[-89.03728,31.451437],[-89.058104,31.382682],[-89.086685,31.315995],[-89.122735,31.252012],[-89.165895,31.191344],[-89.215742,31.134567],[-89.27179,31.082221],[-89.333499,31.034802],[-89.400276,30.992759],[-89.471484,30.95649],[-89.546446,30.926338],[-89.624452,30.902586],[-89.704764,30.885458],[-89.786626,30.875117],[-89.869265,30.871659],[-89.951905,30.875117],[-90.033766,30.885458],[-90.114078,30.902586],[-90.192084,30.926338],[-90.267046,30.95649],[-90.338254,30.992759],[-90.405032,31.034802],[-90.46674,31.082221],[-90.522789,31.134567],[-90.572635,31.191344],[-90.615796,31.252012],[-90.651846,31.315995],[-90.680427,31.382682],[-90.70125,31.451437],[-90.7141,31.5216],[-90.718833,31.592499],[-90.715387,31.663452],[-90.703776,31.733776],[-90.684093,31.80279],[-90.656512,31.869827],[-90.621283,31.934235],[-90.578733,31.99539],[-90.529262,32.052694],[-90.473341,32.105588],[-90.411505,32.153556],[-90.344353,32.196125],[-90.272535,32.23288],[-90.196752,32.263459],[-90.117746,32.28756],[-90.036292,32.304948],[-89.953192,32.315449],[-89.869265,32.318961]]]},"properties":{"siteId":"12292","propertyType":"PSI Authorized","category":"3P"}},{"type":"Feature","geometry":{"type":"Polygon","coordinates":[[[-88.801391,34.18722],[-88.715651,34.183706],[-88.630756,34.173198],[-88.547547,34.155801],[-88.466842,34.131686],[-88.389435,34.101092],[-88.316084,34.064319],[-88.247506,34.021729],[-88.184367,33.973741],[-88.127276,33.920826],[-88.07678,33.863502],[-88.03336,33.80233],[-87.997422,33.737905],[-87.9693,33.670856],[-87.949248,33.601832],[-87.93744,33.531503],[-87.933971,33.460548],[-87.938853,33.389651],[-87.952019,33.319494],[-87.973323,33.25075],[-88.002542,33.184076],[-88.03938,33.120109],[-88.08347,33.059459],[-88.134378,33.002701],[-88.191608,32.950376],[-88.254609,32.902977],[-88.322775,32.860954],[-88.395457,32.824703],[-88.471963,32.794566],[-88.551571,32.770827],[-88.633528,32.753709],[-88.717064,32.743374],[-88.801391,32.739918],[-88.885719,32.743374],[-88.969255,32.753709],[-89.051212,32.770827],[-89.13082,32.794566],[-89.207326,32.824703],[-89.280008,32.860954],[-89.348174,32.902977],[-89.411174,32.950376],[-89.468405,33.002701],[-89.519313,33.059459],[-89.563403,33.120109],[-89.600241,33.184076],[-89.62946,33.25075],[-89.650764,33.319494],[-89.66393,33.389651],[-89.668812,33.460548],[-89.665343,33.531503],[-89.653535,33.601832],[-89.633483,33.670856],[-89.605361,33.737905],[-89.569423,33.80233],[-89.526003,33.863502],[-89.475507,33.920826],[-89.418416,33.973741],[-89.355277,34.021729],[-89.286699,34.064319],[-89.213348,34.101092],[-89.135941,34.131686],[-89.055236,34.155801],[-88.972026,34.173198],[-88.887132,34.183706],[-88.801391,34.18722]]]},"properties":{"siteId":"5885","propertyType":"PSI Authorized","category":"3P"}},{"type":"Feature","geometry":{"type":"Polygon","coordinates":[[[-90.467822,39.319741],[-90.376143,39.316221],[-90.285375,39.305696],[-90.196416,39.288269],[-90.110149,39.264115],[-90.027425,39.233472],[-89.949057,39.196644],[-89.875812,39.153994],[-89.808404,39.105945],[-89.747483,39.052969],[-89.693632,38.995586],[-89.647363,38.934359],[-89.609106,38.869888],[-89.579213,38.8028],[-89.55795,38.733748],[-89.545498,38.663403],[-89.541951,38.592443],[-89.547318,38.521553],[-89.561521,38.451415],[-89.584398,38.3827],[-89.615705,38.316066],[-89.655123,38.252147],[-89.702256,38.191551],[-89.756637,38.134853],[-89.817738,38.082588],[-89.884967,38.03525],[-89.957681,37.993285],[-90.035187,37.957088],[-90.11675,37.926997],[-90.201603,37.903297],[-90.288947,37.886208],[-90.377965,37.87589],[-90.467822,37.87244],[-90.55768,37.87589],[-90.646697,37.886208],[-90.734041,37.903297],[-90.818894,37.926997],[-90.900458,37.957088],[-90.977963,37.993285],[-91.050677,38.03525],[-91.117906,38.082588],[-91.179007,38.134853],[-91.233389,38.191551],[-91.280521,38.252147],[-91.319939,38.316066],[-91.351247,38.3827],[-91.374123,38.451415],[-91.388326,38.521553],[-91.393693,38.592443],[-91.390147,38.663403],[-91.377695,38.733748],[-91.356432,38.8028],[-91.326539,38.869888],[-91.288282,38.934359],[-91.242012,38.995586],[-91.188162,39.052969],[-91.127241,39.105945],[-91.059832,39.153994],[-90.986588,39.196644],[-90.90822,39.233472],[-90.825495,39.264115],[-90.739228,39.288269],[-90.65027,39.305696],[-90.559501,39.316221],[-90.467822,39.319741]]]},"properties":{"siteId":"18969","propertyType":"PSI Owned","category":"OO"}},{"type":"Feature","geometry":{"type":"Polygon","coordinates":[[[-89.565262,37.994614],[-89.475263,37.991096],[-89.386157,37.980575],[-89.298826,37.963157],[-89.214132,37.939013],[-89.132913,37.908383],[-89.055964,37.87157],[-88.98404,37.828937],[-88.91784,37.780904],[-88.858003,37.727944],[-88.805101,37.670578],[-88.759638,37.609366],[-88.722037,37.544907],[-88.692645,37.47783],[-88.671724,37.408786],[-88.659454,37.338444],[-88.65593,37.267486],[-88.661159,37.196594],[-88.675068,37.126451],[-88.6975,37.057728],[-88.728217,36.991083],[-88.766904,36.927151],[-88.813176,36.86654],[-88.866575,36.809826],[-88.92658,36.757545],[-88.992613,36.71019],[-89.06404,36.66821],[-89.140181,36.631998],[-89.220314,36.601895],[-89.303682,36.578184],[-89.389502,36.561087],[-89.476969,36.550764],[-89.565262,36.547313],[-89.653555,36.550764],[-89.741021,36.561087],[-89.826841,36.578184],[-89.91021,36.601895],[-89.990342,36.631998],[-90.066483,36.66821],[-90.13791,36.71019],[-90.203943,36.757545],[-90.263948,36.809826],[-90.317347,36.86654],[-90.363619,36.927151],[-90.402307,36.991083],[-90.433023,37.057728],[-90.455455,37.126451],[-90.469364,37.196594],[-90.474593,37.267486],[-90.471069,37.338444],[-90.458799,37.408786],[-90.437879,37.47783],[-90.408486,37.544907],[-90.370886,37.609366],[-90.325422,37.670578],[-90.272521,37.727944],[-90.212683,37.780904],[-90.146483,37.828937],[-90.074559,37.87157],[-89.997611,37.908383],[-89.916391,37.939013],[-89.831698,37.963157],[-89.744366,37.980575],[-89.65526,37.991096],[-89.565262,37.994614]]]},"properties":{"siteId":"6750","propertyType":"PSI Authorized","category":"3P"}},{"type":"Feature","geometry":{"type":"Polygon","coordinates":[[[-94.300547,37.898005],[-94.210667,37.894487],[-94.121678,37.883966],[-94.034461,37.866549],[-93.949879,37.842406],[-93.868765,37.811777],[-93.791917,37.774965],[-93.720085,37.732333],[-93.65397,37.684301],[-93.594209,37.631343],[-93.541374,37.573977],[-93.495967,37.512766],[-93.458413,37.448308],[-93.429056,37.381232],[-93.408159,37.312188],[-93.395903,37.241847],[-93.392379,37.170889],[-93.397599,37.099997],[-93.411488,37.029853],[-93.433888,36.96113],[-93.464563,36.894484],[-93.5032,36.830551],[-93.54941,36.76994],[-93.60274,36.713224],[-93.662669,36.660941],[-93.728617,36.613586],[-93.799954,36.571604],[-93.875998,36.535391],[-93.95603,36.505288],[-94.039295,36.481576],[-94.125007,36.464478],[-94.212365,36.454155],[-94.300547,36.450703],[-94.38873,36.454155],[-94.476087,36.464478],[-94.5618,36.481576],[-94.645065,36.505288],[-94.725097,36.535391],[-94.801141,36.571604],[-94.872478,36.613586],[-94.938426,36.660941],[-94.998355,36.713224],[-95.051684,36.76994],[-95.097895,36.830551],[-95.136532,36.894484],[-95.167207,36.96113],[-95.189607,37.029853],[-95.203496,37.099997],[-95.208716,37.170889],[-95.205192,37.241847],[-95.192935,37.312188],[-95.172039,37.381232],[-95.142682,37.448308],[-95.105127,37.512766],[-95.059721,37.573977],[-95.006886,37.631343],[-94.947125,37.684301],[-94.88101,37.732333],[-94.809178,37.774965],[-94.73233,37.811777],[-94.651216,37.842406],[-94.566634,37.866549],[-94.479417,37.883966],[-94.390428,37.894487],[-94.300547,37.898005]]]},"properties":{"siteId":"9780","propertyType":"TD TESTING","category":"3P"}},{"type":"Feature","geometry":{"type":"Polygon","coordinates":[[[-94.547651,39.924713],[-94.455167,39.921193],[-94.363602,39.910665],[-94.273865,39.893234],[-94.186844,39.869075],[-94.103399,39.838426],[-94.024351,39.801591],[-93.950474,39.758934],[-93.882487,39.710877],[-93.821047,39.657893],[-93.766742,39.600502],[-93.720086,39.539269],[-93.681515,39.474792],[-93.651382,39.407699],[-93.629955,39.338644],[-93.617417,39.268296],[-93.61386,39.197335],[-93.619293,39.126447],[-93.633636,39.056311],[-93.656726,38.9876],[-93.688317,38.920971],[-93.728084,38.857058],[-93.775629,38.796469],[-93.830482,38.739778],[-93.892107,38.687521],[-93.959909,38.640191],[-94.033239,38.598233],[-94.111398,38.562042],[-94.193647,38.531958],[-94.27921,38.508262],[-94.367284,38.491177],[-94.457044,38.480861],[-94.547651,38.477412],[-94.638258,38.480861],[-94.728018,38.491177],[-94.816092,38.508262],[-94.901655,38.531958],[-94.983904,38.562042],[-95.062063,38.598233],[-95.135393,38.640191],[-95.203195,38.687521],[-95.264821,38.739778],[-95.319673,38.796469],[-95.367218,38.857058],[-95.406985,38.920971],[-95.438576,38.9876],[-95.461666,39.056311],[-95.476009,39.126447],[-95.481442,39.197335],[-95.477886,39.268296],[-95.465347,39.338644],[-95.44392,39.407699],[-95.413787,39.474792],[-95.375216,39.539269],[-95.32856,39.600502],[-95.274255,39.657893],[-95.212815,39.710877],[-95.144828,39.758934],[-95.070951,39.801591],[-94.991903,39.838426],[-94.908458,39.869075],[-94.821437,39.893234],[-94.7317,39.910665],[-94.640135,39.921193],[-94.547651,39.924713]]]},"properties":{"siteId":"11687","propertyType":"PSI Authorized","category":"3P"}},{"type":"Feature","geometry":{"type":"Polygon","coordinates":[[[-92.211586,39.300592],[-92.119932,39.297072],[-92.029188,39.286546],[-91.940254,39.26912],[-91.854011,39.244966],[-91.771309,39.214323],[-91.692962,39.177495],[-91.619737,39.134846],[-91.552347,39.086797],[-91.491442,39.033821],[-91.437606,38.976438],[-91.391348,38.915212],[-91.353101,38.850741],[-91.323215,38.783653],[-91.301957,38.714602],[-91.289508,38.644256],[-91.285962,38.573296],[-91.291327,38.502406],[-91.305525,38.432268],[-91.328395,38.363553],[-91.359694,38.296919],[-91.399101,38.233],[-91.446221,38.172404],[-91.500588,38.115705],[-91.561672,38.06344],[-91.628884,38.016102],[-91.701578,37.974136],[-91.779063,37.937939],[-91.860606,37.907849],[-91.945436,37.884148],[-92.032758,37.867058],[-92.121752,37.85674],[-92.211586,37.85329],[-92.30142,37.85674],[-92.390414,37.867058],[-92.477736,37.884148],[-92.562566,37.907849],[-92.644109,37.937939],[-92.721594,37.974136],[-92.794288,38.016102],[-92.8615,38.06344],[-92.922584,38.115705],[-92.976951,38.172404],[-93.024071,38.233],[-93.063478,38.296919],[-93.094777,38.363553],[-93.117647,38.432268],[-93.131845,38.502406],[-93.13721,38.573296],[-93.133664,38.644256],[-93.121215,38.714602],[-93.099957,38.783653],[-93.070071,38.850741],[-93.031824,38.915212],[-92.985566,38.976438],[-92.93173,39.033821],[-92.870825,39.086797],[-92.803435,39.134846],[-92.73021,39.177495],[-92.651863,39.214323],[-92.569161,39.244966],[-92.482918,39.26912],[-92.393984,39.286546],[-92.30324,39.297072],[-92.211586,39.300592]]]},"properties":{"siteId":"10571","propertyType":"PSI Owned","category":"OO"}},{"type":"Feature","geometry":{"type":"Polygon","coordinates":[[[-94.474991,39.772073],[-94.382713,39.768552],[-94.291351,39.758025],[-94.201813,39.740596],[-94.114984,39.716438],[-94.031723,39.68579],[-93.952848,39.648957],[-93.879133,39.606302],[-93.811293,39.558247],[-93.749986,39.505264],[-93.695797,39.447876],[-93.64924,39.386645],[-93.610749,39.322169],[-93.580677,39.255077],[-93.559292,39.186023],[-93.546775,39.115676],[-93.543221,39.044715],[-93.548637,38.973826],[-93.562945,38.90369],[-93.58598,38.834978],[-93.617499,38.768348],[-93.657177,38.704433],[-93.704616,38.643842],[-93.759349,38.587149],[-93.82084,38.53489],[-93.888496,38.487558],[-93.961669,38.445599],[-94.039661,38.409406],[-94.121735,38.379321],[-94.207117,38.355624],[-94.295005,38.338537],[-94.384576,38.328221],[-94.474991,38.324771],[-94.565407,38.328221],[-94.654977,38.338537],[-94.742865,38.355624],[-94.828247,38.379321],[-94.910321,38.409406],[-94.988314,38.445599],[-95.061486,38.487558],[-95.129143,38.53489],[-95.190634,38.587149],[-95.245366,38.643842],[-95.292806,38.704433],[-95.332484,38.768348],[-95.364003,38.834978],[-95.387038,38.90369],[-95.401345,38.973826],[-95.406761,39.044715],[-95.403208,39.115676],[-95.390691,39.186023],[-95.369306,39.255077],[-95.339234,39.322169],[-95.300743,39.386645],[-95.254186,39.447876],[-95.199997,39.505264],[-95.138689,39.558247],[-95.07085,39.606302],[-94.997135,39.648957],[-94.91826,39.68579],[-94.834999,39.716438],[-94.74817,39.740596],[-94.658632,39.758025],[-94.56727,39.768552],[-94.474991,39.772073]]]},"properties":{"siteId":"6348","propertyType":"MG TESTING","category":"3P"}},{"type":"Feature","geometry":{"type":"Polygon","coordinates":[[[-92.581027,40.910033],[-92.487179,40.90651],[-92.394265,40.895979],[-92.303206,40.878542],[-92.214907,40.854374],[-92.130241,40.823715],[-92.05004,40.786868],[-91.975092,40.744199],[-91.906124,40.696129],[-91.843805,40.643131],[-91.78873,40.585729],[-91.74142,40.524484],[-91.702317,40.459997],[-91.671778,40.392896],[-91.650073,40.323835],[-91.637387,40.253483],[-91.633813,40.182522],[-91.639358,40.111635],[-91.65394,40.041503],[-91.677391,39.972798],[-91.709462,39.906178],[-91.749822,39.842275],[-91.798066,39.781697],[-91.853716,39.725019],[-91.91623,39.672775],[-91.985003,39.625457],[-92.059377,39.583512],[-92.138644,39.547333],[-92.222054,39.517258],[-92.308822,39.493571],[-92.398132,39.476491],[-92.489151,39.466179],[-92.581027,39.462731],[-92.672903,39.466179],[-92.763922,39.476491],[-92.853233,39.493571],[-92.94,39.517258],[-93.02341,39.547333],[-93.102677,39.583512],[-93.177051,39.625457],[-93.245824,39.672775],[-93.308338,39.725019],[-93.363989,39.781697],[-93.412232,39.842275],[-93.452592,39.906178],[-93.484663,39.972798],[-93.508114,40.041503],[-93.522696,40.111635],[-93.528241,40.182522],[-93.524667,40.253483],[-93.511981,40.323835],[-93.490277,40.392896],[-93.459737,40.459997],[-93.420634,40.524484],[-93.373324,40.585729],[-93.318249,40.643131],[-93.25593,40.696129],[-93.186963,40.744199],[-93.112014,40.786868],[-93.031814,40.823715],[-92.947147,40.854374],[-92.858848,40.878542],[-92.76779,40.895979],[-92.674875,40.90651],[-92.581027,40.910033]]]},"properties":{"siteId":"17490","propertyType":"PSI Authorized","category":"3P"}},{"type":"Feature","geometry":{"type":"Polygon","coordinates":[[[-93.234178,37.933647],[-93.144255,37.930129],[-93.055222,37.919608],[-92.967963,37.90219],[-92.88334,37.878047],[-92.802187,37.847418],[-92.725302,37.810605],[-92.653437,37.767973],[-92.58729,37.719941],[-92.527501,37.666982],[-92.474642,37.609616],[-92.429214,37.548405],[-92.391642,37.483946],[-92.362272,37.41687],[-92.341367,37.347826],[-92.329105,37.277485],[-92.325582,37.206526],[-92.330805,37.135635],[-92.344701,37.065491],[-92.367113,36.996768],[-92.397803,36.930122],[-92.436459,36.86619],[-92.482692,36.805579],[-92.536047,36.748863],[-92.596004,36.696581],[-92.661984,36.649226],[-92.733353,36.607245],[-92.809433,36.571032],[-92.889503,36.540929],[-92.972805,36.517217],[-93.058558,36.50012],[-93.145955,36.489797],[-93.234178,36.486345],[-93.322402,36.489797],[-93.409799,36.50012],[-93.495552,36.517217],[-93.578854,36.540929],[-93.658923,36.571032],[-93.735003,36.607245],[-93.806373,36.649226],[-93.872353,36.696581],[-93.93231,36.748863],[-93.985665,36.805579],[-94.031898,36.86619],[-94.070553,36.930122],[-94.101244,36.996768],[-94.123656,37.065491],[-94.137552,37.135635],[-94.142775,37.206526],[-94.139251,37.277485],[-94.12699,37.347826],[-94.106084,37.41687],[-94.076714,37.483946],[-94.039143,37.548405],[-93.993715,37.609616],[-93.940856,37.666982],[-93.881067,37.719941],[-93.81492,37.767973],[-93.743055,37.810605],[-93.66617,37.847418],[-93.585017,37.878047],[-93.500394,37.90219],[-93.413134,37.919608],[-93.324102,37.930129],[-93.234178,37.933647]]]},"properties":{"siteId":"10572","propertyType":"PSI Owned","category":"OO"}},{"type":"Feature","geometry":{"type":"Polygon","coordinates":[[[-91.857423,37.451984],[-91.768082,37.448466],[-91.679625,37.437948],[-91.59293,37.420533],[-91.508852,37.396393],[-91.42822,37.365769],[-91.351827,37.328961],[-91.280419,37.286335],[-91.214691,37.238309],[-91.155277,37.185356],[-91.102747,37.127995],[-91.057599,37.066789],[-91.020255,37.002335],[-90.991058,36.935262],[-90.970272,36.866221],[-90.958073,36.795882],[-90.954557,36.724924],[-90.959733,36.654031],[-90.973527,36.583886],[-90.995785,36.51516],[-91.026271,36.448511],[-91.064673,36.384573],[-91.110608,36.323957],[-91.163623,36.267236],[-91.2232,36.214948],[-91.288765,36.167587],[-91.359689,36.1256],[-91.435296,36.089383],[-91.514869,36.059275],[-91.597658,36.03556],[-91.682882,36.018459],[-91.769742,36.008135],[-91.857423,36.004683],[-91.945105,36.008135],[-92.031965,36.018459],[-92.117189,36.03556],[-92.199977,36.059275],[-92.279551,36.089383],[-92.355158,36.1256],[-92.426082,36.167587],[-92.491647,36.214948],[-92.551224,36.267236],[-92.604239,36.323957],[-92.650174,36.384573],[-92.688576,36.448511],[-92.719062,36.51516],[-92.741319,36.583886],[-92.755114,36.654031],[-92.76029,36.724924],[-92.756774,36.795882],[-92.744575,36.866221],[-92.723789,36.935262],[-92.694592,37.002335],[-92.657248,37.066789],[-92.6121,37.127995],[-92.559569,37.185356],[-92.500156,37.238309],[-92.434427,37.286335],[-92.363019,37.328961],[-92.286626,37.365769],[-92.205995,37.396393],[-92.121917,37.420533],[-92.035221,37.437948],[-91.946765,37.448466],[-91.857423,37.451984]]]},"properties":{"siteId":"9007","propertyType":"PSI Authorized","category":"3P"}},{"type":"Feature","geometry":{"type":"Polygon","coordinates":[[[-108.561704,46.521791],[-108.458629,46.51826],[-108.356586,46.507704],[-108.256596,46.490228],[-108.159656,46.466007],[-108.066731,46.435283],[-107.97874,46.398362],[-107.896548,46.355613],[-107.820957,46.30746],[-107.752698,46.254381],[-107.692423,46.196899],[-107.6407,46.135582],[-107.598007,46.071032],[-107.56473,46.00388],[-107.541159,45.934782],[-107.527486,45.864409],[-107.523806,45.793441],[-107.530116,45.722564],[-107.546317,45.652458],[-107.572218,45.583794],[-107.607537,45.517226],[-107.651906,45.453388],[-107.704876,45.392883],[-107.765918,45.336283],[-107.834437,45.28412],[-107.90977,45.236884],[-107.991195,45.195016],[-108.077941,45.158908],[-108.16919,45.128896],[-108.264086,45.10526],[-108.361746,45.088218],[-108.461259,45.077929],[-108.561704,45.074489],[-108.662148,45.077929],[-108.761662,45.088218],[-108.859321,45.10526],[-108.954217,45.128896],[-109.045466,45.158908],[-109.132212,45.195016],[-109.213637,45.236884],[-109.28897,45.28412],[-109.357489,45.336283],[-109.418531,45.392883],[-109.471501,45.453388],[-109.51587,45.517226],[-109.551189,45.583794],[-109.57709,45.652458],[-109.593292,45.722564],[-109.599601,45.793441],[-109.595921,45.864409],[-109.582248,45.934782],[-109.558677,46.00388],[-109.5254,46.071032],[-109.482708,46.135582],[-109.430984,46.196899],[-109.370709,46.254381],[-109.30245,46.30746],[-109.226859,46.355613],[-109.144667,46.398362],[-109.056676,46.435283],[-108.963751,46.466007],[-108.866811,46.490228],[-108.766821,46.507704],[-108.664779,46.51826],[-108.561704,46.521791]]]},"properties":{"siteId":"5164","propertyType":"PSI Authorized","category":"3P"}},{"type":"Feature","geometry":{"type":"Polygon","coordinates":[[[-108.598658,46.492806],[-108.495638,46.489276],[-108.39365,46.47872],[-108.293713,46.461244],[-108.196825,46.437023],[-108.103949,46.406299],[-108.016004,46.369379],[-107.933855,46.32663],[-107.858304,46.278478],[-107.79008,46.225399],[-107.729836,46.167918],[-107.678139,46.106601],[-107.635467,46.042051],[-107.602207,45.9749],[-107.578647,45.905802],[-107.56498,45.835429],[-107.5613,45.764461],[-107.567605,45.693584],[-107.583797,45.623478],[-107.609683,45.554813],[-107.644983,45.488245],[-107.689328,45.424407],[-107.74227,45.363902],[-107.80328,45.307301],[-107.871763,45.255138],[-107.947057,45.207901],[-108.028441,45.166033],[-108.115142,45.129925],[-108.206344,45.099912],[-108.301192,45.076275],[-108.398802,45.059233],[-108.498265,45.048945],[-108.598658,45.045504],[-108.699052,45.048945],[-108.798515,45.059233],[-108.896125,45.076275],[-108.990973,45.099912],[-109.082175,45.129925],[-109.168876,45.166033],[-109.25026,45.207901],[-109.325553,45.255138],[-109.394037,45.307301],[-109.455047,45.363902],[-109.507988,45.424407],[-109.552334,45.488245],[-109.587633,45.554813],[-109.61352,45.623478],[-109.629712,45.693584],[-109.636017,45.764461],[-109.632337,45.835429],[-109.61867,45.905802],[-109.59511,45.9749],[-109.561849,46.042051],[-109.519178,46.106601],[-109.467481,46.167918],[-109.407237,46.225399],[-109.339013,46.278478],[-109.263461,46.32663],[-109.181313,46.369379],[-109.093368,46.406299],[-109.000492,46.437023],[-108.903604,46.461244],[-108.803667,46.47872],[-108.701678,46.489276],[-108.598658,46.492806]]]},"properties":{"siteId":"11744","propertyType":"PSI Authorized","category":"3P"}},{"type":"Feature","geometry":{"type":"Polygon","coordinates":[[[-112.513167,46.718037],[-112.409718,46.714506],[-112.307305,46.703949],[-112.206953,46.686472],[-112.109663,46.662249],[-112.016403,46.631522],[-111.928096,46.594599],[-111.84561,46.551846],[-111.769751,46.50369],[-111.701251,46.450608],[-111.640766,46.393123],[-111.588864,46.331803],[-111.546026,46.267251],[-111.512639,46.200097],[-111.488993,46.130997],[-111.47528,46.060623],[-111.471596,45.989655],[-111.477937,45.918779],[-111.494204,45.848673],[-111.520205,45.780011],[-111.555656,45.713445],[-111.600188,45.64961],[-111.653349,45.589108],[-111.71461,45.532511],[-111.783372,45.480351],[-111.85897,45.433118],[-111.940681,45.391253],[-112.02773,45.355148],[-112.119296,45.325138],[-112.214522,45.301504],[-112.312519,45.284463],[-112.412376,45.274175],[-112.513167,45.270736],[-112.613958,45.274175],[-112.713816,45.284463],[-112.811813,45.301504],[-112.907038,45.325138],[-112.998604,45.355148],[-113.085653,45.391253],[-113.167364,45.433118],[-113.242962,45.480351],[-113.311724,45.532511],[-113.372986,45.589108],[-113.426146,45.64961],[-113.470678,45.713445],[-113.506129,45.780011],[-113.53213,45.848673],[-113.548397,45.918779],[-113.554738,45.989655],[-113.551054,46.060623],[-113.537342,46.130997],[-113.513695,46.200097],[-113.480308,46.267251],[-113.43747,46.331803],[-113.385569,46.393123],[-113.325083,46.450608],[-113.256583,46.50369],[-113.180724,46.551846],[-113.098238,46.594599],[-113.009931,46.631522],[-112.916671,46.662249],[-112.819382,46.686472],[-112.719029,46.703949],[-112.616616,46.714506],[-112.513167,46.718037]]]},"properties":{"siteId":"9463","propertyType":"PSI Authorized","category":"3P"}},{"type":"Feature","geometry":{"type":"Polygon","coordinates":[[[-111.353794,48.208694],[-111.24737,48.20516],[-111.142013,48.194596],[-111.038781,48.177106],[-110.938706,48.152867],[-110.842785,48.122121],[-110.751967,48.085175],[-110.667149,48.042399],[-110.589157,47.994218],[-110.518745,47.94111],[-110.456587,47.883602],[-110.403267,47.82226],[-110.359277,47.757689],[-110.325012,47.69052],[-110.300769,47.621409],[-110.286743,47.551028],[-110.283028,47.480059],[-110.28962,47.409185],[-110.306413,47.339088],[-110.333206,47.270437],[-110.369706,47.203888],[-110.415531,47.140072],[-110.470215,47.079592],[-110.533213,47.023018],[-110.603909,46.970883],[-110.681618,46.923674],[-110.765598,46.881833],[-110.855053,46.845749],[-110.94914,46.815758],[-111.046979,46.792139],[-111.14766,46.77511],[-111.250249,46.76483],[-111.353794,46.761392],[-111.45734,46.76483],[-111.559929,46.77511],[-111.66061,46.792139],[-111.758449,46.815758],[-111.852536,46.845749],[-111.941991,46.881833],[-112.025971,46.923674],[-112.10368,46.970883],[-112.174376,47.023018],[-112.237374,47.079592],[-112.292058,47.140072],[-112.337883,47.203888],[-112.374383,47.270437],[-112.401176,47.339088],[-112.417969,47.409185],[-112.42456,47.480059],[-112.420846,47.551028],[-112.40682,47.621409],[-112.382577,47.69052],[-112.348312,47.757689],[-112.304322,47.82226],[-112.251002,47.883602],[-112.188844,47.94111],[-112.118432,47.994218],[-112.04044,48.042399],[-111.955621,48.085175],[-111.864804,48.122121],[-111.768883,48.152867],[-111.668807,48.177106],[-111.565576,48.194596],[-111.460219,48.20516],[-111.353794,48.208694]]]},"properties":{"siteId":"5388","propertyType":"PSI Authorized","category":"3P"}},{"type":"Feature","geometry":{"type":"Polygon","coordinates":[[[-114.303985,48.904699],[-114.196086,48.901164],[-114.089271,48.890596],[-113.984613,48.873101],[-113.883158,48.848853],[-113.785918,48.818098],[-113.693857,48.781141],[-113.607883,48.738353],[-113.528834,48.69016],[-113.457477,48.63704],[-113.394491,48.57952],[-113.340469,48.518168],[-113.295908,48.453587],[-113.26121,48.386411],[-113.236672,48.317295],[-113.222492,48.246911],[-113.218763,48.17594],[-113.22548,48.105068],[-113.242533,48.034975],[-113.26972,47.96633],[-113.30674,47.899789],[-113.353206,47.835982],[-113.408644,47.775513],[-113.472503,47.718951],[-113.544156,47.666827],[-113.62291,47.619631],[-113.708013,47.577801],[-113.798658,47.541727],[-113.893993,47.511746],[-113.993126,47.488134],[-114.095136,47.471111],[-114.199076,47.460833],[-114.303985,47.457397],[-114.408894,47.460833],[-114.512833,47.471111],[-114.614843,47.488134],[-114.713976,47.511746],[-114.809311,47.541727],[-114.899956,47.577801],[-114.985059,47.619631],[-115.063814,47.666827],[-115.135467,47.718951],[-115.199325,47.775513],[-115.254764,47.835982],[-115.301229,47.899789],[-115.33825,47.96633],[-115.365436,48.034975],[-115.38249,48.105068],[-115.389206,48.17594],[-115.385478,48.246911],[-115.371297,48.317295],[-115.34676,48.386411],[-115.312061,48.453587],[-115.267501,48.518168],[-115.213479,48.57952],[-115.150493,48.63704],[-115.079135,48.69016],[-115.000087,48.738353],[-114.914112,48.781141],[-114.822052,48.818098],[-114.724812,48.848853],[-114.623357,48.873101],[-114.518698,48.890596],[-114.411883,48.901164],[-114.303985,48.904699]]]},"properties":{"siteId":"5391","propertyType":"PSI Authorized","category":"3P"}},{"type":"Feature","geometry":{"type":"Polygon","coordinates":[[[-114.079026,47.63636],[-113.973772,47.632828],[-113.869574,47.622266],[-113.767475,47.604782],[-113.668496,47.580549],[-113.573621,47.54981],[-113.483792,47.512873],[-113.399891,47.470106],[-113.322738,47.421935],[-113.253079,47.368837],[-113.191578,47.311338],[-113.138816,47.250005],[-113.095279,47.185441],[-113.061359,47.118278],[-113.037351,47.049171],[-113.023448,46.978793],[-113.019745,46.907824],[-113.026238,46.836949],[-113.042824,46.766849],[-113.069305,46.698194],[-113.105392,46.631638],[-113.150708,46.567814],[-113.204793,46.507326],[-113.267108,46.450743],[-113.337043,46.398598],[-113.413921,46.35138],[-113.497009,46.309529],[-113.585517,46.273437],[-113.678612,46.243439],[-113.775424,46.219814],[-113.875049,46.202781],[-113.976563,46.192497],[-114.079026,46.189059],[-114.181488,46.192497],[-114.283002,46.202781],[-114.382627,46.219814],[-114.479439,46.243439],[-114.572534,46.273437],[-114.661042,46.309529],[-114.74413,46.35138],[-114.821009,46.398598],[-114.890943,46.450743],[-114.953258,46.507326],[-115.007343,46.567814],[-115.052659,46.631638],[-115.088746,46.698194],[-115.115227,46.766849],[-115.131813,46.836949],[-115.138306,46.907824],[-115.134603,46.978793],[-115.1207,47.049171],[-115.096692,47.118278],[-115.062772,47.185441],[-115.019235,47.250005],[-114.966473,47.311338],[-114.904972,47.368837],[-114.835313,47.421935],[-114.75816,47.470106],[-114.674259,47.512873],[-114.58443,47.54981],[-114.489555,47.580549],[-114.390576,47.604782],[-114.288478,47.622266],[-114.184279,47.632828],[-114.079026,47.63636]]]},"properties":{"siteId":"5648","propertyType":"PSI Authorized","category":"3P"}},{"type":"Feature","geometry":{"type":"Polygon","coordinates":[[[-96.683227,41.537071],[-96.588475,41.533548],[-96.494666,41.523014],[-96.402732,41.505573],[-96.313586,41.4814],[-96.22811,41.450734],[-96.147146,41.41388],[-96.071487,41.371202],[-96.001871,41.323123],[-95.938969,41.270117],[-95.883383,41.212707],[-95.83564,41.151454],[-95.796185,41.08696],[-95.765376,41.019854],[-95.743488,40.95079],[-95.730704,40.880436],[-95.727119,40.809474],[-95.732739,40.738588],[-95.747478,40.668458],[-95.771169,40.599758],[-95.803558,40.533143],[-95.844311,40.469247],[-95.893018,40.408677],[-95.949197,40.352006],[-96.0123,40.29977],[-96.081717,40.252461],[-96.156782,40.210524],[-96.236783,40.174352],[-96.320962,40.144284],[-96.408527,40.120602],[-96.498657,40.103526],[-96.59051,40.093217],[-96.683227,40.089769],[-96.775944,40.093217],[-96.867796,40.103526],[-96.957926,40.120602],[-97.045492,40.144284],[-97.129671,40.174352],[-97.209671,40.210524],[-97.284737,40.252461],[-97.354154,40.29977],[-97.417257,40.352006],[-97.473436,40.408677],[-97.522143,40.469247],[-97.562895,40.533143],[-97.595284,40.599758],[-97.618975,40.668458],[-97.633715,40.738588],[-97.639334,40.809474],[-97.635749,40.880436],[-97.622965,40.95079],[-97.601077,41.019854],[-97.570269,41.08696],[-97.530813,41.151454],[-97.48307,41.212707],[-97.427485,41.270117],[-97.364583,41.323123],[-97.294966,41.371202],[-97.219307,41.41388],[-97.138343,41.450734],[-97.052867,41.4814],[-96.963721,41.505573],[-96.871788,41.523014],[-96.777979,41.533548],[-96.683227,41.537071]]]},"properties":{"siteId":"11724","propertyType":"PSI Authorized","category":"3P"}},{"type":"Feature","geometry":{"type":"Polygon","coordinates":[[[-96.586471,41.536981],[-96.491719,41.533458],[-96.39791,41.522924],[-96.305976,41.505483],[-96.216831,41.48131],[-96.131355,41.450644],[-96.050391,41.41379],[-95.974732,41.371112],[-95.905115,41.323033],[-95.842213,41.270028],[-95.786628,41.212617],[-95.738885,41.151365],[-95.69943,41.086871],[-95.668621,41.019765],[-95.646733,40.9507],[-95.633949,40.880346],[-95.630364,40.809384],[-95.635984,40.738498],[-95.650723,40.668369],[-95.674414,40.599668],[-95.706803,40.533053],[-95.747556,40.469157],[-95.796263,40.408587],[-95.852442,40.351916],[-95.915544,40.29968],[-95.984961,40.252372],[-96.060027,40.210434],[-96.140027,40.174262],[-96.224206,40.144194],[-96.311771,40.120512],[-96.401901,40.103436],[-96.493754,40.093127],[-96.586471,40.089679],[-96.679187,40.093127],[-96.77104,40.103436],[-96.86117,40.120512],[-96.948735,40.144194],[-97.032914,40.174262],[-97.112914,40.210434],[-97.18798,40.252372],[-97.257397,40.29968],[-97.320499,40.351916],[-97.376678,40.408587],[-97.425385,40.469157],[-97.466138,40.533053],[-97.498527,40.599668],[-97.522218,40.668369],[-97.536957,40.738498],[-97.542577,40.809384],[-97.538992,40.880346],[-97.526208,40.9507],[-97.50432,41.019765],[-97.473511,41.086871],[-97.434056,41.151365],[-97.386313,41.212617],[-97.330728,41.270028],[-97.267826,41.323033],[-97.198209,41.371112],[-97.12255,41.41379],[-97.041586,41.450644],[-96.95611,41.48131],[-96.866965,41.505483],[-96.775031,41.522924],[-96.681222,41.533458],[-96.586471,41.536981]]]},"properties":{"siteId":"18158","propertyType":"PSI Authorized","category":"3P"}},{"type":"Feature","geometry":{"type":"Polygon","coordinates":[[[-100.751336,41.833604],[-100.656146,41.830081],[-100.561904,41.819546],[-100.469547,41.802103],[-100.379992,41.777927],[-100.294124,41.747258],[-100.21279,41.7104],[-100.136787,41.667718],[-100.066856,41.619635],[-100.003672,41.566626],[-99.94784,41.509211],[-99.899887,41.447955],[-99.860261,41.383458],[-99.829322,41.31635],[-99.807345,41.247283],[-99.794514,41.176928],[-99.790924,41.105966],[-99.796579,41.03508],[-99.811396,40.964952],[-99.835203,40.896254],[-99.867746,40.829641],[-99.908689,40.765748],[-99.95762,40.705182],[-100.014055,40.648515],[-100.077442,40.596283],[-100.147171,40.548978],[-100.222571,40.507045],[-100.302927,40.470877],[-100.387478,40.440812],[-100.475429,40.417132],[-100.565956,40.400058],[-100.658212,40.38975],[-100.751336,40.386303],[-100.84446,40.38975],[-100.936716,40.400058],[-101.027243,40.417132],[-101.115194,40.440812],[-101.199745,40.470877],[-101.280101,40.507045],[-101.355502,40.548978],[-101.42523,40.596283],[-101.488618,40.648515],[-101.545053,40.705182],[-101.593984,40.765748],[-101.634927,40.829641],[-101.667469,40.896254],[-101.691276,40.964952],[-101.706093,41.03508],[-101.711748,41.105966],[-101.708158,41.176928],[-101.695327,41.247283],[-101.67335,41.31635],[-101.642411,41.383458],[-101.602785,41.447955],[-101.554832,41.509211],[-101.499,41.566626],[-101.435816,41.619635],[-101.365885,41.667718],[-101.289882,41.7104],[-101.208548,41.747258],[-101.122681,41.777927],[-101.033125,41.802103],[-100.940768,41.819546],[-100.846526,41.830081],[-100.751336,41.833604]]]},"properties":{"siteId":"6136","propertyType":"PSI Authorized","category":"3P"}},{"type":"Feature","geometry":{"type":"Polygon","coordinates":[[[-95.987056,41.936134],[-95.891713,41.932611],[-95.79732,41.922075],[-95.704815,41.904632],[-95.615116,41.880455],[-95.529112,41.849785],[-95.447649,41.812925],[-95.371526,41.770242],[-95.301485,41.722158],[-95.238203,41.669147],[-95.182284,41.611731],[-95.134258,41.550474],[-95.094572,41.485976],[-95.063588,41.418866],[-95.04158,41.349799],[-95.028733,41.279444],[-95.025141,41.208481],[-95.030808,41.137596],[-95.045652,41.067468],[-95.069499,40.998771],[-95.102096,40.932159],[-95.143105,40.868267],[-95.192115,40.807702],[-95.248639,40.751037],[-95.312126,40.698806],[-95.381963,40.651503],[-95.457481,40.609571],[-95.53796,40.573403],[-95.622642,40.54334],[-95.710728,40.519661],[-95.801393,40.502587],[-95.89379,40.492279],[-95.987056,40.488833],[-96.080322,40.492279],[-96.172719,40.502587],[-96.263384,40.519661],[-96.35147,40.54334],[-96.436152,40.573403],[-96.516632,40.609571],[-96.592149,40.651503],[-96.661986,40.698806],[-96.725473,40.751037],[-96.781998,40.807702],[-96.831007,40.868267],[-96.872016,40.932159],[-96.904613,40.998771],[-96.92846,41.067468],[-96.943304,41.137596],[-96.948971,41.208481],[-96.945379,41.279444],[-96.932532,41.349799],[-96.910524,41.418866],[-96.87954,41.485976],[-96.839854,41.550474],[-96.791828,41.611731],[-96.735909,41.669147],[-96.672627,41.722158],[-96.602586,41.770242],[-96.526463,41.812925],[-96.445,41.849785],[-96.358996,41.880455],[-96.269297,41.904632],[-96.176792,41.922075],[-96.082399,41.932611],[-95.987056,41.936134]]]},"properties":{"siteId":"11725","propertyType":"PSI Authorized","category":"3P"}},{"type":"Feature","geometry":{"type":"Polygon","coordinates":[[[-95.956637,42.033107],[-95.861149,42.029583],[-95.766612,42.019047],[-95.673966,42.001603],[-95.584132,41.977425],[-95.497997,41.946754],[-95.416411,41.909894],[-95.340174,41.867209],[-95.270029,41.819124],[-95.206653,41.766111],[-95.150653,41.708694],[-95.102557,41.647436],[-95.062815,41.582937],[-95.031787,41.515826],[-95.00975,41.446758],[-94.996887,41.376403],[-94.993293,41.30544],[-94.998972,41.234555],[-95.013841,41.164428],[-95.037727,41.095731],[-95.070375,41.02912],[-95.111447,40.965229],[-95.160531,40.904665],[-95.21714,40.848001],[-95.280722,40.795772],[-95.350663,40.74847],[-95.426291,40.706539],[-95.506889,40.670373],[-95.591694,40.64031],[-95.679908,40.616632],[-95.770705,40.59956],[-95.863236,40.589252],[-95.956637,40.585805],[-96.050038,40.589252],[-96.142569,40.59956],[-96.233366,40.616632],[-96.32158,40.64031],[-96.406385,40.670373],[-96.486983,40.706539],[-96.562612,40.74847],[-96.632552,40.795772],[-96.696134,40.848001],[-96.752743,40.904665],[-96.801827,40.965229],[-96.8429,41.02912],[-96.875547,41.095731],[-96.899433,41.164428],[-96.914302,41.234555],[-96.919982,41.30544],[-96.916388,41.376403],[-96.903525,41.446758],[-96.881487,41.515826],[-96.85046,41.582937],[-96.810717,41.647436],[-96.762622,41.708694],[-96.706621,41.766111],[-96.643245,41.819124],[-96.5731,41.867209],[-96.496863,41.909894],[-96.415277,41.946754],[-96.329143,41.977425],[-96.239308,42.001603],[-96.146662,42.019047],[-96.052125,42.029583],[-95.956637,42.033107]]]},"properties":{"siteId":"18828","propertyType":"PSI Authorized","category":"3P"}},{"type":"Feature","geometry":{"type":"Polygon","coordinates":[[[-96.114606,41.918641],[-96.01929,41.915118],[-95.924922,41.904582],[-95.832443,41.887139],[-95.742768,41.862962],[-95.656787,41.832292],[-95.575346,41.795433],[-95.499244,41.75275],[-95.429222,41.704666],[-95.365956,41.651655],[-95.310053,41.59424],[-95.262039,41.532983],[-95.222363,41.468485],[-95.191387,41.401376],[-95.169384,41.332308],[-95.15654,41.261953],[-95.152948,41.190991],[-95.158614,41.120105],[-95.173452,41.049978],[-95.197293,40.98128],[-95.22988,40.914668],[-95.270878,40.850776],[-95.319874,40.790211],[-95.376383,40.733545],[-95.439854,40.681314],[-95.509672,40.634011],[-95.585169,40.592078],[-95.665628,40.555911],[-95.750287,40.525847],[-95.83835,40.502168],[-95.928992,40.485095],[-96.021364,40.474786],[-96.114606,40.47134],[-96.207848,40.474786],[-96.300221,40.485095],[-96.390862,40.502168],[-96.478925,40.525847],[-96.563585,40.555911],[-96.644043,40.592078],[-96.719541,40.634011],[-96.789359,40.681314],[-96.852829,40.733545],[-96.909338,40.790211],[-96.958334,40.850776],[-96.999332,40.914668],[-97.03192,40.98128],[-97.05576,41.049978],[-97.070599,41.120105],[-97.076265,41.190991],[-97.072673,41.261953],[-97.059828,41.332308],[-97.037825,41.401376],[-97.006849,41.468485],[-96.967173,41.532983],[-96.91916,41.59424],[-96.863256,41.651655],[-96.799991,41.704666],[-96.729969,41.75275],[-96.653866,41.795433],[-96.572426,41.832292],[-96.486444,41.862962],[-96.39677,41.887139],[-96.30429,41.904582],[-96.209923,41.915118],[-96.114606,41.918641]]]},"properties":{"siteId":"9156","propertyType":"PSI Authorized","category":"3P"}},{"type":"Feature","geometry":{"type":"Polygon","coordinates":[[[-96.014971,41.983222],[-95.919558,41.979699],[-95.825095,41.969163],[-95.732521,41.951719],[-95.642757,41.927542],[-95.556689,41.896871],[-95.475166,41.860011],[-95.398988,41.817328],[-95.328897,41.769243],[-95.265569,41.716231],[-95.209611,41.658814],[-95.161551,41.597557],[-95.121838,41.533058],[-95.090833,41.465948],[-95.06881,41.39688],[-95.055955,41.326525],[-95.052362,41.255563],[-95.058036,41.184677],[-95.072891,41.11455],[-95.096758,41.045852],[-95.129379,40.979241],[-95.170419,40.91535],[-95.219464,40.854785],[-95.27603,40.798121],[-95.339563,40.745891],[-95.40945,40.698588],[-95.485022,40.656657],[-95.565559,40.62049],[-95.6503,40.590427],[-95.738448,40.566748],[-95.829177,40.549675],[-95.921639,40.539367],[-96.014971,40.535921],[-96.108302,40.539367],[-96.200764,40.549675],[-96.291493,40.566748],[-96.379641,40.590427],[-96.464383,40.62049],[-96.54492,40.656657],[-96.620491,40.698588],[-96.690378,40.745891],[-96.753911,40.798121],[-96.810477,40.854785],[-96.859522,40.91535],[-96.900562,40.979241],[-96.933184,41.045852],[-96.95705,41.11455],[-96.971906,41.184677],[-96.977579,41.255563],[-96.973986,41.326525],[-96.961131,41.39688],[-96.939109,41.465948],[-96.908104,41.533058],[-96.86839,41.597557],[-96.820331,41.658814],[-96.764372,41.716231],[-96.701045,41.769243],[-96.630953,41.817328],[-96.554775,41.860011],[-96.473253,41.896871],[-96.387185,41.927542],[-96.29742,41.951719],[-96.204847,41.969163],[-96.110384,41.979699],[-96.014971,41.983222]]]},"properties":{"siteId":"10330","propertyType":"PSI Authorized","category":"3P"}},{"type":"Feature","geometry":{"type":"Polygon","coordinates":[[[-103.643833,42.59651],[-103.547486,42.592985],[-103.4521,42.582447],[-103.358623,42.564999],[-103.267984,42.540816],[-103.181081,42.510139],[-103.09877,42.473271],[-103.021859,42.430579],[-102.951097,42.382486],[-102.887168,42.329465],[-102.830683,42.272041],[-102.782176,42.210775],[-102.742099,42.14627],[-102.710817,42.079155],[-102.688605,42.010084],[-102.67565,41.939726],[-102.672045,41.868763],[-102.677796,41.797878],[-102.692815,41.727754],[-102.716929,41.659061],[-102.749878,41.592455],[-102.791324,41.52857],[-102.840848,41.468013],[-102.897959,41.411357],[-102.9621,41.359135],[-103.032651,41.311841],[-103.108936,41.269918],[-103.19023,41.233758],[-103.275765,41.203702],[-103.364737,41.180028],[-103.456311,41.162959],[-103.549633,41.152654],[-103.643833,41.149208],[-103.738032,41.152654],[-103.831354,41.162959],[-103.922929,41.180028],[-104.0119,41.203702],[-104.097435,41.233758],[-104.17873,41.269918],[-104.255015,41.311841],[-104.325566,41.359135],[-104.389707,41.411357],[-104.446818,41.468013],[-104.496342,41.52857],[-104.537787,41.592455],[-104.570737,41.659061],[-104.594851,41.727754],[-104.60987,41.797878],[-104.61562,41.868763],[-104.612016,41.939726],[-104.599061,42.010084],[-104.576849,42.079155],[-104.545566,42.14627],[-104.505489,42.210775],[-104.456983,42.272041],[-104.400498,42.329465],[-104.336569,42.382486],[-104.265807,42.430579],[-104.188896,42.473271],[-104.106585,42.510139],[-104.019682,42.540816],[-103.929043,42.564999],[-103.835566,42.582447],[-103.740179,42.592985],[-103.643833,42.59651]]]},"properties":{"siteId":"11797","propertyType":"PSI Authorized","category":"3P"}},{"type":"Feature","geometry":{"type":"Polygon","coordinates":[[[-102.966001,41.853477],[-102.870782,41.849953],[-102.77651,41.839418],[-102.684125,41.821975],[-102.594541,41.797799],[-102.508647,41.76713],[-102.427288,41.730271],[-102.351262,41.68759],[-102.28131,41.639506],[-102.218107,41.586496],[-102.162258,41.529081],[-102.114291,41.467825],[-102.074653,41.403328],[-102.043706,41.336219],[-102.021723,41.267153],[-102.008889,41.196798],[-102.005298,41.125835],[-102.010956,41.05495],[-102.025777,40.984822],[-102.049592,40.916124],[-102.082145,40.849511],[-102.123101,40.785618],[-102.172048,40.725052],[-102.2285,40.668386],[-102.291907,40.616154],[-102.361656,40.56885],[-102.437079,40.526916],[-102.517459,40.490748],[-102.602035,40.460684],[-102.690013,40.437004],[-102.780566,40.41993],[-102.872849,40.409622],[-102.966001,40.406175],[-103.059153,40.409622],[-103.151436,40.41993],[-103.241989,40.437004],[-103.329967,40.460684],[-103.414543,40.490748],[-103.494923,40.526916],[-103.570346,40.56885],[-103.640095,40.616154],[-103.703502,40.668386],[-103.759954,40.725052],[-103.808901,40.785618],[-103.849857,40.849511],[-103.88241,40.916124],[-103.906225,40.984822],[-103.921046,41.05495],[-103.926704,41.125835],[-103.923113,41.196798],[-103.910279,41.267153],[-103.888296,41.336219],[-103.857349,41.403328],[-103.817711,41.467825],[-103.769744,41.529081],[-103.713895,41.586496],[-103.650692,41.639506],[-103.58074,41.68759],[-103.504714,41.730271],[-103.423355,41.76713],[-103.337461,41.797799],[-103.247877,41.821975],[-103.155492,41.839418],[-103.06122,41.849953],[-102.966001,41.853477]]]},"properties":{"siteId":"5177","propertyType":"PSI Authorized","category":"3P"}},{"type":"Feature","geometry":{"type":"Polygon","coordinates":[[[-115.763605,41.55279],[-115.66883,41.549267],[-115.574998,41.538733],[-115.483042,41.521292],[-115.393875,41.497119],[-115.308378,41.466453],[-115.227394,41.429598],[-115.151717,41.38692],[-115.082084,41.338841],[-115.019167,41.285835],[-114.963569,41.228424],[-114.915815,41.167172],[-114.87635,41.102678],[-114.845535,41.035572],[-114.823642,40.966507],[-114.810856,40.896153],[-114.807271,40.825191],[-114.812892,40.754305],[-114.827636,40.684176],[-114.851333,40.615475],[-114.88373,40.54886],[-114.924493,40.484964],[-114.973211,40.424395],[-115.029404,40.367724],[-115.092522,40.315489],[-115.161955,40.26818],[-115.237038,40.226243],[-115.317057,40.190071],[-115.401256,40.160003],[-115.488842,40.136321],[-115.578993,40.119245],[-115.670866,40.108936],[-115.763605,40.105489],[-115.856343,40.108936],[-115.948217,40.119245],[-116.038368,40.136321],[-116.125953,40.160003],[-116.210152,40.190071],[-116.290171,40.226243],[-116.365255,40.26818],[-116.434688,40.315489],[-116.497806,40.367724],[-116.553998,40.424395],[-116.602717,40.484964],[-116.64348,40.54886],[-116.675877,40.615475],[-116.699574,40.684176],[-116.714318,40.754305],[-116.719939,40.825191],[-116.716353,40.896153],[-116.703567,40.966507],[-116.681674,41.035572],[-116.650859,41.102678],[-116.611394,41.167172],[-116.56364,41.228424],[-116.508042,41.285835],[-116.445125,41.338841],[-116.375492,41.38692],[-116.299815,41.429598],[-116.218831,41.466453],[-116.133335,41.497119],[-116.044168,41.521292],[-115.952212,41.538733],[-115.85838,41.549267],[-115.763605,41.55279]]]},"properties":{"siteId":"69","propertyType":"PSI Owned","category":"OO"}},{"type":"Feature","geometry":{"type":"Polygon","coordinates":[[[-115.118746,36.80906],[-115.03016,36.805543],[-114.942451,36.795027],[-114.856487,36.777615],[-114.773117,36.753481],[-114.693163,36.722862],[-114.617408,36.686062],[-114.546594,36.643443],[-114.481409,36.595424],[-114.422483,36.542479],[-114.37038,36.485126],[-114.325594,36.423927],[-114.288545,36.359479],[-114.259574,36.292411],[-114.238941,36.223373],[-114.226825,36.153036],[-114.223319,36.082079],[-114.228433,36.011185],[-114.242095,35.941037],[-114.264153,35.872308],[-114.294373,35.805653],[-114.332447,35.74171],[-114.377995,35.681087],[-114.430567,35.624358],[-114.489652,35.572063],[-114.554679,35.524694],[-114.625024,35.4827],[-114.700017,35.446476],[-114.778947,35.416362],[-114.861067,35.392642],[-114.945606,35.375538],[-115.031768,35.365211],[-115.118746,35.361758],[-115.205723,35.365211],[-115.291885,35.375538],[-115.376424,35.392642],[-115.458545,35.416362],[-115.537474,35.446476],[-115.612468,35.4827],[-115.682813,35.524694],[-115.747839,35.572063],[-115.806924,35.624358],[-115.859497,35.681087],[-115.905045,35.74171],[-115.943119,35.805653],[-115.973339,35.872308],[-115.995396,35.941037],[-116.009059,36.011185],[-116.014173,36.082079],[-116.010666,36.153036],[-115.99855,36.223373],[-115.977917,36.292411],[-115.948947,36.359479],[-115.911898,36.423927],[-115.867112,36.485126],[-115.815009,36.542479],[-115.756082,36.595424],[-115.690897,36.643443],[-115.620083,36.686062],[-115.544329,36.722862],[-115.464374,36.753481],[-115.381004,36.777615],[-115.29504,36.795027],[-115.207332,36.805543],[-115.118746,36.80906]]]},"properties":{"siteId":"18446","propertyType":"PSI Authorized","category":"3P"}},{"type":"Feature","geometry":{"type":"Polygon","coordinates":[[[-115.243052,36.865493],[-115.1544,36.861975],[-115.066627,36.851459],[-114.9806,36.834047],[-114.897169,36.809912],[-114.817155,36.779293],[-114.741345,36.742492],[-114.67048,36.699872],[-114.605248,36.651854],[-114.54628,36.598908],[-114.49414,36.541554],[-114.449322,36.480354],[-114.412248,36.415906],[-114.383258,36.348837],[-114.362612,36.279799],[-114.350488,36.209462],[-114.346981,36.138504],[-114.352101,36.067611],[-114.365774,35.997463],[-114.387849,35.928734],[-114.418092,35.86208],[-114.456195,35.798137],[-114.501776,35.737515],[-114.554387,35.680787],[-114.613514,35.628492],[-114.678588,35.581124],[-114.748983,35.539131],[-114.824029,35.502907],[-114.903014,35.472793],[-114.985193,35.449074],[-115.069791,35.43197],[-115.156013,35.421644],[-115.243052,35.418191],[-115.33009,35.421644],[-115.416313,35.43197],[-115.50091,35.449074],[-115.583089,35.472793],[-115.662074,35.502907],[-115.737121,35.539131],[-115.807516,35.581124],[-115.872589,35.628492],[-115.931717,35.680787],[-115.984327,35.737515],[-116.029909,35.798137],[-116.068011,35.86208],[-116.098254,35.928734],[-116.120329,35.997463],[-116.134003,36.067611],[-116.139122,36.138504],[-116.135615,36.209462],[-116.123492,36.279799],[-116.102846,36.348837],[-116.073855,36.415906],[-116.036781,36.480354],[-115.991964,36.541554],[-115.939824,36.598908],[-115.880855,36.651854],[-115.815623,36.699872],[-115.744758,36.742492],[-115.668948,36.779293],[-115.588935,36.809912],[-115.505503,36.834047],[-115.419476,36.851459],[-115.331703,36.861975],[-115.243052,36.865493]]]},"properties":{"siteId":"6321","propertyType":"TD TESTING","category":"3P"}},{"type":"Feature","geometry":{"type":"Polygon","coordinates":[[[-119.778478,40.19801],[-119.685623,40.194489],[-119.59369,40.18396],[-119.503593,40.166528],[-119.416224,40.142366],[-119.332446,40.111715],[-119.253084,40.074876],[-119.178915,40.032216],[-119.110661,39.984155],[-119.048982,39.931167],[-118.994467,39.873774],[-118.947633,39.812537],[-118.908917,39.748057],[-118.878673,39.680962],[-118.857171,39.611905],[-118.844591,39.541557],[-118.84103,39.470596],[-118.846494,39.399708],[-118.860902,39.329573],[-118.88409,39.260864],[-118.915812,39.194237],[-118.95574,39.130327],[-119.003476,39.069741],[-119.058546,39.013053],[-119.120413,38.9608],[-119.18848,38.913473],[-119.262094,38.871519],[-119.340555,38.835331],[-119.42312,38.80525],[-119.509012,38.781556],[-119.597423,38.764472],[-119.687526,38.754158],[-119.778478,38.750709],[-119.869431,38.754158],[-119.959534,38.764472],[-120.047945,38.781556],[-120.133836,38.80525],[-120.216402,38.835331],[-120.294863,38.871519],[-120.368477,38.913473],[-120.436544,38.9608],[-120.498411,39.013053],[-120.553481,39.069741],[-120.601216,39.130327],[-120.641145,39.194237],[-120.672867,39.260864],[-120.696055,39.329573],[-120.710463,39.399708],[-120.715926,39.470596],[-120.712365,39.541557],[-120.699786,39.611905],[-120.678284,39.680962],[-120.64804,39.748057],[-120.609324,39.812537],[-120.56249,39.873774],[-120.507975,39.931167],[-120.446296,39.984155],[-120.378042,40.032216],[-120.303873,40.074876],[-120.224511,40.111715],[-120.140733,40.142366],[-120.053364,40.166528],[-119.963266,40.18396],[-119.871334,40.194489],[-119.778478,40.19801]]]},"properties":{"siteId":"11959","propertyType":"PSI Authorized","category":"3P"}},{"type":"Feature","geometry":{"type":"Polygon","coordinates":[[[-72.578726,42.834158],[-72.48201,42.830633],[-72.386258,42.820093],[-72.292423,42.802644],[-72.201438,42.778459],[-72.114204,42.747779],[-72.031581,42.710908],[-71.95438,42.668213],[-71.883352,42.620116],[-71.819185,42.567092],[-71.762492,42.509664],[-71.713808,42.448396],[-71.673587,42.383888],[-71.642195,42.316771],[-71.619908,42.247698],[-71.606913,42.17734],[-71.603305,42.106376],[-71.609085,42.035492],[-71.624169,41.965368],[-71.648381,41.896677],[-71.681461,41.830073],[-71.723067,41.766191],[-71.77278,41.705637],[-71.830107,41.648984],[-71.894489,41.596766],[-71.965303,41.549475],[-72.041871,41.507555],[-72.123465,41.471399],[-72.209314,41.441344],[-72.298612,41.417673],[-72.390521,41.400606],[-72.484183,41.390301],[-72.578726,41.386856],[-72.673269,41.390301],[-72.766932,41.400606],[-72.858841,41.417673],[-72.948138,41.441344],[-73.033988,41.471399],[-73.115582,41.507555],[-73.19215,41.549475],[-73.262964,41.596766],[-73.327345,41.648984],[-73.384673,41.705637],[-73.434385,41.766191],[-73.475992,41.830073],[-73.509071,41.896677],[-73.533283,41.965368],[-73.548367,42.035492],[-73.554148,42.106376],[-73.550539,42.17734],[-73.537544,42.247698],[-73.515257,42.316771],[-73.483865,42.383888],[-73.443644,42.448396],[-73.394961,42.509664],[-73.338267,42.567092],[-73.2741,42.620116],[-73.203073,42.668213],[-73.125871,42.710908],[-73.043248,42.747779],[-72.956014,42.778459],[-72.865029,42.802644],[-72.771194,42.820093],[-72.675442,42.830633],[-72.578726,42.834158]]]},"properties":{"siteId":"5353","propertyType":"PSI Authorized","category":"3P"}},{"type":"Feature","geometry":{"type":"Polygon","coordinates":[[[-71.003086,42.941913],[-70.9062,42.938388],[-70.810281,42.927848],[-70.716283,42.910398],[-70.625139,42.886212],[-70.537754,42.855531],[-70.454988,42.818659],[-70.377654,42.775962],[-70.306505,42.727864],[-70.242229,42.674839],[-70.18544,42.617409],[-70.136676,42.55614],[-70.096389,42.491631],[-70.064946,42.424513],[-70.042625,42.355439],[-70.029612,42.28508],[-70.026001,42.214116],[-70.031796,42.143232],[-70.04691,42.073109],[-70.071166,42.004419],[-70.104306,41.937816],[-70.145985,41.873935],[-70.195785,41.813383],[-70.253211,41.756731],[-70.317703,41.704514],[-70.388637,41.657225],[-70.465334,41.615306],[-70.547065,41.579151],[-70.633058,41.549098],[-70.722505,41.525428],[-70.814567,41.508361],[-70.908385,41.498057],[-71.003086,41.494612],[-71.097786,41.498057],[-71.191604,41.508361],[-71.283666,41.525428],[-71.373113,41.549098],[-71.459106,41.579151],[-71.540837,41.615306],[-71.617534,41.657225],[-71.688468,41.704514],[-71.75296,41.756731],[-71.810386,41.813383],[-71.860186,41.873935],[-71.901865,41.937816],[-71.935005,42.004419],[-71.959261,42.073109],[-71.974375,42.143232],[-71.98017,42.214116],[-71.976559,42.28508],[-71.963546,42.355439],[-71.941225,42.424513],[-71.909782,42.491631],[-71.869495,42.55614],[-71.820731,42.617409],[-71.763942,42.674839],[-71.699666,42.727864],[-71.628517,42.775962],[-71.551183,42.818659],[-71.468417,42.855531],[-71.381032,42.886212],[-71.289889,42.910398],[-71.19589,42.927848],[-71.099971,42.938388],[-71.003086,42.941913]]]},"properties":{"siteId":"12008","propertyType":"PSI Authorized","category":"3P"}},{"type":"Feature","geometry":{"type":"Polygon","coordinates":[[[-71.788383,43.064623],[-71.691305,43.061097],[-71.595194,43.050557],[-71.501008,43.033106],[-71.409683,43.008919],[-71.322124,42.978236],[-71.239195,42.941363],[-71.161709,42.898664],[-71.090421,42.850564],[-71.02602,42.797537],[-70.969122,42.740106],[-70.920265,42.678835],[-70.879902,42.614325],[-70.848402,42.547205],[-70.826042,42.478131],[-70.813008,42.407771],[-70.809395,42.336808],[-70.815206,42.265924],[-70.830353,42.195801],[-70.854661,42.127112],[-70.887869,42.06051],[-70.929633,41.996631],[-70.979531,41.93608],[-71.037071,41.879429],[-71.101689,41.827215],[-71.17276,41.779927],[-71.249606,41.73801],[-71.331494,41.701856],[-71.417652,41.671805],[-71.507269,41.648135],[-71.599507,41.63107],[-71.693503,41.620766],[-71.788383,41.617321],[-71.883264,41.620766],[-71.97726,41.63107],[-72.069498,41.648135],[-72.159115,41.671805],[-72.245273,41.701856],[-72.327161,41.73801],[-72.404006,41.779927],[-72.475078,41.827215],[-72.539696,41.879429],[-72.597236,41.93608],[-72.647134,41.996631],[-72.688898,42.06051],[-72.722105,42.127112],[-72.746414,42.195801],[-72.761561,42.265924],[-72.767372,42.336808],[-72.763759,42.407771],[-72.750725,42.478131],[-72.728365,42.547205],[-72.696864,42.614325],[-72.656502,42.678835],[-72.607645,42.740106],[-72.550747,42.797537],[-72.486346,42.850564],[-72.415058,42.898664],[-72.337572,42.941363],[-72.254643,42.978236],[-72.167084,43.008919],[-72.075759,43.033106],[-71.981573,43.050557],[-71.885462,43.061097],[-71.788383,43.064623]]]},"properties":{"siteId":"12091","propertyType":"PSI Authorized","category":"3P"}},{"type":"Feature","geometry":{"type":"Polygon","coordinates":[[[-71.079756,43.105248],[-70.982613,43.101722],[-70.886438,43.091182],[-70.79219,43.073731],[-70.700805,43.049543],[-70.613188,43.01886],[-70.530204,42.981986],[-70.452668,42.939287],[-70.381334,42.891186],[-70.316891,42.838158],[-70.259957,42.780727],[-70.211069,42.719455],[-70.170682,42.654944],[-70.139163,42.587825],[-70.116789,42.51875],[-70.103748,42.44839],[-70.100135,42.377427],[-70.105951,42.306543],[-70.121109,42.236421],[-70.145435,42.167731],[-70.178665,42.10113],[-70.220456,42.037251],[-70.270388,41.976701],[-70.327965,41.920051],[-70.392625,41.867837],[-70.463743,41.820549],[-70.540637,41.778633],[-70.622578,41.74248],[-70.70879,41.712429],[-70.798464,41.68876],[-70.89076,41.671694],[-70.984816,41.661391],[-71.079756,41.657946],[-71.174696,41.661391],[-71.268752,41.671694],[-71.361048,41.68876],[-71.450722,41.712429],[-71.536934,41.74248],[-71.618875,41.778633],[-71.695769,41.820549],[-71.766887,41.867837],[-71.831547,41.920051],[-71.889124,41.976701],[-71.939056,42.037251],[-71.980847,42.10113],[-72.014077,42.167731],[-72.038403,42.236421],[-72.053561,42.306543],[-72.059377,42.377427],[-72.055764,42.44839],[-72.042723,42.51875],[-72.020349,42.587825],[-71.98883,42.654944],[-71.948443,42.719455],[-71.899555,42.780727],[-71.842621,42.838158],[-71.778178,42.891186],[-71.706844,42.939287],[-71.629308,42.981986],[-71.546324,43.01886],[-71.458707,43.049543],[-71.367322,43.073731],[-71.273074,43.091182],[-71.176899,43.101722],[-71.079756,43.105248]]]},"properties":{"siteId":"13349","propertyType":"PSI Authorized","category":"3P"}},{"type":"Feature","geometry":{"type":"Polygon","coordinates":[[[-71.136418,42.40667],[-71.040364,42.403146],[-70.945266,42.392608],[-70.852072,42.375162],[-70.761707,42.350981],[-70.675065,42.320305],[-70.593,42.28344],[-70.516319,42.240751],[-70.445767,42.19266],[-70.382026,42.139642],[-70.325705,42.08222],[-70.277339,42.020957],[-70.237375,41.956454],[-70.20618,41.88934],[-70.184027,41.82027],[-70.171103,41.749913],[-70.167502,41.67895],[-70.173229,41.608065],[-70.188197,41.53794],[-70.212233,41.469246],[-70.24508,41.402638],[-70.286399,41.338751],[-70.335773,41.278192],[-70.392713,41.221533],[-70.456664,41.169309],[-70.527007,41.122012],[-70.603069,41.080086],[-70.684127,41.043925],[-70.769413,41.013866],[-70.858127,40.990191],[-70.949437,40.973121],[-71.04249,40.962814],[-71.136418,40.959368],[-71.230346,40.962814],[-71.323399,40.973121],[-71.414709,40.990191],[-71.503423,41.013866],[-71.58871,41.043925],[-71.669767,41.080086],[-71.745829,41.122012],[-71.816172,41.169309],[-71.880123,41.221533],[-71.937063,41.278192],[-71.986437,41.338751],[-72.027756,41.402638],[-72.060603,41.469246],[-72.084639,41.53794],[-72.099607,41.608065],[-72.105334,41.67895],[-72.101733,41.749913],[-72.088809,41.82027],[-72.066656,41.88934],[-72.035461,41.956454],[-71.995497,42.020957],[-71.947131,42.08222],[-71.890811,42.139642],[-71.82707,42.19266],[-71.756517,42.240751],[-71.679836,42.28344],[-71.597771,42.320305],[-71.51113,42.350981],[-71.420764,42.375162],[-71.32757,42.392608],[-71.232472,42.403146],[-71.136418,42.40667]]]},"properties":{"siteId":"13350","propertyType":"PSI Authorized","category":"3P"}},{"type":"Feature","geometry":{"type":"Polygon","coordinates":[[[-74.147924,40.79288],[-74.054241,40.789358],[-73.961491,40.778827],[-73.870593,40.761391],[-73.782449,40.737225],[-73.697931,40.706567],[-73.617871,40.669721],[-73.543052,40.627053],[-73.474204,40.578985],[-73.411992,40.525989],[-73.35701,40.468588],[-73.30978,40.407344],[-73.270741,40.342858],[-73.240251,40.275758],[-73.218581,40.206698],[-73.205912,40.136347],[-73.202341,40.065386],[-73.207872,39.994498],[-73.222425,39.924366],[-73.245832,39.855661],[-73.277844,39.789039],[-73.318132,39.725135],[-73.366291,39.664556],[-73.421845,39.607876],[-73.484251,39.55563],[-73.552906,39.508311],[-73.627153,39.466365],[-73.706285,39.430184],[-73.789554,39.400108],[-73.876175,39.37642],[-73.965336,39.359339],[-74.056202,39.349027],[-74.147924,39.345579],[-74.239646,39.349027],[-74.330511,39.359339],[-74.419672,39.37642],[-74.506293,39.400108],[-74.589562,39.430184],[-74.668694,39.466365],[-74.742941,39.508311],[-74.811597,39.55563],[-74.874003,39.607876],[-74.929556,39.664556],[-74.977715,39.725135],[-75.018003,39.789039],[-75.050015,39.855661],[-75.073423,39.924366],[-75.087975,39.994498],[-75.093507,40.065386],[-75.089935,40.136347],[-75.077267,40.206698],[-75.055596,40.275758],[-75.025106,40.342858],[-74.986067,40.407344],[-74.938837,40.468588],[-74.883856,40.525989],[-74.821643,40.578985],[-74.752795,40.627053],[-74.677977,40.669721],[-74.597916,40.706567],[-74.513398,40.737225],[-74.425254,40.761391],[-74.334357,40.778827],[-74.241606,40.789358],[-74.147924,40.79288]]]},"properties":{"siteId":"5135","propertyType":"PSI Owned","category":"OO"}},{"type":"Feature","geometry":{"type":"Polygon","coordinates":[[[-74.064303,41.455731],[-73.96967,41.452208],[-73.875978,41.441674],[-73.78416,41.424234],[-73.695126,41.400061],[-73.609756,41.369396],[-73.528892,41.332543],[-73.453327,41.289866],[-73.383795,41.241789],[-73.32097,41.188784],[-73.265452,41.131374],[-73.217766,41.070123],[-73.178357,41.00563],[-73.147583,40.938525],[-73.125719,40.86946],[-73.112949,40.799107],[-73.109365,40.728145],[-73.114974,40.657259],[-73.129693,40.587129],[-73.153353,40.518428],[-73.1857,40.451812],[-73.226401,40.387915],[-73.275047,40.327344],[-73.331157,40.270673],[-73.394182,40.218436],[-73.463514,40.171126],[-73.538489,40.129187],[-73.618393,40.093015],[-73.702471,40.062946],[-73.789931,40.039263],[-73.879954,40.022186],[-73.971696,40.011877],[-74.064303,40.008429],[-74.156909,40.011877],[-74.248652,40.022186],[-74.338675,40.039263],[-74.426135,40.062946],[-74.510213,40.093015],[-74.590117,40.129187],[-74.665092,40.171126],[-74.734424,40.218436],[-74.797449,40.270673],[-74.853559,40.327344],[-74.902205,40.387915],[-74.942906,40.451812],[-74.975253,40.518428],[-74.998912,40.587129],[-75.013631,40.657259],[-75.019241,40.728145],[-75.015657,40.799107],[-75.002886,40.86946],[-74.981022,40.938525],[-74.950249,41.00563],[-74.91084,41.070123],[-74.863154,41.131374],[-74.807636,41.188784],[-74.74481,41.241789],[-74.675279,41.289866],[-74.599714,41.332543],[-74.51885,41.369396],[-74.43348,41.400061],[-74.344446,41.424234],[-74.252628,41.441674],[-74.158936,41.452208],[-74.064303,41.455731]]]},"properties":{"siteId":"10502","propertyType":"PSI Authorized","category":"3P"}},{"type":"Feature","geometry":{"type":"Polygon","coordinates":[[[-74.568304,40.082125],[-74.475607,40.078604],[-74.383831,40.068075],[-74.293887,40.050644],[-74.206666,40.026483],[-74.123029,39.995833],[-74.043801,39.958996],[-73.969756,39.916337],[-73.901616,39.868278],[-73.840039,39.815291],[-73.785613,39.757899],[-73.738855,39.696664],[-73.700201,39.632185],[-73.670004,39.565091],[-73.648534,39.496035],[-73.635972,39.425687],[-73.632413,39.354726],[-73.637863,39.283837],[-73.652244,39.213702],[-73.67539,39.144992],[-73.707056,39.078365],[-73.746916,39.014453],[-73.79457,38.953866],[-73.849548,38.897177],[-73.911312,38.844922],[-73.979266,38.797594],[-74.052759,38.755638],[-74.131092,38.719449],[-74.213522,38.689367],[-74.299274,38.665672],[-74.387542,38.648587],[-74.477499,38.638272],[-74.568304,38.634823],[-74.659109,38.638272],[-74.749066,38.648587],[-74.837334,38.665672],[-74.923086,38.689367],[-75.005516,38.719449],[-75.083849,38.755638],[-75.157342,38.797594],[-75.225296,38.844922],[-75.28706,38.897177],[-75.342038,38.953866],[-75.389692,39.014453],[-75.429552,39.078365],[-75.461218,39.144992],[-75.484364,39.213702],[-75.498745,39.283837],[-75.504195,39.354726],[-75.500636,39.425687],[-75.488074,39.496035],[-75.466604,39.565091],[-75.436407,39.632185],[-75.397753,39.696664],[-75.350995,39.757899],[-75.296569,39.815291],[-75.234992,39.868278],[-75.166852,39.916337],[-75.092807,39.958996],[-75.013579,39.995833],[-74.929943,40.026483],[-74.842722,40.050644],[-74.752777,40.068075],[-74.661001,40.078604],[-74.568304,40.082125]]]},"properties":{"siteId":"5134","propertyType":"PSI Owned","category":"OO"}},{"type":"Feature","geometry":{"type":"Polygon","coordinates":[[[-74.105188,41.53065],[-74.010445,41.527127],[-73.916646,41.516593],[-73.824721,41.499152],[-73.735584,41.474979],[-73.650117,41.444313],[-73.56916,41.407459],[-73.493509,41.364781],[-73.423899,41.316703],[-73.361003,41.263697],[-73.305423,41.206286],[-73.257685,41.145034],[-73.218233,41.08054],[-73.187427,41.013434],[-73.165541,40.94437],[-73.152758,40.874016],[-73.149173,40.803054],[-73.154792,40.732168],[-73.16953,40.662038],[-73.193218,40.593338],[-73.225604,40.526723],[-73.266352,40.462827],[-73.315054,40.402256],[-73.371228,40.345586],[-73.434325,40.29335],[-73.503735,40.246041],[-73.578793,40.204104],[-73.658786,40.167932],[-73.742957,40.137864],[-73.830514,40.114181],[-73.920636,40.097105],[-74.01248,40.086796],[-74.105188,40.083348],[-74.197896,40.086796],[-74.28974,40.097105],[-74.379862,40.114181],[-74.467419,40.137864],[-74.55159,40.167932],[-74.631583,40.204104],[-74.706641,40.246041],[-74.776051,40.29335],[-74.839148,40.345586],[-74.895322,40.402256],[-74.944024,40.462827],[-74.984772,40.526723],[-75.017158,40.593338],[-75.040846,40.662038],[-75.055584,40.732168],[-75.061203,40.803054],[-75.057618,40.874016],[-75.044835,40.94437],[-75.022949,41.013434],[-74.992143,41.08054],[-74.952691,41.145034],[-74.904953,41.206286],[-74.849373,41.263697],[-74.786477,41.316703],[-74.716867,41.364781],[-74.641216,41.407459],[-74.560259,41.444313],[-74.474792,41.474979],[-74.385655,41.499152],[-74.29373,41.516593],[-74.199931,41.527127],[-74.105188,41.53065]]]},"properties":{"siteId":"19438","propertyType":"PSI Authorized","category":"3P"}},{"type":"Feature","geometry":{"type":"Polygon","coordinates":[[[-74.943579,40.637321],[-74.850115,40.633799],[-74.757581,40.623268],[-74.666895,40.605834],[-74.578956,40.581668],[-74.494634,40.551012],[-74.414758,40.514168],[-74.340111,40.471502],[-74.27142,40.423436],[-74.209349,40.370442],[-74.15449,40.313043],[-74.107365,40.251801],[-74.068412,40.187317],[-74.037987,40.120218],[-74.01636,40.051159],[-74.003716,39.980808],[-74.000147,39.909847],[-74.00566,39.83896],[-74.020175,39.768827],[-74.043524,39.70012],[-74.075459,39.633497],[-74.115653,39.569592],[-74.163699,39.509011],[-74.219125,39.452329],[-74.281389,39.400081],[-74.349888,39.35276],[-74.423968,39.310812],[-74.502923,39.274629],[-74.586006,39.244552],[-74.672434,39.220862],[-74.761397,39.203781],[-74.852061,39.193468],[-74.943579,39.190019],[-75.035098,39.193468],[-75.125762,39.203781],[-75.214724,39.220862],[-75.301152,39.244552],[-75.384235,39.274629],[-75.46319,39.310812],[-75.53727,39.35276],[-75.60577,39.400081],[-75.668033,39.452329],[-75.723459,39.509011],[-75.771506,39.569592],[-75.811699,39.633497],[-75.843634,39.70012],[-75.866984,39.768827],[-75.881498,39.83896],[-75.887011,39.909847],[-75.883442,39.980808],[-75.870798,40.051159],[-75.849171,40.120218],[-75.818746,40.187317],[-75.779793,40.251801],[-75.732668,40.313043],[-75.67781,40.370442],[-75.615738,40.423436],[-75.547047,40.471502],[-75.4724,40.514168],[-75.392525,40.551012],[-75.308202,40.581668],[-75.220263,40.605834],[-75.129577,40.623268],[-75.037043,40.633799],[-74.943579,40.637321]]]},"properties":{"siteId":"18506","propertyType":"PSI Owned","category":"OO"}},{"type":"Feature","geometry":{"type":"Polygon","coordinates":[[[-74.680541,40.9788],[-74.586595,40.975277],[-74.493584,40.964745],[-74.402431,40.947308],[-74.31404,40.92314],[-74.229286,40.89248],[-74.149003,40.855632],[-74.073978,40.812962],[-74.00494,40.764891],[-73.942558,40.711893],[-73.887428,40.654489],[-73.840071,40.593244],[-73.80093,40.528755],[-73.770361,40.461654],[-73.748637,40.392593],[-73.73594,40.322241],[-73.732365,40.25128],[-73.737918,40.180392],[-73.752517,40.110261],[-73.775994,40.041557],[-73.808099,39.974937],[-73.848502,39.911035],[-73.896796,39.850458],[-73.952503,39.79378],[-74.015081,39.741537],[-74.083924,39.694221],[-74.158372,39.652276],[-74.237719,39.616098],[-74.321212,39.586024],[-74.408065,39.562337],[-74.497465,39.545258],[-74.588574,39.534946],[-74.680541,39.531498],[-74.772508,39.534946],[-74.863617,39.545258],[-74.953016,39.562337],[-75.03987,39.586024],[-75.123363,39.616098],[-75.202709,39.652276],[-75.277158,39.694221],[-75.346001,39.741537],[-75.408578,39.79378],[-75.464286,39.850458],[-75.51258,39.911035],[-75.552982,39.974937],[-75.585087,40.041557],[-75.608565,40.110261],[-75.623163,40.180392],[-75.628716,40.25128],[-75.625141,40.322241],[-75.612445,40.392593],[-75.59072,40.461654],[-75.560152,40.528755],[-75.52101,40.593244],[-75.473654,40.654489],[-75.418524,40.711893],[-75.356141,40.764891],[-75.287104,40.812962],[-75.212078,40.855632],[-75.131795,40.89248],[-75.047041,40.92314],[-74.958651,40.947308],[-74.867498,40.964745],[-74.774487,40.975277],[-74.680541,40.9788]]]},"properties":{"siteId":"5132","propertyType":"PSI Owned","category":"OO"}},{"type":"Feature","geometry":{"type":"Polygon","coordinates":[[[-74.4432,41.423451],[-74.348614,41.419928],[-74.254969,41.409394],[-74.163196,41.391954],[-74.074206,41.367782],[-73.988878,41.337117],[-73.908054,41.300264],[-73.832526,41.257588],[-73.763028,41.209511],[-73.700233,41.156507],[-73.644742,41.099098],[-73.597078,41.037847],[-73.557687,40.973354],[-73.526928,40.906249],[-73.505074,40.837185],[-73.492308,40.766831],[-73.488725,40.695869],[-73.494331,40.624983],[-73.509041,40.554853],[-73.532688,40.486152],[-73.565019,40.419536],[-73.605699,40.355639],[-73.654321,40.295067],[-73.710403,40.238395],[-73.773398,40.186158],[-73.842697,40.138847],[-73.917635,40.096909],[-73.997501,40.060735],[-74.081539,40.030666],[-74.168958,40.006983],[-74.258938,39.989907],[-74.350637,39.979597],[-74.4432,39.976149],[-74.535763,39.979597],[-74.627462,39.989907],[-74.717442,40.006983],[-74.804861,40.030666],[-74.888899,40.060735],[-74.968765,40.096909],[-75.043703,40.138847],[-75.113002,40.186158],[-75.175997,40.238395],[-75.232079,40.295067],[-75.280701,40.355639],[-75.321381,40.419536],[-75.353712,40.486152],[-75.377359,40.554853],[-75.392069,40.624983],[-75.397675,40.695869],[-75.394092,40.766831],[-75.381326,40.837185],[-75.359472,40.906249],[-75.328713,40.973354],[-75.289322,41.037847],[-75.241658,41.099098],[-75.186167,41.156507],[-75.123372,41.209511],[-75.053874,41.257588],[-74.978346,41.300264],[-74.897522,41.337117],[-74.812194,41.367782],[-74.723204,41.391954],[-74.631431,41.409394],[-74.537786,41.419928],[-74.4432,41.423451]]]},"properties":{"siteId":"5129","propertyType":"PSI Owned","category":"OO"}},{"type":"Feature","geometry":{"type":"Polygon","coordinates":[[[-74.486891,41.196481],[-74.392634,41.192959],[-74.299314,41.182426],[-74.207859,41.164988],[-74.119177,41.140817],[-74.034144,41.110155],[-73.953597,41.073305],[-73.878327,41.030632],[-73.809065,40.982557],[-73.746482,40.929556],[-73.691176,40.87215],[-73.64367,40.810902],[-73.604407,40.746411],[-73.573746,40.679308],[-73.551958,40.610246],[-73.539228,40.539893],[-73.535649,40.468931],[-73.541228,40.398045],[-73.555881,40.327914],[-73.579441,40.259211],[-73.611655,40.192593],[-73.652193,40.128693],[-73.700647,40.068119],[-73.756537,40.011444],[-73.819317,39.959204],[-73.888382,39.91189],[-73.963069,39.869949],[-74.042669,39.833773],[-74.126427,39.803701],[-74.213556,39.780016],[-74.303238,39.762938],[-74.394634,39.752627],[-74.486891,39.74918],[-74.579148,39.752627],[-74.670544,39.762938],[-74.760226,39.780016],[-74.847355,39.803701],[-74.931113,39.833773],[-75.010712,39.869949],[-75.0854,39.91189],[-75.154465,39.959204],[-75.217245,40.011444],[-75.273135,40.068119],[-75.321589,40.128693],[-75.362127,40.192593],[-75.394341,40.259211],[-75.417901,40.327914],[-75.432554,40.398045],[-75.438133,40.468931],[-75.434554,40.539893],[-75.421824,40.610246],[-75.400036,40.679308],[-75.369375,40.746411],[-75.330112,40.810902],[-75.282606,40.87215],[-75.2273,40.929556],[-75.164716,40.982557],[-75.095455,41.030632],[-75.020185,41.073305],[-74.939638,41.110155],[-74.854605,41.140817],[-74.765923,41.164988],[-74.674468,41.182426],[-74.581148,41.192959],[-74.486891,41.196481]]]},"properties":{"siteId":"13606","propertyType":"PSI Authorized","category":"3P"}},{"type":"Feature","geometry":{"type":"Polygon","coordinates":[[[-74.348019,41.576681],[-74.253209,41.573157],[-74.159342,41.562623],[-74.067353,41.545182],[-73.978153,41.521009],[-73.892625,41.490342],[-73.811611,41.453487],[-73.735907,41.410809],[-73.666248,41.36273],[-73.603309,41.309724],[-73.547691,41.252312],[-73.49992,41.19106],[-73.460442,41.126565],[-73.429616,41.059459],[-73.407716,40.990394],[-73.394926,40.92004],[-73.39134,40.849078],[-73.396964,40.778192],[-73.411714,40.708063],[-73.435421,40.639363],[-73.46783,40.572748],[-73.508608,40.508852],[-73.557345,40.448283],[-73.613558,40.391613],[-73.676698,40.339377],[-73.746156,40.292069],[-73.821267,40.250132],[-73.901314,40.213961],[-73.985543,40.183893],[-74.073159,40.160211],[-74.163342,40.143136],[-74.255248,40.132826],[-74.348019,40.129379],[-74.44079,40.132826],[-74.532696,40.143136],[-74.622879,40.160211],[-74.710495,40.183893],[-74.794724,40.213961],[-74.874772,40.250132],[-74.949882,40.292069],[-75.01934,40.339377],[-75.08248,40.391613],[-75.138693,40.448283],[-75.18743,40.508852],[-75.228208,40.572748],[-75.260617,40.639363],[-75.284324,40.708063],[-75.299074,40.778192],[-75.304698,40.849078],[-75.301112,40.92004],[-75.288322,40.990394],[-75.266422,41.059459],[-75.235596,41.126565],[-75.196118,41.19106],[-75.148347,41.252312],[-75.092729,41.309724],[-75.02979,41.36273],[-74.960131,41.410809],[-74.884427,41.453487],[-74.803414,41.490342],[-74.717886,41.521009],[-74.628685,41.545182],[-74.536696,41.562623],[-74.442829,41.573157],[-74.348019,41.576681]]]},"properties":{"siteId":"5131","propertyType":"PSI Owned","category":"OO"}},{"type":"Feature","geometry":{"type":"Polygon","coordinates":[[[-74.084727,41.641637],[-73.989821,41.638114],[-73.89586,41.627579],[-73.803778,41.610138],[-73.714489,41.585964],[-73.628875,41.555297],[-73.547781,41.518441],[-73.472002,41.475762],[-73.402275,41.427682],[-73.339274,41.374675],[-73.283602,41.317263],[-73.235785,41.256009],[-73.19627,41.191514],[-73.165416,41.124407],[-73.143496,41.055342],[-73.130696,40.984988],[-73.127109,40.914025],[-73.132741,40.843139],[-73.147508,40.773011],[-73.171239,40.704311],[-73.203682,40.637697],[-73.244502,40.573802],[-73.293287,40.513233],[-73.349556,40.456564],[-73.412759,40.404329],[-73.482285,40.357022],[-73.557468,40.315086],[-73.637593,40.278915],[-73.721903,40.248848],[-73.809604,40.225167],[-73.899873,40.208092],[-73.991867,40.197783],[-74.084727,40.194335],[-74.177587,40.197783],[-74.269581,40.208092],[-74.35985,40.225167],[-74.447551,40.248848],[-74.531861,40.278915],[-74.611986,40.315086],[-74.687169,40.357022],[-74.756695,40.404329],[-74.819898,40.456564],[-74.876167,40.513233],[-74.924952,40.573802],[-74.965772,40.637697],[-74.998215,40.704311],[-75.021946,40.773011],[-75.036713,40.843139],[-75.042345,40.914025],[-75.038758,40.984988],[-75.025958,41.055342],[-75.004038,41.124407],[-74.973184,41.191514],[-74.933669,41.256009],[-74.885852,41.317263],[-74.83018,41.374675],[-74.767179,41.427682],[-74.697452,41.475762],[-74.621673,41.518441],[-74.540579,41.555297],[-74.454965,41.585964],[-74.365676,41.610138],[-74.273594,41.627579],[-74.179633,41.638114],[-74.084727,41.641637]]]},"properties":{"siteId":"10781","propertyType":"PSI Owned","category":"OO"}},{"type":"Feature","geometry":{"type":"Polygon","coordinates":[[[-74.418931,41.277308],[-74.324557,41.273785],[-74.231122,41.263252],[-74.139554,41.245814],[-74.050763,41.221642],[-73.965625,41.190979],[-73.88498,41.154128],[-73.809618,41.111454],[-73.740273,41.063379],[-73.677615,41.010376],[-73.622243,40.952969],[-73.574681,40.89172],[-73.535372,40.827229],[-73.504676,40.760125],[-73.482865,40.691062],[-73.470122,40.620709],[-73.466542,40.549747],[-73.47213,40.47886],[-73.486804,40.40873],[-73.510394,40.340028],[-73.54265,40.27341],[-73.583239,40.209512],[-73.631752,40.148939],[-73.68771,40.092265],[-73.750567,40.040025],[-73.819714,39.992713],[-73.894491,39.950772],[-73.974185,39.914597],[-74.058042,39.884527],[-74.145274,39.860842],[-74.235062,39.843765],[-74.326565,39.833454],[-74.418931,39.830007],[-74.511296,39.833454],[-74.6028,39.843765],[-74.692588,39.860842],[-74.779819,39.884527],[-74.863677,39.914597],[-74.943371,39.950772],[-75.018147,39.992713],[-75.087295,40.040025],[-75.150152,40.092265],[-75.20611,40.148939],[-75.254623,40.209512],[-75.295212,40.27341],[-75.327467,40.340028],[-75.351058,40.40873],[-75.365732,40.47886],[-75.37132,40.549747],[-75.36774,40.620709],[-75.354997,40.691062],[-75.333185,40.760125],[-75.302489,40.827229],[-75.263181,40.89172],[-75.215619,40.952969],[-75.160247,41.010376],[-75.097589,41.063379],[-75.028244,41.111454],[-74.952882,41.154128],[-74.872237,41.190979],[-74.787099,41.221642],[-74.698308,41.245814],[-74.60674,41.263252],[-74.513305,41.273785],[-74.418931,41.277308]]]},"properties":{"siteId":"10211","propertyType":"PSI Authorized","category":"3P"}},{"type":"Feature","geometry":{"type":"Polygon","coordinates":[[[-75.363086,40.488426],[-75.26983,40.484904],[-75.177501,40.474374],[-75.087016,40.45694],[-74.999272,40.432776],[-74.915135,40.402121],[-74.835435,40.365279],[-74.760951,40.322616],[-74.692409,40.274551],[-74.630472,40.221559],[-74.575731,40.164162],[-74.528705,40.102922],[-74.489833,40.038439],[-74.459469,39.971342],[-74.437885,39.902283],[-74.425263,39.831933],[-74.421697,39.760972],[-74.427193,39.690084],[-74.441671,39.619951],[-74.464966,39.551244],[-74.496828,39.484619],[-74.536931,39.420712],[-74.584871,39.36013],[-74.640176,39.303446],[-74.702304,39.251196],[-74.770656,39.203873],[-74.844577,39.161923],[-74.923363,39.125738],[-75.006269,39.09566],[-75.092514,39.071968],[-75.181288,39.054886],[-75.271761,39.044573],[-75.363086,39.041124],[-75.454411,39.044573],[-75.544884,39.054886],[-75.633658,39.071968],[-75.719903,39.09566],[-75.802809,39.125738],[-75.881596,39.161923],[-75.955516,39.203873],[-76.023868,39.251196],[-76.085997,39.303446],[-76.141301,39.36013],[-76.189241,39.420712],[-76.229344,39.484619],[-76.261207,39.551244],[-76.284501,39.619951],[-76.298979,39.690084],[-76.304475,39.760972],[-76.300909,39.831933],[-76.288287,39.902283],[-76.266703,39.971342],[-76.23634,40.038439],[-76.197467,40.102922],[-76.150441,40.164162],[-76.095701,40.221559],[-76.033763,40.274551],[-75.965221,40.322616],[-75.890737,40.365279],[-75.811037,40.402121],[-75.726901,40.432776],[-75.639156,40.45694],[-75.548671,40.474374],[-75.456342,40.484904],[-75.363086,40.488426]]]},"properties":{"siteId":"6662","propertyType":"MG TESTING","category":"3P"}},{"type":"Feature","geometry":{"type":"Polygon","coordinates":[[[-106.586437,35.919014],[-106.498858,35.915498],[-106.412146,35.904985],[-106.327157,35.887579],[-106.244731,35.863451],[-106.165678,35.832841],[-106.090775,35.79605],[-106.020753,35.753441],[-105.956292,35.705433],[-105.898016,35.652498],[-105.846482,35.595155],[-105.802179,35.533966],[-105.765524,35.469526],[-105.736854,35.402464],[-105.716427,35.333431],[-105.704419,35.263097],[-105.700926,35.19214],[-105.705958,35.121246],[-105.719445,35.051095],[-105.741236,34.98236],[-105.771101,34.915699],[-105.808738,34.851747],[-105.853769,34.791115],[-105.905752,34.734376],[-105.964181,34.68207],[-106.02849,34.634691],[-106.098064,34.592687],[-106.172238,34.556453],[-106.25031,34.526332],[-106.331541,34.502605],[-106.415165,34.485496],[-106.500397,34.475167],[-106.586437,34.471713],[-106.672476,34.475167],[-106.757708,34.485496],[-106.841333,34.502605],[-106.922563,34.526332],[-107.000635,34.556453],[-107.07481,34.592687],[-107.144383,34.634691],[-107.208693,34.68207],[-107.267121,34.734376],[-107.319104,34.791115],[-107.364136,34.851747],[-107.401772,34.915699],[-107.431638,34.98236],[-107.453428,35.051095],[-107.466915,35.121246],[-107.471947,35.19214],[-107.468454,35.263097],[-107.456447,35.333431],[-107.43602,35.402464],[-107.407349,35.469526],[-107.370694,35.533966],[-107.326392,35.595155],[-107.274858,35.652498],[-107.216581,35.705433],[-107.152121,35.753441],[-107.082098,35.79605],[-107.007195,35.832841],[-106.928142,35.863451],[-106.845716,35.887579],[-106.760727,35.904985],[-106.674015,35.915498],[-106.586437,35.919014]]]},"properties":{"siteId":"19030","propertyType":"PSI Owned","category":"OO"}},{"type":"Feature","geometry":{"type":"Polygon","coordinates":[[[-108.191021,37.471821],[-108.101656,37.468303],[-108.013176,37.457784],[-107.926457,37.440369],[-107.842357,37.416229],[-107.761704,37.385605],[-107.685291,37.348797],[-107.613865,37.30617],[-107.548119,37.258144],[-107.48869,37.205191],[-107.436147,37.14783],[-107.390987,37.086624],[-107.353633,37.02217],[-107.32443,36.955096],[-107.303639,36.886055],[-107.291438,36.815716],[-107.287921,36.744758],[-107.293099,36.673865],[-107.306898,36.60372],[-107.329161,36.534994],[-107.359655,36.468345],[-107.398068,36.404408],[-107.444015,36.343792],[-107.497044,36.287071],[-107.556637,36.234783],[-107.622219,36.187423],[-107.693161,36.145436],[-107.768787,36.109219],[-107.848381,36.079111],[-107.93119,36.055396],[-108.016436,36.038296],[-108.103317,36.027971],[-108.191021,36.024519],[-108.278724,36.027971],[-108.365606,36.038296],[-108.450852,36.055396],[-108.533661,36.079111],[-108.613255,36.109219],[-108.688881,36.145436],[-108.759823,36.187423],[-108.825405,36.234783],[-108.884998,36.287071],[-108.938026,36.343792],[-108.983973,36.404408],[-109.022386,36.468345],[-109.05288,36.534994],[-109.075144,36.60372],[-109.088943,36.673865],[-109.094121,36.744758],[-109.090604,36.815716],[-109.078403,36.886055],[-109.057612,36.955096],[-109.028408,37.02217],[-108.991055,37.086624],[-108.945895,37.14783],[-108.893351,37.205191],[-108.833922,37.258144],[-108.768177,37.30617],[-108.69675,37.348797],[-108.620337,37.385605],[-108.539684,37.416229],[-108.455584,37.440369],[-108.368866,37.457784],[-108.280386,37.468303],[-108.191021,37.471821]]]},"properties":{"siteId":"5040","propertyType":"PSI Owned","category":"OO"}},{"type":"Feature","geometry":{"type":"Polygon","coordinates":[[[-108.166316,37.494725],[-108.076923,37.491207],[-107.988416,37.480688],[-107.901671,37.463273],[-107.817546,37.439133],[-107.736868,37.408508],[-107.660432,37.3717],[-107.588984,37.329073],[-107.523219,37.281047],[-107.463772,37.228093],[-107.411213,37.170732],[-107.36604,37.109526],[-107.328676,37.045071],[-107.299465,36.977998],[-107.278667,36.908957],[-107.266463,36.838617],[-107.262947,36.767659],[-107.268127,36.696767],[-107.28193,36.626621],[-107.304201,36.557896],[-107.334705,36.491247],[-107.37313,36.42731],[-107.419091,36.366694],[-107.472135,36.309973],[-107.531746,36.257686],[-107.597347,36.210326],[-107.66831,36.168339],[-107.743959,36.132122],[-107.823576,36.102015],[-107.906409,36.0783],[-107.99168,36.0612],[-108.078587,36.050875],[-108.166316,36.047423],[-108.254045,36.050875],[-108.340952,36.0612],[-108.426223,36.0783],[-108.509056,36.102015],[-108.588673,36.132122],[-108.664322,36.168339],[-108.735285,36.210326],[-108.800886,36.257686],[-108.860497,36.309973],[-108.913541,36.366694],[-108.959503,36.42731],[-108.997927,36.491247],[-109.028431,36.557896],[-109.050702,36.626621],[-109.064505,36.696767],[-109.069686,36.767659],[-109.066169,36.838617],[-109.053965,36.908957],[-109.033168,36.977998],[-109.003956,37.045071],[-108.966592,37.109526],[-108.921419,37.170732],[-108.86886,37.228093],[-108.809413,37.281047],[-108.743648,37.329073],[-108.6722,37.3717],[-108.595764,37.408508],[-108.515086,37.439133],[-108.430961,37.463273],[-108.344216,37.480688],[-108.255709,37.491207],[-108.166316,37.494725]]]},"properties":{"siteId":"13160","propertyType":"PSI Authorized","category":"3P"}},{"type":"Feature","geometry":{"type":"Polygon","coordinates":[[[-106.770645,33.042938],[-106.686035,33.039425],[-106.60226,33.028921],[-106.520145,33.01153],[-106.440499,32.987424],[-106.364105,32.956839],[-106.29171,32.920077],[-106.22402,32.8775],[-106.161694,32.829525],[-106.105332,32.776622],[-106.055475,32.719311],[-106.012597,32.658149],[-105.977101,32.593734],[-105.949317,32.526693],[-105.929495,32.457675],[-105.91781,32.38735],[-105.914355,32.316396],[-105.919145,32.245497],[-105.932113,32.175336],[-105.953118,32.106586],[-105.981939,32.039904],[-106.018286,31.975927],[-106.061796,31.915265],[-106.112043,31.858496],[-106.168536,31.806158],[-106.230731,31.758747],[-106.298031,31.716712],[-106.369794,31.68045],[-106.445338,31.650303],[-106.523947,31.626556],[-106.604879,31.609432],[-106.68737,31.599093],[-106.770645,31.595636],[-106.853921,31.599093],[-106.936412,31.609432],[-107.017344,31.626556],[-107.095953,31.650303],[-107.171496,31.68045],[-107.243259,31.716712],[-107.31056,31.758747],[-107.372755,31.806158],[-107.429248,31.858496],[-107.479495,31.915265],[-107.523005,31.975927],[-107.559352,32.039904],[-107.588173,32.106586],[-107.609178,32.175336],[-107.622146,32.245497],[-107.626936,32.316396],[-107.623481,32.38735],[-107.611796,32.457675],[-107.591974,32.526693],[-107.564189,32.593734],[-107.528694,32.658149],[-107.485816,32.719311],[-107.435959,32.776622],[-107.379597,32.829525],[-107.317271,32.8775],[-107.249581,32.920077],[-107.177186,32.956839],[-107.100792,32.987424],[-107.021146,33.01153],[-106.939031,33.028921],[-106.855256,33.039425],[-106.770645,33.042938]]]},"properties":{"siteId":"5003","propertyType":"PSI Owned","category":"OO"}},{"type":"Feature","geometry":{"type":"Polygon","coordinates":[[[-104.522625,34.12138],[-104.436951,34.117866],[-104.352123,34.107359],[-104.268978,34.089962],[-104.188336,34.065848],[-104.110989,34.035254],[-104.037695,33.998481],[-103.969169,33.955892],[-103.906078,33.907905],[-103.84903,33.854991],[-103.798572,33.797668],[-103.755183,33.736496],[-103.719272,33.672072],[-103.69117,33.605023],[-103.671131,33.535999],[-103.659331,33.465671],[-103.655862,33.394716],[-103.660739,33.323819],[-103.673893,33.253662],[-103.69518,33.184917],[-103.724375,33.118242],[-103.761185,33.054275],[-103.80524,32.993624],[-103.856109,32.936866],[-103.913296,32.884539],[-103.976249,32.83714],[-104.044364,32.795116],[-104.116991,32.758865],[-104.193441,32.728727],[-104.272989,32.704988],[-104.354886,32.68787],[-104.43836,32.677534],[-104.522625,32.674078],[-104.606891,32.677534],[-104.690365,32.68787],[-104.772262,32.704988],[-104.85181,32.728727],[-104.92826,32.758865],[-105.000887,32.795116],[-105.069002,32.83714],[-105.131955,32.884539],[-105.189142,32.936866],[-105.240011,32.993624],[-105.284066,33.054275],[-105.320875,33.118242],[-105.350071,33.184917],[-105.371358,33.253662],[-105.384512,33.323819],[-105.389388,33.394716],[-105.38592,33.465671],[-105.374119,33.535999],[-105.354081,33.605023],[-105.325979,33.672072],[-105.290067,33.736496],[-105.246679,33.797668],[-105.196221,33.854991],[-105.139173,33.907905],[-105.076082,33.955892],[-105.007556,33.998481],[-104.934262,34.035254],[-104.856915,34.065848],[-104.776272,34.089962],[-104.693127,34.107359],[-104.608299,34.117866],[-104.522625,34.12138]]]},"properties":{"siteId":"5004","propertyType":"PSI Owned","category":"OO"}},{"type":"Feature","geometry":{"type":"Polygon","coordinates":[[[-106.016837,36.358098],[-105.928767,36.354582],[-105.841568,36.344067],[-105.756104,36.326658],[-105.673217,36.302527],[-105.593725,36.271913],[-105.518406,36.235117],[-105.447997,36.192503],[-105.383183,36.14449],[-105.32459,36.09155],[-105.272778,36.034203],[-105.22824,35.973008],[-105.191393,35.908564],[-105.162576,35.841499],[-105.142048,35.772464],[-105.129988,35.702129],[-105.126488,35.631172],[-105.13156,35.560278],[-105.145133,35.490128],[-105.167054,35.421396],[-105.197092,35.354738],[-105.234942,35.290791],[-105.280226,35.230162],[-105.332496,35.173429],[-105.391245,35.121128],[-105.455904,35.073754],[-105.525854,35.031755],[-105.600428,34.995526],[-105.678918,34.965408],[-105.760583,34.941685],[-105.844654,34.924578],[-105.93034,34.91425],[-106.016837,34.910797],[-106.103333,34.91425],[-106.189019,34.924578],[-106.27309,34.941685],[-106.354755,34.965408],[-106.433245,34.995526],[-106.507819,35.031755],[-106.577769,35.073754],[-106.642428,35.121128],[-106.701177,35.173429],[-106.753447,35.230162],[-106.798731,35.290791],[-106.836581,35.354738],[-106.866619,35.421396],[-106.88854,35.490128],[-106.902113,35.560278],[-106.907185,35.631172],[-106.903685,35.702129],[-106.891625,35.772464],[-106.871097,35.841499],[-106.84228,35.908564],[-106.805433,35.973008],[-106.760895,36.034203],[-106.709083,36.09155],[-106.65049,36.14449],[-106.585676,36.192503],[-106.515267,36.235117],[-106.439949,36.271913],[-106.360456,36.302527],[-106.277569,36.326658],[-106.192105,36.344067],[-106.104906,36.354582],[-106.016837,36.358098]]]},"properties":{"siteId":"5039","propertyType":"PSI Owned","category":"OO"}},{"type":"Feature","geometry":{"type":"Polygon","coordinates":[[[-73.799553,43.441551],[-73.701871,43.438026],[-73.605164,43.427483],[-73.510395,43.41003],[-73.418505,43.385839],[-73.330407,43.355152],[-73.246969,43.318274],[-73.16901,43.27557],[-73.097289,43.227465],[-73.0325,43.174432],[-72.975262,43.116996],[-72.926117,43.05572],[-72.88552,42.991206],[-72.853841,42.924083],[-72.831359,42.855006],[-72.81826,42.784645],[-72.81464,42.713681],[-72.8205,42.642798],[-72.835754,42.572677],[-72.860222,42.50399],[-72.893641,42.437392],[-72.935667,42.373517],[-72.985874,42.312971],[-73.043766,42.256326],[-73.108776,42.204116],[-73.180276,42.156834],[-73.257582,42.114922],[-73.339959,42.078773],[-73.426629,42.048725],[-73.516778,42.02506],[-73.609561,42.007996],[-73.704113,41.997694],[-73.799553,41.99425],[-73.894993,41.997694],[-73.989545,42.007996],[-74.082328,42.02506],[-74.172476,42.048725],[-74.259146,42.078773],[-74.341523,42.114922],[-74.418829,42.156834],[-74.490329,42.204116],[-74.555339,42.256326],[-74.613231,42.312971],[-74.663438,42.373517],[-74.705464,42.437392],[-74.738884,42.50399],[-74.763352,42.572677],[-74.778605,42.642798],[-74.784465,42.713681],[-74.780845,42.784645],[-74.767747,42.855006],[-74.745264,42.924083],[-74.713585,42.991206],[-74.672988,43.05572],[-74.623843,43.116996],[-74.566605,43.174432],[-74.501816,43.227465],[-74.430095,43.27557],[-74.352136,43.318274],[-74.268698,43.355152],[-74.1806,43.385839],[-74.088711,43.41003],[-73.993941,43.427483],[-73.897234,43.438026],[-73.799553,43.441551]]]},"properties":{"siteId":"11704","propertyType":"PSI Authorized","category":"3P"}},{"type":"Feature","geometry":{"type":"Polygon","coordinates":[[[-73.867805,43.435762],[-73.770132,43.432236],[-73.673435,43.421694],[-73.578674,43.404241],[-73.486794,43.38005],[-73.398704,43.349363],[-73.315274,43.312485],[-73.237322,43.269781],[-73.165608,43.221676],[-73.100825,43.168643],[-73.043592,43.111207],[-72.994451,43.049931],[-72.953858,42.985417],[-72.922182,42.918294],[-72.899701,42.849217],[-72.886604,42.778856],[-72.882984,42.707892],[-72.888844,42.637009],[-72.904095,42.566888],[-72.928561,42.498201],[-72.961977,42.431603],[-73.003998,42.367728],[-73.054201,42.307182],[-73.112087,42.250537],[-73.177091,42.198327],[-73.248585,42.151044],[-73.325884,42.109132],[-73.408253,42.072984],[-73.494915,42.042936],[-73.585055,42.01927],[-73.67783,42.002207],[-73.772373,41.991905],[-73.867805,41.98846],[-73.963236,41.991905],[-74.057779,42.002207],[-74.150554,42.01927],[-74.240694,42.042936],[-74.327356,42.072984],[-74.409725,42.109132],[-74.487024,42.151044],[-74.558518,42.198327],[-74.623522,42.250537],[-74.681408,42.307182],[-74.731611,42.367728],[-74.773632,42.431603],[-74.807049,42.498201],[-74.831514,42.566888],[-74.846766,42.637009],[-74.852626,42.707892],[-74.849005,42.778856],[-74.835908,42.849217],[-74.813427,42.918294],[-74.781751,42.985417],[-74.741158,43.049931],[-74.692017,43.111207],[-74.634784,43.168643],[-74.570002,43.221676],[-74.498288,43.269781],[-74.420336,43.312485],[-74.336905,43.349363],[-74.248815,43.38005],[-74.156935,43.404241],[-74.062175,43.421694],[-73.965477,43.432236],[-73.867805,43.435762]]]},"properties":{"siteId":"17817","propertyType":"PSI Authorized","category":"3P"}},{"type":"Feature","geometry":{"type":"Polygon","coordinates":[[[-73.842857,41.571601],[-73.748054,41.568078],[-73.654195,41.557543],[-73.562212,41.540102],[-73.473019,41.515929],[-73.387498,41.485262],[-73.306491,41.448408],[-73.230792,41.40573],[-73.161139,41.35765],[-73.098205,41.304644],[-73.042591,41.247233],[-72.994824,41.18598],[-72.955348,41.121486],[-72.924525,41.05438],[-72.902626,40.985315],[-72.889837,40.914961],[-72.886251,40.843999],[-72.891875,40.773112],[-72.906623,40.702983],[-72.930328,40.634283],[-72.962734,40.567668],[-73.003509,40.503773],[-73.052242,40.443203],[-73.108451,40.386533],[-73.171587,40.334298],[-73.241039,40.286989],[-73.316144,40.245052],[-73.396185,40.208881],[-73.480408,40.178813],[-73.568017,40.155131],[-73.658194,40.138056],[-73.750093,40.127746],[-73.842857,40.124299],[-73.935621,40.127746],[-74.02752,40.138056],[-74.117696,40.155131],[-74.205306,40.178813],[-74.289528,40.208881],[-74.36957,40.245052],[-74.444674,40.286989],[-74.514127,40.334298],[-74.577263,40.386533],[-74.633471,40.443203],[-74.682204,40.503773],[-74.722979,40.567668],[-74.755386,40.634283],[-74.77909,40.702983],[-74.793839,40.773112],[-74.799462,40.843999],[-74.795876,40.914961],[-74.783087,40.985315],[-74.761189,41.05438],[-74.730365,41.121486],[-74.69089,41.18598],[-74.643123,41.247233],[-74.587509,41.304644],[-74.524574,41.35765],[-74.454921,41.40573],[-74.379222,41.448408],[-74.298215,41.485262],[-74.212694,41.515929],[-74.123501,41.540102],[-74.031519,41.557543],[-73.937659,41.568078],[-73.842857,41.571601]]]},"properties":{"siteId":"11553","propertyType":"PSI Owned","category":"OO"}},{"type":"Feature","geometry":{"type":"Polygon","coordinates":[[[-73.970335,41.368512],[-73.875829,41.364989],[-73.782263,41.354456],[-73.690567,41.337016],[-73.601652,41.312844],[-73.516396,41.28218],[-73.43564,41.245328],[-73.360174,41.202653],[-73.290734,41.154576],[-73.22799,41.101573],[-73.172544,41.044164],[-73.124918,40.982914],[-73.085559,40.918422],[-73.054823,40.851317],[-73.032985,40.782253],[-73.020228,40.7119],[-73.016646,40.640938],[-73.022245,40.570052],[-73.036942,40.499922],[-73.060567,40.431221],[-73.09287,40.364604],[-73.133516,40.300706],[-73.182097,40.240134],[-73.238132,40.183461],[-73.301075,40.131223],[-73.370317,40.083912],[-73.445194,40.041972],[-73.524995,40.005798],[-73.608965,39.975729],[-73.696313,39.952045],[-73.786221,39.934968],[-73.877847,39.924658],[-73.970335,39.92121],[-74.062823,39.924658],[-74.154449,39.934968],[-74.244356,39.952045],[-74.331705,39.975729],[-74.415675,40.005798],[-74.495476,40.041972],[-74.570353,40.083912],[-74.639595,40.131223],[-74.702538,40.183461],[-74.758573,40.240134],[-74.807154,40.300706],[-74.8478,40.364604],[-74.880102,40.431221],[-74.903728,40.499922],[-74.918425,40.570052],[-74.924024,40.640938],[-74.920442,40.7119],[-74.907685,40.782253],[-74.885847,40.851317],[-74.855111,40.918422],[-74.815751,40.982914],[-74.768126,41.044164],[-74.71268,41.101573],[-74.649936,41.154576],[-74.580496,41.202653],[-74.50503,41.245328],[-74.424274,41.28218],[-74.339018,41.312844],[-74.250102,41.337016],[-74.158407,41.354456],[-74.064841,41.364989],[-73.970335,41.368512]]]},"properties":{"siteId":"11555","propertyType":"PSI Owned","category":"OO"}},{"type":"Feature","geometry":{"type":"Polygon","coordinates":[[[-73.9442,41.404551],[-73.849642,41.401029],[-73.756024,41.390495],[-73.664278,41.373055],[-73.575313,41.348883],[-73.490011,41.318219],[-73.40921,41.281366],[-73.333703,41.23869],[-73.264225,41.190613],[-73.201448,41.137609],[-73.145972,41.0802],[-73.098321,41.018949],[-73.058941,40.954457],[-73.02819,40.887352],[-73.006341,40.818288],[-72.993578,40.747935],[-72.989996,40.676973],[-72.995599,40.606086],[-73.010305,40.535957],[-73.033945,40.467255],[-73.066266,40.400639],[-73.106934,40.336741],[-73.155542,40.27617],[-73.211608,40.219498],[-73.274585,40.16726],[-73.343864,40.119949],[-73.418782,40.07801],[-73.498625,40.041837],[-73.58264,40.011767],[-73.670034,39.988084],[-73.759989,39.971007],[-73.851663,39.960697],[-73.9442,39.95725],[-74.036737,39.960697],[-74.128411,39.971007],[-74.218366,39.988084],[-74.305761,40.011767],[-74.389775,40.041837],[-74.469619,40.07801],[-74.544537,40.119949],[-74.613816,40.16726],[-74.676792,40.219498],[-74.732858,40.27617],[-74.781466,40.336741],[-74.822135,40.400639],[-74.854456,40.467255],[-74.878095,40.535957],[-74.892801,40.606086],[-74.898405,40.676973],[-74.894822,40.747935],[-74.882059,40.818288],[-74.86021,40.887352],[-74.829459,40.954457],[-74.790079,41.018949],[-74.742429,41.0802],[-74.686953,41.137609],[-74.624175,41.190613],[-74.554698,41.23869],[-74.479191,41.281366],[-74.39839,41.318219],[-74.313087,41.348883],[-74.224123,41.373055],[-74.132377,41.390495],[-74.038759,41.401029],[-73.9442,41.404551]]]},"properties":{"siteId":"10230","propertyType":"PSI Authorized","category":"3P"}},{"type":"Feature","geometry":{"type":"Polygon","coordinates":[[[-78.765981,43.584575],[-78.668068,43.581049],[-78.571131,43.570506],[-78.476138,43.553051],[-78.384031,43.528859],[-78.295726,43.498171],[-78.212092,43.461291],[-78.13395,43.418585],[-78.062063,43.370477],[-77.997125,43.317443],[-77.939757,43.260004],[-77.890501,43.198727],[-77.849813,43.134211],[-77.818066,43.067087],[-77.795536,42.998009],[-77.782413,42.927647],[-77.77879,42.856683],[-77.78467,42.7858],[-77.799964,42.71568],[-77.824493,42.646994],[-77.857994,42.580397],[-77.900121,42.516524],[-77.950447,42.455979],[-78.008474,42.399336],[-78.073635,42.347129],[-78.1453,42.299849],[-78.222783,42.257939],[-78.305348,42.221792],[-78.392215,42.191746],[-78.482567,42.168081],[-78.57556,42.151019],[-78.670326,42.140717],[-78.765981,42.137273],[-78.861636,42.140717],[-78.956401,42.151019],[-79.049394,42.168081],[-79.139747,42.191746],[-79.226614,42.221792],[-79.309179,42.257939],[-79.386662,42.299849],[-79.458327,42.347129],[-79.523488,42.399336],[-79.581515,42.455979],[-79.631841,42.516524],[-79.673967,42.580397],[-79.707469,42.646994],[-79.731998,42.71568],[-79.747292,42.7858],[-79.753172,42.856683],[-79.749549,42.927647],[-79.736425,42.998009],[-79.713896,43.067087],[-79.682148,43.134211],[-79.641461,43.198727],[-79.592205,43.260004],[-79.534836,43.317443],[-79.469898,43.370477],[-79.398011,43.418585],[-79.31987,43.461291],[-79.236236,43.498171],[-79.14793,43.528859],[-79.055824,43.553051],[-78.96083,43.570506],[-78.863894,43.581049],[-78.765981,43.584575]]]},"properties":{"siteId":"12053","propertyType":"PSI Authorized","category":"3P"}},{"type":"Feature","geometry":{"type":"Polygon","coordinates":[[[-77.074528,42.840335],[-76.977803,42.83681],[-76.882041,42.826271],[-76.788197,42.808822],[-76.697203,42.784637],[-76.60996,42.753956],[-76.527329,42.717086],[-76.45012,42.674391],[-76.379086,42.626293],[-76.314912,42.57327],[-76.258213,42.515841],[-76.209525,42.454573],[-76.169301,42.390065],[-76.137905,42.322948],[-76.115617,42.253875],[-76.102621,42.183516],[-76.099012,42.112553],[-76.104793,42.041669],[-76.119879,41.971545],[-76.144093,41.902854],[-76.177177,41.83625],[-76.218787,41.772369],[-76.268505,41.711815],[-76.325838,41.655161],[-76.390226,41.602944],[-76.461046,41.555652],[-76.537622,41.513732],[-76.619224,41.477576],[-76.705081,41.447522],[-76.794387,41.423851],[-76.886305,41.406784],[-76.979977,41.396479],[-77.074528,41.393034],[-77.16908,41.396479],[-77.262752,41.406784],[-77.35467,41.423851],[-77.443976,41.447522],[-77.529833,41.477576],[-77.611435,41.513732],[-77.688011,41.555652],[-77.758831,41.602944],[-77.823219,41.655161],[-77.880552,41.711815],[-77.93027,41.772369],[-77.97188,41.83625],[-78.004964,41.902854],[-78.029178,41.971545],[-78.044264,42.041669],[-78.050045,42.112553],[-78.046436,42.183516],[-78.03344,42.253875],[-78.011152,42.322948],[-77.979756,42.390065],[-77.939532,42.454573],[-77.890844,42.515841],[-77.834145,42.57327],[-77.769971,42.626293],[-77.698937,42.674391],[-77.621728,42.717086],[-77.539097,42.753956],[-77.451854,42.784637],[-77.36086,42.808822],[-77.267016,42.826271],[-77.171254,42.83681],[-77.074528,42.840335]]]},"properties":{"siteId":"12032","propertyType":"PSI Authorized","category":"3P"}},{"type":"Feature","geometry":{"type":"Polygon","coordinates":[[[-73.831158,41.485114],[-73.736482,41.481591],[-73.642748,41.471057],[-73.550888,41.453617],[-73.461813,41.429444],[-73.376405,41.398778],[-73.295505,41.361925],[-73.219906,41.319248],[-73.150344,41.27117],[-73.087491,41.218165],[-73.031949,41.160755],[-72.984242,41.099503],[-72.944816,41.03501],[-72.91403,40.967904],[-72.892158,40.898839],[-72.879382,40.828486],[-72.875798,40.757524],[-72.881411,40.686638],[-72.896137,40.616508],[-72.919808,40.547808],[-72.95217,40.481192],[-72.99289,40.417295],[-73.041558,40.356725],[-73.097693,40.300053],[-73.160746,40.247817],[-73.230109,40.200507],[-73.305116,40.158569],[-73.385055,40.122397],[-73.46917,40.092328],[-73.556668,40.068645],[-73.646729,40.051569],[-73.738511,40.041259],[-73.831158,40.037812],[-73.923804,40.041259],[-74.015586,40.051569],[-74.105648,40.068645],[-74.193146,40.092328],[-74.27726,40.122397],[-74.357199,40.158569],[-74.432207,40.200507],[-74.501569,40.247817],[-74.564623,40.300053],[-74.620757,40.356725],[-74.669425,40.417295],[-74.710145,40.481192],[-74.742507,40.547808],[-74.766178,40.616508],[-74.780905,40.686638],[-74.786517,40.757524],[-74.782933,40.828486],[-74.770158,40.898839],[-74.748285,40.967904],[-74.717499,41.03501],[-74.678073,41.099503],[-74.630367,41.160755],[-74.574824,41.218165],[-74.511971,41.27117],[-74.442409,41.319248],[-74.36681,41.361925],[-74.28591,41.398778],[-74.200502,41.429444],[-74.111428,41.453617],[-74.019568,41.471057],[-73.925834,41.481591],[-73.831158,41.485114]]]},"properties":{"siteId":"5412","propertyType":"PSI Authorized","category":"3P"}},{"type":"Feature","geometry":{"type":"Polygon","coordinates":[[[-73.849952,41.450217],[-73.755327,41.446694],[-73.661644,41.436161],[-73.569833,41.418721],[-73.480806,41.394548],[-73.395444,41.363883],[-73.314587,41.32703],[-73.239028,41.284353],[-73.169502,41.236276],[-73.106682,41.183271],[-73.051168,41.125861],[-73.003486,41.06461],[-72.96408,41.000117],[-72.933309,40.933012],[-72.911447,40.863948],[-72.898677,40.793594],[-72.895094,40.722632],[-72.900702,40.651746],[-72.91542,40.581616],[-72.939077,40.512915],[-72.971421,40.446299],[-73.012119,40.382402],[-73.060761,40.321831],[-73.116866,40.26516],[-73.179886,40.212923],[-73.249212,40.165613],[-73.324181,40.123674],[-73.404079,40.087501],[-73.48815,40.057432],[-73.575603,40.033749],[-73.665618,40.016673],[-73.757353,40.006363],[-73.849952,40.002916],[-73.942551,40.006363],[-74.034287,40.016673],[-74.124302,40.033749],[-74.211755,40.057432],[-74.295826,40.087501],[-74.375724,40.123674],[-74.450692,40.165613],[-74.520019,40.212923],[-74.583039,40.26516],[-74.639144,40.321831],[-74.687786,40.382402],[-74.728483,40.446299],[-74.760827,40.512915],[-74.784485,40.581616],[-74.799202,40.651746],[-74.804811,40.722632],[-74.801228,40.793594],[-74.788458,40.863948],[-74.766595,40.933012],[-74.735825,41.000117],[-74.696418,41.06461],[-74.648736,41.125861],[-74.593222,41.183271],[-74.530402,41.236276],[-74.460877,41.284353],[-74.385318,41.32703],[-74.304461,41.363883],[-74.219098,41.394548],[-74.130072,41.418721],[-74.038261,41.436161],[-73.944577,41.446694],[-73.849952,41.450217]]]},"properties":{"siteId":"11562","propertyType":"PSI Authorized","category":"3P"}},{"type":"Feature","geometry":{"type":"Polygon","coordinates":[[[-73.850327,41.450434],[-73.755702,41.446911],[-73.662018,41.436377],[-73.570207,41.418937],[-73.48118,41.394765],[-73.395817,41.364099],[-73.31496,41.327246],[-73.239401,41.28457],[-73.169875,41.236492],[-73.107055,41.183488],[-73.051541,41.126078],[-73.003859,41.064827],[-72.964452,41.000334],[-72.933681,40.933228],[-72.911819,40.864164],[-72.899049,40.793811],[-72.895466,40.722849],[-72.901074,40.651962],[-72.915792,40.581833],[-72.939449,40.513132],[-72.971794,40.446516],[-73.012491,40.382619],[-73.061133,40.322048],[-73.117238,40.265376],[-73.180259,40.213139],[-73.249585,40.165829],[-73.324554,40.123891],[-73.404452,40.087718],[-73.488523,40.057649],[-73.575977,40.033966],[-73.665992,40.016889],[-73.757728,40.00658],[-73.850327,40.003132],[-73.942927,40.00658],[-74.034662,40.016889],[-74.124678,40.033966],[-74.212131,40.057649],[-74.296202,40.087718],[-74.3761,40.123891],[-74.451069,40.165829],[-74.520396,40.213139],[-74.583416,40.265376],[-74.639521,40.322048],[-74.688163,40.382619],[-74.728861,40.446516],[-74.761205,40.513132],[-74.784863,40.581833],[-74.79958,40.651962],[-74.805189,40.722849],[-74.801606,40.793811],[-74.788836,40.864164],[-74.766973,40.933228],[-74.736202,41.000334],[-74.696796,41.064827],[-74.649114,41.126078],[-74.5936,41.183488],[-74.53078,41.236492],[-74.461254,41.28457],[-74.385694,41.327246],[-74.304837,41.364099],[-74.219475,41.394765],[-74.130447,41.418937],[-74.038637,41.436377],[-73.944953,41.446911],[-73.850327,41.450434]]]},"properties":{"siteId":"11563","propertyType":"PSI Authorized","category":"3P"}},{"type":"Feature","geometry":{"type":"Polygon","coordinates":[[[-73.850327,41.450001],[-73.755702,41.446478],[-73.662019,41.435944],[-73.570209,41.418504],[-73.481183,41.394332],[-73.39582,41.363666],[-73.314964,41.326813],[-73.239405,41.284137],[-73.16988,41.236059],[-73.10706,41.183055],[-73.051546,41.125645],[-73.003864,41.064394],[-72.964458,40.999901],[-72.933687,40.932795],[-72.911825,40.863731],[-72.899055,40.793378],[-72.895472,40.722416],[-72.90108,40.651529],[-72.915798,40.5814],[-72.939455,40.512699],[-72.971799,40.446083],[-73.012497,40.382186],[-73.061138,40.321615],[-73.117243,40.264943],[-73.180263,40.212706],[-73.249589,40.165396],[-73.324558,40.123458],[-73.404455,40.087285],[-73.488526,40.057216],[-73.575979,40.033533],[-73.665994,40.016456],[-73.757729,40.006147],[-73.850327,40.002699],[-73.942926,40.006147],[-74.034661,40.016456],[-74.124676,40.033533],[-74.212129,40.057216],[-74.2962,40.087285],[-74.376097,40.123458],[-74.451065,40.165396],[-74.520392,40.212706],[-74.583411,40.264943],[-74.639516,40.321615],[-74.688158,40.382186],[-74.728855,40.446083],[-74.761199,40.512699],[-74.784857,40.5814],[-74.799574,40.651529],[-74.805183,40.722416],[-74.8016,40.793378],[-74.788829,40.863731],[-74.766967,40.932795],[-74.736197,40.999901],[-74.69679,41.064394],[-74.649109,41.125645],[-74.593595,41.183055],[-74.530775,41.236059],[-74.46125,41.284137],[-74.385691,41.326813],[-74.304834,41.363666],[-74.219472,41.394332],[-74.130446,41.418504],[-74.038635,41.435944],[-73.944952,41.446478],[-73.850327,41.450001]]]},"properties":{"siteId":"12551","propertyType":"PSI Authorized","category":"3P"}},{"type":"Feature","geometry":{"type":"Polygon","coordinates":[[[-73.618901,41.431465],[-73.524303,41.427942],[-73.430647,41.417409],[-73.338863,41.399969],[-73.249862,41.375796],[-73.164524,41.345132],[-73.08369,41.308279],[-73.008152,41.265602],[-72.938646,41.217525],[-72.875844,41.164521],[-72.820345,41.107111],[-72.772676,41.04586],[-72.733281,40.981368],[-72.702518,40.914262],[-72.680661,40.845198],[-72.667894,40.774845],[-72.664311,40.703883],[-72.669918,40.632996],[-72.684631,40.562867],[-72.708281,40.494166],[-72.740615,40.42755],[-72.781301,40.363652],[-72.829929,40.303081],[-72.886018,40.246409],[-72.94902,40.194172],[-73.018327,40.146862],[-73.093275,40.104923],[-73.17315,40.06875],[-73.257198,40.038681],[-73.344627,40.014997],[-73.434617,39.997921],[-73.526328,39.987611],[-73.618901,39.984164],[-73.711475,39.987611],[-73.803185,39.997921],[-73.893175,40.014997],[-73.980604,40.038681],[-74.064652,40.06875],[-74.144528,40.104923],[-74.219475,40.146862],[-74.288782,40.194172],[-74.351785,40.246409],[-74.407873,40.303081],[-74.456501,40.363652],[-74.497187,40.42755],[-74.529522,40.494166],[-74.553172,40.562867],[-74.567885,40.632996],[-74.573491,40.703883],[-74.569908,40.774845],[-74.557141,40.845198],[-74.535284,40.914262],[-74.504521,40.981368],[-74.465126,41.04586],[-74.417457,41.107111],[-74.361959,41.164521],[-74.299156,41.217525],[-74.22965,41.265602],[-74.154112,41.308279],[-74.073279,41.345132],[-73.987941,41.375796],[-73.89894,41.399969],[-73.807155,41.417409],[-73.713499,41.427942],[-73.618901,41.431465]]]},"properties":{"siteId":"9131","propertyType":"PSI Authorized","category":"3P"}},{"type":"Feature","geometry":{"type":"Polygon","coordinates":[[[-73.529113,41.485199],[-73.434436,41.481676],[-73.340702,41.471142],[-73.248842,41.453702],[-73.159768,41.429529],[-73.07436,41.398864],[-72.99346,41.36201],[-72.91786,41.319333],[-72.848298,41.271255],[-72.785445,41.21825],[-72.729903,41.16084],[-72.682196,41.099588],[-72.64277,41.035095],[-72.611984,40.967989],[-72.590111,40.898925],[-72.577336,40.828571],[-72.573752,40.757609],[-72.579365,40.686723],[-72.594091,40.616594],[-72.617762,40.547893],[-72.650124,40.481277],[-72.690844,40.417381],[-72.739512,40.35681],[-72.795647,40.300139],[-72.8587,40.247902],[-72.928063,40.200593],[-73.00307,40.158655],[-73.08301,40.122482],[-73.167124,40.092414],[-73.254622,40.068731],[-73.344684,40.051655],[-73.436466,40.041345],[-73.529113,40.037898],[-73.621759,40.041345],[-73.713541,40.051655],[-73.803603,40.068731],[-73.891101,40.092414],[-73.975216,40.122482],[-74.055155,40.158655],[-74.130162,40.200593],[-74.199525,40.247902],[-74.262579,40.300139],[-74.318713,40.35681],[-74.367381,40.417381],[-74.408101,40.481277],[-74.440463,40.547893],[-74.464134,40.616594],[-74.478861,40.686723],[-74.484474,40.757609],[-74.48089,40.828571],[-74.468114,40.898925],[-74.446241,40.967989],[-74.415455,41.035095],[-74.376029,41.099588],[-74.328323,41.16084],[-74.27278,41.21825],[-74.209927,41.271255],[-74.140365,41.319333],[-74.064766,41.36201],[-73.983866,41.398864],[-73.898457,41.429529],[-73.809383,41.453702],[-73.717523,41.471142],[-73.623789,41.481676],[-73.529113,41.485199]]]},"properties":{"siteId":"11602","propertyType":"PSI Authorized","category":"3P"}},{"type":"Feature","geometry":{"type":"Polygon","coordinates":[[[-75.965061,42.85323],[-75.868315,42.849706],[-75.772533,42.839166],[-75.678669,42.821717],[-75.587656,42.797531],[-75.500395,42.766851],[-75.417747,42.72998],[-75.340522,42.687285],[-75.269474,42.639188],[-75.205287,42.586164],[-75.148577,42.528735],[-75.099879,42.467467],[-75.059647,42.402959],[-75.028245,42.335842],[-75.005953,42.266768],[-74.992954,42.19641],[-74.989345,42.125446],[-74.995129,42.054562],[-75.010218,41.984439],[-75.034437,41.915747],[-75.067528,41.849144],[-75.109147,41.785262],[-75.158875,41.724708],[-75.21622,41.668055],[-75.280621,41.615838],[-75.351456,41.568547],[-75.428047,41.526627],[-75.509665,41.490471],[-75.59554,41.460417],[-75.684864,41.436746],[-75.7768,41.419679],[-75.87049,41.409374],[-75.965061,41.405929],[-76.059631,41.409374],[-76.153321,41.419679],[-76.245258,41.436746],[-76.334581,41.460417],[-76.420456,41.490471],[-76.502074,41.526627],[-76.578665,41.568547],[-76.6495,41.615838],[-76.713901,41.668055],[-76.771246,41.724708],[-76.820974,41.785262],[-76.862593,41.849144],[-76.895684,41.915747],[-76.919903,41.984439],[-76.934992,42.054562],[-76.940776,42.125446],[-76.937167,42.19641],[-76.924169,42.266768],[-76.901876,42.335842],[-76.870475,42.402959],[-76.830242,42.467467],[-76.781544,42.528735],[-76.724834,42.586164],[-76.660647,42.639188],[-76.589599,42.687285],[-76.512374,42.72998],[-76.429726,42.766851],[-76.342465,42.797531],[-76.251452,42.821717],[-76.157588,42.839166],[-76.061806,42.849706],[-75.965061,42.85323]]]},"properties":{"siteId":"12054","propertyType":"PSI Authorized","category":"3P"}},{"type":"Feature","geometry":{"type":"Polygon","coordinates":[[[-73.415706,41.516239],[-73.320985,41.512716],[-73.227206,41.502182],[-73.135302,41.484742],[-73.046185,41.460569],[-72.960736,41.429903],[-72.879798,41.393049],[-72.804163,41.350372],[-72.734568,41.302293],[-72.671685,41.249288],[-72.616117,41.191877],[-72.568389,41.130625],[-72.528945,41.066131],[-72.498146,40.999026],[-72.476264,40.929961],[-72.463483,40.859607],[-72.459899,40.788645],[-72.465516,40.717759],[-72.48025,40.64763],[-72.503933,40.578929],[-72.536311,40.512314],[-72.577051,40.448417],[-72.625742,40.387847],[-72.681903,40.331176],[-72.744986,40.27894],[-72.814381,40.231631],[-72.889423,40.189693],[-72.969399,40.153521],[-73.053552,40.123453],[-73.141091,40.099771],[-73.231193,40.082695],[-73.323018,40.072385],[-73.415706,40.068938],[-73.508395,40.072385],[-73.600219,40.082695],[-73.690322,40.099771],[-73.77786,40.123453],[-73.862013,40.153521],[-73.941989,40.189693],[-74.017031,40.231631],[-74.086426,40.27894],[-74.149509,40.331176],[-74.205671,40.387847],[-74.254362,40.448417],[-74.295102,40.512314],[-74.32748,40.578929],[-74.351162,40.64763],[-74.365897,40.717759],[-74.371514,40.788645],[-74.367929,40.859607],[-74.355149,40.929961],[-74.333267,40.999026],[-74.302467,41.066131],[-74.263023,41.130625],[-74.215295,41.191877],[-74.159727,41.249288],[-74.096845,41.302293],[-74.02725,41.350372],[-73.951615,41.393049],[-73.870677,41.429903],[-73.785228,41.460569],[-73.696111,41.484742],[-73.604207,41.502182],[-73.510428,41.512716],[-73.415706,41.516239]]]},"properties":{"siteId":"12253","propertyType":"PSI Authorized","category":"3P"}},{"type":"Feature","geometry":{"type":"Polygon","coordinates":[[[-73.992017,41.477948],[-73.897351,41.474425],[-73.803628,41.463891],[-73.711778,41.44645],[-73.622713,41.422278],[-73.537314,41.391612],[-73.456423,41.354759],[-73.380832,41.312082],[-73.311278,41.264004],[-73.248432,41.210999],[-73.192895,41.153589],[-73.145194,41.092337],[-73.105771,41.027844],[-73.074989,40.960739],[-73.053118,40.891674],[-73.040344,40.821321],[-73.03676,40.750359],[-73.042372,40.679472],[-73.057097,40.609343],[-73.080765,40.540642],[-73.113123,40.474026],[-73.153838,40.41013],[-73.202501,40.349559],[-73.258629,40.292888],[-73.321676,40.240651],[-73.391031,40.193341],[-73.466031,40.151403],[-73.545961,40.11523],[-73.630067,40.085162],[-73.717556,40.061479],[-73.807607,40.044403],[-73.89938,40.034093],[-73.992017,40.030646],[-74.084653,40.034093],[-74.176426,40.044403],[-74.266478,40.061479],[-74.353967,40.085162],[-74.438072,40.11523],[-74.518003,40.151403],[-74.593002,40.193341],[-74.662357,40.240651],[-74.725404,40.292888],[-74.781532,40.349559],[-74.830195,40.41013],[-74.87091,40.474026],[-74.903269,40.540642],[-74.926937,40.609343],[-74.941661,40.679472],[-74.947273,40.750359],[-74.94369,40.821321],[-74.930915,40.891674],[-74.909045,40.960739],[-74.878262,41.027844],[-74.83884,41.092337],[-74.791138,41.153589],[-74.735602,41.210999],[-74.672756,41.264004],[-74.603201,41.312082],[-74.52761,41.354759],[-74.446719,41.391612],[-74.36132,41.422278],[-74.272256,41.44645],[-74.180406,41.463891],[-74.086682,41.474425],[-73.992017,41.477948]]]},"properties":{"siteId":"5943","propertyType":"PSI Authorized","category":"3P"}},{"type":"Feature","geometry":{"type":"Polygon","coordinates":[[[-73.987613,41.478558],[-73.892947,41.475035],[-73.799222,41.464501],[-73.707372,41.447061],[-73.618306,41.422888],[-73.532907,41.392222],[-73.452015,41.355369],[-73.376423,41.312692],[-73.306868,41.264614],[-73.244021,41.211609],[-73.188484,41.154199],[-73.140782,41.092947],[-73.10136,41.028454],[-73.070577,40.961349],[-73.048706,40.892284],[-73.035932,40.821931],[-73.032348,40.750969],[-73.03796,40.680082],[-73.052685,40.609953],[-73.076353,40.541252],[-73.108712,40.474636],[-73.149427,40.41074],[-73.198091,40.350169],[-73.25422,40.293498],[-73.317267,40.241261],[-73.386622,40.193951],[-73.461623,40.152013],[-73.541554,40.115841],[-73.62566,40.085772],[-73.71315,40.062089],[-73.803203,40.045013],[-73.894976,40.034703],[-73.987613,40.031256],[-74.080251,40.034703],[-74.172024,40.045013],[-74.262077,40.062089],[-74.349567,40.085772],[-74.433673,40.115841],[-74.513604,40.152013],[-74.588604,40.193951],[-74.65796,40.241261],[-74.721007,40.293498],[-74.777136,40.350169],[-74.825799,40.41074],[-74.866515,40.474636],[-74.898874,40.541252],[-74.922542,40.609953],[-74.937267,40.680082],[-74.942879,40.750969],[-74.939295,40.821931],[-74.926521,40.892284],[-74.90465,40.961349],[-74.873867,41.028454],[-74.834444,41.092947],[-74.786742,41.154199],[-74.731205,41.211609],[-74.668359,41.264614],[-74.598803,41.312692],[-74.523212,41.355369],[-74.44232,41.392222],[-74.35692,41.422888],[-74.267855,41.447061],[-74.176004,41.464501],[-74.08228,41.475035],[-73.987613,41.478558]]]},"properties":{"siteId":"11564","propertyType":"PSI Authorized","category":"3P"}},{"type":"Feature","geometry":{"type":"Polygon","coordinates":[[[-73.988113,41.478558],[-73.893447,41.475035],[-73.799722,41.464501],[-73.707872,41.447061],[-73.618806,41.422888],[-73.533407,41.392222],[-73.452515,41.355369],[-73.376923,41.312692],[-73.307368,41.264614],[-73.244521,41.211609],[-73.188984,41.154199],[-73.141282,41.092947],[-73.10186,41.028454],[-73.071077,40.961349],[-73.049206,40.892284],[-73.036432,40.821931],[-73.032848,40.750969],[-73.03846,40.680082],[-73.053185,40.609953],[-73.076853,40.541252],[-73.109212,40.474636],[-73.149927,40.41074],[-73.198591,40.350169],[-73.25472,40.293498],[-73.317767,40.241261],[-73.387122,40.193951],[-73.462123,40.152013],[-73.542054,40.115841],[-73.62616,40.085772],[-73.71365,40.062089],[-73.803703,40.045013],[-73.895476,40.034703],[-73.988113,40.031256],[-74.080751,40.034703],[-74.172524,40.045013],[-74.262577,40.062089],[-74.350067,40.085772],[-74.434173,40.115841],[-74.514104,40.152013],[-74.589104,40.193951],[-74.65846,40.241261],[-74.721507,40.293498],[-74.777636,40.350169],[-74.826299,40.41074],[-74.867015,40.474636],[-74.899374,40.541252],[-74.923042,40.609953],[-74.937767,40.680082],[-74.943379,40.750969],[-74.939795,40.821931],[-74.927021,40.892284],[-74.90515,40.961349],[-74.874367,41.028454],[-74.834944,41.092947],[-74.787242,41.154199],[-74.731705,41.211609],[-74.668859,41.264614],[-74.599303,41.312692],[-74.523712,41.355369],[-74.44282,41.392222],[-74.35742,41.422888],[-74.268355,41.447061],[-74.176504,41.464501],[-74.08278,41.475035],[-73.988113,41.478558]]]},"properties":{"siteId":"10437","propertyType":"PSI Authorized","category":"3P"}},{"type":"Feature","geometry":{"type":"Polygon","coordinates":[[[-73.978828,41.445431],[-73.88421,41.441908],[-73.790533,41.431374],[-73.698729,41.413934],[-73.609709,41.389762],[-73.524353,41.359097],[-73.443502,41.322244],[-73.367948,41.279567],[-73.298428,41.23149],[-73.235612,41.178485],[-73.180102,41.121076],[-73.132423,41.059824],[-73.09302,40.995331],[-73.062251,40.928226],[-73.04039,40.859162],[-73.027621,40.788809],[-73.024038,40.717847],[-73.029646,40.64696],[-73.044362,40.576831],[-73.068018,40.50813],[-73.100359,40.441514],[-73.141054,40.377617],[-73.189692,40.317045],[-73.245793,40.260374],[-73.308809,40.208137],[-73.37813,40.160826],[-73.453093,40.118888],[-73.532985,40.082715],[-73.61705,40.052646],[-73.704498,40.028963],[-73.794506,40.011887],[-73.886235,40.001577],[-73.978828,39.998129],[-74.07142,40.001577],[-74.163149,40.011887],[-74.253158,40.028963],[-74.340605,40.052646],[-74.42467,40.082715],[-74.504562,40.118888],[-74.579525,40.160826],[-74.648847,40.208137],[-74.711862,40.260374],[-74.767963,40.317045],[-74.816601,40.377617],[-74.857296,40.441514],[-74.889638,40.50813],[-74.913293,40.576831],[-74.92801,40.64696],[-74.933618,40.717847],[-74.930034,40.788809],[-74.917265,40.859162],[-74.895404,40.928226],[-74.864636,40.995331],[-74.825232,41.059824],[-74.777553,41.121076],[-74.722044,41.178485],[-74.659228,41.23149],[-74.589707,41.279567],[-74.514154,41.322244],[-74.433303,41.359097],[-74.347947,41.389762],[-74.258926,41.413934],[-74.167122,41.431374],[-74.073446,41.441908],[-73.978828,41.445431]]]},"properties":{"siteId":"11601","propertyType":"PSI Authorized","category":"3P"}},{"type":"Feature","geometry":{"type":"Polygon","coordinates":[[[-74.009637,41.428422],[-73.915044,41.4249],[-73.821392,41.414366],[-73.729612,41.396926],[-73.640615,41.372754],[-73.555281,41.342089],[-73.474451,41.305236],[-73.398917,41.26256],[-73.329414,41.214482],[-73.266614,41.161478],[-73.211118,41.104069],[-73.163452,41.042818],[-73.124058,40.978325],[-73.093296,40.91122],[-73.071441,40.842156],[-73.058674,40.771802],[-73.055091,40.70084],[-73.060697,40.629954],[-73.075409,40.559824],[-73.099058,40.491123],[-73.131391,40.424507],[-73.172075,40.36061],[-73.2207,40.300038],[-73.276787,40.243367],[-73.339786,40.191129],[-73.40909,40.143819],[-73.484034,40.10188],[-73.563906,40.065707],[-73.64795,40.035638],[-73.735375,40.011955],[-73.825362,39.994878],[-73.917068,39.984568],[-74.009637,39.981121],[-74.102207,39.984568],[-74.193913,39.994878],[-74.283899,40.011955],[-74.371324,40.035638],[-74.455368,40.065707],[-74.53524,40.10188],[-74.610184,40.143819],[-74.679488,40.191129],[-74.742488,40.243367],[-74.798574,40.300038],[-74.847199,40.36061],[-74.887883,40.424507],[-74.920216,40.491123],[-74.943865,40.559824],[-74.958577,40.629954],[-74.964183,40.70084],[-74.9606,40.771802],[-74.947834,40.842156],[-74.925978,40.91122],[-74.895217,40.978325],[-74.855823,41.042818],[-74.808156,41.104069],[-74.75266,41.161478],[-74.68986,41.214482],[-74.620358,41.26256],[-74.544823,41.305236],[-74.463993,41.342089],[-74.378659,41.372754],[-74.289662,41.396926],[-74.197883,41.414366],[-74.10423,41.4249],[-74.009637,41.428422]]]},"properties":{"siteId":"11936","propertyType":"PSI Authorized","category":"3P"}},{"type":"Feature","geometry":{"type":"Polygon","coordinates":[[[-73.940573,41.521896],[-73.845843,41.518373],[-73.752056,41.507838],[-73.660144,41.490398],[-73.571019,41.466225],[-73.485563,41.435559],[-73.404618,41.398705],[-73.328976,41.356027],[-73.259376,41.307949],[-73.196488,41.254943],[-73.140915,41.197533],[-73.093183,41.136281],[-73.053736,41.071787],[-73.022934,41.004681],[-73.00105,40.935616],[-72.988269,40.865263],[-72.984684,40.794301],[-72.990302,40.723414],[-73.005038,40.653285],[-73.028723,40.584585],[-73.061104,40.517969],[-73.101847,40.454073],[-73.150542,40.393503],[-73.206708,40.336832],[-73.269797,40.284596],[-73.339198,40.237287],[-73.414246,40.195349],[-73.494229,40.159177],[-73.578389,40.129109],[-73.665935,40.105427],[-73.756045,40.088351],[-73.847877,40.078041],[-73.940573,40.074594],[-74.033269,40.078041],[-74.125101,40.088351],[-74.215211,40.105427],[-74.302757,40.129109],[-74.386917,40.159177],[-74.4669,40.195349],[-74.541949,40.237287],[-74.611349,40.284596],[-74.674438,40.336832],[-74.730604,40.393503],[-74.779299,40.454073],[-74.820043,40.517969],[-74.852424,40.584585],[-74.876109,40.653285],[-74.890845,40.723414],[-74.896462,40.794301],[-74.892877,40.865263],[-74.880096,40.935616],[-74.858212,41.004681],[-74.82741,41.071787],[-74.787963,41.136281],[-74.740231,41.197533],[-74.684658,41.254943],[-74.621771,41.307949],[-74.55217,41.356027],[-74.476528,41.398705],[-74.395583,41.435559],[-74.310127,41.466225],[-74.221002,41.490398],[-74.12909,41.507838],[-74.035303,41.518373],[-73.940573,41.521896]]]},"properties":{"siteId":"12375","propertyType":"PSI Authorized","category":"3P"}},{"type":"Feature","geometry":{"type":"Polygon","coordinates":[[[-73.93181,42.415317],[-73.835743,42.411792],[-73.740632,42.401254],[-73.647425,42.383808],[-73.557047,42.359627],[-73.470394,42.328951],[-73.388318,42.292086],[-73.311626,42.249397],[-73.241064,42.201306],[-73.177315,42.148288],[-73.120987,42.090865],[-73.072614,42.029603],[-73.032646,41.965099],[-73.001446,41.897986],[-72.979291,41.828915],[-72.966366,41.758558],[-72.962765,41.687596],[-72.968492,41.616711],[-72.983462,41.546585],[-73.007502,41.477891],[-73.040354,41.411284],[-73.081678,41.347397],[-73.131059,41.286838],[-73.188007,41.230179],[-73.251967,41.177955],[-73.322319,41.130658],[-73.398391,41.088732],[-73.479459,41.052571],[-73.564757,41.022512],[-73.653483,40.998837],[-73.744805,40.981767],[-73.83787,40.971461],[-73.93181,40.968015],[-74.025751,40.971461],[-74.118816,40.981767],[-74.210138,40.998837],[-74.298863,41.022512],[-74.384161,41.052571],[-74.465229,41.088732],[-74.541301,41.130658],[-74.611654,41.177955],[-74.675614,41.230179],[-74.732562,41.286838],[-74.781943,41.347397],[-74.823267,41.411284],[-74.856119,41.477891],[-74.880159,41.546585],[-74.895129,41.616711],[-74.900856,41.687596],[-74.897255,41.758558],[-74.88433,41.828915],[-74.862175,41.897986],[-74.830975,41.965099],[-74.791006,42.029603],[-74.742633,42.090865],[-74.686306,42.148288],[-74.622556,42.201306],[-74.551995,42.249397],[-74.475303,42.292086],[-74.393227,42.328951],[-74.306573,42.359627],[-74.216196,42.383808],[-74.122989,42.401254],[-74.027878,42.411792],[-73.93181,42.415317]]]},"properties":{"siteId":"10658","propertyType":"PSI Authorized","category":"3P"}},{"type":"Feature","geometry":{"type":"Polygon","coordinates":[[[-77.538735,43.826942],[-77.440425,43.823416],[-77.343096,43.812872],[-77.247719,43.795416],[-77.155241,43.771221],[-77.06658,43.74053],[-76.982611,43.703646],[-76.904159,43.660937],[-76.831987,43.612826],[-76.766793,43.559788],[-76.709202,43.502346],[-76.659755,43.441065],[-76.618914,43.376547],[-76.587048,43.309421],[-76.564439,43.240341],[-76.551273,43.169979],[-76.547646,43.099014],[-76.553558,43.028132],[-76.568921,42.958013],[-76.593556,42.889328],[-76.627197,42.822734],[-76.669496,42.758863],[-76.720025,42.698322],[-76.778284,42.641682],[-76.843703,42.589479],[-76.91565,42.542202],[-76.993436,42.500295],[-77.076323,42.464151],[-77.163527,42.434108],[-77.254229,42.410445],[-77.347581,42.393385],[-77.442711,42.383084],[-77.538735,42.37964],[-77.634759,42.383084],[-77.729889,42.393385],[-77.823241,42.410445],[-77.913943,42.434108],[-78.001147,42.464151],[-78.084033,42.500295],[-78.16182,42.542202],[-78.233767,42.589479],[-78.299186,42.641682],[-78.357445,42.698322],[-78.407974,42.758863],[-78.450273,42.822734],[-78.483913,42.889328],[-78.508548,42.958013],[-78.523912,43.028132],[-78.529824,43.099014],[-78.526197,43.169979],[-78.513031,43.240341],[-78.490421,43.309421],[-78.458556,43.376547],[-78.417714,43.441065],[-78.368268,43.502346],[-78.310676,43.559788],[-78.245483,43.612826],[-78.173311,43.660937],[-78.094858,43.703646],[-78.010889,43.74053],[-77.922229,43.771221],[-77.829751,43.795416],[-77.734374,43.812872],[-77.637045,43.823416],[-77.538735,43.826942]]]},"properties":{"siteId":"13005","propertyType":"PSI Authorized","category":"3P"}},{"type":"Feature","geometry":{"type":"Polygon","coordinates":[[[-74.162828,41.324744],[-74.068386,41.321221],[-73.974883,41.310688],[-73.883249,41.293249],[-73.794393,41.269077],[-73.709194,41.238414],[-73.628491,41.201562],[-73.553075,41.158887],[-73.483681,41.110811],[-73.420978,41.057808],[-73.365567,41.0004],[-73.317972,40.939151],[-73.278637,40.874659],[-73.247921,40.807555],[-73.226096,40.738491],[-73.213345,40.668138],[-73.209764,40.597176],[-73.215358,40.52629],[-73.230044,40.45616],[-73.253652,40.387458],[-73.285932,40.320841],[-73.326551,40.256943],[-73.375099,40.19637],[-73.431098,40.139697],[-73.493999,40.087458],[-73.563195,40.040146],[-73.638024,39.998206],[-73.717774,39.962032],[-73.80169,39.931962],[-73.888982,39.908277],[-73.978832,39.8912],[-74.070399,39.88089],[-74.162828,39.877442],[-74.255258,39.88089],[-74.346825,39.8912],[-74.436675,39.908277],[-74.523967,39.931962],[-74.607883,39.962032],[-74.687633,39.998206],[-74.762462,40.040146],[-74.831658,40.087458],[-74.894559,40.139697],[-74.950558,40.19637],[-74.999106,40.256943],[-75.039725,40.320841],[-75.072005,40.387458],[-75.095613,40.45616],[-75.110299,40.52629],[-75.115893,40.597176],[-75.112312,40.668138],[-75.099561,40.738491],[-75.077736,40.807555],[-75.04702,40.874659],[-75.007685,40.939151],[-74.96009,41.0004],[-74.904679,41.057808],[-74.841976,41.110811],[-74.772582,41.158887],[-74.697166,41.201562],[-74.616463,41.238414],[-74.531264,41.269077],[-74.442408,41.293249],[-74.350774,41.310688],[-74.257271,41.321221],[-74.162828,41.324744]]]},"properties":{"siteId":"11560","propertyType":"PSI Authorized","category":"3P"}},{"type":"Feature","geometry":{"type":"Polygon","coordinates":[[[-74.163329,41.324744],[-74.068886,41.321221],[-73.975383,41.310688],[-73.883749,41.293249],[-73.794893,41.269077],[-73.709694,41.238414],[-73.628991,41.201562],[-73.553575,41.158887],[-73.484181,41.110811],[-73.421478,41.057808],[-73.366067,41.0004],[-73.318472,40.939151],[-73.279137,40.874659],[-73.248421,40.807555],[-73.226596,40.738491],[-73.213845,40.668138],[-73.210264,40.597176],[-73.215858,40.52629],[-73.230544,40.45616],[-73.254152,40.387458],[-73.286432,40.320841],[-73.327051,40.256943],[-73.375599,40.19637],[-73.431598,40.139697],[-73.494499,40.087458],[-73.563695,40.040146],[-73.638524,39.998206],[-73.718274,39.962032],[-73.80219,39.931962],[-73.889482,39.908277],[-73.979332,39.8912],[-74.070899,39.88089],[-74.163329,39.877442],[-74.255758,39.88089],[-74.347325,39.8912],[-74.437175,39.908277],[-74.524467,39.931962],[-74.608383,39.962032],[-74.688133,39.998206],[-74.762962,40.040146],[-74.832158,40.087458],[-74.895059,40.139697],[-74.951058,40.19637],[-74.999606,40.256943],[-75.040225,40.320841],[-75.072505,40.387458],[-75.096113,40.45616],[-75.110799,40.52629],[-75.116393,40.597176],[-75.112812,40.668138],[-75.100061,40.738491],[-75.078236,40.807555],[-75.04752,40.874659],[-75.008185,40.939151],[-74.96059,41.0004],[-74.905179,41.057808],[-74.842476,41.110811],[-74.773082,41.158887],[-74.697666,41.201562],[-74.616963,41.238414],[-74.531764,41.269077],[-74.442908,41.293249],[-74.351274,41.310688],[-74.257771,41.321221],[-74.163329,41.324744]]]},"properties":{"siteId":"11561","propertyType":"PSI Authorized","category":"3P"}},{"type":"Feature","geometry":{"type":"Polygon","coordinates":[[[-76.10799,43.807053],[-76.009713,43.803527],[-75.912416,43.792983],[-75.81707,43.775527],[-75.724623,43.751333],[-75.635992,43.720642],[-75.552051,43.683759],[-75.473624,43.64105],[-75.401476,43.592939],[-75.336303,43.539901],[-75.27873,43.48246],[-75.229299,43.421179],[-75.188471,43.356661],[-75.156615,43.289535],[-75.134012,43.220456],[-75.120849,43.150093],[-75.117222,43.079129],[-75.123132,43.008247],[-75.13849,42.938127],[-75.163116,42.869443],[-75.196745,42.802848],[-75.23903,42.738977],[-75.289542,42.678436],[-75.347782,42.621796],[-75.41318,42.569592],[-75.485104,42.522314],[-75.562865,42.480407],[-75.645725,42.444263],[-75.732901,42.41422],[-75.823574,42.390557],[-75.916896,42.373496],[-76.011997,42.363196],[-76.10799,42.359752],[-76.203983,42.363196],[-76.299084,42.373496],[-76.392406,42.390557],[-76.483079,42.41422],[-76.570255,42.444263],[-76.653115,42.480407],[-76.730876,42.522314],[-76.8028,42.569592],[-76.868198,42.621796],[-76.926438,42.678436],[-76.97695,42.738977],[-77.019234,42.802848],[-77.052864,42.869443],[-77.07749,42.938127],[-77.092847,43.008247],[-77.098757,43.079129],[-77.09513,43.150093],[-77.081968,43.220456],[-77.059365,43.289535],[-77.027509,43.356661],[-76.98668,43.421179],[-76.93725,43.48246],[-76.879677,43.539901],[-76.814504,43.592939],[-76.742356,43.64105],[-76.663929,43.683759],[-76.579988,43.720642],[-76.491356,43.751333],[-76.398909,43.775527],[-76.303563,43.792983],[-76.206267,43.803527],[-76.10799,43.807053]]]},"properties":{"siteId":"5947","propertyType":"PSI Authorized","category":"3P"}},{"type":"Feature","geometry":{"type":"Polygon","coordinates":[[[-75.910928,44.698047],[-75.811151,44.694519],[-75.71237,44.683971],[-75.615572,44.666509],[-75.521721,44.642306],[-75.431747,44.611605],[-75.346539,44.57471],[-75.266935,44.531988],[-75.193709,44.483864],[-75.127571,44.430813],[-75.069153,44.373358],[-75.019005,44.312066],[-74.977593,44.247538],[-74.945292,44.180404],[-74.922386,44.111318],[-74.909063,44.040952],[-74.905419,43.969987],[-74.911453,43.899106],[-74.927074,43.828991],[-74.952099,43.760313],[-74.986256,43.693727],[-75.029192,43.629866],[-75.080473,43.569337],[-75.139589,43.512709],[-75.205963,43.460518],[-75.278954,43.413254],[-75.357861,43.37136],[-75.441937,43.335227],[-75.530387,43.305194],[-75.622382,43.281539],[-75.717061,43.264485],[-75.813542,43.254188],[-75.910928,43.250745],[-76.008314,43.254188],[-76.104796,43.264485],[-76.199475,43.281539],[-76.291469,43.305194],[-76.37992,43.335227],[-76.463995,43.37136],[-76.542903,43.413254],[-76.615893,43.460518],[-76.682267,43.512709],[-76.741384,43.569337],[-76.792664,43.629866],[-76.8356,43.693727],[-76.869758,43.760313],[-76.894782,43.828991],[-76.910403,43.899106],[-76.916438,43.969987],[-76.912793,44.040952],[-76.899471,44.111318],[-76.876564,44.180404],[-76.844264,44.247538],[-76.802852,44.312066],[-76.752704,44.373358],[-76.694285,44.430813],[-76.628147,44.483864],[-76.554922,44.531988],[-76.475317,44.57471],[-76.39011,44.611605],[-76.300136,44.642306],[-76.206284,44.666509],[-76.109486,44.683971],[-76.010705,44.694519],[-75.910928,44.698047]]]},"properties":{"siteId":"13255","propertyType":"PSI Authorized","category":"3P"}},{"type":"Feature","geometry":{"type":"Polygon","coordinates":[[[-73.587722,41.484125],[-73.493048,41.480602],[-73.399315,41.470068],[-73.307457,41.452628],[-73.218383,41.428455],[-73.132977,41.39779],[-73.052078,41.360936],[-72.97648,41.318259],[-72.906919,41.270181],[-72.844067,41.217176],[-72.788525,41.159766],[-72.740819,41.098514],[-72.701394,41.034021],[-72.670608,40.966916],[-72.648736,40.897851],[-72.635961,40.827498],[-72.632377,40.756536],[-72.637989,40.685649],[-72.652716,40.61552],[-72.676386,40.546819],[-72.708748,40.480203],[-72.749467,40.416307],[-72.798134,40.355736],[-72.854268,40.299065],[-72.91732,40.246828],[-72.986682,40.199519],[-73.061688,40.157581],[-73.141626,40.121408],[-73.225739,40.09134],[-73.313236,40.067657],[-73.403296,40.050581],[-73.495077,40.040271],[-73.587722,40.036824],[-73.680367,40.040271],[-73.772148,40.050581],[-73.862208,40.067657],[-73.949705,40.09134],[-74.033818,40.121408],[-74.113756,40.157581],[-74.188762,40.199519],[-74.258124,40.246828],[-74.321176,40.299065],[-74.37731,40.355736],[-74.425977,40.416307],[-74.466697,40.480203],[-74.499058,40.546819],[-74.522729,40.61552],[-74.537455,40.685649],[-74.543068,40.756536],[-74.539484,40.827498],[-74.526708,40.897851],[-74.504836,40.966916],[-74.47405,41.034021],[-74.434625,41.098514],[-74.386919,41.159766],[-74.331377,41.217176],[-74.268525,41.270181],[-74.198964,41.318259],[-74.123366,41.360936],[-74.042468,41.39779],[-73.957061,41.428455],[-73.867988,41.452628],[-73.776129,41.470068],[-73.682397,41.480602],[-73.587722,41.484125]]]},"properties":{"siteId":"13174","propertyType":"PSI Authorized","category":"3P"}},{"type":"Feature","geometry":{"type":"Polygon","coordinates":[[[-73.781213,41.761194],[-73.686131,41.757671],[-73.591995,41.747136],[-73.499742,41.729694],[-73.410287,41.705519],[-73.324515,41.67485],[-73.243272,41.637993],[-73.167354,41.595313],[-73.0975,41.547231],[-73.034385,41.494222],[-72.978614,41.436808],[-72.930713,41.375553],[-72.891128,41.311057],[-72.860222,41.243949],[-72.838266,41.174883],[-72.825447,41.104528],[-72.821858,41.033566],[-72.827504,40.96268],[-72.842302,40.892552],[-72.866081,40.823853],[-72.898585,40.75724],[-72.939482,40.693346],[-72.988358,40.632779],[-73.04473,40.576111],[-73.108048,40.523878],[-73.177699,40.476572],[-73.253018,40.434638],[-73.333286,40.398469],[-73.417746,40.368403],[-73.505603,40.344723],[-73.596032,40.327648],[-73.688189,40.31734],[-73.781213,40.313893],[-73.874237,40.31734],[-73.966394,40.327648],[-74.056823,40.344723],[-74.14468,40.368403],[-74.22914,40.398469],[-74.309408,40.434638],[-74.384727,40.476572],[-74.454378,40.523878],[-74.517696,40.576111],[-74.574068,40.632779],[-74.622944,40.693346],[-74.66384,40.75724],[-74.696345,40.823853],[-74.720124,40.892552],[-74.734922,40.96268],[-74.740568,41.033566],[-74.736979,41.104528],[-74.72416,41.174883],[-74.702204,41.243949],[-74.671298,41.311057],[-74.631713,41.375553],[-74.583812,41.436808],[-74.52804,41.494222],[-74.464926,41.547231],[-74.395072,41.595313],[-74.319154,41.637993],[-74.237911,41.67485],[-74.152139,41.705519],[-74.062684,41.729694],[-73.970431,41.747136],[-73.876295,41.757671],[-73.781213,41.761194]]]},"properties":{"siteId":"19042","propertyType":"PSI Authorized","category":"3P"}},{"type":"Feature","geometry":{"type":"Polygon","coordinates":[[[-75.29072,43.840432],[-75.192388,43.836906],[-75.095037,43.826362],[-74.999638,43.808906],[-74.90714,43.784711],[-74.818459,43.75402],[-74.734471,43.717136],[-74.656001,43.674427],[-74.583814,43.626315],[-74.518606,43.573277],[-74.461001,43.515835],[-74.411545,43.454554],[-74.370694,43.390035],[-74.338822,43.322909],[-74.316208,43.253829],[-74.30304,43.183467],[-74.299412,43.112502],[-74.305327,43.04162],[-74.320694,42.971501],[-74.345335,42.902817],[-74.378983,42.836222],[-74.421292,42.772352],[-74.471832,42.711811],[-74.530104,42.655171],[-74.595538,42.602968],[-74.667501,42.555691],[-74.745304,42.513784],[-74.828208,42.477641],[-74.915431,42.447598],[-75.006153,42.423935],[-75.099525,42.406875],[-75.194676,42.396574],[-75.29072,42.39313],[-75.386764,42.396574],[-75.481915,42.406875],[-75.575287,42.423935],[-75.666009,42.447598],[-75.753232,42.477641],[-75.836136,42.513784],[-75.913939,42.555691],[-75.985902,42.602968],[-76.051336,42.655171],[-76.109608,42.711811],[-76.160148,42.772352],[-76.202457,42.836222],[-76.236105,42.902817],[-76.260746,42.971501],[-76.276113,43.04162],[-76.282028,43.112502],[-76.2784,43.183467],[-76.265232,43.253829],[-76.242618,43.322909],[-76.210746,43.390035],[-76.169895,43.454554],[-76.120439,43.515835],[-76.062834,43.573277],[-75.997626,43.626315],[-75.925439,43.674427],[-75.846969,43.717136],[-75.762981,43.75402],[-75.6743,43.784711],[-75.581802,43.808906],[-75.486403,43.826362],[-75.389052,43.836906],[-75.29072,43.840432]]]},"properties":{"siteId":"11685","propertyType":"PSI Authorized","category":"3P"}},{"type":"Feature","geometry":{"type":"Polygon","coordinates":[[[-82.602284,36.308816],[-82.51427,36.305299],[-82.427127,36.294785],[-82.341716,36.277376],[-82.258882,36.253246],[-82.179439,36.222632],[-82.104167,36.185837],[-82.033803,36.143223],[-81.969029,36.095211],[-81.910471,36.042272],[-81.858691,35.984924],[-81.81418,35.92373],[-81.777354,35.859287],[-81.748554,35.792222],[-81.728038,35.723188],[-81.715983,35.652852],[-81.712484,35.581895],[-81.717552,35.511001],[-81.731115,35.440851],[-81.753021,35.372119],[-81.78304,35.305461],[-81.820865,35.241513],[-81.86612,35.180884],[-81.918358,35.12415],[-81.977071,35.071849],[-82.04169,35.024474],[-82.111598,34.982474],[-82.186126,34.946245],[-82.264569,34.916126],[-82.346185,34.892403],[-82.430205,34.875296],[-82.515839,34.864968],[-82.602284,34.861514],[-82.688729,34.864968],[-82.774364,34.875296],[-82.858384,34.892403],[-82.94,34.916126],[-83.018442,34.946245],[-83.092971,34.982474],[-83.162878,35.024474],[-83.227498,35.071849],[-83.28621,35.12415],[-83.338448,35.180884],[-83.383703,35.241513],[-83.421529,35.305461],[-83.451548,35.372119],[-83.473454,35.440851],[-83.487017,35.511001],[-83.492084,35.581895],[-83.488585,35.652852],[-83.476531,35.723188],[-83.456015,35.792222],[-83.427215,35.859287],[-83.390389,35.92373],[-83.345878,35.984924],[-83.294097,36.042272],[-83.23554,36.095211],[-83.170766,36.143223],[-83.100401,36.185837],[-83.02513,36.222632],[-82.945687,36.253246],[-82.862852,36.277376],[-82.777442,36.294785],[-82.690299,36.305299],[-82.602284,36.308816]]]},"properties":{"siteId":"34","propertyType":"PSI Owned","category":"OO"}},{"type":"Feature","geometry":{"type":"Polygon","coordinates":[[[-78.802691,36.541375],[-78.714413,36.537858],[-78.627008,36.527343],[-78.541342,36.509933],[-78.45826,36.4858],[-78.378581,36.455184],[-78.303086,36.418387],[-78.232514,36.375771],[-78.167551,36.327756],[-78.108823,36.274814],[-78.056893,36.217464],[-78.012255,36.156267],[-77.975326,36.091822],[-77.946447,36.024755],[-77.925878,35.95572],[-77.913794,35.885383],[-77.910292,35.814426],[-77.915381,35.743532],[-77.92899,35.673383],[-77.950966,35.604652],[-77.981078,35.537996],[-78.019018,35.47405],[-78.064408,35.413424],[-78.116801,35.356693],[-78.175685,35.304394],[-78.240493,35.257022],[-78.310602,35.215025],[-78.385346,35.178798],[-78.464013,35.148681],[-78.545862,35.124959],[-78.630122,35.107854],[-78.716,35.097526],[-78.802691,35.094073],[-78.889382,35.097526],[-78.97526,35.107854],[-79.059519,35.124959],[-79.141368,35.148681],[-79.220036,35.178798],[-79.294779,35.215025],[-79.364889,35.257022],[-79.429696,35.304394],[-79.488581,35.356693],[-79.540973,35.413424],[-79.586363,35.47405],[-79.624304,35.537996],[-79.654416,35.604652],[-79.676392,35.673383],[-79.69,35.743532],[-79.69509,35.814426],[-79.691587,35.885383],[-79.679504,35.95572],[-79.658934,36.024755],[-79.630055,36.091822],[-79.593126,36.156267],[-79.548488,36.217464],[-79.496559,36.274814],[-79.437831,36.327756],[-79.372867,36.375771],[-79.302295,36.418387],[-79.226801,36.455184],[-79.147121,36.4858],[-79.064039,36.509933],[-78.978373,36.527343],[-78.890969,36.537858],[-78.802691,36.541375]]]},"properties":{"siteId":"5423","propertyType":"PSI Authorized","category":"3P"}},{"type":"Feature","geometry":{"type":"Polygon","coordinates":[[[-80.749946,36.031412],[-80.662243,36.027896],[-80.575407,36.017383],[-80.490298,35.999975],[-80.407754,35.975847],[-80.32859,35.945236],[-80.253581,35.908444],[-80.183461,35.865833],[-80.11891,35.817824],[-80.060553,35.764888],[-80.008949,35.707544],[-79.964587,35.646353],[-79.927882,35.581912],[-79.899175,35.51485],[-79.878722,35.445816],[-79.866702,35.375482],[-79.863207,35.304525],[-79.868249,35.233631],[-79.881758,35.16348],[-79.903581,35.094746],[-79.933491,35.028085],[-79.971182,34.964135],[-80.016277,34.903503],[-80.068333,34.846766],[-80.126843,34.794462],[-80.191241,34.747084],[-80.26091,34.705081],[-80.335186,34.668848],[-80.413364,34.638728],[-80.494705,34.615002],[-80.578443,34.597894],[-80.66379,34.587565],[-80.749946,34.584111],[-80.836101,34.587565],[-80.921449,34.597894],[-81.005186,34.615002],[-81.086528,34.638728],[-81.164706,34.668848],[-81.238981,34.705081],[-81.308651,34.747084],[-81.373049,34.794462],[-81.431558,34.846766],[-81.483615,34.903503],[-81.52871,34.964135],[-81.566401,35.028085],[-81.59631,35.094746],[-81.618134,35.16348],[-81.631643,35.233631],[-81.636685,35.304525],[-81.63319,35.375482],[-81.621169,35.445816],[-81.600717,35.51485],[-81.572009,35.581912],[-81.535305,35.646353],[-81.490943,35.707544],[-81.439338,35.764888],[-81.380981,35.817824],[-81.316431,35.865833],[-81.246311,35.908444],[-81.171302,35.945236],[-81.092137,35.975847],[-81.009594,35.999975],[-80.924485,36.017383],[-80.837649,36.027896],[-80.749946,36.031412]]]},"properties":{"siteId":"9083","propertyType":"PSI Authorized","category":"3P"}},{"type":"Feature","geometry":{"type":"Polygon","coordinates":[[[-80.798623,36.000747],[-80.710954,35.997231],[-80.624152,35.986718],[-80.539076,35.969311],[-80.456565,35.945183],[-80.377431,35.914572],[-80.302451,35.87778],[-80.232357,35.83517],[-80.167831,35.787161],[-80.109496,35.734226],[-80.057911,35.676882],[-80.013565,35.615691],[-79.976874,35.55125],[-79.948177,35.484188],[-79.927732,35.415155],[-79.915715,35.34482],[-79.91222,35.273864],[-79.91726,35.202969],[-79.930762,35.132818],[-79.952577,35.064084],[-79.982474,34.997424],[-80.02015,34.933473],[-80.065228,34.872841],[-80.117264,34.816104],[-80.175752,34.763798],[-80.240126,34.716421],[-80.309769,34.674417],[-80.384017,34.638184],[-80.462166,34.608063],[-80.543477,34.584337],[-80.627184,34.567229],[-80.7125,34.5569],[-80.798623,34.553446],[-80.884747,34.5569],[-80.970063,34.567229],[-81.05377,34.584337],[-81.135081,34.608063],[-81.21323,34.638184],[-81.287478,34.674417],[-81.357121,34.716421],[-81.421495,34.763798],[-81.479982,34.816104],[-81.532018,34.872841],[-81.577096,34.933473],[-81.614772,34.997424],[-81.64467,35.064084],[-81.666484,35.132818],[-81.679987,35.202969],[-81.685026,35.273864],[-81.681532,35.34482],[-81.669515,35.415155],[-81.649069,35.484188],[-81.620372,35.55125],[-81.583681,35.615691],[-81.539335,35.676882],[-81.48775,35.734226],[-81.429415,35.787161],[-81.364889,35.83517],[-81.294796,35.87778],[-81.219816,35.914572],[-81.140682,35.945183],[-81.058171,35.969311],[-80.973094,35.986718],[-80.886292,35.997231],[-80.798623,36.000747]]]},"properties":{"siteId":"9085","propertyType":"PSI Authorized","category":"3P"}},{"type":"Feature","geometry":{"type":"Polygon","coordinates":[[[-80.888275,35.883163],[-80.800736,35.879647],[-80.714064,35.869134],[-80.629113,35.851728],[-80.546724,35.8276],[-80.467707,35.79699],[-80.392837,35.7602],[-80.322846,35.717591],[-80.258414,35.669584],[-80.200163,35.61665],[-80.148651,35.559307],[-80.104368,35.498117],[-80.067728,35.433678],[-80.03907,35.366616],[-80.018651,35.297584],[-80.006648,35.22725],[-80.003155,35.156293],[-80.008184,35.085399],[-80.021664,35.015247],[-80.043444,34.946512],[-80.073296,34.879851],[-80.110915,34.815899],[-80.155926,34.755266],[-80.207886,34.698527],[-80.266288,34.646221],[-80.33057,34.598842],[-80.400113,34.556837],[-80.474255,34.520603],[-80.552293,34.490481],[-80.633489,34.466754],[-80.717077,34.449645],[-80.802273,34.439315],[-80.888275,34.435861],[-80.974278,34.439315],[-81.059473,34.449645],[-81.143062,34.466754],[-81.224258,34.490481],[-81.302295,34.520603],[-81.376438,34.556837],[-81.445981,34.598842],[-81.510262,34.646221],[-81.568665,34.698527],[-81.620624,34.755266],[-81.665636,34.815899],[-81.703255,34.879851],[-81.733107,34.946512],[-81.754887,35.015247],[-81.768367,35.085399],[-81.773395,35.156293],[-81.769903,35.22725],[-81.7579,35.297584],[-81.737481,35.366616],[-81.708822,35.433678],[-81.672183,35.498117],[-81.627899,35.559307],[-81.576388,35.61665],[-81.518137,35.669584],[-81.453705,35.717591],[-81.383713,35.7602],[-81.308844,35.79699],[-81.229826,35.8276],[-81.147437,35.851728],[-81.062487,35.869134],[-80.975814,35.879647],[-80.888275,35.883163]]]},"properties":{"siteId":"5002","propertyType":"PSI Owned","category":"OO"}},{"type":"Feature","geometry":{"type":"Polygon","coordinates":[[[-78.943774,35.802648],[-78.856324,35.799133],[-78.769739,35.78862],[-78.684875,35.771214],[-78.602569,35.747087],[-78.523631,35.716478],[-78.448836,35.679688],[-78.378915,35.637081],[-78.314547,35.589074],[-78.256353,35.536141],[-78.204892,35.478799],[-78.160651,35.417611],[-78.124046,35.353172],[-78.095414,35.286111],[-78.075013,35.217079],[-78.06302,35.146745],[-78.059528,35.075788],[-78.06455,35.004894],[-78.078014,34.934742],[-78.099771,34.866007],[-78.129591,34.799345],[-78.167172,34.735392],[-78.212138,34.674758],[-78.264045,34.618019],[-78.32239,34.565711],[-78.386608,34.518331],[-78.456083,34.476325],[-78.530153,34.440091],[-78.608116,34.409968],[-78.689233,34.38624],[-78.772741,34.369131],[-78.857854,34.358801],[-78.943774,34.355347],[-79.029694,34.358801],[-79.114807,34.369131],[-79.198315,34.38624],[-79.279433,34.409968],[-79.357395,34.440091],[-79.431465,34.476325],[-79.50094,34.518331],[-79.565158,34.565711],[-79.623503,34.618019],[-79.675411,34.674758],[-79.720376,34.735392],[-79.757957,34.799345],[-79.787777,34.866007],[-79.809534,34.934742],[-79.822998,35.004894],[-79.82802,35.075788],[-79.824528,35.146745],[-79.812535,35.217079],[-79.792134,35.286111],[-79.763502,35.353172],[-79.726897,35.417611],[-79.682657,35.478799],[-79.631195,35.536141],[-79.573001,35.589074],[-79.508633,35.637081],[-79.438712,35.679688],[-79.363917,35.716478],[-79.284979,35.747087],[-79.202673,35.771214],[-79.117809,35.78862],[-79.031224,35.799133],[-78.943774,35.802648]]]},"properties":{"siteId":"35","propertyType":"PSI Owned","category":"OO"}},{"type":"Feature","geometry":{"type":"Polygon","coordinates":[[[-79.825747,36.832436],[-79.737134,36.828918],[-79.649399,36.818402],[-79.563409,36.80099],[-79.480013,36.776856],[-79.400034,36.746237],[-79.324257,36.709437],[-79.253422,36.666817],[-79.188217,36.618799],[-79.129274,36.565853],[-79.077155,36.5085],[-79.032356,36.4473],[-78.995297,36.382852],[-78.966318,36.315784],[-78.94568,36.246746],[-78.93356,36.176409],[-78.930054,36.105451],[-78.93517,36.034558],[-78.948837,35.96441],[-78.970902,35.895681],[-79.001132,35.829027],[-79.039217,35.765084],[-79.084779,35.70446],[-79.137367,35.647732],[-79.19647,35.595437],[-79.261516,35.548069],[-79.331882,35.506075],[-79.406897,35.469851],[-79.48585,35.439737],[-79.567994,35.416017],[-79.652557,35.398914],[-79.738745,35.388587],[-79.825747,35.385134],[-79.91275,35.388587],[-79.998937,35.398914],[-80.0835,35.416017],[-80.165645,35.439737],[-80.244598,35.469851],[-80.319613,35.506075],[-80.389979,35.548069],[-80.455025,35.595437],[-80.514127,35.647732],[-80.566716,35.70446],[-80.612277,35.765084],[-80.650363,35.829027],[-80.680592,35.895681],[-80.702657,35.96441],[-80.716324,36.034558],[-80.721441,36.105451],[-80.717934,36.176409],[-80.705815,36.246746],[-80.685177,36.315784],[-80.656198,36.382852],[-80.619138,36.4473],[-80.574339,36.5085],[-80.522221,36.565853],[-80.463277,36.618799],[-80.398073,36.666817],[-80.327238,36.709437],[-80.25146,36.746237],[-80.171481,36.776856],[-80.088086,36.80099],[-80.002096,36.818402],[-79.91436,36.828918],[-79.825747,36.832436]]]},"properties":{"siteId":"9157","propertyType":"PSI Authorized","category":"3P"}},{"type":"Feature","geometry":{"type":"Polygon","coordinates":[[[-77.359991,36.306052],[-77.27198,36.302535],[-77.18484,36.292021],[-77.099432,36.274612],[-77.016601,36.250481],[-76.937161,36.219868],[-76.861892,36.183073],[-76.791529,36.140459],[-76.726758,36.092447],[-76.668202,36.039508],[-76.616424,35.98216],[-76.571914,35.920966],[-76.535089,35.856523],[-76.50629,35.789458],[-76.485775,35.720424],[-76.473721,35.650088],[-76.470222,35.579131],[-76.475289,35.508237],[-76.488851,35.438088],[-76.510756,35.369355],[-76.540774,35.302697],[-76.578599,35.238749],[-76.623852,35.17812],[-76.676088,35.121386],[-76.734798,35.069085],[-76.799416,35.02171],[-76.869321,34.97971],[-76.943847,34.943481],[-77.022287,34.913362],[-77.1039,34.889638],[-77.187917,34.872532],[-77.273549,34.862204],[-77.359991,34.85875],[-77.446433,34.862204],[-77.532065,34.872532],[-77.616082,34.889638],[-77.697695,34.913362],[-77.776135,34.943481],[-77.850661,34.97971],[-77.920566,35.02171],[-77.985183,35.069085],[-78.043894,35.121386],[-78.09613,35.17812],[-78.141383,35.238749],[-78.179208,35.302697],[-78.209225,35.369355],[-78.231131,35.438088],[-78.244693,35.508237],[-78.24976,35.579131],[-78.246261,35.650088],[-78.234207,35.720424],[-78.213692,35.789458],[-78.184893,35.856523],[-78.148068,35.920966],[-78.103558,35.98216],[-78.05178,36.039508],[-77.993224,36.092447],[-77.928453,36.140459],[-77.85809,36.183073],[-77.782821,36.219868],[-77.703381,36.250481],[-77.62055,36.274612],[-77.535142,36.292021],[-77.448002,36.302535],[-77.359991,36.306052]]]},"properties":{"siteId":"32","propertyType":"PSI Owned","category":"OO"}},{"type":"Feature","geometry":{"type":"Polygon","coordinates":[[[-79.003066,35.390634],[-78.916065,35.387118],[-78.829924,35.376607],[-78.745494,35.359203],[-78.663609,35.33508],[-78.585073,35.304474],[-78.510658,35.267689],[-78.441089,35.225086],[-78.377044,35.177084],[-78.31914,35.124156],[-78.267932,35.066819],[-78.223907,35.005634],[-78.187477,34.941199],[-78.158979,34.874141],[-78.13867,34.805111],[-78.126725,34.734778],[-78.12324,34.663822],[-78.128224,34.592927],[-78.14161,34.522774],[-78.163248,34.454036],[-78.192911,34.387371],[-78.230297,34.323415],[-78.275032,34.262777],[-78.326677,34.206033],[-78.384729,34.153721],[-78.448627,34.106336],[-78.517759,34.064325],[-78.591464,34.028086],[-78.669044,33.99796],[-78.749765,33.974229],[-78.832865,33.957118],[-78.917564,33.946787],[-79.003066,33.943332],[-79.088567,33.946787],[-79.173266,33.957118],[-79.256367,33.974229],[-79.337088,33.99796],[-79.414668,34.028086],[-79.488373,34.064325],[-79.557504,34.106336],[-79.621403,34.153721],[-79.679454,34.206033],[-79.7311,34.262777],[-79.775835,34.323415],[-79.813221,34.387371],[-79.842884,34.454036],[-79.864521,34.522774],[-79.877907,34.592927],[-79.882892,34.663822],[-79.879406,34.734778],[-79.867462,34.805111],[-79.847153,34.874141],[-79.818655,34.941199],[-79.782225,35.005634],[-79.7382,35.066819],[-79.686992,35.124156],[-79.629088,35.177084],[-79.565042,35.225086],[-79.495474,35.267689],[-79.421059,35.304474],[-79.342523,35.33508],[-79.260637,35.359203],[-79.176208,35.376607],[-79.090067,35.387118],[-79.003066,35.390634]]]},"properties":{"siteId":"17224","propertyType":"PSI Authorized","category":"3P"}},{"type":"Feature","geometry":{"type":"Polygon","coordinates":[[[-77.10129,35.834093],[-77.013805,35.830577],[-76.927186,35.820064],[-76.842288,35.802658],[-76.75995,35.778531],[-76.680981,35.747921],[-76.606157,35.711131],[-76.536209,35.668523],[-76.471815,35.620517],[-76.413599,35.567583],[-76.362118,35.510241],[-76.317861,35.449052],[-76.281242,35.384613],[-76.2526,35.317552],[-76.232192,35.248519],[-76.220195,35.178185],[-76.216703,35.107229],[-76.221727,35.036334],[-76.235198,34.966183],[-76.256964,34.897447],[-76.286796,34.830786],[-76.324392,34.766834],[-76.369376,34.7062],[-76.421304,34.649461],[-76.479671,34.597154],[-76.543913,34.549774],[-76.613415,34.507768],[-76.687513,34.471534],[-76.765505,34.441411],[-76.846653,34.417684],[-76.930193,34.400575],[-77.015338,34.390245],[-77.10129,34.386791],[-77.187242,34.390245],[-77.272387,34.400575],[-77.355927,34.417684],[-77.437075,34.441411],[-77.515067,34.471534],[-77.589165,34.507768],[-77.658667,34.549774],[-77.722909,34.597154],[-77.781276,34.649461],[-77.833205,34.7062],[-77.878188,34.766834],[-77.915784,34.830786],[-77.945616,34.897447],[-77.967382,34.966183],[-77.980853,35.036334],[-77.985877,35.107229],[-77.982385,35.178185],[-77.970388,35.248519],[-77.94998,35.317552],[-77.921338,35.384613],[-77.884719,35.449052],[-77.840462,35.510241],[-77.788981,35.567583],[-77.730765,35.620517],[-77.666372,35.668523],[-77.596423,35.711131],[-77.521599,35.747921],[-77.44263,35.778531],[-77.360292,35.802658],[-77.275394,35.820064],[-77.188775,35.830577],[-77.10129,35.834093]]]},"properties":{"siteId":"12016","propertyType":"PSI Authorized","category":"3P"}},{"type":"Feature","geometry":{"type":"Polygon","coordinates":[[[-78.639528,36.582721],[-78.551203,36.579204],[-78.463751,36.568688],[-78.37804,36.551278],[-78.294914,36.527146],[-78.215192,36.496529],[-78.139657,36.459731],[-78.069048,36.417115],[-78.00405,36.369099],[-77.945292,36.316157],[-77.893336,36.258806],[-77.848675,36.197609],[-77.811728,36.133164],[-77.782835,36.066097],[-77.762255,35.997061],[-77.750167,35.926724],[-77.746664,35.855767],[-77.751757,35.784873],[-77.765374,35.714725],[-77.787363,35.645994],[-77.817491,35.579338],[-77.855452,35.515392],[-77.900866,35.454766],[-77.953286,35.398036],[-78.012202,35.345737],[-78.077043,35.298366],[-78.147189,35.256369],[-78.22197,35.220142],[-78.300678,35.190027],[-78.382569,35.166305],[-78.466871,35.1492],[-78.552793,35.138872],[-78.639528,35.135419],[-78.726263,35.138872],[-78.812185,35.1492],[-78.896487,35.166305],[-78.978378,35.190027],[-79.057086,35.220142],[-79.131867,35.256369],[-79.202013,35.298366],[-79.266854,35.345737],[-79.32577,35.398036],[-79.37819,35.454766],[-79.423604,35.515392],[-79.461565,35.579338],[-79.491693,35.645994],[-79.513682,35.714725],[-79.527299,35.784873],[-79.532392,35.855767],[-79.528889,35.926724],[-79.516801,35.997061],[-79.496221,36.066097],[-79.467328,36.133164],[-79.430381,36.197609],[-79.38572,36.258806],[-79.333764,36.316157],[-79.275006,36.369099],[-79.210008,36.417115],[-79.139399,36.459731],[-79.063864,36.496529],[-78.984142,36.527146],[-78.901016,36.551278],[-78.815305,36.568688],[-78.727853,36.579204],[-78.639528,36.582721]]]},"properties":{"siteId":"29","propertyType":"PSI Owned","category":"OO"}},{"type":"Feature","geometry":{"type":"Polygon","coordinates":[[[-77.855316,34.976878],[-77.768757,34.973363],[-77.683053,34.962853],[-77.599051,34.945452],[-77.517579,34.921332],[-77.439439,34.89073],[-77.365397,34.853949],[-77.296176,34.81135],[-77.232448,34.763353],[-77.174829,34.71043],[-77.123871,34.653097],[-77.080058,34.591917],[-77.0438,34.527485],[-77.015434,34.46043],[-76.995215,34.391403],[-76.983319,34.321071],[-76.979839,34.250116],[-76.984787,34.17922],[-76.998096,34.109065],[-77.019617,34.040325],[-77.049124,33.973657],[-77.086318,33.909697],[-77.130827,33.849055],[-77.182214,33.792306],[-77.239978,33.739989],[-77.303561,33.692599],[-77.372354,33.650585],[-77.445701,33.614342],[-77.522904,33.584212],[-77.603235,33.560478],[-77.685935,33.543365],[-77.770226,33.533032],[-77.855316,33.529576],[-77.940406,33.533032],[-78.024697,33.543365],[-78.107397,33.560478],[-78.187728,33.584212],[-78.264931,33.614342],[-78.338278,33.650585],[-78.407071,33.692599],[-78.470654,33.739989],[-78.528418,33.792306],[-78.579805,33.849055],[-78.624314,33.909697],[-78.661508,33.973657],[-78.691015,34.040325],[-78.712536,34.109065],[-78.725845,34.17922],[-78.730794,34.250116],[-78.727314,34.321071],[-78.715417,34.391403],[-78.695198,34.46043],[-78.666832,34.527485],[-78.630575,34.591917],[-78.586761,34.653097],[-78.535803,34.71043],[-78.478184,34.763353],[-78.414456,34.81135],[-78.345235,34.853949],[-78.271193,34.89073],[-78.193053,34.921332],[-78.111581,34.945452],[-78.027579,34.962853],[-77.941875,34.973363],[-77.855316,34.976878]]]},"properties":{"siteId":"33","propertyType":"PSI Owned","category":"OO"}},{"type":"Feature","geometry":{"type":"Polygon","coordinates":[[[-80.31473,36.793415],[-80.226162,36.789898],[-80.138472,36.779382],[-80.052525,36.76197],[-79.969172,36.737836],[-79.889234,36.707218],[-79.813494,36.670417],[-79.742695,36.627799],[-79.677523,36.57978],[-79.618608,36.526835],[-79.566515,36.469483],[-79.521738,36.408283],[-79.484696,36.343836],[-79.455731,36.276767],[-79.435102,36.20773],[-79.422987,36.137393],[-79.419481,36.066436],[-79.424594,35.995542],[-79.438253,35.925394],[-79.460306,35.856664],[-79.490519,35.79001],[-79.528586,35.726067],[-79.574124,35.665443],[-79.626686,35.608715],[-79.685759,35.556419],[-79.750773,35.50905],[-79.821104,35.467056],[-79.896083,35.430831],[-79.974997,35.400717],[-80.057102,35.376997],[-80.141624,35.359893],[-80.22777,35.349566],[-80.31473,35.346113],[-80.401691,35.349566],[-80.487836,35.359893],[-80.572358,35.376997],[-80.654463,35.400717],[-80.733378,35.430831],[-80.808356,35.467056],[-80.878687,35.50905],[-80.943701,35.556419],[-81.002774,35.608715],[-81.055336,35.665443],[-81.100875,35.726067],[-81.138941,35.79001],[-81.169154,35.856664],[-81.191207,35.925394],[-81.204866,35.995542],[-81.209979,36.066436],[-81.206473,36.137393],[-81.194359,36.20773],[-81.17373,36.276767],[-81.144764,36.343836],[-81.107722,36.408283],[-81.062945,36.469483],[-81.010852,36.526835],[-80.951938,36.57978],[-80.886766,36.627799],[-80.815966,36.670417],[-80.740227,36.707218],[-80.660288,36.737836],[-80.576935,36.76197],[-80.490989,36.779382],[-80.403298,36.789898],[-80.31473,36.793415]]]},"properties":{"siteId":"31","propertyType":"PSI Owned","category":"OO"}},{"type":"Feature","geometry":{"type":"Polygon","coordinates":[[[-100.787745,47.529366],[-100.682706,47.525834],[-100.57872,47.515273],[-100.47683,47.497789],[-100.378052,47.473557],[-100.28337,47.44282],[-100.193721,47.405885],[-100.109989,47.363119],[-100.03299,47.31495],[-99.963469,47.261854],[-99.902089,47.204356],[-99.849429,47.143025],[-99.805976,47.078462],[-99.772119,47.0113],[-99.748154,46.942195],[-99.734273,46.871817],[-99.730573,46.800848],[-99.737047,46.729973],[-99.753595,46.659872],[-99.780019,46.591216],[-99.816031,46.524659],[-99.861253,46.460834],[-99.915228,46.400344],[-99.977417,46.343759],[-100.047213,46.291613],[-100.123939,46.244393],[-100.206863,46.202541],[-100.295197,46.166447],[-100.38811,46.136448],[-100.484733,46.112821],[-100.584164,46.095787],[-100.685481,46.085503],[-100.787745,46.082064],[-100.890008,46.085503],[-100.991325,46.095787],[-101.090757,46.112821],[-101.187379,46.136448],[-101.280293,46.166447],[-101.368627,46.202541],[-101.451551,46.244393],[-101.528277,46.291613],[-101.598072,46.343759],[-101.660262,46.400344],[-101.714236,46.460834],[-101.759459,46.524659],[-101.795471,46.591216],[-101.821895,46.659872],[-101.838442,46.729973],[-101.844917,46.800848],[-101.841216,46.871817],[-101.827336,46.942195],[-101.803371,47.0113],[-101.769514,47.078462],[-101.72606,47.143025],[-101.673401,47.204356],[-101.612021,47.261854],[-101.5425,47.31495],[-101.465501,47.363119],[-101.381768,47.405885],[-101.29212,47.44282],[-101.197438,47.473557],[-101.09866,47.497789],[-100.996769,47.515273],[-100.892784,47.525834],[-100.787745,47.529366]]]},"properties":{"siteId":"6723","propertyType":"PSI Owned","category":"OO"}},{"type":"Feature","geometry":{"type":"Polygon","coordinates":[[[-96.863479,47.568626],[-96.758361,47.565094],[-96.654298,47.554532],[-96.552331,47.537048],[-96.453479,47.512816],[-96.358727,47.482078],[-96.269012,47.445142],[-96.185218,47.402376],[-96.108163,47.354206],[-96.038591,47.301109],[-95.977167,47.243612],[-95.92447,47.18228],[-95.880986,47.117716],[-95.847106,47.050554],[-95.823125,46.981448],[-95.809236,46.91107],[-95.805535,46.840101],[-95.812016,46.769226],[-95.828578,46.699125],[-95.855023,46.63047],[-95.891062,46.563913],[-95.936319,46.500089],[-95.990334,46.439599],[-96.052569,46.383015],[-96.122415,46.330869],[-96.199198,46.28365],[-96.282181,46.241798],[-96.370579,46.205705],[-96.463559,46.175706],[-96.560251,46.15208],[-96.659754,46.135047],[-96.761143,46.124763],[-96.863479,46.121324],[-96.965815,46.124763],[-97.067205,46.135047],[-97.166707,46.15208],[-97.263399,46.175706],[-97.356379,46.205705],[-97.444777,46.241798],[-97.52776,46.28365],[-97.604543,46.330869],[-97.674389,46.383015],[-97.736625,46.439599],[-97.790639,46.500089],[-97.835896,46.563913],[-97.871935,46.63047],[-97.89838,46.699125],[-97.914942,46.769226],[-97.921423,46.840101],[-97.917722,46.91107],[-97.903833,46.981448],[-97.879852,47.050554],[-97.845973,47.117716],[-97.802488,47.18228],[-97.749791,47.243612],[-97.688367,47.301109],[-97.618795,47.354206],[-97.54174,47.402376],[-97.457946,47.445142],[-97.368231,47.482078],[-97.273479,47.512816],[-97.174627,47.537048],[-97.07266,47.554532],[-96.968597,47.565094],[-96.863479,47.568626]]]},"properties":{"siteId":"13771","propertyType":"PSI Authorized","category":"3P"}},{"type":"Feature","geometry":{"type":"Polygon","coordinates":[[[-97.069322,48.644778],[-96.96198,48.641244],[-96.855717,48.630677],[-96.751597,48.613184],[-96.650664,48.588939],[-96.553922,48.558187],[-96.462331,48.521235],[-96.376794,48.478451],[-96.298145,48.430262],[-96.227145,48.377147],[-96.164471,48.319632],[-96.110714,48.258284],[-96.06637,48.193707],[-96.031835,48.126533],[-96.007408,48.057419],[-95.993286,47.987036],[-95.989563,47.916066],[-95.996232,47.845193],[-96.013187,47.775098],[-96.040225,47.706451],[-96.077049,47.639907],[-96.123272,47.576096],[-96.178425,47.515623],[-96.241959,47.459057],[-96.31325,47.406929],[-96.39161,47.359728],[-96.476288,47.317894],[-96.566484,47.281816],[-96.661347,47.251831],[-96.759992,47.228217],[-96.861499,47.211191],[-96.964928,47.200913],[-97.069322,47.197476],[-97.173716,47.200913],[-97.277145,47.211191],[-97.378653,47.228217],[-97.477297,47.251831],[-97.57216,47.281816],[-97.662356,47.317894],[-97.747034,47.359728],[-97.825394,47.406929],[-97.896685,47.459057],[-97.960219,47.515623],[-98.015372,47.576096],[-98.061596,47.639907],[-98.098419,47.706451],[-98.125457,47.775098],[-98.142412,47.845193],[-98.149081,47.916066],[-98.145358,47.987036],[-98.131236,48.057419],[-98.106809,48.126533],[-98.072275,48.193707],[-98.02793,48.258284],[-97.974173,48.319632],[-97.9115,48.377147],[-97.8405,48.430262],[-97.76185,48.478451],[-97.676313,48.521235],[-97.584722,48.558187],[-97.48798,48.588939],[-97.387047,48.613184],[-97.282927,48.630677],[-97.176664,48.641244],[-97.069322,48.644778]]]},"properties":{"siteId":"13480","propertyType":"TD TESTING","category":"3P"}},{"type":"Feature","geometry":{"type":"Polygon","coordinates":[[[-101.292941,48.956928],[-101.184929,48.953394],[-101.078003,48.942825],[-100.973235,48.925329],[-100.871674,48.901082],[-100.774333,48.870325],[-100.682177,48.833368],[-100.596114,48.790579],[-100.516985,48.742385],[-100.445555,48.689264],[-100.382506,48.631743],[-100.32843,48.57039],[-100.283826,48.505809],[-100.249094,48.438632],[-100.224534,48.369515],[-100.210342,48.299131],[-100.206612,48.228161],[-100.213338,48.157288],[-100.230412,48.087195],[-100.257628,48.018551],[-100.294688,47.95201],[-100.341203,47.888204],[-100.396699,47.827736],[-100.460624,47.771175],[-100.53235,47.719052],[-100.611185,47.671856],[-100.696374,47.630027],[-100.78711,47.593955],[-100.882541,47.563974],[-100.981773,47.540363],[-101.083884,47.52334],[-101.187927,47.513063],[-101.292941,47.509627],[-101.397954,47.513063],[-101.501997,47.52334],[-101.604108,47.540363],[-101.703341,47.563974],[-101.798771,47.593955],[-101.889507,47.630027],[-101.974696,47.671856],[-102.053531,47.719052],[-102.125257,47.771175],[-102.189182,47.827736],[-102.244678,47.888204],[-102.291193,47.95201],[-102.328253,48.018551],[-102.355469,48.087195],[-102.372543,48.157288],[-102.379269,48.228161],[-102.37554,48.299131],[-102.361348,48.369515],[-102.336787,48.438632],[-102.302055,48.505809],[-102.257451,48.57039],[-102.203376,48.631743],[-102.140326,48.689264],[-102.068896,48.742385],[-101.989767,48.790579],[-101.903704,48.833368],[-101.811548,48.870325],[-101.714207,48.901082],[-101.612647,48.925329],[-101.507879,48.942825],[-101.400952,48.953394],[-101.292941,48.956928]]]},"properties":{"siteId":"12690","propertyType":"PSI Authorized","category":"3P"}},{"type":"Feature","geometry":{"type":"Polygon","coordinates":[[[-101.301727,48.968779],[-101.19369,48.965244],[-101.086738,48.954676],[-100.981945,48.93718],[-100.880361,48.912932],[-100.782997,48.882175],[-100.690819,48.845218],[-100.604736,48.802428],[-100.525589,48.754234],[-100.454142,48.701113],[-100.391078,48.643592],[-100.33699,48.582239],[-100.292377,48.517658],[-100.257637,48.450481],[-100.233072,48.381364],[-100.218877,48.310979],[-100.215147,48.240009],[-100.221876,48.169137],[-100.238954,48.099044],[-100.266177,48.0304],[-100.303246,47.963859],[-100.349772,47.900053],[-100.405281,47.839585],[-100.469221,47.783024],[-100.540964,47.730902],[-100.619817,47.683706],[-100.705025,47.641877],[-100.795782,47.605805],[-100.891234,47.575824],[-100.990489,47.552213],[-101.092623,47.53519],[-101.19669,47.524913],[-101.301727,47.521477],[-101.406764,47.524913],[-101.510831,47.53519],[-101.612965,47.552213],[-101.71222,47.575824],[-101.807672,47.605805],[-101.898429,47.641877],[-101.983638,47.683706],[-102.062491,47.730902],[-102.134234,47.783024],[-102.198173,47.839585],[-102.253683,47.900053],[-102.300209,47.963859],[-102.337278,48.0304],[-102.364501,48.099044],[-102.381579,48.169137],[-102.388307,48.240009],[-102.384578,48.310979],[-102.370383,48.381364],[-102.345817,48.450481],[-102.311078,48.517658],[-102.266464,48.582239],[-102.212376,48.643592],[-102.149312,48.701113],[-102.077866,48.754234],[-101.998718,48.802428],[-101.912635,48.845218],[-101.820458,48.882175],[-101.723094,48.912932],[-101.621509,48.93718],[-101.516716,48.954676],[-101.409765,48.965244],[-101.301727,48.968779]]]},"properties":{"siteId":"5686","propertyType":"PSI Authorized","category":"3P"}},{"type":"Feature","geometry":{"type":"Polygon","coordinates":[[[-81.644552,41.864588],[-81.549317,41.861065],[-81.455029,41.850529],[-81.362627,41.833086],[-81.273028,41.80891],[-81.187119,41.778241],[-81.105746,41.741382],[-81.029708,41.6987],[-80.959743,41.650617],[-80.89653,41.597607],[-80.840671,41.540192],[-80.792697,41.478936],[-80.753052,41.414438],[-80.7221,41.347329],[-80.700114,41.278262],[-80.687278,41.207908],[-80.683687,41.136945],[-80.689346,41.066059],[-80.70417,40.995932],[-80.72799,40.927234],[-80.760549,40.860621],[-80.801512,40.796729],[-80.850466,40.736163],[-80.906928,40.679496],[-80.970346,40.627265],[-81.040107,40.57996],[-81.115543,40.538027],[-81.195936,40.501859],[-81.280527,40.471795],[-81.368519,40.448115],[-81.459087,40.431042],[-81.551385,40.420733],[-81.644552,40.417286],[-81.737719,40.420733],[-81.830018,40.431042],[-81.920586,40.448115],[-82.008578,40.471795],[-82.093169,40.501859],[-82.173562,40.538027],[-82.248998,40.57996],[-82.318759,40.627265],[-82.382176,40.679496],[-82.438638,40.736163],[-82.487593,40.796729],[-82.528556,40.860621],[-82.561115,40.927234],[-82.584934,40.995932],[-82.599759,41.066059],[-82.605418,41.136945],[-82.601827,41.207908],[-82.588991,41.278262],[-82.567005,41.347329],[-82.536052,41.414438],[-82.496408,41.478936],[-82.448433,41.540192],[-82.392575,41.597607],[-82.329361,41.650617],[-82.259397,41.6987],[-82.183358,41.741382],[-82.101986,41.778241],[-82.016076,41.80891],[-81.926478,41.833086],[-81.834076,41.850529],[-81.739788,41.861065],[-81.644552,41.864588]]]},"properties":{"siteId":"17029","propertyType":"PSI Authorized","category":"3P"}},{"type":"Feature","geometry":{"type":"Polygon","coordinates":[[[-81.577042,40.762447],[-81.483403,40.758925],[-81.390694,40.748393],[-81.299838,40.730958],[-81.211735,40.706791],[-81.127255,40.676134],[-81.047231,40.639289],[-80.972446,40.596621],[-80.903629,40.548553],[-80.841444,40.495558],[-80.786487,40.438157],[-80.739277,40.376914],[-80.700255,40.312428],[-80.669778,40.245328],[-80.648116,40.176268],[-80.635452,40.105917],[-80.631881,40.034956],[-80.637409,39.964069],[-80.651954,39.893936],[-80.67535,39.825231],[-80.707347,39.758609],[-80.747617,39.694704],[-80.795753,39.634125],[-80.851282,39.577445],[-80.91366,39.525198],[-80.982285,39.477879],[-81.056499,39.435932],[-81.135596,39.399751],[-81.218829,39.369675],[-81.305412,39.345986],[-81.394534,39.328906],[-81.48536,39.318593],[-81.577042,39.315145],[-81.668724,39.318593],[-81.75955,39.328906],[-81.848672,39.345986],[-81.935255,39.369675],[-82.018487,39.399751],[-82.097585,39.435932],[-82.171799,39.477879],[-82.240424,39.525198],[-82.302802,39.577445],[-82.35833,39.634125],[-82.406467,39.694704],[-82.446737,39.758609],[-82.478734,39.825231],[-82.50213,39.893936],[-82.516675,39.964069],[-82.522203,40.034956],[-82.518632,40.105917],[-82.505968,40.176268],[-82.484306,40.245328],[-82.453829,40.312428],[-82.414807,40.376914],[-82.367597,40.438157],[-82.31264,40.495558],[-82.250455,40.548553],[-82.181638,40.596621],[-82.106853,40.639289],[-82.026829,40.676134],[-81.942349,40.706791],[-81.854246,40.730958],[-81.763389,40.748393],[-81.670681,40.758925],[-81.577042,40.762447]]]},"properties":{"siteId":"5038","propertyType":"PSI Owned","category":"OO"}},{"type":"Feature","geometry":{"type":"Polygon","coordinates":[[[-84.430373,39.829494],[-84.338018,39.825973],[-84.24658,39.815446],[-84.156967,39.798016],[-84.070066,39.773857],[-83.986735,39.743209],[-83.907796,39.706375],[-83.83402,39.66372],[-83.766125,39.615664],[-83.704768,39.562681],[-83.650535,39.505292],[-83.603941,39.444059],[-83.56542,39.379583],[-83.535325,39.312491],[-83.513925,39.243436],[-83.5014,39.173089],[-83.497845,39.102129],[-83.503267,39.03124],[-83.517588,38.961103],[-83.540644,38.892392],[-83.572189,38.825762],[-83.611901,38.761848],[-83.65938,38.701258],[-83.714158,38.644566],[-83.775699,38.592307],[-83.84341,38.544976],[-83.916642,38.503017],[-83.994697,38.466826],[-84.076837,38.43674],[-84.162287,38.413044],[-84.250244,38.395958],[-84.339886,38.385642],[-84.430373,38.382192],[-84.520861,38.385642],[-84.610502,38.395958],[-84.69846,38.413044],[-84.78391,38.43674],[-84.86605,38.466826],[-84.944105,38.503017],[-85.017336,38.544976],[-85.085047,38.592307],[-85.146589,38.644566],[-85.201366,38.701258],[-85.248846,38.761848],[-85.288557,38.825762],[-85.320103,38.892392],[-85.343159,38.961103],[-85.357479,39.03124],[-85.362902,39.102129],[-85.359347,39.173089],[-85.346822,39.243436],[-85.325421,39.312491],[-85.295326,39.379583],[-85.256805,39.444059],[-85.210211,39.505292],[-85.155979,39.562681],[-85.094622,39.615664],[-85.026727,39.66372],[-84.952951,39.706375],[-84.874011,39.743209],[-84.790681,39.773857],[-84.70378,39.798016],[-84.614167,39.815446],[-84.522729,39.825973],[-84.430373,39.829494]]]},"properties":{"siteId":"5437","propertyType":"PSI Authorized","category":"3P"}},{"type":"Feature","geometry":{"type":"Polygon","coordinates":[[[-84.446972,40.013489],[-84.354368,40.009968],[-84.262684,39.99944],[-84.17283,39.982009],[-84.085696,39.957849],[-84.002144,39.927199],[-83.922994,39.890363],[-83.849023,39.847705],[-83.78095,39.799647],[-83.719432,39.746662],[-83.665059,39.68927],[-83.618346,39.628036],[-83.579728,39.563557],[-83.549559,39.496464],[-83.528108,39.427408],[-83.515556,39.35706],[-83.511998,39.2861],[-83.517441,39.215211],[-83.531805,39.145076],[-83.554927,39.076365],[-83.58656,39.009737],[-83.626379,38.945825],[-83.673986,38.885237],[-83.728909,38.828547],[-83.790612,38.776291],[-83.8585,38.728962],[-83.931922,38.687006],[-84.010179,38.650816],[-84.09253,38.620733],[-84.178199,38.597037],[-84.266382,38.579952],[-84.356253,38.569637],[-84.446972,38.566188],[-84.53769,38.569637],[-84.627561,38.579952],[-84.715744,38.597037],[-84.801414,38.620733],[-84.883765,38.650816],[-84.962021,38.687006],[-85.035443,38.728962],[-85.103331,38.776291],[-85.165035,38.828547],[-85.219957,38.885237],[-85.267564,38.945825],[-85.307383,39.009737],[-85.339016,39.076365],[-85.362138,39.145076],[-85.376502,39.215211],[-85.381945,39.2861],[-85.378387,39.35706],[-85.365835,39.427408],[-85.344384,39.496464],[-85.314215,39.563557],[-85.275597,39.628036],[-85.228884,39.68927],[-85.174511,39.746662],[-85.112994,39.799647],[-85.04492,39.847705],[-84.970949,39.890363],[-84.8918,39.927199],[-84.808247,39.957849],[-84.721113,39.982009],[-84.631259,39.99944],[-84.539575,40.009968],[-84.446972,40.013489]]]},"properties":{"siteId":"12680","propertyType":"MG TESTING","category":"3P"}},{"type":"Feature","geometry":{"type":"Polygon","coordinates":[[[-83.141431,40.804697],[-83.047732,40.801175],[-82.954965,40.790644],[-82.864051,40.773208],[-82.775892,40.749041],[-82.691359,40.718383],[-82.611284,40.681537],[-82.536453,40.638869],[-82.467593,40.5908],[-82.40537,40.537805],[-82.350379,40.480403],[-82.30314,40.41916],[-82.264095,40.354673],[-82.2336,40.287573],[-82.211926,40.218513],[-82.199256,40.148162],[-82.195684,40.077201],[-82.201217,40.006313],[-82.215772,39.936181],[-82.239184,39.867476],[-82.271203,39.800854],[-82.311498,39.73695],[-82.359665,39.676372],[-82.415228,39.619692],[-82.477645,39.567446],[-82.546313,39.520127],[-82.620572,39.478181],[-82.699718,39.442],[-82.783001,39.411925],[-82.869637,39.388236],[-82.958813,39.371156],[-83.049694,39.360843],[-83.141431,39.357395],[-83.233169,39.360843],[-83.32405,39.371156],[-83.413226,39.388236],[-83.499861,39.411925],[-83.583144,39.442],[-83.66229,39.478181],[-83.73655,39.520127],[-83.805217,39.567446],[-83.867634,39.619692],[-83.923197,39.676372],[-83.971365,39.73695],[-84.01166,39.800854],[-84.043678,39.867476],[-84.06709,39.936181],[-84.081646,40.006313],[-84.087178,40.077201],[-84.083606,40.148162],[-84.070936,40.218513],[-84.049262,40.287573],[-84.018767,40.354673],[-83.979722,40.41916],[-83.932484,40.480403],[-83.877493,40.537805],[-83.81527,40.5908],[-83.74641,40.638869],[-83.671578,40.681537],[-83.591504,40.718383],[-83.506971,40.749041],[-83.418811,40.773208],[-83.327897,40.790644],[-83.23513,40.801175],[-83.141431,40.804697]]]},"properties":{"siteId":"13469","propertyType":"PSI Authorized","category":"3P"}},{"type":"Feature","geometry":{"type":"Polygon","coordinates":[[[-82.933611,40.561223],[-82.840254,40.557701],[-82.747824,40.547171],[-82.657241,40.529737],[-82.569402,40.505572],[-82.485175,40.474916],[-82.405389,40.438074],[-82.330825,40.395409],[-82.262211,40.347343],[-82.200208,40.29435],[-82.14541,40.236952],[-82.098335,40.175712],[-82.059423,40.111228],[-82.02903,40.04413],[-82.007426,39.975071],[-81.994792,39.904721],[-81.991225,39.83376],[-81.996729,39.762872],[-82.011225,39.692739],[-82.034546,39.624032],[-82.066444,39.557408],[-82.106591,39.493502],[-82.154584,39.43292],[-82.209947,39.376237],[-82.272141,39.323988],[-82.340566,39.276666],[-82.414564,39.234717],[-82.493433,39.198533],[-82.576425,39.168455],[-82.662759,39.144765],[-82.751625,39.127683],[-82.842191,39.11737],[-82.933611,39.113921],[-83.02503,39.11737],[-83.115596,39.127683],[-83.204463,39.144765],[-83.290797,39.168455],[-83.373789,39.198533],[-83.452658,39.234717],[-83.526656,39.276666],[-83.59508,39.323988],[-83.657275,39.376237],[-83.712638,39.43292],[-83.76063,39.493502],[-83.800777,39.557408],[-83.832675,39.624032],[-83.855997,39.692739],[-83.870493,39.762872],[-83.875997,39.83376],[-83.87243,39.904721],[-83.859796,39.975071],[-83.838192,40.04413],[-83.807798,40.111228],[-83.768887,40.175712],[-83.721812,40.236952],[-83.667014,40.29435],[-83.605011,40.347343],[-83.536396,40.395409],[-83.461833,40.438074],[-83.382047,40.474916],[-83.29782,40.505572],[-83.209981,40.529737],[-83.119397,40.547171],[-83.026968,40.557701],[-82.933611,40.561223]]]},"properties":{"siteId":"5032","propertyType":"PSI Owned","category":"OO"}},{"type":"Feature","geometry":{"type":"Polygon","coordinates":[[[-84.533358,40.088738],[-84.440652,40.085217],[-84.348867,40.074688],[-84.258914,40.057257],[-84.171684,40.033096],[-84.08804,40.002445],[-84.008804,39.965608],[-83.934753,39.922949],[-83.866606,39.87489],[-83.805022,39.821904],[-83.750592,39.764511],[-83.70383,39.703276],[-83.665172,39.638797],[-83.634972,39.571703],[-83.6135,39.502647],[-83.600937,39.432298],[-83.597378,39.361338],[-83.602829,39.290449],[-83.617211,39.220314],[-83.64036,39.151604],[-83.672029,39.084977],[-83.711893,39.021065],[-83.759552,38.960478],[-83.814535,38.903789],[-83.876305,38.851534],[-83.944265,38.804206],[-84.017765,38.762251],[-84.096105,38.726062],[-84.178543,38.695979],[-84.264303,38.672285],[-84.352579,38.6552],[-84.442544,38.644885],[-84.533358,38.641436],[-84.624172,38.644885],[-84.714137,38.6552],[-84.802413,38.672285],[-84.888172,38.695979],[-84.970611,38.726062],[-85.04895,38.762251],[-85.122451,38.804206],[-85.190411,38.851534],[-85.252181,38.903789],[-85.307164,38.960478],[-85.354823,39.021065],[-85.394687,39.084977],[-85.426356,39.151604],[-85.449505,39.220314],[-85.463887,39.290449],[-85.469338,39.361338],[-85.465778,39.432298],[-85.453216,39.502647],[-85.431743,39.571703],[-85.401544,39.638797],[-85.362886,39.703276],[-85.316124,39.764511],[-85.261693,39.821904],[-85.20011,39.87489],[-85.131963,39.922949],[-85.057912,39.965608],[-84.978676,40.002445],[-84.895031,40.033096],[-84.807802,40.057257],[-84.717849,40.074688],[-84.626064,40.085217],[-84.533358,40.088738]]]},"properties":{"siteId":"6655","propertyType":"PSI Authorized","category":"3P"}},{"type":"Feature","geometry":{"type":"Polygon","coordinates":[[[-81.50509,42.039751],[-81.409592,42.036227],[-81.315045,42.025691],[-81.222389,42.008247],[-81.132545,41.984069],[-81.046402,41.953398],[-80.964808,41.916537],[-80.888563,41.873853],[-80.81841,41.825767],[-80.755028,41.772754],[-80.699022,41.715337],[-80.650922,41.654079],[-80.611175,41.589579],[-80.580145,41.522469],[-80.558105,41.453401],[-80.545241,41.383046],[-80.541647,41.312083],[-80.547328,41.241198],[-80.562198,41.171071],[-80.586087,41.102374],[-80.618738,41.035763],[-80.659815,40.971872],[-80.708904,40.911308],[-80.765519,40.854644],[-80.829107,40.802415],[-80.899055,40.755113],[-80.974691,40.713182],[-81.055297,40.677017],[-81.14011,40.646954],[-81.228333,40.623276],[-81.319139,40.606203],[-81.411679,40.595896],[-81.50509,40.592449],[-81.5985,40.595896],[-81.69104,40.606203],[-81.781846,40.623276],[-81.870069,40.646954],[-81.954883,40.677017],[-82.035488,40.713182],[-82.111125,40.755113],[-82.181072,40.802415],[-82.244661,40.854644],[-82.301276,40.911308],[-82.350365,40.971872],[-82.391442,41.035763],[-82.424093,41.102374],[-82.447981,41.171071],[-82.462852,41.241198],[-82.468532,41.312083],[-82.464938,41.383046],[-82.452074,41.453401],[-82.430035,41.522469],[-82.399004,41.589579],[-82.359258,41.654079],[-82.311158,41.715337],[-82.255152,41.772754],[-82.191769,41.825767],[-82.121617,41.873853],[-82.045372,41.916537],[-81.963778,41.953398],[-81.877634,41.984069],[-81.78779,42.008247],[-81.695135,42.025691],[-81.600588,42.036227],[-81.50509,42.039751]]]},"properties":{"siteId":"6207","propertyType":"MG TESTING","category":"3P"}},{"type":"Feature","geometry":{"type":"Polygon","coordinates":[[[-81.796738,42.098301],[-81.701152,42.094777],[-81.606518,42.084241],[-81.513777,42.066797],[-81.42385,42.042618],[-81.337628,42.011946],[-81.255959,41.975085],[-81.179645,41.9324],[-81.109429,41.884313],[-81.04599,41.8313],[-80.989934,41.773882],[-80.941792,41.712623],[-80.902011,41.648123],[-80.870955,41.581012],[-80.848897,41.511944],[-80.836024,41.441588],[-80.832429,41.370625],[-80.838116,41.29974],[-80.853002,41.229613],[-80.876914,41.160916],[-80.909596,41.094306],[-80.950712,41.030416],[-80.999846,40.969853],[-81.056512,40.91319],[-81.120158,40.860962],[-81.190168,40.81366],[-81.265872,40.77173],[-81.346549,40.735565],[-81.431438,40.705503],[-81.519738,40.681825],[-81.610624,40.664753],[-81.703245,40.654446],[-81.796738,40.650999],[-81.89023,40.654446],[-81.982851,40.664753],[-82.073737,40.681825],[-82.162038,40.705503],[-82.246926,40.735565],[-82.327604,40.77173],[-82.403307,40.81366],[-82.473317,40.860962],[-82.536963,40.91319],[-82.59363,40.969853],[-82.642764,41.030416],[-82.683879,41.094306],[-82.716561,41.160916],[-82.740473,41.229613],[-82.755359,41.29974],[-82.761047,41.370625],[-82.757452,41.441588],[-82.744578,41.511944],[-82.722521,41.581012],[-82.691464,41.648123],[-82.651683,41.712623],[-82.603541,41.773882],[-82.547485,41.8313],[-82.484046,41.884313],[-82.41383,41.9324],[-82.337516,41.975085],[-82.255848,42.011946],[-82.169625,42.042618],[-82.079699,42.066797],[-81.986958,42.084241],[-81.892324,42.094777],[-81.796738,42.098301]]]},"properties":{"siteId":"10329","propertyType":"PSI Owned","category":"OO"}},{"type":"Feature","geometry":{"type":"Polygon","coordinates":[[[-84.218662,40.757925],[-84.125029,40.754403],[-84.032327,40.743872],[-83.941477,40.726436],[-83.85338,40.70227],[-83.768906,40.671612],[-83.688887,40.634767],[-83.614107,40.5921],[-83.545295,40.544031],[-83.483114,40.491036],[-83.42816,40.433635],[-83.380954,40.372392],[-83.341934,40.307907],[-83.311459,40.240807],[-83.289798,40.171747],[-83.277135,40.101396],[-83.273564,40.030435],[-83.279091,39.959547],[-83.293635,39.889415],[-83.31703,39.820709],[-83.349025,39.754087],[-83.389291,39.690183],[-83.437425,39.629604],[-83.49295,39.572923],[-83.555324,39.520677],[-83.623944,39.473358],[-83.698153,39.43141],[-83.777245,39.395229],[-83.860472,39.365153],[-83.94705,39.341465],[-84.036166,39.324384],[-84.126986,39.314071],[-84.218662,39.310623],[-84.310338,39.314071],[-84.401159,39.324384],[-84.490275,39.341465],[-84.576852,39.365153],[-84.660079,39.395229],[-84.739171,39.43141],[-84.813381,39.473358],[-84.882001,39.520677],[-84.944375,39.572923],[-84.9999,39.629604],[-85.048033,39.690183],[-85.0883,39.754087],[-85.120295,39.820709],[-85.143689,39.889415],[-85.158233,39.959547],[-85.163761,40.030435],[-85.16019,40.101396],[-85.147527,40.171747],[-85.125866,40.240807],[-85.09539,40.307907],[-85.056371,40.372392],[-85.009164,40.433635],[-84.954211,40.491036],[-84.89203,40.544031],[-84.823217,40.5921],[-84.748438,40.634767],[-84.668419,40.671612],[-84.583945,40.70227],[-84.495847,40.726436],[-84.404997,40.743872],[-84.312295,40.754403],[-84.218662,40.757925]]]},"properties":{"siteId":"11860","propertyType":"PSI Authorized","category":"3P"}},{"type":"Feature","geometry":{"type":"Polygon","coordinates":[[[-82.006144,40.731751],[-81.912548,40.728229],[-81.819882,40.717698],[-81.729068,40.700262],[-81.641005,40.676096],[-81.556564,40.645439],[-81.476576,40.608594],[-81.401825,40.565927],[-81.333039,40.517859],[-81.270882,40.464864],[-81.215949,40.407464],[-81.16876,40.346221],[-81.129755,40.281736],[-81.099291,40.214636],[-81.077638,40.145576],[-81.064979,40.075226],[-81.061408,40.004264],[-81.066932,39.933377],[-81.08147,39.863244],[-81.104854,39.794539],[-81.136836,39.727916],[-81.177087,39.664012],[-81.225202,39.603432],[-81.280705,39.546751],[-81.343055,39.494505],[-81.411649,39.447185],[-81.48583,39.405238],[-81.564892,39.369056],[-81.648088,39.33898],[-81.734633,39.315291],[-81.823716,39.29821],[-81.914502,39.287897],[-82.006144,39.284449],[-82.097786,39.287897],[-82.188572,39.29821],[-82.277654,39.315291],[-82.3642,39.33898],[-82.447395,39.369056],[-82.526458,39.405238],[-82.600639,39.447185],[-82.669233,39.494505],[-82.731583,39.546751],[-82.787086,39.603432],[-82.835201,39.664012],[-82.875451,39.727916],[-82.907433,39.794539],[-82.930818,39.863244],[-82.945355,39.933377],[-82.95088,40.004264],[-82.947309,40.075226],[-82.93465,40.145576],[-82.912997,40.214636],[-82.882532,40.281736],[-82.843527,40.346221],[-82.796338,40.407464],[-82.741406,40.464864],[-82.679249,40.517859],[-82.610462,40.565927],[-82.535712,40.608594],[-82.455724,40.645439],[-82.371283,40.676096],[-82.28322,40.700262],[-82.192405,40.717698],[-82.09974,40.728229],[-82.006144,40.731751]]]},"properties":{"siteId":"5444","propertyType":"PSI Authorized","category":"3P"}},{"type":"Feature","geometry":{"type":"Polygon","coordinates":[[[-97.083673,34.910906],[-96.997183,34.907392],[-96.911548,34.896882],[-96.827614,34.879481],[-96.746207,34.855361],[-96.668129,34.82476],[-96.594146,34.787979],[-96.52498,34.745382],[-96.461302,34.697386],[-96.403728,34.644462],[-96.352809,34.587131],[-96.309029,34.525951],[-96.272799,34.46152],[-96.244453,34.394466],[-96.224249,34.325438],[-96.21236,34.255107],[-96.20888,34.184151],[-96.213824,34.113256],[-96.22712,34.043101],[-96.248623,33.97436],[-96.278105,33.907692],[-96.315269,33.843731],[-96.359742,33.783088],[-96.411089,33.726339],[-96.468807,33.674021],[-96.532341,33.626631],[-96.601081,33.584615],[-96.674371,33.548372],[-96.751515,33.518241],[-96.831784,33.494507],[-96.914421,33.477393],[-96.998648,33.46706],[-97.083673,33.463605],[-97.168698,33.46706],[-97.252925,33.477393],[-97.335562,33.494507],[-97.415831,33.518241],[-97.492975,33.548372],[-97.566265,33.584615],[-97.635005,33.626631],[-97.698538,33.674021],[-97.756257,33.726339],[-97.807603,33.783088],[-97.852077,33.843731],[-97.88924,33.907692],[-97.918723,33.97436],[-97.940225,34.043101],[-97.953522,34.113256],[-97.958465,34.184151],[-97.954986,34.255107],[-97.943097,34.325438],[-97.922892,34.394466],[-97.894547,34.46152],[-97.858317,34.525951],[-97.814537,34.587131],[-97.763618,34.644462],[-97.706044,34.697386],[-97.642366,34.745382],[-97.5732,34.787979],[-97.499216,34.82476],[-97.421138,34.855361],[-97.339732,34.879481],[-97.255797,34.896882],[-97.170163,34.907392],[-97.083673,34.910906]]]},"properties":{"siteId":"17200","propertyType":"PSI Authorized","category":"3P"}},{"type":"Feature","geometry":{"type":"Polygon","coordinates":[[[-97.897527,37.143437],[-97.808551,37.13992],[-97.720457,37.129402],[-97.634115,37.111989],[-97.55038,37.087852],[-97.470076,37.05723],[-97.393992,37.020426],[-97.322871,36.977803],[-97.257406,36.929781],[-97.198228,36.876832],[-97.145904,36.819475],[-97.100931,36.758272],[-97.06373,36.693821],[-97.034643,36.62675],[-97.013931,36.557711],[-97.001772,36.487372],[-96.99826,36.416415],[-97.003406,36.345522],[-97.017137,36.275375],[-97.039298,36.206648],[-97.069655,36.139996],[-97.107899,36.076056],[-97.153646,36.015436],[-97.206447,35.958712],[-97.265786,35.90642],[-97.33109,35.859055],[-97.401734,35.817065],[-97.477044,35.780844],[-97.556306,35.750733],[-97.638772,35.727016],[-97.723664,35.709914],[-97.810186,35.699588],[-97.897527,35.696136],[-97.984868,35.699588],[-98.07139,35.709914],[-98.156283,35.727016],[-98.238748,35.750733],[-98.31801,35.780844],[-98.39332,35.817065],[-98.463964,35.859055],[-98.529268,35.90642],[-98.588608,35.958712],[-98.641408,36.015436],[-98.687156,36.076056],[-98.725399,36.139996],[-98.755756,36.206648],[-98.777917,36.275375],[-98.791648,36.345522],[-98.796794,36.416415],[-98.793282,36.487372],[-98.781124,36.557711],[-98.760412,36.62675],[-98.731324,36.693821],[-98.694123,36.758272],[-98.64915,36.819475],[-98.596826,36.876832],[-98.537649,36.929781],[-98.472183,36.977803],[-98.401063,37.020426],[-98.324979,37.05723],[-98.244674,37.087852],[-98.160939,37.111989],[-98.074598,37.129402],[-97.986503,37.13992],[-97.897527,37.143437]]]},"properties":{"siteId":"10669","propertyType":"PSI Authorized","category":"3P"}},{"type":"Feature","geometry":{"type":"Polygon","coordinates":[[[-98.450135,35.317924],[-98.363212,35.314408],[-98.277149,35.303897],[-98.192795,35.286494],[-98.110983,35.262371],[-98.032517,35.231766],[-97.958168,35.194982],[-97.888661,35.152379],[-97.824672,35.104379],[-97.766818,35.051451],[-97.715655,34.994115],[-97.671667,34.932931],[-97.635268,34.868497],[-97.606793,34.801439],[-97.5865,34.73241],[-97.574564,34.662077],[-97.571079,34.591121],[-97.576058,34.520226],[-97.58943,34.450073],[-97.611047,34.381334],[-97.640682,34.314669],[-97.678034,34.250712],[-97.72273,34.190073],[-97.774329,34.133328],[-97.83233,34.081015],[-97.896172,34.033629],[-97.965244,33.991618],[-98.038885,33.955378],[-98.116399,33.925251],[-98.19705,33.90152],[-98.28008,33.884409],[-98.364707,33.874077],[-98.450135,33.870622],[-98.535564,33.874077],[-98.62019,33.884409],[-98.70322,33.90152],[-98.783872,33.925251],[-98.861385,33.955378],[-98.935027,33.991618],[-99.004098,34.033629],[-99.06794,34.081015],[-99.125941,34.133328],[-99.177541,34.190073],[-99.222236,34.250712],[-99.259588,34.314669],[-99.289223,34.381334],[-99.31084,34.450073],[-99.324212,34.520226],[-99.329191,34.591121],[-99.325706,34.662077],[-99.31377,34.73241],[-99.293477,34.801439],[-99.265002,34.868497],[-99.228603,34.932931],[-99.184615,34.994115],[-99.133452,35.051451],[-99.075598,35.104379],[-99.011609,35.152379],[-98.942102,35.194982],[-98.867753,35.231766],[-98.789287,35.262371],[-98.707475,35.286494],[-98.623121,35.303897],[-98.537058,35.314408],[-98.450135,35.317924]]]},"properties":{"siteId":"5115","propertyType":"PSI Authorized","category":"3P"}},{"type":"Feature","geometry":{"type":"Polygon","coordinates":[[[-95.769972,35.657136],[-95.682681,35.653621],[-95.596254,35.643108],[-95.511545,35.625703],[-95.429388,35.601578],[-95.350593,35.57097],[-95.275933,35.534182],[-95.206138,35.491576],[-95.141884,35.443571],[-95.083793,35.390639],[-95.032422,35.333299],[-94.988258,35.272112],[-94.951715,35.207675],[-94.923131,35.140615],[-94.902763,35.071583],[-94.890787,35.00125],[-94.887297,34.930294],[-94.892306,34.859399],[-94.905742,34.789247],[-94.927457,34.72051],[-94.957221,34.653847],[-94.994732,34.589893],[-95.039616,34.529258],[-95.091431,34.472517],[-95.149671,34.420208],[-95.213775,34.372826],[-95.283128,34.330819],[-95.357069,34.294582],[-95.434895,34.264458],[-95.515872,34.24073],[-95.599235,34.22362],[-95.684201,34.213289],[-95.769972,34.209835],[-95.855743,34.213289],[-95.940709,34.22362],[-96.024072,34.24073],[-96.105049,34.264458],[-96.182875,34.294582],[-96.256815,34.330819],[-96.326168,34.372826],[-96.390273,34.420208],[-96.448513,34.472517],[-96.500328,34.529258],[-96.545212,34.589893],[-96.582723,34.653847],[-96.612487,34.72051],[-96.634202,34.789247],[-96.647638,34.859399],[-96.652647,34.930294],[-96.649157,35.00125],[-96.637181,35.071583],[-96.616813,35.140615],[-96.588229,35.207675],[-96.551686,35.272112],[-96.507522,35.333299],[-96.45615,35.390639],[-96.39806,35.443571],[-96.333806,35.491576],[-96.26401,35.534182],[-96.18935,35.57097],[-96.110556,35.601578],[-96.028399,35.625703],[-95.943689,35.643108],[-95.857262,35.653621],[-95.769972,35.657136]]]},"properties":{"siteId":"143","propertyType":"PSI Owned","category":"OO"}},{"type":"Feature","geometry":{"type":"Polygon","coordinates":[[[-97.459,35.997712],[-97.371334,35.994195],[-97.284536,35.983682],[-97.199462,35.966275],[-97.116954,35.942147],[-97.037823,35.911536],[-96.962846,35.874744],[-96.892755,35.832134],[-96.828232,35.784126],[-96.769899,35.73119],[-96.718316,35.673846],[-96.673972,35.612655],[-96.637282,35.548215],[-96.608586,35.481153],[-96.588141,35.412119],[-96.576124,35.341785],[-96.57263,35.270828],[-96.577669,35.199934],[-96.591171,35.129783],[-96.612985,35.061049],[-96.642881,34.994388],[-96.680556,34.930437],[-96.725632,34.869805],[-96.777666,34.813068],[-96.836151,34.760763],[-96.900523,34.713385],[-96.970163,34.671381],[-97.044409,34.635149],[-97.122555,34.605028],[-97.203863,34.581301],[-97.287567,34.564193],[-97.372879,34.553864],[-97.459,34.55041],[-97.54512,34.553864],[-97.630433,34.564193],[-97.714137,34.581301],[-97.795445,34.605028],[-97.873591,34.635149],[-97.947836,34.671381],[-98.017477,34.713385],[-98.081848,34.760763],[-98.140334,34.813068],[-98.192368,34.869805],[-98.237444,34.930437],[-98.275118,34.994388],[-98.305015,35.061049],[-98.326829,35.129783],[-98.340331,35.199934],[-98.34537,35.270828],[-98.341875,35.341785],[-98.329859,35.412119],[-98.309414,35.481153],[-98.280718,35.548215],[-98.244028,35.612655],[-98.199684,35.673846],[-98.1481,35.73119],[-98.089768,35.784126],[-98.025244,35.832134],[-97.955153,35.874744],[-97.880176,35.911536],[-97.801045,35.942147],[-97.718537,35.966275],[-97.633464,35.983682],[-97.546666,35.994195],[-97.459,35.997712]]]},"properties":{"siteId":"12515","propertyType":"TD TESTING","category":"3P"}},{"type":"Feature","geometry":{"type":"Polygon","coordinates":[[[-97.534159,36.232662],[-97.446231,36.229146],[-97.359172,36.218631],[-97.273845,36.201223],[-97.191091,36.177093],[-97.111725,36.14648],[-97.036526,36.109686],[-96.966228,36.067073],[-96.901516,36.019062],[-96.843014,35.966123],[-96.791282,35.908777],[-96.746812,35.847584],[-96.71002,35.783141],[-96.681245,35.716077],[-96.660747,35.647043],[-96.648702,35.576707],[-96.645204,35.50575],[-96.650264,35.434856],[-96.663812,35.364706],[-96.685696,35.295973],[-96.715684,35.229315],[-96.753473,35.165366],[-96.798684,35.104737],[-96.850871,35.048002],[-96.909528,34.995699],[-96.974086,34.948324],[-97.043928,34.906323],[-97.118387,34.870093],[-97.196757,34.839974],[-97.278297,34.81625],[-97.362239,34.799143],[-97.447794,34.788814],[-97.534159,34.78536],[-97.620524,34.788814],[-97.70608,34.799143],[-97.790022,34.81625],[-97.871562,34.839974],[-97.949932,34.870093],[-98.02439,34.906323],[-98.094232,34.948324],[-98.158791,34.995699],[-98.217447,35.048002],[-98.269635,35.104737],[-98.314846,35.165366],[-98.352634,35.229315],[-98.382623,35.295973],[-98.404506,35.364706],[-98.418054,35.434856],[-98.423115,35.50575],[-98.419617,35.576707],[-98.407572,35.647043],[-98.387073,35.716077],[-98.358299,35.783141],[-98.321507,35.847584],[-98.277036,35.908777],[-98.225304,35.966123],[-98.166802,36.019062],[-98.10209,36.067073],[-98.031793,36.109686],[-97.956594,36.14648],[-97.877228,36.177093],[-97.794473,36.201223],[-97.709146,36.218631],[-97.622088,36.229146],[-97.534159,36.232662]]]},"properties":{"siteId":"140","propertyType":"PSI Owned","category":"OO"}},{"type":"Feature","geometry":{"type":"Polygon","coordinates":[[[-97.597045,36.186465],[-97.509168,36.182949],[-97.422161,36.172435],[-97.336884,36.155027],[-97.254179,36.130897],[-97.174859,36.100284],[-97.099704,36.063491],[-97.029447,36.020879],[-96.964772,35.972868],[-96.906304,35.91993],[-96.854601,35.862584],[-96.810156,35.801391],[-96.773384,35.736949],[-96.744625,35.669885],[-96.724137,35.600851],[-96.712097,35.530516],[-96.7086,35.459559],[-96.713657,35.388665],[-96.727195,35.318515],[-96.749065,35.249781],[-96.779035,35.183122],[-96.816801,35.119173],[-96.861986,35.058543],[-96.914143,35.001808],[-96.972766,34.949505],[-97.037287,34.902129],[-97.107089,34.860128],[-97.181506,34.823897],[-97.259831,34.793778],[-97.341326,34.770053],[-97.425221,34.752946],[-97.510728,34.742617],[-97.597045,34.739163],[-97.683362,34.742617],[-97.768869,34.752946],[-97.852764,34.770053],[-97.934258,34.793778],[-98.012584,34.823897],[-98.087001,34.860128],[-98.156802,34.902129],[-98.221324,34.949505],[-98.279947,35.001808],[-98.332104,35.058543],[-98.377288,35.119173],[-98.415054,35.183122],[-98.445025,35.249781],[-98.466895,35.318515],[-98.480433,35.388665],[-98.48549,35.459559],[-98.481992,35.530516],[-98.469953,35.600851],[-98.449465,35.669885],[-98.420706,35.736949],[-98.383934,35.801391],[-98.339489,35.862584],[-98.287786,35.91993],[-98.229317,35.972868],[-98.164643,36.020879],[-98.094386,36.063491],[-98.019231,36.100284],[-97.939911,36.130897],[-97.857206,36.155027],[-97.771928,36.172435],[-97.684921,36.182949],[-97.597045,36.186465]]]},"properties":{"siteId":"6204","propertyType":"MG TESTING","category":"3P"}},{"type":"Feature","geometry":{"type":"Polygon","coordinates":[[[-97.547714,36.05972],[-97.45998,36.056204],[-97.373113,36.045691],[-97.287973,36.028283],[-97.2054,36.004155],[-97.126207,35.973543],[-97.051172,35.936751],[-96.981027,35.89414],[-96.916454,35.846131],[-96.858076,35.793194],[-96.806454,35.73585],[-96.762077,35.674658],[-96.72536,35.610217],[-96.696643,35.543155],[-96.676184,35.474121],[-96.66416,35.403786],[-96.660665,35.33283],[-96.66571,35.261935],[-96.679224,35.191785],[-96.701056,35.123051],[-96.730977,35.056391],[-96.768681,34.992441],[-96.813793,34.931809],[-96.865867,34.875072],[-96.924397,34.822768],[-96.988818,34.775391],[-97.058511,34.733388],[-97.132813,34.697156],[-97.211018,34.667035],[-97.292387,34.64331],[-97.376153,34.626202],[-97.461529,34.615873],[-97.547714,34.612419],[-97.633899,34.615873],[-97.719276,34.626202],[-97.803042,34.64331],[-97.884411,34.667035],[-97.962616,34.697156],[-98.036917,34.733388],[-98.106611,34.775391],[-98.171031,34.822768],[-98.229562,34.875072],[-98.281636,34.931809],[-98.326748,34.992441],[-98.364452,35.056391],[-98.394373,35.123051],[-98.416205,35.191785],[-98.429719,35.261935],[-98.434764,35.33283],[-98.431268,35.403786],[-98.419244,35.474121],[-98.398785,35.543155],[-98.370068,35.610217],[-98.333352,35.674658],[-98.288975,35.73585],[-98.237352,35.793194],[-98.178975,35.846131],[-98.114402,35.89414],[-98.044257,35.936751],[-97.969221,35.973543],[-97.890029,36.004155],[-97.807456,36.028283],[-97.722316,36.045691],[-97.635449,36.056204],[-97.547714,36.05972]]]},"properties":{"siteId":"12674","propertyType":"TD TESTING","category":"3P"}},{"type":"Feature","geometry":{"type":"Polygon","coordinates":[[[-97.094872,37.450852],[-97.005532,37.447334],[-96.917077,37.436816],[-96.830383,37.4194],[-96.746306,37.395261],[-96.665676,37.364636],[-96.589284,37.327829],[-96.517877,37.285203],[-96.45215,37.237177],[-96.392737,37.184223],[-96.340207,37.126863],[-96.29506,37.065657],[-96.257716,37.001203],[-96.22852,36.93413],[-96.207734,36.865089],[-96.195535,36.79475],[-96.192019,36.723792],[-96.197195,36.652899],[-96.210989,36.582754],[-96.233246,36.514028],[-96.263732,36.447379],[-96.302134,36.383441],[-96.348068,36.322825],[-96.401082,36.266104],[-96.460658,36.213816],[-96.526222,36.166455],[-96.597145,36.124468],[-96.672751,36.08825],[-96.752323,36.058143],[-96.835111,36.034427],[-96.920334,36.017327],[-97.007192,36.007003],[-97.094872,36.00355],[-97.182552,36.007003],[-97.269411,36.017327],[-97.354634,36.034427],[-97.437421,36.058143],[-97.516994,36.08825],[-97.592599,36.124468],[-97.663522,36.166455],[-97.729086,36.213816],[-97.788663,36.266104],[-97.841677,36.322825],[-97.887611,36.383441],[-97.926013,36.447379],[-97.956498,36.514028],[-97.978755,36.582754],[-97.99255,36.652899],[-97.997725,36.723792],[-97.994209,36.79475],[-97.982011,36.865089],[-97.961225,36.93413],[-97.932029,37.001203],[-97.894685,37.065657],[-97.849537,37.126863],[-97.797008,37.184223],[-97.737595,37.237177],[-97.671868,37.285203],[-97.600461,37.327829],[-97.524069,37.364636],[-97.443438,37.395261],[-97.359362,37.4194],[-97.272668,37.436816],[-97.184213,37.447334],[-97.094872,37.450852]]]},"properties":{"siteId":"5613","propertyType":"PSI Authorized","category":"3P"}},{"type":"Feature","geometry":{"type":"Polygon","coordinates":[[[-95.99067,36.765551],[-95.902134,36.762034],[-95.814475,36.751518],[-95.72856,36.734106],[-95.645237,36.709972],[-95.565328,36.679354],[-95.489615,36.642554],[-95.418841,36.599936],[-95.353692,36.551918],[-95.294798,36.498973],[-95.242724,36.441621],[-95.197962,36.380422],[-95.160933,36.315974],[-95.131977,36.248906],[-95.111354,36.179869],[-95.099243,36.109532],[-95.095738,36.038575],[-95.100848,35.967681],[-95.114502,35.897533],[-95.136546,35.828803],[-95.166748,35.762149],[-95.2048,35.698205],[-95.250322,35.637581],[-95.302865,35.580852],[-95.361917,35.528556],[-95.426908,35.481187],[-95.497215,35.439192],[-95.572167,35.402968],[-95.651054,35.372853],[-95.733131,35.349133],[-95.817624,35.332029],[-95.903739,35.321702],[-95.99067,35.318249],[-96.077601,35.321702],[-96.163716,35.332029],[-96.248209,35.349133],[-96.330286,35.372853],[-96.409173,35.402968],[-96.484125,35.439192],[-96.554431,35.481187],[-96.619422,35.528556],[-96.678475,35.580852],[-96.731018,35.637581],[-96.776539,35.698205],[-96.814592,35.762149],[-96.844794,35.828803],[-96.866838,35.897533],[-96.880492,35.967681],[-96.885602,36.038575],[-96.882096,36.109532],[-96.869985,36.179869],[-96.849363,36.248906],[-96.820407,36.315974],[-96.783378,36.380422],[-96.738616,36.441621],[-96.686541,36.498973],[-96.627648,36.551918],[-96.562499,36.599936],[-96.491724,36.642554],[-96.416012,36.679354],[-96.336102,36.709972],[-96.25278,36.734106],[-96.166864,36.751518],[-96.079205,36.762034],[-95.99067,36.765551]]]},"properties":{"siteId":"5446","propertyType":"PSI Authorized","category":"3P"}},{"type":"Feature","geometry":{"type":"Polygon","coordinates":[[[-95.867223,36.825878],[-95.778617,36.822361],[-95.690889,36.811845],[-95.604907,36.794433],[-95.521518,36.770299],[-95.441546,36.73968],[-95.365775,36.70288],[-95.294946,36.66026],[-95.229747,36.612242],[-95.170808,36.559296],[-95.118694,36.501943],[-95.073899,36.440744],[-95.036842,36.376296],[-95.007866,36.309227],[-94.987229,36.24019],[-94.97511,36.169852],[-94.971604,36.098895],[-94.97672,36.028002],[-94.990386,35.957854],[-95.012448,35.889124],[-95.042675,35.82247],[-95.080758,35.758527],[-95.126315,35.697904],[-95.178899,35.641176],[-95.237997,35.58888],[-95.303037,35.541512],[-95.373397,35.499518],[-95.448406,35.463294],[-95.527353,35.43318],[-95.609491,35.40946],[-95.694047,35.392356],[-95.780227,35.38203],[-95.867223,35.378577],[-95.954218,35.38203],[-96.040398,35.392356],[-96.124955,35.40946],[-96.207093,35.43318],[-96.286039,35.463294],[-96.361048,35.499518],[-96.431408,35.541512],[-96.496448,35.58888],[-96.555546,35.641176],[-96.60813,35.697904],[-96.653688,35.758527],[-96.69177,35.82247],[-96.721997,35.889124],[-96.74406,35.957854],[-96.757726,36.028002],[-96.762841,36.098895],[-96.759335,36.169852],[-96.747216,36.24019],[-96.72658,36.309227],[-96.697603,36.376296],[-96.660546,36.440744],[-96.615751,36.501943],[-96.563637,36.559296],[-96.504698,36.612242],[-96.439499,36.66026],[-96.36867,36.70288],[-96.292899,36.73968],[-96.212927,36.770299],[-96.129539,36.794433],[-96.043556,36.811845],[-95.955828,36.822361],[-95.867223,36.825878]]]},"properties":{"siteId":"6203","propertyType":"MG TESTING","category":"3P"}},{"type":"Feature","geometry":{"type":"Polygon","coordinates":[[[-95.947436,36.813398],[-95.858845,36.809881],[-95.771131,36.799365],[-95.685163,36.781953],[-95.601788,36.757819],[-95.521829,36.7272],[-95.44607,36.6904],[-95.375252,36.647781],[-95.310063,36.599762],[-95.251134,36.546817],[-95.199028,36.489464],[-95.15424,36.428265],[-95.117189,36.363817],[-95.088216,36.296748],[-95.067583,36.227711],[-95.055466,36.157374],[-95.051959,36.086416],[-95.057074,36.015523],[-95.070738,35.945375],[-95.092796,35.876645],[-95.123018,35.809991],[-95.161094,35.746048],[-95.206645,35.685425],[-95.25922,35.628696],[-95.318308,35.576401],[-95.383339,35.529032],[-95.453688,35.487038],[-95.528685,35.450814],[-95.607619,35.4207],[-95.689744,35.39698],[-95.774287,35.379876],[-95.860454,35.36955],[-95.947436,35.366096],[-96.034418,35.36955],[-96.120585,35.379876],[-96.205128,35.39698],[-96.287253,35.4207],[-96.366187,35.450814],[-96.441184,35.487038],[-96.511533,35.529032],[-96.576564,35.576401],[-96.635652,35.628696],[-96.688227,35.685425],[-96.733778,35.746048],[-96.771854,35.809991],[-96.802076,35.876645],[-96.824134,35.945375],[-96.837798,36.015523],[-96.842913,36.086416],[-96.839406,36.157374],[-96.827289,36.227711],[-96.806656,36.296748],[-96.777683,36.363817],[-96.740632,36.428265],[-96.695844,36.489464],[-96.643738,36.546817],[-96.584809,36.599762],[-96.51962,36.647781],[-96.448802,36.6904],[-96.373043,36.7272],[-96.293084,36.757819],[-96.209709,36.781953],[-96.123741,36.799365],[-96.036027,36.809881],[-95.947436,36.813398]]]},"properties":{"siteId":"12237","propertyType":"PSI Owned","category":"OO"}},{"type":"Feature","geometry":{"type":"Polygon","coordinates":[[[-97.364386,35.637002],[-97.277118,35.633487],[-97.190713,35.622974],[-97.106024,35.60557],[-97.023888,35.581444],[-96.945113,35.550836],[-96.870472,35.514048],[-96.800693,35.471443],[-96.736456,35.423438],[-96.678379,35.370507],[-96.62702,35.313167],[-96.582867,35.25198],[-96.546332,35.187543],[-96.517755,35.120483],[-96.497391,35.051452],[-96.485417,34.981118],[-96.481928,34.910162],[-96.486935,34.839267],[-96.500368,34.769115],[-96.522076,34.700379],[-96.551833,34.633715],[-96.589335,34.569761],[-96.634207,34.509126],[-96.686009,34.452384],[-96.744235,34.400075],[-96.808324,34.352693],[-96.87766,34.310685],[-96.951582,34.274449],[-97.02939,34.244324],[-97.110347,34.220596],[-97.19369,34.203486],[-97.278636,34.193155],[-97.364386,34.189701],[-97.450137,34.193155],[-97.535083,34.203486],[-97.618426,34.220596],[-97.699383,34.244324],[-97.777191,34.274449],[-97.851113,34.310685],[-97.920449,34.352693],[-97.984538,34.400075],[-98.042764,34.452384],[-98.094566,34.509126],[-98.139438,34.569761],[-98.17694,34.633715],[-98.206697,34.700379],[-98.228405,34.769115],[-98.241838,34.839267],[-98.246845,34.910162],[-98.243355,34.981118],[-98.231382,35.051452],[-98.211018,35.120483],[-98.18244,35.187543],[-98.145906,35.25198],[-98.101753,35.313167],[-98.050394,35.370507],[-97.992317,35.423438],[-97.92808,35.471443],[-97.858301,35.514048],[-97.78366,35.550836],[-97.704885,35.581444],[-97.622749,35.60557],[-97.53806,35.622974],[-97.451655,35.633487],[-97.364386,35.637002]]]},"properties":{"siteId":"17562","propertyType":"PSI Authorized","category":"3P"}},{"type":"Feature","geometry":{"type":"Polygon","coordinates":[[[-98.711891,36.259167],[-98.623933,36.255651],[-98.536845,36.245136],[-98.451489,36.227728],[-98.368707,36.203598],[-98.289314,36.172984],[-98.21409,36.13619],[-98.143769,36.093577],[-98.079035,36.045565],[-98.020514,35.992626],[-97.968765,35.93528],[-97.924281,35.874086],[-97.887477,35.809643],[-97.858693,35.742579],[-97.838189,35.673545],[-97.82614,35.603209],[-97.822642,35.532252],[-97.827705,35.461358],[-97.841258,35.391208],[-97.863149,35.322475],[-97.893149,35.255817],[-97.93095,35.191869],[-97.976176,35.131239],[-98.028382,35.074505],[-98.087057,35.022203],[-98.151637,34.974828],[-98.221502,34.932827],[-98.295985,34.896597],[-98.37438,34.866478],[-98.455946,34.842754],[-98.539916,34.825648],[-98.625498,34.815319],[-98.711891,34.811865],[-98.798284,34.815319],[-98.883867,34.825648],[-98.967836,34.842754],[-99.049402,34.866478],[-99.127798,34.896597],[-99.202281,34.932827],[-99.272145,34.974828],[-99.336725,35.022203],[-99.395401,35.074505],[-99.447606,35.131239],[-99.492832,35.191869],[-99.530634,35.255817],[-99.560633,35.322475],[-99.582524,35.391208],[-99.596077,35.461358],[-99.60114,35.532252],[-99.597642,35.603209],[-99.585594,35.673545],[-99.565089,35.742579],[-99.536306,35.809643],[-99.499502,35.874086],[-99.455017,35.93528],[-99.403269,35.992626],[-99.344747,36.045565],[-99.280013,36.093577],[-99.209693,36.13619],[-99.134468,36.172984],[-99.055076,36.203598],[-98.972294,36.227728],[-98.886937,36.245136],[-98.799849,36.255651],[-98.711891,36.259167]]]},"properties":{"siteId":"12045","propertyType":"PSI Authorized","category":"3P"}},{"type":"Feature","geometry":{"type":"Polygon","coordinates":[[[-99.403746,37.157243],[-99.314754,37.153726],[-99.226643,37.143208],[-99.140286,37.125795],[-99.056535,37.101658],[-98.976217,37.071036],[-98.900119,37.034232],[-98.828985,36.991609],[-98.763508,36.943586],[-98.70432,36.890637],[-98.651987,36.83328],[-98.607006,36.772077],[-98.569799,36.707626],[-98.540707,36.640555],[-98.519991,36.571515],[-98.507831,36.501177],[-98.504319,36.430219],[-98.509467,36.359326],[-98.5232,36.28918],[-98.545365,36.220452],[-98.575728,36.1538],[-98.613979,36.089861],[-98.659734,36.029241],[-98.712545,35.972517],[-98.771894,35.920225],[-98.83721,35.872861],[-98.907867,35.83087],[-98.98319,35.79465],[-99.062466,35.764539],[-99.144945,35.740822],[-99.229853,35.72372],[-99.31639,35.713394],[-99.403746,35.709942],[-99.491102,35.713394],[-99.577639,35.72372],[-99.662546,35.740822],[-99.745026,35.764539],[-99.824302,35.79465],[-99.899625,35.83087],[-99.970281,35.872861],[-100.035597,35.920225],[-100.094947,35.972517],[-100.147757,36.029241],[-100.193513,36.089861],[-100.231764,36.1538],[-100.262127,36.220452],[-100.284292,36.28918],[-100.298025,36.359326],[-100.303172,36.430219],[-100.299661,36.501177],[-100.2875,36.571515],[-100.266785,36.640555],[-100.237693,36.707626],[-100.200485,36.772077],[-100.155504,36.83328],[-100.103172,36.890637],[-100.043983,36.943586],[-99.978506,36.991609],[-99.907373,37.034232],[-99.831275,37.071036],[-99.750956,37.101658],[-99.667206,37.125795],[-99.580849,37.143208],[-99.492738,37.153726],[-99.403746,37.157243]]]},"properties":{"siteId":"142","propertyType":"PSI Owned","category":"OO"}},{"type":"Feature","geometry":{"type":"Polygon","coordinates":[[[-117.829885,45.501834],[-117.728693,45.498305],[-117.628514,45.487754],[-117.530347,45.470286],[-117.435171,45.446075],[-117.343931,45.415364],[-117.257529,45.378458],[-117.176814,45.335724],[-117.102574,45.287587],[-117.035526,45.234524],[-116.976311,45.177058],[-116.925487,45.115755],[-116.883526,45.051217],[-116.850806,44.984076],[-116.827614,44.914985],[-116.814141,44.844615],[-116.810481,44.773649],[-116.816633,44.70277],[-116.832503,44.632659],[-116.857903,44.563986],[-116.892559,44.497409],[-116.936109,44.433558],[-116.988114,44.373039],[-117.048057,44.316423],[-117.115351,44.264244],[-117.189346,44.216992],[-117.269334,44.175109],[-117.354556,44.138987],[-117.444207,44.108963],[-117.537446,44.085317],[-117.633404,44.068268],[-117.731187,44.057974],[-117.829885,44.054533],[-117.928584,44.057974],[-118.026366,44.068268],[-118.122324,44.085317],[-118.215564,44.108963],[-118.305215,44.138987],[-118.390436,44.175109],[-118.470424,44.216992],[-118.544419,44.264244],[-118.611713,44.316423],[-118.671656,44.373039],[-118.723661,44.433558],[-118.767212,44.497409],[-118.801867,44.563986],[-118.827268,44.632659],[-118.843137,44.70277],[-118.84929,44.773649],[-118.845629,44.844615],[-118.832156,44.914985],[-118.808964,44.984076],[-118.776245,45.051217],[-118.734283,45.115755],[-118.683459,45.177058],[-118.624244,45.234524],[-118.557196,45.287587],[-118.482956,45.335724],[-118.402241,45.378458],[-118.31584,45.415364],[-118.2246,45.446075],[-118.129424,45.470286],[-118.031257,45.487754],[-117.931077,45.498305],[-117.829885,45.501834]]]},"properties":{"siteId":"48","propertyType":"PSI Owned","category":"OO"}},{"type":"Feature","geometry":{"type":"Polygon","coordinates":[[[-121.311878,44.785557],[-121.211949,44.782029],[-121.113019,44.771481],[-121.016075,44.754018],[-120.922082,44.729814],[-120.831973,44.699112],[-120.746637,44.662215],[-120.666914,44.619493],[-120.593581,44.571367],[-120.527345,44.518314],[-120.468842,44.460859],[-120.418621,44.399566],[-120.377151,44.335036],[-120.344805,44.267901],[-120.321868,44.198815],[-120.30853,44.128449],[-120.304883,44.057483],[-120.31093,43.986603],[-120.326578,43.916488],[-120.351643,43.847811],[-120.385853,43.781226],[-120.428855,43.717366],[-120.480213,43.656837],[-120.539418,43.600211],[-120.60589,43.548022],[-120.678988,43.500759],[-120.758011,43.458866],[-120.842209,43.422734],[-120.930787,43.392702],[-121.022915,43.369048],[-121.117731,43.351994],[-121.214351,43.341698],[-121.311878,43.338255],[-121.409404,43.341698],[-121.506024,43.351994],[-121.60084,43.369048],[-121.692968,43.392702],[-121.781547,43.422734],[-121.865745,43.458866],[-121.944768,43.500759],[-122.017865,43.548022],[-122.084338,43.600211],[-122.143542,43.656837],[-122.1949,43.717366],[-122.237902,43.781226],[-122.272113,43.847811],[-122.297177,43.916488],[-122.312825,43.986603],[-122.318872,44.057483],[-122.315226,44.128449],[-122.301887,44.198815],[-122.27895,44.267901],[-122.246605,44.335036],[-122.205134,44.399566],[-122.154914,44.460859],[-122.09641,44.518314],[-122.030175,44.571367],[-121.956841,44.619493],[-121.877118,44.662215],[-121.791783,44.699112],[-121.701674,44.729814],[-121.60768,44.754018],[-121.510736,44.771481],[-121.411806,44.782029],[-121.311878,44.785557]]]},"properties":{"siteId":"49","propertyType":"PSI Owned","category":"OO"}},{"type":"Feature","geometry":{"type":"Polygon","coordinates":[[[-123.154688,44.807321],[-123.054721,44.803793],[-122.955754,44.793245],[-122.858773,44.775782],[-122.764745,44.751578],[-122.674602,44.720875],[-122.589235,44.683979],[-122.509482,44.641255],[-122.436121,44.593129],[-122.369862,44.540077],[-122.311337,44.482621],[-122.261099,44.421327],[-122.219613,44.356797],[-122.187257,44.289662],[-122.164312,44.220576],[-122.150969,44.15021],[-122.147323,44.079244],[-122.153373,44.008364],[-122.169027,43.938249],[-122.194102,43.869572],[-122.228326,43.802987],[-122.271344,43.739128],[-122.322721,43.678599],[-122.381948,43.621974],[-122.448445,43.569784],[-122.521569,43.522522],[-122.600621,43.480629],[-122.68485,43.444498],[-122.77346,43.414465],[-122.865621,43.390812],[-122.960471,43.373758],[-123.057126,43.363462],[-123.154688,43.360019],[-123.252249,43.363462],[-123.348904,43.373758],[-123.443754,43.390812],[-123.535915,43.414465],[-123.624525,43.444498],[-123.708754,43.480629],[-123.787806,43.522522],[-123.86093,43.569784],[-123.927427,43.621974],[-123.986654,43.678599],[-124.038031,43.739128],[-124.081049,43.802987],[-124.115273,43.869572],[-124.140348,43.938249],[-124.156002,44.008364],[-124.162052,44.079244],[-124.158406,44.15021],[-124.145063,44.220576],[-124.122118,44.289662],[-124.089762,44.356797],[-124.048276,44.421327],[-123.998038,44.482621],[-123.939513,44.540077],[-123.873254,44.593129],[-123.799893,44.641255],[-123.72014,44.683979],[-123.634773,44.720875],[-123.54463,44.751578],[-123.450602,44.775782],[-123.353621,44.793245],[-123.254654,44.803793],[-123.154688,44.807321]]]},"properties":{"siteId":"50","propertyType":"PSI Owned","category":"OO"}},{"type":"Feature","geometry":{"type":"Polygon","coordinates":[[[-123.195924,45.586759],[-123.09458,45.58323],[-122.994249,45.572679],[-122.895933,45.55521],[-122.800614,45.530998],[-122.709237,45.500286],[-122.622706,45.463379],[-122.541872,45.420644],[-122.467522,45.372506],[-122.400376,45.319441],[-122.341074,45.261974],[-122.290177,45.20067],[-122.248156,45.136131],[-122.215391,45.068988],[-122.192169,44.999897],[-122.178679,44.929527],[-122.175018,44.858561],[-122.181182,44.787682],[-122.197079,44.717571],[-122.22252,44.648899],[-122.25723,44.582322],[-122.300847,44.518472],[-122.35293,44.457955],[-122.412962,44.40134],[-122.480356,44.349163],[-122.55446,44.301912],[-122.634564,44.26003],[-122.71991,44.22391],[-122.80969,44.193886],[-122.903065,44.170241],[-122.999161,44.153192],[-123.097084,44.142899],[-123.195924,44.139458],[-123.294765,44.142899],[-123.392688,44.153192],[-123.488784,44.170241],[-123.582158,44.193886],[-123.671939,44.22391],[-123.757284,44.26003],[-123.837389,44.301912],[-123.911493,44.349163],[-123.978886,44.40134],[-124.038918,44.457955],[-124.091002,44.518472],[-124.134619,44.582322],[-124.169328,44.648899],[-124.194769,44.717571],[-124.210666,44.787682],[-124.216831,44.858561],[-124.213169,44.929527],[-124.19968,44.999897],[-124.176457,45.068988],[-124.143692,45.136131],[-124.101671,45.20067],[-124.050774,45.261974],[-123.991473,45.319441],[-123.924326,45.372506],[-123.849977,45.420644],[-123.769142,45.463379],[-123.682611,45.500286],[-123.591234,45.530998],[-123.495915,45.55521],[-123.3976,45.572679],[-123.297269,45.58323],[-123.195924,45.586759]]]},"properties":{"siteId":"5453","propertyType":"PSI Authorized","category":"3P"}},{"type":"Feature","geometry":{"type":"Polygon","coordinates":[[[-121.701178,42.921662],[-121.604325,42.918137],[-121.508437,42.907597],[-121.414469,42.890147],[-121.323356,42.865961],[-121.235999,42.83528],[-121.15326,42.798408],[-121.075951,42.755712],[-121.004825,42.707614],[-120.940569,42.654589],[-120.883799,42.597159],[-120.835049,42.53589],[-120.794775,42.471382],[-120.763342,42.404264],[-120.741027,42.33519],[-120.728018,42.264831],[-120.724407,42.193868],[-120.730199,42.122984],[-120.745307,42.052861],[-120.769555,41.98417],[-120.802684,41.917567],[-120.844349,41.853686],[-120.894133,41.793133],[-120.95154,41.736481],[-121.016011,41.684264],[-121.086923,41.636974],[-121.163596,41.595055],[-121.245301,41.5589],[-121.331267,41.528847],[-121.420685,41.505176],[-121.512719,41.48811],[-121.606508,41.477805],[-121.701178,41.47436],[-121.795849,41.477805],[-121.889638,41.48811],[-121.981671,41.505176],[-122.071089,41.528847],[-122.157055,41.5589],[-122.238761,41.595055],[-122.315434,41.636974],[-122.386345,41.684264],[-122.450816,41.736481],[-122.508224,41.793133],[-122.558007,41.853686],[-122.599673,41.917567],[-122.632801,41.98417],[-122.657049,42.052861],[-122.672157,42.122984],[-122.677949,42.193868],[-122.674339,42.264831],[-122.661329,42.33519],[-122.639015,42.404264],[-122.607581,42.471382],[-122.567307,42.53589],[-122.518558,42.597159],[-122.461787,42.654589],[-122.397531,42.707614],[-122.326405,42.755712],[-122.249096,42.798408],[-122.166358,42.83528],[-122.079001,42.865961],[-121.987887,42.890147],[-121.893919,42.907597],[-121.798031,42.918137],[-121.701178,42.921662]]]},"properties":{"siteId":"9117","propertyType":"PSI Authorized","category":"3P"}},{"type":"Feature","geometry":{"type":"Polygon","coordinates":[[[-122.876105,43.062237],[-122.77903,43.058712],[-122.682923,43.048172],[-122.58874,43.030721],[-122.497419,43.006534],[-122.409864,42.975851],[-122.326937,42.938978],[-122.249454,42.896279],[-122.178169,42.848179],[-122.113771,42.795152],[-122.056875,42.737721],[-122.00802,42.67645],[-121.967659,42.61194],[-121.93616,42.544821],[-121.9138,42.475746],[-121.900767,42.405387],[-121.897154,42.334423],[-121.902964,42.263539],[-121.918111,42.193417],[-121.942418,42.124727],[-121.975624,42.058125],[-122.017386,41.994246],[-122.067283,41.933695],[-122.12482,41.877045],[-122.189436,41.82483],[-122.260505,41.777542],[-122.337347,41.735625],[-122.419232,41.699471],[-122.505387,41.66942],[-122.595001,41.64575],[-122.687235,41.628684],[-122.781228,41.618381],[-122.876105,41.614936],[-122.970981,41.618381],[-123.064975,41.628684],[-123.157209,41.64575],[-123.246823,41.66942],[-123.332977,41.699471],[-123.414863,41.735625],[-123.491705,41.777542],[-123.562774,41.82483],[-123.62739,41.877045],[-123.684927,41.933695],[-123.734823,41.994246],[-123.776586,42.058125],[-123.809792,42.124727],[-123.834099,42.193417],[-123.849246,42.263539],[-123.855056,42.334423],[-123.851443,42.405387],[-123.83841,42.475746],[-123.81605,42.544821],[-123.784551,42.61194],[-123.74419,42.67645],[-123.695335,42.737721],[-123.638439,42.795152],[-123.574041,42.848179],[-123.502756,42.896279],[-123.425272,42.938978],[-123.342346,42.975851],[-123.254791,43.006534],[-123.163469,43.030721],[-123.069287,43.048172],[-122.97318,43.058712],[-122.876105,43.062237]]]},"properties":{"siteId":"51","propertyType":"PSI Owned","category":"OO"}},{"type":"Feature","geometry":{"type":"Polygon","coordinates":[[[-122.710503,46.181798],[-122.608067,46.178268],[-122.506656,46.167714],[-122.407285,46.15024],[-122.310944,46.126023],[-122.218591,46.095303],[-122.131139,46.058387],[-122.049448,46.015643],[-121.974316,45.967496],[-121.906467,45.914422],[-121.846552,45.856945],[-121.795134,45.795633],[-121.752689,45.731087],[-121.719602,45.663939],[-121.696159,45.594843],[-121.682554,45.524471],[-121.67888,45.453504],[-121.685136,45.382626],[-121.701225,45.312518],[-121.726956,45.243851],[-121.76205,45.17728],[-121.806142,45.113438],[-121.858784,45.052928],[-121.919453,44.996323],[-121.987556,44.944155],[-122.062435,44.896913],[-122.143373,44.85504],[-122.229601,44.818928],[-122.320308,44.788912],[-122.414643,44.765272],[-122.511725,44.748227],[-122.610651,44.737937],[-122.710503,44.734496],[-122.810355,44.737937],[-122.909281,44.748227],[-123.006363,44.765272],[-123.100698,44.788912],[-123.191404,44.818928],[-123.277633,44.85504],[-123.358571,44.896913],[-123.433449,44.944155],[-123.501553,44.996323],[-123.562222,45.052928],[-123.614864,45.113438],[-123.658955,45.17728],[-123.69405,45.243851],[-123.719781,45.312518],[-123.735869,45.382626],[-123.742125,45.453504],[-123.738452,45.524471],[-123.724847,45.594843],[-123.701404,45.663939],[-123.668316,45.731087],[-123.625872,45.795633],[-123.574454,45.856945],[-123.514538,45.914422],[-123.44669,45.967496],[-123.371557,46.015643],[-123.289867,46.058387],[-123.202415,46.095303],[-123.110062,46.126023],[-123.013721,46.15024],[-122.914349,46.167714],[-122.812939,46.178268],[-122.710503,46.181798]]]},"properties":{"siteId":"19114","propertyType":"PSI Owned","category":"OO"}},{"type":"Feature","geometry":{"type":"Polygon","coordinates":[[[-122.983804,45.670359],[-122.882308,45.66683],[-122.781828,45.656277],[-122.683366,45.638808],[-122.587905,45.614595],[-122.496393,45.583882],[-122.409735,45.546974],[-122.328781,45.504238],[-122.254323,45.456098],[-122.187079,45.403032],[-122.127693,45.345564],[-122.076724,45.284258],[-122.034644,45.219719],[-122.001834,45.152575],[-121.978581,45.083483],[-121.965076,45.013113],[-121.961412,44.942147],[-121.96759,44.871268],[-121.983513,44.801157],[-122.008994,44.732487],[-122.043757,44.66591],[-122.08744,44.602061],[-122.139601,44.541545],[-122.199721,44.484932],[-122.267213,44.432756],[-122.341424,44.385506],[-122.421644,44.343626],[-122.507112,44.307506],[-122.597021,44.277484],[-122.690529,44.253839],[-122.786761,44.236791],[-122.884824,44.226498],[-122.983804,44.223057],[-123.082785,44.226498],[-123.180847,44.236791],[-123.27708,44.253839],[-123.370587,44.277484],[-123.460496,44.307506],[-123.545964,44.343626],[-123.626184,44.385506],[-123.700395,44.432756],[-123.767888,44.484932],[-123.828008,44.541545],[-123.880169,44.602061],[-123.923852,44.66591],[-123.958614,44.732487],[-123.984096,44.801157],[-124.000019,44.871268],[-124.006196,44.942147],[-124.002533,45.013113],[-123.989027,45.083483],[-123.965774,45.152575],[-123.932965,45.219719],[-123.890885,45.284258],[-123.839916,45.345564],[-123.780529,45.403032],[-123.713285,45.456098],[-123.638827,45.504238],[-123.557874,45.546974],[-123.471215,45.583882],[-123.379703,45.614595],[-123.284242,45.638808],[-123.185781,45.656277],[-123.0853,45.66683],[-122.983804,45.670359]]]},"properties":{"siteId":"11917","propertyType":"PSI Authorized","category":"3P"}},{"type":"Feature","geometry":{"type":"Polygon","coordinates":[[[-122.766825,46.061996],[-122.664612,46.058467],[-122.563422,46.047913],[-122.464265,46.03044],[-122.368133,46.006224],[-122.275979,45.975505],[-122.188715,45.938592],[-122.107198,45.89585],[-122.032225,45.847704],[-121.96452,45.794632],[-121.90473,45.737157],[-121.853418,45.675847],[-121.81106,45.611302],[-121.778038,45.544155],[-121.75464,45.47506],[-121.741059,45.404689],[-121.737387,45.333722],[-121.743625,45.262843],[-121.759674,45.192735],[-121.785346,45.124067],[-121.820362,45.057495],[-121.864357,44.993651],[-121.916885,44.93314],[-121.977424,44.876533],[-122.045383,44.824362],[-122.120104,44.777119],[-122.200872,44.735244],[-122.28692,44.69913],[-122.377438,44.669113],[-122.471577,44.645471],[-122.568458,44.628426],[-122.66718,44.618136],[-122.766825,44.614695],[-122.866471,44.618136],[-122.965193,44.628426],[-123.062074,44.645471],[-123.156213,44.669113],[-123.246731,44.69913],[-123.332779,44.735244],[-123.413547,44.777119],[-123.488268,44.824362],[-123.556227,44.876533],[-123.616766,44.93314],[-123.669294,44.993651],[-123.713289,45.057495],[-123.748305,45.124067],[-123.773977,45.192735],[-123.790026,45.262843],[-123.796264,45.333722],[-123.792592,45.404689],[-123.779011,45.47506],[-123.755613,45.544155],[-123.722591,45.611302],[-123.680233,45.675847],[-123.628921,45.737157],[-123.569131,45.794632],[-123.501425,45.847704],[-123.426452,45.89585],[-123.344936,45.938592],[-123.257672,45.975505],[-123.165518,46.006224],[-123.069385,46.03044],[-122.970229,46.047913],[-122.869039,46.058467],[-122.766825,46.061996]]]},"properties":{"siteId":"6559","propertyType":"PSI Owned","category":"OO"}},{"type":"Feature","geometry":{"type":"Polygon","coordinates":[[[-75.440569,41.365808],[-75.346067,41.362285],[-75.252505,41.351751],[-75.160813,41.334312],[-75.071901,41.31014],[-74.986649,41.279476],[-74.905896,41.242624],[-74.830433,41.199948],[-74.760996,41.151872],[-74.698255,41.098868],[-74.64281,41.04146],[-74.595187,40.98021],[-74.555829,40.915717],[-74.525095,40.848613],[-74.503257,40.779549],[-74.4905,40.709196],[-74.486919,40.638234],[-74.492517,40.567348],[-74.507213,40.497218],[-74.530838,40.428516],[-74.563139,40.361899],[-74.603783,40.298002],[-74.652362,40.23743],[-74.708395,40.180757],[-74.771335,40.128519],[-74.840574,40.081207],[-74.915449,40.039268],[-74.995247,40.003094],[-75.079213,39.973024],[-75.166558,39.94934],[-75.256462,39.932264],[-75.348084,39.921953],[-75.440569,39.918506],[-75.533054,39.921953],[-75.624676,39.932264],[-75.71458,39.94934],[-75.801924,39.973024],[-75.885891,40.003094],[-75.965689,40.039268],[-76.040563,40.081207],[-76.109802,40.128519],[-76.172743,40.180757],[-76.228776,40.23743],[-76.277355,40.298002],[-76.317999,40.361899],[-76.3503,40.428516],[-76.373925,40.497218],[-76.388621,40.567348],[-76.394219,40.638234],[-76.390637,40.709196],[-76.377881,40.779549],[-76.356043,40.848613],[-76.325309,40.915717],[-76.285951,40.98021],[-76.238327,41.04146],[-76.182883,41.098868],[-76.120142,41.151872],[-76.050705,41.199948],[-75.975242,41.242624],[-75.894489,41.279476],[-75.809237,41.31014],[-75.720325,41.334312],[-75.628633,41.351751],[-75.535071,41.362285],[-75.440569,41.365808]]]},"properties":{"siteId":"11590","propertyType":"PSI Authorized","category":"3P"}},{"type":"Feature","geometry":{"type":"Polygon","coordinates":[[[-75.232617,40.730972],[-75.139022,40.72745],[-75.046358,40.716919],[-74.955544,40.699484],[-74.867483,40.675317],[-74.783042,40.64466],[-74.703056,40.607815],[-74.628306,40.565148],[-74.55952,40.51708],[-74.497364,40.464085],[-74.442432,40.406685],[-74.395243,40.345442],[-74.356239,40.280957],[-74.325775,40.213857],[-74.304122,40.144797],[-74.291463,40.074447],[-74.287892,40.003486],[-74.293416,39.932598],[-74.307954,39.862465],[-74.331338,39.79376],[-74.36332,39.727137],[-74.40357,39.663233],[-74.451684,39.602653],[-74.507187,39.545972],[-74.569536,39.493726],[-74.638129,39.446406],[-74.712309,39.404459],[-74.791371,39.368277],[-74.874565,39.338201],[-74.96111,39.314512],[-75.050191,39.297431],[-75.140976,39.287118],[-75.232617,39.28367],[-75.324258,39.287118],[-75.415043,39.297431],[-75.504125,39.314512],[-75.590669,39.338201],[-75.673864,39.368277],[-75.752925,39.404459],[-75.827105,39.446406],[-75.895699,39.493726],[-75.958048,39.545972],[-76.01355,39.602653],[-76.061665,39.663233],[-76.101915,39.727137],[-76.133896,39.79376],[-76.157281,39.862465],[-76.171818,39.932598],[-76.177342,40.003486],[-76.173772,40.074447],[-76.161113,40.144797],[-76.13946,40.213857],[-76.108996,40.280957],[-76.069991,40.345442],[-76.022803,40.406685],[-75.96787,40.464085],[-75.905714,40.51708],[-75.836929,40.565148],[-75.762179,40.607815],[-75.682192,40.64466],[-75.597752,40.675317],[-75.50969,40.699484],[-75.418877,40.716919],[-75.326212,40.72745],[-75.232617,40.730972]]]},"properties":{"siteId":"63","propertyType":"PSI Owned","category":"OO"}},{"type":"Feature","geometry":{"type":"Polygon","coordinates":[[[-74.877509,40.831865],[-74.783772,40.828343],[-74.690967,40.817811],[-74.600015,40.800375],[-74.51182,40.776208],[-74.427253,40.74555],[-74.347146,40.708704],[-74.272284,40.666036],[-74.203396,40.617966],[-74.141148,40.56497],[-74.086136,40.507568],[-74.038879,40.446325],[-73.999819,40.381838],[-73.969313,40.314738],[-73.947631,40.245677],[-73.934957,40.175326],[-73.931384,40.104365],[-73.93692,40.033477],[-73.951482,39.963345],[-73.974904,39.89464],[-74.006936,39.828019],[-74.047248,39.764115],[-74.095435,39.703537],[-74.151021,39.646857],[-74.213463,39.594612],[-74.282157,39.547294],[-74.356446,39.505347],[-74.435623,39.469167],[-74.518939,39.439092],[-74.605609,39.415404],[-74.694819,39.398324],[-74.785736,39.388011],[-74.877509,39.384563],[-74.969282,39.388011],[-75.060198,39.398324],[-75.149409,39.415404],[-75.236079,39.439092],[-75.319394,39.469167],[-75.398571,39.505347],[-75.472861,39.547294],[-75.541555,39.594612],[-75.603997,39.646857],[-75.659583,39.703537],[-75.70777,39.764115],[-75.748082,39.828019],[-75.780113,39.89464],[-75.803535,39.963345],[-75.818098,40.033477],[-75.823633,40.104365],[-75.820061,40.175326],[-75.807387,40.245677],[-75.785705,40.314738],[-75.755199,40.381838],[-75.716138,40.446325],[-75.668882,40.507568],[-75.613869,40.56497],[-75.551621,40.617966],[-75.482734,40.666036],[-75.407872,40.708704],[-75.327765,40.74555],[-75.243198,40.776208],[-75.155002,40.800375],[-75.064051,40.817811],[-74.971246,40.828343],[-74.877509,40.831865]]]},"properties":{"siteId":"57","propertyType":"PSI Owned","category":"OO"}},{"type":"Feature","geometry":{"type":"Polygon","coordinates":[[[-79.952795,41.503051],[-79.858093,41.499528],[-79.764333,41.488994],[-79.672448,41.471554],[-79.583349,41.447381],[-79.497918,41.416715],[-79.416995,41.379861],[-79.341376,41.337184],[-79.271795,41.289106],[-79.208925,41.2361],[-79.153368,41.17869],[-79.105649,41.117438],[-79.066212,41.052945],[-79.035419,40.985839],[-79.01354,40.916774],[-79.000762,40.846421],[-78.997178,40.775459],[-79.002793,40.704572],[-79.017524,40.634443],[-79.041202,40.565743],[-79.073573,40.499127],[-79.114304,40.435231],[-79.162986,40.37466],[-79.219136,40.317989],[-79.282206,40.265753],[-79.351587,40.218443],[-79.426615,40.176506],[-79.506575,40.140333],[-79.590712,40.110265],[-79.678233,40.086582],[-79.768318,40.069506],[-79.860125,40.059197],[-79.952795,40.055749],[-80.045466,40.059197],[-80.137273,40.069506],[-80.227358,40.086582],[-80.314879,40.110265],[-80.399016,40.140333],[-80.478976,40.176506],[-80.554004,40.218443],[-80.623385,40.265753],[-80.686455,40.317989],[-80.742605,40.37466],[-80.791287,40.435231],[-80.832018,40.499127],[-80.864389,40.565743],[-80.888067,40.634443],[-80.902798,40.704572],[-80.908413,40.775459],[-80.904829,40.846421],[-80.89205,40.916774],[-80.870172,40.985839],[-80.839379,41.052945],[-80.799942,41.117438],[-80.752223,41.17869],[-80.696666,41.2361],[-80.633796,41.289106],[-80.564215,41.337184],[-80.488595,41.379861],[-80.407673,41.416715],[-80.322242,41.447381],[-80.233143,41.471554],[-80.141258,41.488994],[-80.047498,41.499528],[-79.952795,41.503051]]]},"properties":{"siteId":"13416","propertyType":"PSI Authorized","category":"3P"}},{"type":"Feature","geometry":{"type":"Polygon","coordinates":[[[-75.675783,42.193133],[-75.580053,42.189609],[-75.485278,42.179072],[-75.392398,42.161627],[-75.302337,42.137448],[-75.215986,42.106775],[-75.134197,42.069913],[-75.057771,42.027226],[-74.987452,41.979138],[-74.92392,41.926124],[-74.867784,41.868704],[-74.819573,41.807444],[-74.779736,41.742943],[-74.748637,41.675832],[-74.72655,41.606763],[-74.713661,41.536407],[-74.710065,41.465444],[-74.715764,41.394559],[-74.730675,41.324432],[-74.754625,41.255736],[-74.787358,41.189127],[-74.828535,41.125238],[-74.877743,41.064676],[-74.934493,41.008014],[-74.998232,40.955787],[-75.068344,40.908487],[-75.144157,40.866558],[-75.224951,40.830394],[-75.309961,40.800333],[-75.398388,40.776656],[-75.489404,40.759585],[-75.582157,40.749278],[-75.675783,40.745832],[-75.769408,40.749278],[-75.862162,40.759585],[-75.953177,40.776656],[-76.041604,40.800333],[-76.126614,40.830394],[-76.207408,40.866558],[-76.283221,40.908487],[-76.353333,40.955787],[-76.417072,41.008014],[-76.473823,41.064676],[-76.52303,41.125238],[-76.564208,41.189127],[-76.59694,41.255736],[-76.62089,41.324432],[-76.635801,41.394559],[-76.641501,41.465444],[-76.637904,41.536407],[-76.625015,41.606763],[-76.602928,41.675832],[-76.571829,41.742943],[-76.531993,41.807444],[-76.483782,41.868704],[-76.427645,41.926124],[-76.364113,41.979138],[-76.293795,42.027226],[-76.217368,42.069913],[-76.135579,42.106775],[-76.049228,42.137448],[-75.959167,42.161627],[-75.866288,42.179072],[-75.771512,42.189609],[-75.675783,42.193133]]]},"properties":{"siteId":"13418","propertyType":"PSI Authorized","category":"3P"}},{"type":"Feature","geometry":{"type":"Polygon","coordinates":[[[-75.723557,42.230982],[-75.627771,42.227458],[-75.532938,42.216921],[-75.440003,42.199476],[-75.349889,42.175296],[-75.263486,42.144623],[-75.181648,42.10776],[-75.105177,42.065073],[-75.034817,42.016984],[-74.971249,41.963969],[-74.91508,41.906549],[-74.866841,41.845288],[-74.826982,41.780787],[-74.795866,41.713675],[-74.773768,41.644606],[-74.760873,41.57425],[-74.757275,41.503287],[-74.762979,41.432402],[-74.7779,41.362276],[-74.801866,41.29358],[-74.834618,41.226971],[-74.875821,41.163082],[-74.925058,41.102521],[-74.981842,41.045859],[-75.045618,40.993633],[-75.115771,40.946334],[-75.191628,40.904405],[-75.272468,40.868242],[-75.357527,40.838181],[-75.446005,40.814505],[-75.537072,40.797433],[-75.629878,40.787126],[-75.723557,40.78368],[-75.817236,40.787126],[-75.910043,40.797433],[-76.00111,40.814505],[-76.089588,40.838181],[-76.174647,40.868242],[-76.255487,40.904405],[-76.331344,40.946334],[-76.401497,40.993633],[-76.465273,41.045859],[-76.522057,41.102521],[-76.571294,41.163082],[-76.612496,41.226971],[-76.645249,41.29358],[-76.669214,41.362276],[-76.684135,41.432402],[-76.68984,41.503287],[-76.686242,41.57425],[-76.673347,41.644606],[-76.651249,41.713675],[-76.620133,41.780787],[-76.580274,41.845288],[-76.532035,41.906549],[-76.475866,41.963969],[-76.412298,42.016984],[-76.341938,42.065073],[-76.265466,42.10776],[-76.183628,42.144623],[-76.097226,42.175296],[-76.007112,42.199476],[-75.914177,42.216921],[-75.819344,42.227458],[-75.723557,42.230982]]]},"properties":{"siteId":"65","propertyType":"PSI Owned","category":"OO"}},{"type":"Feature","geometry":{"type":"Polygon","coordinates":[[[-80.136285,42.817649],[-80.039594,42.814124],[-79.943868,42.803585],[-79.850058,42.786136],[-79.759097,42.761951],[-79.671886,42.731271],[-79.589285,42.6944],[-79.512104,42.651706],[-79.441095,42.603609],[-79.376944,42.550585],[-79.320266,42.493157],[-79.271595,42.43189],[-79.231384,42.367382],[-79.199999,42.300265],[-79.177717,42.231192],[-79.164725,42.160833],[-79.161117,42.08987],[-79.166896,42.018986],[-79.181975,41.948862],[-79.20618,41.880171],[-79.239251,41.813567],[-79.280846,41.749685],[-79.330545,41.689131],[-79.387857,41.632477],[-79.452222,41.580259],[-79.523018,41.532967],[-79.599566,41.491047],[-79.681139,41.454891],[-79.766967,41.424836],[-79.856241,41.401165],[-79.948127,41.384097],[-80.041766,41.373793],[-80.136285,41.370347],[-80.230804,41.373793],[-80.324442,41.384097],[-80.416328,41.401165],[-80.505603,41.424836],[-80.59143,41.454891],[-80.673003,41.491047],[-80.749551,41.532967],[-80.820347,41.580259],[-80.884712,41.632477],[-80.942024,41.689131],[-80.991724,41.749685],[-81.033319,41.813567],[-81.066389,41.880171],[-81.090594,41.948862],[-81.105674,42.018986],[-81.111452,42.08987],[-81.107844,42.160833],[-81.094852,42.231192],[-81.07257,42.300265],[-81.041186,42.367382],[-81.000975,42.43189],[-80.952304,42.493157],[-80.895625,42.550585],[-80.831474,42.603609],[-80.760465,42.651706],[-80.683284,42.6944],[-80.600683,42.731271],[-80.513472,42.761951],[-80.422511,42.786136],[-80.328701,42.803585],[-80.232975,42.814124],[-80.136285,42.817649]]]},"properties":{"siteId":"59","propertyType":"PSI Owned","category":"OO"}},{"type":"Feature","geometry":{"type":"Polygon","coordinates":[[[-79.541718,41.026524],[-79.447704,41.023002],[-79.354626,41.01247],[-79.263407,40.995032],[-79.174953,40.970863],[-79.090138,40.940203],[-79.009797,40.903355],[-78.934718,40.860684],[-78.865632,40.812612],[-78.803206,40.759613],[-78.748037,40.702209],[-78.700648,40.640963],[-78.66148,40.576474],[-78.630891,40.509373],[-78.609153,40.440311],[-78.596449,40.369959],[-78.592873,40.298997],[-78.598432,40.22811],[-78.613042,40.157979],[-78.636538,40.089275],[-78.668667,40.022656],[-78.709099,39.958754],[-78.757428,39.898178],[-78.813175,39.841501],[-78.875797,39.789258],[-78.944688,39.741942],[-79.019189,39.699999],[-79.098591,39.663821],[-79.182141,39.633748],[-79.269055,39.610061],[-79.358516,39.592982],[-79.449688,39.58267],[-79.541718,39.579222],[-79.633749,39.58267],[-79.72492,39.592982],[-79.814381,39.610061],[-79.901295,39.633748],[-79.984846,39.663821],[-80.064247,39.699999],[-80.138748,39.741942],[-80.20764,39.789258],[-80.270262,39.841501],[-80.326009,39.898178],[-80.374338,39.958754],[-80.41477,40.022656],[-80.446899,40.089275],[-80.470394,40.157979],[-80.485005,40.22811],[-80.490563,40.298997],[-80.486987,40.369959],[-80.474283,40.440311],[-80.452545,40.509373],[-80.421956,40.576474],[-80.382789,40.640963],[-80.335399,40.702209],[-80.280231,40.759613],[-80.217805,40.812612],[-80.148718,40.860684],[-80.073639,40.903355],[-79.993299,40.940203],[-79.908484,40.970863],[-79.82003,40.995032],[-79.728811,41.01247],[-79.635732,41.023002],[-79.541718,41.026524]]]},"properties":{"siteId":"60","propertyType":"PSI Owned","category":"OO"}},{"type":"Feature","geometry":{"type":"Polygon","coordinates":[[[-76.824175,41.059797],[-76.730114,41.056274],[-76.636988,41.045742],[-76.545723,41.028304],[-76.457224,41.004135],[-76.372367,40.973474],[-76.291986,40.936626],[-76.21687,40.893954],[-76.147749,40.845882],[-76.085293,40.792883],[-76.030097,40.735478],[-75.982685,40.674232],[-75.943499,40.609743],[-75.912896,40.542641],[-75.891148,40.473579],[-75.878439,40.403227],[-75.874862,40.332265],[-75.880425,40.261378],[-75.895044,40.191247],[-75.918552,40.122544],[-75.950697,40.055924],[-75.99115,39.992023],[-76.039503,39.931447],[-76.095278,39.874771],[-76.157931,39.822528],[-76.226856,39.775213],[-76.301394,39.73327],[-76.380834,39.697092],[-76.464425,39.667019],[-76.551381,39.643333],[-76.640885,39.626254],[-76.7321,39.615943],[-76.824175,39.612495],[-76.916249,39.615943],[-77.007465,39.626254],[-77.096969,39.643333],[-77.183925,39.667019],[-77.267516,39.697092],[-77.346956,39.73327],[-77.421493,39.775213],[-77.490419,39.822528],[-77.553072,39.874771],[-77.608847,39.931447],[-77.6572,39.992023],[-77.697653,40.055924],[-77.729798,40.122544],[-77.753306,40.191247],[-77.767925,40.261378],[-77.773487,40.332265],[-77.769911,40.403227],[-77.757202,40.473579],[-77.735454,40.542641],[-77.704851,40.609743],[-77.665665,40.674232],[-77.618253,40.735478],[-77.563057,40.792883],[-77.5006,40.845882],[-77.43148,40.893954],[-77.356364,40.936626],[-77.275983,40.973474],[-77.191125,41.004135],[-77.102627,41.028304],[-77.011362,41.045742],[-76.918236,41.056274],[-76.824175,41.059797]]]},"properties":{"siteId":"13338","propertyType":"PSI Authorized","category":"3P"}},{"type":"Feature","geometry":{"type":"Polygon","coordinates":[[[-75.355446,40.80311],[-75.261749,40.799588],[-75.168984,40.789056],[-75.078072,40.771621],[-74.989915,40.747454],[-74.905384,40.716795],[-74.825311,40.67995],[-74.750481,40.637282],[-74.681623,40.589213],[-74.619401,40.536217],[-74.564412,40.478816],[-74.517174,40.417572],[-74.47813,40.353086],[-74.447636,40.285986],[-74.425962,40.216926],[-74.413292,40.146575],[-74.409721,40.075614],[-74.415253,40.004726],[-74.429808,39.934594],[-74.453219,39.865889],[-74.485237,39.799267],[-74.525531,39.735363],[-74.573697,39.674784],[-74.629259,39.618104],[-74.691675,39.565859],[-74.76034,39.51854],[-74.834598,39.476593],[-74.913742,39.440413],[-74.997024,39.410338],[-75.083657,39.386649],[-75.172831,39.369569],[-75.26371,39.359256],[-75.355446,39.355808],[-75.447181,39.359256],[-75.53806,39.369569],[-75.627234,39.386649],[-75.713867,39.410338],[-75.797149,39.440413],[-75.876293,39.476593],[-75.950551,39.51854],[-76.019216,39.565859],[-76.081632,39.618104],[-76.137194,39.674784],[-76.18536,39.735363],[-76.225654,39.799267],[-76.257672,39.865889],[-76.281083,39.934594],[-76.295638,40.004726],[-76.30117,40.075614],[-76.297599,40.146575],[-76.284929,40.216926],[-76.263255,40.285986],[-76.232761,40.353086],[-76.193717,40.417572],[-76.146479,40.478816],[-76.09149,40.536217],[-76.029268,40.589213],[-75.96041,40.637282],[-75.88558,40.67995],[-75.805507,40.716795],[-75.720976,40.747454],[-75.632819,40.771621],[-75.541907,40.789056],[-75.449142,40.799588],[-75.355446,40.80311]]]},"properties":{"siteId":"13064","propertyType":"PSI Authorized","category":"3P"}},{"type":"Feature","geometry":{"type":"Polygon","coordinates":[[[-79.896442,41.16055],[-79.802237,41.157027],[-79.708968,41.146495],[-79.617563,41.129057],[-79.528929,41.104887],[-79.443942,41.074225],[-79.36344,41.037375],[-79.28821,40.994702],[-79.218986,40.946629],[-79.156436,40.893628],[-79.101159,40.836222],[-79.053678,40.774974],[-79.014435,40.710484],[-78.983789,40.643381],[-78.962012,40.574319],[-78.949287,40.503967],[-78.945709,40.433005],[-78.951283,40.362118],[-78.965927,40.291987],[-78.989474,40.223284],[-79.02167,40.156666],[-79.062186,40.092766],[-79.110613,40.032191],[-79.166472,39.975516],[-79.229219,39.923275],[-79.298247,39.875961],[-79.372895,39.834019],[-79.452452,39.797842],[-79.536166,39.767771],[-79.62325,39.744085],[-79.712885,39.727007],[-79.804233,39.716696],[-79.896442,39.713248],[-79.988651,39.716696],[-80.08,39.727007],[-80.169635,39.744085],[-80.256718,39.767771],[-80.340432,39.797842],[-80.41999,39.834019],[-80.494637,39.875961],[-80.563665,39.923275],[-80.626412,39.975516],[-80.682272,40.032191],[-80.730699,40.092766],[-80.771215,40.156666],[-80.803411,40.223284],[-80.826957,40.291987],[-80.841601,40.362118],[-80.847176,40.433005],[-80.843598,40.503967],[-80.830873,40.574319],[-80.809096,40.643381],[-80.77845,40.710484],[-80.739207,40.774974],[-80.691726,40.836222],[-80.636449,40.893628],[-80.573899,40.946629],[-80.504675,40.994702],[-80.429445,41.037375],[-80.348942,41.074225],[-80.263955,41.104887],[-80.175321,41.129057],[-80.083917,41.146495],[-79.990648,41.157027],[-79.896442,41.16055]]]},"properties":{"siteId":"64","propertyType":"PSI Owned","category":"OO"}},{"type":"Feature","geometry":{"type":"Polygon","coordinates":[[[-74.96325,40.861878],[-74.86947,40.858356],[-74.776623,40.847824],[-74.685631,40.830388],[-74.597396,40.806221],[-74.51279,40.775562],[-74.432648,40.738716],[-74.357753,40.696047],[-74.288834,40.647977],[-74.226559,40.594981],[-74.171523,40.537579],[-74.124246,40.476334],[-74.085169,40.411848],[-74.05465,40.344747],[-74.032959,40.275686],[-74.02028,40.205335],[-74.016708,40.134374],[-74.022247,40.063487],[-74.036817,39.993354],[-74.06025,39.92465],[-74.092296,39.858029],[-74.132627,39.794125],[-74.180836,39.733547],[-74.236446,39.676868],[-74.298916,39.624623],[-74.36764,39.577305],[-74.441962,39.535359],[-74.521174,39.499179],[-74.604525,39.469105],[-74.691233,39.445416],[-74.780482,39.428337],[-74.871437,39.418024],[-74.96325,39.414576],[-75.055062,39.418024],[-75.146018,39.428337],[-75.235267,39.445416],[-75.321974,39.469105],[-75.405326,39.499179],[-75.484538,39.535359],[-75.558859,39.577305],[-75.627584,39.624623],[-75.690054,39.676868],[-75.745664,39.733547],[-75.793873,39.794125],[-75.834203,39.858029],[-75.86625,39.92465],[-75.889683,39.993354],[-75.904253,40.063487],[-75.909792,40.134374],[-75.906219,40.205335],[-75.89354,40.275686],[-75.87185,40.344747],[-75.841331,40.411848],[-75.802254,40.476334],[-75.754977,40.537579],[-75.699941,40.594981],[-75.637665,40.647977],[-75.568747,40.696047],[-75.493852,40.738716],[-75.413709,40.775562],[-75.329104,40.806221],[-75.240869,40.830388],[-75.149877,40.847824],[-75.05703,40.858356],[-74.96325,40.861878]]]},"properties":{"siteId":"18915","propertyType":"PSI Authorized","category":"3P"}},{"type":"Feature","geometry":{"type":"Polygon","coordinates":[[[-71.827009,42.946054],[-71.730117,42.942529],[-71.634191,42.931989],[-71.540186,42.914539],[-71.449037,42.890353],[-71.361646,42.859671],[-71.278874,42.8228],[-71.201535,42.780103],[-71.130382,42.732004],[-71.066101,42.678979],[-71.009309,42.621549],[-70.960541,42.56028],[-70.920252,42.495771],[-70.888807,42.428653],[-70.866485,42.359579],[-70.853471,42.28922],[-70.84986,42.218256],[-70.855656,42.147372],[-70.87077,42.077249],[-70.895029,42.008559],[-70.928171,41.941956],[-70.969853,41.878075],[-71.019656,41.817523],[-71.077086,41.760871],[-71.141582,41.708655],[-71.212521,41.661365],[-71.289223,41.619446],[-71.370959,41.583291],[-71.456958,41.553239],[-71.54641,41.529568],[-71.638478,41.512502],[-71.732302,41.502198],[-71.827009,41.498752],[-71.921715,41.502198],[-72.015539,41.512502],[-72.107607,41.529568],[-72.19706,41.553239],[-72.283058,41.583291],[-72.364795,41.619446],[-72.441497,41.661365],[-72.512436,41.708655],[-72.576932,41.760871],[-72.634362,41.817523],[-72.684164,41.878075],[-72.725847,41.941956],[-72.758988,42.008559],[-72.783247,42.077249],[-72.798361,42.147372],[-72.804157,42.218256],[-72.800546,42.28922],[-72.787532,42.359579],[-72.76521,42.428653],[-72.733765,42.495771],[-72.693476,42.56028],[-72.644708,42.621549],[-72.587916,42.678979],[-72.523636,42.732004],[-72.452482,42.780103],[-72.375143,42.8228],[-72.292372,42.859671],[-72.20498,42.890353],[-72.113831,42.914539],[-72.019826,42.931989],[-71.9239,42.942529],[-71.827009,42.946054]]]},"properties":{"siteId":"13351","propertyType":"PSI Authorized","category":"3P"}},{"type":"Feature","geometry":{"type":"Polygon","coordinates":[[[-80.709191,33.159924],[-80.624468,33.156411],[-80.540581,33.145907],[-80.458357,33.128515],[-80.378606,33.104408],[-80.30211,33.073822],[-80.22962,33.037059],[-80.161842,32.99448],[-80.099434,32.946504],[-80.043,32.8936],[-79.993079,32.836287],[-79.950147,32.775125],[-79.914608,32.710709],[-79.886789,32.643667],[-79.866945,32.574648],[-79.855247,32.504323],[-79.851791,32.433369],[-79.85659,32.36247],[-79.869578,32.29231],[-79.890612,32.22356],[-79.919474,32.156879],[-79.955869,32.092903],[-79.999437,32.032242],[-80.04975,31.975474],[-80.106317,31.923137],[-80.168592,31.875727],[-80.235979,31.833693],[-80.307833,31.797433],[-80.383473,31.767287],[-80.462181,31.743541],[-80.543215,31.726418],[-80.625811,31.716079],[-80.709191,31.712622],[-80.792571,31.716079],[-80.875166,31.726418],[-80.9562,31.743541],[-81.034909,31.767287],[-81.110548,31.797433],[-81.182403,31.833693],[-81.249789,31.875727],[-81.312065,31.923137],[-81.368632,31.975474],[-81.418944,32.032242],[-81.462512,32.092903],[-81.498908,32.156879],[-81.527769,32.22356],[-81.548803,32.29231],[-81.561791,32.36247],[-81.56659,32.433369],[-81.563134,32.504323],[-81.551437,32.574648],[-81.531592,32.643667],[-81.503774,32.710709],[-81.468234,32.775125],[-81.425302,32.836287],[-81.375381,32.8936],[-81.318947,32.946504],[-81.256539,32.99448],[-81.188761,33.037059],[-81.116271,33.073822],[-81.039776,33.104408],[-80.960024,33.128515],[-80.8778,33.145907],[-80.793913,33.156411],[-80.709191,33.159924]]]},"properties":{"siteId":"74","propertyType":"PSI Owned","category":"OO"}},{"type":"Feature","geometry":{"type":"Polygon","coordinates":[[[-80.008849,33.594497],[-79.923702,33.590984],[-79.839395,33.580478],[-79.75676,33.563084],[-79.676611,33.538974],[-79.599736,33.508384],[-79.526887,33.471617],[-79.458775,33.429034],[-79.396063,33.381053],[-79.339355,33.328144],[-79.289194,33.270827],[-79.246059,33.20966],[-79.210353,33.14524],[-79.182408,33.078195],[-79.162477,33.009175],[-79.150734,32.938847],[-79.147272,32.867893],[-79.152106,32.796995],[-79.165168,32.726836],[-79.186315,32.658089],[-79.215325,32.59141],[-79.251906,32.527438],[-79.295691,32.466782],[-79.346252,32.410019],[-79.403095,32.357686],[-79.465673,32.310281],[-79.533384,32.268252],[-79.605583,32.231995],[-79.681584,32.201853],[-79.760668,32.17811],[-79.842086,32.160989],[-79.925074,32.150652],[-80.008849,32.147195],[-80.092624,32.150652],[-80.175611,32.160989],[-80.25703,32.17811],[-80.336113,32.201853],[-80.412114,32.231995],[-80.484313,32.268252],[-80.552025,32.310281],[-80.614603,32.357686],[-80.671446,32.410019],[-80.722007,32.466782],[-80.765792,32.527438],[-80.802372,32.59141],[-80.831383,32.658089],[-80.85253,32.726836],[-80.865592,32.796995],[-80.870425,32.867893],[-80.866964,32.938847],[-80.85522,33.009175],[-80.835289,33.078195],[-80.807344,33.14524],[-80.771639,33.20966],[-80.728503,33.270827],[-80.678343,33.328144],[-80.621635,33.381053],[-80.558922,33.429034],[-80.490811,33.471617],[-80.417962,33.508384],[-80.341086,33.538974],[-80.260938,33.563084],[-80.178303,33.580478],[-80.093996,33.590984],[-80.008849,33.594497]]]},"properties":{"siteId":"73","propertyType":"PSI Owned","category":"OO"}},{"type":"Feature","geometry":{"type":"Polygon","coordinates":[[[-81.212033,35.430863],[-81.124988,35.427348],[-81.038805,35.416836],[-80.954333,35.399432],[-80.872407,35.375308],[-80.793832,35.344703],[-80.71938,35.307917],[-80.649777,35.265313],[-80.585701,35.217311],[-80.527769,35.164382],[-80.476536,35.107045],[-80.43249,35.04586],[-80.396044,34.981424],[-80.367533,34.914366],[-80.347214,34.845336],[-80.335265,34.775003],[-80.331779,34.704047],[-80.336767,34.633152],[-80.350161,34.562999],[-80.37181,34.494261],[-80.401488,34.427597],[-80.438893,34.363641],[-80.483651,34.303003],[-80.535321,34.246259],[-80.593401,34.193948],[-80.65733,34.146563],[-80.726495,34.104553],[-80.800236,34.068315],[-80.877853,34.038189],[-80.958612,34.014459],[-81.041752,33.997347],[-81.126491,33.987016],[-81.212033,33.983561],[-81.297575,33.987016],[-81.382314,33.997347],[-81.465454,34.014459],[-81.546213,34.038189],[-81.62383,34.068315],[-81.697571,34.104553],[-81.766735,34.146563],[-81.830664,34.193948],[-81.888745,34.246259],[-81.940415,34.303003],[-81.985173,34.363641],[-82.022578,34.427597],[-82.052255,34.494261],[-82.073905,34.562999],[-82.087298,34.633152],[-82.092287,34.704047],[-82.0888,34.775003],[-82.076851,34.845336],[-82.056533,34.914366],[-82.028022,34.981424],[-81.991575,35.04586],[-81.947529,35.107045],[-81.896297,35.164382],[-81.838365,35.217311],[-81.774288,35.265313],[-81.704686,35.307917],[-81.630233,35.344703],[-81.551659,35.375308],[-81.469733,35.399432],[-81.385261,35.416836],[-81.299077,35.427348],[-81.212033,35.430863]]]},"properties":{"siteId":"18092","propertyType":"PSI Authorized","category":"3P"}},{"type":"Feature","geometry":{"type":"Polygon","coordinates":[[[-81.121186,34.757109],[-81.034858,34.753595],[-80.949383,34.743085],[-80.865604,34.725685],[-80.784349,34.701566],[-80.706416,34.670967],[-80.632569,34.634188],[-80.563529,34.591592],[-80.499967,34.543597],[-80.442497,34.490676],[-80.39167,34.433346],[-80.347967,34.372168],[-80.3118,34.307738],[-80.283503,34.240685],[-80.263331,34.171658],[-80.25146,34.101328],[-80.247983,34.030372],[-80.252913,33.959476],[-80.266181,33.889321],[-80.287641,33.82058],[-80.317067,33.75391],[-80.35416,33.689948],[-80.398551,33.629303],[-80.449803,33.572552],[-80.507416,33.520233],[-80.570835,33.472841],[-80.639451,33.430824],[-80.71261,33.394578],[-80.789617,33.364446],[-80.869743,33.340711],[-80.952234,33.323597],[-81.036311,33.313263],[-81.121186,33.309808],[-81.206061,33.313263],[-81.290139,33.323597],[-81.372629,33.340711],[-81.452756,33.364446],[-81.529763,33.394578],[-81.602922,33.430824],[-81.671538,33.472841],[-81.734956,33.520233],[-81.79257,33.572552],[-81.843822,33.629303],[-81.888212,33.689948],[-81.925306,33.75391],[-81.954732,33.82058],[-81.976191,33.889321],[-81.98946,33.959476],[-81.99439,34.030372],[-81.990913,34.101328],[-81.979041,34.171658],[-81.958869,34.240685],[-81.930572,34.307738],[-81.894405,34.372168],[-81.850703,34.433346],[-81.799875,34.490676],[-81.742405,34.543597],[-81.678843,34.591592],[-81.609804,34.634188],[-81.535957,34.670967],[-81.458023,34.701566],[-81.376768,34.725685],[-81.29299,34.743085],[-81.207515,34.753595],[-81.121186,34.757109]]]},"properties":{"siteId":"71","propertyType":"PSI Owned","category":"OO"}},{"type":"Feature","geometry":{"type":"Polygon","coordinates":[[[-80.93704,34.809781],[-80.850656,34.806266],[-80.765126,34.795757],[-80.681295,34.778357],[-80.599988,34.754237],[-80.522005,34.723637],[-80.448112,34.686858],[-80.379029,34.644261],[-80.315427,34.596266],[-80.257921,34.543344],[-80.207063,34.486014],[-80.163334,34.424835],[-80.127145,34.360405],[-80.098832,34.293351],[-80.078648,34.224324],[-80.066771,34.153993],[-80.063293,34.083038],[-80.068228,34.012142],[-80.081506,33.941987],[-80.10298,33.873246],[-80.132426,33.806576],[-80.169543,33.742615],[-80.213962,33.681971],[-80.265246,33.62522],[-80.322895,33.572902],[-80.386353,33.52551],[-80.455012,33.483494],[-80.528215,33.447249],[-80.605269,33.417117],[-80.685444,33.393383],[-80.767985,33.376268],[-80.852113,33.365935],[-80.93704,33.362479],[-81.021966,33.365935],[-81.106095,33.376268],[-81.188635,33.393383],[-81.26881,33.417117],[-81.345864,33.447249],[-81.419068,33.483494],[-81.487726,33.52551],[-81.551184,33.572902],[-81.608833,33.62522],[-81.660117,33.681971],[-81.704536,33.742615],[-81.741654,33.806576],[-81.771099,33.873246],[-81.792573,33.941987],[-81.805852,34.012142],[-81.810786,34.083038],[-81.807308,34.153993],[-81.795431,34.224324],[-81.775248,34.293351],[-81.746934,34.360405],[-81.710745,34.424835],[-81.667016,34.486014],[-81.616158,34.543344],[-81.558652,34.596266],[-81.495051,34.644261],[-81.425968,34.686858],[-81.352074,34.723637],[-81.274091,34.754237],[-81.192785,34.778357],[-81.108953,34.795757],[-81.023423,34.806266],[-80.93704,34.809781]]]},"properties":{"siteId":"13117","propertyType":"PSI Authorized","category":"3P"}},{"type":"Feature","geometry":{"type":"Polygon","coordinates":[[[-78.995666,34.521483],[-78.909583,34.517968],[-78.82435,34.50746],[-78.740808,34.490061],[-78.659783,34.465944],[-78.582069,34.435346],[-78.508429,34.39857],[-78.439581,34.355976],[-78.376196,34.307985],[-78.318883,34.255066],[-78.268194,34.197739],[-78.224609,34.136563],[-78.188538,34.072135],[-78.160314,34.005083],[-78.140192,33.936058],[-78.128347,33.865728],[-78.124873,33.794773],[-78.129783,33.723877],[-78.143009,33.653721],[-78.164404,33.584978],[-78.193744,33.518306],[-78.230731,33.454343],[-78.274996,33.393696],[-78.326104,33.336942],[-78.383558,33.28462],[-78.446802,33.237225],[-78.515231,33.195206],[-78.588191,33.158958],[-78.664989,33.128824],[-78.744899,33.105087],[-78.827167,33.087971],[-78.911019,33.077637],[-78.995666,33.074181],[-79.080313,33.077637],[-79.164165,33.087971],[-79.246433,33.105087],[-79.326343,33.128824],[-79.403141,33.158958],[-79.476101,33.195206],[-79.54453,33.237225],[-79.607774,33.28462],[-79.665228,33.336942],[-79.716336,33.393696],[-79.760601,33.454343],[-79.797588,33.518306],[-79.826928,33.584978],[-79.848323,33.653721],[-79.861549,33.723877],[-79.866459,33.794773],[-79.862985,33.865728],[-79.85114,33.936058],[-79.831018,34.005083],[-79.802794,34.072135],[-79.766723,34.136563],[-79.723138,34.197739],[-79.672449,34.255066],[-79.615136,34.307985],[-79.551751,34.355976],[-79.482903,34.39857],[-79.409263,34.435346],[-79.331549,34.465944],[-79.250524,34.490061],[-79.166982,34.50746],[-79.081749,34.517968],[-78.995666,34.521483]]]},"properties":{"siteId":"5473","propertyType":"PSI Authorized","category":"3P"}},{"type":"Feature","geometry":{"type":"Polygon","coordinates":[[[-79.765391,34.913981],[-79.678899,34.910466],[-79.59326,34.899956],[-79.509323,34.882555],[-79.427913,34.858435],[-79.349833,34.827834],[-79.275847,34.791053],[-79.206677,34.748456],[-79.142997,34.70046],[-79.085421,34.647536],[-79.0345,34.590205],[-78.990719,34.529025],[-78.954488,34.464594],[-78.926141,34.397539],[-78.905936,34.328512],[-78.894046,34.258181],[-78.890567,34.187225],[-78.895511,34.116329],[-78.908808,34.046175],[-78.930311,33.977434],[-78.959795,33.910766],[-78.99696,33.846805],[-79.041435,33.786162],[-79.092783,33.729413],[-79.150504,33.677095],[-79.21404,33.629705],[-79.282782,33.58769],[-79.356075,33.551446],[-79.433222,33.521315],[-79.513494,33.497581],[-79.596133,33.480467],[-79.680363,33.470134],[-79.765391,33.466679],[-79.85042,33.470134],[-79.93465,33.480467],[-80.017289,33.497581],[-80.097561,33.521315],[-80.174708,33.551446],[-80.248001,33.58769],[-80.316743,33.629705],[-80.380279,33.677095],[-80.438,33.729413],[-80.489348,33.786162],[-80.533823,33.846805],[-80.570988,33.910766],[-80.600472,33.977434],[-80.621975,34.046175],[-80.635272,34.116329],[-80.640216,34.187225],[-80.636737,34.258181],[-80.624847,34.328512],[-80.604642,34.397539],[-80.576295,34.464594],[-80.540064,34.529025],[-80.496283,34.590205],[-80.445362,34.647536],[-80.387786,34.70046],[-80.324106,34.748456],[-80.254936,34.791053],[-80.18095,34.827834],[-80.10287,34.858435],[-80.02146,34.882555],[-79.937523,34.899956],[-79.851884,34.910466],[-79.765391,34.913981]]]},"properties":{"siteId":"11718","propertyType":"PSI Authorized","category":"3P"}},{"type":"Feature","geometry":{"type":"Polygon","coordinates":[[[-81.839879,34.25682],[-81.754067,34.253306],[-81.669103,34.242799],[-81.585825,34.225401],[-81.505053,34.201286],[-81.427583,34.170691],[-81.354172,34.133917],[-81.285539,34.091326],[-81.222348,34.043338],[-81.165211,33.990422],[-81.114676,33.933098],[-81.071221,33.871924],[-81.035256,33.807499],[-81.007113,33.740449],[-80.987046,33.671425],[-80.975231,33.601096],[-80.971761,33.530141],[-80.976648,33.459244],[-80.989827,33.389087],[-81.011149,33.320343],[-81.040394,33.25367],[-81.077263,33.189704],[-81.121389,33.129054],[-81.172338,33.072297],[-81.229615,33.019973],[-81.292666,32.972575],[-81.360886,32.930552],[-81.433625,32.894302],[-81.510192,32.864166],[-81.589862,32.840427],[-81.671884,32.82331],[-81.755485,32.812975],[-81.839879,32.809519],[-81.924273,32.812975],[-82.007873,32.82331],[-82.089895,32.840427],[-82.169565,32.864166],[-82.246132,32.894302],[-82.318871,32.930552],[-82.387092,32.972575],[-82.450143,33.019973],[-82.507419,33.072297],[-82.558369,33.129054],[-82.602495,33.189704],[-82.639364,33.25367],[-82.668608,33.320343],[-82.689931,33.389087],[-82.703109,33.459244],[-82.707997,33.530141],[-82.704527,33.601096],[-82.692711,33.671425],[-82.672645,33.740449],[-82.644501,33.807499],[-82.608536,33.871924],[-82.565082,33.933098],[-82.514546,33.990422],[-82.457409,34.043338],[-82.394219,34.091326],[-82.325585,34.133917],[-82.252175,34.170691],[-82.174704,34.201286],[-82.093933,34.225401],[-82.010655,34.242799],[-81.92569,34.253306],[-81.839879,34.25682]]]},"properties":{"siteId":"5474","propertyType":"PSI Authorized","category":"3P"}},{"type":"Feature","geometry":{"type":"Polygon","coordinates":[[[-82.308297,35.56085],[-82.221111,35.557335],[-82.134788,35.546823],[-82.05018,35.529418],[-81.968122,35.505294],[-81.889421,35.474687],[-81.81485,35.437899],[-81.745137,35.395294],[-81.680958,35.347291],[-81.622936,35.29436],[-81.571624,35.237021],[-81.52751,35.175835],[-81.491008,35.111399],[-81.462455,35.044339],[-81.442108,34.975309],[-81.430144,34.904975],[-81.426656,34.834019],[-81.431655,34.763124],[-81.445074,34.692972],[-81.46676,34.624235],[-81.496488,34.557571],[-81.533953,34.493616],[-81.578784,34.43298],[-81.630537,34.376238],[-81.688709,34.323927],[-81.752738,34.276544],[-81.822011,34.234536],[-81.895866,34.198299],[-81.973603,34.168174],[-82.054486,34.144445],[-82.137755,34.127334],[-82.222624,34.117003],[-82.308297,34.113549],[-82.39397,34.117003],[-82.478839,34.127334],[-82.562107,34.144445],[-82.642991,34.168174],[-82.720728,34.198299],[-82.794583,34.234536],[-82.863856,34.276544],[-82.927885,34.323927],[-82.986057,34.376238],[-83.03781,34.43298],[-83.08264,34.493616],[-83.120106,34.557571],[-83.149833,34.624235],[-83.17152,34.692972],[-83.184938,34.763124],[-83.189938,34.834019],[-83.18645,34.904975],[-83.174486,34.975309],[-83.154139,35.044339],[-83.125586,35.111399],[-83.089084,35.175835],[-83.04497,35.237021],[-82.993658,35.29436],[-82.935635,35.347291],[-82.871457,35.395294],[-82.801744,35.437899],[-82.727173,35.474687],[-82.648472,35.505294],[-82.566414,35.529418],[-82.481806,35.546823],[-82.395482,35.557335],[-82.308297,35.56085]]]},"properties":{"siteId":"10042","propertyType":"PSI Owned","category":"OO"}},{"type":"Feature","geometry":{"type":"Polygon","coordinates":[[[-78.878474,34.424369],[-78.792491,34.420855],[-78.707357,34.410347],[-78.623913,34.392949],[-78.542981,34.368832],[-78.465356,34.338235],[-78.391801,34.30146],[-78.323032,34.258867],[-78.259719,34.210877],[-78.202471,34.157959],[-78.151838,34.100633],[-78.108302,34.039458],[-78.072269,33.975031],[-78.044075,33.90798],[-78.023974,33.838955],[-78.01214,33.768626],[-78.008667,33.697671],[-78.013569,33.626774],[-78.026777,33.556618],[-78.048145,33.487875],[-78.07745,33.421202],[-78.114393,33.357238],[-78.158607,33.29659],[-78.209657,33.239835],[-78.267046,33.187512],[-78.330219,33.140116],[-78.398571,33.098095],[-78.471449,33.061847],[-78.548162,33.031712],[-78.627984,33.007974],[-78.710161,32.990858],[-78.793921,32.980523],[-78.878474,32.977068],[-78.963028,32.980523],[-79.046787,32.990858],[-79.128965,33.007974],[-79.208786,33.031712],[-79.285499,33.061847],[-79.358378,33.098095],[-79.42673,33.140116],[-79.489903,33.187512],[-79.547291,33.239835],[-79.598341,33.29659],[-79.642555,33.357238],[-79.679499,33.421202],[-79.708803,33.487875],[-79.730172,33.556618],[-79.74338,33.626774],[-79.748282,33.697671],[-79.744809,33.768626],[-79.732975,33.838955],[-79.712874,33.90798],[-79.684679,33.975031],[-79.648647,34.039458],[-79.60511,34.100633],[-79.554478,34.157959],[-79.49723,34.210877],[-79.433916,34.258867],[-79.365148,34.30146],[-79.291592,34.338235],[-79.213968,34.368832],[-79.133036,34.392949],[-79.049592,34.410347],[-78.964458,34.420855],[-78.878474,34.424369]]]},"properties":{"siteId":"72","propertyType":"PSI Owned","category":"OO"}},{"type":"Feature","geometry":{"type":"Polygon","coordinates":[[[-80.866077,34.208195],[-80.780315,34.204681],[-80.695399,34.194173],[-80.612169,34.176776],[-80.531444,34.152661],[-80.454018,34.122066],[-80.38065,34.085293],[-80.312055,34.042703],[-80.2489,33.994715],[-80.191795,33.9418],[-80.141287,33.884476],[-80.097857,33.823303],[-80.061911,33.758878],[-80.033782,33.691829],[-80.013726,33.622805],[-80.001916,33.552476],[-79.998446,33.481521],[-80.00333,33.410624],[-80.0165,33.340467],[-80.037809,33.271723],[-80.067036,33.205049],[-80.103884,33.141082],[-80.147984,33.080432],[-80.198905,33.023675],[-80.256149,32.97135],[-80.319165,32.923951],[-80.387347,32.881928],[-80.460046,32.845678],[-80.536571,32.815541],[-80.616197,32.791802],[-80.698174,32.774684],[-80.781729,32.764349],[-80.866077,32.760893],[-80.950425,32.764349],[-81.03398,32.774684],[-81.115957,32.791802],[-81.195583,32.815541],[-81.272108,32.845678],[-81.344806,32.881928],[-81.412989,32.923951],[-81.476005,32.97135],[-81.533249,33.023675],[-81.584169,33.080432],[-81.62827,33.141082],[-81.665118,33.205049],[-81.694344,33.271723],[-81.715654,33.340467],[-81.728824,33.410624],[-81.733708,33.481521],[-81.730238,33.552476],[-81.718428,33.622805],[-81.698371,33.691829],[-81.670243,33.758878],[-81.634297,33.823303],[-81.590866,33.884476],[-81.540359,33.9418],[-81.483254,33.994715],[-81.420099,34.042703],[-81.351504,34.085293],[-81.278136,34.122066],[-81.200709,34.152661],[-81.119984,34.176776],[-81.036754,34.194173],[-80.951839,34.204681],[-80.866077,34.208195]]]},"properties":{"siteId":"18992","propertyType":"PSI Authorized","category":"3P"}},{"type":"Feature","geometry":{"type":"Polygon","coordinates":[[[-81.990501,35.660012],[-81.903208,35.656496],[-81.816777,35.645984],[-81.732065,35.628579],[-81.649905,35.604453],[-81.571108,35.573845],[-81.496445,35.537057],[-81.426647,35.494451],[-81.362391,35.446446],[-81.304298,35.393514],[-81.252925,35.336174],[-81.20876,35.274987],[-81.172215,35.21055],[-81.14363,35.14349],[-81.123261,35.074458],[-81.111285,35.004125],[-81.107796,34.933169],[-81.112804,34.862274],[-81.126241,34.792122],[-81.147957,34.723385],[-81.177722,34.656722],[-81.215235,34.592769],[-81.26012,34.532133],[-81.311937,34.475392],[-81.370179,34.423083],[-81.434286,34.375701],[-81.503641,34.333694],[-81.577584,34.297458],[-81.655413,34.267333],[-81.736392,34.243605],[-81.819758,34.226495],[-81.904727,34.216164],[-81.990501,34.21271],[-82.076275,34.216164],[-82.161244,34.226495],[-82.24461,34.243605],[-82.325589,34.267333],[-82.403418,34.297458],[-82.477361,34.333694],[-82.546717,34.375701],[-82.610823,34.423083],[-82.669066,34.475392],[-82.720882,34.532133],[-82.765768,34.592769],[-82.80328,34.656722],[-82.833046,34.723385],[-82.854761,34.792122],[-82.868198,34.862274],[-82.873207,34.933169],[-82.869717,35.004125],[-82.857741,35.074458],[-82.837372,35.14349],[-82.808787,35.21055],[-82.772243,35.274987],[-82.728077,35.336174],[-82.676704,35.393514],[-82.618612,35.446446],[-82.554356,35.494451],[-82.484557,35.537057],[-82.409895,35.573845],[-82.331097,35.604453],[-82.248938,35.628579],[-82.164225,35.645984],[-82.077795,35.656496],[-81.990501,35.660012]]]},"properties":{"siteId":"13307","propertyType":"PSI Authorized","category":"3P"}},{"type":"Feature","geometry":{"type":"Polygon","coordinates":[[[-80.370838,34.658684],[-80.284612,34.655169],[-80.199239,34.644661],[-80.11556,34.627261],[-80.034401,34.603143],[-79.956559,34.572544],[-79.882799,34.535766],[-79.81384,34.493171],[-79.750352,34.445178],[-79.692948,34.392258],[-79.642179,34.334929],[-79.598525,34.273752],[-79.562399,34.209323],[-79.534132,34.14227],[-79.513981,34.073244],[-79.502121,34.002914],[-79.498645,33.931958],[-79.503566,33.861062],[-79.516817,33.790907],[-79.53825,33.722165],[-79.567639,33.655494],[-79.604688,33.591532],[-79.649026,33.530886],[-79.700218,33.474134],[-79.757765,33.421813],[-79.82111,33.37442],[-79.889648,33.332402],[-79.962723,33.296156],[-80.039643,33.266023],[-80.119678,33.242287],[-80.202076,33.225172],[-80.286059,33.214838],[-80.370838,33.211382],[-80.455617,33.214838],[-80.5396,33.225172],[-80.621998,33.242287],[-80.702033,33.266023],[-80.778953,33.296156],[-80.852028,33.332402],[-80.920566,33.37442],[-80.983912,33.421813],[-81.041458,33.474134],[-81.09265,33.530886],[-81.136988,33.591532],[-81.174037,33.655494],[-81.203426,33.722165],[-81.224859,33.790907],[-81.23811,33.861062],[-81.243031,33.931958],[-81.239555,34.002914],[-81.227695,34.073244],[-81.207544,34.14227],[-81.179277,34.209323],[-81.143151,34.273752],[-81.099497,34.334929],[-81.048728,34.392258],[-80.991324,34.445178],[-80.927836,34.493171],[-80.858877,34.535766],[-80.785117,34.572544],[-80.707275,34.603143],[-80.626116,34.627261],[-80.542437,34.644661],[-80.457064,34.655169],[-80.370838,34.658684]]]},"properties":{"siteId":"13188","propertyType":"PSI Authorized","category":"3P"}},{"type":"Feature","geometry":{"type":"Polygon","coordinates":[[[-97.089555,44.738679],[-96.989707,44.735151],[-96.890858,44.724604],[-96.793992,44.707141],[-96.700074,44.682938],[-96.610038,44.652236],[-96.524771,44.61534],[-96.445111,44.572618],[-96.371836,44.524493],[-96.305653,44.471441],[-96.247195,44.413986],[-96.197013,44.352694],[-96.155574,44.288165],[-96.123252,44.22103],[-96.100332,44.151945],[-96.087002,44.081579],[-96.083357,44.010613],[-96.089397,43.939732],[-96.10503,43.869618],[-96.130073,43.80094],[-96.164256,43.734354],[-96.207222,43.670494],[-96.258539,43.609965],[-96.317696,43.553338],[-96.384116,43.501148],[-96.457156,43.453884],[-96.536117,43.41199],[-96.620249,43.375858],[-96.708759,43.345825],[-96.800815,43.322171],[-96.895558,43.305117],[-96.992104,43.29482],[-97.089555,43.291377],[-97.187006,43.29482],[-97.283552,43.305117],[-97.378294,43.322171],[-97.470351,43.345825],[-97.55886,43.375858],[-97.642993,43.41199],[-97.721954,43.453884],[-97.794994,43.501148],[-97.861414,43.553338],[-97.920571,43.609965],[-97.971887,43.670494],[-98.014854,43.734354],[-98.049036,43.80094],[-98.074079,43.869618],[-98.089713,43.939732],[-98.095753,44.010613],[-98.092108,44.081579],[-98.078778,44.151945],[-98.055857,44.22103],[-98.023536,44.288165],[-97.982096,44.352694],[-97.931915,44.413986],[-97.873457,44.471441],[-97.807274,44.524493],[-97.733998,44.572618],[-97.654339,44.61534],[-97.569072,44.652236],[-97.479035,44.682938],[-97.385118,44.707141],[-97.288252,44.724604],[-97.189402,44.735151],[-97.089555,44.738679]]]},"properties":{"siteId":"6571","propertyType":"PSI Authorized","category":"3P"}},{"type":"Feature","geometry":{"type":"Polygon","coordinates":[[[-103.19951,44.812161],[-103.099536,44.808633],[-103.00056,44.798085],[-102.903571,44.780622],[-102.809535,44.756418],[-102.719384,44.725715],[-102.63401,44.688819],[-102.554251,44.646095],[-102.480884,44.597969],[-102.414619,44.544916],[-102.35609,44.48746],[-102.305847,44.426167],[-102.264359,44.361637],[-102.232,44.294502],[-102.209053,44.225416],[-102.19571,44.155049],[-102.192063,44.084084],[-102.198114,44.013203],[-102.21377,43.943089],[-102.238847,43.874411],[-102.273074,43.807827],[-102.316095,43.743967],[-102.367477,43.683439],[-102.426709,43.626814],[-102.493211,43.574624],[-102.566341,43.527362],[-102.645399,43.485469],[-102.729635,43.449338],[-102.818253,43.419306],[-102.910421,43.395652],[-103.005278,43.378598],[-103.101941,43.368302],[-103.19951,43.364859],[-103.297079,43.368302],[-103.393742,43.378598],[-103.4886,43.395652],[-103.580768,43.419306],[-103.669386,43.449338],[-103.753621,43.485469],[-103.832679,43.527362],[-103.90581,43.574624],[-103.972312,43.626814],[-104.031543,43.683439],[-104.082925,43.743967],[-104.125947,43.807827],[-104.160174,43.874411],[-104.185251,43.943089],[-104.200906,44.013203],[-104.206957,44.084084],[-104.203311,44.155049],[-104.189967,44.225416],[-104.167021,44.294502],[-104.134662,44.361637],[-104.093173,44.426167],[-104.042931,44.48746],[-103.984401,44.544916],[-103.918136,44.597969],[-103.844769,44.646095],[-103.76501,44.688819],[-103.679636,44.725715],[-103.589485,44.756418],[-103.495449,44.780622],[-103.39846,44.798085],[-103.299485,44.808633],[-103.19951,44.812161]]]},"properties":{"siteId":"6113","propertyType":"PSI Authorized","category":"3P"}},{"type":"Feature","geometry":{"type":"Polygon","coordinates":[[[-103.248635,44.80491],[-103.148673,44.801382],[-103.04971,44.790834],[-102.952733,44.773371],[-102.858709,44.749167],[-102.76857,44.718464],[-102.683206,44.681568],[-102.603457,44.638844],[-102.530099,44.590718],[-102.463842,44.537666],[-102.40532,44.48021],[-102.355083,44.418916],[-102.313599,44.354387],[-102.281244,44.287252],[-102.2583,44.218165],[-102.244958,44.147799],[-102.241312,44.076833],[-102.247361,44.005953],[-102.263015,43.935838],[-102.288088,43.867161],[-102.322311,43.800576],[-102.365327,43.736717],[-102.416702,43.676188],[-102.475927,43.619563],[-102.542421,43.567373],[-102.615542,43.520111],[-102.694591,43.478218],[-102.778816,43.442087],[-102.867423,43.412054],[-102.95958,43.388401],[-103.054427,43.371347],[-103.151078,43.361051],[-103.248635,43.357608],[-103.346193,43.361051],[-103.442844,43.371347],[-103.53769,43.388401],[-103.629847,43.412054],[-103.718454,43.442087],[-103.802679,43.478218],[-103.881728,43.520111],[-103.95485,43.567373],[-104.021344,43.619563],[-104.080568,43.676188],[-104.131943,43.736717],[-104.174959,43.800576],[-104.209182,43.867161],[-104.234256,43.935838],[-104.249909,44.005953],[-104.255959,44.076833],[-104.252312,44.147799],[-104.23897,44.218165],[-104.216026,44.287252],[-104.183671,44.354387],[-104.142187,44.418916],[-104.091951,44.48021],[-104.033428,44.537666],[-103.967171,44.590718],[-103.893814,44.638844],[-103.814064,44.681568],[-103.728701,44.718464],[-103.638562,44.749167],[-103.544537,44.773371],[-103.44756,44.790834],[-103.348597,44.801382],[-103.248635,44.80491]]]},"properties":{"siteId":"11970","propertyType":"PSI Authorized","category":"3P"}},{"type":"Feature","geometry":{"type":"Polygon","coordinates":[[[-96.731162,44.238378],[-96.632168,44.234851],[-96.534162,44.224306],[-96.438121,44.206847],[-96.345002,44.182648],[-96.255728,44.151952],[-96.171182,44.115063],[-96.092191,44.072348],[-96.019528,44.024231],[-95.953894,43.971187],[-95.895916,43.913739],[-95.846142,43.852453],[-95.805034,43.78793],[-95.772966,43.7208],[-95.750217,43.651718],[-95.736978,43.581354],[-95.733343,43.510389],[-95.739312,43.439507],[-95.754796,43.36939],[-95.779612,43.300708],[-95.813494,43.234118],[-95.856091,43.170252],[-95.90697,43.109716],[-95.965629,43.053082],[-96.031494,43.000884],[-96.103928,42.953613],[-96.182238,42.911713],[-96.265679,42.875574],[-96.353465,42.845535],[-96.44477,42.821877],[-96.538742,42.804819],[-96.634503,42.79452],[-96.731162,42.791077],[-96.827822,42.79452],[-96.923583,42.804819],[-97.017554,42.821877],[-97.10886,42.845535],[-97.196645,42.875574],[-97.280087,42.911713],[-97.358397,42.953613],[-97.430831,43.000884],[-97.496695,43.053082],[-97.555355,43.109716],[-97.606234,43.170252],[-97.64883,43.234118],[-97.682712,43.300708],[-97.707529,43.36939],[-97.723013,43.439507],[-97.728982,43.510389],[-97.725347,43.581354],[-97.712108,43.651718],[-97.689359,43.7208],[-97.657291,43.78793],[-97.616183,43.852453],[-97.566409,43.913739],[-97.508431,43.971187],[-97.442797,44.024231],[-97.370134,44.072348],[-97.291143,44.115063],[-97.206596,44.151952],[-97.117323,44.182648],[-97.024204,44.206847],[-96.928163,44.224306],[-96.830157,44.234851],[-96.731162,44.238378]]]},"properties":{"siteId":"11971","propertyType":"PSI Authorized","category":"3P"}},{"type":"Feature","geometry":{"type":"Polygon","coordinates":[[[-96.782958,44.286192],[-96.683883,44.282665],[-96.585797,44.272119],[-96.489679,44.25466],[-96.396485,44.230461],[-96.307139,44.199764],[-96.222524,44.162875],[-96.14347,44.120159],[-96.070749,44.072041],[-96.005063,44.018996],[-95.94704,43.961548],[-95.897228,43.900261],[-95.856088,43.835737],[-95.823996,43.768607],[-95.801231,43.699524],[-95.787984,43.62916],[-95.784347,43.558195],[-95.790324,43.487314],[-95.805821,43.417197],[-95.830659,43.348516],[-95.86457,43.281926],[-95.907201,43.21806],[-95.958122,43.157525],[-96.016828,43.100892],[-96.082745,43.048695],[-96.155236,43.001424],[-96.233608,42.959524],[-96.317114,42.923386],[-96.404968,42.893348],[-96.496345,42.86969],[-96.590389,42.852632],[-96.686224,42.842334],[-96.782958,42.83889],[-96.879693,42.842334],[-96.975528,42.852632],[-97.069572,42.86969],[-97.160949,42.893348],[-97.248803,42.923386],[-97.332309,42.959524],[-97.41068,43.001424],[-97.483172,43.048695],[-97.549089,43.100892],[-97.607795,43.157525],[-97.658716,43.21806],[-97.701347,43.281926],[-97.735258,43.348516],[-97.760096,43.417197],[-97.775593,43.487314],[-97.781569,43.558195],[-97.777933,43.62916],[-97.764685,43.699524],[-97.741921,43.768607],[-97.709828,43.835737],[-97.668689,43.900261],[-97.618877,43.961548],[-97.560854,44.018996],[-97.495168,44.072041],[-97.422446,44.120159],[-97.343393,44.162875],[-97.258778,44.199764],[-97.169432,44.230461],[-97.076238,44.25466],[-96.98012,44.272119],[-96.882034,44.282665],[-96.782958,44.286192]]]},"properties":{"siteId":"18773","propertyType":"PSI Authorized","category":"3P"}},{"type":"Feature","geometry":{"type":"Polygon","coordinates":[[[-97.0953,45.624808],[-96.993886,45.621279],[-96.893487,45.610727],[-96.795105,45.593258],[-96.699722,45.569046],[-96.608283,45.538333],[-96.521695,45.501426],[-96.440806,45.45869],[-96.366407,45.410552],[-96.299216,45.357486],[-96.239876,45.300018],[-96.188947,45.238714],[-96.146899,45.174175],[-96.114113,45.107032],[-96.090877,45.03794],[-96.07738,44.96757],[-96.073718,44.896604],[-96.079888,44.825725],[-96.095797,44.755614],[-96.121256,44.686943],[-96.15599,44.620366],[-96.199637,44.556517],[-96.251756,44.495999],[-96.311828,44.439386],[-96.379266,44.387209],[-96.453419,44.339959],[-96.533576,44.298078],[-96.618977,44.261957],[-96.708816,44.231935],[-96.802251,44.208289],[-96.898409,44.191241],[-96.996396,44.180948],[-97.0953,44.177507],[-97.194204,44.180948],[-97.29219,44.191241],[-97.388348,44.208289],[-97.481783,44.231935],[-97.571622,44.261957],[-97.657023,44.298078],[-97.73718,44.339959],[-97.811333,44.387209],[-97.878771,44.439386],[-97.938844,44.495999],[-97.990962,44.556517],[-98.034609,44.620366],[-98.069343,44.686943],[-98.094802,44.755614],[-98.110711,44.825725],[-98.116882,44.896604],[-98.113219,44.96757],[-98.099722,45.03794],[-98.076486,45.107032],[-98.043701,45.174175],[-98.001653,45.238714],[-97.950723,45.300018],[-97.891383,45.357486],[-97.824192,45.410552],[-97.749793,45.45869],[-97.668905,45.501426],[-97.582316,45.538333],[-97.490878,45.569046],[-97.395494,45.593258],[-97.297112,45.610727],[-97.196713,45.621279],[-97.0953,45.624808]]]},"properties":{"siteId":"5478","propertyType":"PSI Authorized","category":"3P"}},{"type":"Feature","geometry":{"type":"Polygon","coordinates":[[[-85.161409,35.76811],[-85.073997,35.764594],[-84.987449,35.754081],[-84.902622,35.736676],[-84.820352,35.712549],[-84.741448,35.68194],[-84.666685,35.645151],[-84.596794,35.602544],[-84.532453,35.554538],[-84.474284,35.501605],[-84.422844,35.444263],[-84.378621,35.383075],[-84.342031,35.318637],[-84.31341,35.251576],[-84.293017,35.182544],[-84.281028,35.11221],[-84.277537,35.041254],[-84.282555,34.970359],[-84.296013,34.900207],[-84.31776,34.831472],[-84.347567,34.764809],[-84.385131,34.700857],[-84.430077,34.640222],[-84.481963,34.583482],[-84.540283,34.531175],[-84.604473,34.483794],[-84.67392,34.441788],[-84.747959,34.405553],[-84.825889,34.37543],[-84.906973,34.351702],[-84.990446,34.334592],[-85.075525,34.324262],[-85.161409,34.320808],[-85.247293,34.324262],[-85.332371,34.334592],[-85.415845,34.351702],[-85.496929,34.37543],[-85.574859,34.405553],[-85.648898,34.441788],[-85.718344,34.483794],[-85.782535,34.531175],[-85.840855,34.583482],[-85.892741,34.640222],[-85.937687,34.700857],[-85.975251,34.764809],[-86.005058,34.831472],[-86.026805,34.900207],[-86.040262,34.970359],[-86.045281,35.041254],[-86.04179,35.11221],[-86.029801,35.182544],[-86.009408,35.251576],[-85.980787,35.318637],[-85.944197,35.383075],[-85.899974,35.444263],[-85.848534,35.501605],[-85.790365,35.554538],[-85.726024,35.602544],[-85.656133,35.645151],[-85.58137,35.68194],[-85.502466,35.712549],[-85.420196,35.736676],[-85.335368,35.754081],[-85.248821,35.764594],[-85.161409,35.76811]]]},"properties":{"siteId":"96","propertyType":"PSI Owned","category":"OO"}},{"type":"Feature","geometry":{"type":"Polygon","coordinates":[[[-85.485029,36.868934],[-85.396374,36.865417],[-85.308597,36.854901],[-85.222566,36.837489],[-85.139131,36.813354],[-85.059114,36.782735],[-84.983301,36.745934],[-84.912432,36.703314],[-84.847197,36.655295],[-84.788226,36.602349],[-84.736084,36.544995],[-84.691265,36.483795],[-84.654189,36.419347],[-84.625197,36.352278],[-84.604551,36.28324],[-84.592427,36.212903],[-84.588919,36.141946],[-84.594039,36.071052],[-84.607714,36.000905],[-84.62979,35.932175],[-84.660034,35.865521],[-84.698138,35.801579],[-84.743722,35.740956],[-84.796335,35.684228],[-84.855465,35.631934],[-84.920541,35.584566],[-84.990939,35.542572],[-85.065989,35.506348],[-85.144977,35.476235],[-85.22716,35.452515],[-85.311761,35.435412],[-85.397987,35.425086],[-85.485029,35.421633],[-85.572071,35.425086],[-85.658298,35.435412],[-85.742899,35.452515],[-85.825081,35.476235],[-85.90407,35.506348],[-85.97912,35.542572],[-86.049518,35.584566],[-86.114594,35.631934],[-86.173724,35.684228],[-86.226337,35.740956],[-86.27192,35.801579],[-86.310025,35.865521],[-86.340269,35.932175],[-86.362345,36.000905],[-86.37602,36.071052],[-86.381139,36.141946],[-86.377632,36.212903],[-86.365508,36.28324],[-86.344861,36.352278],[-86.31587,36.419347],[-86.278794,36.483795],[-86.233975,36.544995],[-86.181832,36.602349],[-86.122861,36.655295],[-86.057627,36.703314],[-85.986758,36.745934],[-85.910945,36.782735],[-85.830928,36.813354],[-85.747493,36.837489],[-85.661462,36.854901],[-85.573685,36.865417],[-85.485029,36.868934]]]},"properties":{"siteId":"11885","propertyType":"PSI Authorized","category":"3P"}},{"type":"Feature","geometry":{"type":"Polygon","coordinates":[[[-88.850058,36.370079],[-88.761974,36.366563],[-88.674763,36.356048],[-88.589285,36.338639],[-88.506386,36.314508],[-88.426881,36.283894],[-88.351551,36.247098],[-88.281132,36.204484],[-88.216308,36.156471],[-88.157706,36.103531],[-88.105886,36.046183],[-88.061342,35.984988],[-88.024489,35.920544],[-87.995668,35.853479],[-87.975138,35.784444],[-87.963076,35.714108],[-87.959576,35.643151],[-87.964649,35.572257],[-87.978224,35.502108],[-88.000149,35.433376],[-88.030192,35.366718],[-88.068048,35.302771],[-88.113338,35.242143],[-88.165617,35.185409],[-88.224374,35.133109],[-88.289043,35.085735],[-88.359003,35.043736],[-88.433588,35.007507],[-88.51209,34.977389],[-88.593767,34.953666],[-88.67785,34.93656],[-88.763548,34.926231],[-88.850058,34.922778],[-88.936567,34.926231],[-89.022266,34.93656],[-89.106348,34.953666],[-89.188025,34.977389],[-89.266527,35.007507],[-89.341112,35.043736],[-89.411073,35.085735],[-89.475741,35.133109],[-89.534499,35.185409],[-89.586778,35.242143],[-89.632068,35.302771],[-89.669924,35.366718],[-89.699967,35.433376],[-89.721891,35.502108],[-89.735466,35.572257],[-89.740539,35.643151],[-89.73704,35.714108],[-89.724978,35.784444],[-89.704448,35.853479],[-89.675627,35.920544],[-89.638774,35.984988],[-89.594229,36.046183],[-89.54241,36.103531],[-89.483808,36.156471],[-89.418984,36.204484],[-89.348565,36.247098],[-89.273235,36.283894],[-89.19373,36.314508],[-89.11083,36.338639],[-89.025353,36.356048],[-88.938141,36.366563],[-88.850058,36.370079]]]},"properties":{"siteId":"97","propertyType":"PSI Owned","category":"OO"}},{"type":"Feature","geometry":{"type":"Polygon","coordinates":[[[-82.389899,37.056627],[-82.301025,37.05311],[-82.213031,37.042593],[-82.126788,37.02518],[-82.043148,37.001044],[-81.962935,36.970423],[-81.886937,36.93362],[-81.815897,36.890998],[-81.750505,36.842977],[-81.691393,36.790028],[-81.639127,36.732672],[-81.594203,36.671471],[-81.557041,36.607021],[-81.527984,36.53995],[-81.507293,36.470911],[-81.495145,36.400573],[-81.491635,36.329616],[-81.496773,36.258723],[-81.510486,36.188576],[-81.532619,36.119848],[-81.562941,36.053195],[-81.60114,35.989254],[-81.646835,35.928633],[-81.699576,35.871908],[-81.758849,35.819615],[-81.824081,35.77225],[-81.894647,35.730258],[-81.969874,35.694036],[-82.049049,35.663925],[-82.131425,35.640207],[-82.216225,35.623104],[-82.302653,35.612779],[-82.389899,35.609326],[-82.477145,35.612779],[-82.563573,35.623104],[-82.648373,35.640207],[-82.730748,35.663925],[-82.809924,35.694036],[-82.885151,35.730258],[-82.955717,35.77225],[-83.020949,35.819615],[-83.080221,35.871908],[-83.132962,35.928633],[-83.178658,35.989254],[-83.216857,36.053195],[-83.247178,36.119848],[-83.269312,36.188576],[-83.283025,36.258723],[-83.288163,36.329616],[-83.284653,36.400573],[-83.272505,36.470911],[-83.251814,36.53995],[-83.222757,36.607021],[-83.185595,36.671471],[-83.140671,36.732672],[-83.088405,36.790028],[-83.029293,36.842977],[-82.963901,36.890998],[-82.89286,36.93362],[-82.816862,36.970423],[-82.736649,37.001044],[-82.653009,37.02518],[-82.566767,37.042593],[-82.478773,37.05311],[-82.389899,37.056627]]]},"properties":{"siteId":"98","propertyType":"PSI Owned","category":"OO"}},{"type":"Feature","geometry":{"type":"Polygon","coordinates":[[[-84.059129,36.643391],[-83.970734,36.639874],[-83.883214,36.629358],[-83.797435,36.611948],[-83.714244,36.587815],[-83.63446,36.557198],[-83.558867,36.520399],[-83.488203,36.477782],[-83.423155,36.429766],[-83.364352,36.376822],[-83.312357,36.319471],[-83.267662,36.258274],[-83.230688,36.193827],[-83.201774,36.12676],[-83.18118,36.057724],[-83.169085,35.987387],[-83.165581,35.91643],[-83.170679,35.845536],[-83.184309,35.775388],[-83.206316,35.706657],[-83.236468,35.640001],[-83.27446,35.576057],[-83.31991,35.515432],[-83.37237,35.458701],[-83.431331,35.406404],[-83.496222,35.359033],[-83.566421,35.317037],[-83.641259,35.280811],[-83.720026,35.250696],[-83.801978,35.226974],[-83.886343,35.20987],[-83.972329,35.199542],[-84.059129,35.196089],[-84.145929,35.199542],[-84.231915,35.20987],[-84.31628,35.226974],[-84.398232,35.250696],[-84.476999,35.280811],[-84.551837,35.317037],[-84.622036,35.359033],[-84.686927,35.406404],[-84.745888,35.458701],[-84.798348,35.515432],[-84.843798,35.576057],[-84.881789,35.640001],[-84.911942,35.706657],[-84.933949,35.775388],[-84.947578,35.845536],[-84.952677,35.91643],[-84.949173,35.987387],[-84.937077,36.057724],[-84.916484,36.12676],[-84.88757,36.193827],[-84.850596,36.258274],[-84.805901,36.319471],[-84.753906,36.376822],[-84.695103,36.429766],[-84.630055,36.477782],[-84.559391,36.520399],[-84.483798,36.557198],[-84.404014,36.587815],[-84.320823,36.611948],[-84.235044,36.629358],[-84.147524,36.639874],[-84.059129,36.643391]]]},"properties":{"siteId":"13425","propertyType":"PSI Authorized","category":"3P"}},{"type":"Feature","geometry":{"type":"Polygon","coordinates":[[[-89.868803,35.82014],[-89.781334,35.816624],[-89.69473,35.806111],[-89.609847,35.788706],[-89.527523,35.764579],[-89.448568,35.733969],[-89.373757,35.69718],[-89.30382,35.654572],[-89.239438,35.606565],[-89.181232,35.553632],[-89.12976,35.49629],[-89.08551,35.435101],[-89.048897,35.370662],[-89.020259,35.303601],[-88.999855,35.234569],[-88.987859,35.164235],[-88.984368,35.093278],[-88.989391,35.022383],[-89.002858,34.952232],[-89.02462,34.883497],[-89.054447,34.816835],[-89.092036,34.752882],[-89.137012,34.692249],[-89.188931,34.635509],[-89.247288,34.583202],[-89.31152,34.535822],[-89.38101,34.493817],[-89.455096,34.457582],[-89.533074,34.427459],[-89.614209,34.403732],[-89.697734,34.386623],[-89.782866,34.376293],[-89.868803,34.372839],[-89.954741,34.376293],[-90.039872,34.386623],[-90.123397,34.403732],[-90.204532,34.427459],[-90.282511,34.457582],[-90.356596,34.493817],[-90.426086,34.535822],[-90.490318,34.583202],[-90.548675,34.635509],[-90.600594,34.692249],[-90.64557,34.752882],[-90.683159,34.816835],[-90.712986,34.883497],[-90.734748,34.952232],[-90.748216,35.022383],[-90.753239,35.093278],[-90.749747,35.164235],[-90.737752,35.234569],[-90.717347,35.303601],[-90.688709,35.370662],[-90.652096,35.435101],[-90.607846,35.49629],[-90.556374,35.553632],[-90.498168,35.606565],[-90.433786,35.654572],[-90.363849,35.69718],[-90.289038,35.733969],[-90.210083,35.764579],[-90.127759,35.788706],[-90.042876,35.806111],[-89.956272,35.816624],[-89.868803,35.82014]]]},"properties":{"siteId":"12507","propertyType":"MG TESTING","category":"3P"}},{"type":"Feature","geometry":{"type":"Polygon","coordinates":[[[-90.074092,35.810531],[-89.986633,35.807015],[-89.900039,35.796503],[-89.815167,35.779097],[-89.732852,35.75497],[-89.653907,35.724361],[-89.579105,35.687571],[-89.509177,35.644963],[-89.444802,35.596957],[-89.386603,35.544023],[-89.335137,35.486682],[-89.290892,35.425493],[-89.254283,35.361054],[-89.225649,35.293993],[-89.205246,35.224961],[-89.193252,35.154627],[-89.18976,35.08367],[-89.194782,35.012776],[-89.208248,34.942624],[-89.230007,34.873889],[-89.259831,34.807227],[-89.297415,34.743274],[-89.342385,34.682641],[-89.394298,34.625901],[-89.452649,34.573594],[-89.516873,34.526214],[-89.586354,34.484208],[-89.660432,34.447973],[-89.738401,34.417851],[-89.819526,34.394123],[-89.903042,34.377014],[-89.988164,34.366684],[-90.074092,34.36323],[-90.160019,34.366684],[-90.245141,34.377014],[-90.328657,34.394123],[-90.409782,34.417851],[-90.487751,34.447973],[-90.561829,34.484208],[-90.631311,34.526214],[-90.695534,34.573594],[-90.753885,34.625901],[-90.805798,34.682641],[-90.850768,34.743274],[-90.888352,34.807227],[-90.918176,34.873889],[-90.939935,34.942624],[-90.953401,35.012776],[-90.958423,35.08367],[-90.954931,35.154627],[-90.942937,35.224961],[-90.922535,35.293993],[-90.8939,35.361054],[-90.857291,35.425493],[-90.813046,35.486682],[-90.76158,35.544023],[-90.703381,35.596957],[-90.639006,35.644963],[-90.569078,35.687571],[-90.494276,35.724361],[-90.415331,35.75497],[-90.333016,35.779097],[-90.248144,35.796503],[-90.16155,35.807015],[-90.074092,35.810531]]]},"properties":{"siteId":"6185","propertyType":"MG TESTING","category":"3P"}},{"type":"Feature","geometry":{"type":"Polygon","coordinates":[[[-86.704793,36.845589],[-86.616165,36.842072],[-86.528414,36.831555],[-86.44241,36.814144],[-86.359,36.790009],[-86.279007,36.75939],[-86.203217,36.72259],[-86.13237,36.67997],[-86.067154,36.631951],[-86.008201,36.579005],[-85.956074,36.521652],[-85.911268,36.460452],[-85.874202,36.396004],[-85.845219,36.328936],[-85.824578,36.259898],[-85.812457,36.189561],[-85.80895,36.118603],[-85.814067,36.04771],[-85.827737,35.977562],[-85.849806,35.908833],[-85.880041,35.842179],[-85.918133,35.778236],[-85.963703,35.717613],[-86.0163,35.660885],[-86.075412,35.60859],[-86.140469,35.561222],[-86.210847,35.519228],[-86.285874,35.483004],[-86.36484,35.45289],[-86.446998,35.42917],[-86.531575,35.412067],[-86.617776,35.40174],[-86.704793,35.398287],[-86.79181,35.40174],[-86.878011,35.412067],[-86.962588,35.42917],[-87.044746,35.45289],[-87.123712,35.483004],[-87.19874,35.519228],[-87.269117,35.561222],[-87.334174,35.60859],[-87.393286,35.660885],[-87.445884,35.717613],[-87.491453,35.778236],[-87.529546,35.842179],[-87.55978,35.908833],[-87.581849,35.977562],[-87.595519,36.04771],[-87.600637,36.118603],[-87.59713,36.189561],[-87.585009,36.259898],[-87.564368,36.328936],[-87.535384,36.396004],[-87.498319,36.460452],[-87.453512,36.521652],[-87.401385,36.579005],[-87.342432,36.631951],[-87.277216,36.67997],[-87.206369,36.72259],[-87.130579,36.75939],[-87.050586,36.790009],[-86.967177,36.814144],[-86.881172,36.831555],[-86.793421,36.842072],[-86.704793,36.845589]]]},"properties":{"siteId":"5042","propertyType":"PSI Owned","category":"OO"}},{"type":"Feature","geometry":{"type":"Polygon","coordinates":[[[-99.779165,33.172515],[-99.69443,33.169002],[-99.610532,33.158498],[-99.528296,33.141106],[-99.448533,33.116999],[-99.372027,33.086413],[-99.299526,33.04965],[-99.231739,33.007071],[-99.169322,32.959095],[-99.11288,32.906191],[-99.062953,32.848878],[-99.020015,32.787715],[-98.98447,32.723299],[-98.956648,32.656257],[-98.936801,32.587238],[-98.925103,32.516912],[-98.921646,32.445959],[-98.926446,32.37506],[-98.939436,32.3049],[-98.960474,32.23615],[-98.989339,32.169469],[-99.02574,32.105493],[-99.069315,32.044833],[-99.119634,31.988065],[-99.176209,31.935728],[-99.238493,31.888318],[-99.305889,31.846284],[-99.377753,31.810024],[-99.453403,31.779878],[-99.532122,31.756132],[-99.613167,31.739009],[-99.695774,31.72867],[-99.779165,31.725213],[-99.862557,31.72867],[-99.945164,31.739009],[-100.026209,31.756132],[-100.104928,31.779878],[-100.180578,31.810024],[-100.252442,31.846284],[-100.319838,31.888318],[-100.382122,31.935728],[-100.438697,31.988065],[-100.489016,32.044833],[-100.532591,32.105493],[-100.568992,32.169469],[-100.597857,32.23615],[-100.618895,32.3049],[-100.631885,32.37506],[-100.636685,32.445959],[-100.633228,32.516912],[-100.62153,32.587238],[-100.601683,32.656257],[-100.573861,32.723299],[-100.538316,32.787715],[-100.495378,32.848878],[-100.445451,32.906191],[-100.389009,32.959095],[-100.326592,33.007071],[-100.258805,33.04965],[-100.186304,33.086413],[-100.109798,33.116999],[-100.030035,33.141106],[-99.947799,33.158498],[-99.8639,33.169002],[-99.779165,33.172515]]]},"properties":{"siteId":"18648","propertyType":"PSI Owned","category":"OO"}},{"type":"Feature","geometry":{"type":"Polygon","coordinates":[[[-101.889457,35.889412],[-101.801912,35.885896],[-101.715232,35.875383],[-101.630275,35.857976],[-101.547879,35.833849],[-101.468856,35.803239],[-101.39398,35.766448],[-101.323984,35.72384],[-101.259547,35.675832],[-101.201291,35.622898],[-101.149776,35.565555],[-101.105489,35.504366],[-101.068846,35.439926],[-101.040186,35.372865],[-101.019766,35.303832],[-101.007762,35.233498],[-101.004269,35.162541],[-101.009298,35.091647],[-101.02278,35.021496],[-101.044562,34.952761],[-101.074416,34.886099],[-101.112038,34.822148],[-101.157053,34.761515],[-101.209017,34.704776],[-101.267424,34.65247],[-101.33171,34.60509],[-101.401258,34.563086],[-101.475406,34.526852],[-101.55345,34.49673],[-101.634652,34.473003],[-101.718247,34.455894],[-101.803448,34.445564],[-101.889457,34.44211],[-101.975466,34.445564],[-102.060668,34.455894],[-102.144263,34.473003],[-102.225465,34.49673],[-102.303509,34.526852],[-102.377656,34.563086],[-102.447205,34.60509],[-102.511491,34.65247],[-102.569898,34.704776],[-102.621862,34.761515],[-102.666877,34.822148],[-102.704499,34.886099],[-102.734353,34.952761],[-102.756135,35.021496],[-102.769616,35.091647],[-102.774645,35.162541],[-102.771153,35.233498],[-102.759149,35.303832],[-102.738729,35.372865],[-102.710068,35.439926],[-102.673425,35.504366],[-102.629139,35.565555],[-102.577623,35.622898],[-102.519368,35.675832],[-102.454931,35.72384],[-102.384934,35.766448],[-102.310059,35.803239],[-102.231035,35.833849],[-102.14864,35.857976],[-102.063683,35.875383],[-101.977003,35.885896],[-101.889457,35.889412]]]},"properties":{"siteId":"154","propertyType":"PSI Owned","category":"OO"}},{"type":"Feature","geometry":{"type":"Polygon","coordinates":[[[-97.066832,33.472006],[-96.981806,33.468492],[-96.897618,33.457987],[-96.8151,33.440594],[-96.735064,33.416485],[-96.658297,33.385896],[-96.58555,33.34913],[-96.517533,33.306548],[-96.454907,33.258568],[-96.398276,33.205661],[-96.348184,33.148345],[-96.305107,33.08718],[-96.269448,33.022761],[-96.241539,32.955717],[-96.221633,32.886697],[-96.209902,32.81637],[-96.206442,32.745416],[-96.211266,32.674518],[-96.224307,32.604358],[-96.245422,32.53561],[-96.27439,32.468931],[-96.310918,32.404958],[-96.354642,32.3443],[-96.405132,32.287536],[-96.461897,32.235202],[-96.524388,32.187796],[-96.592008,32.145765],[-96.664109,32.109507],[-96.740007,32.079364],[-96.818984,32.05562],[-96.900293,32.038498],[-96.983169,32.028161],[-97.066832,32.024704],[-97.150495,32.028161],[-97.233371,32.038498],[-97.314681,32.05562],[-97.393658,32.079364],[-97.469556,32.109507],[-97.541657,32.145765],[-97.609276,32.187796],[-97.671768,32.235202],[-97.728533,32.287536],[-97.779023,32.3443],[-97.822747,32.404958],[-97.859275,32.468931],[-97.888243,32.53561],[-97.909357,32.604358],[-97.922399,32.674518],[-97.927222,32.745416],[-97.923762,32.81637],[-97.912032,32.886697],[-97.892125,32.955717],[-97.864216,33.022761],[-97.828558,33.08718],[-97.78548,33.148345],[-97.735388,33.205661],[-97.678758,33.258568],[-97.616132,33.306548],[-97.548115,33.34913],[-97.475368,33.385896],[-97.3986,33.416485],[-97.318565,33.440594],[-97.236046,33.457987],[-97.151859,33.468492],[-97.066832,33.472006]]]},"properties":{"siteId":"10471","propertyType":"PSI Owned","category":"OO"}},{"type":"Feature","geometry":{"type":"Polygon","coordinates":[[[-97.735768,30.967352],[-97.653052,30.963842],[-97.571151,30.953345],[-97.49087,30.935964],[-97.412998,30.911872],[-97.3383,30.881305],[-97.267505,30.844563],[-97.201304,30.802007],[-97.140339,30.754054],[-97.085199,30.701174],[-97.036412,30.643883],[-96.994443,30.582741],[-96.959686,30.518344],[-96.932466,30.451316],[-96.91303,30.382308],[-96.90155,30.311989],[-96.898119,30.241037],[-96.902753,30.170136],[-96.91539,30.099968],[-96.935893,30.031207],[-96.964048,29.964511],[-96.999571,29.900517],[-97.042111,29.839835],[-97.091249,29.783045],[-97.146508,29.730684],[-97.207354,29.683251],[-97.273205,29.641195],[-97.343429,29.604914],[-97.417361,29.57475],[-97.494297,29.550989],[-97.573512,29.533855],[-97.654256,29.52351],[-97.735768,29.520051],[-97.817281,29.52351],[-97.898025,29.533855],[-97.977239,29.550989],[-98.054176,29.57475],[-98.128108,29.604914],[-98.198332,29.641195],[-98.264182,29.683251],[-98.325029,29.730684],[-98.380288,29.783045],[-98.429426,29.839835],[-98.471966,29.900517],[-98.507489,29.964511],[-98.535644,30.031207],[-98.556146,30.099968],[-98.568784,30.170136],[-98.573418,30.241037],[-98.569987,30.311989],[-98.558507,30.382308],[-98.539071,30.451316],[-98.511851,30.518344],[-98.477094,30.582741],[-98.435125,30.643883],[-98.386338,30.701174],[-98.331197,30.754054],[-98.270233,30.802007],[-98.204032,30.844563],[-98.133237,30.881305],[-98.058538,30.911872],[-97.980667,30.935964],[-97.900386,30.953345],[-97.818484,30.963842],[-97.735768,30.967352]]]},"properties":{"siteId":"19342","propertyType":"PSI Owned","category":"OO"}},{"type":"Feature","geometry":{"type":"Polygon","coordinates":[[[-97.678944,31.056435],[-97.596151,31.052924],[-97.514173,31.042427],[-97.433817,31.025046],[-97.355873,31.000953],[-97.281105,30.970385],[-97.210245,30.933642],[-97.143983,30.891085],[-97.082963,30.843132],[-97.027772,30.790251],[-96.978942,30.732959],[-96.936935,30.671817],[-96.902149,30.607418],[-96.874906,30.54039],[-96.855454,30.471382],[-96.843965,30.401062],[-96.840533,30.33011],[-96.845174,30.25921],[-96.857825,30.189042],[-96.878348,30.120281],[-96.90653,30.053585],[-96.942087,29.989592],[-96.984666,29.928912],[-97.033849,29.872122],[-97.089159,29.819762],[-97.150061,29.77233],[-97.21597,29.730275],[-97.286257,29.693994],[-97.360254,29.663832],[-97.437259,29.640071],[-97.516544,29.622938],[-97.597359,29.612593],[-97.678944,29.609133],[-97.760528,29.612593],[-97.841344,29.622938],[-97.920628,29.640071],[-97.997633,29.663832],[-98.07163,29.693994],[-98.141918,29.730275],[-98.207827,29.77233],[-98.268729,29.819762],[-98.324038,29.872122],[-98.373222,29.928912],[-98.415801,29.989592],[-98.451358,30.053585],[-98.47954,30.120281],[-98.500063,30.189042],[-98.512714,30.25921],[-98.517354,30.33011],[-98.513922,30.401062],[-98.502434,30.471382],[-98.482982,30.54039],[-98.455739,30.607418],[-98.420952,30.671817],[-98.378946,30.732959],[-98.330115,30.790251],[-98.274925,30.843132],[-98.213905,30.891085],[-98.147643,30.933642],[-98.076783,30.970385],[-98.002015,31.000953],[-97.924071,31.025046],[-97.843715,31.042427],[-97.761737,31.052924],[-97.678944,31.056435]]]},"properties":{"siteId":"13158","propertyType":"PSI Authorized","category":"3P"}},{"type":"Feature","geometry":{"type":"Polygon","coordinates":[[[-94.012094,30.677855],[-93.929627,30.674345],[-93.847972,30.663848],[-93.767932,30.64647],[-93.690294,30.622379],[-93.615818,30.591814],[-93.545234,30.555075],[-93.479229,30.512522],[-93.418443,30.464572],[-93.363463,30.411695],[-93.314816,30.354407],[-93.272966,30.293268],[-93.238307,30.228873],[-93.211161,30.161847],[-93.191775,30.092841],[-93.180322,30.022522],[-93.176894,29.951571],[-93.181508,29.880669],[-93.194102,29.810501],[-93.214538,29.741738],[-93.242605,29.675039],[-93.278021,29.611043],[-93.320432,29.550359],[-93.369425,29.493566],[-93.424522,29.441202],[-93.485191,29.393766],[-93.550851,29.351707],[-93.620873,29.315423],[-93.694593,29.285257],[-93.77131,29.261494],[-93.850299,29.244359],[-93.930814,29.234013],[-94.012094,29.230553],[-94.093375,29.234013],[-94.17389,29.244359],[-94.252879,29.261494],[-94.329596,29.285257],[-94.403315,29.315423],[-94.473338,29.351707],[-94.538998,29.393766],[-94.599667,29.441202],[-94.654764,29.493566],[-94.703756,29.550359],[-94.746168,29.611043],[-94.781584,29.675039],[-94.809651,29.741738],[-94.830087,29.810501],[-94.842681,29.880669],[-94.847295,29.951571],[-94.843867,30.022522],[-94.832413,30.092841],[-94.813028,30.161847],[-94.785882,30.228873],[-94.751223,30.293268],[-94.709373,30.354407],[-94.660726,30.411695],[-94.605746,30.464572],[-94.54496,30.512522],[-94.478955,30.555075],[-94.408371,30.591814],[-94.333895,30.622379],[-94.256257,30.64647],[-94.176217,30.663848],[-94.094561,30.674345],[-94.012094,30.677855]]]},"properties":{"siteId":"5486","propertyType":"PSI Authorized","category":"3P"}},{"type":"Feature","geometry":{"type":"Polygon","coordinates":[[[-96.322707,31.38674],[-96.239624,31.383229],[-96.157359,31.37273],[-96.076723,31.355348],[-95.998507,31.331253],[-95.92348,31.300682],[-95.852375,31.263936],[-95.785886,31.221376],[-95.724657,31.173418],[-95.66928,31.120534],[-95.620286,31.063239],[-95.57814,31.002093],[-95.543241,30.937692],[-95.515911,30.870662],[-95.4964,30.801652],[-95.484881,30.731332],[-95.481445,30.660379],[-95.486109,30.589479],[-95.498811,30.519313],[-95.519411,30.450553],[-95.547695,30.38386],[-95.583378,30.319869],[-95.626106,30.259192],[-95.675459,30.202405],[-95.730957,30.150049],[-95.792065,30.102621],[-95.858196,30.060569],[-95.928719,30.024291],[-96.002962,29.994131],[-96.080223,29.970373],[-96.15977,29.953241],[-96.240853,29.942897],[-96.322707,29.939438],[-96.404561,29.942897],[-96.485643,29.953241],[-96.565191,29.970373],[-96.642451,29.994131],[-96.716695,30.024291],[-96.787218,30.060569],[-96.853349,30.102621],[-96.914457,30.150049],[-96.969955,30.202405],[-97.019308,30.259192],[-97.062036,30.319869],[-97.097719,30.38386],[-97.126003,30.450553],[-97.146603,30.519313],[-97.159304,30.589479],[-97.163968,30.660379],[-97.160533,30.731332],[-97.149013,30.801652],[-97.129502,30.870662],[-97.102173,30.937692],[-97.067273,31.002093],[-97.025128,31.063239],[-96.976134,31.120534],[-96.920757,31.173418],[-96.859528,31.221376],[-96.793038,31.263936],[-96.721934,31.300682],[-96.646906,31.331253],[-96.568691,31.355348],[-96.488055,31.37273],[-96.40579,31.383229],[-96.322707,31.38674]]]},"properties":{"siteId":"17353","propertyType":"PSI Authorized","category":"3P"}},{"type":"Feature","geometry":{"type":"Polygon","coordinates":[[[-96.713069,31.247824],[-96.630108,31.244313],[-96.547964,31.233815],[-96.467447,31.216433],[-96.389346,31.192339],[-96.314428,31.161769],[-96.243427,31.125025],[-96.177034,31.082466],[-96.115893,31.03451],[-96.060595,30.981627],[-96.01167,30.924334],[-95.969583,30.863189],[-95.934731,30.798789],[-95.907438,30.73176],[-95.887952,30.662751],[-95.876446,30.592431],[-95.873012,30.521478],[-95.877666,30.450578],[-95.890346,30.380411],[-95.910913,30.311651],[-95.939154,30.244957],[-95.974784,30.180965],[-96.017449,30.120286],[-96.066731,30.063498],[-96.122149,30.011141],[-96.18317,29.963711],[-96.249207,29.921658],[-96.31963,29.885379],[-96.39377,29.855217],[-96.470923,29.831458],[-96.550359,29.814326],[-96.631329,29.803981],[-96.713069,29.800522],[-96.794809,29.803981],[-96.875778,29.814326],[-96.955215,29.831458],[-97.032367,29.855217],[-97.106507,29.885379],[-97.17693,29.921658],[-97.242967,29.963711],[-97.303988,30.011141],[-97.359407,30.063498],[-97.408688,30.120286],[-97.451353,30.180965],[-97.486983,30.244957],[-97.515224,30.311651],[-97.535791,30.380411],[-97.548471,30.450578],[-97.553125,30.521478],[-97.549691,30.592431],[-97.538185,30.662751],[-97.518699,30.73176],[-97.491406,30.798789],[-97.456554,30.863189],[-97.414467,30.924334],[-97.365542,30.981627],[-97.310244,31.03451],[-97.249103,31.082466],[-97.18271,31.125025],[-97.111709,31.161769],[-97.036791,31.192339],[-96.958691,31.216433],[-96.878173,31.233815],[-96.796029,31.244313],[-96.713069,31.247824]]]},"properties":{"siteId":"19109","propertyType":"PSI Authorized","category":"3P"}},{"type":"Feature","geometry":{"type":"Polygon","coordinates":[[[-97.419541,28.455813],[-97.338869,28.452305],[-97.258989,28.441815],[-97.180686,28.424447],[-97.104729,28.400371],[-97.03186,28.369824],[-96.962792,28.333105],[-96.898196,28.290574],[-96.838699,28.242647],[-96.784876,28.189792],[-96.737242,28.132526],[-96.696252,28.071407],[-96.662292,28.007029],[-96.635679,27.940017],[-96.616658,27.871022],[-96.605397,27.800709],[-96.601991,27.729759],[-96.606456,27.658856],[-96.618735,27.58868],[-96.638695,27.519906],[-96.66613,27.453194],[-96.700765,27.389179],[-96.742257,27.328476],[-96.7902,27.27166],[-96.844128,27.219275],[-96.903521,27.171816],[-96.967807,27.129736],[-97.036374,27.093432],[-97.108568,27.063249],[-97.183703,27.039472],[-97.261067,27.022326],[-97.339928,27.011973],[-97.419541,27.008511],[-97.499154,27.011973],[-97.578016,27.022326],[-97.65538,27.039472],[-97.730514,27.063249],[-97.802708,27.093432],[-97.871275,27.129736],[-97.935562,27.171816],[-97.994954,27.219275],[-98.048882,27.27166],[-98.096825,27.328476],[-98.138317,27.389179],[-98.172952,27.453194],[-98.200387,27.519906],[-98.220347,27.58868],[-98.232626,27.658856],[-98.237091,27.729759],[-98.233685,27.800709],[-98.222424,27.871022],[-98.203403,27.940017],[-98.176791,28.007029],[-98.142831,28.071407],[-98.10184,28.132526],[-98.054207,28.189792],[-98.000383,28.242647],[-97.940887,28.290574],[-97.876291,28.333105],[-97.807222,28.369824],[-97.734354,28.400371],[-97.658396,28.424447],[-97.580093,28.441815],[-97.500214,28.452305],[-97.419541,28.455813]]]},"properties":{"siteId":"15","propertyType":"PSI Owned","category":"OO"}},{"type":"Feature","geometry":{"type":"Polygon","coordinates":[[[-96.875158,33.548488],[-96.790056,33.544975],[-96.705794,33.534469],[-96.623203,33.517076],[-96.543097,33.492966],[-96.466262,33.462377],[-96.393451,33.42561],[-96.325375,33.383027],[-96.262695,33.335046],[-96.206017,33.282138],[-96.155882,33.224821],[-96.112768,33.163655],[-96.07708,33.099236],[-96.049149,33.032191],[-96.029227,32.963171],[-96.017489,32.892844],[-96.014028,32.821889],[-96.018857,32.750992],[-96.031912,32.680832],[-96.053046,32.612084],[-96.082041,32.545406],[-96.118601,32.481434],[-96.162364,32.420777],[-96.212898,32.364013],[-96.269712,32.31168],[-96.332257,32.264274],[-96.399934,32.222245],[-96.472096,32.185987],[-96.548058,32.155845],[-96.627102,32.132102],[-96.708479,32.11498],[-96.791425,32.104643],[-96.875158,32.101186],[-96.95889,32.104643],[-97.041836,32.11498],[-97.123214,32.132102],[-97.202257,32.155845],[-97.278219,32.185987],[-97.350381,32.222245],[-97.418058,32.264274],[-97.480603,32.31168],[-97.537417,32.364013],[-97.587951,32.420777],[-97.631714,32.481434],[-97.668274,32.545406],[-97.697269,32.612084],[-97.718403,32.680832],[-97.731458,32.750992],[-97.736288,32.821889],[-97.732826,32.892844],[-97.721088,32.963171],[-97.701166,33.032191],[-97.673235,33.099236],[-97.637547,33.163655],[-97.594433,33.224821],[-97.544299,33.282138],[-97.48762,33.335046],[-97.42494,33.383027],[-97.356864,33.42561],[-97.284053,33.462377],[-97.207219,33.492966],[-97.127112,33.517076],[-97.044521,33.534469],[-96.960259,33.544975],[-96.875158,33.548488]]]},"properties":{"siteId":"17233","propertyType":"PSI Authorized","category":"3P"}},{"type":"Feature","geometry":{"type":"Polygon","coordinates":[[[-96.875658,33.548488],[-96.790556,33.544975],[-96.706294,33.534469],[-96.623703,33.517076],[-96.543597,33.492966],[-96.466762,33.462377],[-96.393951,33.42561],[-96.325875,33.383027],[-96.263195,33.335046],[-96.206517,33.282138],[-96.156382,33.224821],[-96.113268,33.163655],[-96.07758,33.099236],[-96.049649,33.032191],[-96.029727,32.963171],[-96.017989,32.892844],[-96.014528,32.821889],[-96.019357,32.750992],[-96.032412,32.680832],[-96.053546,32.612084],[-96.082541,32.545406],[-96.119101,32.481434],[-96.162864,32.420777],[-96.213398,32.364013],[-96.270212,32.31168],[-96.332757,32.264274],[-96.400434,32.222245],[-96.472596,32.185987],[-96.548558,32.155845],[-96.627602,32.132102],[-96.708979,32.11498],[-96.791925,32.104643],[-96.875658,32.101186],[-96.95939,32.104643],[-97.042336,32.11498],[-97.123714,32.132102],[-97.202757,32.155845],[-97.278719,32.185987],[-97.350881,32.222245],[-97.418558,32.264274],[-97.481103,32.31168],[-97.537917,32.364013],[-97.588451,32.420777],[-97.632214,32.481434],[-97.668774,32.545406],[-97.697769,32.612084],[-97.718903,32.680832],[-97.731958,32.750992],[-97.736788,32.821889],[-97.733326,32.892844],[-97.721588,32.963171],[-97.701666,33.032191],[-97.673735,33.099236],[-97.638047,33.163655],[-97.594933,33.224821],[-97.544799,33.282138],[-97.48812,33.335046],[-97.42544,33.383027],[-97.357364,33.42561],[-97.284553,33.462377],[-97.207719,33.492966],[-97.127612,33.517076],[-97.045021,33.534469],[-96.960759,33.544975],[-96.875658,33.548488]]]},"properties":{"siteId":"10220","propertyType":"MG TESTING","category":"3P"}},{"type":"Feature","geometry":{"type":"Polygon","coordinates":[[[-96.636172,34.428894],[-96.550184,34.42538],[-96.465045,34.414872],[-96.381597,34.397474],[-96.30066,34.373357],[-96.223032,34.34276],[-96.149472,34.305985],[-96.0807,34.263392],[-96.017383,34.215402],[-95.960133,34.162484],[-95.909497,34.105157],[-95.865958,34.043983],[-95.829924,33.979556],[-95.801729,33.912505],[-95.781626,33.84348],[-95.769791,33.77315],[-95.766319,33.702195],[-95.771221,33.631299],[-95.78443,33.561142],[-95.8058,33.492399],[-95.835106,33.425727],[-95.872051,33.361762],[-95.916268,33.301114],[-95.96732,33.24436],[-96.024712,33.192037],[-96.087888,33.144641],[-96.156244,33.10262],[-96.229126,33.066372],[-96.305843,33.036237],[-96.385669,33.012499],[-96.46785,32.995383],[-96.551614,32.985048],[-96.636172,32.981593],[-96.72073,32.985048],[-96.804494,32.995383],[-96.886675,33.012499],[-96.966501,33.036237],[-97.043218,33.066372],[-97.1161,33.10262],[-97.184456,33.144641],[-97.247632,33.192037],[-97.305024,33.24436],[-97.356076,33.301114],[-97.400293,33.361762],[-97.437238,33.425727],[-97.466544,33.492399],[-97.487914,33.561142],[-97.501123,33.631299],[-97.506025,33.702195],[-97.502553,33.77315],[-97.490718,33.84348],[-97.470616,33.912505],[-97.44242,33.979556],[-97.406386,34.043983],[-97.362847,34.105157],[-97.312211,34.162484],[-97.254961,34.215402],[-97.191644,34.263392],[-97.122872,34.305985],[-97.049312,34.34276],[-96.971684,34.373357],[-96.890747,34.397474],[-96.807299,34.414872],[-96.72216,34.42538],[-96.636172,34.428894]]]},"properties":{"siteId":"13582","propertyType":"PSI Authorized","category":"3P"}},{"type":"Feature","geometry":{"type":"Polygon","coordinates":[[[-106.303855,32.468476],[-106.219789,32.464964],[-106.136552,32.454462],[-106.054963,32.437074],[-105.975827,32.412972],[-105.89992,32.382392],[-105.827984,32.345635],[-105.760722,32.303064],[-105.698787,32.255095],[-105.642776,32.202199],[-105.593226,32.144893],[-105.550609,32.083737],[-105.515326,32.019327],[-105.487704,31.95229],[-105.467993,31.883275],[-105.456367,31.812951],[-105.452919,31.741998],[-105.457664,31.671099],[-105.470537,31.600936],[-105.491397,31.532182],[-105.520028,31.465496],[-105.556138,31.401514],[-105.59937,31.340847],[-105.649298,31.284072],[-105.705437,31.231727],[-105.767244,31.18431],[-105.834128,31.142269],[-105.905449,31.106002],[-105.98053,31.07585],[-106.058658,31.052099],[-106.139097,31.034973],[-106.221086,31.024632],[-106.303855,31.021174],[-106.386624,31.024632],[-106.468614,31.034973],[-106.549052,31.052099],[-106.627181,31.07585],[-106.702261,31.106002],[-106.773582,31.142269],[-106.840466,31.18431],[-106.902274,31.231727],[-106.958413,31.284072],[-107.008341,31.340847],[-107.051572,31.401514],[-107.087683,31.465496],[-107.116313,31.532182],[-107.137173,31.600936],[-107.150047,31.671099],[-107.154792,31.741998],[-107.151344,31.812951],[-107.139718,31.883275],[-107.120007,31.95229],[-107.092384,32.019327],[-107.057101,32.083737],[-107.014484,32.144893],[-106.964934,32.202199],[-106.908923,32.255095],[-106.846988,32.303064],[-106.779726,32.345635],[-106.70779,32.382392],[-106.631883,32.412972],[-106.552747,32.437074],[-106.471159,32.454462],[-106.387921,32.464964],[-106.303855,32.468476]]]},"properties":{"siteId":"11859","propertyType":"PSI Authorized","category":"3P"}},{"type":"Feature","geometry":{"type":"Polygon","coordinates":[[[-97.369408,33.367289],[-97.284484,33.363776],[-97.200398,33.353272],[-97.117979,33.335879],[-97.038039,33.31177],[-96.961364,33.281183],[-96.888703,33.244418],[-96.820767,33.201837],[-96.758215,33.153858],[-96.70165,33.100952],[-96.651616,33.043637],[-96.608587,32.982472],[-96.572969,32.918055],[-96.545091,32.851011],[-96.525205,32.781992],[-96.513486,32.711665],[-96.510027,32.640711],[-96.514842,32.569813],[-96.527866,32.499653],[-96.548953,32.430904],[-96.577885,32.364225],[-96.614369,32.300251],[-96.65804,32.239592],[-96.70847,32.182826],[-96.765168,32.130491],[-96.827587,32.083084],[-96.895128,32.041052],[-96.967146,32.004793],[-97.042957,31.974649],[-97.121843,31.950905],[-97.203059,31.933783],[-97.285841,31.923445],[-97.369408,31.919988],[-97.452976,31.923445],[-97.535757,31.933783],[-97.616974,31.950905],[-97.69586,31.974649],[-97.771671,32.004793],[-97.843689,32.041052],[-97.91123,32.083084],[-97.973649,32.130491],[-98.030347,32.182826],[-98.080777,32.239592],[-98.124448,32.300251],[-98.160931,32.364225],[-98.189863,32.430904],[-98.210951,32.499653],[-98.223975,32.569813],[-98.22879,32.640711],[-98.225331,32.711665],[-98.213612,32.781992],[-98.193726,32.851011],[-98.165848,32.918055],[-98.130229,32.982472],[-98.087201,33.043637],[-98.037167,33.100952],[-97.980602,33.153858],[-97.91805,33.201837],[-97.850114,33.244418],[-97.777453,33.281183],[-97.700778,33.31177],[-97.620838,33.335879],[-97.538419,33.353272],[-97.454333,33.363776],[-97.369408,33.367289]]]},"properties":{"siteId":"18","propertyType":"PSI Owned","category":"OO"}},{"type":"Feature","geometry":{"type":"Polygon","coordinates":[[[-97.321022,33.410014],[-97.236056,33.406501],[-97.151928,33.395996],[-97.069469,33.378603],[-96.98949,33.354494],[-96.912777,33.323906],[-96.840081,33.287141],[-96.772112,33.244559],[-96.70953,33.19658],[-96.652939,33.143674],[-96.602881,33.086358],[-96.559832,33.025193],[-96.524198,32.960775],[-96.496307,32.893731],[-96.476413,32.824712],[-96.464689,32.754385],[-96.461229,32.683431],[-96.466048,32.612533],[-96.479079,32.542373],[-96.500178,32.473625],[-96.529124,32.406945],[-96.565626,32.342971],[-96.609318,32.282313],[-96.659773,32.225548],[-96.716498,32.173214],[-96.778947,32.125807],[-96.846519,32.083775],[-96.918571,32.047517],[-96.994418,32.017373],[-97.073341,31.993629],[-97.154595,31.976507],[-97.237415,31.966169],[-97.321022,31.962712],[-97.404628,31.966169],[-97.487448,31.976507],[-97.568703,31.993629],[-97.647626,32.017373],[-97.723472,32.047517],[-97.795524,32.083775],[-97.863097,32.125807],[-97.925545,32.173214],[-97.982271,32.225548],[-98.032725,32.282313],[-98.076418,32.342971],[-98.112919,32.406945],[-98.141866,32.473625],[-98.162965,32.542373],[-98.175995,32.612533],[-98.180814,32.683431],[-98.177355,32.754385],[-98.165631,32.824712],[-98.145737,32.893731],[-98.117846,32.960775],[-98.082211,33.025193],[-98.039163,33.086358],[-97.989105,33.143674],[-97.932514,33.19658],[-97.869931,33.244559],[-97.801962,33.287141],[-97.729267,33.323906],[-97.652553,33.354494],[-97.572574,33.378603],[-97.490115,33.395996],[-97.405988,33.406501],[-97.321022,33.410014]]]},"properties":{"siteId":"12300","propertyType":"MG TESTING","category":"3P"}},{"type":"Feature","geometry":{"type":"Polygon","coordinates":[[[-96.848238,33.889046],[-96.762798,33.885532],[-96.678201,33.875026],[-96.595283,33.857631],[-96.51486,33.833518],[-96.437722,33.802926],[-96.364626,33.766156],[-96.296284,33.723569],[-96.233361,33.675585],[-96.176464,33.622673],[-96.126138,33.565352],[-96.082862,33.504183],[-96.047042,33.439761],[-96.01901,33.372713],[-95.999019,33.303691],[-95.987244,33.233363],[-95.983779,33.162409],[-95.988636,33.091512],[-96.00175,33.021353],[-96.022974,32.952607],[-96.052087,32.885931],[-96.088795,32.821962],[-96.13273,32.761308],[-96.183462,32.704548],[-96.240497,32.652219],[-96.303283,32.604817],[-96.371219,32.562791],[-96.443656,32.526537],[-96.519906,32.496397],[-96.599248,32.472656],[-96.680932,32.455537],[-96.76419,32.445201],[-96.848238,32.441744],[-96.932286,32.445201],[-97.015543,32.455537],[-97.097228,32.472656],[-97.17657,32.496397],[-97.25282,32.526537],[-97.325257,32.562791],[-97.393193,32.604817],[-97.455979,32.652219],[-97.513014,32.704548],[-97.563745,32.761308],[-97.607681,32.821962],[-97.644388,32.885931],[-97.673502,32.952607],[-97.694726,33.021353],[-97.70784,33.091512],[-97.712697,33.162409],[-97.709232,33.233363],[-97.697457,33.303691],[-97.677466,33.372713],[-97.649434,33.439761],[-97.613614,33.504183],[-97.570338,33.565352],[-97.520012,33.622673],[-97.463115,33.675585],[-97.400192,33.723569],[-97.33185,33.766156],[-97.258754,33.802926],[-97.181616,33.833518],[-97.101193,33.857631],[-97.018274,33.875026],[-96.933678,33.885532],[-96.848238,33.889046]]]},"properties":{"siteId":"18991","propertyType":"PSI Authorized","category":"3P"}},{"type":"Feature","geometry":{"type":"Polygon","coordinates":[[[-97.755835,32.962356],[-97.671302,32.958844],[-97.587603,32.94834],[-97.505563,32.93095],[-97.42599,32.906844],[-97.349664,32.87626],[-97.277335,32.839499],[-97.209706,32.796922],[-97.147435,32.748948],[-97.091123,32.696047],[-97.04131,32.638736],[-96.998469,32.577575],[-96.963003,32.513161],[-96.935242,32.44612],[-96.915436,32.377103],[-96.903759,32.306777],[-96.900305,32.235824],[-96.905088,32.164925],[-96.918043,32.094764],[-96.939027,32.026013],[-96.967822,31.95933],[-97.004135,31.895353],[-97.047606,31.83469],[-97.097807,31.77792],[-97.15425,31.725581],[-97.21639,31.678169],[-97.283631,31.636133],[-97.355331,31.59987],[-97.430809,31.569723],[-97.50935,31.545975],[-97.590212,31.528851],[-97.672632,31.518512],[-97.755835,31.515055],[-97.839038,31.518512],[-97.921459,31.528851],[-98.00232,31.545975],[-98.080861,31.569723],[-98.156339,31.59987],[-98.228039,31.636133],[-98.29528,31.678169],[-98.35742,31.725581],[-98.413864,31.77792],[-98.464065,31.83469],[-98.507535,31.895353],[-98.543849,31.95933],[-98.572643,32.026013],[-98.593627,32.094764],[-98.606582,32.164925],[-98.611365,32.235824],[-98.607911,32.306777],[-98.596235,32.377103],[-98.576429,32.44612],[-98.548667,32.513161],[-98.513202,32.577575],[-98.470361,32.638736],[-98.420548,32.696047],[-98.364236,32.748948],[-98.301965,32.796922],[-98.234336,32.839499],[-98.162006,32.87626],[-98.085681,32.906844],[-98.006107,32.93095],[-97.924067,32.94834],[-97.840368,32.958844],[-97.755835,32.962356]]]},"properties":{"siteId":"11384","propertyType":"PSI Authorized","category":"3P"}},{"type":"Feature","geometry":{"type":"Polygon","coordinates":[[[-97.678915,26.922697],[-97.599367,26.919191],[-97.5206,26.908706],[-97.443386,26.891345],[-97.368482,26.867279],[-97.29662,26.836743],[-97.228501,26.800038],[-97.164789,26.757521],[-97.1061,26.709609],[-97.053,26.65677],[-97.006001,26.599518],[-96.965548,26.538412],[-96.932026,26.474046],[-96.905747,26.407043],[-96.886953,26.338055],[-96.875812,26.267747],[-96.872418,26.196798],[-96.87679,26.125893],[-96.888871,26.055713],[-96.908531,25.986932],[-96.93557,25.920209],[-96.969715,25.856183],[-97.010631,25.795466],[-97.057916,25.738636],[-97.111112,25.686236],[-97.169705,25.638762],[-97.233132,25.596667],[-97.300788,25.56035],[-97.372026,25.530156],[-97.446171,25.506369],[-97.522518,25.489216],[-97.600345,25.478859],[-97.678915,25.475396],[-97.757484,25.478859],[-97.835311,25.489216],[-97.911658,25.506369],[-97.985803,25.530156],[-98.057041,25.56035],[-98.124697,25.596667],[-98.188124,25.638762],[-98.246717,25.686236],[-98.299913,25.738636],[-98.347198,25.795466],[-98.388114,25.856183],[-98.42226,25.920209],[-98.449298,25.986932],[-98.468959,26.055713],[-98.481039,26.125893],[-98.485411,26.196798],[-98.482017,26.267747],[-98.470876,26.338055],[-98.452082,26.407043],[-98.425803,26.474046],[-98.392281,26.538412],[-98.351829,26.599518],[-98.304829,26.65677],[-98.25173,26.709609],[-98.19304,26.757521],[-98.129328,26.800038],[-98.061209,26.836743],[-97.989347,26.867279],[-97.914443,26.891345],[-97.837229,26.908706],[-97.758462,26.919191],[-97.678915,26.922697]]]},"properties":{"siteId":"12303","propertyType":"PSI Authorized","category":"3P"}},{"type":"Feature","geometry":{"type":"Polygon","coordinates":[[[-97.787177,26.908655],[-97.70764,26.905148],[-97.628883,26.894663],[-97.551678,26.877303],[-97.476783,26.853237],[-97.40493,26.822701],[-97.33682,26.785995],[-97.273115,26.743479],[-97.214433,26.695567],[-97.16134,26.642728],[-97.114346,26.585477],[-97.073898,26.524371],[-97.04038,26.460004],[-97.014104,26.393002],[-96.995312,26.324013],[-96.984172,26.253705],[-96.980778,26.182757],[-96.985149,26.111851],[-96.997228,26.041671],[-97.016886,25.97289],[-97.043921,25.906168],[-97.078062,25.842142],[-97.118973,25.781424],[-97.166252,25.724594],[-97.219442,25.672194],[-97.278027,25.62472],[-97.341447,25.582625],[-97.409095,25.546308],[-97.480325,25.516113],[-97.554461,25.492327],[-97.630799,25.475174],[-97.708617,25.464816],[-97.787177,25.461353],[-97.865738,25.464816],[-97.943556,25.475174],[-98.019894,25.492327],[-98.09403,25.516113],[-98.16526,25.546308],[-98.232908,25.582625],[-98.296328,25.62472],[-98.354913,25.672194],[-98.408103,25.724594],[-98.455382,25.781424],[-98.496293,25.842142],[-98.530434,25.906168],[-98.557469,25.97289],[-98.577127,26.041671],[-98.589206,26.111851],[-98.593577,26.182757],[-98.590183,26.253705],[-98.579043,26.324013],[-98.560251,26.393002],[-98.533975,26.460004],[-98.500457,26.524371],[-98.460009,26.585477],[-98.413015,26.642728],[-98.359922,26.695567],[-98.30124,26.743479],[-98.237535,26.785995],[-98.169425,26.822701],[-98.097572,26.853237],[-98.022677,26.877303],[-97.945472,26.894663],[-97.866715,26.905148],[-97.787177,26.908655]]]},"properties":{"siteId":"5495","propertyType":"PSI Authorized","category":"3P"}},{"type":"Feature","geometry":{"type":"Polygon","coordinates":[[[-95.584683,30.651575],[-95.502238,30.648065],[-95.420605,30.637569],[-95.340587,30.62019],[-95.26297,30.5961],[-95.188514,30.565535],[-95.117949,30.528796],[-95.051961,30.486243],[-94.991191,30.438293],[-94.936226,30.385417],[-94.887592,30.328129],[-94.845753,30.26699],[-94.811102,30.202595],[-94.783963,30.13557],[-94.764582,30.066564],[-94.753131,29.996245],[-94.749704,29.925293],[-94.754315,29.854392],[-94.766905,29.784223],[-94.787336,29.71546],[-94.815395,29.648762],[-94.850801,29.584765],[-94.893201,29.524081],[-94.94218,29.467287],[-94.997263,29.414924],[-95.057916,29.367487],[-95.123558,29.325428],[-95.193563,29.289144],[-95.267263,29.258978],[-95.343961,29.235215],[-95.422929,29.218079],[-95.503423,29.207733],[-95.584683,29.204273],[-95.665943,29.207733],[-95.746437,29.218079],[-95.825406,29.235215],[-95.902103,29.258978],[-95.975803,29.289144],[-96.045808,29.325428],[-96.11145,29.367487],[-96.172104,29.414924],[-96.227186,29.467287],[-96.276165,29.524081],[-96.318566,29.584765],[-96.353971,29.648762],[-96.382031,29.71546],[-96.402461,29.784223],[-96.415051,29.854392],[-96.419663,29.925293],[-96.416235,29.996245],[-96.404784,30.066564],[-96.385403,30.13557],[-96.358264,30.202595],[-96.323613,30.26699],[-96.281774,30.328129],[-96.23314,30.385417],[-96.178175,30.438293],[-96.117405,30.486243],[-96.051417,30.528796],[-95.980852,30.565535],[-95.906396,30.5961],[-95.828779,30.62019],[-95.748761,30.637569],[-95.667128,30.648065],[-95.584683,30.651575]]]},"properties":{"siteId":"10224","propertyType":"PSI Authorized","category":"3P"}},{"type":"Feature","geometry":{"type":"Polygon","coordinates":[[[-95.45091,30.527831],[-95.36857,30.524321],[-95.287041,30.513825],[-95.207125,30.496447],[-95.129606,30.472358],[-95.055245,30.441794],[-94.984768,30.405056],[-94.918863,30.362504],[-94.858169,30.314556],[-94.803271,30.261681],[-94.754697,30.204395],[-94.712908,30.143257],[-94.678298,30.078863],[-94.65119,30.011838],[-94.631831,29.942832],[-94.620391,29.872514],[-94.616965,29.801563],[-94.621568,29.730661],[-94.634139,29.660492],[-94.654542,29.591728],[-94.682564,29.525029],[-94.717924,29.461031],[-94.760271,29.400346],[-94.809188,29.343551],[-94.864202,29.291186],[-94.924781,29.243749],[-94.990343,29.201688],[-95.060262,29.165403],[-95.133873,29.135236],[-95.210477,29.111472],[-95.28935,29.094336],[-95.369747,29.083989],[-95.45091,29.080529],[-95.532072,29.083989],[-95.612469,29.094336],[-95.691342,29.111472],[-95.767947,29.135236],[-95.841558,29.165403],[-95.911477,29.201688],[-95.977039,29.243749],[-96.037617,29.291186],[-96.092631,29.343551],[-96.141549,29.400346],[-96.183895,29.461031],[-96.219255,29.525029],[-96.247277,29.591728],[-96.26768,29.660492],[-96.280251,29.730661],[-96.284854,29.801563],[-96.281428,29.872514],[-96.269989,29.942832],[-96.250629,30.011838],[-96.223521,30.078863],[-96.188912,30.143257],[-96.147123,30.204395],[-96.098548,30.261681],[-96.043651,30.314556],[-95.982956,30.362504],[-95.917051,30.405056],[-95.846575,30.441794],[-95.772213,30.472358],[-95.694695,30.496447],[-95.614778,30.513825],[-95.533249,30.524321],[-95.45091,30.527831]]]},"properties":{"siteId":"160","propertyType":"PSI Owned","category":"OO"}},{"type":"Feature","geometry":{"type":"Polygon","coordinates":[[[-95.273466,30.522366],[-95.191131,30.518856],[-95.109606,30.50836],[-95.029694,30.490982],[-94.95218,30.466893],[-94.877823,30.436329],[-94.80735,30.399591],[-94.741449,30.35704],[-94.680758,30.309091],[-94.625863,30.256216],[-94.577291,30.19893],[-94.535505,30.137792],[-94.500897,30.073398],[-94.47379,30.006373],[-94.454432,29.937368],[-94.442993,29.86705],[-94.439566,29.796098],[-94.444169,29.725197],[-94.45674,29.655028],[-94.477141,29.586264],[-94.505162,29.519565],[-94.540519,29.455567],[-94.582864,29.394882],[-94.631779,29.338086],[-94.686789,29.285722],[-94.747365,29.238284],[-94.812923,29.196223],[-94.882838,29.159938],[-94.956445,29.129771],[-95.033046,29.106007],[-95.111915,29.088871],[-95.192308,29.078524],[-95.273466,29.075064],[-95.354623,29.078524],[-95.435016,29.088871],[-95.513885,29.106007],[-95.590486,29.129771],[-95.664093,29.159938],[-95.734008,29.196223],[-95.799566,29.238284],[-95.860142,29.285722],[-95.915152,29.338086],[-95.964068,29.394882],[-96.006412,29.455567],[-96.041769,29.519565],[-96.06979,29.586264],[-96.090191,29.655028],[-96.102762,29.725197],[-96.107365,29.796098],[-96.103939,29.86705],[-96.092499,29.937368],[-96.073141,30.006373],[-96.046034,30.073398],[-96.011427,30.137792],[-95.96964,30.19893],[-95.921068,30.256216],[-95.866174,30.309091],[-95.805483,30.35704],[-95.739581,30.399591],[-95.669108,30.436329],[-95.594751,30.466893],[-95.517237,30.490982],[-95.437325,30.50836],[-95.3558,30.518856],[-95.273466,30.522366]]]},"properties":{"siteId":"10218","propertyType":"MG TESTING","category":"3P"}},{"type":"Feature","geometry":{"type":"Polygon","coordinates":[[[-95.231913,30.497025],[-95.1496,30.493515],[-95.068097,30.48302],[-94.988205,30.465642],[-94.910711,30.441553],[-94.836373,30.410989],[-94.765919,30.374251],[-94.700034,30.3317],[-94.639358,30.283752],[-94.584477,30.230877],[-94.535918,30.173591],[-94.494141,30.112454],[-94.459542,30.04806],[-94.432442,29.981035],[-94.413088,29.91203],[-94.401651,29.841712],[-94.398225,29.77076],[-94.402826,29.699859],[-94.415393,29.62969],[-94.435788,29.560926],[-94.463801,29.494226],[-94.49915,29.430228],[-94.541483,29.369543],[-94.590386,29.312747],[-94.645382,29.260382],[-94.705942,29.212944],[-94.771484,29.170884],[-94.841382,29.134598],[-94.914971,29.104431],[-94.991553,29.080667],[-95.070402,29.06353],[-95.150775,29.053183],[-95.231913,29.049724],[-95.313051,29.053183],[-95.393424,29.06353],[-95.472274,29.080667],[-95.548855,29.104431],[-95.622444,29.134598],[-95.692342,29.170884],[-95.757884,29.212944],[-95.818444,29.260382],[-95.873441,29.312747],[-95.922343,29.369543],[-95.964676,29.430228],[-96.000025,29.494226],[-96.028038,29.560926],[-96.048433,29.62969],[-96.061,29.699859],[-96.065601,29.77076],[-96.062175,29.841712],[-96.050739,29.91203],[-96.031384,29.981035],[-96.004284,30.04806],[-95.969685,30.112454],[-95.927908,30.173591],[-95.879349,30.230877],[-95.824468,30.283752],[-95.763792,30.3317],[-95.697908,30.374251],[-95.627453,30.410989],[-95.553115,30.441553],[-95.475621,30.465642],[-95.39573,30.48302],[-95.314226,30.493515],[-95.231913,30.497025]]]},"properties":{"siteId":"13334","propertyType":"PSI Authorized","category":"3P"}},{"type":"Feature","geometry":{"type":"Polygon","coordinates":[[[-95.389335,30.661967],[-95.306881,30.658457],[-95.225239,30.64796],[-95.145212,30.630582],[-95.067587,30.606491],[-94.993123,30.575927],[-94.92255,30.539187],[-94.856556,30.496634],[-94.795779,30.448685],[-94.740808,30.395808],[-94.69217,30.33852],[-94.650326,30.277381],[-94.615672,30.212986],[-94.58853,30.14596],[-94.569147,30.076954],[-94.557695,30.006636],[-94.554268,29.935684],[-94.55888,29.864783],[-94.571472,29.794614],[-94.591904,29.725851],[-94.619967,29.659153],[-94.655376,29.595156],[-94.697781,29.534472],[-94.746766,29.477678],[-94.801854,29.425315],[-94.862514,29.377879],[-94.928163,29.33582],[-94.998174,29.299535],[-95.071882,29.269369],[-95.148588,29.245607],[-95.227564,29.228471],[-95.308066,29.218125],[-95.389335,29.214665],[-95.470603,29.218125],[-95.551105,29.228471],[-95.630081,29.245607],[-95.706787,29.269369],[-95.780495,29.299535],[-95.850506,29.33582],[-95.916155,29.377879],[-95.976815,29.425315],[-96.031903,29.477678],[-96.080888,29.534472],[-96.123293,29.595156],[-96.158702,29.659153],[-96.186765,29.725851],[-96.207197,29.794614],[-96.219789,29.864783],[-96.224401,29.935684],[-96.220974,30.006636],[-96.209522,30.076954],[-96.190139,30.14596],[-96.162997,30.212986],[-96.128343,30.277381],[-96.0865,30.33852],[-96.037861,30.395808],[-95.98289,30.448685],[-95.922113,30.496634],[-95.856119,30.539187],[-95.785546,30.575927],[-95.711082,30.606491],[-95.633457,30.630582],[-95.55343,30.64796],[-95.471788,30.658457],[-95.389335,30.661967]]]},"properties":{"siteId":"13333","propertyType":"PSI Authorized","category":"3P"}},{"type":"Feature","geometry":{"type":"Polygon","coordinates":[[[-95.44907,29.766699],[-95.367363,29.76319],[-95.28646,29.752696],[-95.207156,29.735322],[-95.13023,29.711238],[-95.056435,29.68068],[-94.986493,29.643949],[-94.921085,29.601405],[-94.860845,29.553465],[-94.806356,29.500597],[-94.758138,29.443318],[-94.716653,29.382187],[-94.68229,29.317799],[-94.65537,29.250779],[-94.636139,29.181778],[-94.624768,29.111462],[-94.621349,29.040511],[-94.6259,28.969608],[-94.638361,28.899437],[-94.658595,28.83067],[-94.686395,28.763965],[-94.721479,28.699961],[-94.763502,28.639269],[-94.812049,28.582467],[-94.866651,28.530094],[-94.926779,28.482649],[-94.991857,28.440581],[-95.061263,28.404288],[-95.134335,28.374115],[-95.210382,28.350347],[-95.288682,28.333207],[-95.368496,28.322858],[-95.44907,28.319397],[-95.529644,28.322858],[-95.609457,28.333207],[-95.687758,28.350347],[-95.763804,28.374115],[-95.836877,28.404288],[-95.906282,28.440581],[-95.97136,28.482649],[-96.031489,28.530094],[-96.08609,28.582467],[-96.134638,28.639269],[-96.17666,28.699961],[-96.211745,28.763965],[-96.239544,28.83067],[-96.259779,28.899437],[-96.272239,28.969608],[-96.27679,29.040511],[-96.273372,29.111462],[-96.262,29.181778],[-96.242769,29.250779],[-96.215849,29.317799],[-96.181487,29.382187],[-96.140001,29.443318],[-96.091784,29.500597],[-96.037294,29.553465],[-95.977054,29.601405],[-95.911646,29.643949],[-95.841704,29.68068],[-95.767909,29.711238],[-95.690983,29.735322],[-95.611679,29.752696],[-95.530776,29.76319],[-95.44907,29.766699]]]},"properties":{"siteId":"18779","propertyType":"PSI Authorized","category":"3P"}},{"type":"Feature","geometry":{"type":"Polygon","coordinates":[[[-99.432767,28.297684],[-99.352215,28.294176],[-99.272454,28.283687],[-99.194268,28.26632],[-99.118423,28.242245],[-99.045661,28.211699],[-98.976694,28.174981],[-98.912193,28.132451],[-98.852783,28.084526],[-98.799037,28.031673],[-98.751471,27.974408],[-98.710538,27.913291],[-98.676625,27.848914],[-98.650048,27.781903],[-98.631051,27.712908],[-98.619803,27.642596],[-98.616398,27.571647],[-98.620854,27.500743],[-98.633111,27.430567],[-98.653039,27.361792],[-98.680432,27.295078],[-98.715015,27.231063],[-98.756445,27.170358],[-98.804318,27.113541],[-98.858167,27.061154],[-98.917474,27.013694],[-98.981669,26.971612],[-99.050139,26.935306],[-99.122231,26.905122],[-99.197259,26.881344],[-99.274515,26.864197],[-99.353265,26.853844],[-99.432767,26.850382],[-99.512269,26.853844],[-99.591019,26.864197],[-99.668275,26.881344],[-99.743304,26.905122],[-99.815395,26.935306],[-99.883865,26.971612],[-99.94806,27.013694],[-100.007367,27.061154],[-100.061216,27.113541],[-100.109089,27.170358],[-100.150519,27.231063],[-100.185102,27.295078],[-100.212495,27.361792],[-100.232423,27.430567],[-100.244681,27.500743],[-100.249136,27.571647],[-100.245731,27.642596],[-100.234483,27.712908],[-100.215486,27.781903],[-100.188909,27.848914],[-100.154996,27.913291],[-100.114064,27.974408],[-100.066497,28.031673],[-100.012751,28.084526],[-99.953341,28.132451],[-99.88884,28.174981],[-99.819873,28.211699],[-99.747111,28.242245],[-99.671266,28.26632],[-99.59308,28.283687],[-99.513319,28.294176],[-99.432767,28.297684]]]},"properties":{"siteId":"6322","propertyType":"TD TESTING","category":"3P"}},{"type":"Feature","geometry":{"type":"Polygon","coordinates":[[[-97.010693,33.746533],[-96.925395,33.74302],[-96.84094,33.732514],[-96.758159,33.715119],[-96.677869,33.691007],[-96.600859,33.660417],[-96.527883,33.623648],[-96.459653,33.581063],[-96.396832,33.53308],[-96.340026,33.48017],[-96.289781,33.422851],[-96.246573,33.361683],[-96.210809,33.297262],[-96.182819,33.230215],[-96.162857,33.161194],[-96.151098,33.090866],[-96.147634,33.019912],[-96.15248,32.949015],[-96.165568,32.878856],[-96.186755,32.810109],[-96.215819,32.743432],[-96.252464,32.679461],[-96.296327,32.618807],[-96.346976,32.562045],[-96.403917,32.509714],[-96.466602,32.462311],[-96.534429,32.420283],[-96.606751,32.384028],[-96.68288,32.353887],[-96.762096,32.330145],[-96.843651,32.313025],[-96.926778,32.302688],[-97.010693,32.299231],[-97.094609,32.302688],[-97.177735,32.313025],[-97.25929,32.330145],[-97.338507,32.353887],[-97.414636,32.384028],[-97.486957,32.420283],[-97.554784,32.462311],[-97.617469,32.509714],[-97.674411,32.562045],[-97.72506,32.618807],[-97.768922,32.679461],[-97.805568,32.743432],[-97.834631,32.810109],[-97.855818,32.878856],[-97.868907,32.949015],[-97.873752,33.019912],[-97.870289,33.090866],[-97.858529,33.161194],[-97.838567,33.230215],[-97.810578,33.297262],[-97.774813,33.361683],[-97.731605,33.422851],[-97.68136,33.48017],[-97.624555,33.53308],[-97.561734,33.581063],[-97.493504,33.623648],[-97.420528,33.660417],[-97.343517,33.691007],[-97.263227,33.715119],[-97.180447,33.732514],[-97.095991,33.74302],[-97.010693,33.746533]]]},"properties":{"siteId":"10226","propertyType":"PSI Authorized","category":"3P"}},{"type":"Feature","geometry":{"type":"Polygon","coordinates":[[[-101.905411,34.24334],[-101.819613,34.239826],[-101.734662,34.229318],[-101.651397,34.211921],[-101.570639,34.187806],[-101.49318,34.15721],[-101.419782,34.120437],[-101.351159,34.077846],[-101.287978,34.029858],[-101.23085,33.976942],[-101.180322,33.919618],[-101.136874,33.858445],[-101.100915,33.79402],[-101.072776,33.72697],[-101.052712,33.657946],[-101.040898,33.587617],[-101.037428,33.516662],[-101.042314,33.445765],[-101.05549,33.375608],[-101.076809,33.306864],[-101.106049,33.24019],[-101.142912,33.176224],[-101.187031,33.115574],[-101.237972,33.058818],[-101.29524,33.006493],[-101.358281,32.959095],[-101.426491,32.917072],[-101.499219,32.880822],[-101.575774,32.850685],[-101.655432,32.826947],[-101.737441,32.809829],[-101.82103,32.799494],[-101.905411,32.796038],[-101.989792,32.799494],[-102.07338,32.809829],[-102.155389,32.826947],[-102.235047,32.850685],[-102.311602,32.880822],[-102.38433,32.917072],[-102.45254,32.959095],[-102.515581,33.006493],[-102.572849,33.058818],[-102.62379,33.115574],[-102.667909,33.176224],[-102.704772,33.24019],[-102.734012,33.306864],[-102.755331,33.375608],[-102.768507,33.445765],[-102.773394,33.516662],[-102.769923,33.587617],[-102.75811,33.657946],[-102.738046,33.72697],[-102.709907,33.79402],[-102.673947,33.858445],[-102.630499,33.919618],[-102.579971,33.976942],[-102.522843,34.029858],[-102.459663,34.077846],[-102.39104,34.120437],[-102.317641,34.15721],[-102.240183,34.187806],[-102.159424,34.211921],[-102.076159,34.229318],[-101.991209,34.239826],[-101.905411,34.24334]]]},"properties":{"siteId":"23","propertyType":"PSI Owned","category":"OO"}},{"type":"Feature","geometry":{"type":"Polygon","coordinates":[[[-98.21943,26.98894],[-98.139835,26.985434],[-98.061022,26.974948],[-97.983763,26.957587],[-97.908815,26.933521],[-97.836911,26.902985],[-97.768753,26.866278],[-97.705004,26.823761],[-97.646281,26.775848],[-97.593152,26.723008],[-97.546125,26.665756],[-97.505651,26.60465],[-97.47211,26.540283],[-97.445817,26.47328],[-97.427014,26.404291],[-97.415868,26.333983],[-97.412474,26.263034],[-97.416849,26.192129],[-97.428938,26.121949],[-97.448611,26.053168],[-97.475666,25.986446],[-97.509833,25.922421],[-97.550772,25.861704],[-97.598085,25.804875],[-97.651311,25.752475],[-97.709937,25.705002],[-97.7734,25.662908],[-97.841094,25.626592],[-97.912372,25.596397],[-97.986558,25.572611],[-98.062947,25.555459],[-98.140817,25.545102],[-98.21943,25.541639],[-98.298043,25.545102],[-98.375912,25.555459],[-98.452302,25.572611],[-98.526488,25.596397],[-98.597766,25.626592],[-98.665459,25.662908],[-98.728923,25.705002],[-98.787549,25.752475],[-98.840775,25.804875],[-98.888088,25.861704],[-98.929027,25.922421],[-98.963193,25.986446],[-98.990248,26.053168],[-99.009921,26.121949],[-99.02201,26.192129],[-99.026386,26.263034],[-99.022991,26.333983],[-99.011846,26.404291],[-98.993042,26.47328],[-98.966749,26.540283],[-98.933209,26.60465],[-98.892734,26.665756],[-98.845708,26.723008],[-98.792579,26.775848],[-98.733856,26.823761],[-98.670107,26.866278],[-98.601948,26.902985],[-98.530045,26.933521],[-98.455097,26.957587],[-98.377837,26.974948],[-98.299024,26.985434],[-98.21943,26.98894]]]},"properties":{"siteId":"5695","propertyType":"PSI Owned","category":"OO"}},{"type":"Feature","geometry":{"type":"Polygon","coordinates":[[[-102.110753,32.755085],[-102.026418,32.751572],[-101.942914,32.74107],[-101.861065,32.72368],[-101.781676,32.699576],[-101.705527,32.668993],[-101.633364,32.632234],[-101.565891,32.58966],[-101.503761,32.541688],[-101.447577,32.488789],[-101.397875,32.43148],[-101.355129,32.370322],[-101.31974,32.305909],[-101.292037,32.23887],[-101.272272,32.169853],[-101.260616,32.099529],[-101.257165,32.028575],[-101.261932,31.957676],[-101.274852,31.887514],[-101.295784,31.818762],[-101.324509,31.752078],[-101.360737,31.688099],[-101.404106,31.627435],[-101.454192,31.570662],[-101.510507,31.518321],[-101.572506,31.470907],[-101.639596,31.428868],[-101.711136,31.392604],[-101.786446,31.362455],[-101.864813,31.338706],[-101.945495,31.321581],[-102.027734,31.311241],[-102.110753,31.307783],[-102.193773,31.311241],[-102.276011,31.321581],[-102.356694,31.338706],[-102.43506,31.362455],[-102.51037,31.392604],[-102.58191,31.428868],[-102.649,31.470907],[-102.711,31.518321],[-102.767315,31.570662],[-102.8174,31.627435],[-102.86077,31.688099],[-102.896997,31.752078],[-102.925722,31.818762],[-102.946654,31.887514],[-102.959575,31.957676],[-102.964342,32.028575],[-102.96089,32.099529],[-102.949235,32.169853],[-102.929469,32.23887],[-102.901767,32.305909],[-102.866378,32.370322],[-102.823632,32.43148],[-102.77393,32.488789],[-102.717745,32.541688],[-102.655616,32.58966],[-102.588142,32.632234],[-102.515979,32.668993],[-102.439831,32.699576],[-102.360442,32.72368],[-102.278593,32.74107],[-102.195089,32.751572],[-102.110753,32.755085]]]},"properties":{"siteId":"17765","propertyType":"PSI Authorized","category":"3P"}},{"type":"Feature","geometry":{"type":"Polygon","coordinates":[[[-102.12885,32.712336],[-102.044555,32.708824],[-101.961091,32.698321],[-101.879281,32.680932],[-101.79993,32.656828],[-101.723818,32.626246],[-101.651689,32.589487],[-101.584247,32.546913],[-101.522147,32.498942],[-101.465988,32.446043],[-101.416309,32.388735],[-101.373582,32.327577],[-101.338209,32.263165],[-101.310519,32.196125],[-101.290761,32.127109],[-101.27911,32.056785],[-101.275659,31.985831],[-101.280423,31.914932],[-101.293337,31.84477],[-101.314258,31.776018],[-101.342968,31.709334],[-101.379178,31.645354],[-101.422527,31.584689],[-101.472589,31.527916],[-101.528877,31.475574],[-101.590848,31.42816],[-101.657907,31.386121],[-101.729414,31.349856],[-101.80469,31.319707],[-101.883021,31.295958],[-101.963667,31.278832],[-102.045868,31.268492],[-102.12885,31.265035],[-102.211832,31.268492],[-102.294033,31.278832],[-102.374679,31.295958],[-102.45301,31.319707],[-102.528285,31.349856],[-102.599792,31.386121],[-102.666851,31.42816],[-102.728822,31.475574],[-102.78511,31.527916],[-102.835172,31.584689],[-102.878521,31.645354],[-102.914731,31.709334],[-102.943442,31.776018],[-102.964363,31.84477],[-102.977277,31.914932],[-102.98204,31.985831],[-102.97859,32.056785],[-102.966939,32.127109],[-102.947181,32.196125],[-102.91949,32.263165],[-102.884117,32.327577],[-102.841391,32.388735],[-102.791712,32.446043],[-102.735553,32.498942],[-102.673453,32.546913],[-102.606011,32.589487],[-102.533882,32.626246],[-102.45777,32.656828],[-102.378419,32.680932],[-102.296609,32.698321],[-102.213145,32.708824],[-102.12885,32.712336]]]},"properties":{"siteId":"152","propertyType":"PSI Owned","category":"OO"}},{"type":"Feature","geometry":{"type":"Polygon","coordinates":[[[-94.878196,33.828693],[-94.792816,33.825179],[-94.708279,33.814673],[-94.625419,33.797278],[-94.545053,33.773166],[-94.467969,33.742575],[-94.394924,33.705805],[-94.326629,33.663219],[-94.26375,33.615235],[-94.206892,33.562324],[-94.1566,33.505004],[-94.113353,33.443835],[-94.077557,33.379414],[-94.049542,33.312367],[-94.029564,33.243345],[-94.017795,33.173017],[-94.01433,33.102063],[-94.019183,33.031165],[-94.032286,32.961007],[-94.053494,32.892261],[-94.082587,32.825584],[-94.119268,32.761614],[-94.163172,32.70096],[-94.213869,32.644199],[-94.270864,32.591869],[-94.333607,32.544467],[-94.401497,32.50244],[-94.473885,32.466186],[-94.550084,32.436046],[-94.629372,32.412304],[-94.711002,32.395184],[-94.794204,32.384848],[-94.878196,32.381391],[-94.962187,32.384848],[-95.045389,32.395184],[-95.127019,32.412304],[-95.206308,32.436046],[-95.282506,32.466186],[-95.354894,32.50244],[-95.422784,32.544467],[-95.485527,32.591869],[-95.542522,32.644199],[-95.593219,32.70096],[-95.637124,32.761614],[-95.673805,32.825584],[-95.702897,32.892261],[-95.724105,32.961007],[-95.737208,33.031165],[-95.742061,33.102063],[-95.738596,33.173017],[-95.726828,33.243345],[-95.706849,33.312367],[-95.678835,33.379414],[-95.643038,33.443835],[-95.599791,33.505004],[-95.5495,33.562324],[-95.492642,33.615235],[-95.429762,33.663219],[-95.361468,33.705805],[-95.288422,33.742575],[-95.211339,33.773166],[-95.130972,33.797278],[-95.048112,33.814673],[-94.963575,33.825179],[-94.878196,33.828693]]]},"properties":{"siteId":"10671","propertyType":"PSI Authorized","category":"3P"}},{"type":"Feature","geometry":{"type":"Polygon","coordinates":[[[-94.652413,32.345266],[-94.568462,32.341754],[-94.485338,32.331252],[-94.403861,32.313865],[-94.324832,32.289763],[-94.249027,32.259184],[-94.177189,32.222429],[-94.110017,32.179859],[-94.048164,32.131892],[-93.992227,32.078997],[-93.942742,32.021692],[-93.90018,31.960538],[-93.864941,31.896129],[-93.837353,31.829092],[-93.817666,31.760078],[-93.806052,31.689754],[-93.802605,31.618801],[-93.807341,31.547902],[-93.820194,31.477739],[-93.841024,31.408984],[-93.869614,31.342297],[-93.905675,31.278315],[-93.948848,31.217646],[-93.998709,31.16087],[-94.054773,31.108524],[-94.116499,31.061105],[-94.183295,31.019063],[-94.254523,30.982794],[-94.329506,30.952642],[-94.407533,30.92889],[-94.487867,30.911763],[-94.569751,30.901422],[-94.652413,30.897964],[-94.735075,30.901422],[-94.816959,30.911763],[-94.897294,30.92889],[-94.975321,30.952642],[-95.050304,30.982794],[-95.121532,31.019063],[-95.188328,31.061105],[-95.250054,31.108524],[-95.306118,31.16087],[-95.355979,31.217646],[-95.399152,31.278315],[-95.435213,31.342297],[-95.463802,31.408984],[-95.484632,31.477739],[-95.497486,31.547902],[-95.502221,31.618801],[-95.498775,31.689754],[-95.487161,31.760078],[-95.467474,31.829092],[-95.439885,31.896129],[-95.404647,31.960538],[-95.362085,32.021692],[-95.3126,32.078997],[-95.256663,32.131892],[-95.19481,32.179859],[-95.127638,32.222429],[-95.0558,32.259184],[-94.979995,32.289763],[-94.900966,32.313865],[-94.819489,32.331252],[-94.736365,32.341754],[-94.652413,32.345266]]]},"properties":{"siteId":"9850","propertyType":"PSI Authorized","category":"3P"}},{"type":"Feature","geometry":{"type":"Polygon","coordinates":[[[-96.723816,33.694861],[-96.638569,33.691348],[-96.554164,33.680842],[-96.471433,33.663448],[-96.391191,33.639337],[-96.314227,33.608746],[-96.241294,33.571978],[-96.173105,33.529393],[-96.110321,33.481411],[-96.053548,33.428502],[-96.003332,33.371183],[-95.960149,33.310015],[-95.924405,33.245595],[-95.89643,33.178549],[-95.876479,33.109528],[-95.864725,33.039201],[-95.861262,32.968246],[-95.866103,32.897349],[-95.879183,32.82719],[-95.900356,32.758443],[-95.929401,32.691765],[-95.966025,32.627794],[-96.009861,32.567139],[-96.06048,32.510376],[-96.117388,32.458045],[-96.180036,32.410641],[-96.247824,32.368613],[-96.320104,32.332357],[-96.396189,32.302216],[-96.47536,32.278473],[-96.556869,32.261353],[-96.639948,32.251016],[-96.723816,32.24756],[-96.807683,32.251016],[-96.890762,32.261353],[-96.972271,32.278473],[-97.051442,32.302216],[-97.127528,32.332357],[-97.199807,32.368613],[-97.267595,32.410641],[-97.330243,32.458045],[-97.387152,32.510376],[-97.43777,32.567139],[-97.481607,32.627794],[-97.51823,32.691765],[-97.547275,32.758443],[-97.568448,32.82719],[-97.581528,32.897349],[-97.58637,32.968246],[-97.582907,33.039201],[-97.571153,33.109528],[-97.551201,33.178549],[-97.523227,33.245595],[-97.487482,33.310015],[-97.444299,33.371183],[-97.394083,33.428502],[-97.337311,33.481411],[-97.274527,33.529393],[-97.206337,33.571978],[-97.133404,33.608746],[-97.05644,33.639337],[-96.976198,33.663448],[-96.893467,33.680842],[-96.809062,33.691348],[-96.723816,33.694861]]]},"properties":{"siteId":"10605","propertyType":"PSI Owned","category":"OO"}},{"type":"Feature","geometry":{"type":"Polygon","coordinates":[[[-97.691478,31.227235],[-97.608535,31.223724],[-97.52641,31.213226],[-97.445909,31.195845],[-97.367825,31.171751],[-97.292924,31.141181],[-97.221938,31.104437],[-97.155559,31.061878],[-97.094431,31.013923],[-97.039145,30.96104],[-96.99023,30.903747],[-96.948152,30.842603],[-96.913307,30.778203],[-96.886019,30.711173],[-96.866537,30.642164],[-96.855033,30.571844],[-96.851599,30.500892],[-96.856252,30.429992],[-96.868929,30.359825],[-96.889491,30.291065],[-96.917726,30.22437],[-96.953348,30.160378],[-96.996003,30.099699],[-97.045274,30.042911],[-97.100681,29.990554],[-97.161689,29.943123],[-97.227712,29.90107],[-97.298121,29.864791],[-97.372245,29.834629],[-97.449382,29.81087],[-97.528801,29.793737],[-97.609755,29.783393],[-97.691478,29.779933],[-97.773201,29.783393],[-97.854154,29.793737],[-97.933574,29.81087],[-98.010711,29.834629],[-98.084835,29.864791],[-98.155243,29.90107],[-98.221267,29.943123],[-98.282275,29.990554],[-98.337681,30.042911],[-98.386952,30.099699],[-98.429608,30.160378],[-98.46523,30.22437],[-98.493465,30.291065],[-98.514027,30.359825],[-98.526704,30.429992],[-98.531357,30.500892],[-98.527923,30.571844],[-98.516418,30.642164],[-98.496936,30.711173],[-98.469648,30.778203],[-98.434804,30.842603],[-98.392726,30.903747],[-98.343811,30.96104],[-98.288524,31.013923],[-98.227397,31.061878],[-98.161018,31.104437],[-98.090031,31.141181],[-98.01513,31.171751],[-97.937046,31.195845],[-97.856546,31.213226],[-97.77442,31.223724],[-97.691478,31.227235]]]},"properties":{"siteId":"12395","propertyType":"MG TESTING","category":"3P"}},{"type":"Feature","geometry":{"type":"Polygon","coordinates":[[[-98.541265,30.21349],[-98.45919,30.20998],[-98.377923,30.199486],[-98.298262,30.182109],[-98.220991,30.158022],[-98.146866,30.127461],[-98.076613,30.090725],[-98.010915,30.048177],[-97.950411,30.000232],[-97.895684,29.94736],[-97.847258,29.890077],[-97.805596,29.828942],[-97.77109,29.76455],[-97.74406,29.697527],[-97.724754,29.628523],[-97.713343,29.558206],[-97.70992,29.487255],[-97.714502,29.416353],[-97.727027,29.346183],[-97.747359,29.277418],[-97.775288,29.210716],[-97.810533,29.146716],[-97.852744,29.086028],[-97.901508,29.02923],[-97.956349,28.976862],[-98.01674,28.929421],[-98.082099,28.887357],[-98.151804,28.851069],[-98.22519,28.8209],[-98.301562,28.797134],[-98.380196,28.779996],[-98.460349,28.769649],[-98.541265,28.766188],[-98.622182,28.769649],[-98.702335,28.779996],[-98.780969,28.797134],[-98.857341,28.8209],[-98.930727,28.851069],[-99.000431,28.887357],[-99.065791,28.929421],[-99.126182,28.976862],[-99.181023,29.02923],[-99.229786,29.086028],[-99.271997,29.146716],[-99.307242,29.210716],[-99.335172,29.277418],[-99.355504,29.346183],[-99.368029,29.416353],[-99.372611,29.487255],[-99.369188,29.558206],[-99.357776,29.628523],[-99.338471,29.697527],[-99.311441,29.76455],[-99.276935,29.828942],[-99.235273,29.890077],[-99.186847,29.94736],[-99.13212,30.000232],[-99.071616,30.048177],[-99.005918,30.090725],[-98.935665,30.127461],[-98.86154,30.158022],[-98.784269,30.182109],[-98.704608,30.199486],[-98.623341,30.20998],[-98.541265,30.21349]]]},"properties":{"siteId":"13336","propertyType":"PSI Authorized","category":"3P"}},{"type":"Feature","geometry":{"type":"Polygon","coordinates":[[[-98.392872,30.249527],[-98.310766,30.246017],[-98.229469,30.235522],[-98.149779,30.218145],[-98.07248,30.194058],[-97.998328,30.163496],[-97.92805,30.126761],[-97.862328,30.084212],[-97.801802,30.036267],[-97.747056,29.983394],[-97.698613,29.926111],[-97.656937,29.864975],[-97.622419,29.800583],[-97.59538,29.73356],[-97.576068,29.664556],[-97.564654,29.594239],[-97.561231,29.523288],[-97.565814,29.452386],[-97.578345,29.382216],[-97.598685,29.313451],[-97.626625,29.24675],[-97.661883,29.18275],[-97.70411,29.122062],[-97.75289,29.065264],[-97.807752,29.012896],[-97.868163,28.965456],[-97.933546,28.923393],[-98.003275,28.887105],[-98.076687,28.856936],[-98.153085,28.83317],[-98.231746,28.816033],[-98.311927,28.805685],[-98.392872,28.802225],[-98.473816,28.805685],[-98.553997,28.816033],[-98.632658,28.83317],[-98.709056,28.856936],[-98.782468,28.887105],[-98.852197,28.923393],[-98.91758,28.965456],[-98.977992,29.012896],[-99.032853,29.065264],[-99.081634,29.122062],[-99.12386,29.18275],[-99.159118,29.24675],[-99.187058,29.313451],[-99.207399,29.382216],[-99.219929,29.452386],[-99.224513,29.523288],[-99.221089,29.594239],[-99.209675,29.664556],[-99.190363,29.73356],[-99.163325,29.800583],[-99.128807,29.864975],[-99.08713,29.926111],[-99.038688,29.983394],[-98.983941,30.036267],[-98.923415,30.084212],[-98.857694,30.126761],[-98.787415,30.163496],[-98.713263,30.194058],[-98.635964,30.218145],[-98.556274,30.235522],[-98.474977,30.246017],[-98.392872,30.249527]]]},"properties":{"siteId":"12679","propertyType":"MG TESTING","category":"3P"}},{"type":"Feature","geometry":{"type":"Polygon","coordinates":[[[-98.58939,30.277411],[-98.507261,30.273901],[-98.425941,30.263406],[-98.346229,30.246029],[-98.268907,30.221942],[-98.194735,30.19138],[-98.124436,30.154644],[-98.058697,30.112095],[-97.998154,30.06415],[-97.943392,30.011277],[-97.894937,29.953993],[-97.853249,29.892858],[-97.818722,29.828465],[-97.791677,29.761442],[-97.77236,29.692438],[-97.760943,29.622121],[-97.757519,29.551169],[-97.762105,29.480267],[-97.77464,29.410098],[-97.794986,29.341333],[-97.822934,29.274632],[-97.858202,29.210632],[-97.900441,29.149944],[-97.949235,29.093147],[-98.004112,29.040779],[-98.06454,28.993339],[-98.129941,28.951276],[-98.199689,28.914989],[-98.27312,28.88482],[-98.349539,28.861054],[-98.428221,28.843917],[-98.508424,28.833569],[-98.58939,28.830109],[-98.670356,28.833569],[-98.750559,28.843917],[-98.829241,28.861054],[-98.905659,28.88482],[-98.979091,28.914989],[-99.048839,28.951276],[-99.114239,28.993339],[-99.174668,29.040779],[-99.229544,29.093147],[-99.278339,29.149944],[-99.320577,29.210632],[-99.355845,29.274632],[-99.383794,29.341333],[-99.40414,29.410098],[-99.416674,29.480267],[-99.42126,29.551169],[-99.417837,29.622121],[-99.40642,29.692438],[-99.387103,29.761442],[-99.360058,29.828465],[-99.32553,29.892858],[-99.283843,29.953993],[-99.235387,30.011277],[-99.180626,30.06415],[-99.120083,30.112095],[-99.054343,30.154644],[-98.984045,30.19138],[-98.909872,30.221942],[-98.832551,30.246029],[-98.752839,30.263406],[-98.671518,30.273901],[-98.58939,30.277411]]]},"properties":{"siteId":"18886","propertyType":"PSI Owned","category":"OO"}},{"type":"Feature","geometry":{"type":"Polygon","coordinates":[[[-96.274882,33.460887],[-96.189866,33.457374],[-96.105689,33.446869],[-96.023182,33.429476],[-95.943156,33.405366],[-95.866398,33.374778],[-95.79366,33.338012],[-95.725652,33.29543],[-95.663034,33.24745],[-95.606411,33.194544],[-95.556325,33.137227],[-95.513252,33.076062],[-95.477598,33.011644],[-95.449692,32.944599],[-95.429788,32.875579],[-95.418059,32.805253],[-95.414599,32.734298],[-95.419422,32.663401],[-95.432461,32.593241],[-95.453573,32.524493],[-95.482537,32.457813],[-95.51906,32.39384],[-95.562778,32.333183],[-95.613262,32.276418],[-95.67002,32.224084],[-95.732504,32.176678],[-95.800115,32.134647],[-95.872207,32.098389],[-95.948096,32.068246],[-96.027063,32.044501],[-96.108363,32.02738],[-96.191229,32.017042],[-96.274882,32.013585],[-96.358534,32.017042],[-96.4414,32.02738],[-96.5227,32.044501],[-96.601667,32.068246],[-96.677556,32.098389],[-96.749648,32.134647],[-96.817259,32.176678],[-96.879743,32.224084],[-96.936501,32.276418],[-96.986985,32.333183],[-97.030703,32.39384],[-97.067226,32.457813],[-97.09619,32.524493],[-97.117302,32.593241],[-97.130342,32.663401],[-97.135164,32.734298],[-97.131704,32.805253],[-97.119975,32.875579],[-97.100071,32.944599],[-97.072165,33.011644],[-97.036511,33.076062],[-96.993438,33.137227],[-96.943352,33.194544],[-96.886729,33.24745],[-96.824111,33.29543],[-96.756103,33.338012],[-96.683365,33.374778],[-96.606607,33.405366],[-96.526581,33.429476],[-96.444074,33.446869],[-96.359897,33.457374],[-96.274882,33.460887]]]},"properties":{"siteId":"18748","propertyType":"PSI Authorized","category":"3P"}},{"type":"Feature","geometry":{"type":"Polygon","coordinates":[[[-94.080246,34.1652],[-93.994527,34.161686],[-93.909655,34.151179],[-93.826468,34.133782],[-93.745783,34.109668],[-93.668396,34.079073],[-93.595065,34.0423],[-93.526504,33.999711],[-93.463381,33.951723],[-93.406304,33.898809],[-93.355821,33.841485],[-93.312411,33.780313],[-93.276483,33.715888],[-93.248367,33.648839],[-93.22832,33.579815],[-93.216514,33.509487],[-93.213045,33.438532],[-93.217926,33.367635],[-93.231088,33.297478],[-93.252386,33.228733],[-93.281597,33.162059],[-93.318426,33.098092],[-93.362504,33.037441],[-93.413399,32.980684],[-93.470615,32.928358],[-93.533599,32.880959],[-93.601748,32.838936],[-93.674412,32.802685],[-93.750899,32.772547],[-93.830487,32.748808],[-93.912424,32.73169],[-93.995939,32.721355],[-94.080246,32.717899],[-94.164553,32.721355],[-94.248068,32.73169],[-94.330005,32.748808],[-94.409593,32.772547],[-94.48608,32.802685],[-94.558743,32.838936],[-94.626892,32.880959],[-94.689877,32.928358],[-94.747093,32.980684],[-94.797988,33.037441],[-94.842066,33.098092],[-94.878894,33.162059],[-94.908106,33.228733],[-94.929404,33.297478],[-94.942566,33.367635],[-94.947446,33.438532],[-94.943977,33.509487],[-94.932172,33.579815],[-94.912124,33.648839],[-94.884009,33.715888],[-94.84808,33.780313],[-94.804671,33.841485],[-94.754188,33.898809],[-94.697111,33.951723],[-94.633987,33.999711],[-94.565427,34.0423],[-94.492095,34.079073],[-94.414708,34.109668],[-94.334024,34.133782],[-94.250836,34.151179],[-94.165964,34.161686],[-94.080246,34.1652]]]},"properties":{"siteId":"16972","propertyType":"PSI Authorized","category":"3P"}},{"type":"Feature","geometry":{"type":"Polygon","coordinates":[[[-95.278749,33.031284],[-95.19415,33.027772],[-95.110385,33.017268],[-95.028281,32.999877],[-94.948646,32.975771],[-94.872261,32.945186],[-94.799876,32.908424],[-94.732195,32.865847],[-94.669877,32.817872],[-94.613522,32.76497],[-94.563672,32.707658],[-94.520799,32.646497],[-94.485308,32.582082],[-94.457526,32.515041],[-94.437707,32.446023],[-94.426023,32.375698],[-94.422568,32.304744],[-94.427357,32.233845],[-94.440324,32.163684],[-94.461325,32.094934],[-94.490143,32.028252],[-94.526485,31.964275],[-94.569989,31.903613],[-94.620229,31.846843],[-94.676715,31.794505],[-94.738902,31.747094],[-94.806194,31.705059],[-94.877948,31.668796],[-94.953482,31.63865],[-95.032081,31.614903],[-95.113003,31.597779],[-95.195484,31.58744],[-95.278749,31.583983],[-95.362013,31.58744],[-95.444495,31.597779],[-95.525416,31.614903],[-95.604015,31.63865],[-95.679549,31.668796],[-95.751303,31.705059],[-95.818595,31.747094],[-95.880782,31.794505],[-95.937268,31.846843],[-95.987508,31.903613],[-96.031012,31.964275],[-96.067354,32.028252],[-96.096172,32.094934],[-96.117174,32.163684],[-96.13014,32.233845],[-96.134929,32.304744],[-96.131474,32.375698],[-96.11979,32.446023],[-96.099971,32.515041],[-96.072189,32.582082],[-96.036698,32.646497],[-95.993825,32.707658],[-95.943975,32.76497],[-95.88762,32.817872],[-95.825302,32.865847],[-95.757621,32.908424],[-95.685236,32.945186],[-95.608851,32.975771],[-95.529216,32.999877],[-95.447112,33.017268],[-95.363347,33.027772],[-95.278749,33.031284]]]},"properties":{"siteId":"25","propertyType":"PSI Owned","category":"OO"}},{"type":"Feature","geometry":{"type":"Polygon","coordinates":[[[-97.193403,32.238909],[-97.10955,32.235397],[-97.026524,32.224896],[-96.945142,32.207509],[-96.866205,32.183408],[-96.790488,32.15283],[-96.718733,32.116076],[-96.651638,32.073507],[-96.589856,32.025541],[-96.533983,31.972647],[-96.484553,31.915344],[-96.442039,31.85419],[-96.406838,31.789782],[-96.379279,31.722746],[-96.359612,31.653732],[-96.348009,31.583409],[-96.344564,31.512456],[-96.349291,31.441557],[-96.362127,31.371393],[-96.382931,31.302638],[-96.411487,31.23595],[-96.447504,31.171967],[-96.490627,31.111298],[-96.54043,31.05452],[-96.59643,31.002173],[-96.658086,30.954753],[-96.724807,30.91271],[-96.795955,30.87644],[-96.870854,30.846287],[-96.948794,30.822534],[-97.02904,30.805407],[-97.110833,30.795065],[-97.193403,30.791607],[-97.275974,30.795065],[-97.357767,30.805407],[-97.438012,30.822534],[-97.515952,30.846287],[-97.590851,30.87644],[-97.661999,30.91271],[-97.72872,30.954753],[-97.790376,31.002173],[-97.846376,31.05452],[-97.89618,31.111298],[-97.939302,31.171967],[-97.97532,31.23595],[-98.003875,31.302638],[-98.024679,31.371393],[-98.037515,31.441557],[-98.042242,31.512456],[-98.038797,31.583409],[-98.027194,31.653732],[-98.007527,31.722746],[-97.979968,31.789782],[-97.944768,31.85419],[-97.902253,31.915344],[-97.852824,31.972647],[-97.79695,32.025541],[-97.735168,32.073507],[-97.668073,32.116076],[-97.596318,32.15283],[-97.520601,32.183408],[-97.441665,32.207509],[-97.360283,32.224896],[-97.277256,32.235397],[-97.193403,32.238909]]]},"properties":{"siteId":"26","propertyType":"PSI Owned","category":"OO"}},{"type":"Feature","geometry":{"type":"Polygon","coordinates":[[[-113.072966,38.38709],[-112.982482,38.383571],[-112.892895,38.373049],[-112.805092,38.355628],[-112.719944,38.331481],[-112.638289,38.300848],[-112.56093,38.26403],[-112.488623,38.221392],[-112.422074,38.173355],[-112.361923,38.12039],[-112.308747,38.063019],[-112.26305,38.001803],[-112.225259,37.93734],[-112.195722,37.87026],[-112.174702,37.801213],[-112.16238,37.730871],[-112.158849,37.659912],[-112.164118,37.589021],[-112.178112,37.518879],[-112.200672,37.450159],[-112.23156,37.383517],[-112.270459,37.319589],[-112.31698,37.258982],[-112.370663,37.202272],[-112.430986,37.149996],[-112.497365,37.102646],[-112.569164,37.06067],[-112.645699,37.024463],[-112.726246,36.994364],[-112.810044,36.970656],[-112.896306,36.953561],[-112.984221,36.94324],[-113.072966,36.939788],[-113.161712,36.94324],[-113.249627,36.953561],[-113.335888,36.970656],[-113.419687,36.994364],[-113.500233,37.024463],[-113.576769,37.06067],[-113.648568,37.102646],[-113.714947,37.149996],[-113.77527,37.202272],[-113.828953,37.258982],[-113.875474,37.319589],[-113.914373,37.383517],[-113.94526,37.450159],[-113.967821,37.518879],[-113.981815,37.589021],[-113.987084,37.659912],[-113.983553,37.730871],[-113.971231,37.801213],[-113.950211,37.87026],[-113.920674,37.93734],[-113.882883,38.001803],[-113.837186,38.063019],[-113.78401,38.12039],[-113.723859,38.173355],[-113.657309,38.221392],[-113.585003,38.26403],[-113.507644,38.300848],[-113.425989,38.331481],[-113.34084,38.355628],[-113.253038,38.373049],[-113.163451,38.383571],[-113.072966,38.38709]]]},"properties":{"siteId":"12648","propertyType":"PSI Authorized","category":"3P"}},{"type":"Feature","geometry":{"type":"Polygon","coordinates":[[[-111.96949,41.986793],[-111.874072,41.98327],[-111.779604,41.972734],[-111.687025,41.95529],[-111.597255,41.931113],[-111.511183,41.900442],[-111.429656,41.863582],[-111.353474,41.820898],[-111.283378,41.772813],[-111.220047,41.719802],[-111.164086,41.662385],[-111.116023,41.601127],[-111.076308,41.536629],[-111.045301,41.469519],[-111.023278,41.400451],[-111.010422,41.330096],[-111.006829,41.259133],[-111.012503,41.188248],[-111.02736,41.11812],[-111.051227,41.049423],[-111.083851,40.982812],[-111.124893,40.918921],[-111.173941,40.858356],[-111.23051,40.801691],[-111.294047,40.749462],[-111.363937,40.702159],[-111.439513,40.660227],[-111.520054,40.624061],[-111.6048,40.593998],[-111.692953,40.570319],[-111.783687,40.553246],[-111.876154,40.542938],[-111.96949,40.539492],[-112.062827,40.542938],[-112.155294,40.553246],[-112.246027,40.570319],[-112.33418,40.593998],[-112.418926,40.624061],[-112.499468,40.660227],[-112.575043,40.702159],[-112.644934,40.749462],[-112.708471,40.801691],[-112.765039,40.858356],[-112.814088,40.918921],[-112.85513,40.982812],[-112.887753,41.049423],[-112.911621,41.11812],[-112.926477,41.188248],[-112.932151,41.259133],[-112.928558,41.330096],[-112.915703,41.400451],[-112.893679,41.469519],[-112.862673,41.536629],[-112.822957,41.601127],[-112.774895,41.662385],[-112.718934,41.719802],[-112.655602,41.772813],[-112.585507,41.820898],[-112.509325,41.863582],[-112.427798,41.900442],[-112.341725,41.931113],[-112.251956,41.95529],[-112.159377,41.972734],[-112.064909,41.98327],[-111.96949,41.986793]]]},"properties":{"siteId":"19181","propertyType":"PSI Authorized","category":"3P"}},{"type":"Feature","geometry":{"type":"Polygon","coordinates":[[[-111.963034,41.391318],[-111.868495,41.387795],[-111.774896,41.377262],[-111.683169,41.359822],[-111.594222,41.33565],[-111.508937,41.304986],[-111.428152,41.268133],[-111.35266,41.225457],[-111.283196,41.177381],[-111.220432,41.124377],[-111.164966,41.066968],[-111.117325,41.005717],[-111.077952,40.941225],[-111.047207,40.87412],[-111.025362,40.805056],[-111.012602,40.734703],[-111.009019,40.663741],[-111.014621,40.592855],[-111.029324,40.522725],[-111.052958,40.454024],[-111.085272,40.387407],[-111.125932,40.323509],[-111.17453,40.262938],[-111.230585,40.206265],[-111.293549,40.154027],[-111.362815,40.106717],[-111.437718,40.064777],[-111.517546,40.028604],[-111.601544,39.998534],[-111.688921,39.974851],[-111.778859,39.957774],[-111.870515,39.947464],[-111.963034,39.944016],[-112.055553,39.947464],[-112.14721,39.957774],[-112.237147,39.974851],[-112.324525,39.998534],[-112.408523,40.028604],[-112.488351,40.064777],[-112.563254,40.106717],[-112.632519,40.154027],[-112.695483,40.206265],[-112.751538,40.262938],[-112.800136,40.323509],[-112.840796,40.387407],[-112.87311,40.454024],[-112.896745,40.522725],[-112.911448,40.592855],[-112.917049,40.663741],[-112.913467,40.734703],[-112.900706,40.805056],[-112.878861,40.87412],[-112.848116,40.941225],[-112.808743,41.005717],[-112.761102,41.066968],[-112.705637,41.124377],[-112.642872,41.177381],[-112.573408,41.225457],[-112.497916,41.268133],[-112.417132,41.304986],[-112.331846,41.33565],[-112.2429,41.359822],[-112.151172,41.377262],[-112.057574,41.387795],[-111.963034,41.391318]]]},"properties":{"siteId":"13527","propertyType":"PSI Authorized","category":"3P"}},{"type":"Feature","geometry":{"type":"Polygon","coordinates":[[[-113.562178,37.830973],[-113.472379,37.827454],[-113.383471,37.816934],[-113.296333,37.799517],[-113.211827,37.775375],[-113.130786,37.744746],[-113.054007,37.707935],[-112.98224,37.665304],[-112.916183,37.617273],[-112.856475,37.564315],[-112.803687,37.50695],[-112.758319,37.44574],[-112.720796,37.381283],[-112.691464,37.314207],[-112.670584,37.245164],[-112.658336,37.174823],[-112.654814,37.103865],[-112.660027,37.032973],[-112.673901,36.962829],[-112.69628,36.894105],[-112.726926,36.827459],[-112.765527,36.763525],[-112.811696,36.702913],[-112.864978,36.646196],[-112.924853,36.593913],[-112.990744,36.546557],[-113.062018,36.504574],[-113.137996,36.468361],[-113.217958,36.438256],[-113.30115,36.414544],[-113.386789,36.397446],[-113.474071,36.387123],[-113.562178,36.383671],[-113.650284,36.387123],[-113.737566,36.397446],[-113.823205,36.414544],[-113.906397,36.438256],[-113.986359,36.468361],[-114.062338,36.504574],[-114.133611,36.546557],[-114.199502,36.593913],[-114.259377,36.646196],[-114.312659,36.702913],[-114.358828,36.763525],[-114.397429,36.827459],[-114.428075,36.894105],[-114.450454,36.962829],[-114.464328,37.032973],[-114.469541,37.103865],[-114.466019,37.174823],[-114.453771,37.245164],[-114.432891,37.314207],[-114.403559,37.381283],[-114.366036,37.44574],[-114.320668,37.50695],[-114.26788,37.564315],[-114.208172,37.617273],[-114.142115,37.665304],[-114.070348,37.707935],[-113.993569,37.744746],[-113.912528,37.775375],[-113.828022,37.799517],[-113.740884,37.816934],[-113.651976,37.827454],[-113.562178,37.830973]]]},"properties":{"siteId":"11912","propertyType":"PSI Authorized","category":"3P"}},{"type":"Feature","geometry":{"type":"Polygon","coordinates":[[[-71.186602,43.408875],[-71.088973,43.40535],[-70.992318,43.394808],[-70.897599,43.377354],[-70.80576,43.353164],[-70.717709,43.322477],[-70.634315,43.285599],[-70.556397,43.242896],[-70.484714,43.194791],[-70.419959,43.141759],[-70.362751,43.084323],[-70.313631,43.023048],[-70.273054,42.958534],[-70.241391,42.891411],[-70.218919,42.822335],[-70.205826,42.751974],[-70.202207,42.68101],[-70.208063,42.610127],[-70.223307,42.540006],[-70.247761,42.471318],[-70.281162,42.40472],[-70.323165,42.340845],[-70.373345,42.280298],[-70.431206,42.223652],[-70.496182,42.171443],[-70.567645,42.12416],[-70.644911,42.082247],[-70.727245,42.046098],[-70.81387,42.01605],[-70.903972,41.992384],[-70.996707,41.97532],[-71.09121,41.965018],[-71.186602,41.961574],[-71.281993,41.965018],[-71.376496,41.97532],[-71.469231,41.992384],[-71.559333,42.01605],[-71.645958,42.046098],[-71.728293,42.082247],[-71.805558,42.12416],[-71.877021,42.171443],[-71.941997,42.223652],[-71.999858,42.280298],[-72.050038,42.340845],[-72.092041,42.40472],[-72.125442,42.471318],[-72.149896,42.540006],[-72.16514,42.610127],[-72.170996,42.68101],[-72.167377,42.751974],[-72.154284,42.822335],[-72.131812,42.891411],[-72.100149,42.958534],[-72.059572,43.023048],[-72.010452,43.084323],[-71.953244,43.141759],[-71.888489,43.194791],[-71.816806,43.242896],[-71.738888,43.285599],[-71.655495,43.322477],[-71.567443,43.353164],[-71.475604,43.377354],[-71.380885,43.394808],[-71.28423,43.40535],[-71.186602,43.408875]]]},"properties":{"siteId":"13352","propertyType":"PSI Authorized","category":"3P"}},{"type":"Feature","geometry":{"type":"Polygon","coordinates":[[[-77.137239,39.53613],[-77.045275,39.53261],[-76.954224,39.522083],[-76.86499,39.504656],[-76.778456,39.480499],[-76.695476,39.449854],[-76.616867,39.413024],[-76.543399,39.370372],[-76.475785,39.32232],[-76.414681,39.26934],[-76.360669,39.211955],[-76.314263,39.150726],[-76.275895,39.086252],[-76.245916,39.019163],[-76.224595,38.95011],[-76.212113,38.879763],[-76.208563,38.808803],[-76.213953,38.737914],[-76.228205,38.667777],[-76.251157,38.599063],[-76.282565,38.532431],[-76.322107,38.468514],[-76.369386,38.407921],[-76.423934,38.351225],[-76.485221,38.298963],[-76.552653,38.251628],[-76.625585,38.209665],[-76.703322,38.17347],[-76.785128,38.143382],[-76.870233,38.119683],[-76.957836,38.102595],[-77.047116,38.092278],[-77.137239,38.088828],[-77.227362,38.092278],[-77.316642,38.102595],[-77.404245,38.119683],[-77.48935,38.143382],[-77.571156,38.17347],[-77.648893,38.209665],[-77.721825,38.251628],[-77.789257,38.298963],[-77.850544,38.351225],[-77.905092,38.407921],[-77.952371,38.468514],[-77.991913,38.532431],[-78.02332,38.599063],[-78.046273,38.667777],[-78.060525,38.737914],[-78.065915,38.808803],[-78.062365,38.879763],[-78.049883,38.95011],[-78.028562,39.019163],[-77.998583,39.086252],[-77.960215,39.150726],[-77.913809,39.211955],[-77.859797,39.26934],[-77.798693,39.32232],[-77.731079,39.370372],[-77.657611,39.413024],[-77.579002,39.449854],[-77.496022,39.480499],[-77.409488,39.504656],[-77.320254,39.522083],[-77.229203,39.53261],[-77.137239,39.53613]]]},"properties":{"siteId":"6006","propertyType":"PSI Authorized","category":"3P"}},{"type":"Feature","geometry":{"type":"Polygon","coordinates":[[[-77.064749,39.524274],[-76.972801,39.520753],[-76.881766,39.510227],[-76.792547,39.492799],[-76.706027,39.468643],[-76.623062,39.437998],[-76.544466,39.401168],[-76.47101,39.358516],[-76.403408,39.310464],[-76.342313,39.257485],[-76.288311,39.2001],[-76.241912,39.138871],[-76.20355,39.074397],[-76.173576,39.007308],[-76.152258,38.938255],[-76.139777,38.867909],[-76.136228,38.796949],[-76.141617,38.726059],[-76.155866,38.655922],[-76.178814,38.587209],[-76.210217,38.520576],[-76.249752,38.456659],[-76.297022,38.396065],[-76.351561,38.339369],[-76.412838,38.287107],[-76.480259,38.239772],[-76.553179,38.197809],[-76.630903,38.161614],[-76.712696,38.131526],[-76.797787,38.107827],[-76.885375,38.090739],[-76.974641,38.080422],[-77.064749,38.076972],[-77.154858,38.080422],[-77.244124,38.090739],[-77.331712,38.107827],[-77.416803,38.131526],[-77.498596,38.161614],[-77.57632,38.197809],[-77.64924,38.239772],[-77.716661,38.287107],[-77.777937,38.339369],[-77.832477,38.396065],[-77.879747,38.456659],[-77.919282,38.520576],[-77.950685,38.587209],[-77.973633,38.655922],[-77.987882,38.726059],[-77.993271,38.796949],[-77.989722,38.867909],[-77.977241,38.938255],[-77.955923,39.007308],[-77.925949,39.074397],[-77.887587,39.138871],[-77.841188,39.2001],[-77.787186,39.257485],[-77.726091,39.310464],[-77.658489,39.358516],[-77.585033,39.401168],[-77.506437,39.437998],[-77.423472,39.468643],[-77.336952,39.492799],[-77.247733,39.510227],[-77.156698,39.520753],[-77.064749,39.524274]]]},"properties":{"siteId":"17034","propertyType":"PSI Authorized","category":"3P"}},{"type":"Feature","geometry":{"type":"Polygon","coordinates":[[[-78.49556,38.783196],[-78.404575,38.779676],[-78.314492,38.769153],[-78.226206,38.751729],[-78.140588,38.727579],[-78.058485,38.696942],[-77.980703,38.66012],[-77.908004,38.617477],[-77.841094,38.569435],[-77.780621,38.516465],[-77.727162,38.459089],[-77.681225,38.397868],[-77.643239,38.333402],[-77.613553,38.266318],[-77.592431,38.19727],[-77.580054,38.126926],[-77.576517,38.055967],[-77.581827,37.985076],[-77.595908,37.914936],[-77.618601,37.846218],[-77.649665,37.779579],[-77.688781,37.715655],[-77.735558,37.655053],[-77.789534,37.598348],[-77.850183,37.546076],[-77.916918,37.498732],[-77.989101,37.45676],[-78.066043,37.420557],[-78.147016,37.390462],[-78.231256,37.366757],[-78.317971,37.349664],[-78.406348,37.339345],[-78.49556,37.335894],[-78.584771,37.339345],[-78.673148,37.349664],[-78.759864,37.366757],[-78.844104,37.390462],[-78.925076,37.420557],[-79.002019,37.45676],[-79.074201,37.498732],[-79.140936,37.546076],[-79.201585,37.598348],[-79.255561,37.655053],[-79.302338,37.715655],[-79.341454,37.779579],[-79.372518,37.846218],[-79.395211,37.914936],[-79.409292,37.985076],[-79.414603,38.055967],[-79.411065,38.126926],[-79.398689,38.19727],[-79.377567,38.266318],[-79.34788,38.333402],[-79.309894,38.397868],[-79.263957,38.459089],[-79.210499,38.516465],[-79.150025,38.569435],[-79.083116,38.617477],[-79.010416,38.66012],[-78.932634,38.696942],[-78.850531,38.727579],[-78.764914,38.751729],[-78.676627,38.769153],[-78.586545,38.779676],[-78.49556,38.783196]]]},"properties":{"siteId":"163","propertyType":"PSI Owned","category":"OO"}},{"type":"Feature","geometry":{"type":"Polygon","coordinates":[[[-77.579284,38.223626],[-77.489003,38.220107],[-77.399618,38.209586],[-77.312013,38.192166],[-77.227055,38.168021],[-77.145582,38.137389],[-77.068395,38.100573],[-76.996249,38.057937],[-76.929845,38.009901],[-76.869826,37.956939],[-76.816765,37.899569],[-76.771166,37.838355],[-76.733455,37.773894],[-76.703978,37.706815],[-76.683,37.63777],[-76.6707,37.567428],[-76.667171,37.496469],[-76.672424,37.425578],[-76.686382,37.355435],[-76.708889,37.286714],[-76.739705,37.22007],[-76.778515,37.156141],[-76.824932,37.095533],[-76.878496,37.038821],[-76.938685,36.986542],[-77.004919,36.939191],[-77.076563,36.897213],[-77.152933,36.861003],[-77.233306,36.830903],[-77.316925,36.807193],[-77.403001,36.790098],[-77.490728,36.779776],[-77.579284,36.776324],[-77.66784,36.779776],[-77.755567,36.790098],[-77.841644,36.807193],[-77.925262,36.830903],[-78.005636,36.861003],[-78.082006,36.897213],[-78.153649,36.939191],[-78.219883,36.986542],[-78.280073,37.038821],[-78.333637,37.095533],[-78.380053,37.156141],[-78.418864,37.22007],[-78.44968,37.286714],[-78.472186,37.355435],[-78.486145,37.425578],[-78.491397,37.496469],[-78.487869,37.567428],[-78.475569,37.63777],[-78.45459,37.706815],[-78.425114,37.773894],[-78.387403,37.838355],[-78.341804,37.899569],[-78.288743,37.956939],[-78.228723,38.009901],[-78.16232,38.057937],[-78.090174,38.100573],[-78.012987,38.137389],[-77.931514,38.168021],[-77.846556,38.192166],[-77.758951,38.209586],[-77.669565,38.220107],[-77.579284,38.223626]]]},"properties":{"siteId":"5643","propertyType":"PSI Owned","category":"OO"}},{"type":"Feature","geometry":{"type":"Polygon","coordinates":[[[-79.987252,37.945899],[-79.897313,37.942381],[-79.808266,37.93186],[-79.720993,37.914442],[-79.636355,37.890299],[-79.555189,37.85967],[-79.478291,37.822857],[-79.406414,37.780224],[-79.340257,37.732192],[-79.280458,37.679233],[-79.22759,37.621867],[-79.182155,37.560656],[-79.144578,37.496197],[-79.115203,37.42912],[-79.094295,37.360076],[-79.082032,37.289735],[-79.078508,37.218777],[-79.083732,37.147885],[-79.097631,37.077742],[-79.120047,37.009019],[-79.150743,36.942373],[-79.189404,36.878441],[-79.235645,36.817829],[-79.289009,36.761114],[-79.348976,36.708833],[-79.414966,36.661478],[-79.486347,36.619496],[-79.56244,36.583284],[-79.642522,36.553181],[-79.725837,36.529469],[-79.811603,36.512372],[-79.899015,36.502049],[-79.987252,36.498597],[-80.075489,36.502049],[-80.162901,36.512372],[-80.248667,36.529469],[-80.331982,36.553181],[-80.412064,36.583284],[-80.488157,36.619496],[-80.559538,36.661478],[-80.625528,36.708833],[-80.685495,36.761114],[-80.738859,36.817829],[-80.7851,36.878441],[-80.823762,36.942373],[-80.854457,37.009019],[-80.876873,37.077742],[-80.890772,37.147885],[-80.895996,37.218777],[-80.892472,37.289735],[-80.880209,37.360076],[-80.859301,37.42912],[-80.829926,37.496197],[-80.792349,37.560656],[-80.746914,37.621867],[-80.694046,37.679233],[-80.634248,37.732192],[-80.56809,37.780224],[-80.496213,37.822857],[-80.419315,37.85967],[-80.338149,37.890299],[-80.253512,37.914442],[-80.166238,37.93186],[-80.077191,37.942381],[-79.987252,37.945899]]]},"properties":{"siteId":"12215","propertyType":"PSI Owned","category":"OO"}},{"type":"Feature","geometry":{"type":"Polygon","coordinates":[[[-79.940558,37.997997],[-79.850555,37.994478],[-79.761445,37.983958],[-79.67411,37.966539],[-79.589413,37.942396],[-79.508189,37.911766],[-79.431237,37.874953],[-79.35931,37.83232],[-79.293107,37.784287],[-79.233267,37.731327],[-79.180363,37.67396],[-79.134897,37.612748],[-79.097295,37.548289],[-79.067902,37.481212],[-79.04698,37.412168],[-79.03471,37.341827],[-79.031185,37.270868],[-79.036415,37.199977],[-79.050325,37.129833],[-79.072758,37.06111],[-79.103476,36.994465],[-79.142165,36.930534],[-79.188439,36.869923],[-79.24184,36.813208],[-79.301849,36.760927],[-79.367884,36.713573],[-79.439314,36.671592],[-79.515459,36.63538],[-79.595595,36.605278],[-79.678967,36.581567],[-79.764791,36.56447],[-79.852261,36.554147],[-79.940558,36.550695],[-80.028855,36.554147],[-80.116325,36.56447],[-80.202149,36.581567],[-80.285521,36.605278],[-80.365657,36.63538],[-80.441802,36.671592],[-80.513232,36.713573],[-80.579267,36.760927],[-80.639276,36.813208],[-80.692677,36.869923],[-80.738951,36.930534],[-80.77764,36.994465],[-80.808358,37.06111],[-80.830791,37.129833],[-80.844701,37.199977],[-80.849931,37.270868],[-80.846406,37.341827],[-80.834136,37.412168],[-80.813214,37.481212],[-80.783821,37.548289],[-80.746219,37.612748],[-80.700753,37.67396],[-80.647849,37.731327],[-80.588009,37.784287],[-80.521806,37.83232],[-80.449879,37.874953],[-80.372927,37.911766],[-80.291703,37.942396],[-80.207006,37.966539],[-80.119671,37.983958],[-80.030561,37.994478],[-79.940558,37.997997]]]},"properties":{"siteId":"6293","propertyType":"TD TESTING","category":"3P"}},{"type":"Feature","geometry":{"type":"Polygon","coordinates":[[[-77.372622,39.237892],[-77.28105,39.234372],[-77.190388,39.223847],[-77.101533,39.206421],[-77.015366,39.182268],[-76.932737,39.151625],[-76.85446,39.114798],[-76.781299,39.07215],[-76.713968,39.024102],[-76.653116,38.971126],[-76.599326,38.913745],[-76.553108,38.852519],[-76.514893,38.788048],[-76.485031,38.720961],[-76.46379,38.65191],[-76.45135,38.581565],[-76.447805,38.510605],[-76.453163,38.439715],[-76.467347,38.369576],[-76.490195,38.300861],[-76.521465,38.234226],[-76.560837,38.170307],[-76.607914,38.10971],[-76.662233,38.05301],[-76.723264,38.000744],[-76.790418,37.953405],[-76.863049,37.91144],[-76.940468,37.875241],[-77.02194,37.84515],[-77.106699,37.821449],[-77.193946,37.804359],[-77.282864,37.794041],[-77.372622,37.790591],[-77.46238,37.794041],[-77.551299,37.804359],[-77.638546,37.821449],[-77.723304,37.84515],[-77.804777,37.875241],[-77.882195,37.91144],[-77.954827,37.953405],[-78.02198,38.000744],[-78.083011,38.05301],[-78.13733,38.10971],[-78.184408,38.170307],[-78.223779,38.234226],[-78.255049,38.300861],[-78.277898,38.369576],[-78.292081,38.439715],[-78.29744,38.510605],[-78.293895,38.581565],[-78.281455,38.65191],[-78.260213,38.720961],[-78.230352,38.788048],[-78.192137,38.852519],[-78.145918,38.913745],[-78.092129,38.971126],[-78.031277,39.024102],[-77.963945,39.07215],[-77.890785,39.114798],[-77.812507,39.151625],[-77.729879,39.182268],[-77.643712,39.206421],[-77.554857,39.223847],[-77.464194,39.234372],[-77.372622,39.237892]]]},"properties":{"siteId":"13398","propertyType":"PSI Authorized","category":"3P"}},{"type":"Feature","geometry":{"type":"Polygon","coordinates":[[[-81.526892,37.850613],[-81.437069,37.847095],[-81.348137,37.836575],[-81.260976,37.819157],[-81.176448,37.795015],[-81.095386,37.764386],[-81.018586,37.727575],[-80.946801,37.684943],[-80.880727,37.636912],[-80.821003,37.583954],[-80.768201,37.526589],[-80.722822,37.465379],[-80.68529,37.400922],[-80.65595,37.333845],[-80.635066,37.264802],[-80.622815,37.194461],[-80.619293,37.123503],[-80.624508,37.052611],[-80.638386,36.982467],[-80.660771,36.913744],[-80.691426,36.847097],[-80.730037,36.783164],[-80.776219,36.722552],[-80.829514,36.665836],[-80.889405,36.613553],[-80.955313,36.566197],[-81.026605,36.524214],[-81.102602,36.488001],[-81.182585,36.457897],[-81.265798,36.434184],[-81.351459,36.417087],[-81.438763,36.406763],[-81.526892,36.403312],[-81.615021,36.406763],[-81.702325,36.417087],[-81.787985,36.434184],[-81.871198,36.457897],[-81.951181,36.488001],[-82.027179,36.524214],[-82.098471,36.566197],[-82.164378,36.613553],[-82.224269,36.665836],[-82.277565,36.722552],[-82.323746,36.783164],[-82.362358,36.847097],[-82.393012,36.913744],[-82.415397,36.982467],[-82.429276,37.052611],[-82.434491,37.123503],[-82.430969,37.194461],[-82.418718,37.264802],[-82.397833,37.333845],[-82.368493,37.400922],[-82.330961,37.465379],[-82.285582,37.526589],[-82.232781,37.583954],[-82.173057,37.636912],[-82.106983,37.684943],[-82.035197,37.727575],[-81.958398,37.764386],[-81.877336,37.795015],[-81.792807,37.819157],[-81.705646,37.836575],[-81.616714,37.847095],[-81.526892,37.850613]]]},"properties":{"siteId":"13256","propertyType":"PSI Authorized","category":"3P"}},{"type":"Feature","geometry":{"type":"Polygon","coordinates":[[[-77.227862,39.637356],[-77.135763,39.633836],[-77.04458,39.623309],[-76.955215,39.605881],[-76.868555,39.581724],[-76.785455,39.551078],[-76.706732,39.514246],[-76.633158,39.471593],[-76.565448,39.423539],[-76.504257,39.370559],[-76.45017,39.313172],[-76.403699,39.251942],[-76.365278,39.187467],[-76.33526,39.120377],[-76.313911,39.051323],[-76.301414,38.980977],[-76.297863,38.910016],[-76.303264,38.839127],[-76.31754,38.76899],[-76.340527,38.700278],[-76.371983,38.633646],[-76.411583,38.56973],[-76.45893,38.509138],[-76.513557,38.452443],[-76.574931,38.400182],[-76.642459,38.352849],[-76.715494,38.310888],[-76.793341,38.274694],[-76.875261,38.244607],[-76.960484,38.220908],[-77.048209,38.203821],[-77.137614,38.193504],[-77.227862,38.190055],[-77.31811,38.193504],[-77.407514,38.203821],[-77.495239,38.220908],[-77.580462,38.244607],[-77.662383,38.274694],[-77.740229,38.310888],[-77.813264,38.352849],[-77.880792,38.400182],[-77.942166,38.452443],[-77.996793,38.509138],[-78.044141,38.56973],[-78.083741,38.633646],[-78.115196,38.700278],[-78.138184,38.76899],[-78.15246,38.839127],[-78.157861,38.910016],[-78.154309,38.980977],[-78.141812,39.051323],[-78.120464,39.120377],[-78.090445,39.187467],[-78.052025,39.251942],[-78.005554,39.313172],[-77.951467,39.370559],[-77.890275,39.423539],[-77.822565,39.471593],[-77.748991,39.514246],[-77.670269,39.551078],[-77.587168,39.581724],[-77.500508,39.605881],[-77.411144,39.623309],[-77.31996,39.633836],[-77.227862,39.637356]]]},"properties":{"siteId":"13621","propertyType":"PSI Authorized","category":"3P"}},{"type":"Feature","geometry":{"type":"Polygon","coordinates":[[[-76.06904,37.552579],[-75.979578,37.549061],[-75.891002,37.538542],[-75.80419,37.521127],[-75.719999,37.496986],[-75.63926,37.466361],[-75.562765,37.429552],[-75.491262,37.386925],[-75.425448,37.338897],[-75.365956,37.285943],[-75.313358,37.228581],[-75.268152,37.167374],[-75.23076,37.10292],[-75.201528,37.035846],[-75.180717,36.966804],[-75.168505,36.896464],[-75.164988,36.825506],[-75.170173,36.754614],[-75.183989,36.684469],[-75.206278,36.615744],[-75.236806,36.549095],[-75.275261,36.485159],[-75.321258,36.424543],[-75.374343,36.367824],[-75.433999,36.315537],[-75.49965,36.268177],[-75.570666,36.226192],[-75.646371,36.189975],[-75.726047,36.159868],[-75.808942,36.136154],[-75.894275,36.119054],[-75.981246,36.10873],[-76.06904,36.105278],[-76.156833,36.10873],[-76.243804,36.119054],[-76.329138,36.136154],[-76.412033,36.159868],[-76.491709,36.189975],[-76.567413,36.226192],[-76.63843,36.268177],[-76.70408,36.315537],[-76.763736,36.367824],[-76.816821,36.424543],[-76.862818,36.485159],[-76.901273,36.549095],[-76.931801,36.615744],[-76.95409,36.684469],[-76.967906,36.754614],[-76.973092,36.825506],[-76.969574,36.896464],[-76.957362,36.966804],[-76.936551,37.035846],[-76.907319,37.10292],[-76.869928,37.167374],[-76.824721,37.228581],[-76.772123,37.285943],[-76.712632,37.338897],[-76.646817,37.386925],[-76.575314,37.429552],[-76.498819,37.466361],[-76.41808,37.496986],[-76.333889,37.521127],[-76.247077,37.538542],[-76.158502,37.549061],[-76.06904,37.552579]]]},"properties":{"siteId":"11353","propertyType":"PSI Owned","category":"OO"}},{"type":"Feature","geometry":{"type":"Polygon","coordinates":[[[-122.169361,48.29566],[-122.062755,48.292126],[-121.95722,48.281561],[-121.853812,48.264071],[-121.753568,48.239831],[-121.657484,48.209083],[-121.566514,48.172136],[-121.481553,48.129358],[-121.403431,48.081176],[-121.332904,48.028067],[-121.270644,47.970557],[-121.217237,47.909214],[-121.173177,47.844642],[-121.138859,47.777472],[-121.114579,47.70836],[-121.100534,47.637979],[-121.096818,47.567009],[-121.103425,47.496136],[-121.12025,47.426039],[-121.147092,47.357389],[-121.183656,47.290841],[-121.229559,47.227026],[-121.284336,47.166547],[-121.34744,47.109975],[-121.418253,47.057841],[-121.496091,47.010634],[-121.580209,46.968794],[-121.66981,46.932712],[-121.76405,46.902722],[-121.862049,46.879104],[-121.962893,46.862076],[-122.065647,46.851795],[-122.169361,46.848358],[-122.273074,46.851795],[-122.375829,46.862076],[-122.476673,46.879104],[-122.574672,46.902722],[-122.668912,46.932712],[-122.758513,46.968794],[-122.842631,47.010634],[-122.920469,47.057841],[-122.991282,47.109975],[-123.054386,47.166547],[-123.109163,47.227026],[-123.155066,47.290841],[-123.19163,47.357389],[-123.218472,47.426039],[-123.235297,47.496136],[-123.241903,47.567009],[-123.238187,47.637979],[-123.224142,47.70836],[-123.199863,47.777472],[-123.165545,47.844642],[-123.121485,47.909214],[-123.068078,47.970557],[-123.005818,48.028067],[-122.935291,48.081176],[-122.857169,48.129358],[-122.772208,48.172136],[-122.681238,48.209083],[-122.585154,48.239831],[-122.48491,48.264071],[-122.381502,48.281561],[-122.275967,48.292126],[-122.169361,48.29566]]]},"properties":{"siteId":"13203","propertyType":"PSI Authorized","category":"3P"}},{"type":"Feature","geometry":{"type":"Polygon","coordinates":[[[-122.767475,48.217025],[-122.661033,48.213492],[-122.555659,48.202927],[-122.452411,48.185437],[-122.352319,48.161198],[-122.256382,48.130452],[-122.16555,48.093506],[-122.080718,48.050729],[-122.002713,48.002548],[-121.932291,47.94944],[-121.870123,47.891932],[-121.816795,47.83059],[-121.772798,47.766019],[-121.738528,47.69885],[-121.714281,47.629739],[-121.700253,47.559358],[-121.696539,47.488388],[-121.703132,47.417515],[-121.719928,47.347417],[-121.746726,47.278767],[-121.783232,47.212218],[-121.829064,47.148401],[-121.883757,47.087922],[-121.946765,47.031348],[-122.017472,46.979213],[-122.095194,46.932005],[-122.179187,46.890164],[-122.268656,46.85408],[-122.362757,46.824089],[-122.460612,46.80047],[-122.561309,46.783441],[-122.663913,46.773161],[-122.767475,46.769723],[-122.871037,46.773161],[-122.973641,46.783441],[-123.074338,46.80047],[-123.172192,46.824089],[-123.266294,46.85408],[-123.355762,46.890164],[-123.439756,46.932005],[-123.517477,46.979213],[-123.588184,47.031348],[-123.651192,47.087922],[-123.705885,47.148401],[-123.751718,47.212218],[-123.788224,47.278767],[-123.815022,47.347417],[-123.831818,47.417515],[-123.838411,47.488388],[-123.834696,47.559358],[-123.820668,47.629739],[-123.796422,47.69885],[-123.762152,47.766019],[-123.718155,47.83059],[-123.664827,47.891932],[-123.602659,47.94944],[-123.532236,48.002548],[-123.454232,48.050729],[-123.369399,48.093506],[-123.278567,48.130452],[-123.18263,48.161198],[-123.082539,48.185437],[-122.97929,48.202927],[-122.873917,48.213492],[-122.767475,48.217025]]]},"properties":{"siteId":"5551","propertyType":"PSI Authorized","category":"3P"}},{"type":"Feature","geometry":{"type":"Polygon","coordinates":[[[-120.291819,48.136605],[-120.185544,48.133071],[-120.080335,48.122507],[-119.977248,48.105018],[-119.877313,48.08078],[-119.781525,48.050035],[-119.690834,48.01309],[-119.606132,47.970315],[-119.528247,47.922135],[-119.457932,47.869029],[-119.395858,47.811521],[-119.342609,47.750181],[-119.298676,47.68561],[-119.264456,47.618442],[-119.240242,47.549332],[-119.226232,47.478951],[-119.222519,47.407982],[-119.229098,47.337108],[-119.245865,47.26701],[-119.272618,47.198359],[-119.309065,47.131809],[-119.354825,47.067992],[-119.409433,47.007511],[-119.472344,46.950936],[-119.542942,46.8988],[-119.620546,46.85159],[-119.704412,46.809748],[-119.793745,46.773663],[-119.887706,46.743671],[-119.985414,46.720051],[-120.08596,46.703022],[-120.188412,46.69274],[-120.291819,46.689303],[-120.395227,46.69274],[-120.497678,46.703022],[-120.598224,46.720051],[-120.695932,46.743671],[-120.789893,46.773663],[-120.879227,46.809748],[-120.963093,46.85159],[-121.040696,46.8988],[-121.111294,46.950936],[-121.174205,47.007511],[-121.228813,47.067992],[-121.274573,47.131809],[-121.31102,47.198359],[-121.337774,47.26701],[-121.35454,47.337108],[-121.361119,47.407982],[-121.357406,47.478951],[-121.343396,47.549332],[-121.319183,47.618442],[-121.284962,47.68561],[-121.241029,47.750181],[-121.18778,47.811521],[-121.125706,47.869029],[-121.055391,47.922135],[-120.977506,47.970315],[-120.892804,48.01309],[-120.802113,48.050035],[-120.706325,48.08078],[-120.60639,48.105018],[-120.503303,48.122507],[-120.398094,48.133071],[-120.291819,48.136605]]]},"properties":{"siteId":"12085","propertyType":"PSI Authorized","category":"3P"}},{"type":"Feature","geometry":{"type":"Polygon","coordinates":[[[-120.543048,47.723328],[-120.437619,47.719796],[-120.333247,47.709234],[-120.230978,47.691748],[-120.131835,47.667514],[-120.036804,47.636774],[-119.946826,47.599836],[-119.862787,47.557068],[-119.785509,47.508895],[-119.715736,47.455796],[-119.654137,47.398295],[-119.601292,47.336961],[-119.557687,47.272396],[-119.523715,47.205232],[-119.499671,47.136125],[-119.48575,47.065746],[-119.482045,46.994777],[-119.488553,46.923902],[-119.50517,46.853802],[-119.531698,46.785148],[-119.567847,46.718593],[-119.613239,46.65477],[-119.667414,46.594283],[-119.729831,46.537702],[-119.79988,46.485559],[-119.876883,46.438342],[-119.960105,46.396493],[-120.048755,46.360402],[-120.141999,46.330405],[-120.238964,46.306781],[-120.338748,46.289748],[-120.440423,46.279465],[-120.543048,46.276027],[-120.645673,46.279465],[-120.747348,46.289748],[-120.847132,46.306781],[-120.944098,46.330405],[-121.037342,46.360402],[-121.125992,46.396493],[-121.209213,46.438342],[-121.286217,46.485559],[-121.356266,46.537702],[-121.418683,46.594283],[-121.472857,46.65477],[-121.51825,46.718593],[-121.554399,46.785148],[-121.580927,46.853802],[-121.597544,46.923902],[-121.604051,46.994777],[-121.600347,47.065746],[-121.586425,47.136125],[-121.562381,47.205232],[-121.52841,47.272396],[-121.484805,47.336961],[-121.431959,47.398295],[-121.37036,47.455796],[-121.300588,47.508895],[-121.223309,47.557068],[-121.139271,47.599836],[-121.049293,47.636774],[-120.954262,47.667514],[-120.855118,47.691748],[-120.752849,47.709234],[-120.648478,47.719796],[-120.543048,47.723328]]]},"properties":{"siteId":"6021","propertyType":"PSI Authorized","category":"3P"}},{"type":"Feature","geometry":{"type":"Polygon","coordinates":[[[-122.219112,48.634281],[-122.111793,48.630747],[-122.005551,48.62018],[-121.901453,48.602687],[-121.800541,48.578443],[-121.703819,48.547691],[-121.612247,48.510739],[-121.526727,48.467955],[-121.448094,48.419767],[-121.377108,48.366652],[-121.314447,48.309137],[-121.260701,48.247789],[-121.216365,48.183212],[-121.181837,48.116038],[-121.157415,48.046924],[-121.143295,47.976541],[-121.139572,47.905571],[-121.146239,47.834698],[-121.16319,47.764603],[-121.190222,47.695956],[-121.227038,47.629412],[-121.273252,47.565601],[-121.328394,47.505128],[-121.391914,47.448562],[-121.463191,47.396434],[-121.541534,47.349232],[-121.626196,47.307398],[-121.716373,47.27132],[-121.811218,47.241335],[-121.909843,47.21772],[-122.01133,47.200695],[-122.114739,47.190416],[-122.219112,47.186979],[-122.323485,47.190416],[-122.426894,47.200695],[-122.528381,47.21772],[-122.627006,47.241335],[-122.721851,47.27132],[-122.812028,47.307398],[-122.89669,47.349232],[-122.975033,47.396434],[-123.04631,47.448562],[-123.109831,47.505128],[-123.164972,47.565601],[-123.211186,47.629412],[-123.248002,47.695956],[-123.275034,47.764603],[-123.291985,47.834698],[-123.298652,47.905571],[-123.294929,47.976541],[-123.28081,48.046924],[-123.256387,48.116038],[-123.221859,48.183212],[-123.177523,48.247789],[-123.123777,48.309137],[-123.061116,48.366652],[-122.99013,48.419767],[-122.911497,48.467955],[-122.825977,48.510739],[-122.734405,48.547691],[-122.637683,48.578443],[-122.536771,48.602687],[-122.432673,48.62018],[-122.326431,48.630747],[-122.219112,48.634281]]]},"properties":{"siteId":"13204","propertyType":"PSI Authorized","category":"3P"}},{"type":"Feature","geometry":{"type":"Polygon","coordinates":[[[-122.328866,48.02219],[-122.222827,48.018657],[-122.117852,48.008093],[-122.014993,47.990605],[-121.915279,47.966368],[-121.819702,47.935624],[-121.72921,47.898682],[-121.644694,47.855908],[-121.566978,47.80773],[-121.496814,47.754626],[-121.434872,47.697121],[-121.381736,47.635782],[-121.337895,47.571213],[-121.303744,47.504046],[-121.279578,47.434937],[-121.265592,47.364556],[-121.261882,47.293587],[-121.268441,47.222713],[-121.285165,47.152615],[-121.311856,47.083963],[-121.34822,47.017411],[-121.393877,46.953592],[-121.448364,46.89311],[-121.511137,46.836533],[-121.581582,46.784395],[-121.659018,46.737183],[-121.742704,46.695339],[-121.831847,46.659252],[-121.925608,46.629259],[-122.023109,46.605638],[-122.123442,46.588608],[-122.225677,46.578326],[-122.328866,46.574888],[-122.432055,46.578326],[-122.53429,46.588608],[-122.634623,46.605638],[-122.732124,46.629259],[-122.825885,46.659252],[-122.915028,46.695339],[-122.998714,46.737183],[-123.07615,46.784395],[-123.146595,46.836533],[-123.209368,46.89311],[-123.263855,46.953592],[-123.309512,47.017411],[-123.345876,47.083963],[-123.372567,47.152615],[-123.389291,47.222713],[-123.39585,47.293587],[-123.39214,47.364556],[-123.378154,47.434937],[-123.353988,47.504046],[-123.319837,47.571213],[-123.275996,47.635782],[-123.22286,47.697121],[-123.160918,47.754626],[-123.090754,47.80773],[-123.013039,47.855908],[-122.928522,47.898682],[-122.83803,47.935624],[-122.742453,47.966368],[-122.642739,47.990605],[-122.53988,48.008093],[-122.434905,48.018657],[-122.328866,48.02219]]]},"properties":{"siteId":"13397","propertyType":"PSI Authorized","category":"3P"}},{"type":"Feature","geometry":{"type":"Polygon","coordinates":[[[-119.174767,46.936059],[-119.070897,46.932528],[-118.968068,46.92197],[-118.867309,46.90449],[-118.769626,46.880265],[-118.67599,46.849535],[-118.587328,46.812609],[-118.504513,46.769853],[-118.428352,46.721693],[-118.359582,46.668607],[-118.29886,46.611119],[-118.246758,46.549796],[-118.203757,46.485241],[-118.170246,46.418085],[-118.146515,46.348984],[-118.132758,46.278609],[-118.129069,46.207641],[-118.135445,46.136764],[-118.151787,46.06666],[-118.177899,45.997999],[-118.213499,45.931436],[-118.258213,45.867603],[-118.311589,45.807104],[-118.373096,45.750511],[-118.442131,45.698355],[-118.518028,45.651125],[-118.60006,45.609264],[-118.687449,45.573161],[-118.779371,45.543155],[-118.874966,45.519522],[-118.973343,45.502483],[-119.073586,45.492197],[-119.174767,45.488757],[-119.275947,45.492197],[-119.376191,45.502483],[-119.474567,45.519522],[-119.570162,45.543155],[-119.662085,45.573161],[-119.749473,45.609264],[-119.831505,45.651125],[-119.907402,45.698355],[-119.976437,45.750511],[-120.037944,45.807104],[-120.09132,45.867603],[-120.136035,45.931436],[-120.171634,45.997999],[-120.197747,46.06666],[-120.214088,46.136764],[-120.220464,46.207641],[-120.216776,46.278609],[-120.203019,46.348984],[-120.179288,46.418085],[-120.145776,46.485241],[-120.102776,46.549796],[-120.050673,46.611119],[-119.989951,46.668607],[-119.921181,46.721693],[-119.845021,46.769853],[-119.762205,46.812609],[-119.673544,46.849535],[-119.579908,46.880265],[-119.482224,46.90449],[-119.381465,46.92197],[-119.278636,46.932528],[-119.174767,46.936059]]]},"properties":{"siteId":"11943","propertyType":"PSI Authorized","category":"3P"}},{"type":"Feature","geometry":{"type":"Polygon","coordinates":[[[-122.559626,47.866756],[-122.453905,47.863224],[-122.349245,47.852661],[-122.246694,47.835174],[-122.147278,47.810938],[-122.051986,47.780197],[-121.961763,47.743256],[-121.877496,47.700486],[-121.800008,47.65231],[-121.730049,47.599209],[-121.668286,47.541706],[-121.615301,47.48037],[-121.571583,47.415803],[-121.537526,47.348637],[-121.513424,47.279529],[-121.499472,47.20915],[-121.495765,47.13818],[-121.502297,47.067306],[-121.518965,46.997207],[-121.54557,46.928554],[-121.581822,46.862],[-121.627341,46.79818],[-121.681665,46.737694],[-121.744252,46.681116],[-121.814491,46.628975],[-121.891701,46.58176],[-121.975144,46.539913],[-122.06403,46.503825],[-122.157521,46.473829],[-122.254742,46.450207],[-122.354789,46.433175],[-122.456731,46.422893],[-122.559626,46.419455],[-122.662521,46.422893],[-122.764463,46.433175],[-122.86451,46.450207],[-122.961731,46.473829],[-123.055222,46.503825],[-123.144108,46.539913],[-123.227551,46.58176],[-123.304761,46.628975],[-123.374999,46.681116],[-123.437587,46.737694],[-123.49191,46.79818],[-123.537429,46.862],[-123.573681,46.928554],[-123.600287,46.997207],[-123.616955,47.067306],[-123.623487,47.13818],[-123.61978,47.20915],[-123.605828,47.279529],[-123.581726,47.348637],[-123.547668,47.415803],[-123.503951,47.48037],[-123.450966,47.541706],[-123.389203,47.599209],[-123.319244,47.65231],[-123.241756,47.700486],[-123.157489,47.743256],[-123.067266,47.780197],[-122.971974,47.810938],[-122.872557,47.835174],[-122.770007,47.852661],[-122.665347,47.863224],[-122.559626,47.866756]]]},"properties":{"siteId":"11772","propertyType":"PSI Authorized","category":"3P"}},{"type":"Feature","geometry":{"type":"Polygon","coordinates":[[[-117.097026,48.398129],[-116.990206,48.394595],[-116.884458,48.38403],[-116.780843,48.366538],[-116.680398,48.342297],[-116.584122,48.311548],[-116.492971,48.2746],[-116.407842,48.23182],[-116.329567,48.183636],[-116.258901,48.130525],[-116.196521,48.073013],[-116.143012,48.011669],[-116.098869,47.947095],[-116.064488,47.879924],[-116.040165,47.810812],[-116.026098,47.74043],[-116.02238,47.66946],[-116.029005,47.598587],[-116.045868,47.528491],[-116.072766,47.459842],[-116.109406,47.393295],[-116.155403,47.329481],[-116.210289,47.269004],[-116.273518,47.212434],[-116.344471,47.160302],[-116.422461,47.113096],[-116.506742,47.071258],[-116.596517,47.035177],[-116.690939,47.005189],[-116.789126,46.981571],[-116.890163,46.964544],[-116.993114,46.954264],[-117.097026,46.950827],[-117.200938,46.954264],[-117.303889,46.964544],[-117.404927,46.981571],[-117.503114,47.005189],[-117.597536,47.035177],[-117.68731,47.071258],[-117.771591,47.113096],[-117.849581,47.160302],[-117.920534,47.212434],[-117.983763,47.269004],[-118.03865,47.329481],[-118.084647,47.393295],[-118.121286,47.459842],[-118.148185,47.528491],[-118.165048,47.598587],[-118.171673,47.66946],[-118.167955,47.74043],[-118.153887,47.810812],[-118.129565,47.879924],[-118.095183,47.947095],[-118.05104,48.011669],[-117.997532,48.073013],[-117.935151,48.130525],[-117.864486,48.183636],[-117.78621,48.23182],[-117.701081,48.2746],[-117.60993,48.311548],[-117.513655,48.342297],[-117.413209,48.366538],[-117.309594,48.38403],[-117.203846,48.394595],[-117.097026,48.398129]]]},"properties":{"siteId":"12754","propertyType":"MG TESTING","category":"3P"}},{"type":"Feature","geometry":{"type":"Polygon","coordinates":[[[-122.847894,47.770625],[-122.742369,47.767092],[-122.637902,47.75653],[-122.535541,47.739044],[-122.436307,47.71481],[-122.34119,47.684069],[-122.251132,47.64713],[-122.167018,47.604361],[-122.089671,47.556188],[-122.019837,47.503087],[-121.958184,47.445586],[-121.905293,47.384251],[-121.86165,47.319686],[-121.827651,47.252521],[-121.803588,47.183414],[-121.789656,47.113035],[-121.785951,47.042066],[-121.792466,46.971191],[-121.8091,46.901091],[-121.835654,46.832437],[-121.871837,46.765883],[-121.917271,46.702061],[-121.971494,46.641575],[-122.033967,46.584994],[-122.104079,46.532851],[-122.18115,46.485635],[-122.264444,46.443787],[-122.353172,46.407697],[-122.446497,46.377701],[-122.543547,46.354077],[-122.643417,46.337044],[-122.74518,46.326762],[-122.847894,46.323323],[-122.950607,46.326762],[-123.052371,46.337044],[-123.152241,46.354077],[-123.249291,46.377701],[-123.342616,46.407697],[-123.431343,46.443787],[-123.514638,46.485635],[-123.591709,46.532851],[-123.66182,46.584994],[-123.724294,46.641575],[-123.778517,46.702061],[-123.823951,46.765883],[-123.860134,46.832437],[-123.886688,46.901091],[-123.903321,46.971191],[-123.909837,47.042066],[-123.906132,47.113035],[-123.8922,47.183414],[-123.868137,47.252521],[-123.834137,47.319686],[-123.790495,47.384251],[-123.737604,47.445586],[-123.675951,47.503087],[-123.606117,47.556188],[-123.52877,47.604361],[-123.444656,47.64713],[-123.354597,47.684069],[-123.25948,47.71481],[-123.160247,47.739044],[-123.057886,47.75653],[-122.953419,47.767092],[-122.847894,47.770625]]]},"properties":{"siteId":"5093","propertyType":"PSI Owned","category":"OO"}},{"type":"Feature","geometry":{"type":"Polygon","coordinates":[[[-122.290591,47.827338],[-122.184951,47.823805],[-122.08037,47.813243],[-121.977897,47.795756],[-121.878556,47.771521],[-121.783336,47.74078],[-121.69318,47.70384],[-121.608976,47.66107],[-121.531546,47.612896],[-121.461638,47.559794],[-121.399921,47.502292],[-121.346974,47.440957],[-121.303287,47.37639],[-121.269254,47.309225],[-121.245168,47.240117],[-121.231224,47.169738],[-121.227517,47.098769],[-121.234043,47.027894],[-121.250697,46.957795],[-121.277281,46.889141],[-121.313505,46.822588],[-121.358989,46.758766],[-121.413271,46.698281],[-121.475812,46.641701],[-121.545998,46.58956],[-121.623151,46.542344],[-121.706533,46.500497],[-121.795354,46.464408],[-121.888777,46.434412],[-121.985928,46.410789],[-122.085902,46.393757],[-122.187771,46.383474],[-122.290591,46.380036],[-122.393411,46.383474],[-122.49528,46.393757],[-122.595254,46.410789],[-122.692405,46.434412],[-122.785828,46.464408],[-122.874649,46.500497],[-122.958031,46.542344],[-123.035184,46.58956],[-123.10537,46.641701],[-123.167911,46.698281],[-123.222193,46.758766],[-123.267677,46.822588],[-123.303901,46.889141],[-123.330485,46.957795],[-123.347139,47.027894],[-123.353665,47.098769],[-123.349958,47.169738],[-123.336014,47.240117],[-123.311928,47.309225],[-123.277895,47.37639],[-123.234208,47.440957],[-123.181261,47.502292],[-123.119544,47.559794],[-123.049636,47.612896],[-122.972206,47.66107],[-122.888002,47.70384],[-122.797846,47.74078],[-122.702626,47.771521],[-122.603285,47.795756],[-122.500812,47.813243],[-122.396231,47.823805],[-122.290591,47.827338]]]},"properties":{"siteId":"5552","propertyType":"PSI Authorized","category":"3P"}},{"type":"Feature","geometry":{"type":"Polygon","coordinates":[[[-119.272507,47.06743],[-119.168382,47.063898],[-119.0653,47.05334],[-118.964293,47.035859],[-118.866371,47.011632],[-118.772506,46.980901],[-118.683629,46.943973],[-118.600613,46.901215],[-118.524269,46.853053],[-118.455334,46.799965],[-118.394468,46.742475],[-118.342244,46.68115],[-118.299144,46.616593],[-118.265558,46.549436],[-118.241775,46.480334],[-118.227991,46.409958],[-118.2243,46.33899],[-118.230698,46.268114],[-118.247084,46.19801],[-118.273265,46.12935],[-118.308955,46.062789],[-118.35378,45.998957],[-118.407287,45.938461],[-118.468943,45.881869],[-118.538145,45.829715],[-118.614223,45.782487],[-118.69645,45.740628],[-118.784045,45.704528],[-118.876184,45.674522],[-118.972004,45.650891],[-119.070611,45.633854],[-119.17109,45.623568],[-119.272507,45.620128],[-119.373925,45.623568],[-119.474403,45.633854],[-119.57301,45.650891],[-119.66883,45.674522],[-119.760969,45.704528],[-119.848565,45.740628],[-119.930792,45.782487],[-120.00687,45.829715],[-120.076071,45.881869],[-120.137727,45.938461],[-120.191234,45.998957],[-120.23606,46.062789],[-120.271749,46.12935],[-120.29793,46.19801],[-120.314317,46.268114],[-120.320714,46.33899],[-120.317023,46.409958],[-120.303239,46.480334],[-120.279457,46.549436],[-120.24587,46.616593],[-120.20277,46.68115],[-120.150546,46.742475],[-120.08968,46.799965],[-120.020746,46.853053],[-119.944402,46.901215],[-119.861386,46.943973],[-119.772509,46.980901],[-119.678644,47.011632],[-119.580721,47.035859],[-119.479714,47.05334],[-119.376633,47.063898],[-119.272507,47.06743]]]},"properties":{"siteId":"17433","propertyType":"PSI Authorized","category":"3P"}},{"type":"Feature","geometry":{"type":"Polygon","coordinates":[[[-117.282735,48.388972],[-117.175934,48.385438],[-117.070205,48.374873],[-116.966609,48.357382],[-116.866181,48.33314],[-116.769923,48.302392],[-116.678788,48.265443],[-116.593674,48.222664],[-116.515412,48.17448],[-116.444759,48.121369],[-116.38239,48.063858],[-116.32889,48.002514],[-116.284754,47.93794],[-116.250379,47.870769],[-116.22606,47.801657],[-116.211995,47.731275],[-116.208277,47.660305],[-116.2149,47.589432],[-116.23176,47.519335],[-116.258653,47.450687],[-116.295286,47.384139],[-116.341275,47.320325],[-116.396151,47.259848],[-116.459369,47.203278],[-116.530309,47.151146],[-116.608286,47.10394],[-116.692553,47.062102],[-116.782311,47.02602],[-116.876717,46.996032],[-116.974887,46.972415],[-117.075907,46.955387],[-117.178841,46.945107],[-117.282735,46.94167],[-117.386629,46.945107],[-117.489563,46.955387],[-117.590583,46.972415],[-117.688753,46.996032],[-117.783159,47.02602],[-117.872917,47.062102],[-117.957184,47.10394],[-118.03516,47.151146],[-118.106101,47.203278],[-118.169319,47.259848],[-118.224195,47.320325],[-118.270184,47.384139],[-118.306817,47.450687],[-118.33371,47.519335],[-118.350569,47.589432],[-118.357193,47.660305],[-118.353475,47.731275],[-118.33941,47.801657],[-118.315091,47.870769],[-118.280715,47.93794],[-118.23658,48.002514],[-118.18308,48.063858],[-118.120711,48.121369],[-118.050057,48.17448],[-117.971796,48.222664],[-117.886682,48.265443],[-117.795547,48.302392],[-117.699289,48.33314],[-117.598861,48.357382],[-117.495265,48.374873],[-117.389536,48.385438],[-117.282735,48.388972]]]},"properties":{"siteId":"10653","propertyType":"PSI Owned","category":"OO"}},{"type":"Feature","geometry":{"type":"Polygon","coordinates":[[[-122.434711,47.839235],[-122.329046,47.835703],[-122.224441,47.82514],[-122.121945,47.807654],[-122.022581,47.783418],[-121.927339,47.752677],[-121.837163,47.715737],[-121.75294,47.672967],[-121.675493,47.624792],[-121.60557,47.571691],[-121.543838,47.514189],[-121.49088,47.452853],[-121.447184,47.388286],[-121.413143,47.321121],[-121.389052,47.252013],[-121.375106,47.181634],[-121.3714,47.110664],[-121.377927,47.03979],[-121.394585,46.969691],[-121.421176,46.901037],[-121.457408,46.834484],[-121.502903,46.770662],[-121.557198,46.710177],[-121.619752,46.653598],[-121.689954,46.601456],[-121.767124,46.554241],[-121.850525,46.512394],[-121.939365,46.476305],[-122.032809,46.446309],[-122.129981,46.422686],[-122.229977,46.405654],[-122.331868,46.395372],[-122.434711,46.391934],[-122.537553,46.395372],[-122.639445,46.405654],[-122.73944,46.422686],[-122.836613,46.446309],[-122.930056,46.476305],[-123.018896,46.512394],[-123.102297,46.554241],[-123.179467,46.601456],[-123.249669,46.653598],[-123.312224,46.710177],[-123.366519,46.770662],[-123.412013,46.834484],[-123.448246,46.901037],[-123.474836,46.969691],[-123.491495,47.03979],[-123.498022,47.110664],[-123.494315,47.181634],[-123.480369,47.252013],[-123.456278,47.321121],[-123.422237,47.388286],[-123.378541,47.452853],[-123.325583,47.514189],[-123.263852,47.571691],[-123.193929,47.624792],[-123.116481,47.672967],[-123.032258,47.715737],[-122.942082,47.752677],[-122.84684,47.783418],[-122.747476,47.807654],[-122.64498,47.82514],[-122.540375,47.835703],[-122.434711,47.839235]]]},"properties":{"siteId":"11771","propertyType":"PSI Authorized","category":"3P"}},{"type":"Feature","geometry":{"type":"Polygon","coordinates":[[[-122.523637,47.966432],[-122.417712,47.962899],[-122.31285,47.952336],[-122.210102,47.934848],[-122.110495,47.910612],[-122.015021,47.879869],[-121.924626,47.842927],[-121.840199,47.800154],[-121.762565,47.751977],[-121.692475,47.698874],[-121.630598,47.64137],[-121.577516,47.580032],[-121.533719,47.515463],[-121.499602,47.448297],[-121.475459,47.379188],[-121.461485,47.308808],[-121.457776,47.237839],[-121.464325,47.166965],[-121.481029,47.096866],[-121.507689,47.028214],[-121.544013,46.961662],[-121.589621,46.897842],[-121.644049,46.837359],[-121.706755,46.780781],[-121.777126,46.728642],[-121.85448,46.681429],[-121.938079,46.639584],[-122.02713,46.603497],[-122.120793,46.573503],[-122.218194,46.549881],[-122.318424,46.53285],[-122.420554,46.522568],[-122.523637,46.51913],[-122.62672,46.522568],[-122.72885,46.53285],[-122.82908,46.549881],[-122.92648,46.573503],[-123.020144,46.603497],[-123.109194,46.639584],[-123.192793,46.681429],[-123.270148,46.728642],[-123.340519,46.780781],[-123.403225,46.837359],[-123.457653,46.897842],[-123.50326,46.961662],[-123.539584,47.028214],[-123.566244,47.096866],[-123.582948,47.166965],[-123.589498,47.237839],[-123.585788,47.308808],[-123.571815,47.379188],[-123.547672,47.448297],[-123.513554,47.515463],[-123.469758,47.580032],[-123.416676,47.64137],[-123.354799,47.698874],[-123.284708,47.751977],[-123.207075,47.800154],[-123.122648,47.842927],[-123.032252,47.879869],[-122.936778,47.910612],[-122.837171,47.934848],[-122.734423,47.952336],[-122.629561,47.962899],[-122.523637,47.966432]]]},"properties":{"siteId":"5179","propertyType":"PSI Authorized","category":"3P"}},{"type":"Feature","geometry":{"type":"Polygon","coordinates":[[[-122.550759,46.3443],[-122.448019,46.34077],[-122.346308,46.330214],[-122.246642,46.31274],[-122.150016,46.288521],[-122.057391,46.257799],[-121.969683,46.220881],[-121.887754,46.178134],[-121.812403,46.129984],[-121.744359,46.076907],[-121.684273,46.019429],[-121.632709,45.958114],[-121.590147,45.893566],[-121.556969,45.826416],[-121.533466,45.757319],[-121.519828,45.686947],[-121.516151,45.615979],[-121.522433,45.545102],[-121.538575,45.474995],[-121.564387,45.406329],[-121.599588,45.33976],[-121.643812,45.275919],[-121.696609,45.215412],[-121.757456,45.158809],[-121.825757,45.106644],[-121.900852,45.059404],[-121.982022,45.017534],[-122.068497,44.981424],[-122.159461,44.95141],[-122.254063,44.927771],[-122.351419,44.910728],[-122.450625,44.900439],[-122.550759,44.896998],[-122.650893,44.900439],[-122.750099,44.910728],[-122.847455,44.927771],[-122.942057,44.95141],[-123.033021,44.981424],[-123.119496,45.017534],[-123.200666,45.059404],[-123.275761,45.106644],[-123.344062,45.158809],[-123.404909,45.215412],[-123.457706,45.275919],[-123.50193,45.33976],[-123.537131,45.406329],[-123.562943,45.474995],[-123.579085,45.545102],[-123.585367,45.615979],[-123.58169,45.686947],[-123.568052,45.757319],[-123.544549,45.826416],[-123.511371,45.893566],[-123.468809,45.958114],[-123.417245,46.019429],[-123.357159,46.076907],[-123.289115,46.129984],[-123.213764,46.178134],[-123.131835,46.220881],[-123.044127,46.257799],[-122.951502,46.288521],[-122.854876,46.31274],[-122.75521,46.330214],[-122.653499,46.34077],[-122.550759,46.3443]]]},"properties":{"siteId":"18073","propertyType":"PSI Owned","category":"OO"}},{"type":"Feature","geometry":{"type":"Polygon","coordinates":[[[-122.674391,46.689116],[-122.570997,46.685585],[-122.468639,46.675028],[-122.368341,46.65755],[-122.271103,46.633328],[-122.177892,46.602601],[-122.089632,46.565678],[-122.00719,46.522927],[-121.93137,46.474771],[-121.862906,46.421689],[-121.802452,46.364205],[-121.750577,46.302885],[-121.70776,46.238333],[-121.674389,46.17118],[-121.650754,46.10208],[-121.637048,46.031706],[-121.633364,45.960738],[-121.6397,45.889861],[-121.655958,45.819756],[-121.681944,45.751093],[-121.717375,45.684528],[-121.761883,45.620691],[-121.815015,45.560189],[-121.876244,45.503592],[-121.94497,45.451431],[-122.020529,45.404198],[-122.102198,45.362333],[-122.189202,45.326227],[-122.280721,45.296217],[-122.375898,45.272582],[-122.473845,45.255542],[-122.573651,45.245254],[-122.674391,45.241814],[-122.775131,45.245254],[-122.874938,45.255542],[-122.972885,45.272582],[-123.068061,45.296217],[-123.159581,45.326227],[-123.246584,45.362333],[-123.328253,45.404198],[-123.403812,45.451431],[-123.472538,45.503592],[-123.533767,45.560189],[-123.5869,45.620691],[-123.631407,45.684528],[-123.666839,45.751093],[-123.692825,45.819756],[-123.709082,45.889861],[-123.715419,45.960738],[-123.711735,46.031706],[-123.698028,46.10208],[-123.674393,46.17118],[-123.641022,46.238333],[-123.598206,46.302885],[-123.546331,46.364205],[-123.485876,46.421689],[-123.417412,46.474771],[-123.341593,46.522927],[-123.25915,46.565678],[-123.17089,46.602601],[-123.07768,46.633328],[-122.980442,46.65755],[-122.880143,46.675028],[-122.777785,46.685585],[-122.674391,46.689116]]]},"properties":{"siteId":"18248","propertyType":"PSI Authorized","category":"3P"}},{"type":"Feature","geometry":{"type":"Polygon","coordinates":[[[-120.557312,47.341664],[-120.452647,47.338132],[-120.349032,47.327572],[-120.247503,47.310089],[-120.149075,47.28586],[-120.054727,47.255125],[-119.965395,47.218192],[-119.881956,47.17543],[-119.805225,47.127264],[-119.735944,47.074171],[-119.674774,47.016676],[-119.622293,46.955348],[-119.578984,46.890787],[-119.545238,46.823627],[-119.521347,46.754523],[-119.507506,46.684146],[-119.50381,46.613178],[-119.510253,46.542302],[-119.526735,46.4722],[-119.553059,46.403543],[-119.588939,46.336984],[-119.633999,46.273156],[-119.687782,46.212663],[-119.749753,46.156076],[-119.819305,46.103926],[-119.895766,46.056703],[-119.978405,46.014848],[-120.066437,45.978752],[-120.159033,45.94875],[-120.255327,45.925121],[-120.354421,45.908086],[-120.455395,45.897801],[-120.557312,45.894362],[-120.659229,45.897801],[-120.760203,45.908086],[-120.859297,45.925121],[-120.955591,45.94875],[-121.048188,45.978752],[-121.13622,46.014848],[-121.218858,46.056703],[-121.295319,46.103926],[-121.364872,46.156076],[-121.426843,46.212663],[-121.480626,46.273156],[-121.525686,46.336984],[-121.561566,46.403543],[-121.58789,46.4722],[-121.604372,46.542302],[-121.610815,46.613178],[-121.607118,46.684146],[-121.593277,46.754523],[-121.569387,46.823627],[-121.535641,46.890787],[-121.492332,46.955348],[-121.43985,47.016676],[-121.378681,47.074171],[-121.3094,47.127264],[-121.232669,47.17543],[-121.14923,47.218192],[-121.059897,47.255125],[-120.96555,47.28586],[-120.867122,47.310089],[-120.765593,47.327572],[-120.661977,47.338132],[-120.557312,47.341664]]]},"properties":{"siteId":"13205","propertyType":"PSI Authorized","category":"3P"}},{"type":"Feature","geometry":{"type":"Polygon","coordinates":[[[-77.029725,39.619056],[-76.937651,39.615535],[-76.846491,39.605009],[-76.75715,39.587581],[-76.670513,39.563424],[-76.587435,39.532778],[-76.508733,39.495946],[-76.435178,39.453293],[-76.367485,39.40524],[-76.306309,39.35226],[-76.252236,39.294873],[-76.205777,39.233643],[-76.167366,39.169169],[-76.137355,39.102079],[-76.116011,39.033025],[-76.103517,38.962679],[-76.099965,38.891718],[-76.105365,38.820829],[-76.119636,38.750692],[-76.142617,38.681979],[-76.174064,38.615348],[-76.213654,38.551432],[-76.260989,38.490839],[-76.315601,38.434144],[-76.37696,38.381883],[-76.44447,38.334549],[-76.517486,38.292588],[-76.595313,38.256394],[-76.677213,38.226307],[-76.762415,38.202608],[-76.850117,38.185521],[-76.939499,38.175204],[-77.029725,38.171754],[-77.11995,38.175204],[-77.209332,38.185521],[-77.297035,38.202608],[-77.382236,38.226307],[-77.464136,38.256394],[-77.541963,38.292588],[-77.614979,38.334549],[-77.68249,38.381883],[-77.743848,38.434144],[-77.798461,38.490839],[-77.845796,38.551432],[-77.885385,38.615348],[-77.916832,38.681979],[-77.939813,38.750692],[-77.954085,38.820829],[-77.959484,38.891718],[-77.955933,38.962679],[-77.943438,39.033025],[-77.922095,39.102079],[-77.892084,39.169169],[-77.853673,39.233643],[-77.807214,39.294873],[-77.75314,39.35226],[-77.691964,39.40524],[-77.624272,39.453293],[-77.550717,39.495946],[-77.472015,39.532778],[-77.388937,39.563424],[-77.302299,39.587581],[-77.212958,39.605009],[-77.121799,39.615535],[-77.029725,39.619056]]]},"properties":{"siteId":"18072","propertyType":"PSI Authorized","category":"3P"}},{"type":"Feature","geometry":{"type":"Polygon","coordinates":[[[-81.187057,38.500442],[-81.09643,38.496923],[-81.006702,38.486401],[-80.918762,38.468979],[-80.833481,38.444831],[-80.751698,38.414197],[-80.674219,38.377378],[-80.601801,38.334739],[-80.535149,38.2867],[-80.474906,38.233734],[-80.42165,38.176361],[-80.375885,38.115143],[-80.338039,38.05068],[-80.308459,37.983598],[-80.28741,37.914552],[-80.275073,37.844209],[-80.27154,37.77325],[-80.276821,37.702359],[-80.29084,37.632217],[-80.313438,37.563498],[-80.344375,37.496857],[-80.383336,37.43293],[-80.42993,37.372325],[-80.483696,37.315616],[-80.544111,37.263341],[-80.610591,37.215993],[-80.6825,37.174018],[-80.759151,37.137812],[-80.839819,37.107714],[-80.923742,37.084007],[-81.010133,37.066912],[-81.098179,37.056592],[-81.187057,37.053141],[-81.275935,37.056592],[-81.363982,37.066912],[-81.450372,37.084007],[-81.534295,37.107714],[-81.614963,37.137812],[-81.691614,37.174018],[-81.763523,37.215993],[-81.830003,37.263341],[-81.890418,37.315616],[-81.944184,37.372325],[-81.990778,37.43293],[-82.029739,37.496857],[-82.060676,37.563498],[-82.083274,37.632217],[-82.097293,37.702359],[-82.102574,37.77325],[-82.099041,37.844209],[-82.086704,37.914552],[-82.065655,37.983598],[-82.036075,38.05068],[-81.998229,38.115143],[-81.952464,38.176361],[-81.899208,38.233734],[-81.838965,38.2867],[-81.772313,38.334739],[-81.699895,38.377378],[-81.622416,38.414197],[-81.540633,38.444831],[-81.455352,38.468979],[-81.367412,38.486401],[-81.277684,38.496923],[-81.187057,38.500442]]]},"properties":{"siteId":"18782","propertyType":"PSI Authorized","category":"3P"}},{"type":"Feature","geometry":{"type":"Polygon","coordinates":[[[-80.190216,40.156387],[-80.097417,40.152866],[-80.005541,40.142337],[-79.915499,40.124905],[-79.828183,40.100744],[-79.744456,40.070093],[-79.665142,40.033255],[-79.591018,39.990595],[-79.522805,39.942535],[-79.461162,39.889548],[-79.406679,39.832154],[-79.359873,39.770918],[-79.321179,39.706439],[-79.290952,39.639344],[-79.269461,39.570288],[-79.256888,39.499939],[-79.253328,39.428978],[-79.258787,39.35809],[-79.273185,39.287955],[-79.296358,39.219246],[-79.328059,39.152618],[-79.367964,39.088708],[-79.41567,39.028121],[-79.470706,38.971433],[-79.532536,38.919179],[-79.600563,38.871852],[-79.674134,38.829897],[-79.752548,38.793709],[-79.835065,38.763627],[-79.920906,38.739934],[-80.009266,38.722849],[-80.099316,38.712534],[-80.190216,38.709085],[-80.281115,38.712534],[-80.371166,38.722849],[-80.459525,38.739934],[-80.545366,38.763627],[-80.627883,38.793709],[-80.706298,38.829897],[-80.779869,38.871852],[-80.847895,38.919179],[-80.909725,38.971433],[-80.964762,39.028121],[-81.012468,39.088708],[-81.052372,39.152618],[-81.084073,39.219246],[-81.107247,39.287955],[-81.121645,39.35809],[-81.127104,39.428978],[-81.123543,39.499939],[-81.11097,39.570288],[-81.089479,39.639344],[-81.059252,39.706439],[-81.020559,39.770918],[-80.973752,39.832154],[-80.919269,39.889548],[-80.857627,39.942535],[-80.789414,39.990595],[-80.715289,40.033255],[-80.635975,40.070093],[-80.552249,40.100744],[-80.464933,40.124905],[-80.37489,40.142337],[-80.283014,40.152866],[-80.190216,40.156387]]]},"properties":{"siteId":"10492","propertyType":"PSI Authorized","category":"3P"}},{"type":"Feature","geometry":{"type":"Polygon","coordinates":[[[-82.458208,39.11631],[-82.366794,39.11279],[-82.276288,39.102265],[-82.187586,39.08484],[-82.101568,39.060688],[-82.019081,39.030047],[-81.940937,38.993221],[-81.867901,38.950574],[-81.800683,38.902527],[-81.739933,38.849554],[-81.686232,38.792173],[-81.64009,38.730949],[-81.601937,38.666479],[-81.572122,38.599393],[-81.550913,38.530343],[-81.53849,38.459998],[-81.534947,38.389038],[-81.540293,38.318148],[-81.554449,38.248009],[-81.577255,38.179293],[-81.60847,38.112657],[-81.647772,38.048736],[-81.694769,37.988138],[-81.748996,37.931437],[-81.809923,37.87917],[-81.876964,37.831829],[-81.949474,37.789862],[-82.026765,37.753662],[-82.108102,37.72357],[-82.192721,37.699868],[-82.279825,37.682777],[-82.368597,37.672459],[-82.458208,37.669008],[-82.547818,37.672459],[-82.636591,37.682777],[-82.723695,37.699868],[-82.808313,37.72357],[-82.889651,37.753662],[-82.966941,37.789862],[-83.039452,37.831829],[-83.106492,37.87917],[-83.16742,37.931437],[-83.221647,37.988138],[-83.268644,38.048736],[-83.307946,38.112657],[-83.339161,38.179293],[-83.361967,38.248009],[-83.376123,38.318148],[-83.381468,38.389038],[-83.377926,38.459998],[-83.365502,38.530343],[-83.344293,38.599393],[-83.314479,38.666479],[-83.276326,38.730949],[-83.230183,38.792173],[-83.176483,38.849554],[-83.115733,38.902527],[-83.048515,38.950574],[-82.975479,38.993221],[-82.897335,39.030047],[-82.814848,39.060688],[-82.728829,39.08484],[-82.640128,39.102265],[-82.549622,39.11279],[-82.458208,39.11631]]]},"properties":{"siteId":"12311","propertyType":"PSI Authorized","category":"3P"}},{"type":"Feature","geometry":{"type":"Polygon","coordinates":[[[-78.001564,40.161889],[-77.908758,40.158368],[-77.816874,40.147839],[-77.726824,40.130408],[-77.639501,40.106246],[-77.555768,40.075595],[-77.476448,40.038757],[-77.402317,39.996097],[-77.334099,39.948037],[-77.272451,39.895049],[-77.217965,39.837656],[-77.171154,39.77642],[-77.132458,39.71194],[-77.102228,39.644846],[-77.080736,39.575789],[-77.068162,39.50544],[-77.064602,39.43448],[-77.070061,39.363591],[-77.084461,39.293456],[-77.107636,39.224747],[-77.13934,39.15812],[-77.179247,39.094209],[-77.226957,39.033623],[-77.281998,38.976935],[-77.343833,38.924681],[-77.411865,38.877354],[-77.485442,38.835399],[-77.563862,38.799211],[-77.646386,38.769129],[-77.732233,38.745436],[-77.8206,38.728351],[-77.910657,38.718037],[-78.001564,38.714587],[-78.09247,38.718037],[-78.182527,38.728351],[-78.270894,38.745436],[-78.356742,38.769129],[-78.439265,38.799211],[-78.517686,38.835399],[-78.591262,38.877354],[-78.659294,38.924681],[-78.721129,38.976935],[-78.77617,39.033623],[-78.82388,39.094209],[-78.863787,39.15812],[-78.895491,39.224747],[-78.918667,39.293456],[-78.933066,39.363591],[-78.938525,39.43448],[-78.934965,39.50544],[-78.922391,39.575789],[-78.900899,39.644846],[-78.87067,39.71194],[-78.831973,39.77642],[-78.785163,39.837656],[-78.730676,39.895049],[-78.669028,39.948037],[-78.60081,39.996097],[-78.52668,40.038757],[-78.447359,40.075595],[-78.363626,40.106246],[-78.276303,40.130408],[-78.186253,40.147839],[-78.09437,40.158368],[-78.001564,40.161889]]]},"properties":{"siteId":"12718","propertyType":"PSI Authorized","category":"3P"}},{"type":"Feature","geometry":{"type":"Polygon","coordinates":[[[-80.721858,40.787173],[-80.628184,40.783651],[-80.535441,40.773119],[-80.444551,40.755684],[-80.356415,40.731517],[-80.271904,40.700859],[-80.19185,40.664014],[-80.117038,40.621346],[-80.048196,40.573277],[-79.985988,40.520282],[-79.931012,40.462881],[-79.883785,40.401637],[-79.84475,40.337151],[-79.814262,40.270051],[-79.792593,40.200991],[-79.779926,40.13064],[-79.776354,40.059679],[-79.781885,39.988791],[-79.796436,39.918659],[-79.819841,39.849954],[-79.851851,39.783332],[-79.892135,39.719428],[-79.94029,39.658849],[-79.995839,39.602169],[-80.058239,39.549923],[-80.126889,39.502604],[-80.20113,39.460657],[-80.280256,39.424476],[-80.363518,39.394401],[-80.450132,39.370712],[-80.539285,39.353632],[-80.630143,39.343319],[-80.721858,39.339871],[-80.813572,39.343319],[-80.90443,39.353632],[-80.993584,39.370712],[-81.080198,39.394401],[-81.16346,39.424476],[-81.242586,39.460657],[-81.316826,39.502604],[-81.385476,39.549923],[-81.447877,39.602169],[-81.503426,39.658849],[-81.55158,39.719428],[-81.591865,39.783332],[-81.623874,39.849954],[-81.64728,39.918659],[-81.661831,39.988791],[-81.667361,40.059679],[-81.66379,40.13064],[-81.651122,40.200991],[-81.629453,40.270051],[-81.598966,40.337151],[-81.55993,40.401637],[-81.512704,40.462881],[-81.457727,40.520282],[-81.39552,40.573277],[-81.326677,40.621346],[-81.251865,40.664014],[-81.171812,40.700859],[-81.087301,40.731517],[-80.999165,40.755684],[-80.908275,40.773119],[-80.815532,40.783651],[-80.721858,40.787173]]]},"properties":{"siteId":"11865","propertyType":"PSI Authorized","category":"3P"}},{"type":"Feature","geometry":{"type":"Polygon","coordinates":[[[-88.063354,45.248171],[-87.962615,45.244643],[-87.862884,45.234092],[-87.765155,45.216626],[-87.670403,45.192418],[-87.579568,45.16171],[-87.493549,45.124807],[-87.413189,45.082077],[-87.339274,45.033945],[-87.272518,44.980885],[-87.213557,44.923423],[-87.16295,44.862123],[-87.121164,44.797588],[-87.088578,44.730449],[-87.065478,44.66136],[-87.052053,44.590992],[-87.048398,44.520026],[-87.054512,44.449146],[-87.070302,44.379034],[-87.095582,44.31036],[-87.130078,44.243779],[-87.173432,44.179925],[-87.225205,44.119403],[-87.284884,44.062783],[-87.351883,44.010601],[-87.425557,43.963345],[-87.505199,43.921458],[-87.590053,43.885333],[-87.67932,43.855306],[-87.772161,43.831657],[-87.86771,43.814606],[-87.965076,43.804311],[-88.063354,43.800869],[-88.161633,43.804311],[-88.258999,43.814606],[-88.354547,43.831657],[-88.447388,43.855306],[-88.536655,43.885333],[-88.62151,43.921458],[-88.701152,43.963345],[-88.774825,44.010601],[-88.841825,44.062783],[-88.901503,44.119403],[-88.953276,44.179925],[-88.99663,44.243779],[-89.031126,44.31036],[-89.056406,44.379034],[-89.072196,44.449146],[-89.078311,44.520026],[-89.074656,44.590992],[-89.061231,44.66136],[-89.03813,44.730449],[-89.005545,44.797588],[-88.963759,44.862123],[-88.913151,44.923423],[-88.854191,44.980885],[-88.787434,45.033945],[-88.713519,45.082077],[-88.63316,45.124807],[-88.54714,45.16171],[-88.456306,45.192418],[-88.361554,45.216626],[-88.263825,45.234092],[-88.164093,45.244643],[-88.063354,45.248171]]]},"properties":{"siteId":"11612","propertyType":"PSI Authorized","category":"3P"}},{"type":"Feature","geometry":{"type":"Polygon","coordinates":[[[-91.232545,44.537111],[-91.133043,44.533583],[-91.034536,44.523036],[-90.938005,44.505575],[-90.844412,44.481374],[-90.754685,44.450674],[-90.669711,44.413782],[-90.590323,44.371062],[-90.517296,44.32294],[-90.451336,44.269892],[-90.393073,44.21244],[-90.343057,44.15115],[-90.301752,44.086623],[-90.269533,44.019491],[-90.246683,43.950406],[-90.233389,43.880041],[-90.229748,43.809076],[-90.23576,43.738195],[-90.251332,43.668079],[-90.276283,43.5994],[-90.310344,43.532812],[-90.35316,43.46895],[-90.404299,43.408418],[-90.463254,43.351788],[-90.529448,43.299595],[-90.602242,43.252328],[-90.680939,43.210431],[-90.764791,43.174297],[-90.853007,43.144261],[-90.944758,43.120606],[-91.039188,43.10355],[-91.135415,43.093252],[-91.232545,43.089809],[-91.329674,43.093252],[-91.425902,43.10355],[-91.520331,43.120606],[-91.612082,43.144261],[-91.700298,43.174297],[-91.78415,43.210431],[-91.862847,43.252328],[-91.935641,43.299595],[-92.001835,43.351788],[-92.06079,43.408418],[-92.111929,43.46895],[-92.154746,43.532812],[-92.188806,43.5994],[-92.213757,43.668079],[-92.229329,43.738195],[-92.235341,43.809076],[-92.2317,43.880041],[-92.218407,43.950406],[-92.195556,44.019491],[-92.163337,44.086623],[-92.122032,44.15115],[-92.072016,44.21244],[-92.013753,44.269892],[-91.947793,44.32294],[-91.874766,44.371062],[-91.795378,44.413782],[-91.710404,44.450674],[-91.620677,44.481374],[-91.527084,44.505575],[-91.430553,44.523036],[-91.332046,44.533583],[-91.232545,44.537111]]]},"properties":{"siteId":"5930","propertyType":"PSI Authorized","category":"3P"}},{"type":"Feature","geometry":{"type":"Polygon","coordinates":[[[-89.325548,43.862678],[-89.227179,43.859152],[-89.129792,43.848608],[-89.034357,43.831151],[-88.941824,43.806957],[-88.853111,43.776265],[-88.769092,43.739381],[-88.690594,43.696671],[-88.618379,43.648559],[-88.553148,43.595521],[-88.495523,43.538079],[-88.446049,43.476797],[-88.405184,43.412278],[-88.373301,43.345152],[-88.35068,43.276072],[-88.337508,43.20571],[-88.333879,43.134745],[-88.339797,43.063863],[-88.355171,42.993744],[-88.379821,42.92506],[-88.413483,42.858466],[-88.455807,42.794595],[-88.506366,42.734054],[-88.564659,42.677415],[-88.630117,42.625212],[-88.702106,42.577936],[-88.779937,42.536029],[-88.862871,42.499886],[-88.950125,42.469843],[-89.040879,42.446181],[-89.134284,42.429121],[-89.229469,42.41882],[-89.325548,42.415376],[-89.421626,42.41882],[-89.516811,42.429121],[-89.610216,42.446181],[-89.70097,42.469843],[-89.788224,42.499886],[-89.871158,42.536029],[-89.948989,42.577936],[-90.020978,42.625212],[-90.086436,42.677415],[-90.144729,42.734054],[-90.195289,42.794595],[-90.237613,42.858466],[-90.271274,42.92506],[-90.295925,42.993744],[-90.311298,43.063863],[-90.317216,43.134745],[-90.313588,43.20571],[-90.300416,43.276072],[-90.277794,43.345152],[-90.245911,43.412278],[-90.205047,43.476797],[-90.155572,43.538079],[-90.097947,43.595521],[-90.032716,43.648559],[-89.960502,43.696671],[-89.882003,43.739381],[-89.797984,43.776265],[-89.709271,43.806957],[-89.616738,43.831151],[-89.521304,43.848608],[-89.423916,43.859152],[-89.325548,43.862678]]]},"properties":{"siteId":"5186","propertyType":"PSI Authorized","category":"3P"}},{"type":"Feature","geometry":{"type":"Polygon","coordinates":[[[-89.423551,46.333447],[-89.320832,46.329917],[-89.21914,46.319362],[-89.119494,46.301887],[-89.022888,46.277668],[-88.930281,46.246947],[-88.84259,46.210029],[-88.760677,46.167283],[-88.68534,46.119133],[-88.61731,46.066056],[-88.557235,46.008577],[-88.505681,45.947263],[-88.463127,45.882715],[-88.429955,45.815566],[-88.406456,45.746469],[-88.39282,45.676096],[-88.389144,45.605129],[-88.395423,45.534251],[-88.411562,45.464144],[-88.437369,45.395478],[-88.472563,45.328909],[-88.516777,45.265068],[-88.569565,45.204561],[-88.6304,45.147958],[-88.698687,45.095792],[-88.773768,45.048553],[-88.854922,45.006682],[-88.94138,44.970572],[-89.032327,44.940557],[-89.126911,44.916919],[-89.224249,44.899876],[-89.323436,44.889586],[-89.423551,44.886146],[-89.523666,44.889586],[-89.622853,44.899876],[-89.720191,44.916919],[-89.814775,44.940557],[-89.905722,44.970572],[-89.992181,45.006682],[-90.073335,45.048553],[-90.148415,45.095792],[-90.216703,45.147958],[-90.277538,45.204561],[-90.330325,45.265068],[-90.37454,45.328909],[-90.409734,45.395478],[-90.43554,45.464144],[-90.451679,45.534251],[-90.457959,45.605129],[-90.454282,45.676096],[-90.440647,45.746469],[-90.417147,45.815566],[-90.383976,45.882715],[-90.341421,45.947263],[-90.289868,46.008577],[-90.229792,46.066056],[-90.161762,46.119133],[-90.086426,46.167283],[-90.004513,46.210029],[-89.916821,46.246947],[-89.824214,46.277668],[-89.727608,46.301887],[-89.627962,46.319362],[-89.526271,46.329917],[-89.423551,46.333447]]]},"properties":{"siteId":"17436","propertyType":"PSI Authorized","category":"3P"}},{"type":"Feature","geometry":{"type":"Polygon","coordinates":[[[-89.570347,45.252566],[-89.469601,45.249038],[-89.369861,45.238488],[-89.272125,45.221021],[-89.177365,45.196813],[-89.086524,45.166105],[-89.000498,45.129202],[-88.920132,45.086472],[-88.846212,45.03834],[-88.77945,44.98528],[-88.720485,44.927818],[-88.669874,44.866518],[-88.628085,44.801983],[-88.595497,44.734844],[-88.572395,44.665755],[-88.558969,44.595386],[-88.555314,44.52442],[-88.561429,44.453541],[-88.577221,44.383428],[-88.602503,44.314754],[-88.637002,44.248174],[-88.680359,44.18432],[-88.732136,44.123798],[-88.791819,44.067178],[-88.858823,44.014996],[-88.932502,43.96774],[-89.012151,43.925853],[-89.097011,43.889728],[-89.186285,43.859701],[-89.279133,43.836052],[-89.374688,43.819001],[-89.472062,43.808707],[-89.570347,43.805265],[-89.668633,43.808707],[-89.766006,43.819001],[-89.861562,43.836052],[-89.95441,43.859701],[-90.043683,43.889728],[-90.128544,43.925853],[-90.208192,43.96774],[-90.281871,44.014996],[-90.348876,44.067178],[-90.408558,44.123798],[-90.460335,44.18432],[-90.503693,44.248174],[-90.538192,44.314754],[-90.563474,44.383428],[-90.579265,44.453541],[-90.58538,44.52442],[-90.581725,44.595386],[-90.568299,44.665755],[-90.545197,44.734844],[-90.512609,44.801983],[-90.47082,44.866518],[-90.420209,44.927818],[-90.361245,44.98528],[-90.294483,45.03834],[-90.220562,45.086472],[-90.140197,45.129202],[-90.054171,45.166105],[-89.963329,45.196813],[-89.86857,45.221021],[-89.770833,45.238488],[-89.671094,45.249038],[-89.570347,45.252566]]]},"properties":{"siteId":"9025","propertyType":"PSI Authorized","category":"3P"}},{"type":"Feature","geometry":{"type":"Polygon","coordinates":[[[-88.227437,43.774547],[-88.129213,43.77102],[-88.03197,43.760477],[-87.936675,43.743021],[-87.844278,43.718827],[-87.755695,43.688136],[-87.671799,43.651254],[-87.593414,43.608546],[-87.521304,43.560435],[-87.456166,43.507398],[-87.398623,43.449956],[-87.349218,43.388677],[-87.30841,43.324158],[-87.27657,43.257033],[-87.253977,43.187954],[-87.240821,43.117591],[-87.237194,43.046627],[-87.2431,42.975745],[-87.258448,42.905625],[-87.28306,42.83694],[-87.316671,42.770346],[-87.358932,42.706474],[-87.409417,42.645932],[-87.467625,42.589292],[-87.532988,42.537087],[-87.604874,42.48981],[-87.682595,42.447902],[-87.765411,42.411758],[-87.852542,42.381714],[-87.943168,42.358051],[-88.036442,42.34099],[-88.131493,42.330689],[-88.227437,42.327245],[-88.32338,42.330689],[-88.418432,42.34099],[-88.511706,42.358051],[-88.602332,42.381714],[-88.689462,42.411758],[-88.772279,42.447902],[-88.849999,42.48981],[-88.921885,42.537087],[-88.987248,42.589292],[-89.045457,42.645932],[-89.095942,42.706474],[-89.138203,42.770346],[-89.171814,42.83694],[-89.196426,42.905625],[-89.211774,42.975745],[-89.217679,43.046627],[-89.214053,43.117591],[-89.200896,43.187954],[-89.178304,43.257033],[-89.146464,43.324158],[-89.105656,43.388677],[-89.056251,43.449956],[-88.998708,43.507398],[-88.93357,43.560435],[-88.86146,43.608546],[-88.783075,43.651254],[-88.699179,43.688136],[-88.610595,43.718827],[-88.518198,43.743021],[-88.422904,43.760477],[-88.32566,43.77102],[-88.227437,43.774547]]]},"properties":{"siteId":"12658","propertyType":"PSI Authorized","category":"3P"}},{"type":"Feature","geometry":{"type":"Polygon","coordinates":[[[-106.325066,43.557685],[-106.227196,43.554159],[-106.130303,43.543617],[-106.035352,43.526162],[-105.943287,43.501971],[-105.85502,43.471282],[-105.771423,43.434402],[-105.693316,43.391697],[-105.62146,43.34359],[-105.55655,43.290556],[-105.499207,43.233118],[-105.449971,43.17184],[-105.409301,43.107325],[-105.377566,43.040201],[-105.355046,42.971123],[-105.341927,42.900762],[-105.338305,42.829798],[-105.344181,42.758915],[-105.359467,42.688795],[-105.383985,42.620108],[-105.417471,42.553511],[-105.459578,42.489638],[-105.509882,42.429093],[-105.567883,42.372449],[-105.633016,42.320242],[-105.70465,42.272961],[-105.7821,42.23105],[-105.864629,42.194903],[-105.951459,42.164857],[-106.041773,42.141192],[-106.134726,42.124129],[-106.229451,42.113828],[-106.325066,42.110383],[-106.420681,42.113828],[-106.515406,42.124129],[-106.608359,42.141192],[-106.698673,42.164857],[-106.785503,42.194903],[-106.868032,42.23105],[-106.945482,42.272961],[-107.017116,42.320242],[-107.082249,42.372449],[-107.14025,42.429093],[-107.190554,42.489638],[-107.232661,42.553511],[-107.266147,42.620108],[-107.290665,42.688795],[-107.305951,42.758915],[-107.311827,42.829798],[-107.308205,42.900762],[-107.295086,42.971123],[-107.272566,43.040201],[-107.240831,43.107325],[-107.200161,43.17184],[-107.150925,43.233118],[-107.093582,43.290556],[-107.028671,43.34359],[-106.956816,43.391697],[-106.878709,43.434402],[-106.795112,43.471282],[-106.706845,43.501971],[-106.61478,43.526162],[-106.519829,43.543617],[-106.422935,43.554159],[-106.325066,43.557685]]]},"properties":{"siteId":"5182","propertyType":"PSI Authorized","category":"3P"}},{"type":"Feature","geometry":{"type":"Polygon","coordinates":[[[-104.777169,41.826076],[-104.68199,41.822553],[-104.587759,41.812017],[-104.495413,41.794575],[-104.405868,41.770399],[-104.32001,41.73973],[-104.238686,41.702872],[-104.162692,41.660191],[-104.092769,41.612108],[-104.029592,41.559098],[-103.973766,41.501684],[-103.925819,41.440428],[-103.886197,41.375931],[-103.855262,41.308822],[-103.833287,41.239756],[-103.820457,41.169401],[-103.816867,41.098439],[-103.822521,41.027553],[-103.837336,40.957425],[-103.86114,40.888727],[-103.893679,40.822114],[-103.934617,40.758221],[-103.983542,40.697654],[-104.03997,40.640988],[-104.103351,40.588756],[-104.173071,40.541451],[-104.248463,40.499517],[-104.32881,40.463349],[-104.413352,40.433284],[-104.501293,40.409604],[-104.59181,40.39253],[-104.684055,40.382221],[-104.777169,40.378775],[-104.870283,40.382221],[-104.962528,40.39253],[-105.053045,40.409604],[-105.140986,40.433284],[-105.225528,40.463349],[-105.305875,40.499517],[-105.381267,40.541451],[-105.450987,40.588756],[-105.514367,40.640988],[-105.570796,40.697654],[-105.619721,40.758221],[-105.660659,40.822114],[-105.693198,40.888727],[-105.717002,40.957425],[-105.731816,41.027553],[-105.737471,41.098439],[-105.733881,41.169401],[-105.721051,41.239756],[-105.699076,41.308822],[-105.668141,41.375931],[-105.628519,41.440428],[-105.580572,41.501684],[-105.524746,41.559098],[-105.461569,41.612108],[-105.391646,41.660191],[-105.315652,41.702872],[-105.234328,41.73973],[-105.14847,41.770399],[-105.058925,41.794575],[-104.966578,41.812017],[-104.872347,41.822553],[-104.777169,41.826076]]]},"properties":{"siteId":"17479","propertyType":"PSI Authorized","category":"3P"}},{"type":"Feature","geometry":{"type":"Polygon","coordinates":[[[-104.80067,41.832276],[-104.705483,41.828753],[-104.611243,41.818217],[-104.518887,41.800775],[-104.429334,41.776599],[-104.343468,41.74593],[-104.262135,41.709072],[-104.186134,41.66639],[-104.116205,41.618307],[-104.053022,41.565298],[-103.997191,41.507883],[-103.949239,41.446627],[-103.909614,41.38213],[-103.878675,41.315022],[-103.856699,41.245955],[-103.843868,41.1756],[-103.840278,41.104638],[-103.845933,41.033752],[-103.860749,40.963624],[-103.884555,40.894926],[-103.917098,40.828313],[-103.95804,40.76442],[-104.00697,40.703854],[-104.063404,40.647187],[-104.12679,40.594955],[-104.196517,40.54765],[-104.271916,40.505717],[-104.35227,40.469548],[-104.43682,40.439484],[-104.524769,40.415804],[-104.615294,40.39873],[-104.707548,40.388421],[-104.80067,40.384975],[-104.893793,40.388421],[-104.986047,40.39873],[-105.076572,40.415804],[-105.164521,40.439484],[-105.249071,40.469548],[-105.329425,40.505717],[-105.404824,40.54765],[-105.474551,40.594955],[-105.537937,40.647187],[-105.594371,40.703854],[-105.643301,40.76442],[-105.684243,40.828313],[-105.716785,40.894926],[-105.740592,40.963624],[-105.755408,41.033752],[-105.761063,41.104638],[-105.757473,41.1756],[-105.744642,41.245955],[-105.722665,41.315022],[-105.691727,41.38213],[-105.652102,41.446627],[-105.60415,41.507883],[-105.548319,41.565298],[-105.485136,41.618307],[-105.415207,41.66639],[-105.339205,41.709072],[-105.257873,41.74593],[-105.172007,41.776599],[-105.082454,41.800775],[-104.990098,41.818217],[-104.895858,41.828753],[-104.80067,41.832276]]]},"properties":{"siteId":"10789","propertyType":"MG TESTING","category":"3P"}},{"type":"Feature","geometry":{"type":"Polygon","coordinates":[[[-109.469571,42.22129],[-109.373799,42.217766],[-109.278981,42.207229],[-109.18606,42.189784],[-109.095959,42.165605],[-109.00957,42.134931],[-108.927745,42.098069],[-108.851285,42.055382],[-108.780935,42.007294],[-108.717376,41.954278],[-108.661216,41.896859],[-108.612984,41.835598],[-108.573131,41.771097],[-108.542019,41.703985],[-108.519924,41.634916],[-108.50703,41.56456],[-108.503433,41.493597],[-108.509136,41.422712],[-108.524055,41.352586],[-108.548016,41.28389],[-108.580764,41.217281],[-108.621959,41.153392],[-108.671189,41.09283],[-108.727964,41.036169],[-108.791731,40.983942],[-108.861873,40.936643],[-108.937719,40.894714],[-109.018547,40.858551],[-109.103594,40.82849],[-109.192059,40.804813],[-109.283113,40.787742],[-109.375905,40.777435],[-109.469571,40.773989],[-109.563236,40.777435],[-109.656029,40.787742],[-109.747083,40.804813],[-109.835548,40.82849],[-109.920594,40.858551],[-110.001422,40.894714],[-110.077268,40.936643],[-110.147411,40.983942],[-110.211178,41.036169],[-110.267953,41.09283],[-110.317182,41.153392],[-110.358378,41.217281],[-110.391126,41.28389],[-110.415087,41.352586],[-110.430006,41.422712],[-110.435709,41.493597],[-110.432111,41.56456],[-110.419218,41.634916],[-110.397122,41.703985],[-110.366011,41.771097],[-110.326157,41.835598],[-110.277926,41.896859],[-110.221765,41.954278],[-110.158206,42.007294],[-110.087857,42.055382],[-110.011397,42.098069],[-109.929571,42.134931],[-109.843182,42.165605],[-109.753082,42.189784],[-109.660161,42.207229],[-109.565343,42.217766],[-109.469571,42.22129]]]},"properties":{"siteId":"11856","propertyType":"PSI Authorized","category":"3P"}},{"type":"Feature","geometry":{"type":"Polygon","coordinates":[[[-70.102884,42.01108],[-70.00743,42.007556],[-69.912925,41.99702],[-69.820311,41.979576],[-69.730508,41.955399],[-69.644402,41.924727],[-69.562845,41.887867],[-69.486634,41.845183],[-69.416512,41.797098],[-69.353158,41.744086],[-69.297176,41.686669],[-69.249096,41.625411],[-69.209366,41.560912],[-69.178349,41.493802],[-69.156318,41.424734],[-69.143459,41.354379],[-69.139865,41.283416],[-69.145542,41.212531],[-69.160405,41.142403],[-69.184282,41.073706],[-69.216918,41.007095],[-69.257977,40.943204],[-69.307043,40.88264],[-69.363633,40.825976],[-69.427194,40.773746],[-69.497111,40.726444],[-69.572714,40.684513],[-69.653285,40.648346],[-69.738062,40.618283],[-69.826247,40.594605],[-69.917014,40.577532],[-70.009514,40.567225],[-70.102884,40.563778],[-70.196255,40.567225],[-70.288755,40.577532],[-70.379522,40.594605],[-70.467707,40.618283],[-70.552484,40.648346],[-70.633055,40.684513],[-70.708658,40.726444],[-70.778575,40.773746],[-70.842135,40.825976],[-70.898725,40.88264],[-70.947792,40.943204],[-70.98885,41.007095],[-71.021486,41.073706],[-71.045364,41.142403],[-71.060227,41.212531],[-71.065904,41.283416],[-71.06231,41.354379],[-71.049451,41.424734],[-71.02742,41.493802],[-70.996402,41.560912],[-70.956673,41.625411],[-70.908593,41.686669],[-70.852611,41.744086],[-70.789256,41.797098],[-70.719135,41.845183],[-70.642924,41.887867],[-70.561366,41.924727],[-70.475261,41.955399],[-70.385457,41.979576],[-70.292844,41.99702],[-70.198339,42.007556],[-70.102884,42.01108]]]},"properties":{"siteId":"17143","propertyType":"PSI Authorized","category":"3P"}},{"type":"Feature","geometry":{"type":"Polygon","coordinates":[[[-72.594516,42.828127],[-72.497809,42.824603],[-72.402067,42.814063],[-72.308241,42.796614],[-72.217265,42.772429],[-72.130039,42.741749],[-72.047424,42.704878],[-71.97023,42.662183],[-71.89921,42.614086],[-71.835048,42.561063],[-71.77836,42.503635],[-71.729681,42.442367],[-71.689464,42.377859],[-71.658075,42.310742],[-71.63579,42.241669],[-71.622796,42.17131],[-71.619187,42.100347],[-71.624967,42.029463],[-71.640049,41.959339],[-71.664259,41.890648],[-71.697335,41.824044],[-71.738937,41.760162],[-71.788645,41.699608],[-71.845967,41.642955],[-71.910343,41.590736],[-71.98115,41.543445],[-72.057711,41.501525],[-72.139297,41.465369],[-72.225138,41.435314],[-72.314427,41.411643],[-72.406328,41.394576],[-72.499982,41.384271],[-72.594516,41.380826],[-72.68905,41.384271],[-72.782704,41.394576],[-72.874605,41.411643],[-72.963894,41.435314],[-73.049735,41.465369],[-73.131322,41.501525],[-73.207882,41.543445],[-73.278689,41.590736],[-73.343065,41.642955],[-73.400387,41.699608],[-73.450095,41.760162],[-73.491697,41.824044],[-73.524773,41.890648],[-73.548983,41.959339],[-73.564065,42.029463],[-73.569845,42.100347],[-73.566236,42.17131],[-73.553242,42.241669],[-73.530958,42.310742],[-73.499568,42.377859],[-73.459351,42.442367],[-73.410672,42.503635],[-73.353984,42.561063],[-73.289823,42.614086],[-73.218802,42.662183],[-73.141608,42.704878],[-73.058993,42.741749],[-72.971767,42.772429],[-72.880791,42.796614],[-72.786965,42.814063],[-72.691223,42.824603],[-72.594516,42.828127]]]},"properties":{"siteId":"18988","propertyType":"PSI Authorized","category":"3P"}},{"type":"Feature","geometry":{"type":"Polygon","coordinates":[[[-72.272282,43.630839],[-72.174294,43.627313],[-72.077283,43.61677],[-71.982216,43.599315],[-71.890039,43.575123],[-71.801666,43.544434],[-71.717969,43.507553],[-71.639768,43.464847],[-71.567827,43.416738],[-71.502841,43.363703],[-71.44543,43.306264],[-71.396137,43.244986],[-71.355421,43.180469],[-71.323651,43.113345],[-71.301106,43.044267],[-71.287975,42.973905],[-71.284351,42.902941],[-71.290237,42.832058],[-71.305544,42.761938],[-71.330093,42.693252],[-71.363621,42.626656],[-71.40578,42.562783],[-71.456145,42.502239],[-71.514216,42.445597],[-71.579426,42.39339],[-71.651145,42.34611],[-71.728685,42.304201],[-71.811311,42.268055],[-71.898242,42.238009],[-71.988661,42.214345],[-72.081722,42.197283],[-72.176557,42.186982],[-72.272282,42.183537],[-72.368007,42.186982],[-72.462842,42.197283],[-72.555903,42.214345],[-72.646322,42.238009],[-72.733253,42.268055],[-72.815879,42.304201],[-72.89342,42.34611],[-72.965138,42.39339],[-73.030348,42.445597],[-73.08842,42.502239],[-73.138784,42.562783],[-73.180943,42.626656],[-73.214471,42.693252],[-73.23902,42.761938],[-73.254327,42.832058],[-73.260213,42.902941],[-73.25659,42.973905],[-73.243458,43.044267],[-73.220914,43.113345],[-73.189143,43.180469],[-73.148427,43.244986],[-73.099134,43.306264],[-73.041724,43.363703],[-72.976737,43.416738],[-72.904796,43.464847],[-72.826596,43.507553],[-72.742898,43.544434],[-72.654525,43.575123],[-72.562348,43.599315],[-72.467282,43.61677],[-72.370271,43.627313],[-72.272282,43.630839]]]},"properties":{"siteId":"5702","propertyType":"PSI Authorized","category":"3P"}},{"type":"Feature","geometry":{"type":"Polygon","coordinates":[[[-70.770455,43.775399],[-70.67223,43.771873],[-70.574985,43.761329],[-70.479689,43.743873],[-70.387291,43.71968],[-70.298706,43.688989],[-70.214809,43.652106],[-70.136423,43.609398],[-70.064312,43.561287],[-69.999173,43.50825],[-69.941629,43.450809],[-69.892223,43.389529],[-69.851415,43.325011],[-69.819574,43.257885],[-69.796982,43.188806],[-69.783825,43.118443],[-69.780199,43.047479],[-69.786104,42.976597],[-69.801453,42.906477],[-69.826065,42.837792],[-69.859676,42.771198],[-69.901938,42.707326],[-69.952424,42.646784],[-70.010633,42.590144],[-70.075997,42.537939],[-70.147884,42.490662],[-70.225605,42.448754],[-70.308423,42.41261],[-70.395555,42.382566],[-70.486182,42.358903],[-70.579457,42.341842],[-70.67451,42.331541],[-70.770455,42.328097],[-70.8664,42.331541],[-70.961452,42.341842],[-71.054727,42.358903],[-71.145355,42.382566],[-71.232487,42.41261],[-71.315304,42.448754],[-71.393026,42.490662],[-71.464913,42.537939],[-71.530277,42.590144],[-71.588486,42.646784],[-71.638972,42.707326],[-71.681234,42.771198],[-71.714845,42.837792],[-71.739457,42.906477],[-71.754805,42.976597],[-71.760711,43.047479],[-71.757085,43.118443],[-71.743928,43.188806],[-71.721335,43.257885],[-71.689495,43.325011],[-71.648686,43.389529],[-71.599281,43.450809],[-71.541737,43.50825],[-71.476598,43.561287],[-71.404487,43.609398],[-71.326101,43.652106],[-71.242204,43.688989],[-71.153619,43.71968],[-71.06122,43.743873],[-70.965925,43.761329],[-70.86868,43.771873],[-70.770455,43.775399]]]},"properties":{"siteId":"11622","propertyType":"PSI Authorized","category":"3P"}},{"type":"Feature","geometry":{"type":"Polygon","coordinates":[[[-71.465695,43.473697],[-71.367962,43.470171],[-71.271203,43.459629],[-71.176384,43.442175],[-71.084446,43.417984],[-70.996301,43.387297],[-70.912819,43.350418],[-70.834819,43.307714],[-70.763061,43.259608],[-70.698239,43.206575],[-70.640972,43.149138],[-70.591801,43.087862],[-70.551184,43.023347],[-70.51949,42.956224],[-70.496997,42.887147],[-70.483893,42.816786],[-70.480272,42.745822],[-70.486137,42.674939],[-70.501399,42.604818],[-70.525881,42.536131],[-70.559319,42.469534],[-70.601367,42.405659],[-70.651601,42.345113],[-70.709523,42.288468],[-70.774567,42.236259],[-70.846104,42.188977],[-70.92345,42.147066],[-71.005869,42.110918],[-71.092583,42.08087],[-71.182777,42.057205],[-71.275607,42.040142],[-71.370207,42.02984],[-71.465695,42.026395],[-71.561183,42.02984],[-71.655783,42.040142],[-71.748613,42.057205],[-71.838807,42.08087],[-71.925521,42.110918],[-72.007941,42.147066],[-72.085286,42.188977],[-72.156824,42.236259],[-72.221868,42.288468],[-72.27979,42.345113],[-72.330024,42.405659],[-72.372072,42.469534],[-72.40551,42.536131],[-72.429991,42.604818],[-72.445254,42.674939],[-72.451119,42.745822],[-72.447498,42.816786],[-72.434394,42.887147],[-72.411901,42.956224],[-72.380206,43.023347],[-72.339589,43.087862],[-72.290419,43.149138],[-72.233152,43.206575],[-72.168329,43.259608],[-72.096571,43.307714],[-72.018571,43.350418],[-71.935089,43.387297],[-71.846945,43.417984],[-71.755007,43.442175],[-71.660187,43.459629],[-71.563429,43.470171],[-71.465695,43.473697]]]},"properties":{"siteId":"12330","propertyType":"MG TESTING","category":"3P"}},{"type":"Feature","geometry":{"type":"Polygon","coordinates":[[[-70.831443,43.818471],[-70.733147,43.814945],[-70.635832,43.804401],[-70.540468,43.786945],[-70.448004,43.762751],[-70.359355,43.73206],[-70.275398,43.695176],[-70.196957,43.652468],[-70.124795,43.604356],[-70.05961,43.551318],[-70.002026,43.493877],[-69.952587,43.432596],[-69.911751,43.368078],[-69.879889,43.300952],[-69.857283,43.231872],[-69.844118,43.16151],[-69.840491,43.090545],[-69.846402,43.019663],[-69.861763,42.949544],[-69.886394,42.880859],[-69.92003,42.814265],[-69.962323,42.750394],[-70.012845,42.689852],[-70.071096,42.633213],[-70.136506,42.581009],[-70.208443,42.533732],[-70.286219,42.491825],[-70.369094,42.455681],[-70.456286,42.425638],[-70.546976,42.401975],[-70.640315,42.384914],[-70.735432,42.374614],[-70.831443,42.37117],[-70.927454,42.374614],[-71.022572,42.384914],[-71.115911,42.401975],[-71.206601,42.425638],[-71.293793,42.455681],[-71.376668,42.491825],[-71.454443,42.533732],[-71.526381,42.581009],[-71.591791,42.633213],[-71.650042,42.689852],[-71.700564,42.750394],[-71.742856,42.814265],[-71.776492,42.880859],[-71.801123,42.949544],[-71.816484,43.019663],[-71.822395,43.090545],[-71.818768,43.16151],[-71.805604,43.231872],[-71.782997,43.300952],[-71.751136,43.368078],[-71.7103,43.432596],[-71.66086,43.493877],[-71.603276,43.551318],[-71.538092,43.604356],[-71.46593,43.652468],[-71.387488,43.695176],[-71.303531,43.73206],[-71.214883,43.762751],[-71.122418,43.786945],[-71.027054,43.804401],[-70.929739,43.814945],[-70.831443,43.818471]]]},"properties":{"siteId":"12760","propertyType":"PSI Authorized","category":"3P"}},{"type":"Feature","geometry":{"type":"Polygon","coordinates":[[[-71.581743,44.012687],[-71.483126,44.009161],[-71.385493,43.998616],[-71.289818,43.981159],[-71.197053,43.956963],[-71.108117,43.926269],[-71.023889,43.889383],[-70.945195,43.846671],[-70.872802,43.798557],[-70.807411,43.745516],[-70.749646,43.688072],[-70.700053,43.626789],[-70.659092,43.562268],[-70.627135,43.49514],[-70.604463,43.42606],[-70.591264,43.355696],[-70.587633,43.284732],[-70.593571,43.21385],[-70.608989,43.143732],[-70.633705,43.075048],[-70.667454,43.008456],[-70.709886,42.944587],[-70.760573,42.884048],[-70.819011,42.827411],[-70.88463,42.77521],[-70.956796,42.727936],[-71.034817,42.686032],[-71.117953,42.64989],[-71.205418,42.619849],[-71.296391,42.596189],[-71.390021,42.579129],[-71.485434,42.568829],[-71.581743,42.565386],[-71.678052,42.568829],[-71.773466,42.579129],[-71.867096,42.596189],[-71.958069,42.619849],[-72.045534,42.64989],[-72.128669,42.686032],[-72.206691,42.727936],[-72.278856,42.77521],[-72.344475,42.827411],[-72.402914,42.884048],[-72.453601,42.944587],[-72.496033,43.008456],[-72.529782,43.075048],[-72.554498,43.143732],[-72.569915,43.21385],[-72.575853,43.284732],[-72.572222,43.355696],[-72.559024,43.42606],[-72.536352,43.49514],[-72.504395,43.562268],[-72.463434,43.626789],[-72.413841,43.688072],[-72.356076,43.745516],[-72.290684,43.798557],[-72.218292,43.846671],[-72.139598,43.889383],[-72.05537,43.926269],[-71.966434,43.956963],[-71.873669,43.981159],[-71.777993,43.998616],[-71.680361,44.009161],[-71.581743,44.012687]]]},"properties":{"siteId":"13279","propertyType":"PSI Authorized","category":"3P"}},{"type":"Feature","geometry":{"type":"Polygon","coordinates":[[[-71.463017,43.715922],[-71.364889,43.712396],[-71.267741,43.701852],[-71.17254,43.684397],[-71.080233,43.660204],[-70.991735,43.629514],[-70.90792,43.592632],[-70.829611,43.549924],[-70.75757,43.501815],[-70.692494,43.448778],[-70.635005,43.391338],[-70.585646,43.330059],[-70.544875,43.265541],[-70.513064,43.198416],[-70.490491,43.129337],[-70.477345,43.058975],[-70.473719,42.988011],[-70.479617,42.917128],[-70.494948,42.847009],[-70.519535,42.778324],[-70.553111,42.711728],[-70.595331,42.647856],[-70.645767,42.587313],[-70.703919,42.530672],[-70.769219,42.478467],[-70.841037,42.431188],[-70.918684,42.38928],[-71.001423,42.353135],[-71.088472,42.32309],[-71.179013,42.299427],[-71.2722,42.282365],[-71.367163,42.272065],[-71.463017,42.26862],[-71.558871,42.272065],[-71.653834,42.282365],[-71.747021,42.299427],[-71.837562,42.32309],[-71.924611,42.353135],[-72.00735,42.38928],[-72.084997,42.431188],[-72.156814,42.478467],[-72.222115,42.530672],[-72.280267,42.587313],[-72.330703,42.647856],[-72.372922,42.711728],[-72.406499,42.778324],[-72.431086,42.847009],[-72.446417,42.917128],[-72.452314,42.988011],[-72.448689,43.058975],[-72.435543,43.129337],[-72.41297,43.198416],[-72.381159,43.265541],[-72.340388,43.330059],[-72.291029,43.391338],[-72.23354,43.448778],[-72.168464,43.501815],[-72.096423,43.549924],[-72.018113,43.592632],[-71.934299,43.629514],[-71.845801,43.660204],[-71.753494,43.684397],[-71.658293,43.701852],[-71.561144,43.712396],[-71.463017,43.715922]]]},"properties":{"siteId":"19058","propertyType":"PSI Authorized","category":"3P"}},{"type":"Feature","geometry":{"type":"Polygon","coordinates":[[[-71.401478,42.515023],[-71.305257,42.511499],[-71.209995,42.50096],[-71.11664,42.483513],[-71.026118,42.459331],[-70.939328,42.428655],[-70.857123,42.391788],[-70.780311,42.349097],[-70.709639,42.301005],[-70.645791,42.247986],[-70.589377,42.190562],[-70.54093,42.129298],[-70.500902,42.064794],[-70.469657,41.997679],[-70.447471,41.928608],[-70.434529,41.858251],[-70.430926,41.787288],[-70.436666,41.716403],[-70.451663,41.646278],[-70.475744,41.577584],[-70.508649,41.510978],[-70.55004,41.447092],[-70.599499,41.386534],[-70.656537,41.329877],[-70.720596,41.277654],[-70.791058,41.230359],[-70.867247,41.188434],[-70.948439,41.152274],[-71.033868,41.122217],[-71.122728,41.098543],[-71.214189,41.081473],[-71.307395,41.071167],[-71.401478,41.067721],[-71.49556,41.071167],[-71.588766,41.081473],[-71.680227,41.098543],[-71.769088,41.122217],[-71.854516,41.152274],[-71.935708,41.188434],[-72.011897,41.230359],[-72.082359,41.277654],[-72.146418,41.329877],[-72.203456,41.386534],[-72.252915,41.447092],[-72.294306,41.510978],[-72.327211,41.577584],[-72.351292,41.646278],[-72.366289,41.716403],[-72.372029,41.787288],[-72.368426,41.858251],[-72.355484,41.928608],[-72.333298,41.997679],[-72.302053,42.064794],[-72.262025,42.129298],[-72.213578,42.190562],[-72.157165,42.247986],[-72.093316,42.301005],[-72.022645,42.349097],[-71.945832,42.391788],[-71.863628,42.428655],[-71.776837,42.459331],[-71.686316,42.483513],[-71.59296,42.50096],[-71.497698,42.511499],[-71.401478,42.515023]]]},"properties":{"siteId":"18317","propertyType":"PSI Authorized","category":"3P"}},{"type":"Feature","geometry":{"type":"Polygon","coordinates":[[[-73.147835,45.187415],[-73.047204,45.183886],[-72.947579,45.173337],[-72.849954,45.155871],[-72.755303,45.131663],[-72.664564,45.100956],[-72.578636,45.064054],[-72.498361,45.021325],[-72.424523,44.973193],[-72.357835,44.920135],[-72.298936,44.862673],[-72.24838,44.801375],[-72.206636,44.73684],[-72.174082,44.669702],[-72.151003,44.600613],[-72.137589,44.530245],[-72.133936,44.459279],[-72.140041,44.388399],[-72.155812,44.318286],[-72.181063,44.249612],[-72.215522,44.183031],[-72.258829,44.119176],[-72.310547,44.058653],[-72.370162,44.002033],[-72.437092,43.949849],[-72.510689,43.902592],[-72.590249,43.860705],[-72.675016,43.824579],[-72.764192,43.794551],[-72.856938,43.770901],[-72.95239,43.75385],[-73.049657,43.743555],[-73.147835,43.740113],[-73.246014,43.743555],[-73.343281,43.75385],[-73.438732,43.770901],[-73.531479,43.794551],[-73.620654,43.824579],[-73.705422,43.860705],[-73.784982,43.902592],[-73.858579,43.949849],[-73.925508,44.002033],[-73.985124,44.058653],[-74.036842,44.119176],[-74.080149,44.183031],[-74.114607,44.249612],[-74.139859,44.318286],[-74.15563,44.388399],[-74.161735,44.459279],[-74.158081,44.530245],[-74.144668,44.600613],[-74.121589,44.669702],[-74.089035,44.73684],[-74.047291,44.801375],[-73.996735,44.862673],[-73.937835,44.920135],[-73.871148,44.973193],[-73.79731,45.021325],[-73.717035,45.064054],[-73.631106,45.100956],[-73.540368,45.131663],[-73.445717,45.155871],[-73.348092,45.173337],[-73.248467,45.183886],[-73.147835,45.187415]]]},"properties":{"siteId":"12694","propertyType":"PSI Authorized","category":"3P"}},{"type":"Feature","geometry":{"type":"Polygon","coordinates":[[[-66.054152,19.136313],[-65.979077,19.132814],[-65.904734,19.122349],[-65.831848,19.105023],[-65.76113,19.081002],[-65.693267,19.050522],[-65.628919,19.01388],[-65.568711,18.971431],[-65.513224,18.923591],[-65.462993,18.870823],[-65.418501,18.813639],[-65.380174,18.752596],[-65.348375,18.688284],[-65.323406,18.621327],[-65.3055,18.552371],[-65.29482,18.482083],[-65.291461,18.411141],[-65.295445,18.340228],[-65.306727,18.270026],[-65.325188,18.201211],[-65.350643,18.134443],[-65.38284,18.070362],[-65.421464,18.009581],[-65.466138,17.952683],[-65.516431,17.900212],[-65.571856,17.852668],[-65.631882,17.810505],[-65.695934,17.774126],[-65.763398,17.743877],[-65.83363,17.720045],[-65.905961,17.702859],[-65.979703,17.692481],[-66.054152,17.689011],[-66.128602,17.692481],[-66.202343,17.702859],[-66.274675,17.720045],[-66.344907,17.743877],[-66.412371,17.774126],[-66.476422,17.810505],[-66.536448,17.852668],[-66.591874,17.900212],[-66.642166,17.952683],[-66.686841,18.009581],[-66.725465,18.070362],[-66.757662,18.134443],[-66.783117,18.201211],[-66.801578,18.270026],[-66.812859,18.340228],[-66.816844,18.411141],[-66.813485,18.482083],[-66.802805,18.552371],[-66.784898,18.621327],[-66.759929,18.688284],[-66.728131,18.752596],[-66.689803,18.813639],[-66.645312,18.870823],[-66.595081,18.923591],[-66.539594,18.971431],[-66.479385,19.01388],[-66.415037,19.050522],[-66.347175,19.081002],[-66.276456,19.105023],[-66.203571,19.122349],[-66.129228,19.132814],[-66.054152,19.136313]]]},"properties":{"siteId":"9912","propertyType":"PSI Authorized","category":"3P"}},{"type":"Feature","geometry":{"type":"Polygon","coordinates":[[[-83.6632,42.266751],[-83.567359,42.263227],[-83.472473,42.25269],[-83.379485,42.235244],[-83.28932,42.211064],[-83.202869,42.18039],[-83.120985,42.143527],[-83.044471,42.10084],[-82.974072,42.052751],[-82.910468,41.999735],[-82.854269,41.942315],[-82.806004,41.881053],[-82.766124,41.816552],[-82.734992,41.74944],[-82.712883,41.68037],[-82.699982,41.610014],[-82.696383,41.539051],[-82.702092,41.468166],[-82.717023,41.39804],[-82.741002,41.329344],[-82.773774,41.262736],[-82.815,41.198848],[-82.864265,41.138286],[-82.921081,41.081625],[-82.984892,41.0294],[-83.055084,40.982101],[-83.130983,40.940173],[-83.211867,40.90401],[-83.296972,40.873949],[-83.385498,40.850273],[-83.476614,40.833202],[-83.56947,40.822895],[-83.6632,40.819449],[-83.75693,40.822895],[-83.849786,40.833202],[-83.940902,40.850273],[-84.029428,40.873949],[-84.114533,40.90401],[-84.195417,40.940173],[-84.271316,40.982101],[-84.341508,41.0294],[-84.405319,41.081625],[-84.462135,41.138286],[-84.5114,41.198848],[-84.552626,41.262736],[-84.585398,41.329344],[-84.609377,41.39804],[-84.624308,41.468166],[-84.630017,41.539051],[-84.626418,41.610014],[-84.613517,41.68037],[-84.591408,41.74944],[-84.560276,41.816552],[-84.520396,41.881053],[-84.472131,41.942315],[-84.415932,41.999735],[-84.352328,42.052751],[-84.281929,42.10084],[-84.205415,42.143527],[-84.123531,42.18039],[-84.03708,42.211064],[-83.946915,42.235244],[-83.853927,42.25269],[-83.759041,42.263227],[-83.6632,42.266751]]]},"properties":{"siteId":"5037","propertyType":"PSI Owned","category":"OO"}},{"type":"Feature","geometry":{"type":"Polygon","coordinates":[[[-93.9167,44.945151],[-93.816494,44.941623],[-93.71729,44.931074],[-93.620077,44.91361],[-93.525824,44.889405],[-93.435467,44.8587],[-93.349897,44.821802],[-93.269956,44.779077],[-93.196424,44.730948],[-93.13001,44.677894],[-93.07135,44.620436],[-93.020997,44.55914],[-92.979419,44.494609],[-92.946991,44.427473],[-92.923998,44.358385],[-92.91063,44.288019],[-92.906981,44.217053],[-92.913051,44.146173],[-92.928747,44.076059],[-92.953885,44.007382],[-92.988194,43.940799],[-93.031316,43.876941],[-93.082816,43.816415],[-93.142183,43.759791],[-93.208836,43.707604],[-93.28213,43.660343],[-93.361365,43.618452],[-93.445788,43.582323],[-93.534602,43.552292],[-93.626974,43.52864],[-93.722041,43.511587],[-93.818916,43.501292],[-93.9167,43.497849],[-94.014484,43.501292],[-94.111359,43.511587],[-94.206426,43.52864],[-94.298798,43.552292],[-94.387612,43.582323],[-94.472035,43.618452],[-94.55127,43.660343],[-94.624564,43.707604],[-94.691217,43.759791],[-94.750584,43.816415],[-94.802084,43.876941],[-94.845206,43.940799],[-94.879515,44.007382],[-94.904653,44.076059],[-94.920349,44.146173],[-94.926419,44.217053],[-94.92277,44.288019],[-94.909402,44.358385],[-94.886409,44.427473],[-94.853981,44.494609],[-94.812403,44.55914],[-94.76205,44.620436],[-94.70339,44.677894],[-94.636976,44.730948],[-94.563444,44.779077],[-94.483503,44.821802],[-94.397933,44.8587],[-94.307576,44.889405],[-94.213323,44.91361],[-94.11611,44.931074],[-94.016906,44.941623],[-93.9167,44.945151]]]},"properties":{"siteId":"5124","propertyType":"PSI Authorized","category":"3P"}},{"type":"Feature","geometry":{"type":"Polygon","coordinates":[[[-85.7543,38.930551],[-85.663126,38.927031],[-85.572857,38.916507],[-85.484388,38.899083],[-85.398594,38.874932],[-85.316322,38.844293],[-85.23838,38.807469],[-85.165533,38.764825],[-85.098487,38.71678],[-85.037892,38.663809],[-84.984327,38.606431],[-84.938299,38.545209],[-84.90024,38.480741],[-84.870497,38.413656],[-84.849337,38.344607],[-84.83694,38.274262],[-84.8334,38.203303],[-84.838726,38.132413],[-84.85284,38.062273],[-84.875583,37.993556],[-84.906713,37.926919],[-84.945911,37.862996],[-84.992785,37.802395],[-85.046871,37.745692],[-85.107643,37.693422],[-85.174513,37.64608],[-85.24684,37.60411],[-85.323935,37.567908],[-85.405069,37.537814],[-85.489475,37.514111],[-85.576361,37.497019],[-85.664913,37.4867],[-85.7543,37.483249],[-85.843687,37.4867],[-85.932239,37.497019],[-86.019125,37.514111],[-86.103531,37.537814],[-86.184665,37.567908],[-86.26176,37.60411],[-86.334087,37.64608],[-86.400957,37.693422],[-86.461729,37.745692],[-86.515815,37.802395],[-86.562689,37.862996],[-86.601887,37.926919],[-86.633017,37.993556],[-86.65576,38.062273],[-86.669874,38.132413],[-86.6752,38.203303],[-86.67166,38.274262],[-86.659263,38.344607],[-86.638103,38.413656],[-86.60836,38.480741],[-86.570301,38.545209],[-86.524273,38.606431],[-86.470708,38.663809],[-86.410113,38.71678],[-86.343067,38.764825],[-86.27022,38.807469],[-86.192278,38.844293],[-86.110006,38.874932],[-86.024212,38.899083],[-85.935743,38.916507],[-85.845474,38.927031],[-85.7543,38.930551]]]},"properties":{"siteId":"5174","propertyType":"PSI Authorized","category":"3P"}},{"type":"Feature","geometry":{"type":"Polygon","coordinates":[[[-92.4282,32.080751],[-92.344492,32.077239],[-92.26161,32.066739],[-92.180369,32.049353],[-92.101568,32.025253],[-92.025982,31.994676],[-91.954349,31.957924],[-91.887369,31.915356],[-91.825691,31.867392],[-91.769911,31.8145],[-91.720564,31.757198],[-91.678119,31.696046],[-91.642976,31.631639],[-91.61546,31.564604],[-91.595822,31.495591],[-91.584235,31.425268],[-91.580792,31.354315],[-91.585507,31.283416],[-91.598318,31.213252],[-91.619083,31.144496],[-91.647587,31.077807],[-91.683542,31.013822],[-91.72659,30.953151],[-91.776308,30.896372],[-91.832213,30.844023],[-91.893766,30.796602],[-91.960375,30.754557],[-92.031405,30.718286],[-92.10618,30.688131],[-92.183993,30.664378],[-92.264106,30.647249],[-92.345765,30.636907],[-92.4282,30.633449],[-92.510635,30.636907],[-92.592294,30.647249],[-92.672407,30.664378],[-92.75022,30.688131],[-92.824995,30.718286],[-92.896025,30.754557],[-92.962634,30.796602],[-93.024187,30.844023],[-93.080092,30.896372],[-93.12981,30.953151],[-93.172858,31.013822],[-93.208813,31.077807],[-93.237317,31.144496],[-93.258082,31.213252],[-93.270893,31.283416],[-93.275608,31.354315],[-93.272165,31.425268],[-93.260578,31.495591],[-93.24094,31.564604],[-93.213424,31.631639],[-93.178281,31.696046],[-93.135836,31.757198],[-93.086489,31.8145],[-93.030709,31.867392],[-92.969031,31.915356],[-92.902051,31.957924],[-92.830418,31.994676],[-92.754832,32.025253],[-92.676031,32.049353],[-92.59479,32.066739],[-92.511908,32.077239],[-92.4282,32.080751]]]},"properties":{"siteId":"5347","propertyType":"PSI Authorized","category":"3P"}},{"type":"Feature","geometry":{"type":"Polygon","coordinates":[[[-97.3624,33.542951],[-97.277304,33.539438],[-97.193047,33.528932],[-97.110462,33.511539],[-97.03036,33.487429],[-96.95353,33.45684],[-96.880724,33.420073],[-96.812653,33.37749],[-96.749977,33.329509],[-96.693301,33.276602],[-96.64317,33.219285],[-96.600059,33.158118],[-96.564373,33.093699],[-96.536443,33.026654],[-96.516523,32.957634],[-96.504785,32.887307],[-96.501324,32.816353],[-96.506153,32.745455],[-96.519206,32.675296],[-96.54034,32.606548],[-96.569332,32.539869],[-96.60589,32.475897],[-96.64965,32.41524],[-96.700181,32.358476],[-96.756991,32.306143],[-96.819533,32.258738],[-96.887205,32.216708],[-96.959363,32.18045],[-97.035321,32.150308],[-97.114359,32.126564],[-97.195732,32.109443],[-97.278672,32.099106],[-97.3624,32.095649],[-97.446128,32.099106],[-97.529068,32.109443],[-97.610441,32.126564],[-97.689479,32.150308],[-97.765437,32.18045],[-97.837595,32.216708],[-97.905267,32.258738],[-97.967809,32.306143],[-98.024619,32.358476],[-98.07515,32.41524],[-98.11891,32.475897],[-98.155468,32.539869],[-98.18446,32.606548],[-98.205594,32.675296],[-98.218647,32.745455],[-98.223476,32.816353],[-98.220015,32.887307],[-98.208277,32.957634],[-98.188357,33.026654],[-98.160427,33.093699],[-98.124741,33.158118],[-98.08163,33.219285],[-98.031499,33.276602],[-97.974823,33.329509],[-97.912147,33.37749],[-97.844076,33.420073],[-97.77127,33.45684],[-97.69444,33.487429],[-97.614338,33.511539],[-97.531753,33.528932],[-97.447496,33.539438],[-97.3624,33.542951]]]},"properties":{"siteId":"5491","propertyType":"PSI Authorized","category":"3P"}},{"type":"Feature","geometry":{"type":"Polygon","coordinates":[[[-118.2551,34.866051],[-118.168657,34.862536],[-118.083069,34.852026],[-117.99918,34.834626],[-117.917818,34.810506],[-117.839783,34.779905],[-117.765839,34.743125],[-117.69671,34.700528],[-117.633066,34.652533],[-117.575522,34.59961],[-117.52463,34.542279],[-117.480873,34.481099],[-117.444661,34.416669],[-117.41633,34.349615],[-117.396135,34.280588],[-117.384251,34.210257],[-117.380772,34.139301],[-117.385712,34.068405],[-117.399,33.99825],[-117.42049,33.92951],[-117.449956,33.862841],[-117.487099,33.79888],[-117.531548,33.738236],[-117.582867,33.681486],[-117.640555,33.629168],[-117.704055,33.581777],[-117.772758,33.539761],[-117.84601,33.503517],[-117.923114,33.473386],[-118.003342,33.449652],[-118.085935,33.432538],[-118.170119,33.422204],[-118.2551,33.418749],[-118.340081,33.422204],[-118.424265,33.432538],[-118.506858,33.449652],[-118.587086,33.473386],[-118.66419,33.503517],[-118.737442,33.539761],[-118.806145,33.581777],[-118.869645,33.629168],[-118.927333,33.681486],[-118.978652,33.738236],[-119.023101,33.79888],[-119.060244,33.862841],[-119.08971,33.92951],[-119.1112,33.99825],[-119.124488,34.068405],[-119.129428,34.139301],[-119.125949,34.210257],[-119.114065,34.280588],[-119.09387,34.349615],[-119.065539,34.416669],[-119.029327,34.481099],[-118.98557,34.542279],[-118.934678,34.59961],[-118.877134,34.652533],[-118.81349,34.700528],[-118.744361,34.743125],[-118.670417,34.779905],[-118.592382,34.810506],[-118.51102,34.834626],[-118.427131,34.852026],[-118.341543,34.862536],[-118.2551,34.866051]]]},"properties":{"siteId":"6199","propertyType":"PSI Authorized","category":"3P"}},{"type":"Feature","geometry":{"type":"Polygon","coordinates":[[[-71.1434,43.220551],[-71.046073,43.217025],[-70.949717,43.206484],[-70.855291,43.189032],[-70.763734,43.164844],[-70.675953,43.134159],[-70.592815,43.097284],[-70.515134,43.054583],[-70.443668,43.006481],[-70.379108,42.953451],[-70.32207,42.896018],[-70.273094,42.834745],[-70.232635,42.770233],[-70.201062,42.703113],[-70.178651,42.634037],[-70.165591,42.563677],[-70.161975,42.492713],[-70.167806,42.42183],[-70.182997,42.351708],[-70.207371,42.283019],[-70.240665,42.216419],[-70.282537,42.152541],[-70.332563,42.091992],[-70.390247,42.035344],[-70.455026,41.983132],[-70.526274,41.935846],[-70.603309,41.893931],[-70.685398,41.85778],[-70.771767,41.82773],[-70.861602,41.804062],[-70.954064,41.786997],[-71.04829,41.776694],[-71.1434,41.773249],[-71.23851,41.776694],[-71.332736,41.786997],[-71.425198,41.804062],[-71.515033,41.82773],[-71.601402,41.85778],[-71.683491,41.893931],[-71.760526,41.935846],[-71.831774,41.983132],[-71.896553,42.035344],[-71.954237,42.091992],[-72.004263,42.152541],[-72.046135,42.216419],[-72.079429,42.283019],[-72.103803,42.351708],[-72.118994,42.42183],[-72.124825,42.492713],[-72.121209,42.563677],[-72.108149,42.634037],[-72.085738,42.703113],[-72.054165,42.770233],[-72.013706,42.834745],[-71.96473,42.896018],[-71.907692,42.953451],[-71.843132,43.006481],[-71.771666,43.054583],[-71.693985,43.097284],[-71.610847,43.134159],[-71.523066,43.164844],[-71.431509,43.189032],[-71.337083,43.206484],[-71.240727,43.217025],[-71.1434,43.220551]]]},"properties":{"siteId":"6264","propertyType":"MG TESTING","category":"3P"}},{"type":"Feature","geometry":{"type":"Polygon","coordinates":[[[-87.499,38.069051],[-87.40891,38.065532],[-87.319713,38.055011],[-87.232293,38.037593],[-87.147514,38.013448],[-87.066213,37.982818],[-86.989187,37.946004],[-86.917191,37.90337],[-86.850925,37.855336],[-86.791029,37.802375],[-86.738076,37.745008],[-86.692568,37.683795],[-86.654932,37.619336],[-86.625512,37.552258],[-86.604573,37.483213],[-86.592293,37.412872],[-86.588768,37.341913],[-86.594005,37.271022],[-86.60793,37.200878],[-86.630385,37.132156],[-86.661134,37.065512],[-86.699862,37.001581],[-86.74618,36.940971],[-86.799633,36.884257],[-86.859698,36.831977],[-86.925796,36.784623],[-86.997293,36.742643],[-87.073508,36.706432],[-87.153719,36.67633],[-87.237168,36.65262],[-87.323071,36.635523],[-87.410622,36.625201],[-87.499,36.621749],[-87.587378,36.625201],[-87.674929,36.635523],[-87.760832,36.65262],[-87.844281,36.67633],[-87.924492,36.706432],[-88.000707,36.742643],[-88.072204,36.784623],[-88.138302,36.831977],[-88.198367,36.884257],[-88.25182,36.940971],[-88.298138,37.001581],[-88.336866,37.065512],[-88.367615,37.132156],[-88.39007,37.200878],[-88.403995,37.271022],[-88.409232,37.341913],[-88.405707,37.412872],[-88.393427,37.483213],[-88.372488,37.552258],[-88.343068,37.619336],[-88.305432,37.683795],[-88.259924,37.745008],[-88.206971,37.802375],[-88.147075,37.855336],[-88.080809,37.90337],[-88.008813,37.946004],[-87.931787,37.982818],[-87.850486,38.013448],[-87.765707,38.037593],[-87.678287,38.055011],[-87.58909,38.065532],[-87.499,38.069051]]]},"properties":{"siteId":"6331","propertyType":"TD TESTING","category":"3P"}},{"type":"Feature","geometry":{"type":"Polygon","coordinates":[[[-74.1143,41.542351],[-74.01954,41.538828],[-73.925723,41.528294],[-73.833782,41.510853],[-73.74463,41.48668],[-73.659147,41.456014],[-73.578176,41.419159],[-73.502511,41.376482],[-73.432889,41.328403],[-73.369982,41.275397],[-73.314392,41.217986],[-73.266645,41.156734],[-73.227187,41.09224],[-73.196376,41.025134],[-73.174486,40.956069],[-73.161702,40.885715],[-73.158117,40.814753],[-73.163736,40.743867],[-73.178478,40.673738],[-73.202171,40.605037],[-73.234562,40.538422],[-73.275318,40.474526],[-73.324029,40.413956],[-73.380213,40.357286],[-73.443321,40.30505],[-73.512743,40.257741],[-73.587814,40.215804],[-73.667821,40.179632],[-73.752007,40.149564],[-73.839579,40.125882],[-73.929716,40.108806],[-74.021576,40.098496],[-74.1143,40.095049],[-74.207024,40.098496],[-74.298884,40.108806],[-74.389021,40.125882],[-74.476593,40.149564],[-74.560779,40.179632],[-74.640786,40.215804],[-74.715857,40.257741],[-74.785279,40.30505],[-74.848387,40.357286],[-74.904571,40.413956],[-74.953282,40.474526],[-74.994038,40.538422],[-75.026429,40.605037],[-75.050122,40.673738],[-75.064864,40.743867],[-75.070483,40.814753],[-75.066898,40.885715],[-75.054114,40.956069],[-75.032224,41.025134],[-75.001413,41.09224],[-74.961955,41.156734],[-74.914208,41.217986],[-74.858618,41.275397],[-74.795711,41.328403],[-74.726089,41.376482],[-74.650424,41.419159],[-74.569453,41.456014],[-74.48397,41.48668],[-74.394818,41.510853],[-74.302877,41.528294],[-74.20906,41.538828],[-74.1143,41.542351]]]},"properties":{"siteId":"6558","propertyType":"PSI Authorized","category":"3P"}},{"type":"Feature","geometry":{"type":"Polygon","coordinates":[[[-78.8742,39.139951],[-78.782756,39.136431],[-78.692219,39.125906],[-78.603488,39.108481],[-78.51744,39.084328],[-78.434926,39.053687],[-78.356756,39.016861],[-78.283696,38.974214],[-78.216456,38.926167],[-78.155686,38.873192],[-78.101968,38.815812],[-78.055811,38.754587],[-78.017646,38.690118],[-77.987822,38.623031],[-77.966607,38.553981],[-77.954181,38.483636],[-77.950638,38.412676],[-77.955985,38.341786],[-77.970147,38.271647],[-77.992961,38.202931],[-78.024187,38.136296],[-78.063502,38.072375],[-78.110515,38.011777],[-78.164759,37.955076],[-78.225707,37.902809],[-78.29277,37.855469],[-78.365304,37.813502],[-78.442619,37.777302],[-78.523983,37.74721],[-78.608628,37.723508],[-78.69576,37.706418],[-78.784561,37.696099],[-78.8742,37.692649],[-78.963839,37.696099],[-79.05264,37.706418],[-79.139772,37.723508],[-79.224417,37.74721],[-79.305781,37.777302],[-79.383096,37.813502],[-79.45563,37.855469],[-79.522693,37.902809],[-79.583641,37.955076],[-79.637885,38.011777],[-79.684898,38.072375],[-79.724213,38.136296],[-79.755439,38.202931],[-79.778253,38.271647],[-79.792415,38.341786],[-79.797762,38.412676],[-79.794219,38.483636],[-79.781793,38.553981],[-79.760578,38.623031],[-79.730754,38.690118],[-79.692589,38.754587],[-79.646432,38.815812],[-79.592714,38.873192],[-79.531944,38.926167],[-79.464704,38.974214],[-79.391644,39.016861],[-79.313474,39.053687],[-79.23096,39.084328],[-79.144912,39.108481],[-79.056181,39.125906],[-78.965644,39.136431],[-78.8742,39.139951]]]},"properties":{"siteId":"11510","propertyType":"PSI Authorized","category":"3P"}},{"type":"Feature","geometry":{"type":"Polygon","coordinates":[[[-92.9544,45.647551],[-92.852945,45.644022],[-92.752506,45.63347],[-92.654084,45.616],[-92.558662,45.591788],[-92.467187,45.561075],[-92.380563,45.524167],[-92.299642,45.481431],[-92.225214,45.433292],[-92.157997,45.380227],[-92.098633,45.322758],[-92.047684,45.261454],[-92.00562,45.196914],[-91.972823,45.129771],[-91.949578,45.060679],[-91.936077,44.990309],[-91.932414,44.919342],[-91.938588,44.848464],[-91.954504,44.778353],[-91.979974,44.709682],[-92.014722,44.643106],[-92.058387,44.579256],[-92.110527,44.518739],[-92.170623,44.462126],[-92.238088,44.40995],[-92.31227,44.3627],[-92.392459,44.320819],[-92.477893,44.284699],[-92.567767,44.254677],[-92.661238,44.231031],[-92.757434,44.213983],[-92.855458,44.203691],[-92.9544,44.200249],[-93.053342,44.203691],[-93.151366,44.213983],[-93.247562,44.231031],[-93.341033,44.254677],[-93.430907,44.284699],[-93.516341,44.320819],[-93.59653,44.3627],[-93.670712,44.40995],[-93.738177,44.462126],[-93.798273,44.518739],[-93.850413,44.579256],[-93.894078,44.643106],[-93.928826,44.709682],[-93.954296,44.778353],[-93.970212,44.848464],[-93.976386,44.919342],[-93.972723,44.990309],[-93.959222,45.060679],[-93.935977,45.129771],[-93.90318,45.196914],[-93.861116,45.261454],[-93.810167,45.322758],[-93.750803,45.380227],[-93.683586,45.433292],[-93.609158,45.481431],[-93.528237,45.524167],[-93.441613,45.561075],[-93.350138,45.591788],[-93.254716,45.616],[-93.156294,45.63347],[-93.055855,45.644022],[-92.9544,45.647551]]]},"properties":{"siteId":"12907","propertyType":"PSI Authorized","category":"3P"}},{"type":"Feature","geometry":{"type":"Polygon","coordinates":[[[-74.0601,41.512751],[-73.965384,41.509228],[-73.87161,41.498694],[-73.779711,41.481253],[-73.690598,41.45708],[-73.605154,41.426415],[-73.52422,41.38956],[-73.448589,41.346883],[-73.378998,41.298805],[-73.316119,41.245799],[-73.260554,41.188389],[-73.212828,41.127137],[-73.173386,41.062643],[-73.142588,40.995537],[-73.120707,40.926473],[-73.107927,40.856119],[-73.104343,40.785157],[-73.109959,40.714271],[-73.124693,40.644141],[-73.148374,40.575441],[-73.18075,40.508825],[-73.221488,40.444929],[-73.270176,40.384359],[-73.326335,40.327688],[-73.389414,40.275452],[-73.458806,40.228143],[-73.533844,40.186205],[-73.613816,40.150033],[-73.697965,40.119965],[-73.785499,40.096282],[-73.875597,40.079206],[-73.967416,40.068896],[-74.0601,40.065449],[-74.152784,40.068896],[-74.244603,40.079206],[-74.334701,40.096282],[-74.422235,40.119965],[-74.506384,40.150033],[-74.586356,40.186205],[-74.661394,40.228143],[-74.730786,40.275452],[-74.793865,40.327688],[-74.850024,40.384359],[-74.898712,40.444929],[-74.93945,40.508825],[-74.971826,40.575441],[-74.995507,40.644141],[-75.010241,40.714271],[-75.015857,40.785157],[-75.012273,40.856119],[-74.999493,40.926473],[-74.977612,40.995537],[-74.946814,41.062643],[-74.907372,41.127137],[-74.859646,41.188389],[-74.804081,41.245799],[-74.741202,41.298805],[-74.671611,41.346883],[-74.59598,41.38956],[-74.515046,41.426415],[-74.429602,41.45708],[-74.340489,41.481253],[-74.24859,41.498694],[-74.154816,41.509228],[-74.0601,41.512751]]]},"properties":{"siteId":"12956","propertyType":"PSI Authorized","category":"3P"}},{"type":"Feature","geometry":{"type":"Polygon","coordinates":[[[-100.7587,47.537451],[-100.653645,47.533919],[-100.549643,47.523358],[-100.447737,47.505873],[-100.348944,47.481642],[-100.254247,47.450904],[-100.164585,47.413969],[-100.08084,47.371204],[-100.00383,47.323034],[-99.934298,47.269938],[-99.872909,47.21244],[-99.820242,47.151109],[-99.776782,47.086546],[-99.742921,47.019384],[-99.718952,46.950278],[-99.70507,46.8799],[-99.701369,46.808931],[-99.707845,46.738056],[-99.724396,46.667955],[-99.750824,46.599299],[-99.786841,46.532743],[-99.832071,46.468917],[-99.886054,46.408428],[-99.948253,46.351843],[-100.018058,46.299697],[-100.094796,46.252477],[-100.177732,46.210625],[-100.26608,46.174531],[-100.359007,46.144532],[-100.455644,46.120906],[-100.55509,46.103872],[-100.656422,46.093588],[-100.7587,46.090149],[-100.860978,46.093588],[-100.96231,46.103872],[-101.061756,46.120906],[-101.158393,46.144532],[-101.25132,46.174531],[-101.339668,46.210625],[-101.422604,46.252477],[-101.499342,46.299697],[-101.569147,46.351843],[-101.631346,46.408428],[-101.685329,46.468917],[-101.730559,46.532743],[-101.766576,46.599299],[-101.793004,46.667955],[-101.809555,46.738056],[-101.816031,46.808931],[-101.81233,46.8799],[-101.798448,46.950278],[-101.774479,47.019384],[-101.740618,47.086546],[-101.697158,47.151109],[-101.644491,47.21244],[-101.583102,47.269938],[-101.51357,47.323034],[-101.43656,47.371204],[-101.352815,47.413969],[-101.263153,47.450904],[-101.168456,47.481642],[-101.069663,47.505873],[-100.967757,47.523358],[-100.863755,47.533919],[-100.7587,47.537451]]]},"properties":{"siteId":"13001","propertyType":"PSI Authorized","category":"3P"}},{"type":"Feature","geometry":{"type":"Polygon","coordinates":[[[-86.768,34.788151],[-86.681639,34.784636],[-86.596132,34.774127],[-86.512322,34.756727],[-86.431036,34.732607],[-86.353074,34.702007],[-86.2792,34.665228],[-86.210134,34.622632],[-86.146549,34.574637],[-86.089058,34.521715],[-86.038212,34.464385],[-85.994494,34.403207],[-85.958315,34.338777],[-85.930008,34.271723],[-85.909829,34.202696],[-85.897954,34.132366],[-85.894477,34.06141],[-85.899409,33.990514],[-85.912684,33.920359],[-85.934152,33.851618],[-85.963589,33.784948],[-86.000697,33.720987],[-86.045104,33.660342],[-86.096375,33.603592],[-86.154009,33.551273],[-86.217451,33.503881],[-86.286092,33.461864],[-86.359277,33.425619],[-86.436312,33.395487],[-86.516467,33.371753],[-86.598987,33.354638],[-86.683095,33.344304],[-86.768,33.340849],[-86.852905,33.344304],[-86.937013,33.354638],[-87.019533,33.371753],[-87.099688,33.395487],[-87.176723,33.425619],[-87.249908,33.461864],[-87.318549,33.503881],[-87.381991,33.551273],[-87.439625,33.603592],[-87.490896,33.660342],[-87.535303,33.720987],[-87.572411,33.784948],[-87.601848,33.851618],[-87.623316,33.920359],[-87.636591,33.990514],[-87.641523,34.06141],[-87.638046,34.132366],[-87.626171,34.202696],[-87.605992,34.271723],[-87.577685,34.338777],[-87.541506,34.403207],[-87.497788,34.464385],[-87.446942,34.521715],[-87.389451,34.574637],[-87.325866,34.622632],[-87.2568,34.665228],[-87.182926,34.702007],[-87.104964,34.732607],[-87.023678,34.756727],[-86.939868,34.774127],[-86.854361,34.784636],[-86.768,34.788151]]]},"properties":{"siteId":"13111","propertyType":"PSI Authorized","category":"3P"}},{"type":"Feature","geometry":{"type":"Polygon","coordinates":[[[-75.4197,43.954851],[-75.321179,43.951324],[-75.223641,43.94078],[-75.128059,43.923323],[-75.035383,43.899127],[-74.946533,43.868434],[-74.862386,43.831549],[-74.783768,43.788839],[-74.711444,43.740725],[-74.646114,43.687685],[-74.588404,43.630242],[-74.538856,43.568959],[-74.497933,43.504439],[-74.466004,43.437312],[-74.443352,43.368232],[-74.430164,43.297869],[-74.426534,43.226904],[-74.432464,43.156022],[-74.447864,43.085903],[-74.472555,43.01722],[-74.50627,42.950627],[-74.548661,42.886758],[-74.599298,42.826218],[-74.65768,42.76958],[-74.723237,42.717378],[-74.795335,42.670103],[-74.873282,42.628198],[-74.95634,42.592056],[-75.043724,42.562014],[-75.134612,42.538353],[-75.228155,42.521293],[-75.32348,42.510993],[-75.4197,42.507549],[-75.51592,42.510993],[-75.611245,42.521293],[-75.704788,42.538353],[-75.795676,42.562014],[-75.88306,42.592056],[-75.966118,42.628198],[-76.044065,42.670103],[-76.116163,42.717378],[-76.18172,42.76958],[-76.240102,42.826218],[-76.290739,42.886758],[-76.33313,42.950627],[-76.366845,43.01722],[-76.391536,43.085903],[-76.406936,43.156022],[-76.412866,43.226904],[-76.409236,43.297869],[-76.396048,43.368232],[-76.373396,43.437312],[-76.341467,43.504439],[-76.300544,43.568959],[-76.250996,43.630242],[-76.193286,43.687685],[-76.127956,43.740725],[-76.055632,43.788839],[-75.977014,43.831549],[-75.892867,43.868434],[-75.804017,43.899127],[-75.711341,43.923323],[-75.615759,43.94078],[-75.518221,43.951324],[-75.4197,43.954851]]]},"properties":{"siteId":"18324","propertyType":"PSI Authorized","category":"3P"}},{"type":"Feature","geometry":{"type":"Polygon","coordinates":[[[-96.4086,34.720351],[-96.32231,34.716836],[-96.236873,34.706327],[-96.153132,34.688927],[-96.071912,34.664809],[-95.994014,34.634209],[-95.920199,34.597431],[-95.851189,34.554835],[-95.787655,34.506841],[-95.73021,34.45392],[-95.679404,34.396591],[-95.63572,34.335413],[-95.599568,34.270984],[-95.571282,34.20393],[-95.551118,34.134904],[-95.539251,34.064573],[-95.535774,33.993618],[-95.540701,33.922722],[-95.553963,33.852567],[-95.575413,33.783825],[-95.604825,33.717155],[-95.641902,33.653193],[-95.686273,33.592548],[-95.737502,33.535796],[-95.79509,33.483477],[-95.858482,33.436084],[-95.927069,33.394067],[-96.000196,33.357821],[-96.07717,33.327689],[-96.157263,33.303953],[-96.239718,33.286838],[-96.323761,33.276505],[-96.4086,33.273049],[-96.493439,33.276505],[-96.577482,33.286838],[-96.659937,33.303953],[-96.74003,33.327689],[-96.817004,33.357821],[-96.890131,33.394067],[-96.958718,33.436084],[-97.02211,33.483477],[-97.079698,33.535796],[-97.130927,33.592548],[-97.175298,33.653193],[-97.212375,33.717155],[-97.241787,33.783825],[-97.263237,33.852567],[-97.276499,33.922722],[-97.281426,33.993618],[-97.277949,34.064573],[-97.266082,34.134904],[-97.245918,34.20393],[-97.217632,34.270984],[-97.18148,34.335413],[-97.137796,34.396591],[-97.08699,34.45392],[-97.029545,34.506841],[-96.966011,34.554835],[-96.897001,34.597431],[-96.823186,34.634209],[-96.745288,34.664809],[-96.664068,34.688927],[-96.580327,34.706327],[-96.49489,34.716836],[-96.4086,34.720351]]]},"properties":{"siteId":"18587","propertyType":"PSI Authorized","category":"3P"}},{"type":"Feature","geometry":{"type":"Polygon","coordinates":[[[-73.0307,41.540951],[-72.935942,41.537428],[-72.842128,41.526894],[-72.750189,41.509453],[-72.661038,41.48528],[-72.575556,41.454614],[-72.494587,41.417759],[-72.418924,41.375082],[-72.349303,41.327003],[-72.286398,41.273997],[-72.230809,41.216586],[-72.183064,41.155334],[-72.143606,41.09084],[-72.112795,41.023734],[-72.090906,40.954669],[-72.078122,40.884315],[-72.074537,40.813353],[-72.080156,40.742467],[-72.094897,40.672338],[-72.11859,40.603637],[-72.15098,40.537022],[-72.191736,40.473126],[-72.240446,40.412556],[-72.296628,40.355886],[-72.359734,40.30365],[-72.429155,40.256341],[-72.504225,40.214404],[-72.584231,40.178232],[-72.668414,40.148164],[-72.755985,40.124482],[-72.84612,40.107406],[-72.937978,40.097096],[-73.0307,40.093649],[-73.123422,40.097096],[-73.21528,40.107406],[-73.305415,40.124482],[-73.392986,40.148164],[-73.477169,40.178232],[-73.557175,40.214404],[-73.632245,40.256341],[-73.701666,40.30365],[-73.764772,40.355886],[-73.820954,40.412556],[-73.869664,40.473126],[-73.91042,40.537022],[-73.94281,40.603637],[-73.966503,40.672338],[-73.981244,40.742467],[-73.986863,40.813353],[-73.983278,40.884315],[-73.970494,40.954669],[-73.948605,41.023734],[-73.917794,41.09084],[-73.878336,41.155334],[-73.830591,41.216586],[-73.775002,41.273997],[-73.712097,41.327003],[-73.642476,41.375082],[-73.566813,41.417759],[-73.485844,41.454614],[-73.400362,41.48528],[-73.311211,41.509453],[-73.219272,41.526894],[-73.125458,41.537428],[-73.0307,41.540951]]]},"properties":{"siteId":"19147","propertyType":"PSI Authorized","category":"3P"}},{"type":"Feature","geometry":{"type":"Polygon","coordinates":[[[-93.1667,45.679251],[-93.065188,45.675722],[-92.964691,45.66517],[-92.866214,45.6477],[-92.770738,45.623487],[-92.679212,45.592774],[-92.59254,45.555865],[-92.511574,45.513129],[-92.437104,45.46499],[-92.36985,45.411923],[-92.310454,45.354455],[-92.259477,45.29315],[-92.217391,45.22861],[-92.184577,45.161466],[-92.16132,45.092374],[-92.147813,45.022004],[-92.144149,44.951037],[-92.150328,44.880159],[-92.166254,44.810048],[-92.19174,44.741377],[-92.226508,44.674801],[-92.270198,44.610953],[-92.322367,44.550436],[-92.382497,44.493823],[-92.45,44.441647],[-92.524222,44.394398],[-92.604455,44.352517],[-92.689936,44.316398],[-92.779858,44.286376],[-92.87338,44.262731],[-92.969627,44.245683],[-93.067704,44.235391],[-93.1667,44.231949],[-93.265696,44.235391],[-93.363773,44.245683],[-93.46002,44.262731],[-93.553542,44.286376],[-93.643464,44.316398],[-93.728945,44.352517],[-93.809178,44.394398],[-93.8834,44.441647],[-93.950903,44.493823],[-94.011033,44.550436],[-94.063202,44.610953],[-94.106892,44.674801],[-94.14166,44.741377],[-94.167146,44.810048],[-94.183072,44.880159],[-94.189251,44.951037],[-94.185587,45.022004],[-94.17208,45.092374],[-94.148823,45.161466],[-94.116009,45.22861],[-94.073923,45.29315],[-94.022946,45.354455],[-93.96355,45.411923],[-93.896296,45.46499],[-93.821826,45.513129],[-93.74086,45.555865],[-93.654188,45.592774],[-93.562662,45.623487],[-93.467186,45.6477],[-93.368709,45.66517],[-93.268212,45.675722],[-93.1667,45.679251]]]},"properties":{"siteId":"19193","propertyType":"PSI Authorized","category":"3P"}}]}