{"type": "FeatureCollection", "features": [{"type": "Feature", "properties": {"NAME": "New York-Newark-Jersey City, NY-NJ-PA", "population_m": 20.1, "type": "Metro Area"}, "geometry": {"type": "Polygon", "coordinates": [[[-72.9544, 40.7128], [-72.95946, 40.79093], [-72.97461, 40.86831], [-72.99968, 40.94419], [-73.03445, 41.01784], [-73.07857, 41.08855], [-73.13163, 41.15565], [-73.1931, 41.21848], [-73.26241, 41.27644], [-73.33887, 41.32897], [-73.42176, 41.37557], [-73.51028, 41.41578], [-73.60357, 41.44923], [-73.70074, 41.47558], [-73.80084, 41.49459], [-73.90293, 41.50606], [-74.006, 41.5099], [-74.10907, 41.50606], [-74.21116, 41.49459], [-74.31126, 41.47558], [-74.40843, 41.44923], [-74.50172, 41.41578], [-74.59024, 41.37557], [-74.67313, 41.32897], [-74.74959, 41.27644], [-74.8189, 41.21848], [-74.88037, 41.15565], [-74.93343, 41.08855], [-74.97755, 41.01784], [-75.01232, 40.94419], [-75.03739, 40.86831], [-75.05254, 40.79093], [-75.0576, 40.7128], [-75.05254, 40.63467], [-75.03739, 40.55729], [-75.01232, 40.48141], [-74.97755, 40.40776], [-74.93343, 40.33705], [-74.88037, 40.26995], [-74.8189, 40.20712], [-74.74959, 40.14916], [-74.67313, 40.09663], [-74.59024, 40.05003], [-74.50172, 40.00982], [-74.40843, 39.97637], [-74.31126, 39.95002], [-74.21116, 39.93101], [-74.10907, 39.91954], [-74.006, 39.9157], [-73.90293, 39.91954], [-73.80084, 39.93101], [-73.70074, 39.95002], [-73.60357, 39.97637], [-73.51028, 40.00982], [-73.42176, 40.05003], [-73.33887, 40.09663], [-73.26241, 40.14916], [-73.1931, 40.20712], [-73.13163, 40.26995], [-73.07857, 40.33705], [-73.03445, 40.40776], [-72.99968, 40.48141], [-72.97461, 40.55729], [-72.95946, 40.63467], [-72.9544, 40.7128]]]}}, {"type": "Feature", "properties": {"NAME": "Los Angeles-Long Beach-Anaheim, CA", "population_m": 13.2, "type": "Metro Area"}, "geometry": {"type": "Polygon", "coordinates": [[[-117.22915, 34.0522], [-117.23404, 34.13459], [-117.24865, 34.21619], [-117.27284, 34.29621], [-117.30638, 34.37388], [-117.34895, 34.44845], [-117.40014, 34.5192], [-117.45945, 34.58546], [-117.52631, 34.64658], [-117.60008, 34.70198], [-117.68005, 34.75112], [-117.76545, 34.79353], [-117.85545, 34.82879], [-117.94919, 34.85658], [-118.04577, 34.87663], [-118.14426, 34.88873], [-118.2437, 34.89278], [-118.34314, 34.88873], [-118.44163, 34.87663], [-118.53821, 34.85658], [-118.63195, 34.82879], [-118.72195, 34.79353], [-118.80735, 34.75112], [-118.88732, 34.70198], [-118.96109, 34.64658], [-119.02795, 34.58546], [-119.08726, 34.5192], [-119.13845, 34.44845], [-119.18102, 34.37388], [-119.21456, 34.29621], [-119.23875, 34.21619], [-119.25336, 34.13459], [-119.25825, 34.0522], [-119.25336, 33.96981], [-119.23875, 33.88821], [-119.21456, 33.80819], [-119.18102, 33.73052], [-119.13845, 33.65595], [-119.08726, 33.5852], [-119.02795, 33.51894], [-118.96109, 33.45782], [-118.88732, 33.40242], [-118.80735, 33.35328], [-118.72195, 33.31087], [-118.63195, 33.27561], [-118.53821, 33.24782], [-118.44163, 33.22777], [-118.34314, 33.21567], [-118.2437, 33.21162], [-118.14426, 33.21567], [-118.04577, 33.22777], [-117.94919, 33.24782], [-117.85545, 33.27561], [-117.76545, 33.31087], [-117.68005, 33.35328], [-117.60008, 33.40242], [-117.52631, 33.45782], [-117.45945, 33.51894], [-117.40014, 33.5852], [-117.34895, 33.65595], [-117.30638, 33.73052], [-117.27284, 33.80819], [-117.24865, 33.88821], [-117.23404, 33.96981], [-117.22915, 34.0522]]]}}, {"type": "Feature", "properties": {"NAME": "Chicago-Naperville-Elgin, IL-IN-WI", "population_m": 9.5, "type": "Metro Area"}, "geometry": {"type": "Polygon", "coordinates": [[[-86.61764, 41.8781], [-86.62251, 41.95197], [-86.63709, 42.02512], [-86.66122, 42.09687], [-86.69468, 42.1665], [-86.73715, 42.23336], [-86.78822, 42.29679], [-86.84739, 42.35619], [-86.91409, 42.41099], [-86.98769, 42.46066], [-87.06747, 42.50471], [-87.15267, 42.54274], [-87.24246, 42.57436], [-87.33598, 42.59927], [-87.43234, 42.61724], [-87.53059, 42.62809], [-87.6298, 42.63172], [-87.72901, 42.62809], [-87.82726, 42.61724], [-87.92362, 42.59927], [-88.01714, 42.57436], [-88.10693, 42.54274], [-88.19213, 42.50471], [-88.27191, 42.46066], [-88.34551, 42.41099], [-88.41221, 42.35619], [-88.47138, 42.29679], [-88.52245, 42.23336], [-88.56492, 42.1665], [-88.59838, 42.09687], [-88.62251, 42.02512], [-88.63709, 41.95197], [-88.64196, 41.8781], [-88.63709, 41.80423], [-88.62251, 41.73108], [-88.59838, 41.65933], [-88.56492, 41.5897], [-88.52245, 41.52284], [-88.47138, 41.45941], [-88.41221, 41.40001], [-88.34551, 41.34521], [-88.27191, 41.29554], [-88.19213, 41.25149], [-88.10693, 41.21346], [-88.01714, 41.18184], [-87.92362, 41.15693], [-87.82726, 41.13896], [-87.72901, 41.12811], [-87.6298, 41.12448], [-87.53059, 41.12811], [-87.43234, 41.13896], [-87.33598, 41.15693], [-87.24246, 41.18184], [-87.15267, 41.21346], [-87.06747, 41.25149], [-86.98769, 41.29554], [-86.91409, 41.34521], [-86.84739, 41.40001], [-86.78822, 41.45941], [-86.73715, 41.52284], [-86.69468, 41.5897], [-86.66122, 41.65933], [-86.63709, 41.73108], [-86.62251, 41.80423], [-86.61764, 41.8781]]]}}, {"type": "Feature", "properties": {"NAME": "Dallas-Fort Worth-Arlington, TX", "population_m": 7.8, "type": "Metro Area"}, "geometry": {"type": "Polygon", "coordinates": [[[-96.1082, 32.8998], [-96.11269, 32.97651], [-96.12611, 33.05248], [-96.14834, 33.12698], [-96.17915, 33.19929], [-96.21826, 33.26872], [-96.26529, 33.33459], [-96.31978, 33.39628], [-96.38121, 33.45319], [-96.44898, 33.50476], [-96.52245, 33.55052], [-96.60091, 33.59], [-96.6836, 33.62284], [-96.76973, 33.64871], [-96.85846, 33.66737], [-96.94894, 33.67864], [-97.0403, 33.68241], [-97.13166, 33.67864], [-97.22214, 33.66737], [-97.31087, 33.64871], [-97.397, 33.62284], [-97.47969, 33.59], [-97.55815, 33.55052], [-97.63162, 33.50476], [-97.69939, 33.45319], [-97.76082, 33.39628], [-97.81531, 33.33459], [-97.86234, 33.26872], [-97.90145, 33.19929], [-97.93226, 33.12698], [-97.95449, 33.05248], [-97.96791, 32.97651], [-97.9724, 32.8998], [-97.96791, 32.82309], [-97.95449, 32.74712], [-97.93226, 32.67262], [-97.90145, 32.60031], [-97.86234, 32.53088], [-97.81531, 32.46501], [-97.76082, 32.40332], [-97.69939, 32.34641], [-97.63162, 32.29484], [-97.55815, 32.24908], [-97.47969, 32.2096], [-97.397, 32.17676], [-97.31087, 32.15089], [-97.22214, 32.13223], [-97.13166, 32.12096], [-97.0403, 32.11719], [-96.94894, 32.12096], [-96.85846, 32.13223], [-96.76973, 32.15089], [-96.6836, 32.17676], [-96.60091, 32.2096], [-96.52245, 32.24908], [-96.44898, 32.29484], [-96.38121, 32.34641], [-96.31978, 32.40332], [-96.26529, 32.46501], [-96.21826, 32.53088], [-96.17915, 32.60031], [-96.14834, 32.67262], [-96.12611, 32.74712], [-96.11269, 32.82309], [-96.1082, 32.8998]]]}}, {"type": "Feature", "properties": {"NAME": "Houston-The Woodlands-Sugar Land, TX", "population_m": 7.4, "type": "Metro Area"}, "geometry": {"type": "Polygon", "coordinates": [[[-94.48498, 29.7604], [-94.48925, 29.83569], [-94.50199, 29.91025], [-94.52308, 29.98337], [-94.55234, 30.05435], [-94.58946, 30.12249], [-94.6341, 30.18714], [-94.68583, 30.24769], [-94.74414, 30.30354], [-94.80848, 30.35416], [-94.87822, 30.39907], [-94.9527, 30.43782], [-95.0312, 30.47005], [-95.11295, 30.49544], [-95.19718, 30.51376], [-95.28307, 30.52482], [-95.3698, 30.52852], [-95.45653, 30.52482], [-95.54242, 30.51376], [-95.62665, 30.49544], [-95.7084, 30.47005], [-95.7869, 30.43782], [-95.86138, 30.39907], [-95.93112, 30.35416], [-95.99546, 30.30354], [-96.05377, 30.24769], [-96.1055, 30.18714], [-96.15014, 30.12249], [-96.18726, 30.05435], [-96.21652, 29.98337], [-96.23761, 29.91025], [-96.25035, 29.83569], [-96.25462, 29.7604], [-96.25035, 29.68511], [-96.23761, 29.61055], [-96.21652, 29.53743], [-96.18726, 29.46645], [-96.15014, 29.39831], [-96.1055, 29.33366], [-96.05377, 29.27311], [-95.99546, 29.21726], [-95.93112, 29.16664], [-95.86138, 29.12173], [-95.7869, 29.08298], [-95.7084, 29.05075], [-95.62665, 29.02536], [-95.54242, 29.00704], [-95.45653, 28.99598], [-95.3698, 28.99228], [-95.28307, 28.99598], [-95.19718, 29.00704], [-95.11295, 29.02536], [-95.0312, 29.05075], [-94.9527, 29.08298], [-94.87822, 29.12173], [-94.80848, 29.16664], [-94.74414, 29.21726], [-94.68583, 29.27311], [-94.6341, 29.33366], [-94.58946, 29.39831], [-94.55234, 29.46645], [-94.52308, 29.53743], [-94.50199, 29.61055], [-94.48925, 29.68511], [-94.48498, 29.7604]]]}}, {"type": "Feature", "properties": {"NAME": "Washington-Arlington-Alexandria, DC-VA-MD-WV", "population_m": 6.4, "type": "Metro Area"}, "geometry": {"type": "Polygon", "coordinates": [[[-76.14293, 38.9072], [-76.14724, 38.97539], [-76.16011, 39.04292], [-76.18143, 39.10914], [-76.21098, 39.17341], [-76.24849, 39.23513], [-76.29359, 39.29368], [-76.34586, 39.34852], [-76.40477, 39.3991], [-76.46977, 39.44495], [-76.54024, 39.48561], [-76.61549, 39.52071], [-76.69479, 39.5499], [-76.7774, 39.5729], [-76.8625, 39.58949], [-76.94928, 39.5995], [-77.0369, 39.60285], [-77.12452, 39.5995], [-77.2113, 39.58949], [-77.2964, 39.5729], [-77.37901, 39.5499], [-77.45831, 39.52071], [-77.53356, 39.48561], [-77.60403, 39.44495], [-77.66903, 39.3991], [-77.72794, 39.34852], [-77.78021, 39.29368], [-77.82531, 39.23513], [-77.86282, 39.17341], [-77.89237, 39.10914], [-77.91369, 39.04292], [-77.92656, 38.97539], [-77.93087, 38.9072], [-77.92656, 38.83901], [-77.91369, 38.77148], [-77.89237, 38.70526], [-77.86282, 38.64099], [-77.82531, 38.57927], [-77.78021, 38.52072], [-77.72794, 38.46588], [-77.66903, 38.4153], [-77.60403, 38.36945], [-77.53356, 38.32879], [-77.45831, 38.29369], [-77.37901, 38.2645], [-77.2964, 38.2415], [-77.2113, 38.22491], [-77.12452, 38.2149], [-77.0369, 38.21155], [-76.94928, 38.2149], [-76.8625, 38.22491], [-76.7774, 38.2415], [-76.69479, 38.2645], [-76.61549, 38.29369], [-76.54024, 38.32879], [-76.46977, 38.36945], [-76.40477, 38.4153], [-76.34586, 38.46588], [-76.29359, 38.52072], [-76.24849, 38.57927], [-76.21098, 38.64099], [-76.18143, 38.70526], [-76.16011, 38.77148], [-76.14724, 38.83901], [-76.14293, 38.9072]]]}}, {"type": "Feature", "properties": {"NAME": "Miami-Fort Lauderdale-Pompano Beach, FL", "population_m": 6.3, "type": "Metro Area"}, "geometry": {"type": "Polygon", "coordinates": [[[-79.35129, 26.0034], [-79.35533, 26.07727], [-79.3674, 26.15042], [-79.3874, 26.22217], [-79.41512, 26.2918], [-79.4503, 26.35866], [-79.49261, 26.42209], [-79.54163, 26.48149], [-79.59689, 26.53629], [-79.65786, 26.58596], [-79.72395, 26.63001], [-79.79453, 26.66804], [-79.86892, 26.69966], [-79.94639, 26.72457], [-80.02622, 26.74254], [-80.10761, 26.75339], [-80.1898, 26.75702], [-80.27199, 26.75339], [-80.35338, 26.74254], [-80.43321, 26.72457], [-80.51068, 26.69966], [-80.58507, 26.66804], [-80.65565, 26.63001], [-80.72174, 26.58596], [-80.78271, 26.53629], [-80.83797, 26.48149], [-80.88699, 26.42209], [-80.9293, 26.35866], [-80.96448, 26.2918], [-80.9922, 26.22217], [-81.0122, 26.15042], [-81.02427, 26.07727], [-81.02831, 26.0034], [-81.02427, 25.92953], [-81.0122, 25.85638], [-80.9922, 25.78463], [-80.96448, 25.715], [-80.9293, 25.64814], [-80.88699, 25.58471], [-80.83797, 25.52531], [-80.78271, 25.47051], [-80.72174, 25.42084], [-80.65565, 25.37679], [-80.58507, 25.33876], [-80.51068, 25.30714], [-80.43321, 25.28223], [-80.35338, 25.26426], [-80.27199, 25.25341], [-80.1898, 25.24978], [-80.10761, 25.25341], [-80.02622, 25.26426], [-79.94639, 25.28223], [-79.86892, 25.30714], [-79.79453, 25.33876], [-79.72395, 25.37679], [-79.65786, 25.42084], [-79.59689, 25.47051], [-79.54163, 25.52531], [-79.49261, 25.58471], [-79.4503, 25.64814], [-79.41512, 25.715], [-79.3874, 25.78463], [-79.3674, 25.85638], [-79.35533, 25.92953], [-79.35129, 26.0034]]]}}, {"type": "Feature", "properties": {"NAME": "Philadelphia-Camden-Wilmington, PA-NJ-DE-MD", "population_m": 6.2, "type": "Metro Area"}, "geometry": {"type": "Polygon", "coordinates": [[[-74.24752, 40.0006], [-74.25171, 40.06594], [-74.26424, 40.13066], [-74.28499, 40.19412], [-74.31377, 40.25572], [-74.35028, 40.31486], [-74.39419, 40.37098], [-74.44507, 40.42353], [-74.50242, 40.472], [-74.5657, 40.51594], [-74.6343, 40.55491], [-74.70755, 40.58855], [-74.78476, 40.61652], [-74.86517, 40.63856], [-74.94802, 40.65446], [-75.0325, 40.66406], [-75.1178, 40.66727], [-75.2031, 40.66406], [-75.28758, 40.65446], [-75.37043, 40.63856], [-75.45084, 40.61652], [-75.52805, 40.58855], [-75.6013, 40.55491], [-75.6699, 40.51594], [-75.73318, 40.472], [-75.79053, 40.42353], [-75.84141, 40.37098], [-75.88532, 40.31486], [-75.92183, 40.25572], [-75.95061, 40.19412], [-75.97136, 40.13066], [-75.98389, 40.06594], [-75.98808, 40.0006], [-75.98389, 39.93526], [-75.97136, 39.87054], [-75.95061, 39.80708], [-75.92183, 39.74548], [-75.88532, 39.68634], [-75.84141, 39.63022], [-75.79053, 39.57767], [-75.73318, 39.5292], [-75.6699, 39.48526], [-75.6013, 39.44629], [-75.52805, 39.41265], [-75.45084, 39.38468], [-75.37043, 39.36264], [-75.28758, 39.34674], [-75.2031, 39.33714], [-75.1178, 39.33393], [-75.0325, 39.33714], [-74.94802, 39.34674], [-74.86517, 39.36264], [-74.78476, 39.38468], [-74.70755, 39.41265], [-74.6343, 39.44629], [-74.5657, 39.48526], [-74.50242, 39.5292], [-74.44507, 39.57767], [-74.39419, 39.63022], [-74.35028, 39.68634], [-74.31377, 39.74548], [-74.28499, 39.80708], [-74.26424, 39.87054], [-74.25171, 39.93526], [-74.24752, 40.0006]]]}}, {"type": "Feature", "properties": {"NAME": "Atlanta-Sandy Springs-Alpharetta, GA", "population_m": 6.2, "type": "Metro Area"}, "geometry": {"type": "Polygon", "coordinates": [[[-83.44678, 33.749], [-83.45131, 33.82571], [-83.46486, 33.90168], [-83.4873, 33.97618], [-83.51842, 34.04849], [-83.55791, 34.11792], [-83.6054, 34.18379], [-83.66042, 34.24548], [-83.72245, 34.30239], [-83.79089, 34.35396], [-83.86508, 34.39972], [-83.94431, 34.4392], [-84.02781, 34.47204], [-84.11478, 34.49791], [-84.20438, 34.51657], [-84.29574, 34.52784], [-84.388, 34.53161], [-84.48026, 34.52784], [-84.57162, 34.51657], [-84.66122, 34.49791], [-84.74819, 34.47204], [-84.83169, 34.4392], [-84.91092, 34.39972], [-84.98511, 34.35396], [-85.05355, 34.30239], [-85.11558, 34.24548], [-85.1706, 34.18379], [-85.21809, 34.11792], [-85.25758, 34.04849], [-85.2887, 33.97618], [-85.31114, 33.90168], [-85.32469, 33.82571], [-85.32922, 33.749], [-85.32469, 33.67229], [-85.31114, 33.59632], [-85.2887, 33.52182], [-85.25758, 33.44951], [-85.21809, 33.38008], [-85.1706, 33.31421], [-85.11558, 33.25252], [-85.05355, 33.19561], [-84.98511, 33.14404], [-84.91092, 33.09828], [-84.83169, 33.0588], [-84.74819, 33.02596], [-84.66122, 33.00009], [-84.57162, 32.98143], [-84.48026, 32.97016], [-84.388, 32.96639], [-84.29574, 32.97016], [-84.20438, 32.98143], [-84.11478, 33.00009], [-84.02781, 33.02596], [-83.94431, 33.0588], [-83.86508, 33.09828], [-83.79089, 33.14404], [-83.72245, 33.19561], [-83.66042, 33.25252], [-83.6054, 33.31421], [-83.55791, 33.38008], [-83.51842, 33.44951], [-83.4873, 33.52182], [-83.46486, 33.59632], [-83.45131, 33.67229], [-83.44678, 33.749]]]}}, {"type": "Feature", "properties": {"NAME": "Phoenix-Mesa-Chandler, AZ", "population_m": 5.1, "type": "Metro Area"}, "geometry": {"type": "Polygon", "coordinates": [[[-111.22038, 33.5722], [-111.22457, 33.64323], [-111.2371, 33.71357], [-111.25783, 33.78255], [-111.28659, 33.84951], [-111.32308, 33.91379], [-111.36696, 33.97479], [-111.4178, 34.03191], [-111.47512, 34.0846], [-111.53836, 34.13235], [-111.60691, 34.17471], [-111.68012, 34.21127], [-111.75727, 34.24168], [-111.83764, 34.26564], [-111.92043, 34.28291], [-112.00485, 34.29335], [-112.0901, 34.29684], [-112.17535, 34.29335], [-112.25977, 34.28291], [-112.34256, 34.26564], [-112.42293, 34.24168], [-112.50008, 34.21127], [-112.57329, 34.17471], [-112.64184, 34.13235], [-112.70508, 34.0846], [-112.7624, 34.03191], [-112.81324, 33.97479], [-112.85712, 33.91379], [-112.89361, 33.84951], [-112.92237, 33.78255], [-112.9431, 33.71357], [-112.95563, 33.64323], [-112.95982, 33.5722], [-112.95563, 33.50117], [-112.9431, 33.43083], [-112.92237, 33.36185], [-112.89361, 33.29489], [-112.85712, 33.23061], [-112.81324, 33.16961], [-112.7624, 33.11249], [-112.70508, 33.0598], [-112.64184, 33.01205], [-112.57329, 32.96969], [-112.50008, 32.93313], [-112.42293, 32.90272], [-112.34256, 32.87876], [-112.25977, 32.86149], [-112.17535, 32.85105], [-112.0901, 32.84756], [-112.00485, 32.85105], [-111.92043, 32.86149], [-111.83764, 32.87876], [-111.75727, 32.90272], [-111.68012, 32.93313], [-111.60691, 32.96969], [-111.53836, 33.01205], [-111.47512, 33.0598], [-111.4178, 33.11249], [-111.36696, 33.16961], [-111.32308, 33.23061], [-111.28659, 33.29489], [-111.25783, 33.36185], [-111.2371, 33.43083], [-111.22457, 33.50117], [-111.22038, 33.5722]]]}}, {"type": "Feature", "properties": {"NAME": "Boston-Cambridge-Newton, MA-NH", "population_m": 4.9, "type": "Metro Area"}, "geometry": {"type": "Polygon", "coordinates": [[[-70.15669, 42.3601], [-70.16103, 42.42544], [-70.17402, 42.49016], [-70.19554, 42.55362], [-70.22536, 42.61522], [-70.26322, 42.67436], [-70.30874, 42.73048], [-70.36148, 42.78303], [-70.42094, 42.8315], [-70.48654, 42.87544], [-70.55766, 42.91441], [-70.6336, 42.94805], [-70.71364, 42.97602], [-70.797, 42.99806], [-70.88289, 43.01396], [-70.97047, 43.02356], [-71.0589, 43.02677], [-71.14733, 43.02356], [-71.23491, 43.01396], [-71.3208, 42.99806], [-71.40416, 42.97602], [-71.4842, 42.94805], [-71.56014, 42.91441], [-71.63126, 42.87544], [-71.69686, 42.8315], [-71.75632, 42.78303], [-71.80906, 42.73048], [-71.85458, 42.67436], [-71.89244, 42.61522], [-71.92226, 42.55362], [-71.94378, 42.49016], [-71.95677, 42.42544], [-71.96111, 42.3601], [-71.95677, 42.29476], [-71.94378, 42.23004], [-71.92226, 42.16658], [-71.89244, 42.10498], [-71.85458, 42.04584], [-71.80906, 41.98972], [-71.75632, 41.93717], [-71.69686, 41.8887], [-71.63126, 41.84476], [-71.56014, 41.80579], [-71.4842, 41.77215], [-71.40416, 41.74418], [-71.3208, 41.72214], [-71.23491, 41.70624], [-71.14733, 41.69664], [-71.0589, 41.69343], [-70.97047, 41.69664], [-70.88289, 41.70624], [-70.797, 41.72214], [-70.71364, 41.74418], [-70.6336, 41.77215], [-70.55766, 41.80579], [-70.48654, 41.84476], [-70.42094, 41.8887], [-70.36148, 41.93717], [-70.30874, 41.98972], [-70.26322, 42.04584], [-70.22536, 42.10498], [-70.19554, 42.16658], [-70.17402, 42.23004], [-70.16103, 42.29476], [-70.15669, 42.3601]]]}}, {"type": "Feature", "properties": {"NAME": "Riverside-San Bernardino-Ontario, CA", "population_m": 4.6, "type": "Metro Area"}, "geometry": {"type": "Polygon", "coordinates": [[[-116.46667, 33.9806], [-116.47105, 34.05447], [-116.48414, 34.12762], [-116.50581, 34.19937], [-116.53585, 34.269], [-116.57399, 34.33586], [-116.61984, 34.39929], [-116.67297, 34.45869], [-116.73286, 34.51349], [-116.79895, 34.56316], [-116.87058, 34.60721], [-116.94708, 34.64524], [-117.02771, 34.67686], [-117.11168, 34.70177], [-117.1982, 34.71974], [-117.28642, 34.73059], [-117.3755, 34.73422], [-117.46458, 34.73059], [-117.5528, 34.71974], [-117.63932, 34.70177], [-117.72329, 34.67686], [-117.80392, 34.64524], [-117.88042, 34.60721], [-117.95205, 34.56316], [-118.01814, 34.51349], [-118.07803, 34.45869], [-118.13116, 34.39929], [-118.17701, 34.33586], [-118.21515, 34.269], [-118.24519, 34.19937], [-118.26686, 34.12762], [-118.27995, 34.05447], [-118.28433, 33.9806], [-118.27995, 33.90673], [-118.26686, 33.83358], [-118.24519, 33.76183], [-118.21515, 33.6922], [-118.17701, 33.62534], [-118.13116, 33.56191], [-118.07803, 33.50251], [-118.01814, 33.44771], [-117.95205, 33.39804], [-117.88042, 33.35399], [-117.80392, 33.31596], [-117.72329, 33.28434], [-117.63932, 33.25943], [-117.5528, 33.24146], [-117.46458, 33.23061], [-117.3755, 33.22698], [-117.28642, 33.23061], [-117.1982, 33.24146], [-117.11168, 33.25943], [-117.02771, 33.28434], [-116.94708, 33.31596], [-116.87058, 33.35399], [-116.79895, 33.39804], [-116.73286, 33.44771], [-116.67297, 33.50251], [-116.61984, 33.56191], [-116.57399, 33.62534], [-116.53585, 33.6922], [-116.50581, 33.76183], [-116.48414, 33.83358], [-116.47105, 33.90673], [-116.46667, 33.9806]]]}}, {"type": "Feature", "properties": {"NAME": "Seattle-Tacoma-Bellevue, WA", "population_m": 4.0, "type": "Metro Area"}, "geometry": {"type": "Polygon", "coordinates": [[[-121.22299, 47.4799], [-121.22774, 47.54524], [-121.24194, 47.60996], [-121.26546, 47.67342], [-121.29807, 47.73502], [-121.33946, 47.79416], [-121.38923, 47.85028], [-121.44689, 47.90283], [-121.5119, 47.9513], [-121.58363, 47.99524], [-121.66138, 48.03421], [-121.74441, 48.06785], [-121.83192, 48.09582], [-121.92306, 48.11786], [-122.01696, 48.13376], [-122.11271, 48.14336], [-122.2094, 48.14657], [-122.30609, 48.14336], [-122.40184, 48.13376], [-122.49574, 48.11786], [-122.58688, 48.09582], [-122.67439, 48.06785], [-122.75742, 48.03421], [-122.83517, 47.99524], [-122.9069, 47.9513], [-122.97191, 47.90283], [-123.02957, 47.85028], [-123.07934, 47.79416], [-123.12073, 47.73502], [-123.15334, 47.67342], [-123.17686, 47.60996], [-123.19106, 47.54524], [-123.19581, 47.4799], [-123.19106, 47.41456], [-123.17686, 47.34984], [-123.15334, 47.28638], [-123.12073, 47.22478], [-123.07934, 47.16564], [-123.02957, 47.10952], [-122.97191, 47.05697], [-122.9069, 47.0085], [-122.83517, 46.96456], [-122.75742, 46.92559], [-122.67439, 46.89195], [-122.58688, 46.86398], [-122.49574, 46.84194], [-122.40184, 46.82604], [-122.30609, 46.81644], [-122.2094, 46.81323], [-122.11271, 46.81644], [-122.01696, 46.82604], [-121.92306, 46.84194], [-121.83192, 46.86398], [-121.74441, 46.89195], [-121.66138, 46.92559], [-121.58363, 46.96456], [-121.5119, 47.0085], [-121.44689, 47.05697], [-121.38923, 47.10952], [-121.33946, 47.16564], [-121.29807, 47.22478], [-121.26546, 47.28638], [-121.24194, 47.34984], [-121.22774, 47.41456], [-121.22299, 47.4799]]]}}, {"type": "Feature", "properties": {"NAME": "Minneapolis-St. Paul-Bloomington, MN-WI", "population_m": 3.7, "type": "Metro Area"}, "geometry": {"type": "Polygon", "coordinates": [[[-92.28993, 44.9733], [-92.29447, 45.03864], [-92.30804, 45.10336], [-92.33051, 45.16682], [-92.36166, 45.22842], [-92.4012, 45.28756], [-92.44875, 45.34368], [-92.50384, 45.39623], [-92.56594, 45.4447], [-92.63447, 45.48864], [-92.70875, 45.52761], [-92.78807, 45.56125], [-92.87167, 45.58922], [-92.95874, 45.61126], [-93.04845, 45.62716], [-93.13993, 45.63676], [-93.2323, 45.63997], [-93.32467, 45.63676], [-93.41615, 45.62716], [-93.50586, 45.61126], [-93.59293, 45.58922], [-93.67653, 45.56125], [-93.75585, 45.52761], [-93.83013, 45.48864], [-93.89866, 45.4447], [-93.96076, 45.39623], [-94.01585, 45.34368], [-94.0634, 45.28756], [-94.10294, 45.22842], [-94.13409, 45.16682], [-94.15656, 45.10336], [-94.17013, 45.03864], [-94.17467, 44.9733], [-94.17013, 44.90796], [-94.15656, 44.84324], [-94.13409, 44.77978], [-94.10294, 44.71818], [-94.0634, 44.65904], [-94.01585, 44.60292], [-93.96076, 44.55037], [-93.89866, 44.5019], [-93.83013, 44.45796], [-93.75585, 44.41899], [-93.67653, 44.38535], [-93.59293, 44.35738], [-93.50586, 44.33534], [-93.41615, 44.31944], [-93.32467, 44.30984], [-93.2323, 44.30663], [-93.13993, 44.30984], [-93.04845, 44.31944], [-92.95874, 44.33534], [-92.87167, 44.35738], [-92.78807, 44.38535], [-92.70875, 44.41899], [-92.63447, 44.45796], [-92.56594, 44.5019], [-92.50384, 44.55037], [-92.44875, 44.60292], [-92.4012, 44.65904], [-92.36166, 44.71818], [-92.33051, 44.77978], [-92.30804, 44.84324], [-92.29447, 44.90796], [-92.28993, 44.9733]]]}}, {"type": "Feature", "properties": {"NAME": "San Diego-Chula Vista-Carlsbad, CA", "population_m": 3.3, "type": "Metro Area"}, "geometry": {"type": "Polygon", "coordinates": [[[-116.43764, 32.7157], [-116.44112, 32.77536], [-116.45154, 32.83445], [-116.46879, 32.8924], [-116.49271, 32.94864], [-116.52306, 33.00264], [-116.55956, 33.05387], [-116.60185, 33.10185], [-116.64953, 33.14611], [-116.70214, 33.18623], [-116.75916, 33.22181], [-116.82006, 33.25252], [-116.88424, 33.27806], [-116.95109, 33.29819], [-117.01996, 33.3127], [-117.09019, 33.32146], [-117.1611, 33.3244], [-117.23201, 33.32146], [-117.30224, 33.3127], [-117.37111, 33.29819], [-117.43796, 33.27806], [-117.50214, 33.25252], [-117.56304, 33.22181], [-117.62006, 33.18623], [-117.67267, 33.14611], [-117.72035, 33.10185], [-117.76264, 33.05387], [-117.79914, 33.00264], [-117.82949, 32.94864], [-117.85341, 32.8924], [-117.87066, 32.83445], [-117.88108, 32.77536], [-117.88456, 32.7157], [-117.88108, 32.65604], [-117.87066, 32.59695], [-117.85341, 32.539], [-117.82949, 32.48276], [-117.79914, 32.42876], [-117.76264, 32.37753], [-117.72035, 32.32955], [-117.67267, 32.28529], [-117.62006, 32.24517], [-117.56304, 32.20959], [-117.50214, 32.17888], [-117.43796, 32.15334], [-117.37111, 32.13321], [-117.30224, 32.1187], [-117.23201, 32.10994], [-117.1611, 32.107], [-117.09019, 32.10994], [-117.01996, 32.1187], [-116.95109, 32.13321], [-116.88424, 32.15334], [-116.82006, 32.17888], [-116.75916, 32.20959], [-116.70214, 32.24517], [-116.64953, 32.28529], [-116.60185, 32.32955], [-116.55956, 32.37753], [-116.52306, 32.42876], [-116.49271, 32.48276], [-116.46879, 32.539], [-116.45154, 32.59695], [-116.44112, 32.65604], [-116.43764, 32.7157]]]}}, {"type": "Feature", "properties": {"NAME": "Tampa-St. Petersburg-Clearwater, FL", "population_m": 3.2, "type": "Metro Area"}, "geometry": {"type": "Polygon", "coordinates": [[[-81.83929, 27.9947], [-81.84293, 28.06004], [-81.8538, 28.12476], [-81.8718, 28.18822], [-81.89676, 28.24982], [-81.92844, 28.30896], [-81.96653, 28.36508], [-82.01067, 28.41763], [-82.06043, 28.4661], [-82.11533, 28.51004], [-82.17484, 28.54901], [-82.23839, 28.58265], [-82.30537, 28.61062], [-82.37513, 28.63266], [-82.447, 28.64856], [-82.5203, 28.65816], [-82.5943, 28.66137], [-82.6683, 28.65816], [-82.7416, 28.64856], [-82.81347, 28.63266], [-82.88323, 28.61062], [-82.95021, 28.58265], [-83.01376, 28.54901], [-83.07327, 28.51004], [-83.12817, 28.4661], [-83.17793, 28.41763], [-83.22207, 28.36508], [-83.26016, 28.30896], [-83.29184, 28.24982], [-83.3168, 28.18822], [-83.3348, 28.12476], [-83.34567, 28.06004], [-83.34931, 27.9947], [-83.34567, 27.92936], [-83.3348, 27.86464], [-83.3168, 27.80118], [-83.29184, 27.73958], [-83.26016, 27.68044], [-83.22207, 27.62432], [-83.17793, 27.57177], [-83.12817, 27.5233], [-83.07327, 27.47936], [-83.01376, 27.44039], [-82.95021, 27.40675], [-82.88323, 27.37878], [-82.81347, 27.35674], [-82.7416, 27.34084], [-82.6683, 27.33124], [-82.5943, 27.32803], [-82.5203, 27.33124], [-82.447, 27.34084], [-82.37513, 27.35674], [-82.30537, 27.37878], [-82.23839, 27.40675], [-82.17484, 27.44039], [-82.11533, 27.47936], [-82.06043, 27.5233], [-82.01067, 27.57177], [-81.96653, 27.62432], [-81.92844, 27.68044], [-81.89676, 27.73958], [-81.8718, 27.80118], [-81.8538, 27.86464], [-81.84293, 27.92936], [-81.83929, 27.9947]]]}}, {"type": "Feature", "properties": {"NAME": "Denver-Aurora-Lakewood, CO", "population_m": 2.9, "type": "Metro Area"}, "geometry": {"type": "Polygon", "coordinates": [[[-104.12333, 39.7392], [-104.12751, 39.80454], [-104.13999, 39.86926], [-104.16066, 39.93272], [-104.18932, 39.99432], [-104.2257, 40.05346], [-104.26944, 40.10958], [-104.32012, 40.16213], [-104.37726, 40.2106], [-104.4403, 40.25454], [-104.50864, 40.29351], [-104.58161, 40.32715], [-104.65853, 40.35512], [-104.73863, 40.37716], [-104.82116, 40.39306], [-104.90532, 40.40266], [-104.9903, 40.40587], [-105.07528, 40.40266], [-105.15944, 40.39306], [-105.24197, 40.37716], [-105.32207, 40.35512], [-105.39899, 40.32715], [-105.47196, 40.29351], [-105.5403, 40.25454], [-105.60334, 40.2106], [-105.66048, 40.16213], [-105.71116, 40.10958], [-105.7549, 40.05346], [-105.79128, 39.99432], [-105.81994, 39.93272], [-105.84061, 39.86926], [-105.85309, 39.80454], [-105.85727, 39.7392], [-105.85309, 39.67386], [-105.84061, 39.60914], [-105.81994, 39.54568], [-105.79128, 39.48408], [-105.7549, 39.42494], [-105.71116, 39.36882], [-105.66048, 39.31627], [-105.60334, 39.2678], [-105.5403, 39.22386], [-105.47196, 39.18489], [-105.39899, 39.15125], [-105.32207, 39.12328], [-105.24197, 39.10124], [-105.15944, 39.08534], [-105.07528, 39.07574], [-104.9903, 39.07253], [-104.90532, 39.07574], [-104.82116, 39.08534], [-104.73863, 39.10124], [-104.65853, 39.12328], [-104.58161, 39.15125], [-104.50864, 39.18489], [-104.4403, 39.22386], [-104.37726, 39.2678], [-104.32012, 39.31627], [-104.26944, 39.36882], [-104.2257, 39.42494], [-104.18932, 39.48408], [-104.16066, 39.54568], [-104.13999, 39.60914], [-104.12751, 39.67386], [-104.12333, 39.7392]]]}}, {"type": "Feature", "properties": {"NAME": "St. Louis, MO-IL", "population_m": 2.8, "type": "Metro Area"}, "geometry": {"type": "Polygon", "coordinates": [[[-89.38314, 38.627], [-89.38707, 38.6895], [-89.39883, 38.75141], [-89.41829, 38.81211], [-89.44528, 38.87103], [-89.47953, 38.9276], [-89.52071, 38.98128], [-89.56843, 39.03154], [-89.62222, 39.07791], [-89.68157, 39.11993], [-89.74591, 39.15721], [-89.81462, 39.18938], [-89.88703, 39.21614], [-89.96245, 39.23722], [-90.04016, 39.25243], [-90.11939, 39.26161], [-90.1994, 39.26468], [-90.27941, 39.26161], [-90.35864, 39.25243], [-90.43635, 39.23722], [-90.51177, 39.21614], [-90.58418, 39.18938], [-90.65289, 39.15721], [-90.71723, 39.11993], [-90.77658, 39.07791], [-90.83037, 39.03154], [-90.87809, 38.98128], [-90.91927, 38.9276], [-90.95352, 38.87103], [-90.98051, 38.81211], [-90.99997, 38.75141], [-91.01173, 38.6895], [-91.01566, 38.627], [-91.01173, 38.5645], [-90.99997, 38.50259], [-90.98051, 38.44189], [-90.95352, 38.38297], [-90.91927, 38.3264], [-90.87809, 38.27272], [-90.83037, 38.22246], [-90.77658, 38.17609], [-90.71723, 38.13407], [-90.65289, 38.09679], [-90.58418, 38.06462], [-90.51177, 38.03786], [-90.43635, 38.01678], [-90.35864, 38.00157], [-90.27941, 37.99239], [-90.1994, 37.98932], [-90.11939, 37.99239], [-90.04016, 38.00157], [-89.96245, 38.01678], [-89.88703, 38.03786], [-89.81462, 38.06462], [-89.74591, 38.09679], [-89.68157, 38.13407], [-89.62222, 38.17609], [-89.56843, 38.22246], [-89.52071, 38.27272], [-89.47953, 38.3264], [-89.44528, 38.38297], [-89.41829, 38.44189], [-89.39883, 38.50259], [-89.38707, 38.5645], [-89.38314, 38.627]]]}}, {"type": "Feature", "properties": {"NAME": "Baltimore-Columbia-Towson, MD", "population_m": 2.9, "type": "Metro Area"}, "geometry": {"type": "Polygon", "coordinates": [[[-75.78827, 39.2904], [-75.79223, 39.3529], [-75.8041, 39.41481], [-75.82374, 39.47551], [-75.85098, 39.53443], [-75.88555, 39.591], [-75.92712, 39.64468], [-75.97529, 39.69494], [-76.02959, 39.74131], [-76.0895, 39.78333], [-76.15445, 39.82061], [-76.2238, 39.85278], [-76.29689, 39.87954], [-76.37302, 39.90062], [-76.45146, 39.91583], [-76.53144, 39.92501], [-76.6122, 39.92808], [-76.69296, 39.92501], [-76.77294, 39.91583], [-76.85138, 39.90062], [-76.92751, 39.87954], [-77.0006, 39.85278], [-77.06995, 39.82061], [-77.1349, 39.78333], [-77.19481, 39.74131], [-77.24911, 39.69494], [-77.29728, 39.64468], [-77.33885, 39.591], [-77.37342, 39.53443], [-77.40066, 39.47551], [-77.4203, 39.41481], [-77.43217, 39.3529], [-77.43613, 39.2904], [-77.43217, 39.2279], [-77.4203, 39.16599], [-77.40066, 39.10529], [-77.37342, 39.04637], [-77.33885, 38.9898], [-77.29728, 38.93612], [-77.24911, 38.88586], [-77.19481, 38.83949], [-77.1349, 38.79747], [-77.06995, 38.76019], [-77.0006, 38.72802], [-76.92751, 38.70126], [-76.85138, 38.68018], [-76.77294, 38.66497], [-76.69296, 38.65579], [-76.6122, 38.65272], [-76.53144, 38.65579], [-76.45146, 38.66497], [-76.37302, 38.68018], [-76.29689, 38.70126], [-76.2238, 38.72802], [-76.15445, 38.76019], [-76.0895, 38.79747], [-76.02959, 38.83949], [-75.97529, 38.88586], [-75.92712, 38.93612], [-75.88555, 38.9898], [-75.85098, 39.04637], [-75.82374, 39.10529], [-75.8041, 39.16599], [-75.79223, 39.2279], [-75.78827, 39.2904]]]}}, {"type": "Feature", "properties": {"NAME": "Orlando-Kissimmee-Sanford, FL", "population_m": 2.7, "type": "Metro Area"}, "geometry": {"type": "Polygon", "coordinates": [[[-80.68812, 28.4845], [-80.69177, 28.54984], [-80.70269, 28.61456], [-80.72078, 28.67802], [-80.74585, 28.73962], [-80.77768, 28.79876], [-80.81594, 28.85488], [-80.86028, 28.90743], [-80.91027, 28.9559], [-80.96542, 28.99984], [-81.02521, 29.03881], [-81.08905, 29.07245], [-81.15634, 29.10042], [-81.22642, 29.12246], [-81.29863, 29.13836], [-81.37226, 29.14796], [-81.4466, 29.15117], [-81.52094, 29.14796], [-81.59457, 29.13836], [-81.66678, 29.12246], [-81.73686, 29.10042], [-81.80415, 29.07245], [-81.86799, 29.03881], [-81.92778, 28.99984], [-81.98293, 28.9559], [-82.03292, 28.90743], [-82.07726, 28.85488], [-82.11552, 28.79876], [-82.14735, 28.73962], [-82.17242, 28.67802], [-82.19051, 28.61456], [-82.20143, 28.54984], [-82.20508, 28.4845], [-82.20143, 28.41916], [-82.19051, 28.35444], [-82.17242, 28.29098], [-82.14735, 28.22938], [-82.11552, 28.17024], [-82.07726, 28.11412], [-82.03292, 28.06157], [-81.98293, 28.0131], [-81.92778, 27.96916], [-81.86799, 27.93019], [-81.80415, 27.89655], [-81.73686, 27.86858], [-81.66678, 27.84654], [-81.59457, 27.83064], [-81.52094, 27.82104], [-81.4466, 27.81783], [-81.37226, 27.82104], [-81.29863, 27.83064], [-81.22642, 27.84654], [-81.15634, 27.86858], [-81.08905, 27.89655], [-81.02521, 27.93019], [-80.96542, 27.96916], [-80.91027, 28.0131], [-80.86028, 28.06157], [-80.81594, 28.11412], [-80.77768, 28.17024], [-80.74585, 28.22938], [-80.72078, 28.29098], [-80.70269, 28.35444], [-80.69177, 28.41916], [-80.68812, 28.4845]]]}}, {"type": "Feature", "properties": {"NAME": "San Antonio-New Braunfels, TX", "population_m": 2.7, "type": "Metro Area"}, "geometry": {"type": "Polygon", "coordinates": [[[-97.76148, 29.4241], [-97.76501, 29.4866], [-97.77555, 29.54851], [-97.79301, 29.60921], [-97.81721, 29.66813], [-97.84793, 29.7247], [-97.88487, 29.77838], [-97.92766, 29.82864], [-97.97591, 29.87501], [-98.02915, 29.91703], [-98.08686, 29.95431], [-98.14848, 29.98648], [-98.21343, 30.01324], [-98.28108, 30.03432], [-98.35077, 30.04953], [-98.42184, 30.05871], [-98.4936, 30.06178], [-98.56536, 30.05871], [-98.63643, 30.04953], [-98.70612, 30.03432], [-98.77377, 30.01324], [-98.83872, 29.98648], [-98.90034, 29.95431], [-98.95805, 29.91703], [-99.01129, 29.87501], [-99.05954, 29.82864], [-99.10233, 29.77838], [-99.13927, 29.7247], [-99.16999, 29.66813], [-99.19419, 29.60921], [-99.21165, 29.54851], [-99.22219, 29.4866], [-99.22572, 29.4241], [-99.22219, 29.3616], [-99.21165, 29.29969], [-99.19419, 29.23899], [-99.16999, 29.18007], [-99.13927, 29.1235], [-99.10233, 29.06982], [-99.05954, 29.01956], [-99.01129, 28.97319], [-98.95805, 28.93117], [-98.90034, 28.89389], [-98.83872, 28.86172], [-98.77377, 28.83496], [-98.70612, 28.81388], [-98.63643, 28.79867], [-98.56536, 28.78949], [-98.4936, 28.78642], [-98.42184, 28.78949], [-98.35077, 28.79867], [-98.28108, 28.81388], [-98.21343, 28.83496], [-98.14848, 28.86172], [-98.08686, 28.89389], [-98.02915, 28.93117], [-97.97591, 28.97319], [-97.92766, 29.01956], [-97.88487, 29.06982], [-97.84793, 29.1235], [-97.81721, 29.18007], [-97.79301, 29.23899], [-97.77555, 29.29969], [-97.76501, 29.3616], [-97.76148, 29.4241]]]}}, {"type": "Feature", "properties": {"NAME": "Portland-Vancouver-Hillsboro, OR-WA", "population_m": 2.5, "type": "Metro Area"}, "geometry": {"type": "Polygon", "coordinates": [[[-121.84399, 45.5442], [-121.84838, 45.6067], [-121.86149, 45.66861], [-121.8832, 45.72931], [-121.9133, 45.78823], [-121.95151, 45.8448], [-121.99744, 45.89848], [-122.05067, 45.94874], [-122.11067, 45.99511], [-122.17688, 46.03713], [-122.24865, 46.07441], [-122.32529, 46.10658], [-122.40606, 46.13334], [-122.49019, 46.15442], [-122.57687, 46.16963], [-122.66525, 46.17881], [-122.7545, 46.18188], [-122.84375, 46.17881], [-122.93213, 46.16963], [-123.01881, 46.15442], [-123.10294, 46.13334], [-123.18371, 46.10658], [-123.26035, 46.07441], [-123.33212, 46.03713], [-123.39833, 45.99511], [-123.45833, 45.94874], [-123.51156, 45.89848], [-123.55749, 45.8448], [-123.5957, 45.78823], [-123.6258, 45.72931], [-123.64751, 45.66861], [-123.66062, 45.6067], [-123.66501, 45.5442], [-123.66062, 45.4817], [-123.64751, 45.41979], [-123.6258, 45.35909], [-123.5957, 45.30017], [-123.55749, 45.2436], [-123.51156, 45.18992], [-123.45833, 45.13966], [-123.39833, 45.09329], [-123.33212, 45.05127], [-123.26035, 45.01399], [-123.18371, 44.98182], [-123.10294, 44.95506], [-123.01881, 44.93398], [-122.93213, 44.91877], [-122.84375, 44.90959], [-122.7545, 44.90652], [-122.66525, 44.90959], [-122.57687, 44.91877], [-122.49019, 44.93398], [-122.40606, 44.95506], [-122.32529, 44.98182], [-122.24865, 45.01399], [-122.17688, 45.05127], [-122.11067, 45.09329], [-122.05067, 45.13966], [-121.99744, 45.18992], [-121.95151, 45.2436], [-121.9133, 45.30017], [-121.8832, 45.35909], [-121.86149, 45.41979], [-121.84838, 45.4817], [-121.84399, 45.5442]]]}}, {"type": "Feature", "properties": {"NAME": "Sacramento-Roseville-Folsom, CA", "population_m": 2.4, "type": "Metro Area"}, "geometry": {"type": "Polygon", "coordinates": [[[-120.67866, 38.5816], [-120.68259, 38.6441], [-120.69433, 38.70601], [-120.71379, 38.76671], [-120.74075, 38.82563], [-120.77498, 38.8822], [-120.81614, 38.93588], [-120.86382, 38.98614], [-120.91758, 39.03251], [-120.9769, 39.07453], [-121.0412, 39.11181], [-121.10986, 39.14398], [-121.18223, 39.17074], [-121.2576, 39.19182], [-121.33526, 39.20703], [-121.41444, 39.21621], [-121.4944, 39.21928], [-121.57436, 39.21621], [-121.65354, 39.20703], [-121.7312, 39.19182], [-121.80657, 39.17074], [-121.87894, 39.14398], [-121.9476, 39.11181], [-122.0119, 39.07453], [-122.07122, 39.03251], [-122.12498, 38.98614], [-122.17266, 38.93588], [-122.21382, 38.8822], [-122.24805, 38.82563], [-122.27501, 38.76671], [-122.29447, 38.70601], [-122.30621, 38.6441], [-122.31014, 38.5816], [-122.30621, 38.5191], [-122.29447, 38.45719], [-122.27501, 38.39649], [-122.24805, 38.33757], [-122.21382, 38.281], [-122.17266, 38.22732], [-122.12498, 38.17706], [-122.07122, 38.13069], [-122.0119, 38.08867], [-121.9476, 38.05139], [-121.87894, 38.01922], [-121.80657, 37.99246], [-121.7312, 37.97138], [-121.65354, 37.95617], [-121.57436, 37.94699], [-121.4944, 37.94392], [-121.41444, 37.94699], [-121.33526, 37.95617], [-121.2576, 37.97138], [-121.18223, 37.99246], [-121.10986, 38.01922], [-121.0412, 38.05139], [-120.9769, 38.08867], [-120.91758, 38.13069], [-120.86382, 38.17706], [-120.81614, 38.22732], [-120.77498, 38.281], [-120.74075, 38.33757], [-120.71379, 38.39649], [-120.69433, 38.45719], [-120.68259, 38.5191], [-120.67866, 38.5816]]]}}, {"type": "Feature", "properties": {"NAME": "Pittsburgh, PA", "population_m": 2.4, "type": "Metro Area"}, "geometry": {"type": "Polygon", "coordinates": [[[-79.2342, 40.4406], [-79.23787, 40.49742], [-79.24884, 40.5537], [-79.267, 40.60888], [-79.29219, 40.66245], [-79.32414, 40.71387], [-79.36257, 40.76267], [-79.4071, 40.80836], [-79.4573, 40.85052], [-79.51269, 40.88872], [-79.57272, 40.92261], [-79.63684, 40.95186], [-79.70441, 40.97618], [-79.77479, 40.99535], [-79.8473, 41.00917], [-79.92124, 41.01752], [-79.9959, 41.02031], [-80.07056, 41.01752], [-80.1445, 41.00917], [-80.21701, 40.99535], [-80.28739, 40.97618], [-80.35496, 40.95186], [-80.41908, 40.92261], [-80.47911, 40.88872], [-80.5345, 40.85052], [-80.5847, 40.80836], [-80.62923, 40.76267], [-80.66766, 40.71387], [-80.69961, 40.66245], [-80.7248, 40.60888], [-80.74296, 40.5537], [-80.75393, 40.49742], [-80.7576, 40.4406], [-80.75393, 40.38378], [-80.74296, 40.3275], [-80.7248, 40.27232], [-80.69961, 40.21875], [-80.66766, 40.16733], [-80.62923, 40.11853], [-80.5847, 40.07284], [-80.5345, 40.03068], [-80.47911, 39.99248], [-80.41908, 39.95859], [-80.35496, 39.92934], [-80.28739, 39.90502], [-80.21701, 39.88585], [-80.1445, 39.87203], [-80.07056, 39.86368], [-79.9959, 39.86089], [-79.92124, 39.86368], [-79.8473, 39.87203], [-79.77479, 39.88585], [-79.70441, 39.90502], [-79.63684, 39.92934], [-79.57272, 39.95859], [-79.51269, 39.99248], [-79.4573, 40.03068], [-79.4071, 40.07284], [-79.36257, 40.11853], [-79.32414, 40.16733], [-79.29219, 40.21875], [-79.267, 40.27232], [-79.24884, 40.3275], [-79.23787, 40.38378], [-79.2342, 40.4406]]]}}, {"type": "Feature", "properties": {"NAME": "Las Vegas-Henderson-Paradise, NV", "population_m": 2.3, "type": "Metro Area"}, "geometry": {"type": "Polygon", "coordinates": [[[-114.45914, 36.2156], [-114.46278, 36.27526], [-114.47364, 36.33435], [-114.49163, 36.3923], [-114.51657, 36.44854], [-114.54823, 36.50254], [-114.58629, 36.55377], [-114.6304, 36.60175], [-114.68012, 36.64601], [-114.73498, 36.68613], [-114.79445, 36.72171], [-114.85795, 36.75242], [-114.92488, 36.77796], [-114.99459, 36.79809], [-115.06641, 36.8126], [-115.13965, 36.82136], [-115.2136, 36.8243], [-115.28755, 36.82136], [-115.36079, 36.8126], [-115.43261, 36.79809], [-115.50232, 36.77796], [-115.56925, 36.75242], [-115.63275, 36.72171], [-115.69222, 36.68613], [-115.74708, 36.64601], [-115.7968, 36.60175], [-115.84091, 36.55377], [-115.87897, 36.50254], [-115.91063, 36.44854], [-115.93557, 36.3923], [-115.95356, 36.33435], [-115.96442, 36.27526], [-115.96806, 36.2156], [-115.96442, 36.15594], [-115.95356, 36.09685], [-115.93557, 36.0389], [-115.91063, 35.98266], [-115.87897, 35.92866], [-115.84091, 35.87743], [-115.7968, 35.82945], [-115.74708, 35.78519], [-115.69222, 35.74507], [-115.63275, 35.70949], [-115.56925, 35.67878], [-115.50232, 35.65324], [-115.43261, 35.63311], [-115.36079, 35.6186], [-115.28755, 35.60984], [-115.2136, 35.6069], [-115.13965, 35.60984], [-115.06641, 35.6186], [-114.99459, 35.63311], [-114.92488, 35.65324], [-114.85795, 35.67878], [-114.79445, 35.70949], [-114.73498, 35.74507], [-114.68012, 35.78519], [-114.6304, 35.82945], [-114.58629, 35.87743], [-114.54823, 35.92866], [-114.51657, 35.98266], [-114.49163, 36.0389], [-114.47364, 36.09685], [-114.46278, 36.15594], [-114.45914, 36.2156]]]}}, {"type": "Feature", "properties": {"NAME": "Austin-Round Rock-Georgetown, TX", "population_m": 2.3, "type": "Metro Area"}, "geometry": {"type": "Polygon", "coordinates": [[[-97.00477, 30.2672], [-97.00833, 30.3297], [-97.01896, 30.39161], [-97.03657, 30.45231], [-97.06098, 30.51123], [-97.09195, 30.5678], [-97.1292, 30.62148], [-97.17237, 30.67174], [-97.22102, 30.71811], [-97.27471, 30.76013], [-97.33291, 30.79741], [-97.39506, 30.82958], [-97.46055, 30.85634], [-97.52878, 30.87742], [-97.59906, 30.89263], [-97.67073, 30.90181], [-97.7431, 30.90488], [-97.81547, 30.90181], [-97.88714, 30.89263], [-97.95742, 30.87742], [-98.02565, 30.85634], [-98.09114, 30.82958], [-98.15329, 30.79741], [-98.21149, 30.76013], [-98.26518, 30.71811], [-98.31383, 30.67174], [-98.357, 30.62148], [-98.39425, 30.5678], [-98.42522, 30.51123], [-98.44963, 30.45231], [-98.46724, 30.39161], [-98.47787, 30.3297], [-98.48143, 30.2672], [-98.47787, 30.2047], [-98.46724, 30.14279], [-98.44963, 30.08209], [-98.42522, 30.02317], [-98.39425, 29.9666], [-98.357, 29.91292], [-98.31383, 29.86266], [-98.26518, 29.81629], [-98.21149, 29.77427], [-98.15329, 29.73699], [-98.09114, 29.70482], [-98.02565, 29.67806], [-97.95742, 29.65698], [-97.88714, 29.64177], [-97.81547, 29.63259], [-97.7431, 29.62952], [-97.67073, 29.63259], [-97.59906, 29.64177], [-97.52878, 29.65698], [-97.46055, 29.67806], [-97.39506, 29.70482], [-97.33291, 29.73699], [-97.27471, 29.77427], [-97.22102, 29.81629], [-97.17237, 29.86266], [-97.1292, 29.91292], [-97.09195, 29.9666], [-97.06098, 30.02317], [-97.03657, 30.08209], [-97.01896, 30.14279], [-97.00833, 30.2047], [-97.00477, 30.2672]]]}}, {"type": "Feature", "properties": {"NAME": "Cincinnati, OH-KY-IN", "population_m": 2.3, "type": "Metro Area"}, "geometry": {"type": "Polygon", "coordinates": [[[-83.62584, 39.2795], [-83.62963, 39.33916], [-83.64095, 39.39825], [-83.6597, 39.4562], [-83.6857, 39.51244], [-83.71869, 39.56644], [-83.75837, 39.61767], [-83.80434, 39.66565], [-83.85616, 39.70991], [-83.91334, 39.75003], [-83.97532, 39.78561], [-84.04151, 39.81632], [-84.11127, 39.84186], [-84.18393, 39.86199], [-84.25879, 39.8765], [-84.33512, 39.88526], [-84.4122, 39.8882], [-84.48928, 39.88526], [-84.56561, 39.8765], [-84.64047, 39.86199], [-84.71313, 39.84186], [-84.78289, 39.81632], [-84.84908, 39.78561], [-84.91106, 39.75003], [-84.96824, 39.70991], [-85.02006, 39.66565], [-85.06603, 39.61767], [-85.10571, 39.56644], [-85.1387, 39.51244], [-85.1647, 39.4562], [-85.18345, 39.39825], [-85.19477, 39.33916], [-85.19856, 39.2795], [-85.19477, 39.21984], [-85.18345, 39.16075], [-85.1647, 39.1028], [-85.1387, 39.04656], [-85.10571, 38.99256], [-85.06603, 38.94133], [-85.02006, 38.89335], [-84.96824, 38.84909], [-84.91106, 38.80897], [-84.84908, 38.77339], [-84.78289, 38.74268], [-84.71313, 38.71714], [-84.64047, 38.69701], [-84.56561, 38.6825], [-84.48928, 38.67374], [-84.4122, 38.6708], [-84.33512, 38.67374], [-84.25879, 38.6825], [-84.18393, 38.69701], [-84.11127, 38.71714], [-84.04151, 38.74268], [-83.97532, 38.77339], [-83.91334, 38.80897], [-83.85616, 38.84909], [-83.80434, 38.89335], [-83.75837, 38.94133], [-83.71869, 38.99256], [-83.6857, 39.04656], [-83.6597, 39.1028], [-83.64095, 39.16075], [-83.62963, 39.21984], [-83.62584, 39.2795]]]}}, {"type": "Feature", "properties": {"NAME": "Kansas City, MO-KS", "population_m": 2.2, "type": "Metro Area"}, "geometry": {"type": "Polygon", "coordinates": [[[-93.67307, 39.0252], [-93.67702, 39.0877], [-93.68884, 39.14961], [-93.70841, 39.21031], [-93.73555, 39.26923], [-93.76999, 39.3258], [-93.8114, 39.37948], [-93.85939, 39.42974], [-93.91348, 39.47611], [-93.97317, 39.51813], [-94.03787, 39.55541], [-94.10696, 39.58758], [-94.17978, 39.61434], [-94.25562, 39.63542], [-94.33376, 39.65063], [-94.41344, 39.65981], [-94.4939, 39.66288], [-94.57436, 39.65981], [-94.65404, 39.65063], [-94.73218, 39.63542], [-94.80802, 39.61434], [-94.88084, 39.58758], [-94.94993, 39.55541], [-95.01463, 39.51813], [-95.07432, 39.47611], [-95.12841, 39.42974], [-95.1764, 39.37948], [-95.21781, 39.3258], [-95.25225, 39.26923], [-95.27939, 39.21031], [-95.29896, 39.14961], [-95.31078, 39.0877], [-95.31473, 39.0252], [-95.31078, 38.9627], [-95.29896, 38.90079], [-95.27939, 38.84009], [-95.25225, 38.78117], [-95.21781, 38.7246], [-95.1764, 38.67092], [-95.12841, 38.62066], [-95.07432, 38.57429], [-95.01463, 38.53227], [-94.94993, 38.49499], [-94.88084, 38.46282], [-94.80802, 38.43606], [-94.73218, 38.41498], [-94.65404, 38.39977], [-94.57436, 38.39059], [-94.4939, 38.38752], [-94.41344, 38.39059], [-94.33376, 38.39977], [-94.25562, 38.41498], [-94.17978, 38.43606], [-94.10696, 38.46282], [-94.03787, 38.49499], [-93.97317, 38.53227], [-93.91348, 38.57429], [-93.85939, 38.62066], [-93.8114, 38.67092], [-93.76999, 38.7246], [-93.73555, 38.78117], [-93.70841, 38.84009], [-93.68884, 38.90079], [-93.67702, 38.9627], [-93.67307, 39.0252]]]}}, {"type": "Feature", "properties": {"NAME": "Columbus, OH", "population_m": 2.1, "type": "Metro Area"}, "geometry": {"type": "Polygon", "coordinates": [[[-82.20466, 39.9612], [-82.20848, 40.02086], [-82.21991, 40.07995], [-82.23885, 40.1379], [-82.26511, 40.19414], [-82.29843, 40.24814], [-82.33849, 40.29937], [-82.38492, 40.34735], [-82.43725, 40.39161], [-82.495, 40.43173], [-82.5576, 40.46731], [-82.62444, 40.49802], [-82.69489, 40.52356], [-82.76827, 40.54369], [-82.84387, 40.5582], [-82.92096, 40.56696], [-82.9988, 40.5699], [-83.07664, 40.56696], [-83.15373, 40.5582], [-83.22933, 40.54369], [-83.30271, 40.52356], [-83.37316, 40.49802], [-83.44, 40.46731], [-83.5026, 40.43173], [-83.56035, 40.39161], [-83.61268, 40.34735], [-83.65911, 40.29937], [-83.69917, 40.24814], [-83.73249, 40.19414], [-83.75875, 40.1379], [-83.77769, 40.07995], [-83.78912, 40.02086], [-83.79294, 39.9612], [-83.78912, 39.90154], [-83.77769, 39.84245], [-83.75875, 39.7845], [-83.73249, 39.72826], [-83.69917, 39.67426], [-83.65911, 39.62303], [-83.61268, 39.57505], [-83.56035, 39.53079], [-83.5026, 39.49067], [-83.44, 39.45509], [-83.37316, 39.42438], [-83.30271, 39.39884], [-83.22933, 39.37871], [-83.15373, 39.3642], [-83.07664, 39.35544], [-82.9988, 39.3525], [-82.92096, 39.35544], [-82.84387, 39.3642], [-82.76827, 39.37871], [-82.69489, 39.39884], [-82.62444, 39.42438], [-82.5576, 39.45509], [-82.495, 39.49067], [-82.43725, 39.53079], [-82.38492, 39.57505], [-82.33849, 39.62303], [-82.29843, 39.67426], [-82.26511, 39.72826], [-82.23885, 39.7845], [-82.21991, 39.84245], [-82.20848, 39.90154], [-82.20466, 39.9612]]]}}, {"type": "Feature", "properties": {"NAME": "Indianapolis-Carmel-Anderson, IN", "population_m": 2.1, "type": "Metro Area"}, "geometry": {"type": "Polygon", "coordinates": [[[-85.36618, 39.7684], [-85.37, 39.82806], [-85.3814, 39.88715], [-85.40028, 39.9451], [-85.42646, 40.00134], [-85.45969, 40.05534], [-85.49965, 40.10657], [-85.54594, 40.15455], [-85.59813, 40.19881], [-85.65571, 40.23893], [-85.71813, 40.27451], [-85.78479, 40.30522], [-85.85505, 40.33076], [-85.92822, 40.35089], [-86.0036, 40.3654], [-86.08048, 40.37416], [-86.1581, 40.3771], [-86.23572, 40.37416], [-86.3126, 40.3654], [-86.38798, 40.35089], [-86.46115, 40.33076], [-86.53141, 40.30522], [-86.59807, 40.27451], [-86.66049, 40.23893], [-86.71807, 40.19881], [-86.77026, 40.15455], [-86.81655, 40.10657], [-86.85651, 40.05534], [-86.88974, 40.00134], [-86.91592, 39.9451], [-86.9348, 39.88715], [-86.9462, 39.82806], [-86.95002, 39.7684], [-86.9462, 39.70874], [-86.9348, 39.64965], [-86.91592, 39.5917], [-86.88974, 39.53546], [-86.85651, 39.48146], [-86.81655, 39.43023], [-86.77026, 39.38225], [-86.71807, 39.33799], [-86.66049, 39.29787], [-86.59807, 39.26229], [-86.53141, 39.23158], [-86.46115, 39.20604], [-86.38798, 39.18591], [-86.3126, 39.1714], [-86.23572, 39.16264], [-86.1581, 39.1597], [-86.08048, 39.16264], [-86.0036, 39.1714], [-85.92822, 39.18591], [-85.85505, 39.20604], [-85.78479, 39.23158], [-85.71813, 39.26229], [-85.65571, 39.29787], [-85.59813, 39.33799], [-85.54594, 39.38225], [-85.49965, 39.43023], [-85.45969, 39.48146], [-85.42646, 39.53546], [-85.40028, 39.5917], [-85.3814, 39.64965], [-85.37, 39.70874], [-85.36618, 39.7684]]]}}, {"type": "Feature", "properties": {"NAME": "Cleveland-Elyria, OH", "population_m": 2.0, "type": "Metro Area"}, "geometry": {"type": "Polygon", "coordinates": [[[-80.92038, 41.4993], [-80.92411, 41.55612], [-80.93526, 41.6124], [-80.95371, 41.66758], [-80.9793, 41.72115], [-81.01178, 41.77257], [-81.05083, 41.82137], [-81.09608, 41.86706], [-81.14709, 41.90922], [-81.20337, 41.94742], [-81.26438, 41.98131], [-81.32953, 42.01056], [-81.3982, 42.03488], [-81.46971, 42.05405], [-81.5434, 42.06787], [-81.61853, 42.07622], [-81.6944, 42.07901], [-81.77027, 42.07622], [-81.8454, 42.06787], [-81.91909, 42.05405], [-81.9906, 42.03488], [-82.05927, 42.01056], [-82.12442, 41.98131], [-82.18543, 41.94742], [-82.24171, 41.90922], [-82.29272, 41.86706], [-82.33797, 41.82137], [-82.37702, 41.77257], [-82.4095, 41.72115], [-82.43509, 41.66758], [-82.45354, 41.6124], [-82.46469, 41.55612], [-82.46842, 41.4993], [-82.46469, 41.44248], [-82.45354, 41.3862], [-82.43509, 41.33102], [-82.4095, 41.27745], [-82.37702, 41.22603], [-82.33797, 41.17723], [-82.29272, 41.13154], [-82.24171, 41.08938], [-82.18543, 41.05118], [-82.12442, 41.01729], [-82.05927, 40.98804], [-81.9906, 40.96372], [-81.91909, 40.94455], [-81.8454, 40.93073], [-81.77027, 40.92238], [-81.6944, 40.91959], [-81.61853, 40.92238], [-81.5434, 40.93073], [-81.46971, 40.94455], [-81.3982, 40.96372], [-81.32953, 40.98804], [-81.26438, 41.01729], [-81.20337, 41.05118], [-81.14709, 41.08938], [-81.09608, 41.13154], [-81.05083, 41.17723], [-81.01178, 41.22603], [-80.9793, 41.27745], [-80.95371, 41.33102], [-80.93526, 41.3862], [-80.92411, 41.44248], [-80.92038, 41.4993]]]}}, {"type": "Feature", "properties": {"NAME": "San Jose-Sunnyvale-Santa Clara, CA", "population_m": 2.0, "type": "Metro Area"}, "geometry": {"type": "Polygon", "coordinates": [[[-121.19362, 37.3382], [-121.19696, 37.39218], [-121.20693, 37.44564], [-121.22345, 37.49807], [-121.24635, 37.54895], [-121.27542, 37.59781], [-121.31036, 37.64417], [-121.35085, 37.68758], [-121.3965, 37.72762], [-121.44687, 37.76392], [-121.50147, 37.79611], [-121.55978, 37.8239], [-121.62122, 37.847], [-121.68523, 37.86521], [-121.75117, 37.87834], [-121.81841, 37.88627], [-121.8863, 37.88892], [-121.95419, 37.88627], [-122.02143, 37.87834], [-122.08737, 37.86521], [-122.15138, 37.847], [-122.21282, 37.8239], [-122.27113, 37.79611], [-122.32573, 37.76392], [-122.3761, 37.72762], [-122.42175, 37.68758], [-122.46224, 37.64417], [-122.49718, 37.59781], [-122.52625, 37.54895], [-122.54915, 37.49807], [-122.56567, 37.44564], [-122.57564, 37.39218], [-122.57898, 37.3382], [-122.57564, 37.28422], [-122.56567, 37.23076], [-122.54915, 37.17833], [-122.52625, 37.12745], [-122.49718, 37.07859], [-122.46224, 37.03223], [-122.42175, 36.98882], [-122.3761, 36.94878], [-122.32573, 36.91248], [-122.27113, 36.88029], [-122.21282, 36.8525], [-122.15138, 36.8294], [-122.08737, 36.81119], [-122.02143, 36.79806], [-121.95419, 36.79013], [-121.8863, 36.78748], [-121.81841, 36.79013], [-121.75117, 36.79806], [-121.68523, 36.81119], [-121.62122, 36.8294], [-121.55978, 36.8525], [-121.50147, 36.88029], [-121.44687, 36.91248], [-121.3965, 36.94878], [-121.35085, 36.98882], [-121.31036, 37.03223], [-121.27542, 37.07859], [-121.24635, 37.12745], [-121.22345, 37.17833], [-121.20693, 37.23076], [-121.19696, 37.28422], [-121.19362, 37.3382]]]}}, {"type": "Feature", "properties": {"NAME": "Charlotte-Concord-Gastonia, NC-SC", "population_m": 2.7, "type": "Metro Area"}, "geometry": {"type": "Polygon", "coordinates": [[[-80.06246, 35.2271], [-80.06622, 35.2896], [-80.07746, 35.35151], [-80.09608, 35.41221], [-80.12188, 35.47113], [-80.15464, 35.5277], [-80.19402, 35.58138], [-80.23966, 35.63164], [-80.29111, 35.67801], [-80.34787, 35.72003], [-80.4094, 35.75731], [-80.47511, 35.78948], [-80.54436, 35.81624], [-80.61649, 35.83732], [-80.69081, 35.85253], [-80.76658, 35.86171], [-80.8431, 35.86478], [-80.91962, 35.86171], [-80.99539, 35.85253], [-81.06971, 35.83732], [-81.14184, 35.81624], [-81.21109, 35.78948], [-81.2768, 35.75731], [-81.33833, 35.72003], [-81.39509, 35.67801], [-81.44654, 35.63164], [-81.49218, 35.58138], [-81.53156, 35.5277], [-81.56432, 35.47113], [-81.59012, 35.41221], [-81.60874, 35.35151], [-81.61998, 35.2896], [-81.62374, 35.2271], [-81.61998, 35.1646], [-81.60874, 35.10269], [-81.59012, 35.04199], [-81.56432, 34.98307], [-81.53156, 34.9265], [-81.49218, 34.87282], [-81.44654, 34.82256], [-81.39509, 34.77619], [-81.33833, 34.73417], [-81.2768, 34.69689], [-81.21109, 34.66472], [-81.14184, 34.63796], [-81.06971, 34.61688], [-80.99539, 34.60167], [-80.91962, 34.59249], [-80.8431, 34.58942], [-80.76658, 34.59249], [-80.69081, 34.60167], [-80.61649, 34.61688], [-80.54436, 34.63796], [-80.47511, 34.66472], [-80.4094, 34.69689], [-80.34787, 34.73417], [-80.29111, 34.77619], [-80.23966, 34.82256], [-80.19402, 34.87282], [-80.15464, 34.9265], [-80.12188, 34.98307], [-80.09608, 35.04199], [-80.07746, 35.10269], [-80.06622, 35.1646], [-80.06246, 35.2271]]]}}, {"type": "Feature", "properties": {"NAME": "Virginia Beach-Norfolk-Newport News, VA-NC", "population_m": 1.8, "type": "Metro Area"}, "geometry": {"type": "Polygon", "coordinates": [[[-75.2173, 36.8529], [-75.22096, 36.91256], [-75.23192, 36.97165], [-75.25006, 37.0296], [-75.2752, 37.08584], [-75.30712, 37.13984], [-75.3455, 37.19107], [-75.38997, 37.23905], [-75.4401, 37.28331], [-75.49542, 37.32343], [-75.55538, 37.35901], [-75.61941, 37.38972], [-75.68689, 37.41526], [-75.75718, 37.43539], [-75.82959, 37.4499], [-75.90344, 37.45866], [-75.978, 37.4616], [-76.05256, 37.45866], [-76.12641, 37.4499], [-76.19882, 37.43539], [-76.26911, 37.41526], [-76.33659, 37.38972], [-76.40062, 37.35901], [-76.46058, 37.32343], [-76.5159, 37.28331], [-76.56603, 37.23905], [-76.6105, 37.19107], [-76.64888, 37.13984], [-76.6808, 37.08584], [-76.70594, 37.0296], [-76.72408, 36.97165], [-76.73504, 36.91256], [-76.7387, 36.8529], [-76.73504, 36.79324], [-76.72408, 36.73415], [-76.70594, 36.6762], [-76.6808, 36.61996], [-76.64888, 36.56596], [-76.6105, 36.51473], [-76.56603, 36.46675], [-76.5159, 36.42249], [-76.46058, 36.38237], [-76.40062, 36.34679], [-76.33659, 36.31608], [-76.26911, 36.29054], [-76.19882, 36.27041], [-76.12641, 36.2559], [-76.05256, 36.24714], [-75.978, 36.2442], [-75.90344, 36.24714], [-75.82959, 36.2559], [-75.75718, 36.27041], [-75.68689, 36.29054], [-75.61941, 36.31608], [-75.55538, 36.34679], [-75.49542, 36.38237], [-75.4401, 36.42249], [-75.38997, 36.46675], [-75.3455, 36.51473], [-75.30712, 36.56596], [-75.2752, 36.61996], [-75.25006, 36.6762], [-75.23192, 36.73415], [-75.22096, 36.79324], [-75.2173, 36.8529]]]}}, {"type": "Feature", "properties": {"NAME": "Nashville-Davidson-Murfreesboro-Franklin, TN", "population_m": 2.1, "type": "Metro Area"}, "geometry": {"type": "Polygon", "coordinates": [[[-85.99175, 36.1627], [-85.99555, 36.2252], [-86.00693, 36.28711], [-86.02576, 36.34781], [-86.05187, 36.40673], [-86.08501, 36.4633], [-86.12486, 36.51698], [-86.17104, 36.56724], [-86.22309, 36.61361], [-86.28052, 36.65563], [-86.34278, 36.69291], [-86.40927, 36.72508], [-86.47934, 36.75184], [-86.55232, 36.77292], [-86.62751, 36.78813], [-86.70418, 36.79731], [-86.7816, 36.80038], [-86.85902, 36.79731], [-86.93569, 36.78813], [-87.01088, 36.77292], [-87.08386, 36.75184], [-87.15393, 36.72508], [-87.22042, 36.69291], [-87.28268, 36.65563], [-87.34011, 36.61361], [-87.39216, 36.56724], [-87.43834, 36.51698], [-87.47819, 36.4633], [-87.51133, 36.40673], [-87.53744, 36.34781], [-87.55627, 36.28711], [-87.56765, 36.2252], [-87.57145, 36.1627], [-87.56765, 36.1002], [-87.55627, 36.03829], [-87.53744, 35.97759], [-87.51133, 35.91867], [-87.47819, 35.8621], [-87.43834, 35.80842], [-87.39216, 35.75816], [-87.34011, 35.71179], [-87.28268, 35.66977], [-87.22042, 35.63249], [-87.15393, 35.60032], [-87.08386, 35.57356], [-87.01088, 35.55248], [-86.93569, 35.53727], [-86.85902, 35.52809], [-86.7816, 35.52502], [-86.70418, 35.52809], [-86.62751, 35.53727], [-86.55232, 35.55248], [-86.47934, 35.57356], [-86.40927, 35.60032], [-86.34278, 35.63249], [-86.28052, 35.66977], [-86.22309, 35.71179], [-86.17104, 35.75816], [-86.12486, 35.80842], [-86.08501, 35.8621], [-86.05187, 35.91867], [-86.02576, 35.97759], [-86.00693, 36.03829], [-85.99555, 36.1002], [-85.99175, 36.1627]]]}}, {"type": "Feature", "properties": {"NAME": "Jacksonville, FL", "population_m": 1.7, "type": "Metro Area"}, "geometry": {"type": "Polygon", "coordinates": [[[-80.98405, 30.3322], [-80.98728, 30.38902], [-80.99695, 30.4453], [-81.01297, 30.50048], [-81.03518, 30.55405], [-81.06336, 30.60547], [-81.09724, 30.65427], [-81.13651, 30.69996], [-81.18077, 30.74212], [-81.22961, 30.78032], [-81.28255, 30.81421], [-81.33909, 30.84346], [-81.39867, 30.86778], [-81.46073, 30.88695], [-81.52467, 30.90077], [-81.58987, 30.90912], [-81.6557, 30.91191], [-81.72153, 30.90912], [-81.78673, 30.90077], [-81.85067, 30.88695], [-81.91273, 30.86778], [-81.97231, 30.84346], [-82.02885, 30.81421], [-82.08179, 30.78032], [-82.13063, 30.74212], [-82.17489, 30.69996], [-82.21416, 30.65427], [-82.24804, 30.60547], [-82.27622, 30.55405], [-82.29843, 30.50048], [-82.31445, 30.4453], [-82.32412, 30.38902], [-82.32735, 30.3322], [-82.32412, 30.27538], [-82.31445, 30.2191], [-82.29843, 30.16392], [-82.27622, 30.11035], [-82.24804, 30.05893], [-82.21416, 30.01013], [-82.17489, 29.96444], [-82.13063, 29.92228], [-82.08179, 29.88408], [-82.02885, 29.85019], [-81.97231, 29.82094], [-81.91273, 29.79662], [-81.85067, 29.77745], [-81.78673, 29.76363], [-81.72153, 29.75528], [-81.6557, 29.75249], [-81.58987, 29.75528], [-81.52467, 29.76363], [-81.46073, 29.77745], [-81.39867, 29.79662], [-81.33909, 29.82094], [-81.28255, 29.85019], [-81.22961, 29.88408], [-81.18077, 29.92228], [-81.13651, 29.96444], [-81.09724, 30.01013], [-81.06336, 30.05893], [-81.03518, 30.11035], [-81.01297, 30.16392], [-80.99695, 30.2191], [-80.98728, 30.27538], [-80.98405, 30.3322]]]}}, {"type": "Feature", "properties": {"NAME": "Memphis, TN-MS-AR", "population_m": 1.3, "type": "Metro Area"}, "geometry": {"type": "Polygon", "coordinates": [[[-89.34001, 35.1495], [-89.34342, 35.20632], [-89.35363, 35.2626], [-89.37054, 35.31778], [-89.39398, 35.37135], [-89.42372, 35.42277], [-89.45949, 35.47157], [-89.50094, 35.51726], [-89.54767, 35.55942], [-89.59922, 35.59762], [-89.6551, 35.63151], [-89.71478, 35.66076], [-89.77768, 35.68508], [-89.84319, 35.70425], [-89.91068, 35.71807], [-89.97951, 35.72642], [-90.049, 35.72921], [-90.11849, 35.72642], [-90.18732, 35.71807], [-90.25481, 35.70425], [-90.32032, 35.68508], [-90.38322, 35.66076], [-90.4429, 35.63151], [-90.49878, 35.59762], [-90.55033, 35.55942], [-90.59706, 35.51726], [-90.63851, 35.47157], [-90.67428, 35.42277], [-90.70402, 35.37135], [-90.72746, 35.31778], [-90.74437, 35.2626], [-90.75458, 35.20632], [-90.75799, 35.1495], [-90.75458, 35.09268], [-90.74437, 35.0364], [-90.72746, 34.98122], [-90.70402, 34.92765], [-90.67428, 34.87623], [-90.63851, 34.82743], [-90.59706, 34.78174], [-90.55033, 34.73958], [-90.49878, 34.70138], [-90.4429, 34.66749], [-90.38322, 34.63824], [-90.32032, 34.61392], [-90.25481, 34.59475], [-90.18732, 34.58093], [-90.11849, 34.57258], [-90.049, 34.56979], [-89.97951, 34.57258], [-89.91068, 34.58093], [-89.84319, 34.59475], [-89.77768, 34.61392], [-89.71478, 34.63824], [-89.6551, 34.66749], [-89.59922, 34.70138], [-89.54767, 34.73958], [-89.50094, 34.78174], [-89.45949, 34.82743], [-89.42372, 34.87623], [-89.39398, 34.92765], [-89.37054, 34.98122], [-89.35363, 35.0364], [-89.34342, 35.09268], [-89.34001, 35.1495]]]}}, {"type": "Feature", "properties": {"NAME": "Louisville-Jefferson County, KY-IN", "population_m": 1.4, "type": "Metro Area"}, "geometry": {"type": "Polygon", "coordinates": [[[-85.0572, 38.2527], [-85.06057, 38.30668], [-85.07067, 38.36014], [-85.08739, 38.41257], [-85.11058, 38.46345], [-85.14001, 38.51231], [-85.17539, 38.55867], [-85.21639, 38.60208], [-85.2626, 38.64212], [-85.3136, 38.67842], [-85.36888, 38.71061], [-85.42791, 38.7384], [-85.49012, 38.7615], [-85.55492, 38.77971], [-85.62168, 38.79284], [-85.68976, 38.80077], [-85.7585, 38.80342], [-85.82724, 38.80077], [-85.89532, 38.79284], [-85.96208, 38.77971], [-86.02688, 38.7615], [-86.08909, 38.7384], [-86.14812, 38.71061], [-86.2034, 38.67842], [-86.2544, 38.64212], [-86.30061, 38.60208], [-86.34161, 38.55867], [-86.37699, 38.51231], [-86.40642, 38.46345], [-86.42961, 38.41257], [-86.44633, 38.36014], [-86.45643, 38.30668], [-86.4598, 38.2527], [-86.45643, 38.19872], [-86.44633, 38.14526], [-86.42961, 38.09283], [-86.40642, 38.04195], [-86.37699, 37.99309], [-86.34161, 37.94673], [-86.30061, 37.90332], [-86.2544, 37.86328], [-86.2034, 37.82698], [-86.14812, 37.79479], [-86.08909, 37.767], [-86.02688, 37.7439], [-85.96208, 37.72569], [-85.89532, 37.71256], [-85.82724, 37.70463], [-85.7585, 37.70198], [-85.68976, 37.70463], [-85.62168, 37.71256], [-85.55492, 37.72569], [-85.49012, 37.7439], [-85.42791, 37.767], [-85.36888, 37.79479], [-85.3136, 37.82698], [-85.2626, 37.86328], [-85.21639, 37.90332], [-85.17539, 37.94673], [-85.14001, 37.99309], [-85.11058, 38.04195], [-85.08739, 38.09283], [-85.07067, 38.14526], [-85.06057, 38.19872], [-85.0572, 38.2527]]]}}, {"type": "Feature", "properties": {"NAME": "New Orleans-Metairie, LA", "population_m": 1.3, "type": "Metro Area"}, "geometry": {"type": "Polygon", "coordinates": [[[-89.36898, 29.9511], [-89.37237, 30.01076], [-89.38248, 30.06985], [-89.39923, 30.1278], [-89.42246, 30.18404], [-89.45194, 30.23804], [-89.48738, 30.28927], [-89.52845, 30.33725], [-89.57475, 30.38151], [-89.62583, 30.42163], [-89.6812, 30.45721], [-89.74034, 30.48792], [-89.80266, 30.51346], [-89.86757, 30.53359], [-89.93445, 30.5481], [-90.00264, 30.55686], [-90.0715, 30.5598], [-90.14036, 30.55686], [-90.20855, 30.5481], [-90.27543, 30.53359], [-90.34034, 30.51346], [-90.40266, 30.48792], [-90.4618, 30.45721], [-90.51717, 30.42163], [-90.56825, 30.38151], [-90.61455, 30.33725], [-90.65562, 30.28927], [-90.69106, 30.23804], [-90.72054, 30.18404], [-90.74377, 30.1278], [-90.76052, 30.06985], [-90.77063, 30.01076], [-90.77402, 29.9511], [-90.77063, 29.89144], [-90.76052, 29.83235], [-90.74377, 29.7744], [-90.72054, 29.71816], [-90.69106, 29.66416], [-90.65562, 29.61293], [-90.61455, 29.56495], [-90.56825, 29.52069], [-90.51717, 29.48057], [-90.4618, 29.44499], [-90.40266, 29.41428], [-90.34034, 29.38874], [-90.27543, 29.36861], [-90.20855, 29.3541], [-90.14036, 29.34534], [-90.0715, 29.3424], [-90.00264, 29.34534], [-89.93445, 29.3541], [-89.86757, 29.36861], [-89.80266, 29.38874], [-89.74034, 29.41428], [-89.6812, 29.44499], [-89.62583, 29.48057], [-89.57475, 29.52069], [-89.52845, 29.56495], [-89.48738, 29.61293], [-89.45194, 29.66416], [-89.42246, 29.71816], [-89.39923, 29.7744], [-89.38248, 29.83235], [-89.37237, 29.89144], [-89.36898, 29.9511]]]}}, {"type": "Feature", "properties": {"NAME": "Salt Lake City, UT", "population_m": 1.3, "type": "Metro Area"}, "geometry": {"type": "Polygon", "coordinates": [[[-111.12565, 40.7608], [-111.12933, 40.81762], [-111.14035, 40.8739], [-111.1586, 40.92908], [-111.18391, 40.98265], [-111.21602, 41.03407], [-111.25463, 41.08287], [-111.29937, 41.12856], [-111.34981, 41.17072], [-111.40547, 41.20892], [-111.46579, 41.24281], [-111.53022, 41.27206], [-111.59811, 41.29638], [-111.66883, 41.31555], [-111.74169, 41.32937], [-111.81598, 41.33772], [-111.891, 41.34051], [-111.96602, 41.33772], [-112.04031, 41.32937], [-112.11317, 41.31555], [-112.18389, 41.29638], [-112.25178, 41.27206], [-112.31621, 41.24281], [-112.37653, 41.20892], [-112.43219, 41.17072], [-112.48263, 41.12856], [-112.52737, 41.08287], [-112.56598, 41.03407], [-112.59809, 40.98265], [-112.6234, 40.92908], [-112.64165, 40.8739], [-112.65267, 40.81762], [-112.65635, 40.7608], [-112.65267, 40.70398], [-112.64165, 40.6477], [-112.6234, 40.59252], [-112.59809, 40.53895], [-112.56598, 40.48753], [-112.52737, 40.43873], [-112.48263, 40.39304], [-112.43219, 40.35088], [-112.37653, 40.31268], [-112.31621, 40.27879], [-112.25178, 40.24954], [-112.18389, 40.22522], [-112.11317, 40.20605], [-112.04031, 40.19223], [-111.96602, 40.18388], [-111.891, 40.18109], [-111.81598, 40.18388], [-111.74169, 40.19223], [-111.66883, 40.20605], [-111.59811, 40.22522], [-111.53022, 40.24954], [-111.46579, 40.27879], [-111.40547, 40.31268], [-111.34981, 40.35088], [-111.29937, 40.39304], [-111.25463, 40.43873], [-111.21602, 40.48753], [-111.18391, 40.53895], [-111.1586, 40.59252], [-111.14035, 40.6477], [-111.12933, 40.70398], [-111.12565, 40.7608]]]}}, {"type": "Feature", "properties": {"NAME": "Hartford-East Hartford-Middletown, CT", "population_m": 1.2, "type": "Metro Area"}, "geometry": {"type": "Polygon", "coordinates": [[[-71.9856, 41.7658], [-71.98897, 41.81694], [-71.99904, 41.86759], [-72.01572, 41.91725], [-72.03885, 41.96546], [-72.0682, 42.01175], [-72.10349, 42.05566], [-72.14438, 42.09679], [-72.19048, 42.13473], [-72.24134, 42.16911], [-72.29648, 42.19961], [-72.35536, 42.22593], [-72.41741, 42.24782], [-72.48205, 42.26507], [-72.54863, 42.27751], [-72.61654, 42.28503], [-72.6851, 42.28754], [-72.75366, 42.28503], [-72.82157, 42.27751], [-72.88815, 42.26507], [-72.95279, 42.24782], [-73.01484, 42.22593], [-73.07372, 42.19961], [-73.12886, 42.16911], [-73.17972, 42.13473], [-73.22582, 42.09679], [-73.26671, 42.05566], [-73.302, 42.01175], [-73.33135, 41.96546], [-73.35448, 41.91725], [-73.37116, 41.86759], [-73.38123, 41.81694], [-73.3846, 41.7658], [-73.38123, 41.71466], [-73.37116, 41.66401], [-73.35448, 41.61435], [-73.33135, 41.56614], [-73.302, 41.51985], [-73.26671, 41.47594], [-73.22582, 41.43481], [-73.17972, 41.39687], [-73.12886, 41.36249], [-73.07372, 41.33199], [-73.01484, 41.30567], [-72.95279, 41.28378], [-72.88815, 41.26653], [-72.82157, 41.25409], [-72.75366, 41.24657], [-72.6851, 41.24406], [-72.61654, 41.24657], [-72.54863, 41.25409], [-72.48205, 41.26653], [-72.41741, 41.28378], [-72.35536, 41.30567], [-72.29648, 41.33199], [-72.24134, 41.36249], [-72.19048, 41.39687], [-72.14438, 41.43481], [-72.10349, 41.47594], [-72.0682, 41.51985], [-72.03885, 41.56614], [-72.01572, 41.61435], [-71.99904, 41.66401], [-71.98897, 41.71466], [-71.9856, 41.7658]]]}}, {"type": "Feature", "properties": {"NAME": "Oklahoma City, OK", "population_m": 1.4, "type": "Metro Area"}, "geometry": {"type": "Polygon", "coordinates": [[[-96.76902, 35.4676], [-96.77262, 35.52726], [-96.78338, 35.58635], [-96.80121, 35.6443], [-96.82591, 35.70054], [-96.85727, 35.75454], [-96.89498, 35.80577], [-96.93867, 35.85375], [-96.98793, 35.89801], [-97.04227, 35.93813], [-97.10118, 35.97371], [-97.16409, 36.00442], [-97.23039, 36.02996], [-97.29945, 36.05009], [-97.37059, 36.0646], [-97.44314, 36.07336], [-97.5164, 36.0763], [-97.58966, 36.07336], [-97.66221, 36.0646], [-97.73335, 36.05009], [-97.80241, 36.02996], [-97.86871, 36.00442], [-97.93162, 35.97371], [-97.99053, 35.93813], [-98.04487, 35.89801], [-98.09413, 35.85375], [-98.13782, 35.80577], [-98.17553, 35.75454], [-98.20689, 35.70054], [-98.23159, 35.6443], [-98.24942, 35.58635], [-98.26018, 35.52726], [-98.26378, 35.4676], [-98.26018, 35.40794], [-98.24942, 35.34885], [-98.23159, 35.2909], [-98.20689, 35.23466], [-98.17553, 35.18066], [-98.13782, 35.12943], [-98.09413, 35.08145], [-98.04487, 35.03719], [-97.99053, 34.99707], [-97.93162, 34.96149], [-97.86871, 34.93078], [-97.80241, 34.90524], [-97.73335, 34.88511], [-97.66221, 34.8706], [-97.58966, 34.86184], [-97.5164, 34.8589], [-97.44314, 34.86184], [-97.37059, 34.8706], [-97.29945, 34.88511], [-97.23039, 34.90524], [-97.16409, 34.93078], [-97.10118, 34.96149], [-97.04227, 34.99707], [-96.98793, 35.03719], [-96.93867, 35.08145], [-96.89498, 35.12943], [-96.85727, 35.18066], [-96.82591, 35.23466], [-96.80121, 35.2909], [-96.78338, 35.34885], [-96.77262, 35.40794], [-96.76902, 35.4676]]]}}, {"type": "Feature", "properties": {"NAME": "Buffalo-Cheektowaga, NY", "population_m": 1.2, "type": "Metro Area"}, "geometry": {"type": "Polygon", "coordinates": [[[-78.16633, 42.8864], [-78.16976, 42.93754], [-78.18001, 42.98819], [-78.19699, 43.03785], [-78.22053, 43.08606], [-78.25041, 43.13235], [-78.28633, 43.17626], [-78.32796, 43.21739], [-78.37489, 43.25533], [-78.42667, 43.28971], [-78.48279, 43.32021], [-78.54273, 43.34653], [-78.6059, 43.36842], [-78.6717, 43.38567], [-78.73948, 43.39811], [-78.8086, 43.40563], [-78.8784, 43.40814], [-78.9482, 43.40563], [-79.01732, 43.39811], [-79.0851, 43.38567], [-79.1509, 43.36842], [-79.21407, 43.34653], [-79.27401, 43.32021], [-79.33013, 43.28971], [-79.38191, 43.25533], [-79.42884, 43.21739], [-79.47047, 43.17626], [-79.50639, 43.13235], [-79.53627, 43.08606], [-79.55981, 43.03785], [-79.57679, 42.98819], [-79.58704, 42.93754], [-79.59047, 42.8864], [-79.58704, 42.83526], [-79.57679, 42.78461], [-79.55981, 42.73495], [-79.53627, 42.68674], [-79.50639, 42.64045], [-79.47047, 42.59654], [-79.42884, 42.55541], [-79.38191, 42.51747], [-79.33013, 42.48309], [-79.27401, 42.45259], [-79.21407, 42.42627], [-79.1509, 42.40438], [-79.0851, 42.38713], [-79.01732, 42.37469], [-78.9482, 42.36717], [-78.8784, 42.36466], [-78.8086, 42.36717], [-78.73948, 42.37469], [-78.6717, 42.38713], [-78.6059, 42.40438], [-78.54273, 42.42627], [-78.48279, 42.45259], [-78.42667, 42.48309], [-78.37489, 42.51747], [-78.32796, 42.55541], [-78.28633, 42.59654], [-78.25041, 42.64045], [-78.22053, 42.68674], [-78.19699, 42.73495], [-78.18001, 42.78461], [-78.16976, 42.83526], [-78.16633, 42.8864]]]}}, {"type": "Feature", "properties": {"NAME": "Raleigh-Cary, NC", "population_m": 1.4, "type": "Metro Area"}, "geometry": {"type": "Polygon", "coordinates": [[[-77.92363, 35.7796], [-77.92707, 35.83642], [-77.93736, 35.8927], [-77.9544, 35.94788], [-77.97802, 36.00145], [-78.00801, 36.05287], [-78.04406, 36.10167], [-78.08583, 36.14736], [-78.13292, 36.18952], [-78.18488, 36.22772], [-78.24121, 36.26161], [-78.30135, 36.29086], [-78.36475, 36.31518], [-78.43077, 36.33435], [-78.49879, 36.34817], [-78.56816, 36.35652], [-78.6382, 36.35931], [-78.70824, 36.35652], [-78.77761, 36.34817], [-78.84563, 36.33435], [-78.91165, 36.31518], [-78.97505, 36.29086], [-79.03519, 36.26161], [-79.09152, 36.22772], [-79.14348, 36.18952], [-79.19057, 36.14736], [-79.23234, 36.10167], [-79.26839, 36.05287], [-79.29838, 36.00145], [-79.322, 35.94788], [-79.33904, 35.8927], [-79.34933, 35.83642], [-79.35277, 35.7796], [-79.34933, 35.72278], [-79.33904, 35.6665], [-79.322, 35.61132], [-79.29838, 35.55775], [-79.26839, 35.50633], [-79.23234, 35.45753], [-79.19057, 35.41184], [-79.14348, 35.36968], [-79.09152, 35.33148], [-79.03519, 35.29759], [-78.97505, 35.26834], [-78.91165, 35.24402], [-78.84563, 35.22485], [-78.77761, 35.21103], [-78.70824, 35.20268], [-78.6382, 35.19989], [-78.56816, 35.20268], [-78.49879, 35.21103], [-78.43077, 35.22485], [-78.36475, 35.24402], [-78.30135, 35.26834], [-78.24121, 35.29759], [-78.18488, 35.33148], [-78.13292, 35.36968], [-78.08583, 35.41184], [-78.04406, 35.45753], [-78.00801, 35.50633], [-77.97802, 35.55775], [-77.9544, 35.61132], [-77.93736, 35.6665], [-77.92707, 35.72278], [-77.92363, 35.7796]]]}}, {"type": "Feature", "properties": {"NAME": "Richmond, VA", "population_m": 1.4, "type": "Metro Area"}, "geometry": {"type": "Polygon", "coordinates": [[[-76.74145, 37.5407], [-76.74479, 37.59468], [-76.75479, 37.64814], [-76.77136, 37.70057], [-76.79432, 37.75145], [-76.82346, 37.80031], [-76.8585, 37.84667], [-76.8991, 37.89008], [-76.94488, 37.93012], [-76.99538, 37.96642], [-77.05013, 37.99861], [-77.10859, 38.0264], [-77.17021, 38.0495], [-77.23438, 38.06771], [-77.3005, 38.08084], [-77.36792, 38.08877], [-77.436, 38.09142], [-77.50408, 38.08877], [-77.5715, 38.08084], [-77.63762, 38.06771], [-77.70179, 38.0495], [-77.76341, 38.0264], [-77.82187, 37.99861], [-77.87662, 37.96642], [-77.92712, 37.93012], [-77.9729, 37.89008], [-78.0135, 37.84667], [-78.04854, 37.80031], [-78.07768, 37.75145], [-78.10064, 37.70057], [-78.11721, 37.64814], [-78.12721, 37.59468], [-78.13055, 37.5407], [-78.12721, 37.48672], [-78.11721, 37.43326], [-78.10064, 37.38083], [-78.07768, 37.32995], [-78.04854, 37.28109], [-78.0135, 37.23473], [-77.9729, 37.19132], [-77.92712, 37.15128], [-77.87662, 37.11498], [-77.82187, 37.08279], [-77.76341, 37.055], [-77.70179, 37.0319], [-77.63762, 37.01369], [-77.5715, 37.00056], [-77.50408, 36.99263], [-77.436, 36.98998], [-77.36792, 36.99263], [-77.3005, 37.00056], [-77.23438, 37.01369], [-77.17021, 37.0319], [-77.10859, 37.055], [-77.05013, 37.08279], [-76.99538, 37.11498], [-76.94488, 37.15128], [-76.8991, 37.19132], [-76.8585, 37.23473], [-76.82346, 37.28109], [-76.79432, 37.32995], [-76.77136, 37.38083], [-76.75479, 37.43326], [-76.74479, 37.48672], [-76.74145, 37.5407]]]}}, {"type": "Feature", "properties": {"NAME": "Providence-Warwick, RI-MA", "population_m": 1.7, "type": "Metro Area"}, "geometry": {"type": "Polygon", "coordinates": [[[-70.75156, 41.824], [-70.75474, 41.8723], [-70.76427, 41.92013], [-70.78003, 41.96704], [-70.80189, 42.01257], [-70.82964, 42.05628], [-70.863, 42.09776], [-70.90165, 42.1366], [-70.94523, 42.17243], [-70.99331, 42.2049], [-71.04543, 42.23371], [-71.10109, 42.25857], [-71.15975, 42.27924], [-71.22085, 42.29554], [-71.2838, 42.30729], [-71.34799, 42.31438], [-71.4128, 42.31675], [-71.47761, 42.31438], [-71.5418, 42.30729], [-71.60475, 42.29554], [-71.66585, 42.27924], [-71.72451, 42.25857], [-71.78017, 42.23371], [-71.83229, 42.2049], [-71.88037, 42.17243], [-71.92395, 42.1366], [-71.9626, 42.09776], [-71.99596, 42.05628], [-72.02371, 42.01257], [-72.04557, 41.96704], [-72.06133, 41.92013], [-72.07086, 41.8723], [-72.07404, 41.824], [-72.07086, 41.7757], [-72.06133, 41.72787], [-72.04557, 41.68096], [-72.02371, 41.63543], [-71.99596, 41.59172], [-71.9626, 41.55024], [-71.92395, 41.5114], [-71.88037, 41.47557], [-71.83229, 41.4431], [-71.78017, 41.41429], [-71.72451, 41.38943], [-71.66585, 41.36876], [-71.60475, 41.35246], [-71.5418, 41.34071], [-71.47761, 41.33362], [-71.4128, 41.33125], [-71.34799, 41.33362], [-71.2838, 41.34071], [-71.22085, 41.35246], [-71.15975, 41.36876], [-71.10109, 41.38943], [-71.04543, 41.41429], [-70.99331, 41.4431], [-70.94523, 41.47557], [-70.90165, 41.5114], [-70.863, 41.55024], [-70.82964, 41.59172], [-70.80189, 41.63543], [-70.78003, 41.68096], [-70.76427, 41.72787], [-70.75474, 41.7757], [-70.75156, 41.824]]]}}, {"type": "Feature", "properties": {"NAME": "Milwaukee-Waukesha, WI", "population_m": 1.6, "type": "Metro Area"}, "geometry": {"type": "Polygon", "coordinates": [[[-87.2831, 43.0389], [-87.28673, 43.09288], [-87.29758, 43.14634], [-87.31555, 43.19877], [-87.34046, 43.24965], [-87.37207, 43.29851], [-87.41009, 43.34487], [-87.45414, 43.38828], [-87.5038, 43.42832], [-87.55859, 43.46462], [-87.61798, 43.49681], [-87.6814, 43.5246], [-87.74825, 43.5477], [-87.81787, 43.56591], [-87.8896, 43.57904], [-87.96274, 43.58697], [-88.0366, 43.58962], [-88.11046, 43.58697], [-88.1836, 43.57904], [-88.25533, 43.56591], [-88.32495, 43.5477], [-88.3918, 43.5246], [-88.45522, 43.49681], [-88.51461, 43.46462], [-88.5694, 43.42832], [-88.61906, 43.38828], [-88.66311, 43.34487], [-88.70113, 43.29851], [-88.73274, 43.24965], [-88.75765, 43.19877], [-88.77562, 43.14634], [-88.78647, 43.09288], [-88.7901, 43.0389], [-88.78647, 42.98492], [-88.77562, 42.93146], [-88.75765, 42.87903], [-88.73274, 42.82815], [-88.70113, 42.77929], [-88.66311, 42.73293], [-88.61906, 42.68952], [-88.5694, 42.64948], [-88.51461, 42.61318], [-88.45522, 42.58099], [-88.3918, 42.5532], [-88.32495, 42.5301], [-88.25533, 42.51189], [-88.1836, 42.49876], [-88.11046, 42.49083], [-88.0366, 42.48818], [-87.96274, 42.49083], [-87.8896, 42.49876], [-87.81787, 42.51189], [-87.74825, 42.5301], [-87.6814, 42.5532], [-87.61798, 42.58099], [-87.55859, 42.61318], [-87.5038, 42.64948], [-87.45414, 42.68952], [-87.41009, 42.73293], [-87.37207, 42.77929], [-87.34046, 42.82815], [-87.31555, 42.87903], [-87.29758, 42.93146], [-87.28673, 42.98492], [-87.2831, 43.0389]]]}}, {"type": "Feature", "properties": {"NAME": "Birmingham-Hoover, AL", "population_m": 1.1, "type": "Metro Area"}, "geometry": {"type": "Polygon", "coordinates": [[[-86.14191, 33.5207], [-86.14509, 33.57468], [-86.1546, 33.62814], [-86.17036, 33.68057], [-86.19219, 33.73145], [-86.21991, 33.78031], [-86.25324, 33.82667], [-86.29186, 33.87008], [-86.33539, 33.91012], [-86.38343, 33.94642], [-86.4355, 33.97861], [-86.4911, 34.0064], [-86.5497, 34.0295], [-86.61074, 34.04771], [-86.67363, 34.06084], [-86.73775, 34.06877], [-86.8025, 34.07142], [-86.86725, 34.06877], [-86.93137, 34.06084], [-86.99426, 34.04771], [-87.0553, 34.0295], [-87.1139, 34.0064], [-87.1695, 33.97861], [-87.22157, 33.94642], [-87.26961, 33.91012], [-87.31314, 33.87008], [-87.35176, 33.82667], [-87.38509, 33.78031], [-87.41281, 33.73145], [-87.43464, 33.68057], [-87.4504, 33.62814], [-87.45991, 33.57468], [-87.46309, 33.5207], [-87.45991, 33.46672], [-87.4504, 33.41326], [-87.43464, 33.36083], [-87.41281, 33.30995], [-87.38509, 33.26109], [-87.35176, 33.21473], [-87.31314, 33.17132], [-87.26961, 33.13128], [-87.22157, 33.09498], [-87.1695, 33.06279], [-87.1139, 33.035], [-87.0553, 33.0119], [-86.99426, 32.99369], [-86.93137, 32.98056], [-86.86725, 32.97263], [-86.8025, 32.96998], [-86.73775, 32.97263], [-86.67363, 32.98056], [-86.61074, 32.99369], [-86.5497, 33.0119], [-86.4911, 33.035], [-86.4355, 33.06279], [-86.38343, 33.09498], [-86.33539, 33.13128], [-86.29186, 33.17132], [-86.25324, 33.21473], [-86.21991, 33.26109], [-86.19219, 33.30995], [-86.17036, 33.36083], [-86.1546, 33.41326], [-86.14509, 33.46672], [-86.14191, 33.5207]]]}}, {"type": "Feature", "properties": {"NAME": "Tucson, AZ", "population_m": 1.1, "type": "Metro Area"}, "geometry": {"type": "Polygon", "coordinates": [[[-110.33337, 32.2226], [-110.33634, 32.27374], [-110.34522, 32.32439], [-110.35993, 32.37405], [-110.38032, 32.42226], [-110.4062, 32.46855], [-110.43731, 32.51246], [-110.47336, 32.55359], [-110.51401, 32.59153], [-110.55885, 32.62591], [-110.60747, 32.65641], [-110.65938, 32.68273], [-110.71409, 32.70462], [-110.77107, 32.72187], [-110.82978, 32.73431], [-110.88965, 32.74183], [-110.9501, 32.74434], [-111.01055, 32.74183], [-111.07042, 32.73431], [-111.12913, 32.72187], [-111.18611, 32.70462], [-111.24082, 32.68273], [-111.29273, 32.65641], [-111.34135, 32.62591], [-111.38619, 32.59153], [-111.42684, 32.55359], [-111.46289, 32.51246], [-111.494, 32.46855], [-111.51988, 32.42226], [-111.54027, 32.37405], [-111.55498, 32.32439], [-111.56386, 32.27374], [-111.56683, 32.2226], [-111.56386, 32.17146], [-111.55498, 32.12081], [-111.54027, 32.07115], [-111.51988, 32.02294], [-111.494, 31.97665], [-111.46289, 31.93274], [-111.42684, 31.89161], [-111.38619, 31.85367], [-111.34135, 31.81929], [-111.29273, 31.78879], [-111.24082, 31.76247], [-111.18611, 31.74058], [-111.12913, 31.72333], [-111.07042, 31.71089], [-111.01055, 31.70337], [-110.9501, 31.70086], [-110.88965, 31.70337], [-110.82978, 31.71089], [-110.77107, 31.72333], [-110.71409, 31.74058], [-110.65938, 31.76247], [-110.60747, 31.78879], [-110.55885, 31.81929], [-110.51401, 31.85367], [-110.47336, 31.89161], [-110.43731, 31.93274], [-110.4062, 31.97665], [-110.38032, 32.02294], [-110.35993, 32.07115], [-110.34522, 32.12081], [-110.33634, 32.17146], [-110.33337, 32.2226]]]}}, {"type": "Feature", "properties": {"NAME": "Rochester, NY", "population_m": 1.1, "type": "Metro Area"}, "geometry": {"type": "Polygon", "coordinates": [[[-76.93332, 43.1566], [-76.93657, 43.2049], [-76.9463, 43.25273], [-76.96241, 43.29964], [-76.98474, 43.34517], [-77.01308, 43.38888], [-77.04716, 43.43036], [-77.08665, 43.4692], [-77.13116, 43.50503], [-77.18028, 43.5375], [-77.23352, 43.56631], [-77.29038, 43.59117], [-77.35031, 43.61184], [-77.41272, 43.62814], [-77.47702, 43.63989], [-77.54259, 43.64698], [-77.6088, 43.64935], [-77.67501, 43.64698], [-77.74058, 43.63989], [-77.80488, 43.62814], [-77.86729, 43.61184], [-77.92722, 43.59117], [-77.98408, 43.56631], [-78.03732, 43.5375], [-78.08644, 43.50503], [-78.13095, 43.4692], [-78.17044, 43.43036], [-78.20452, 43.38888], [-78.23286, 43.34517], [-78.25519, 43.29964], [-78.2713, 43.25273], [-78.28103, 43.2049], [-78.28428, 43.1566], [-78.28103, 43.1083], [-78.2713, 43.06047], [-78.25519, 43.01356], [-78.23286, 42.96803], [-78.20452, 42.92432], [-78.17044, 42.88284], [-78.13095, 42.844], [-78.08644, 42.80817], [-78.03732, 42.7757], [-77.98408, 42.74689], [-77.92722, 42.72203], [-77.86729, 42.70136], [-77.80488, 42.68506], [-77.74058, 42.67331], [-77.67501, 42.66622], [-77.6088, 42.66385], [-77.54259, 42.66622], [-77.47702, 42.67331], [-77.41272, 42.68506], [-77.35031, 42.70136], [-77.29038, 42.72203], [-77.23352, 42.74689], [-77.18028, 42.7757], [-77.13116, 42.80817], [-77.08665, 42.844], [-77.04716, 42.88284], [-77.01308, 42.92432], [-76.98474, 42.96803], [-76.96241, 43.01356], [-76.9463, 43.06047], [-76.93657, 43.1083], [-76.93332, 43.1566]]]}}, {"type": "Feature", "properties": {"NAME": "Fresno, CA", "population_m": 1.0, "type": "Metro Area"}, "geometry": {"type": "Polygon", "coordinates": [[[-119.17222, 36.7378], [-119.17518, 36.7861], [-119.18403, 36.83393], [-119.1987, 36.88084], [-119.21902, 36.92637], [-119.24482, 36.97008], [-119.27585, 37.01156], [-119.31179, 37.0504], [-119.35231, 37.08623], [-119.39702, 37.1187], [-119.44549, 37.14751], [-119.49725, 37.17237], [-119.5518, 37.19304], [-119.60861, 37.20934], [-119.66714, 37.22109], [-119.72683, 37.22818], [-119.7871, 37.23055], [-119.84737, 37.22818], [-119.90706, 37.22109], [-119.96559, 37.20934], [-120.0224, 37.19304], [-120.07695, 37.17237], [-120.12871, 37.14751], [-120.17718, 37.1187], [-120.22189, 37.08623], [-120.26241, 37.0504], [-120.29835, 37.01156], [-120.32938, 36.97008], [-120.35518, 36.92637], [-120.3755, 36.88084], [-120.39017, 36.83393], [-120.39902, 36.7861], [-120.40198, 36.7378], [-120.39902, 36.6895], [-120.39017, 36.64167], [-120.3755, 36.59476], [-120.35518, 36.54923], [-120.32938, 36.50552], [-120.29835, 36.46404], [-120.26241, 36.4252], [-120.22189, 36.38937], [-120.17718, 36.3569], [-120.12871, 36.32809], [-120.07695, 36.30323], [-120.0224, 36.28256], [-119.96559, 36.26626], [-119.90706, 36.25451], [-119.84737, 36.24742], [-119.7871, 36.24505], [-119.72683, 36.24742], [-119.66714, 36.25451], [-119.60861, 36.26626], [-119.5518, 36.28256], [-119.49725, 36.30323], [-119.44549, 36.32809], [-119.39702, 36.3569], [-119.35231, 36.38937], [-119.31179, 36.4252], [-119.27585, 36.46404], [-119.24482, 36.50552], [-119.21902, 36.54923], [-119.1987, 36.59476], [-119.18403, 36.64167], [-119.17518, 36.6895], [-119.17222, 36.7378]]]}}, {"type": "Feature", "properties": {"NAME": "Grand Rapids-Kentwood, MI", "population_m": 1.1, "type": "Metro Area"}, "geometry": {"type": "Polygon", "coordinates": [[[-84.99475, 42.9634], [-84.99799, 43.0117], [-85.00768, 43.05953], [-85.02374, 43.10644], [-85.046, 43.15197], [-85.07425, 43.19568], [-85.10823, 43.23716], [-85.14759, 43.276], [-85.19197, 43.31183], [-85.24093, 43.3443], [-85.294, 43.37311], [-85.35068, 43.39797], [-85.41042, 43.41864], [-85.47264, 43.43494], [-85.53674, 43.44669], [-85.6021, 43.45378], [-85.6681, 43.45615], [-85.7341, 43.45378], [-85.79946, 43.44669], [-85.86356, 43.43494], [-85.92578, 43.41864], [-85.98552, 43.39797], [-86.0422, 43.37311], [-86.09527, 43.3443], [-86.14423, 43.31183], [-86.18861, 43.276], [-86.22797, 43.23716], [-86.26195, 43.19568], [-86.2902, 43.15197], [-86.31246, 43.10644], [-86.32852, 43.05953], [-86.33821, 43.0117], [-86.34145, 42.9634], [-86.33821, 42.9151], [-86.32852, 42.86727], [-86.31246, 42.82036], [-86.2902, 42.77483], [-86.26195, 42.73112], [-86.22797, 42.68964], [-86.18861, 42.6508], [-86.14423, 42.61497], [-86.09527, 42.5825], [-86.0422, 42.55369], [-85.98552, 42.52883], [-85.92578, 42.50816], [-85.86356, 42.49186], [-85.79946, 42.48011], [-85.7341, 42.47302], [-85.6681, 42.47065], [-85.6021, 42.47302], [-85.53674, 42.48011], [-85.47264, 42.49186], [-85.41042, 42.50816], [-85.35068, 42.52883], [-85.294, 42.55369], [-85.24093, 42.5825], [-85.19197, 42.61497], [-85.14759, 42.6508], [-85.10823, 42.68964], [-85.07425, 42.73112], [-85.046, 42.77483], [-85.02374, 42.82036], [-85.00768, 42.86727], [-84.99799, 42.9151], [-84.99475, 42.9634]]]}}, {"type": "Feature", "properties": {"NAME": "Omaha-Council Bluffs, NE-IA", "population_m": 1.0, "type": "Metro Area"}, "geometry": {"type": "Polygon", "coordinates": [[[-95.31439, 41.2553], [-95.31774, 41.30644], [-95.32773, 41.35709], [-95.34428, 41.40675], [-95.36722, 41.45496], [-95.39634, 41.50125], [-95.43135, 41.54516], [-95.47193, 41.58629], [-95.51766, 41.62423], [-95.56813, 41.65861], [-95.62283, 41.68911], [-95.68125, 41.71543], [-95.74282, 41.73732], [-95.80694, 41.75457], [-95.87301, 41.76701], [-95.94038, 41.77453], [-96.0084, 41.77704], [-96.07642, 41.77453], [-96.14379, 41.76701], [-96.20986, 41.75457], [-96.27398, 41.73732], [-96.33555, 41.71543], [-96.39397, 41.68911], [-96.44867, 41.65861], [-96.49914, 41.62423], [-96.54487, 41.58629], [-96.58545, 41.54516], [-96.62046, 41.50125], [-96.64958, 41.45496], [-96.67252, 41.40675], [-96.68907, 41.35709], [-96.69906, 41.30644], [-96.70241, 41.2553], [-96.69906, 41.20416], [-96.68907, 41.15351], [-96.67252, 41.10385], [-96.64958, 41.05564], [-96.62046, 41.00935], [-96.58545, 40.96544], [-96.54487, 40.92431], [-96.49914, 40.88637], [-96.44867, 40.85199], [-96.39397, 40.82149], [-96.33555, 40.79517], [-96.27398, 40.77328], [-96.20986, 40.75603], [-96.14379, 40.74359], [-96.07642, 40.73607], [-96.0084, 40.73356], [-95.94038, 40.73607], [-95.87301, 40.74359], [-95.80694, 40.75603], [-95.74282, 40.77328], [-95.68125, 40.79517], [-95.62283, 40.82149], [-95.56813, 40.85199], [-95.51766, 40.88637], [-95.47193, 40.92431], [-95.43135, 40.96544], [-95.39634, 41.00935], [-95.36722, 41.05564], [-95.34428, 41.10385], [-95.32773, 41.15351], [-95.31774, 41.20416], [-95.31439, 41.2553]]]}}, {"type": "Feature", "properties": {"NAME": "Albany-Schenectady-Troy, NY", "population_m": 0.9, "type": "Metro Area"}, "geometry": {"type": "Polygon", "coordinates": [[[-73.08622, 42.6526], [-73.08945, 42.7009], [-73.09909, 42.74873], [-73.11507, 42.79564], [-73.13722, 42.84117], [-73.16533, 42.88488], [-73.19913, 42.92636], [-73.2383, 42.9652], [-73.28245, 43.00103], [-73.33117, 43.0335], [-73.38398, 43.06231], [-73.44037, 43.08717], [-73.49981, 43.10784], [-73.56172, 43.12414], [-73.62549, 43.13589], [-73.69053, 43.14298], [-73.7562, 43.14535], [-73.82187, 43.14298], [-73.88691, 43.13589], [-73.95068, 43.12414], [-74.01259, 43.10784], [-74.07203, 43.08717], [-74.12842, 43.06231], [-74.18123, 43.0335], [-74.22995, 43.00103], [-74.2741, 42.9652], [-74.31327, 42.92636], [-74.34707, 42.88488], [-74.37518, 42.84117], [-74.39733, 42.79564], [-74.41331, 42.74873], [-74.42295, 42.7009], [-74.42618, 42.6526], [-74.42295, 42.6043], [-74.41331, 42.55647], [-74.39733, 42.50956], [-74.37518, 42.46403], [-74.34707, 42.42032], [-74.31327, 42.37884], [-74.2741, 42.34], [-74.22995, 42.30417], [-74.18123, 42.2717], [-74.12842, 42.24289], [-74.07203, 42.21803], [-74.01259, 42.19736], [-73.95068, 42.18106], [-73.88691, 42.16931], [-73.82187, 42.16222], [-73.7562, 42.15985], [-73.69053, 42.16222], [-73.62549, 42.16931], [-73.56172, 42.18106], [-73.49981, 42.19736], [-73.44037, 42.21803], [-73.38398, 42.24289], [-73.33117, 42.2717], [-73.28245, 42.30417], [-73.2383, 42.34], [-73.19913, 42.37884], [-73.16533, 42.42032], [-73.13722, 42.46403], [-73.11507, 42.50956], [-73.09909, 42.55647], [-73.08945, 42.6043], [-73.08622, 42.6526]]]}}, {"type": "Feature", "properties": {"NAME": "Albuquerque, NM", "population_m": 0.9, "type": "Metro Area"}, "geometry": {"type": "Polygon", "coordinates": [[[-106.01282, 35.0844], [-106.01589, 35.13554], [-106.02507, 35.18619], [-106.04027, 35.23585], [-106.06135, 35.28406], [-106.0881, 35.33035], [-106.12027, 35.37426], [-106.15754, 35.41539], [-106.19956, 35.45333], [-106.24592, 35.48771], [-106.29618, 35.51821], [-106.34984, 35.54453], [-106.40641, 35.56642], [-106.46532, 35.58367], [-106.52601, 35.59611], [-106.58791, 35.60363], [-106.6504, 35.60614], [-106.71289, 35.60363], [-106.77479, 35.59611], [-106.83548, 35.58367], [-106.89439, 35.56642], [-106.95096, 35.54453], [-107.00462, 35.51821], [-107.05488, 35.48771], [-107.10124, 35.45333], [-107.14326, 35.41539], [-107.18053, 35.37426], [-107.2127, 35.33035], [-107.23945, 35.28406], [-107.26053, 35.23585], [-107.27573, 35.18619], [-107.28491, 35.13554], [-107.28798, 35.0844], [-107.28491, 35.03326], [-107.27573, 34.98261], [-107.26053, 34.93295], [-107.23945, 34.88474], [-107.2127, 34.83845], [-107.18053, 34.79454], [-107.14326, 34.75341], [-107.10124, 34.71547], [-107.05488, 34.68109], [-107.00462, 34.65059], [-106.95096, 34.62427], [-106.89439, 34.60238], [-106.83548, 34.58513], [-106.77479, 34.57269], [-106.71289, 34.56517], [-106.6504, 34.56266], [-106.58791, 34.56517], [-106.52601, 34.57269], [-106.46532, 34.58513], [-106.40641, 34.60238], [-106.34984, 34.62427], [-106.29618, 34.65059], [-106.24592, 34.68109], [-106.19956, 34.71547], [-106.15754, 34.75341], [-106.12027, 34.79454], [-106.0881, 34.83845], [-106.06135, 34.88474], [-106.04027, 34.93295], [-106.02507, 34.98261], [-106.01589, 35.03326], [-106.01282, 35.0844]]]}}, {"type": "Feature", "properties": {"NAME": "Knoxville, TN", "population_m": 0.9, "type": "Metro Area"}, "geometry": {"type": "Polygon", "coordinates": [[[-83.31193, 35.9606], [-83.31486, 36.0089], [-83.32362, 36.05673], [-83.33814, 36.10364], [-83.35827, 36.14917], [-83.38381, 36.19288], [-83.41452, 36.23436], [-83.45011, 36.2732], [-83.49023, 36.30903], [-83.5345, 36.3415], [-83.58248, 36.37031], [-83.63373, 36.39517], [-83.68773, 36.41584], [-83.74398, 36.43214], [-83.80193, 36.44389], [-83.86103, 36.45098], [-83.9207, 36.45335], [-83.98037, 36.45098], [-84.03947, 36.44389], [-84.09742, 36.43214], [-84.15367, 36.41584], [-84.20767, 36.39517], [-84.25892, 36.37031], [-84.3069, 36.3415], [-84.35117, 36.30903], [-84.39129, 36.2732], [-84.42688, 36.23436], [-84.45759, 36.19288], [-84.48313, 36.14917], [-84.50326, 36.10364], [-84.51778, 36.05673], [-84.52654, 36.0089], [-84.52947, 35.9606], [-84.52654, 35.9123], [-84.51778, 35.86447], [-84.50326, 35.81756], [-84.48313, 35.77203], [-84.45759, 35.72832], [-84.42688, 35.68684], [-84.39129, 35.648], [-84.35117, 35.61217], [-84.3069, 35.5797], [-84.25892, 35.55089], [-84.20767, 35.52603], [-84.15367, 35.50536], [-84.09742, 35.48906], [-84.03947, 35.47731], [-83.98037, 35.47022], [-83.9207, 35.46785], [-83.86103, 35.47022], [-83.80193, 35.47731], [-83.74398, 35.48906], [-83.68773, 35.50536], [-83.63373, 35.52603], [-83.58248, 35.55089], [-83.5345, 35.5797], [-83.49023, 35.61217], [-83.45011, 35.648], [-83.41452, 35.68684], [-83.38381, 35.72832], [-83.35827, 35.77203], [-83.33814, 35.81756], [-83.32362, 35.86447], [-83.31486, 35.9123], [-83.31193, 35.9606]]]}}, {"type": "Feature", "properties": {"NAME": "El Paso, TX", "population_m": 0.9, "type": "Metro Area"}, "geometry": {"type": "Polygon", "coordinates": [[[-105.87136, 31.7619], [-105.87432, 31.81304], [-105.88316, 31.86369], [-105.89779, 31.91335], [-105.91807, 31.96156], [-105.94382, 32.00785], [-105.97478, 32.05176], [-106.01065, 32.09289], [-106.05109, 32.13083], [-106.09571, 32.16521], [-106.14408, 32.19571], [-106.19573, 32.22203], [-106.25017, 32.24392], [-106.30687, 32.26117], [-106.36529, 32.27361], [-106.42485, 32.28113], [-106.485, 32.28364], [-106.54515, 32.28113], [-106.60471, 32.27361], [-106.66313, 32.26117], [-106.71983, 32.24392], [-106.77427, 32.22203], [-106.82592, 32.19571], [-106.87429, 32.16521], [-106.91891, 32.13083], [-106.95935, 32.09289], [-106.99522, 32.05176], [-107.02618, 32.00785], [-107.05193, 31.96156], [-107.07221, 31.91335], [-107.08684, 31.86369], [-107.09568, 31.81304], [-107.09864, 31.7619], [-107.09568, 31.71076], [-107.08684, 31.66011], [-107.07221, 31.61045], [-107.05193, 31.56224], [-107.02618, 31.51595], [-106.99522, 31.47204], [-106.95935, 31.43091], [-106.91891, 31.39297], [-106.87429, 31.35859], [-106.82592, 31.32809], [-106.77427, 31.30177], [-106.71983, 31.27988], [-106.66313, 31.26263], [-106.60471, 31.25019], [-106.54515, 31.24267], [-106.485, 31.24016], [-106.42485, 31.24267], [-106.36529, 31.25019], [-106.30687, 31.26263], [-106.25017, 31.27988], [-106.19573, 31.30177], [-106.14408, 31.32809], [-106.09571, 31.35859], [-106.05109, 31.39297], [-106.01065, 31.43091], [-105.97478, 31.47204], [-105.94382, 31.51595], [-105.91807, 31.56224], [-105.89779, 31.61045], [-105.88316, 31.66011], [-105.87432, 31.71076], [-105.87136, 31.7619]]]}}, {"type": "Feature", "properties": {"NAME": "Bakersfield, CA", "population_m": 0.9, "type": "Metro Area"}, "geometry": {"type": "Polygon", "coordinates": [[[-118.44994, 35.3733], [-118.45268, 35.41876], [-118.46087, 35.46378], [-118.47443, 35.50792], [-118.49323, 35.55078], [-118.5171, 35.59192], [-118.54579, 35.63096], [-118.57904, 35.66751], [-118.61652, 35.70123], [-118.65788, 35.7318], [-118.70271, 35.75891], [-118.75059, 35.78231], [-118.80104, 35.80177], [-118.8536, 35.8171], [-118.90774, 35.82816], [-118.96295, 35.83483], [-119.0187, 35.83707], [-119.07445, 35.83483], [-119.12966, 35.82816], [-119.1838, 35.8171], [-119.23636, 35.80177], [-119.28681, 35.78231], [-119.33469, 35.75891], [-119.37952, 35.7318], [-119.42088, 35.70123], [-119.45836, 35.66751], [-119.49161, 35.63096], [-119.5203, 35.59192], [-119.54417, 35.55078], [-119.56297, 35.50792], [-119.57653, 35.46378], [-119.58472, 35.41876], [-119.58746, 35.3733], [-119.58472, 35.32784], [-119.57653, 35.28282], [-119.56297, 35.23868], [-119.54417, 35.19582], [-119.5203, 35.15468], [-119.49161, 35.11564], [-119.45836, 35.07909], [-119.42088, 35.04537], [-119.37952, 35.0148], [-119.33469, 34.98769], [-119.28681, 34.96429], [-119.23636, 34.94483], [-119.1838, 34.9295], [-119.12966, 34.91844], [-119.07445, 34.91177], [-119.0187, 34.90953], [-118.96295, 34.91177], [-118.90774, 34.91844], [-118.8536, 34.9295], [-118.80104, 34.94483], [-118.75059, 34.96429], [-118.70271, 34.98769], [-118.65788, 35.0148], [-118.61652, 35.04537], [-118.57904, 35.07909], [-118.54579, 35.11564], [-118.5171, 35.15468], [-118.49323, 35.19582], [-118.47443, 35.23868], [-118.46087, 35.28282], [-118.45268, 35.32784], [-118.44994, 35.3733]]]}}, {"type": "Feature", "properties": {"NAME": "New Haven-Milford, CT", "population_m": 0.9, "type": "Metro Area"}, "geometry": {"type": "Polygon", "coordinates": [[[-72.34939, 41.3081], [-72.35218, 41.35072], [-72.36052, 41.39292], [-72.37432, 41.43431], [-72.39345, 41.47448], [-72.41774, 41.51306], [-72.44694, 41.54965], [-72.48078, 41.58392], [-72.51892, 41.61554], [-72.56101, 41.64419], [-72.60663, 41.66961], [-72.65535, 41.69154], [-72.7067, 41.70979], [-72.76018, 41.72416], [-72.81528, 41.73453], [-72.87147, 41.74079], [-72.9282, 41.74288], [-72.98493, 41.74079], [-73.04112, 41.73453], [-73.09622, 41.72416], [-73.1497, 41.70979], [-73.20105, 41.69154], [-73.24977, 41.66961], [-73.29539, 41.64419], [-73.33748, 41.61554], [-73.37562, 41.58392], [-73.40946, 41.54965], [-73.43866, 41.51306], [-73.46295, 41.47448], [-73.48208, 41.43431], [-73.49588, 41.39292], [-73.50422, 41.35072], [-73.50701, 41.3081], [-73.50422, 41.26548], [-73.49588, 41.22328], [-73.48208, 41.18189], [-73.46295, 41.14172], [-73.43866, 41.10314], [-73.40946, 41.06655], [-73.37562, 41.03228], [-73.33748, 41.00066], [-73.29539, 40.97201], [-73.24977, 40.94659], [-73.20105, 40.92466], [-73.1497, 40.90641], [-73.09622, 40.89204], [-73.04112, 40.88167], [-72.98493, 40.87541], [-72.9282, 40.87332], [-72.87147, 40.87541], [-72.81528, 40.88167], [-72.76018, 40.89204], [-72.7067, 40.90641], [-72.65535, 40.92466], [-72.60663, 40.94659], [-72.56101, 40.97201], [-72.51892, 41.00066], [-72.48078, 41.03228], [-72.44694, 41.06655], [-72.41774, 41.10314], [-72.39345, 41.14172], [-72.37432, 41.18189], [-72.36052, 41.22328], [-72.35218, 41.26548], [-72.34939, 41.3081]]]}}, {"type": "Feature", "properties": {"NAME": "Greenville-Anderson, SC", "population_m": 0.9, "type": "Metro Area"}, "geometry": {"type": "Polygon", "coordinates": [[[-81.75822, 34.8526], [-81.76128, 34.90374], [-81.77043, 34.95439], [-81.78559, 35.00405], [-81.80661, 35.05226], [-81.83329, 35.09855], [-81.86537, 35.14246], [-81.90253, 35.18359], [-81.94443, 35.22153], [-81.99066, 35.25591], [-82.04078, 35.28641], [-82.09429, 35.31273], [-82.1507, 35.33462], [-82.20944, 35.35187], [-82.26996, 35.36431], [-82.33168, 35.37183], [-82.394, 35.37434], [-82.45632, 35.37183], [-82.51804, 35.36431], [-82.57856, 35.35187], [-82.6373, 35.33462], [-82.69371, 35.31273], [-82.74722, 35.28641], [-82.79734, 35.25591], [-82.84357, 35.22153], [-82.88547, 35.18359], [-82.92263, 35.14246], [-82.95471, 35.09855], [-82.98139, 35.05226], [-83.00241, 35.00405], [-83.01757, 34.95439], [-83.02672, 34.90374], [-83.02978, 34.8526], [-83.02672, 34.80146], [-83.01757, 34.75081], [-83.00241, 34.70115], [-82.98139, 34.65294], [-82.95471, 34.60665], [-82.92263, 34.56274], [-82.88547, 34.52161], [-82.84357, 34.48367], [-82.79734, 34.44929], [-82.74722, 34.41879], [-82.69371, 34.39247], [-82.6373, 34.37058], [-82.57856, 34.35333], [-82.51804, 34.34089], [-82.45632, 34.33337], [-82.394, 34.33086], [-82.33168, 34.33337], [-82.26996, 34.34089], [-82.20944, 34.35333], [-82.1507, 34.37058], [-82.09429, 34.39247], [-82.04078, 34.41879], [-81.99066, 34.44929], [-81.94443, 34.48367], [-81.90253, 34.52161], [-81.86537, 34.56274], [-81.83329, 34.60665], [-81.80661, 34.65294], [-81.78559, 34.70115], [-81.77043, 34.75081], [-81.76128, 34.80146], [-81.75822, 34.8526]]]}}, {"type": "Feature", "properties": {"NAME": "Baton Rouge, LA", "population_m": 0.9, "type": "Metro Area"}, "geometry": {"type": "Polygon", "coordinates": [[[-90.58188, 30.4515], [-90.58479, 30.50264], [-90.5935, 30.55329], [-90.60794, 30.60295], [-90.62795, 30.65116], [-90.65334, 30.69745], [-90.68387, 30.74136], [-90.71925, 30.78249], [-90.75914, 30.82043], [-90.80315, 30.85481], [-90.85086, 30.88531], [-90.9018, 30.91163], [-90.95549, 30.93352], [-91.01141, 30.95077], [-91.06903, 30.96321], [-91.12778, 30.97073], [-91.1871, 30.97324], [-91.24642, 30.97073], [-91.30517, 30.96321], [-91.36279, 30.95077], [-91.41871, 30.93352], [-91.4724, 30.91163], [-91.52334, 30.88531], [-91.57105, 30.85481], [-91.61506, 30.82043], [-91.65495, 30.78249], [-91.69033, 30.74136], [-91.72086, 30.69745], [-91.74625, 30.65116], [-91.76626, 30.60295], [-91.7807, 30.55329], [-91.78941, 30.50264], [-91.79232, 30.4515], [-91.78941, 30.40036], [-91.7807, 30.34971], [-91.76626, 30.30005], [-91.74625, 30.25184], [-91.72086, 30.20555], [-91.69033, 30.16164], [-91.65495, 30.12051], [-91.61506, 30.08257], [-91.57105, 30.04819], [-91.52334, 30.01769], [-91.4724, 29.99137], [-91.41871, 29.96948], [-91.36279, 29.95223], [-91.30517, 29.93979], [-91.24642, 29.93227], [-91.1871, 29.92976], [-91.12778, 29.93227], [-91.06903, 29.93979], [-91.01141, 29.95223], [-90.95549, 29.96948], [-90.9018, 29.99137], [-90.85086, 30.01769], [-90.80315, 30.04819], [-90.75914, 30.08257], [-90.71925, 30.12051], [-90.68387, 30.16164], [-90.65334, 30.20555], [-90.62795, 30.25184], [-90.60794, 30.30005], [-90.5935, 30.34971], [-90.58479, 30.40036], [-90.58188, 30.4515]]]}}, {"type": "Feature", "properties": {"NAME": "Dayton-Kettering, OH", "population_m": 0.8, "type": "Metro Area"}, "geometry": {"type": "Polygon", "coordinates": [[[-83.55061, 39.7589], [-83.5537, 39.8072], [-83.56293, 39.85503], [-83.57821, 39.90194], [-83.59941, 39.94747], [-83.6263, 39.99118], [-83.65864, 40.03266], [-83.69611, 40.0715], [-83.73835, 40.10733], [-83.78496, 40.1398], [-83.83549, 40.16861], [-83.88944, 40.19347], [-83.94631, 40.21414], [-84.00553, 40.23044], [-84.06655, 40.24219], [-84.12877, 40.24928], [-84.1916, 40.25165], [-84.25443, 40.24928], [-84.31665, 40.24219], [-84.37767, 40.23044], [-84.43689, 40.21414], [-84.49376, 40.19347], [-84.54771, 40.16861], [-84.59824, 40.1398], [-84.64485, 40.10733], [-84.68709, 40.0715], [-84.72456, 40.03266], [-84.7569, 39.99118], [-84.78379, 39.94747], [-84.80499, 39.90194], [-84.82027, 39.85503], [-84.8295, 39.8072], [-84.83259, 39.7589], [-84.8295, 39.7106], [-84.82027, 39.66277], [-84.80499, 39.61586], [-84.78379, 39.57033], [-84.7569, 39.52662], [-84.72456, 39.48514], [-84.68709, 39.4463], [-84.64485, 39.41047], [-84.59824, 39.378], [-84.54771, 39.34919], [-84.49376, 39.32433], [-84.43689, 39.30366], [-84.37767, 39.28736], [-84.31665, 39.27561], [-84.25443, 39.26852], [-84.1916, 39.26615], [-84.12877, 39.26852], [-84.06655, 39.27561], [-84.00553, 39.28736], [-83.94631, 39.30366], [-83.88944, 39.32433], [-83.83549, 39.34919], [-83.78496, 39.378], [-83.73835, 39.41047], [-83.69611, 39.4463], [-83.65864, 39.48514], [-83.6263, 39.52662], [-83.59941, 39.57033], [-83.57821, 39.61586], [-83.56293, 39.66277], [-83.5537, 39.7106], [-83.55061, 39.7589]]]}}, {"type": "Feature", "properties": {"NAME": "Akron, OH", "population_m": 0.7, "type": "Metro Area"}, "geometry": {"type": "Polygon", "coordinates": [[[-80.90374, 41.0814], [-80.9067, 41.12686], [-80.91556, 41.17188], [-80.93023, 41.21602], [-80.95057, 41.25888], [-80.97639, 41.30002], [-81.00743, 41.33906], [-81.0434, 41.37561], [-81.08395, 41.40933], [-81.12868, 41.4399], [-81.17718, 41.46701], [-81.22897, 41.49041], [-81.28355, 41.50987], [-81.3404, 41.5252], [-81.39897, 41.53626], [-81.45869, 41.54293], [-81.519, 41.54517], [-81.57931, 41.54293], [-81.63903, 41.53626], [-81.6976, 41.5252], [-81.75445, 41.50987], [-81.80903, 41.49041], [-81.86082, 41.46701], [-81.90932, 41.4399], [-81.95405, 41.40933], [-81.9946, 41.37561], [-82.03057, 41.33906], [-82.06161, 41.30002], [-82.08743, 41.25888], [-82.10777, 41.21602], [-82.12244, 41.17188], [-82.1313, 41.12686], [-82.13426, 41.0814], [-82.1313, 41.03594], [-82.12244, 40.99092], [-82.10777, 40.94678], [-82.08743, 40.90392], [-82.06161, 40.86278], [-82.03057, 40.82374], [-81.9946, 40.78719], [-81.95405, 40.75347], [-81.90932, 40.7229], [-81.86082, 40.69579], [-81.80903, 40.67239], [-81.75445, 40.65293], [-81.6976, 40.6376], [-81.63903, 40.62654], [-81.57931, 40.61987], [-81.519, 40.61763], [-81.45869, 40.61987], [-81.39897, 40.62654], [-81.3404, 40.6376], [-81.28355, 40.65293], [-81.22897, 40.67239], [-81.17718, 40.69579], [-81.12868, 40.7229], [-81.08395, 40.75347], [-81.0434, 40.78719], [-81.00743, 40.82374], [-80.97639, 40.86278], [-80.95057, 40.90392], [-80.93023, 40.94678], [-80.91556, 40.99092], [-80.9067, 41.03594], [-80.90374, 41.0814]]]}}, {"type": "Feature", "properties": {"NAME": "Cape Coral-Fort Myers, FL", "population_m": 0.8, "type": "Metro Area"}, "geometry": {"type": "Polygon", "coordinates": [[[-81.33378, 26.5629], [-81.33675, 26.61688], [-81.34561, 26.67034], [-81.3603, 26.72277], [-81.38065, 26.77365], [-81.40649, 26.82251], [-81.43755, 26.86887], [-81.47354, 26.91228], [-81.51412, 26.95232], [-81.55889, 26.98862], [-81.60743, 27.02081], [-81.65925, 27.0486], [-81.71388, 27.0717], [-81.77077, 27.08991], [-81.82938, 27.10304], [-81.88915, 27.11097], [-81.9495, 27.11362], [-82.00985, 27.11097], [-82.06962, 27.10304], [-82.12823, 27.08991], [-82.18512, 27.0717], [-82.23975, 27.0486], [-82.29157, 27.02081], [-82.34011, 26.98862], [-82.38488, 26.95232], [-82.42546, 26.91228], [-82.46145, 26.86887], [-82.49251, 26.82251], [-82.51835, 26.77365], [-82.5387, 26.72277], [-82.55339, 26.67034], [-82.56225, 26.61688], [-82.56522, 26.5629], [-82.56225, 26.50892], [-82.55339, 26.45546], [-82.5387, 26.40303], [-82.51835, 26.35215], [-82.49251, 26.30329], [-82.46145, 26.25693], [-82.42546, 26.21352], [-82.38488, 26.17348], [-82.34011, 26.13718], [-82.29157, 26.10499], [-82.23975, 26.0772], [-82.18512, 26.0541], [-82.12823, 26.03589], [-82.06962, 26.02276], [-82.00985, 26.01483], [-81.9495, 26.01218], [-81.88915, 26.01483], [-81.82938, 26.02276], [-81.77077, 26.03589], [-81.71388, 26.0541], [-81.65925, 26.0772], [-81.60743, 26.10499], [-81.55889, 26.13718], [-81.51412, 26.17348], [-81.47354, 26.21352], [-81.43755, 26.25693], [-81.40649, 26.30329], [-81.38065, 26.35215], [-81.3603, 26.40303], [-81.34561, 26.45546], [-81.33675, 26.50892], [-81.33378, 26.5629]]]}}, {"type": "Feature", "properties": {"NAME": "McAllen-Edinburg-Mission, TX", "population_m": 0.9, "type": "Metro Area"}, "geometry": {"type": "Polygon", "coordinates": [[[-97.68081, 26.2034], [-97.68345, 26.2517], [-97.69136, 26.29953], [-97.70446, 26.34644], [-97.72261, 26.39197], [-97.74566, 26.43568], [-97.77336, 26.47716], [-97.80547, 26.516], [-97.84166, 26.55183], [-97.8816, 26.5843], [-97.92488, 26.61311], [-97.97111, 26.63797], [-98.01983, 26.65864], [-98.07058, 26.67494], [-98.12286, 26.68669], [-98.17617, 26.69378], [-98.23, 26.69615], [-98.28383, 26.69378], [-98.33714, 26.68669], [-98.38942, 26.67494], [-98.44017, 26.65864], [-98.48889, 26.63797], [-98.53512, 26.61311], [-98.5784, 26.5843], [-98.61834, 26.55183], [-98.65453, 26.516], [-98.68664, 26.47716], [-98.71434, 26.43568], [-98.73739, 26.39197], [-98.75554, 26.34644], [-98.76864, 26.29953], [-98.77655, 26.2517], [-98.77919, 26.2034], [-98.77655, 26.1551], [-98.76864, 26.10727], [-98.75554, 26.06036], [-98.73739, 26.01483], [-98.71434, 25.97112], [-98.68664, 25.92964], [-98.65453, 25.8908], [-98.61834, 25.85497], [-98.5784, 25.8225], [-98.53512, 25.79369], [-98.48889, 25.76883], [-98.44017, 25.74816], [-98.38942, 25.73186], [-98.33714, 25.72011], [-98.28383, 25.71302], [-98.23, 25.71065], [-98.17617, 25.71302], [-98.12286, 25.72011], [-98.07058, 25.73186], [-98.01983, 25.74816], [-97.97111, 25.76883], [-97.92488, 25.79369], [-97.8816, 25.8225], [-97.84166, 25.85497], [-97.80547, 25.8908], [-97.77336, 25.92964], [-97.74566, 25.97112], [-97.72261, 26.01483], [-97.70446, 26.06036], [-97.69136, 26.10727], [-97.68345, 26.1551], [-97.68081, 26.2034]]]}}, {"type": "Feature", "properties": {"NAME": "Little Rock-North Little Rock-Conway, AR", "population_m": 0.7, "type": "Metro Area"}, "geometry": {"type": "Polygon", "coordinates": [[[-91.61936, 34.7465], [-91.62259, 34.80048], [-91.63224, 34.85394], [-91.64822, 34.90637], [-91.67038, 34.95725], [-91.6985, 35.00611], [-91.73232, 35.05247], [-91.7715, 35.09588], [-91.81567, 35.13592], [-91.8644, 35.17222], [-91.91723, 35.20441], [-91.97365, 35.2322], [-92.03311, 35.2553], [-92.09504, 35.27351], [-92.15884, 35.28664], [-92.2239, 35.29457], [-92.2896, 35.29722], [-92.3553, 35.29457], [-92.42036, 35.28664], [-92.48416, 35.27351], [-92.54609, 35.2553], [-92.60555, 35.2322], [-92.66197, 35.20441], [-92.7148, 35.17222], [-92.76353, 35.13592], [-92.8077, 35.09588], [-92.84688, 35.05247], [-92.8807, 35.00611], [-92.90882, 34.95725], [-92.93098, 34.90637], [-92.94696, 34.85394], [-92.95661, 34.80048], [-92.95984, 34.7465], [-92.95661, 34.69252], [-92.94696, 34.63906], [-92.93098, 34.58663], [-92.90882, 34.53575], [-92.8807, 34.48689], [-92.84688, 34.44053], [-92.8077, 34.39712], [-92.76353, 34.35708], [-92.7148, 34.32078], [-92.66197, 34.28859], [-92.60555, 34.2608], [-92.54609, 34.2377], [-92.48416, 34.21949], [-92.42036, 34.20636], [-92.3553, 34.19843], [-92.2896, 34.19578], [-92.2239, 34.19843], [-92.15884, 34.20636], [-92.09504, 34.21949], [-92.03311, 34.2377], [-91.97365, 34.2608], [-91.91723, 34.28859], [-91.8644, 34.32078], [-91.81567, 34.35708], [-91.7715, 34.39712], [-91.73232, 34.44053], [-91.6985, 34.48689], [-91.67038, 34.53575], [-91.64822, 34.58663], [-91.63224, 34.63906], [-91.62259, 34.69252], [-91.61936, 34.7465]]]}}, {"type": "Feature", "properties": {"NAME": "Bridgeport-Stamford-Norwalk, CT", "population_m": 0.9, "type": "Metro Area"}, "geometry": {"type": "Polygon", "coordinates": [[[-72.61747, 41.1865], [-72.62025, 41.22912], [-72.62857, 41.27132], [-72.64235, 41.31271], [-72.66145, 41.35288], [-72.68569, 41.39146], [-72.71483, 41.42805], [-72.74861, 41.46232], [-72.78668, 41.49394], [-72.82869, 41.52259], [-72.87423, 41.54801], [-72.92286, 41.56994], [-72.97411, 41.58819], [-73.02749, 41.60256], [-73.08249, 41.61293], [-73.13857, 41.61919], [-73.1952, 41.62128], [-73.25183, 41.61919], [-73.30791, 41.61293], [-73.36291, 41.60256], [-73.41629, 41.58819], [-73.46754, 41.56994], [-73.51617, 41.54801], [-73.56171, 41.52259], [-73.60372, 41.49394], [-73.64179, 41.46232], [-73.67557, 41.42805], [-73.70471, 41.39146], [-73.72895, 41.35288], [-73.74805, 41.31271], [-73.76183, 41.27132], [-73.77015, 41.22912], [-73.77293, 41.1865], [-73.77015, 41.14388], [-73.76183, 41.10168], [-73.74805, 41.06029], [-73.72895, 41.02012], [-73.70471, 40.98154], [-73.67557, 40.94495], [-73.64179, 40.91068], [-73.60372, 40.87906], [-73.56171, 40.85041], [-73.51617, 40.82499], [-73.46754, 40.80306], [-73.41629, 40.78481], [-73.36291, 40.77044], [-73.30791, 40.76007], [-73.25183, 40.75381], [-73.1952, 40.75172], [-73.13857, 40.75381], [-73.08249, 40.76007], [-73.02749, 40.77044], [-72.97411, 40.78481], [-72.92286, 40.80306], [-72.87423, 40.82499], [-72.82869, 40.85041], [-72.78668, 40.87906], [-72.74861, 40.91068], [-72.71483, 40.94495], [-72.68569, 40.98154], [-72.66145, 41.02012], [-72.64235, 41.06029], [-72.62857, 41.10168], [-72.62025, 41.14388], [-72.61747, 41.1865]]]}}, {"type": "Feature", "properties": {"NAME": "Oxnard-Thousand Oaks-Ventura, CA", "population_m": 0.8, "type": "Metro Area"}, "geometry": {"type": "Polygon", "coordinates": [[[-118.58134, 34.1975], [-118.58421, 34.2458], [-118.59279, 34.29363], [-118.607, 34.34054], [-118.62669, 34.38607], [-118.65169, 34.42978], [-118.68175, 34.47126], [-118.71657, 34.5101], [-118.75584, 34.54593], [-118.79916, 34.5784], [-118.84612, 34.60721], [-118.89626, 34.63207], [-118.94911, 34.65274], [-119.00416, 34.66904], [-119.06087, 34.68079], [-119.11871, 34.68788], [-119.1771, 34.69025], [-119.23549, 34.68788], [-119.29333, 34.68079], [-119.35004, 34.66904], [-119.40509, 34.65274], [-119.45794, 34.63207], [-119.50808, 34.60721], [-119.55504, 34.5784], [-119.59836, 34.54593], [-119.63763, 34.5101], [-119.67245, 34.47126], [-119.70251, 34.42978], [-119.72751, 34.38607], [-119.7472, 34.34054], [-119.76141, 34.29363], [-119.76999, 34.2458], [-119.77286, 34.1975], [-119.76999, 34.1492], [-119.76141, 34.10137], [-119.7472, 34.05446], [-119.72751, 34.00893], [-119.70251, 33.96522], [-119.67245, 33.92374], [-119.63763, 33.8849], [-119.59836, 33.84907], [-119.55504, 33.8166], [-119.50808, 33.78779], [-119.45794, 33.76293], [-119.40509, 33.74226], [-119.35004, 33.72596], [-119.29333, 33.71421], [-119.23549, 33.70712], [-119.1771, 33.70475], [-119.11871, 33.70712], [-119.06087, 33.71421], [-119.00416, 33.72596], [-118.94911, 33.74226], [-118.89626, 33.76293], [-118.84612, 33.78779], [-118.79916, 33.8166], [-118.75584, 33.84907], [-118.71657, 33.8849], [-118.68175, 33.92374], [-118.65169, 33.96522], [-118.62669, 34.00893], [-118.607, 34.05446], [-118.59279, 34.10137], [-118.58421, 34.1492], [-118.58134, 34.1975]]]}}, {"type": "Feature", "properties": {"NAME": "Columbia, SC", "population_m": 0.8, "type": "Metro Area"}, "geometry": {"type": "Polygon", "coordinates": [[[-80.3705, 34.0007], [-80.3737, 34.05468], [-80.38326, 34.10814], [-80.39911, 34.16057], [-80.42107, 34.21145], [-80.44894, 34.26031], [-80.48246, 34.30667], [-80.52129, 34.35008], [-80.56507, 34.39012], [-80.61337, 34.42642], [-80.66574, 34.45861], [-80.72165, 34.4864], [-80.78058, 34.5095], [-80.84196, 34.52771], [-80.9052, 34.54084], [-80.96969, 34.54877], [-81.0348, 34.55142], [-81.09991, 34.54877], [-81.1644, 34.54084], [-81.22764, 34.52771], [-81.28902, 34.5095], [-81.34795, 34.4864], [-81.40386, 34.45861], [-81.45623, 34.42642], [-81.50453, 34.39012], [-81.54831, 34.35008], [-81.58714, 34.30667], [-81.62066, 34.26031], [-81.64853, 34.21145], [-81.67049, 34.16057], [-81.68634, 34.10814], [-81.6959, 34.05468], [-81.6991, 34.0007], [-81.6959, 33.94672], [-81.68634, 33.89326], [-81.67049, 33.84083], [-81.64853, 33.78995], [-81.62066, 33.74109], [-81.58714, 33.69473], [-81.54831, 33.65132], [-81.50453, 33.61128], [-81.45623, 33.57498], [-81.40386, 33.54279], [-81.34795, 33.515], [-81.28902, 33.4919], [-81.22764, 33.47369], [-81.1644, 33.46056], [-81.09991, 33.45263], [-81.0348, 33.44998], [-80.96969, 33.45263], [-80.9052, 33.46056], [-80.84196, 33.47369], [-80.78058, 33.4919], [-80.72165, 33.515], [-80.66574, 33.54279], [-80.61337, 33.57498], [-80.56507, 33.61128], [-80.52129, 33.65132], [-80.48246, 33.69473], [-80.44894, 33.74109], [-80.42107, 33.78995], [-80.39911, 33.84083], [-80.38326, 33.89326], [-80.3737, 33.94672], [-80.3705, 34.0007]]]}}, {"type": "Feature", "properties": {"NAME": "Stockton, CA", "population_m": 0.7, "type": "Metro Area"}, "geometry": {"type": "Polygon", "coordinates": [[[-120.70261, 37.9577], [-120.70544, 38.00316], [-120.71391, 38.04818], [-120.72794, 38.09232], [-120.74738, 38.13518], [-120.77206, 38.17632], [-120.80174, 38.21536], [-120.83612, 38.25191], [-120.87489, 38.28563], [-120.91766, 38.3162], [-120.96402, 38.34331], [-121.01353, 38.36671], [-121.06571, 38.38617], [-121.12006, 38.4015], [-121.17605, 38.41256], [-121.23315, 38.41923], [-121.2908, 38.42147], [-121.34845, 38.41923], [-121.40555, 38.41256], [-121.46154, 38.4015], [-121.51589, 38.38617], [-121.56807, 38.36671], [-121.61758, 38.34331], [-121.66394, 38.3162], [-121.70671, 38.28563], [-121.74548, 38.25191], [-121.77986, 38.21536], [-121.80954, 38.17632], [-121.83422, 38.13518], [-121.85366, 38.09232], [-121.86769, 38.04818], [-121.87616, 38.00316], [-121.87899, 37.9577], [-121.87616, 37.91224], [-121.86769, 37.86722], [-121.85366, 37.82308], [-121.83422, 37.78022], [-121.80954, 37.73908], [-121.77986, 37.70004], [-121.74548, 37.66349], [-121.70671, 37.62977], [-121.66394, 37.5992], [-121.61758, 37.57209], [-121.56807, 37.54869], [-121.51589, 37.52923], [-121.46154, 37.5139], [-121.40555, 37.50284], [-121.34845, 37.49617], [-121.2908, 37.49393], [-121.23315, 37.49617], [-121.17605, 37.50284], [-121.12006, 37.5139], [-121.06571, 37.52923], [-121.01353, 37.54869], [-120.96402, 37.57209], [-120.91766, 37.5992], [-120.87489, 37.62977], [-120.83612, 37.66349], [-120.80174, 37.70004], [-120.77206, 37.73908], [-120.74738, 37.78022], [-120.72794, 37.82308], [-120.71391, 37.86722], [-120.70544, 37.91224], [-120.70261, 37.9577]]]}}, {"type": "Feature", "properties": {"NAME": "Worcester-Fitchburg, MA", "population_m": 0.6, "type": "Metro Area"}, "geometry": {"type": "Polygon", "coordinates": [[[-71.21481, 42.2626], [-71.21764, 42.30522], [-71.2261, 42.34742], [-71.24011, 42.38881], [-71.25953, 42.42898], [-71.28418, 42.46756], [-71.31382, 42.50415], [-71.34817, 42.53842], [-71.38688, 42.57004], [-71.4296, 42.59869], [-71.47591, 42.62411], [-71.52536, 42.64604], [-71.57748, 42.66429], [-71.63176, 42.67866], [-71.68769, 42.68903], [-71.74472, 42.69529], [-71.8023, 42.69738], [-71.85988, 42.69529], [-71.91691, 42.68903], [-71.97284, 42.67866], [-72.02712, 42.66429], [-72.07924, 42.64604], [-72.12869, 42.62411], [-72.175, 42.59869], [-72.21772, 42.57004], [-72.25643, 42.53842], [-72.29078, 42.50415], [-72.32042, 42.46756], [-72.34507, 42.42898], [-72.36449, 42.38881], [-72.3785, 42.34742], [-72.38696, 42.30522], [-72.38979, 42.2626], [-72.38696, 42.21998], [-72.3785, 42.17778], [-72.36449, 42.13639], [-72.34507, 42.09622], [-72.32042, 42.05764], [-72.29078, 42.02105], [-72.25643, 41.98678], [-72.21772, 41.95516], [-72.175, 41.92651], [-72.12869, 41.90109], [-72.07924, 41.87916], [-72.02712, 41.86091], [-71.97284, 41.84654], [-71.91691, 41.83617], [-71.85988, 41.82991], [-71.8023, 41.82782], [-71.74472, 41.82991], [-71.68769, 41.83617], [-71.63176, 41.84654], [-71.57748, 41.86091], [-71.52536, 41.87916], [-71.47591, 41.90109], [-71.4296, 41.92651], [-71.38688, 41.95516], [-71.34817, 41.98678], [-71.31382, 42.02105], [-71.28418, 42.05764], [-71.25953, 42.09622], [-71.24011, 42.13639], [-71.2261, 42.17778], [-71.21764, 42.21998], [-71.21481, 42.2626]]]}}, {"type": "Feature", "properties": {"NAME": "Indio-Cathedral City-Palm Springs, CA", "population_m": 0.5, "type": "Metro Area"}, "geometry": {"type": "Polygon", "coordinates": [[[-115.58832, 33.7206], [-115.59135, 33.77174], [-115.60038, 33.82239], [-115.61533, 33.87205], [-115.63607, 33.92026], [-115.66239, 33.96655], [-115.69404, 34.01046], [-115.73071, 34.05159], [-115.77205, 34.08953], [-115.81766, 34.12391], [-115.8671, 34.15441], [-115.9199, 34.18073], [-115.97555, 34.20262], [-116.03351, 34.21987], [-116.09322, 34.23231], [-116.15412, 34.23983], [-116.2156, 34.24234], [-116.27708, 34.23983], [-116.33798, 34.23231], [-116.39769, 34.21987], [-116.45565, 34.20262], [-116.5113, 34.18073], [-116.5641, 34.15441], [-116.61354, 34.12391], [-116.65915, 34.08953], [-116.70049, 34.05159], [-116.73716, 34.01046], [-116.76881, 33.96655], [-116.79513, 33.92026], [-116.81587, 33.87205], [-116.83082, 33.82239], [-116.83985, 33.77174], [-116.84288, 33.7206], [-116.83985, 33.66946], [-116.83082, 33.61881], [-116.81587, 33.56915], [-116.79513, 33.52094], [-116.76881, 33.47465], [-116.73716, 33.43074], [-116.70049, 33.38961], [-116.65915, 33.35167], [-116.61354, 33.31729], [-116.5641, 33.28679], [-116.5113, 33.26047], [-116.45565, 33.23858], [-116.39769, 33.22133], [-116.33798, 33.20889], [-116.27708, 33.20137], [-116.2156, 33.19886], [-116.15412, 33.20137], [-116.09322, 33.20889], [-116.03351, 33.22133], [-115.97555, 33.23858], [-115.9199, 33.26047], [-115.8671, 33.28679], [-115.81766, 33.31729], [-115.77205, 33.35167], [-115.73071, 33.38961], [-115.69404, 33.43074], [-115.66239, 33.47465], [-115.63607, 33.52094], [-115.61533, 33.56915], [-115.60038, 33.61881], [-115.59135, 33.66946], [-115.58832, 33.7206]]]}}, {"type": "Feature", "properties": {"NAME": "Spokane-Spokane Valley, WA", "population_m": 0.6, "type": "Metro Area"}, "geometry": {"type": "Polygon", "coordinates": [[[-116.69442, 47.6588], [-116.69794, 47.7071], [-116.70847, 47.75493], [-116.72592, 47.80184], [-116.75011, 47.84737], [-116.7808, 47.89108], [-116.81771, 47.93256], [-116.86048, 47.9714], [-116.90869, 48.00723], [-116.96189, 48.0397], [-117.01955, 48.06851], [-117.08113, 48.09337], [-117.14604, 48.11404], [-117.21363, 48.13034], [-117.28328, 48.14209], [-117.35429, 48.14918], [-117.426, 48.15155], [-117.49771, 48.14918], [-117.56872, 48.14209], [-117.63837, 48.13034], [-117.70596, 48.11404], [-117.77087, 48.09337], [-117.83245, 48.06851], [-117.89011, 48.0397], [-117.94331, 48.00723], [-117.99152, 47.9714], [-118.03429, 47.93256], [-118.0712, 47.89108], [-118.10189, 47.84737], [-118.12608, 47.80184], [-118.14353, 47.75493], [-118.15406, 47.7071], [-118.15758, 47.6588], [-118.15406, 47.6105], [-118.14353, 47.56267], [-118.12608, 47.51576], [-118.10189, 47.47023], [-118.0712, 47.42652], [-118.03429, 47.38504], [-117.99152, 47.3462], [-117.94331, 47.31037], [-117.89011, 47.2779], [-117.83245, 47.24909], [-117.77087, 47.22423], [-117.70596, 47.20356], [-117.63837, 47.18726], [-117.56872, 47.17551], [-117.49771, 47.16842], [-117.426, 47.16605], [-117.35429, 47.16842], [-117.28328, 47.17551], [-117.21363, 47.18726], [-117.14604, 47.20356], [-117.08113, 47.22423], [-117.01955, 47.24909], [-116.96189, 47.2779], [-116.90869, 47.31037], [-116.86048, 47.3462], [-116.81771, 47.38504], [-116.7808, 47.42652], [-116.75011, 47.47023], [-116.72592, 47.51576], [-116.70847, 47.56267], [-116.69794, 47.6105], [-116.69442, 47.6588]]]}}, {"type": "Feature", "properties": {"NAME": "Syracuse, NY", "population_m": 0.6, "type": "Metro Area"}, "geometry": {"type": "Polygon", "coordinates": [[[-75.51278, 43.0481], [-75.51584, 43.09356], [-75.52497, 43.13858], [-75.54011, 43.18272], [-75.56109, 43.22558], [-75.58772, 43.26672], [-75.61973, 43.30576], [-75.65683, 43.34231], [-75.69866, 43.37603], [-75.7448, 43.4066], [-75.79482, 43.43371], [-75.84824, 43.45711], [-75.90454, 43.47657], [-75.96318, 43.4919], [-76.02359, 43.50296], [-76.0852, 43.50963], [-76.1474, 43.51187], [-76.2096, 43.50963], [-76.27121, 43.50296], [-76.33162, 43.4919], [-76.39026, 43.47657], [-76.44656, 43.45711], [-76.49998, 43.43371], [-76.55, 43.4066], [-76.59614, 43.37603], [-76.63797, 43.34231], [-76.67507, 43.30576], [-76.70708, 43.26672], [-76.73371, 43.22558], [-76.75469, 43.18272], [-76.76983, 43.13858], [-76.77896, 43.09356], [-76.78202, 43.0481], [-76.77896, 43.00264], [-76.76983, 42.95762], [-76.75469, 42.91348], [-76.73371, 42.87062], [-76.70708, 42.82948], [-76.67507, 42.79044], [-76.63797, 42.75389], [-76.59614, 42.72017], [-76.55, 42.6896], [-76.49998, 42.66249], [-76.44656, 42.63909], [-76.39026, 42.61963], [-76.33162, 42.6043], [-76.27121, 42.59324], [-76.2096, 42.58657], [-76.1474, 42.58433], [-76.0852, 42.58657], [-76.02359, 42.59324], [-75.96318, 42.6043], [-75.90454, 42.61963], [-75.84824, 42.63909], [-75.79482, 42.66249], [-75.7448, 42.6896], [-75.69866, 42.72017], [-75.65683, 42.75389], [-75.61973, 42.79044], [-75.58772, 42.82948], [-75.56109, 42.87062], [-75.54011, 42.91348], [-75.52497, 42.95762], [-75.51584, 43.00264], [-75.51278, 43.0481]]]}}, {"type": "Feature", "properties": {"NAME": "Columbia, MO", "population_m": 0.2, "type": "Metro Area"}, "geometry": {"type": "Polygon", "coordinates": [[[-91.81229, 38.9517], [-91.81481, 38.99148], [-91.82232, 39.03087], [-91.83476, 39.0695], [-91.85201, 39.10699], [-91.87391, 39.14299], [-91.90023, 39.17715], [-91.93074, 39.20913], [-91.96513, 39.23864], [-92.00307, 39.26539], [-92.0442, 39.28911], [-92.08812, 39.30958], [-92.13441, 39.32661], [-92.18263, 39.34002], [-92.2323, 39.3497], [-92.28295, 39.35554], [-92.3341, 39.3575], [-92.38525, 39.35554], [-92.4359, 39.3497], [-92.48557, 39.34002], [-92.53379, 39.32661], [-92.58008, 39.30958], [-92.624, 39.28911], [-92.66513, 39.26539], [-92.70307, 39.23864], [-92.73746, 39.20913], [-92.76797, 39.17715], [-92.79429, 39.14299], [-92.81619, 39.10699], [-92.83344, 39.0695], [-92.84588, 39.03087], [-92.85339, 38.99148], [-92.85591, 38.9517], [-92.85339, 38.91192], [-92.84588, 38.87253], [-92.83344, 38.8339], [-92.81619, 38.79641], [-92.79429, 38.76041], [-92.76797, 38.72625], [-92.73746, 38.69427], [-92.70307, 38.66476], [-92.66513, 38.63801], [-92.624, 38.61429], [-92.58008, 38.59382], [-92.53379, 38.57679], [-92.48557, 38.56338], [-92.4359, 38.5537], [-92.38525, 38.54786], [-92.3341, 38.5459], [-92.28295, 38.54786], [-92.2323, 38.5537], [-92.18263, 38.56338], [-92.13441, 38.57679], [-92.08812, 38.59382], [-92.0442, 38.61429], [-92.00307, 38.63801], [-91.96513, 38.66476], [-91.93074, 38.69427], [-91.90023, 38.72625], [-91.87391, 38.76041], [-91.85201, 38.79641], [-91.83476, 38.8339], [-91.82232, 38.87253], [-91.81481, 38.91192], [-91.81229, 38.9517]]]}}, {"type": "Feature", "properties": {"NAME": "Boise City, ID", "population_m": 0.8, "type": "Metro Area"}, "geometry": {"type": "Polygon", "coordinates": [[[-115.40159, 43.615], [-115.40544, 43.67182], [-115.41697, 43.7281], [-115.43606, 43.78328], [-115.46254, 43.83685], [-115.49613, 43.88827], [-115.53653, 43.93707], [-115.58334, 43.98276], [-115.63611, 44.02492], [-115.69433, 44.06312], [-115.75745, 44.09701], [-115.82485, 44.12626], [-115.89588, 44.15058], [-115.96986, 44.16975], [-116.04609, 44.18357], [-116.12382, 44.19192], [-116.2023, 44.19471], [-116.28078, 44.19192], [-116.35851, 44.18357], [-116.43474, 44.16975], [-116.50872, 44.15058], [-116.57975, 44.12626], [-116.64715, 44.09701], [-116.71027, 44.06312], [-116.76849, 44.02492], [-116.82126, 43.98276], [-116.86807, 43.93707], [-116.90847, 43.88827], [-116.94206, 43.83685], [-116.96854, 43.78328], [-116.98763, 43.7281], [-116.99916, 43.67182], [-117.00301, 43.615], [-116.99916, 43.55818], [-116.98763, 43.5019], [-116.96854, 43.44672], [-116.94206, 43.39315], [-116.90847, 43.34173], [-116.86807, 43.29293], [-116.82126, 43.24724], [-116.76849, 43.20508], [-116.71027, 43.16688], [-116.64715, 43.13299], [-116.57975, 43.10374], [-116.50872, 43.07942], [-116.43474, 43.06025], [-116.35851, 43.04643], [-116.28078, 43.03808], [-116.2023, 43.03529], [-116.12382, 43.03808], [-116.04609, 43.04643], [-115.96986, 43.06025], [-115.89588, 43.07942], [-115.82485, 43.10374], [-115.75745, 43.13299], [-115.69433, 43.16688], [-115.63611, 43.20508], [-115.58334, 43.24724], [-115.53653, 43.29293], [-115.49613, 43.34173], [-115.46254, 43.39315], [-115.43606, 43.44672], [-115.41697, 43.5019], [-115.40544, 43.55818], [-115.40159, 43.615]]]}}, {"type": "Feature", "properties": {"NAME": "Provo-Orem, UT", "population_m": 0.7, "type": "Metro Area"}, "geometry": {"type": "Polygon", "coordinates": [[[-111.01304, 40.2338], [-111.01615, 40.2821], [-111.02544, 40.32993], [-111.04083, 40.37684], [-111.06217, 40.42237], [-111.08926, 40.46608], [-111.12182, 40.50756], [-111.15955, 40.5464], [-111.20209, 40.58223], [-111.24902, 40.6147], [-111.2999, 40.64351], [-111.35423, 40.66837], [-111.41149, 40.68904], [-111.47113, 40.70534], [-111.53258, 40.71709], [-111.59523, 40.72418], [-111.6585, 40.72655], [-111.72177, 40.72418], [-111.78442, 40.71709], [-111.84587, 40.70534], [-111.90551, 40.68904], [-111.96277, 40.66837], [-112.0171, 40.64351], [-112.06798, 40.6147], [-112.11491, 40.58223], [-112.15745, 40.5464], [-112.19518, 40.50756], [-112.22774, 40.46608], [-112.25483, 40.42237], [-112.27617, 40.37684], [-112.29156, 40.32993], [-112.30085, 40.2821], [-112.30396, 40.2338], [-112.30085, 40.1855], [-112.29156, 40.13767], [-112.27617, 40.09076], [-112.25483, 40.04523], [-112.22774, 40.00152], [-112.19518, 39.96004], [-112.15745, 39.9212], [-112.11491, 39.88537], [-112.06798, 39.8529], [-112.0171, 39.82409], [-111.96277, 39.79923], [-111.90551, 39.77856], [-111.84587, 39.76226], [-111.78442, 39.75051], [-111.72177, 39.74342], [-111.6585, 39.74105], [-111.59523, 39.74342], [-111.53258, 39.75051], [-111.47113, 39.76226], [-111.41149, 39.77856], [-111.35423, 39.79923], [-111.2999, 39.82409], [-111.24902, 39.8529], [-111.20209, 39.88537], [-111.15955, 39.9212], [-111.12182, 39.96004], [-111.08926, 40.00152], [-111.06217, 40.04523], [-111.04083, 40.09076], [-111.02544, 40.13767], [-111.01615, 40.1855], [-111.01304, 40.2338]]]}}, {"type": "Feature", "properties": {"NAME": "Murfreesboro-Columbia, TN", "population_m": 0.4, "type": "Metro Area"}, "geometry": {"type": "Polygon", "coordinates": [[[-85.78241, 35.8456], [-85.78534, 35.8939], [-85.79409, 35.94173], [-85.80859, 35.98864], [-85.82868, 36.03417], [-85.85419, 36.07788], [-85.88486, 36.11936], [-85.9204, 36.1582], [-85.96046, 36.19403], [-86.00466, 36.2265], [-86.05257, 36.25531], [-86.10374, 36.28017], [-86.15767, 36.30084], [-86.21384, 36.31714], [-86.27171, 36.32889], [-86.33072, 36.33598], [-86.3903, 36.33835], [-86.44988, 36.33598], [-86.50889, 36.32889], [-86.56676, 36.31714], [-86.62293, 36.30084], [-86.67686, 36.28017], [-86.72803, 36.25531], [-86.77594, 36.2265], [-86.82014, 36.19403], [-86.8602, 36.1582], [-86.89574, 36.11936], [-86.92641, 36.07788], [-86.95192, 36.03417], [-86.97201, 35.98864], [-86.98651, 35.94173], [-86.99526, 35.8939], [-86.99819, 35.8456], [-86.99526, 35.7973], [-86.98651, 35.74947], [-86.97201, 35.70256], [-86.95192, 35.65703], [-86.92641, 35.61332], [-86.89574, 35.57184], [-86.8602, 35.533], [-86.82014, 35.49717], [-86.77594, 35.4647], [-86.72803, 35.43589], [-86.67686, 35.41103], [-86.62293, 35.39036], [-86.56676, 35.37406], [-86.50889, 35.36231], [-86.44988, 35.35522], [-86.3903, 35.35285], [-86.33072, 35.35522], [-86.27171, 35.36231], [-86.21384, 35.37406], [-86.15767, 35.39036], [-86.10374, 35.41103], [-86.05257, 35.43589], [-86.00466, 35.4647], [-85.96046, 35.49717], [-85.9204, 35.533], [-85.88486, 35.57184], [-85.85419, 35.61332], [-85.82868, 35.65703], [-85.80859, 35.70256], [-85.79409, 35.74947], [-85.78534, 35.7973], [-85.78241, 35.8456]]]}}, {"type": "Feature", "properties": {"NAME": "Deltona-Daytona Beach, FL", "population_m": 0.7, "type": "Metro Area"}, "geometry": {"type": "Polygon", "coordinates": [[[-80.37687, 29.0583], [-80.3799, 29.11228], [-80.38898, 29.16574], [-80.404, 29.21817], [-80.42483, 29.26905], [-80.45126, 29.31791], [-80.48305, 29.36427], [-80.51988, 29.40768], [-80.5614, 29.44772], [-80.60721, 29.48402], [-80.65687, 29.51621], [-80.70991, 29.544], [-80.7658, 29.5671], [-80.82401, 29.58531], [-80.88399, 29.59844], [-80.94515, 29.60637], [-81.0069, 29.60902], [-81.06865, 29.60637], [-81.12981, 29.59844], [-81.18979, 29.58531], [-81.248, 29.5671], [-81.30389, 29.544], [-81.35693, 29.51621], [-81.40659, 29.48402], [-81.4524, 29.44772], [-81.49392, 29.40768], [-81.53075, 29.36427], [-81.56254, 29.31791], [-81.58897, 29.26905], [-81.6098, 29.21817], [-81.62482, 29.16574], [-81.6339, 29.11228], [-81.63693, 29.0583], [-81.6339, 29.00432], [-81.62482, 28.95086], [-81.6098, 28.89843], [-81.58897, 28.84755], [-81.56254, 28.79869], [-81.53075, 28.75233], [-81.49392, 28.70892], [-81.4524, 28.66888], [-81.40659, 28.63258], [-81.35693, 28.60039], [-81.30389, 28.5726], [-81.248, 28.5495], [-81.18979, 28.53129], [-81.12981, 28.51816], [-81.06865, 28.51023], [-81.0069, 28.50758], [-80.94515, 28.51023], [-80.88399, 28.51816], [-80.82401, 28.53129], [-80.7658, 28.5495], [-80.70991, 28.5726], [-80.65687, 28.60039], [-80.60721, 28.63258], [-80.5614, 28.66888], [-80.51988, 28.70892], [-80.48305, 28.75233], [-80.45126, 28.79869], [-80.42483, 28.84755], [-80.404, 28.89843], [-80.38898, 28.95086], [-80.3799, 29.00432], [-80.37687, 29.0583]]]}}, {"type": "Feature", "properties": {"NAME": "Chattanooga, TN-GA", "population_m": 0.6, "type": "Metro Area"}, "geometry": {"type": "Polygon", "coordinates": [[[-84.67242, 35.0456], [-84.67549, 35.09674], [-84.68466, 35.14739], [-84.69986, 35.19705], [-84.72093, 35.24526], [-84.74767, 35.29155], [-84.77982, 35.33546], [-84.81707, 35.37659], [-84.85907, 35.41453], [-84.90541, 35.44891], [-84.95565, 35.47941], [-85.00929, 35.50573], [-85.06582, 35.52762], [-85.12471, 35.54487], [-85.18537, 35.55731], [-85.24724, 35.56483], [-85.3097, 35.56734], [-85.37216, 35.56483], [-85.43403, 35.55731], [-85.49469, 35.54487], [-85.55358, 35.52762], [-85.61011, 35.50573], [-85.66375, 35.47941], [-85.71399, 35.44891], [-85.76033, 35.41453], [-85.80233, 35.37659], [-85.83958, 35.33546], [-85.87173, 35.29155], [-85.89847, 35.24526], [-85.91954, 35.19705], [-85.93474, 35.14739], [-85.94391, 35.09674], [-85.94698, 35.0456], [-85.94391, 34.99446], [-85.93474, 34.94381], [-85.91954, 34.89415], [-85.89847, 34.84594], [-85.87173, 34.79965], [-85.83958, 34.75574], [-85.80233, 34.71461], [-85.76033, 34.67667], [-85.71399, 34.64229], [-85.66375, 34.61179], [-85.61011, 34.58547], [-85.55358, 34.56358], [-85.49469, 34.54633], [-85.43403, 34.53389], [-85.37216, 34.52637], [-85.3097, 34.52386], [-85.24724, 34.52637], [-85.18537, 34.53389], [-85.12471, 34.54633], [-85.06582, 34.56358], [-85.00929, 34.58547], [-84.95565, 34.61179], [-84.90541, 34.64229], [-84.85907, 34.67667], [-84.81707, 34.71461], [-84.77982, 34.75574], [-84.74767, 34.79965], [-84.72093, 34.84594], [-84.69986, 34.89415], [-84.68466, 34.94381], [-84.67549, 34.99446], [-84.67242, 35.0456]]]}}, {"type": "Feature", "properties": {"NAME": "Madison, WI", "population_m": 0.7, "type": "Metro Area"}, "geometry": {"type": "Polygon", "coordinates": [[[-88.72664, 43.0731], [-88.72989, 43.1214], [-88.7396, 43.16923], [-88.75569, 43.21614], [-88.77799, 43.26167], [-88.80629, 43.30538], [-88.84032, 43.34686], [-88.87976, 43.3857], [-88.92421, 43.42153], [-88.97326, 43.454], [-89.02644, 43.48281], [-89.08322, 43.50767], [-89.14306, 43.52834], [-89.20539, 43.54464], [-89.2696, 43.55639], [-89.33508, 43.56348], [-89.4012, 43.56585], [-89.46732, 43.56348], [-89.5328, 43.55639], [-89.59701, 43.54464], [-89.65934, 43.52834], [-89.71918, 43.50767], [-89.77596, 43.48281], [-89.82914, 43.454], [-89.87819, 43.42153], [-89.92264, 43.3857], [-89.96208, 43.34686], [-89.99611, 43.30538], [-90.02441, 43.26167], [-90.04671, 43.21614], [-90.0628, 43.16923], [-90.07251, 43.1214], [-90.07576, 43.0731], [-90.07251, 43.0248], [-90.0628, 42.97697], [-90.04671, 42.93006], [-90.02441, 42.88453], [-89.99611, 42.84082], [-89.96208, 42.79934], [-89.92264, 42.7605], [-89.87819, 42.72467], [-89.82914, 42.6922], [-89.77596, 42.66339], [-89.71918, 42.63853], [-89.65934, 42.61786], [-89.59701, 42.60156], [-89.5328, 42.58981], [-89.46732, 42.58272], [-89.4012, 42.58035], [-89.33508, 42.58272], [-89.2696, 42.58981], [-89.20539, 42.60156], [-89.14306, 42.61786], [-89.08322, 42.63853], [-89.02644, 42.66339], [-88.97326, 42.6922], [-88.92421, 42.72467], [-88.87976, 42.7605], [-88.84032, 42.79934], [-88.80629, 42.84082], [-88.77799, 42.88453], [-88.75569, 42.93006], [-88.7396, 42.97697], [-88.72989, 43.0248], [-88.72664, 43.0731]]]}}, {"type": "Feature", "properties": {"NAME": "Des Moines-West Des Moines, IA", "population_m": 0.7, "type": "Metro Area"}, "geometry": {"type": "Polygon", "coordinates": [[[-92.88869, 41.5868], [-92.89223, 41.64078], [-92.90284, 41.69424], [-92.92039, 41.74667], [-92.94474, 41.79755], [-92.97563, 41.84641], [-93.01278, 41.89277], [-93.05582, 41.93618], [-93.10435, 41.97622], [-93.15789, 42.01252], [-93.21593, 42.04471], [-93.27791, 42.0725], [-93.34323, 42.0956], [-93.41126, 42.11381], [-93.48135, 42.12694], [-93.55283, 42.13487], [-93.625, 42.13752], [-93.69717, 42.13487], [-93.76865, 42.12694], [-93.83874, 42.11381], [-93.90677, 42.0956], [-93.97209, 42.0725], [-94.03407, 42.04471], [-94.09211, 42.01252], [-94.14565, 41.97622], [-94.19418, 41.93618], [-94.23722, 41.89277], [-94.27437, 41.84641], [-94.30526, 41.79755], [-94.32961, 41.74667], [-94.34716, 41.69424], [-94.35777, 41.64078], [-94.36131, 41.5868], [-94.35777, 41.53282], [-94.34716, 41.47936], [-94.32961, 41.42693], [-94.30526, 41.37605], [-94.27437, 41.32719], [-94.23722, 41.28083], [-94.19418, 41.23742], [-94.14565, 41.19738], [-94.09211, 41.16108], [-94.03407, 41.12889], [-93.97209, 41.1011], [-93.90677, 41.078], [-93.83874, 41.05979], [-93.76865, 41.04666], [-93.69717, 41.03873], [-93.625, 41.03608], [-93.55283, 41.03873], [-93.48135, 41.04666], [-93.41126, 41.05979], [-93.34323, 41.078], [-93.27791, 41.1011], [-93.21593, 41.12889], [-93.15789, 41.16108], [-93.10435, 41.19738], [-93.05582, 41.23742], [-93.01278, 41.28083], [-92.97563, 41.32719], [-92.94474, 41.37605], [-92.92039, 41.42693], [-92.90284, 41.47936], [-92.89223, 41.53282], [-92.88869, 41.5868]]]}}, {"type": "Feature", "properties": {"NAME": "Wichita, KS", "population_m": 0.6, "type": "Metro Area"}, "geometry": {"type": "Polygon", "coordinates": [[[-96.63418, 37.6872], [-96.63753, 37.74118], [-96.64755, 37.79464], [-96.66414, 37.84707], [-96.68715, 37.89795], [-96.71635, 37.94681], [-96.75146, 37.99317], [-96.79215, 38.03658], [-96.83801, 38.07662], [-96.88861, 38.11292], [-96.94347, 38.14511], [-97.00204, 38.1729], [-97.06378, 38.196], [-97.12808, 38.21421], [-97.19433, 38.22734], [-97.26189, 38.23527], [-97.3301, 38.23792], [-97.39831, 38.23527], [-97.46587, 38.22734], [-97.53212, 38.21421], [-97.59642, 38.196], [-97.65816, 38.1729], [-97.71673, 38.14511], [-97.77159, 38.11292], [-97.82219, 38.07662], [-97.86805, 38.03658], [-97.90874, 37.99317], [-97.94385, 37.94681], [-97.97305, 37.89795], [-97.99606, 37.84707], [-98.01265, 37.79464], [-98.02267, 37.74118], [-98.02602, 37.6872], [-98.02267, 37.63322], [-98.01265, 37.57976], [-97.99606, 37.52733], [-97.97305, 37.47645], [-97.94385, 37.42759], [-97.90874, 37.38123], [-97.86805, 37.33782], [-97.82219, 37.29778], [-97.77159, 37.26148], [-97.71673, 37.22929], [-97.65816, 37.2015], [-97.59642, 37.1784], [-97.53212, 37.16019], [-97.46587, 37.14706], [-97.39831, 37.13913], [-97.3301, 37.13648], [-97.26189, 37.13913], [-97.19433, 37.14706], [-97.12808, 37.16019], [-97.06378, 37.1784], [-97.00204, 37.2015], [-96.94347, 37.22929], [-96.88861, 37.26148], [-96.83801, 37.29778], [-96.79215, 37.33782], [-96.75146, 37.38123], [-96.71635, 37.42759], [-96.68715, 37.47645], [-96.66414, 37.52733], [-96.64755, 37.57976], [-96.63753, 37.63322], [-96.63418, 37.6872]]]}}, {"type": "Feature", "properties": {"NAME": "Augusta-Richmond County, GA-SC", "population_m": 0.6, "type": "Metro Area"}, "geometry": {"type": "Polygon", "coordinates": [[[-81.38502, 33.4735], [-81.38803, 33.52464], [-81.39704, 33.57529], [-81.41195, 33.62495], [-81.43263, 33.67316], [-81.45888, 33.71945], [-81.49043, 33.76336], [-81.527, 33.80449], [-81.56822, 33.84243], [-81.6137, 33.87681], [-81.663, 33.90731], [-81.71565, 33.93363], [-81.77114, 33.95552], [-81.82893, 33.97277], [-81.88847, 33.98521], [-81.94919, 33.99273], [-82.0105, 33.99524], [-82.07181, 33.99273], [-82.13253, 33.98521], [-82.19207, 33.97277], [-82.24986, 33.95552], [-82.30535, 33.93363], [-82.358, 33.90731], [-82.4073, 33.87681], [-82.45278, 33.84243], [-82.494, 33.80449], [-82.53057, 33.76336], [-82.56212, 33.71945], [-82.58837, 33.67316], [-82.60905, 33.62495], [-82.62396, 33.57529], [-82.63297, 33.52464], [-82.63598, 33.4735], [-82.63297, 33.42236], [-82.62396, 33.37171], [-82.60905, 33.32205], [-82.58837, 33.27384], [-82.56212, 33.22755], [-82.53057, 33.18364], [-82.494, 33.14251], [-82.45278, 33.10457], [-82.4073, 33.07019], [-82.358, 33.03969], [-82.30535, 33.01337], [-82.24986, 32.99148], [-82.19207, 32.97423], [-82.13253, 32.96179], [-82.07181, 32.95427], [-82.0105, 32.95176], [-81.94919, 32.95427], [-81.88847, 32.96179], [-81.82893, 32.97423], [-81.77114, 32.99148], [-81.71565, 33.01337], [-81.663, 33.03969], [-81.6137, 33.07019], [-81.56822, 33.10457], [-81.527, 33.14251], [-81.49043, 33.18364], [-81.45888, 33.22755], [-81.43263, 33.27384], [-81.41195, 33.32205], [-81.39704, 33.37171], [-81.38803, 33.42236], [-81.38502, 33.4735]]]}}, {"type": "Feature", "properties": {"NAME": "Colorado Springs, CO", "population_m": 0.8, "type": "Metro Area"}, "geometry": {"type": "Polygon", "coordinates": [[[-104.15162, 38.8339], [-104.15484, 38.88504], [-104.16449, 38.93569], [-104.18046, 38.98535], [-104.2026, 39.03356], [-104.2307, 39.07985], [-104.2645, 39.12376], [-104.30365, 39.16489], [-104.34779, 39.20283], [-104.39649, 39.23721], [-104.44929, 39.26771], [-104.50567, 39.29403], [-104.56509, 39.31592], [-104.62697, 39.33317], [-104.69073, 39.34561], [-104.75575, 39.35313], [-104.8214, 39.35564], [-104.88705, 39.35313], [-104.95207, 39.34561], [-105.01583, 39.33317], [-105.07771, 39.31592], [-105.13713, 39.29403], [-105.19351, 39.26771], [-105.24631, 39.23721], [-105.29501, 39.20283], [-105.33915, 39.16489], [-105.3783, 39.12376], [-105.4121, 39.07985], [-105.4402, 39.03356], [-105.46234, 38.98535], [-105.47831, 38.93569], [-105.48796, 38.88504], [-105.49118, 38.8339], [-105.48796, 38.78276], [-105.47831, 38.73211], [-105.46234, 38.68245], [-105.4402, 38.63424], [-105.4121, 38.58795], [-105.3783, 38.54404], [-105.33915, 38.50291], [-105.29501, 38.46497], [-105.24631, 38.43059], [-105.19351, 38.40009], [-105.13713, 38.37377], [-105.07771, 38.35188], [-105.01583, 38.33463], [-104.95207, 38.32219], [-104.88705, 38.31467], [-104.8214, 38.31216], [-104.75575, 38.31467], [-104.69073, 38.32219], [-104.62697, 38.33463], [-104.56509, 38.35188], [-104.50567, 38.37377], [-104.44929, 38.40009], [-104.39649, 38.43059], [-104.34779, 38.46497], [-104.30365, 38.50291], [-104.2645, 38.54404], [-104.2307, 38.58795], [-104.2026, 38.63424], [-104.18046, 38.68245], [-104.16449, 38.73211], [-104.15484, 38.78276], [-104.15162, 38.8339]]]}}]}